,mean_fit_time,std_fit_time,mean_score_time,std_score_time,param_model__batch_size,param_model__callbacks__early_stopping__patience,param_model__lr,param_model__max_epochs,param_model__module__d_model,param_model__module__dim_feedforward,param_model__module__dropout,param_model__module__nhead,param_model__module__num_layers,param_model__module__patch_size,param_model__optimizer__weight_decay,params,split0_test_score,split1_test_score,split2_test_score,split3_test_score,split4_test_score,mean_test_score,std_test_score,rank_test_score,split0_train_score,split1_train_score,split2_train_score,split3_train_score,split4_train_score,mean_train_score,std_train_score
0,9.330556774139405,1.6191875549985526,0.03328719139099121,0.0091379566330493,64,10,3e-05,500,96,128,0.1,4,2,16,0.0001,"{'model__batch_size': 64, 'model__callbacks__early_stopping__patience': 10, 'model__lr': 3e-05, 'model__max_epochs': 500, 'model__module__d_model': 96, 'model__module__dim_feedforward': 128, 'model__module__dropout': 0.1, 'model__module__nhead': 4, 'model__module__num_layers': 2, 'model__module__patch_size': 16, 'model__optimizer__weight_decay': 0.0001}",0.7619047619047619,0.8706594456833386,0.8898026315789473,0.9339901477832513,0.8035252643948296,0.8519764502690258,0.06158984875367394,97,0.8912778904665315,0.9006584766584766,0.879733056623736,0.8938813813813814,0.901328877218111,0.8933759364696474,0.007836709771714764
1,7.826317167282104,1.0501398367972263,0.026692914962768554,0.0018722879186360683,64,10,3e-05,500,96,128,0.1,4,2,32,0.0001,"{'model__batch_size': 64, 'model__callbacks__early_stopping__patience': 10, 'model__lr': 3e-05, 'model__max_epochs': 500, 'model__module__d_model': 96, 'model__module__dim_feedforward': 128, 'model__module__dropout': 0.1, 'model__module__nhead': 4, 'model__module__num_layers': 2, 'model__module__patch_size': 32, 'model__optimizer__weight_decay': 0.0001}",0.790610718737017,0.888030888030888,0.8693229311786013,0.9097035040431267,0.7216117216117216,0.8358559527202709,0.0698492647033056,206,0.8903183330664246,0.901740060270244,0.8959682642487047,0.8885831149982093,0.9119318181818181,0.8977083181530802,0.00847905534072765
2,11.24557285308838,1.7825377182940794,0.02738785743713379,0.0020569136137612515,64,10,3e-05,500,96,128,0.1,4,3,16,0.0001,"{'model__batch_size': 64, 'model__callbacks__early_stopping__patience': 10, 'model__lr': 3e-05, 'model__max_epochs': 500, 'model__module__d_model': 96, 'model__module__dim_feedforward': 128, 'model__module__dropout': 0.1, 'model__module__nhead': 4, 'model__module__num_layers': 3, 'model__module__patch_size': 16, 'model__optimizer__weight_decay': 0.0001}",0.8095238095238095,0.9056910569105692,0.9121426698137949,0.9141025641025642,0.8035252643948296,0.8689970729491137,0.051119708719419725,6,0.8870389884088514,0.9074102722772277,0.9149710504549214,0.8964604316546763,0.8844361602982292,0.8980633806187812,0.011687955215583374
3,7.332596397399902,1.226582304273492,0.025497055053710936,0.003548384661444653,64,10,3e-05,500,96,128,0.1,4,3,32,0.0001,"{'model__batch_size': 64, 'model__callbacks__early_stopping__patience': 10, 'model__lr': 3e-05, 'model__max_epochs': 500, 'model__module__d_model': 96, 'model__module__dim_feedforward': 128, 'model__module__dropout': 0.1, 'model__module__nhead': 4, 'model__module__num_layers': 3, 'model__module__patch_size': 32, 'model__optimizer__weight_decay': 0.0001}",0.837141670128791,0.8706594456833386,0.7796052631578947,0.9045584045584045,0.7816091954022988,0.8347147957861456,0.0490577264868078,215,0.8743145743145744,0.9064039408866995,0.8764423076923077,0.8778354533873329,0.8992708353480456,0.8868534223257919,0.013291747088329685
4,9.422948408126832,1.8987614605878411,0.024982309341430663,0.0033756387760212974,64,10,3e-05,500,96,128,0.25,4,2,16,0.0001,"{'model__batch_size': 64, 'model__callbacks__early_stopping__patience': 10, 'model__lr': 3e-05, 'model__max_epochs': 500, 'model__module__d_model': 96, 'model__module__dim_feedforward': 128, 'model__module__dropout': 0.25, 'model__module__nhead': 4, 'model__module__num_layers': 2, 'model__module__patch_size': 16, 'model__optimizer__weight_decay': 0.0001}",0.790610718737017,0.888030888030888,0.8930851063829788,0.8899835796387521,0.8180076628352491,0.8559435911249771,0.04307046892261854,62,0.9041967541288338,0.8983732480746416,0.8901910516999328,0.8964604316546763,0.9119318181818181,0.9002306607479806,0.007363495652063903
5,8.157974195480346,1.2770992550665894,0.024459123611450195,0.002646319218758143,64,10,3e-05,500,96,128,0.25,4,2,32,0.0001,"{'model__batch_size': 64, 'model__callbacks__early_stopping__patience': 10, 'model__lr': 3e-05, 'model__max_epochs': 500, 'model__module__d_model': 96, 'model__module__dim_feedforward': 128, 'model__module__dropout': 0.25, 'model__module__nhead': 4, 'model__module__num_layers': 2, 'model__module__patch_size': 32, 'model__optimizer__weight_decay': 0.0001}",0.7440797673452431,0.8706594456833386,0.8163377192982456,0.9045584045584045,0.7958485958485959,0.8262967865467654,0.05635395276837932,249,0.9007319869477026,0.877841561423651,0.8855650906735751,0.8832348932303498,0.9074172315551625,0.8909581527660881,0.01120007084110833
6,9.466230821609496,2.048444394725597,0.02735438346862793,0.003324014741358147,64,10,3e-05,500,96,128,0.25,4,3,16,0.0001,"{'model__batch_size': 64, 'model__callbacks__early_stopping__patience': 10, 'model__lr': 3e-05, 'model__max_epochs': 500, 'model__module__d_model': 96, 'model__module__dim_feedforward': 128, 'model__module__dropout': 0.25, 'model__module__nhead': 4, 'model__module__num_layers': 3, 'model__module__patch_size': 16, 'model__optimizer__weight_decay': 0.0001}",0.8291938997821351,0.9056910569105692,0.8530701754385965,0.8899835796387521,0.7816091954022988,0.8519095814344702,0.04427543312332667,98,0.8818237939853603,0.901740060270244,0.8855650906735751,0.886599520383693,0.8940664802733769,0.8899589891172498,0.007105475278242343
7,7.909410381317139,1.1521022151298221,0.026593780517578124,0.0031675821629864056,64,10,3e-05,500,96,128,0.25,4,3,32,0.0001,"{'model__batch_size': 64, 'model__callbacks__early_stopping__patience': 10, 'model__lr': 3e-05, 'model__max_epochs': 500, 'model__module__d_model': 96, 'model__module__dim_feedforward': 128, 'model__module__dropout': 0.25, 'model__module__nhead': 4, 'model__module__num_layers': 3, 'model__module__patch_size': 32, 'model__optimizer__weight_decay': 0.0001}",0.837141670128791,0.8535353535353536,0.8769997377393128,0.9304257528556594,0.7726819541375873,0.8541568936793407,0.051510783963677885,82,0.8850361049546007,0.9224263633712453,0.8970352564102564,0.8660661107802263,0.8940664802733769,0.892926063157941,0.018287494170829918
8,8.853740549087524,1.589702695783995,0.027590227127075196,0.002600926449347071,64,10,3e-05,500,96,256,0.1,4,2,16,0.0001,"{'model__batch_size': 64, 'model__callbacks__early_stopping__patience': 10, 'model__lr': 3e-05, 'model__max_epochs': 500, 'model__module__d_model': 96, 'model__module__dim_feedforward': 256, 'model__module__dropout': 0.1, 'model__module__nhead': 4, 'model__module__num_layers': 2, 'model__module__patch_size': 16, 'model__optimizer__weight_decay': 0.0001}",0.8095238095238095,0.888030888030888,0.8574468085106384,0.9097035040431267,0.7894736842105263,0.8508357388637979,0.04552927936550136,116,0.8893257922614238,0.9042782886845262,0.8913319238900634,0.8973817808453597,0.9058635500948956,0.8976362671552538,0.0066434649816566665
9,7.179642295837402,1.1528525952192992,0.0243227481842041,0.003144388703308098,64,10,3e-05,500,96,256,0.1,4,2,32,0.0001,"{'model__batch_size': 64, 'model__callbacks__early_stopping__patience': 10, 'model__lr': 3e-05, 'model__max_epochs': 500, 'model__module__d_model': 96, 'model__module__dim_feedforward': 256, 'model__module__dropout': 0.1, 'model__module__nhead': 4, 'model__module__num_layers': 2, 'model__module__patch_size': 32, 'model__optimizer__weight_decay': 0.0001}",0.790610718737017,0.888030888030888,0.8734143049932523,0.9045584045584045,0.7726819541375873,0.8458592540914298,0.053648179264934356,152,0.8818237939853603,0.9215724815724815,0.8809825833081647,0.8778354533873329,0.8905077262693157,0.890544407704531,0.01607319397472229
10,8.801842975616456,1.4864397539552188,0.02607583999633789,0.0034100470601661,64,10,3e-05,500,96,256,0.1,4,3,16,0.0001,"{'model__batch_size': 64, 'model__callbacks__early_stopping__patience': 10, 'model__lr': 3e-05, 'model__max_epochs': 500, 'model__module__d_model': 96, 'model__module__dim_feedforward': 256, 'model__module__dropout': 0.1, 'model__module__nhead': 4, 'model__module__num_layers': 3, 'model__module__patch_size': 16, 'model__optimizer__weight_decay': 0.0001}",0.790610718737017,0.9236842105263158,0.8959627329192547,0.9339901477832513,0.7543859649122806,0.8597267549756239,0.07320158775034291,37,0.8700781039590627,0.9042782886845262,0.8867387820512821,0.8799177646948884,0.8984854686860417,0.8878996816151602,0.012353015608462381
11,6.410763692855835,0.9221298274669979,0.02531733512878418,0.0037702412436617437,64,10,3e-05,500,96,256,0.1,4,3,32,0.0001,"{'model__batch_size': 64, 'model__callbacks__early_stopping__patience': 10, 'model__lr': 3e-05, 'model__max_epochs': 500, 'model__module__d_model': 96, 'model__module__dim_feedforward': 256, 'model__module__dropout': 0.1, 'model__module__nhead': 4, 'model__module__num_layers': 3, 'model__module__patch_size': 32, 'model__optimizer__weight_decay': 0.0001}",0.7723577235772358,0.9056910569105692,0.8010796221322537,0.9097035040431267,0.7413206262763785,0.8260305065879129,0.06931962474577316,250,0.8989496364126044,0.9168035030103996,0.8970352564102564,0.878894690215445,0.8869902027796764,0.8957346577656763,0.012774771110087322
12,8.978434419631958,1.2005680460487331,0.030107593536376952,0.010903919629148585,64,10,3e-05,500,96,256,0.25,4,2,16,0.0001,"{'model__batch_size': 64, 'model__callbacks__early_stopping__patience': 10, 'model__lr': 3e-05, 'model__max_epochs': 500, 'model__module__d_model': 96, 'model__module__dim_feedforward': 256, 'model__module__dropout': 0.25, 'model__module__nhead': 4, 'model__module__num_layers': 2, 'model__module__patch_size': 16, 'model__optimizer__weight_decay': 0.0001}",0.8291938997821351,0.888030888030888,0.9121426698137949,0.8711538461538462,0.8544061302681992,0.8709854868097727,0.028305121692391053,3,0.8973251602117581,0.8913969087197433,0.8809825833081647,0.8811285846438484,0.8870025158977,0.887567150556243,0.0062452585083144045
13,7.399282932281494,1.391428967229608,0.02611203193664551,0.0033842943679796298,64,10,3e-05,500,96,256,0.25,4,2,32,0.0001,"{'model__batch_size': 64, 'model__callbacks__early_stopping__patience': 10, 'model__lr': 3e-05, 'model__max_epochs': 500, 'model__module__d_model': 96, 'model__module__dim_feedforward': 256, 'model__module__dropout': 0.25, 'model__module__nhead': 4, 'model__module__num_layers': 2, 'model__module__patch_size': 32, 'model__optimizer__weight_decay': 0.0001}",0.7619047619047619,0.8706594456833386,0.8734143049932523,0.884042921426099,0.7958485958485959,0.8371740059712096,0.04899913837196725,201,0.8818237939853603,0.9074102722772277,0.879733056623736,0.8735044676662123,0.9036968002485244,0.889233678160212,0.013653913212444121
14,9.38111925125122,1.789893122957494,0.028900861740112305,0.0029138409334855176,64,10,3e-05,500,96,256,0.25,4,3,16,0.0001,"{'model__batch_size': 64, 'model__callbacks__early_stopping__patience': 10, 'model__lr': 3e-05, 'model__max_epochs': 500, 'model__module__d_model': 96, 'model__module__dim_feedforward': 256, 'model__module__dropout': 0.25, 'model__module__nhead': 4, 'model__module__num_layers': 3, 'model__module__patch_size': 16, 'model__optimizer__weight_decay': 0.0001}",0.8291938997821351,0.9236842105263158,0.8801431127012522,0.9141025641025642,0.7625,0.8619247574224534,0.05970804544964476,30,0.8797019481102433,0.8948450347881087,0.8924321846411416,0.8895243435192972,0.8984854686860417,0.8909977959489666,0.006366964756950842
15,7.3916465759277346,1.6456295245015675,0.026515626907348634,0.0031138967650182394,64,10,3e-05,500,96,256,0.25,4,3,32,0.0001,"{'model__batch_size': 64, 'model__callbacks__early_stopping__patience': 10, 'model__lr': 3e-05, 'model__max_epochs': 500, 'model__module__d_model': 96, 'model__module__dim_feedforward': 256, 'model__module__dropout': 0.25, 'model__module__nhead': 4, 'model__module__num_layers': 3, 'model__module__patch_size': 32, 'model__optimizer__weight_decay': 0.0001}",0.837141670128791,0.9056910569105692,0.8734143049932523,0.8645552560646901,0.8035252643948296,0.8568655104984264,0.03449968261265396,52,0.8670634920634921,0.9176980198019802,0.8867387820512821,0.8637740421020748,0.9095498608311738,0.8889648393700005,0.021764831165501493
16,8.234337568283081,1.2198037232949719,0.024377965927124025,0.0039748343943103006,64,10,3e-05,500,96,384,0.1,4,2,16,0.0001,"{'model__batch_size': 64, 'model__callbacks__early_stopping__patience': 10, 'model__lr': 3e-05, 'model__max_epochs': 500, 'model__module__d_model': 96, 'model__module__dim_feedforward': 384, 'model__module__dropout': 0.1, 'model__module__nhead': 4, 'model__module__num_layers': 2, 'model__module__patch_size': 16, 'model__optimizer__weight_decay': 0.0001}",0.790610718737017,0.8535353535353536,0.9095816464237516,0.9097035040431267,0.8035252643948296,0.8533912974268159,0.05051032171255909,87,0.8870389884088514,0.9027833881547309,0.8970352564102564,0.8778354533873329,0.8853179190751446,0.8900022010872632,0.008849581763792046
17,6.817640161514282,0.8730717357768435,0.023837995529174805,0.003993000309277123,64,10,3e-05,500,96,384,0.1,4,2,32,0.0001,"{'model__batch_size': 64, 'model__callbacks__early_stopping__patience': 10, 'model__lr': 3e-05, 'model__max_epochs': 500, 'model__module__d_model': 96, 'model__module__dim_feedforward': 384, 'model__module__dropout': 0.1, 'model__module__nhead': 4, 'model__module__num_layers': 2, 'model__module__patch_size': 32, 'model__optimizer__weight_decay': 0.0001}",0.837141670128791,0.888030888030888,0.8218085106382979,0.8645552560646901,0.7452107279693487,0.8313494105664031,0.048702915199493525,233,0.8860544217687075,0.9149140343862454,0.8751619170984456,0.8799177646948884,0.9217171717171717,0.8955530619330918,0.01902573713416699
18,9.151831102371215,1.5110428506615665,0.026646947860717772,0.004272661357674699,64,10,3e-05,500,96,384,0.1,4,3,16,0.0001,"{'model__batch_size': 64, 'model__callbacks__early_stopping__patience': 10, 'model__lr': 3e-05, 'model__max_epochs': 500, 'model__module__d_model': 96, 'model__module__dim_feedforward': 384, 'model__module__dropout': 0.1, 'model__module__nhead': 4, 'model__module__num_layers': 3, 'model__module__patch_size': 16, 'model__optimizer__weight_decay': 0.0001}",0.8095238095238095,0.9056910569105692,0.8418568056648308,0.9097035040431267,0.7285714285714285,0.839069320942753,0.0671090680313921,191,0.8807807968113313,0.9149140343862454,0.8738340697103584,0.8723834988540871,0.8964076858813701,0.8876640171286784,0.016069571183234817
19,6.28129620552063,0.9576819457963305,0.025432443618774413,0.0045000967997679015,64,10,3e-05,500,96,384,0.1,4,3,32,0.0001,"{'model__batch_size': 64, 'model__callbacks__early_stopping__patience': 10, 'model__lr': 3e-05, 'model__max_epochs': 500, 'model__module__d_model': 96, 'model__module__dim_feedforward': 384, 'model__module__dropout': 0.1, 'model__module__nhead': 4, 'model__module__num_layers': 3, 'model__module__patch_size': 32, 'model__optimizer__weight_decay': 0.0001}",0.7723577235772358,0.9236842105263158,0.8734143049932523,0.9097035040431267,0.7285714285714285,0.8415462343422717,0.07740541483971881,180,0.8903183330664246,0.9272030651340997,0.8668776978417266,0.8799177646948884,0.8992708353480456,0.8927175392170369,0.020344458745463232
20,8.396981859207154,1.0523140951434513,0.02524876594543457,0.0040126193000311425,64,10,3e-05,500,96,384,0.25,4,2,16,0.0001,"{'model__batch_size': 64, 'model__callbacks__early_stopping__patience': 10, 'model__lr': 3e-05, 'model__max_epochs': 500, 'model__module__d_model': 96, 'model__module__dim_feedforward': 384, 'model__module__dropout': 0.25, 'model__module__nhead': 4, 'model__module__num_layers': 2, 'model__module__patch_size': 16, 'model__optimizer__weight_decay': 0.0001}",0.8095238095238095,0.9056910569105692,0.8574468085106384,0.9097035040431267,0.8035252643948296,0.8571780886765946,0.04530354386055925,50,0.8946164295417174,0.901740060270244,0.8855650906735751,0.8799177646948884,0.8800843277952923,0.8883847345951434,0.008552607438371442
21,6.913724899291992,1.204713538162871,0.023424530029296876,0.0020896510390283804,64,10,3e-05,500,96,384,0.25,4,2,32,0.0001,"{'model__batch_size': 64, 'model__callbacks__early_stopping__patience': 10, 'model__lr': 3e-05, 'model__max_epochs': 500, 'model__module__d_model': 96, 'model__module__dim_feedforward': 384, 'model__module__dropout': 0.25, 'model__module__nhead': 4, 'model__module__num_layers': 2, 'model__module__patch_size': 32, 'model__optimizer__weight_decay': 0.0001}",0.837141670128791,0.888030888030888,0.8218085106382979,0.9097035040431267,0.7452107279693487,0.8403790601620905,0.057426357493478276,184,0.8765589569160998,0.9111154791154792,0.8809825833081647,0.878894690215445,0.9000287935502447,0.8895161006210867,0.013642380391218312
22,9.616155242919922,1.0244947450170825,0.026932287216186523,0.003076699678963689,64,10,3e-05,500,96,384,0.25,4,3,16,0.0001,"{'model__batch_size': 64, 'model__callbacks__early_stopping__patience': 10, 'model__lr': 3e-05, 'model__max_epochs': 500, 'model__module__d_model': 96, 'model__module__dim_feedforward': 384, 'model__module__dropout': 0.25, 'model__module__nhead': 4, 'model__module__num_layers': 3, 'model__module__patch_size': 16, 'model__optimizer__weight_decay': 0.0001}",0.8095238095238095,0.8507078507078507,0.8574468085106384,0.9141025641025642,0.7894736842105263,0.8442509434110779,0.043131411695748766,163,0.8893257922614238,0.9101119128550699,0.879733056623736,0.8842342342342342,0.8800843277952923,0.8886978647539513,0.011255581283949474
23,6.158373785018921,0.9611469613497139,0.024680328369140626,0.0038114384840205965,64,10,3e-05,500,96,384,0.25,4,3,32,0.0001,"{'model__batch_size': 64, 'model__callbacks__early_stopping__patience': 10, 'model__lr': 3e-05, 'model__max_epochs': 500, 'model__module__d_model': 96, 'model__module__dim_feedforward': 384, 'model__module__dropout': 0.25, 'model__module__nhead': 4, 'model__module__num_layers': 3, 'model__module__patch_size': 32, 'model__optimizer__weight_decay': 0.0001}",0.8178861788617886,0.888030888030888,0.8319866258010589,0.9097035040431267,0.7678025851938896,0.8430819563861502,0.05076170675059273,172,0.8870389884088514,0.901740060270244,0.8855650906735751,0.8637740421020748,0.8992708353480456,0.8874778033605581,0.013477439681183888
24,7.441887664794922,1.257325452079793,0.02588176727294922,0.003222986240203844,64,10,3e-05,500,128,128,0.1,4,2,16,0.0001,"{'model__batch_size': 64, 'model__callbacks__early_stopping__patience': 10, 'model__lr': 3e-05, 'model__max_epochs': 500, 'model__module__d_model': 128, 'model__module__dim_feedforward': 128, 'model__module__dropout': 0.1, 'model__module__nhead': 4, 'model__module__num_layers': 2, 'model__module__patch_size': 16, 'model__optimizer__weight_decay': 0.0001}",0.7803921568627451,0.8535353535353536,0.9287234042553192,0.9141025641025642,0.7871148459383753,0.8527736649388714,0.06177433151123374,92,0.8807807968113313,0.9376026272577997,0.9043424317617866,0.8982715397809737,0.9217171717171717,0.9085429134658127,0.019554581719904925
25,6.116228532791138,1.0124849298097252,0.023644113540649415,0.0030639483730248184,64,10,3e-05,500,128,128,0.1,4,2,32,0.0001,"{'model__batch_size': 64, 'model__callbacks__early_stopping__patience': 10, 'model__lr': 3e-05, 'model__max_epochs': 500, 'model__module__d_model': 128, 'model__module__dim_feedforward': 128, 'model__module__dropout': 0.1, 'model__module__nhead': 4, 'model__module__num_layers': 2, 'model__module__patch_size': 32, 'model__optimizer__weight_decay': 0.0001}",0.7440797673452431,0.888030888030888,0.8734143049932523,0.8278899082568807,0.7726819541375873,0.8212193645527703,0.055747619316904376,268,0.8882989326422992,0.8891666666666667,0.8901910516999328,0.8895243435192972,0.9223483365949119,0.8959058662246215,0.013235327163176954
26,8.092245388031007,1.7229869313149873,0.02691020965576172,0.00332720363877204,64,10,3e-05,500,128,128,0.1,4,3,16,0.0001,"{'model__batch_size': 64, 'model__callbacks__early_stopping__patience': 10, 'model__lr': 3e-05, 'model__max_epochs': 500, 'model__module__d_model': 128, 'model__module__dim_feedforward': 128, 'model__module__dropout': 0.1, 'model__module__nhead': 4, 'model__module__num_layers': 3, 'model__module__patch_size': 16, 'model__optimizer__weight_decay': 0.0001}",0.8095238095238095,0.9056910569105692,0.8734143049932523,0.9304257528556594,0.8180076628352491,0.867412517423708,0.04746341335830411,10,0.8850361049546007,0.932029484029484,0.879733056623736,0.892016806722689,0.9051407588739291,0.8987912422408877,0.01867301955251535
27,6.066647720336914,0.7787496377305037,0.023391866683959962,0.0032822051326039407,64,10,3e-05,500,128,128,0.1,4,3,32,0.0001,"{'model__batch_size': 64, 'model__callbacks__early_stopping__patience': 10, 'model__lr': 3e-05, 'model__max_epochs': 500, 'model__module__d_model': 128, 'model__module__dim_feedforward': 128, 'model__module__dropout': 0.1, 'model__module__nhead': 4, 'model__module__num_layers': 3, 'model__module__patch_size': 32, 'model__optimizer__weight_decay': 0.0001}",0.790610718737017,0.888030888030888,0.8319866258010589,0.8568376068376069,0.7587301587301587,0.8252391996273459,0.04606379802100192,253,0.8893257922614238,0.932029484029484,0.8738340697103584,0.90183346065699,0.8971342383107088,0.898831408993793,0.019127093920955362
28,7.904336261749267,1.1694250999952835,0.02482943534851074,0.003492458207612056,64,10,3e-05,500,128,128,0.25,4,2,16,0.0001,"{'model__batch_size': 64, 'model__callbacks__early_stopping__patience': 10, 'model__lr': 3e-05, 'model__max_epochs': 500, 'model__module__d_model': 128, 'model__module__dim_feedforward': 128, 'model__module__dropout': 0.25, 'model__module__nhead': 4, 'model__module__num_layers': 2, 'model__module__patch_size': 16, 'model__optimizer__weight_decay': 0.0001}",0.7619047619047619,0.8706594456833386,0.9143879376437516,0.9097035040431267,0.8484546360917248,0.8610220570733407,0.05530435429333193,35,0.8989496364126044,0.9334833708427107,0.8948617247586319,0.8885831149982093,0.9021464646464648,0.9036048623317242,0.015611653791840818
29,6.696441793441773,0.839626614861491,0.02293057441711426,0.0033151585634200896,64,10,3e-05,500,128,128,0.25,4,2,32,0.0001,"{'model__batch_size': 64, 'model__callbacks__early_stopping__patience': 10, 'model__lr': 3e-05, 'model__max_epochs': 500, 'model__module__d_model': 128, 'model__module__dim_feedforward': 128, 'model__module__dropout': 0.25, 'model__module__nhead': 4, 'model__module__num_layers': 2, 'model__module__patch_size': 32, 'model__optimizer__weight_decay': 0.0001}",0.7619047619047619,0.8706594456833386,0.8372469635627531,0.8568376068376069,0.7726819541375873,0.8198661464252096,0.04435044765564954,271,0.9041967541288338,0.9584017515051998,0.9063714378238341,0.8778354533873329,0.9285919953930319,0.9150794784476466,0.026984397417289294
30,8.201189327239991,1.736090595956668,0.026567649841308594,0.0035655543650295967,64,10,3e-05,500,128,128,0.25,4,3,16,0.0001,"{'model__batch_size': 64, 'model__callbacks__early_stopping__patience': 10, 'model__lr': 3e-05, 'model__max_epochs': 500, 'model__module__d_model': 128, 'model__module__dim_feedforward': 128, 'model__module__dropout': 0.25, 'model__module__nhead': 4, 'model__module__num_layers': 3, 'model__module__patch_size': 16, 'model__optimizer__weight_decay': 0.0001}",0.8095238095238095,0.8706594456833386,0.8574468085106384,0.9304257528556594,0.7958485958485959,0.8527808824844083,0.04792201875006865,91,0.8785857963503253,0.9176980198019802,0.879733056623736,0.8929653187944874,0.9274896204900298,0.8992943624121118,0.01992592968470766
31,5.844201469421387,0.9071117758980686,0.024641799926757812,0.0042714576053990636,64,10,3e-05,500,128,128,0.25,4,3,32,0.0001,"{'model__batch_size': 64, 'model__callbacks__early_stopping__patience': 10, 'model__lr': 3e-05, 'model__max_epochs': 500, 'model__module__d_model': 128, 'model__module__dim_feedforward': 128, 'model__module__dropout': 0.25, 'model__module__nhead': 4, 'model__module__num_layers': 3, 'model__module__patch_size': 32, 'model__optimizer__weight_decay': 0.0001}",0.790610718737017,0.888030888030888,0.8574468085106384,0.8568376068376069,0.7320799059929495,0.8250011856218199,0.056313564914094325,256,0.8731337848663608,0.9272030651340997,0.864758743523316,0.8607046070460704,0.8978353681372182,0.8847271137414129,0.024844535381121156
32,7.372895097732544,0.9511416484074459,0.02501082420349121,0.003990751092678371,64,10,3e-05,500,128,256,0.1,4,2,16,0.0001,"{'model__batch_size': 64, 'model__callbacks__early_stopping__patience': 10, 'model__lr': 3e-05, 'model__max_epochs': 500, 'model__module__d_model': 128, 'model__module__dim_feedforward': 256, 'model__module__dropout': 0.1, 'model__module__nhead': 4, 'model__module__num_layers': 2, 'model__module__patch_size': 16, 'model__optimizer__weight_decay': 0.0001}",0.790610718737017,0.8535353535353536,0.9121426698137949,0.9141025641025642,0.7958485958485959,0.8532479804074651,0.05364711227567731,88,0.8955498866213152,0.9263915243516762,0.9063714378238341,0.9116501145912911,0.9217171717171717,0.9123360270210575,0.010985301003552548
33,5.336947393417359,0.8455867332072806,0.028911495208740236,0.011781835019237945,64,10,3e-05,500,128,256,0.1,4,2,32,0.0001,"{'model__batch_size': 64, 'model__callbacks__early_stopping__patience': 10, 'model__lr': 3e-05, 'model__max_epochs': 500, 'model__module__d_model': 128, 'model__module__dim_feedforward': 256, 'model__module__dropout': 0.1, 'model__module__nhead': 4, 'model__module__num_layers': 2, 'model__module__patch_size': 32, 'model__optimizer__weight_decay': 0.0001}",0.790610718737017,0.8535353535353536,0.8163377192982456,0.8278899082568807,0.7587301587301587,0.809420771711531,0.03242963408819211,287,0.8946164295417174,0.9139174963354971,0.8995784061696658,0.8703111858704794,0.9178215698887005,0.899249017561212,0.016846788661842128
34,7.31262526512146,1.517792758971032,0.028462982177734374,0.004528737744901956,64,10,3e-05,500,128,256,0.1,4,3,16,0.0001,"{'model__batch_size': 64, 'model__callbacks__early_stopping__patience': 10, 'model__lr': 3e-05, 'model__max_epochs': 500, 'model__module__d_model': 128, 'model__module__dim_feedforward': 256, 'model__module__dropout': 0.1, 'model__module__nhead': 4, 'model__module__num_layers': 3, 'model__module__patch_size': 16, 'model__optimizer__weight_decay': 0.0001}",0.8291938997821351,0.8706594456833386,0.8959627329192547,0.9097035040431267,0.7696969696969697,0.8550433104249648,0.05071131923010809,71,0.8633748452406962,0.920686981930944,0.8867387820512821,0.882200152788388,0.8928282885218797,0.889165810106638,0.01858269483736174
35,6.065865898132325,0.8403041310204986,0.0245455265045166,0.0031651465860952914,64,10,3e-05,500,128,256,0.1,4,3,32,0.0001,"{'model__batch_size': 64, 'model__callbacks__early_stopping__patience': 10, 'model__lr': 3e-05, 'model__max_epochs': 500, 'model__module__d_model': 128, 'model__module__dim_feedforward': 256, 'model__module__dropout': 0.1, 'model__module__nhead': 4, 'model__module__num_layers': 3, 'model__module__patch_size': 32, 'model__optimizer__weight_decay': 0.0001}",0.806674338319908,0.8706594456833386,0.8930851063829788,0.9548517520215634,0.7726819541375873,0.8595905193090753,0.0642998162717096,39,0.8786570075229869,0.9120832118207447,0.8738340697103584,0.8735044676662123,0.932587760173967,0.8941333033788539,0.023991948417271796
36,7.777218914031982,1.2146368603923852,0.025173664093017578,0.0032783634618829176,64,10,3e-05,500,128,256,0.25,4,2,16,0.0001,"{'model__batch_size': 64, 'model__callbacks__early_stopping__patience': 10, 'model__lr': 3e-05, 'model__max_epochs': 500, 'model__module__d_model': 128, 'model__module__dim_feedforward': 256, 'model__module__dropout': 0.25, 'model__module__nhead': 4, 'model__module__num_layers': 2, 'model__module__patch_size': 16, 'model__optimizer__weight_decay': 0.0001}",0.8095238095238095,0.8535353535353536,0.9121426698137949,0.9097035040431267,0.7958485958485959,0.8561507865529361,0.048621505986895505,60,0.8860544217687075,0.8876756952403932,0.9101491002570694,0.8982715397809737,0.9126418786692759,0.8989585271432838,0.011015926819853875
37,5.822838973999024,0.8279735343627508,0.02369980812072754,0.0033362178488598746,64,10,3e-05,500,128,256,0.25,4,2,32,0.0001,"{'model__batch_size': 64, 'model__callbacks__early_stopping__patience': 10, 'model__lr': 3e-05, 'model__max_epochs': 500, 'model__module__d_model': 128, 'model__module__dim_feedforward': 256, 'model__module__dropout': 0.25, 'model__module__nhead': 4, 'model__module__num_layers': 2, 'model__module__patch_size': 32, 'model__optimizer__weight_decay': 0.0001}",0.7723577235772358,0.8679674796747967,0.8930851063829788,0.8568376068376069,0.8035252643948296,0.8387546361734894,0.04423085503331129,192,0.8998558693215182,0.901740060270244,0.877092300334768,0.8637740421020748,0.9088640891244222,0.8902652722306053,0.01699928683948755
38,8.224847459793091,1.88017644995171,0.027592277526855467,0.0037727384300867356,64,10,3e-05,500,128,256,0.25,4,3,16,0.0001,"{'model__batch_size': 64, 'model__callbacks__early_stopping__patience': 10, 'model__lr': 3e-05, 'model__max_epochs': 500, 'model__module__d_model': 128, 'model__module__dim_feedforward': 256, 'model__module__dropout': 0.25, 'model__module__nhead': 4, 'model__module__num_layers': 3, 'model__module__patch_size': 16, 'model__optimizer__weight_decay': 0.0001}",0.8291938997821351,0.8706594456833386,0.9121426698137949,0.9141025641025642,0.8180076628352491,0.8688212484434163,0.04020663952818596,7,0.8591595237663774,0.9279857673267327,0.867483737902586,0.892016806722689,0.8932289628180039,0.8879749597072777,0.024062524064851324
39,7.004397296905518,1.4108564514568414,0.02437558174133301,0.003454437331210977,64,10,3e-05,500,128,256,0.25,4,3,32,0.0001,"{'model__batch_size': 64, 'model__callbacks__early_stopping__patience': 10, 'model__lr': 3e-05, 'model__max_epochs': 500, 'model__module__d_model': 128, 'model__module__dim_feedforward': 256, 'model__module__dropout': 0.25, 'model__module__nhead': 4, 'model__module__num_layers': 3, 'model__module__patch_size': 32, 'model__optimizer__weight_decay': 0.0001}",0.8095238095238095,0.833705001592864,0.8530701754385965,0.8568376068376069,0.7320799059929495,0.8170432998771652,0.04568250424121303,280,0.8818237939853603,0.9376026272577997,0.879733056623736,0.900940487203207,0.9241126070991432,0.9048425144338493,0.022891630097829196
40,6.792950582504273,0.7460964975505182,0.025011491775512696,0.0032999339760212366,64,10,3e-05,500,128,384,0.1,4,2,16,0.0001,"{'model__batch_size': 64, 'model__callbacks__early_stopping__patience': 10, 'model__lr': 3e-05, 'model__max_epochs': 500, 'model__module__d_model': 128, 'model__module__dim_feedforward': 384, 'model__module__dropout': 0.1, 'model__module__nhead': 4, 'model__module__num_layers': 2, 'model__module__patch_size': 16, 'model__optimizer__weight_decay': 0.0001}",0.790610718737017,0.8706594456833386,0.9287234042553192,0.9045584045584045,0.7894736842105263,0.8568051314889212,0.05754959450859931,53,0.8955498866213152,0.905360531309298,0.9101491002570694,0.882200152788388,0.8992708353480456,0.8985061012648232,0.009568182854865765
41,5.453123950958252,0.7149661911191404,0.023737096786499025,0.004170117318887642,64,10,3e-05,500,128,384,0.1,4,2,32,0.0001,"{'model__batch_size': 64, 'model__callbacks__early_stopping__patience': 10, 'model__lr': 3e-05, 'model__max_epochs': 500, 'model__module__d_model': 128, 'model__module__dim_feedforward': 384, 'model__module__dropout': 0.1, 'model__module__nhead': 4, 'model__module__num_layers': 2, 'model__module__patch_size': 32, 'model__optimizer__weight_decay': 0.0001}",0.7723577235772358,0.8901515151515151,0.9121426698137949,0.884042921426099,0.7958485958485959,0.8509086851634482,0.05583788175749241,115,0.8989496364126044,0.9279857673267327,0.8830851943755169,0.8799177646948884,0.8956548347613219,0.8971186395142128,0.017035742017310545
42,7.691614294052124,1.2773148564888206,0.027390670776367188,0.0035374071955149816,64,10,3e-05,500,128,384,0.1,4,3,16,0.0001,"{'model__batch_size': 64, 'model__callbacks__early_stopping__patience': 10, 'model__lr': 3e-05, 'model__max_epochs': 500, 'model__module__d_model': 128, 'model__module__dim_feedforward': 384, 'model__module__dropout': 0.1, 'model__module__nhead': 4, 'model__module__num_layers': 3, 'model__module__patch_size': 16, 'model__optimizer__weight_decay': 0.0001}",0.790610718737017,0.888030888030888,0.9095816464237516,0.8899835796387521,0.7894736842105263,0.853536103408187,0.05238894763425804,85,0.8946164295417174,0.9255497800879648,0.8995784061696658,0.8885831149982093,0.8905077262693157,0.8997670914133746,0.013432268062052416
43,5.1209625720977785,0.745945164808747,0.024010753631591795,0.0035685332620669324,64,10,3e-05,500,128,384,0.1,4,3,32,0.0001,"{'model__batch_size': 64, 'model__callbacks__early_stopping__patience': 10, 'model__lr': 3e-05, 'model__max_epochs': 500, 'model__module__d_model': 128, 'model__module__dim_feedforward': 384, 'model__module__dropout': 0.1, 'model__module__nhead': 4, 'model__module__num_layers': 3, 'model__module__patch_size': 32, 'model__optimizer__weight_decay': 0.0001}",0.837141670128791,0.888030888030888,0.8530701754385965,0.8770642201834863,0.7320799059929495,0.8374773719549424,0.055632096109559014,199,0.8989496364126044,0.8960043787629994,0.8784370179948586,0.882200152788388,0.8948747591522158,0.8900931890222132,0.008178124252490832
44,7.00973162651062,1.1195569033585802,0.0250302791595459,0.002831601725979568,64,10,3e-05,500,128,384,0.25,4,2,16,0.0001,"{'model__batch_size': 64, 'model__callbacks__early_stopping__patience': 10, 'model__lr': 3e-05, 'model__max_epochs': 500, 'model__module__d_model': 128, 'model__module__dim_feedforward': 384, 'model__module__dropout': 0.25, 'model__module__nhead': 4, 'model__module__num_layers': 2, 'model__module__patch_size': 16, 'model__optimizer__weight_decay': 0.0001}",0.790610718737017,0.8535353535353536,0.9121426698137949,0.9097035040431267,0.7894736842105263,0.8510931860679637,0.05408006080676825,111,0.8912778904665315,0.9168035030103996,0.8867387820512821,0.892016806722689,0.9000287935502447,0.8973731551602293,0.010616246460289242
45,5.705844306945801,0.784728887979429,0.023769903182983398,0.0027766679636955917,64,10,3e-05,500,128,384,0.25,4,2,32,0.0001,"{'model__batch_size': 64, 'model__callbacks__early_stopping__patience': 10, 'model__lr': 3e-05, 'model__max_epochs': 500, 'model__module__d_model': 128, 'model__module__dim_feedforward': 384, 'model__module__dropout': 0.25, 'model__module__nhead': 4, 'model__module__num_layers': 2, 'model__module__patch_size': 32, 'model__optimizer__weight_decay': 0.0001}",0.7723577235772358,0.8535353535353536,0.8612836438923395,0.8568376068376069,0.7484084542908073,0.8184845564266686,0.0481032671259396,274,0.8998558693215182,0.8891666666666667,0.8809825833081647,0.8703111858704794,0.9146266829865362,0.8909885976306731,0.015286482255187262
46,8.219457912445069,1.4148800450136516,0.02771930694580078,0.003744225625164445,64,10,3e-05,500,128,384,0.25,4,3,16,0.0001,"{'model__batch_size': 64, 'model__callbacks__early_stopping__patience': 10, 'model__lr': 3e-05, 'model__max_epochs': 500, 'model__module__d_model': 128, 'model__module__dim_feedforward': 384, 'model__module__dropout': 0.25, 'model__module__nhead': 4, 'model__module__num_layers': 3, 'model__module__patch_size': 16, 'model__optimizer__weight_decay': 0.0001}",0.8095238095238095,0.888030888030888,0.8930851063829788,0.8711538461538462,0.7894736842105263,0.8502534668604097,0.0425478453386689,120,0.8712432605562377,0.8960043787629994,0.8776772965254641,0.8895243435192972,0.9000287935502447,0.8868956145828486,0.01088424333504208
47,5.237243413925171,0.8285397257675712,0.024968814849853516,0.004507071784724803,64,10,3e-05,500,128,384,0.25,4,3,32,0.0001,"{'model__batch_size': 64, 'model__callbacks__early_stopping__patience': 10, 'model__lr': 3e-05, 'model__max_epochs': 500, 'model__module__d_model': 128, 'model__module__dim_feedforward': 384, 'model__module__dropout': 0.25, 'model__module__nhead': 4, 'model__module__num_layers': 3, 'model__module__patch_size': 32, 'model__optimizer__weight_decay': 0.0001}",0.8095238095238095,0.9034299034299034,0.8734143049932523,0.8568376068376069,0.7320799059929495,0.8350571061555042,0.05979424271611554,213,0.8688726600583513,0.876978142406145,0.8843478972344951,0.8799177646948884,0.9044315992292871,0.8829096127246334,0.01188641325518716
48,3.5377044677734375,0.8644776582430544,0.024038934707641603,0.0035246391695180983,64,10,0.0001,500,96,128,0.1,4,2,16,0.0001,"{'model__batch_size': 64, 'model__callbacks__early_stopping__patience': 10, 'model__lr': 0.0001, 'model__max_epochs': 500, 'model__module__d_model': 96, 'model__module__dim_feedforward': 128, 'model__module__dropout': 0.1, 'model__module__nhead': 4, 'model__module__num_layers': 2, 'model__module__patch_size': 16, 'model__optimizer__weight_decay': 0.0001}",0.7803921568627451,0.8706594456833386,0.8693229311786013,0.9339901477832513,0.7958485958485959,0.8500426554713064,0.055914489339117454,123,0.8955498866213152,0.8971225247524752,0.8912859560067682,0.886599520383693,0.932587760173967,0.9006291295876437,0.016392521968947023
49,3.233830451965332,0.4036109503799042,0.023348045349121094,0.0030294643498053318,64,10,0.0001,500,96,128,0.1,4,2,32,0.0001,"{'model__batch_size': 64, 'model__callbacks__early_stopping__patience': 10, 'model__lr': 0.0001, 'model__max_epochs': 500, 'model__module__d_model': 96, 'model__module__dim_feedforward': 128, 'model__module__dropout': 0.1, 'model__module__nhead': 4, 'model__module__num_layers': 2, 'model__module__patch_size': 32, 'model__optimizer__weight_decay': 0.0001}",0.7723577235772358,0.8729264475743349,0.8319866258010589,0.8645552560646901,0.7816091954022988,0.8246870496839236,0.041385642681073934,257,0.8981692573402418,0.9376026272577997,0.879733056623736,0.8493772893772893,0.9241126070991432,0.8977989675396421,0.031457629032215974
50,4.078675889968872,1.1111827470383198,0.026560306549072266,0.0037244294674962097,64,10,0.0001,500,96,128,0.1,4,3,16,0.0001,"{'model__batch_size': 64, 'model__callbacks__early_stopping__patience': 10, 'model__lr': 0.0001, 'model__max_epochs': 500, 'model__module__d_model': 96, 'model__module__dim_feedforward': 128, 'model__module__dropout': 0.1, 'model__module__nhead': 4, 'model__module__num_layers': 3, 'model__module__patch_size': 16, 'model__optimizer__weight_decay': 0.0001}",0.8095238095238095,0.8706594456833386,0.9287234042553192,0.9141025641025642,0.8035252643948296,0.8653068975919723,0.051691475648490234,18,0.8646464646464647,0.9168035030103996,0.8995784061696658,0.8756328171530673,0.9126418786692759,0.8938606139297747,0.02048181782147335
51,2.754214572906494,0.2733350891818389,0.024721050262451173,0.003100138133335493,64,10,0.0001,500,96,128,0.1,4,3,32,0.0001,"{'model__batch_size': 64, 'model__callbacks__early_stopping__patience': 10, 'model__lr': 0.0001, 'model__max_epochs': 500, 'model__module__d_model': 96, 'model__module__dim_feedforward': 128, 'model__module__dropout': 0.1, 'model__module__nhead': 4, 'model__module__num_layers': 3, 'model__module__patch_size': 32, 'model__optimizer__weight_decay': 0.0001}",0.8178861788617886,0.8679674796747967,0.8734143049932523,0.8711538461538462,0.7894736842105263,0.843979098778842,0.03415266128679076,165,0.8774308032855862,0.8902014742014741,0.8719430769537401,0.8913119426312403,0.8892857142857142,0.884034602271551,0.007853398182371978
52,3.972760772705078,0.7408207397058224,0.02468109130859375,0.003359491771526655,64,10,0.0001,500,96,128,0.25,4,2,16,0.0001,"{'model__batch_size': 64, 'model__callbacks__early_stopping__patience': 10, 'model__lr': 0.0001, 'model__max_epochs': 500, 'model__module__d_model': 96, 'model__module__dim_feedforward': 128, 'model__module__dropout': 0.25, 'model__module__nhead': 4, 'model__module__num_layers': 2, 'model__module__patch_size': 16, 'model__optimizer__weight_decay': 0.0001}",0.7996422182468694,0.9056910569105692,0.8959627329192547,0.9097035040431267,0.8035252643948296,0.8629049553029299,0.05028258726052979,28,0.8743145743145744,0.8913969087197433,0.8970352564102564,0.8964604316546763,0.8992708353480456,0.8916956012894592,0.009064094132494382
53,3.038010597229004,0.4179572492569398,0.02306332588195801,0.003219190713318231,64,10,0.0001,500,96,128,0.25,4,2,32,0.0001,"{'model__batch_size': 64, 'model__callbacks__early_stopping__patience': 10, 'model__lr': 0.0001, 'model__max_epochs': 500, 'model__module__d_model': 96, 'model__module__dim_feedforward': 128, 'model__module__dropout': 0.25, 'model__module__nhead': 4, 'model__module__num_layers': 2, 'model__module__patch_size': 32, 'model__optimizer__weight_decay': 0.0001}",0.825,0.8535353535353536,0.7721088435374149,0.8645552560646901,0.7726819541375873,0.8175762814550092,0.03908447019818942,277,0.8946164295417174,0.9176980198019802,0.8855650906735751,0.8505379470776389,0.8781805678357402,0.8853196109861304,0.021888730133679066
54,4.433995056152344,1.366823809616939,0.02637476921081543,0.0033201614065943574,64,10,0.0001,500,96,128,0.25,4,3,16,0.0001,"{'model__batch_size': 64, 'model__callbacks__early_stopping__patience': 10, 'model__lr': 0.0001, 'model__max_epochs': 500, 'model__module__d_model': 96, 'model__module__dim_feedforward': 128, 'model__module__dropout': 0.25, 'model__module__nhead': 4, 'model__module__num_layers': 3, 'model__module__patch_size': 16, 'model__optimizer__weight_decay': 0.0001}",0.8291938997821351,0.888030888030888,0.9121426698137949,0.9141025641025642,0.8035252643948296,0.8693990572248425,0.045007502330856826,5,0.8926516641176898,0.8960043787629994,0.8751619170984456,0.8671540392851869,0.9422180801491147,0.8946380158826873,0.026093533489804924
55,3.2251428604125976,0.5696573268377287,0.025203180313110352,0.004229641785866373,64,10,0.0001,500,96,128,0.25,4,3,32,0.0001,"{'model__batch_size': 64, 'model__callbacks__early_stopping__patience': 10, 'model__lr': 0.0001, 'model__max_epochs': 500, 'model__module__d_model': 96, 'model__module__dim_feedforward': 128, 'model__module__dropout': 0.25, 'model__module__nhead': 4, 'model__module__num_layers': 3, 'model__module__patch_size': 32, 'model__optimizer__weight_decay': 0.0001}",0.8095238095238095,0.888030888030888,0.9121426698137949,0.9097035040431267,0.7958485958485959,0.863049893452043,0.05018319683423348,26,0.8629156010230179,0.9224263633712453,0.8732066386438537,0.8692062654326804,0.9157726500849066,0.8887055037111408,0.025120831918996313
56,3.3321935176849364,0.3878365060912832,0.02442770004272461,0.0033269803916072737,64,10,0.0001,500,96,256,0.1,4,2,16,0.0001,"{'model__batch_size': 64, 'model__callbacks__early_stopping__patience': 10, 'model__lr': 0.0001, 'model__max_epochs': 500, 'model__module__d_model': 96, 'model__module__dim_feedforward': 256, 'model__module__dropout': 0.1, 'model__module__nhead': 4, 'model__module__num_layers': 2, 'model__module__patch_size': 16, 'model__optimizer__weight_decay': 0.0001}",0.7996422182468694,0.8706594456833386,0.9121426698137949,0.8899835796387521,0.775811209439528,0.8496478245644565,0.052775891159680274,125,0.8688726600583513,0.9037901429632027,0.8821876307974409,0.886599520383693,0.8809866589883866,0.8844873226382148,0.01129974484534505
57,2.8776776790618896,0.6458024071932451,0.02351827621459961,0.004232603436969719,64,10,0.0001,500,96,256,0.1,4,2,32,0.0001,"{'model__batch_size': 64, 'model__callbacks__early_stopping__patience': 10, 'model__lr': 0.0001, 'model__max_epochs': 500, 'model__module__d_model': 96, 'model__module__dim_feedforward': 256, 'model__module__dropout': 0.1, 'model__module__nhead': 4, 'model__module__num_layers': 2, 'model__module__patch_size': 32, 'model__optimizer__weight_decay': 0.0001}",0.7723577235772358,0.9056910569105692,0.9121426698137949,0.9178921568627452,0.832967032967033,0.8682101280262756,0.05697885824631188,9,0.8998558693215182,0.8810537571692427,0.8924321846411416,0.8861320336730173,0.9241126070991432,0.8967172903808127,0.01507388549316151
58,4.273492002487183,0.4843447512031878,0.026482343673706055,0.004408422704835034,64,10,0.0001,500,96,256,0.1,4,3,16,0.0001,"{'model__batch_size': 64, 'model__callbacks__early_stopping__patience': 10, 'model__lr': 0.0001, 'model__max_epochs': 500, 'model__module__d_model': 96, 'model__module__dim_feedforward': 256, 'model__module__dropout': 0.1, 'model__module__nhead': 4, 'model__module__num_layers': 3, 'model__module__patch_size': 16, 'model__optimizer__weight_decay': 0.0001}",0.8095238095238095,0.8679674796747967,0.8769997377393128,0.9339901477832513,0.7495056031641398,0.8475973555770621,0.06295195529649754,137,0.8828323103020128,0.9120832118207447,0.8948617247586319,0.892016806722689,0.8964076858813701,0.8956403478970897,0.009473528521782964
59,3.1008373260498048,0.5391499085699488,0.024163150787353517,0.0032163084075510838,64,10,0.0001,500,96,256,0.1,4,3,32,0.0001,"{'model__batch_size': 64, 'model__callbacks__early_stopping__patience': 10, 'model__lr': 0.0001, 'model__max_epochs': 500, 'model__module__d_model': 96, 'model__module__dim_feedforward': 256, 'model__module__dropout': 0.1, 'model__module__nhead': 4, 'model__module__num_layers': 3, 'model__module__patch_size': 32, 'model__optimizer__weight_decay': 0.0001}",0.8095238095238095,0.861101607937051,0.8418568056648308,0.8950829940494833,0.7726819541375873,0.8360494342625524,0.04210782458096557,205,0.8870389884088514,0.8802096127077704,0.9120306050538609,0.8785620820005815,0.9088640891244222,0.8933410754590974,0.014288685961645476
60,3.457476043701172,0.4630418180347926,0.024770021438598633,0.0027997481744798263,64,10,0.0001,500,96,256,0.25,4,2,16,0.0001,"{'model__batch_size': 64, 'model__callbacks__early_stopping__patience': 10, 'model__lr': 0.0001, 'model__max_epochs': 500, 'model__module__d_model': 96, 'model__module__dim_feedforward': 256, 'model__module__dropout': 0.25, 'model__module__nhead': 4, 'model__module__num_layers': 2, 'model__module__patch_size': 16, 'model__optimizer__weight_decay': 0.0001}",0.8095238095238095,0.8706594456833386,0.9095816464237516,0.9339901477832513,0.8103017926026775,0.8668113684033658,0.05066021977689679,12,0.8817647058823529,0.8992424242424242,0.9053755522827688,0.8964604316546763,0.8757610789980732,0.891720838612059,0.011129489690918874
61,2.947276163101196,0.6213853520347191,0.026220321655273438,0.007632998180176496,64,10,0.0001,500,96,256,0.25,4,2,32,0.0001,"{'model__batch_size': 64, 'model__callbacks__early_stopping__patience': 10, 'model__lr': 0.0001, 'model__max_epochs': 500, 'model__module__d_model': 96, 'model__module__dim_feedforward': 256, 'model__module__dropout': 0.25, 'model__module__nhead': 4, 'model__module__num_layers': 2, 'model__module__patch_size': 32, 'model__optimizer__weight_decay': 0.0001}",0.7992831541218638,0.8706594456833386,0.8930851063829788,0.8950829940494833,0.8035252643948296,0.8523271929264989,0.04247501809594093,94,0.905045351473923,0.8960043787629994,0.8788688138256089,0.8724096717844994,0.9196631033365728,0.8943982638367206,0.017198338253160375
62,4.316682291030884,0.4889582738512301,0.027756452560424805,0.002880138000605189,64,10,0.0001,500,96,256,0.25,4,3,16,0.0001,"{'model__batch_size': 64, 'model__callbacks__early_stopping__patience': 10, 'model__lr': 0.0001, 'model__max_epochs': 500, 'model__module__d_model': 96, 'model__module__dim_feedforward': 256, 'model__module__dropout': 0.25, 'model__module__nhead': 4, 'model__module__num_layers': 3, 'model__module__patch_size': 16, 'model__optimizer__weight_decay': 0.0001}",0.790610718737017,0.8679674796747967,0.9121426698137949,0.93704979642969,0.7625,0.8540541329310598,0.06762154324728359,83,0.8879910838673726,0.9074102722772277,0.9043424317617866,0.8876086171163462,0.8964076858813701,0.8967520181808206,0.008144778407256024
63,2.791658353805542,0.3969486025425843,0.02446427345275879,0.003845055518061544,64,10,0.0001,500,96,256,0.25,4,3,32,0.0001,"{'model__batch_size': 64, 'model__callbacks__early_stopping__patience': 10, 'model__lr': 0.0001, 'model__max_epochs': 500, 'model__module__d_model': 96, 'model__module__dim_feedforward': 256, 'model__module__dropout': 0.25, 'model__module__nhead': 4, 'model__module__num_layers': 3, 'model__module__patch_size': 32, 'model__optimizer__weight_decay': 0.0001}",0.790610718737017,0.861101607937051,0.8418568056648308,0.8645552560646901,0.7587301587301587,0.8233709094267496,0.0417447987716814,263,0.8870389884088514,0.870873786407767,0.89806441377122,0.8929653187944874,0.9058635500948956,0.8909612114954444,0.011793558453354173
64,3.4918894290924074,0.7502096782084876,0.02530193328857422,0.00359163389263906,64,10,0.0001,500,96,384,0.1,4,2,16,0.0001,"{'model__batch_size': 64, 'model__callbacks__early_stopping__patience': 10, 'model__lr': 0.0001, 'model__max_epochs': 500, 'model__module__d_model': 96, 'model__module__dim_feedforward': 384, 'model__module__dropout': 0.1, 'model__module__nhead': 4, 'model__module__num_layers': 2, 'model__module__patch_size': 16, 'model__optimizer__weight_decay': 0.0001}",0.8291938997821351,0.888030888030888,0.9121426698137949,0.8950829940494833,0.8035252643948296,0.8655951432142264,0.04175473291725198,16,0.8774308032855862,0.8863409770687936,0.8855650906735751,0.8861320336730173,0.9088640891244222,0.8888665987650789,0.01053976855338434
65,3.143309450149536,0.48748282763799344,0.023123502731323242,0.003130563081860066,64,10,0.0001,500,96,384,0.1,4,2,32,0.0001,"{'model__batch_size': 64, 'model__callbacks__early_stopping__patience': 10, 'model__lr': 0.0001, 'model__max_epochs': 500, 'model__module__d_model': 96, 'model__module__dim_feedforward': 384, 'model__module__dropout': 0.1, 'model__module__nhead': 4, 'model__module__num_layers': 2, 'model__module__patch_size': 32, 'model__optimizer__weight_decay': 0.0001}",0.790610718737017,0.888030888030888,0.8530701754385965,0.8711538461538462,0.7816091954022988,0.8368949647525294,0.04300915894785597,202,0.9015791406536908,0.913016715717391,0.8937138130686517,0.8938813813813814,0.9385659025514967,0.9081513906745224,0.016756999750406197
66,4.935444593429565,1.532261433093117,0.026821327209472657,0.0035511023632782018,64,10,0.0001,500,96,384,0.1,4,3,16,0.0001,"{'model__batch_size': 64, 'model__callbacks__early_stopping__patience': 10, 'model__lr': 0.0001, 'model__max_epochs': 500, 'model__module__d_model': 96, 'model__module__dim_feedforward': 384, 'model__module__dropout': 0.1, 'model__module__nhead': 4, 'model__module__num_layers': 3, 'model__module__patch_size': 16, 'model__optimizer__weight_decay': 0.0001}",0.8095238095238095,0.888030888030888,0.9287234042553192,0.8950829940494833,0.775811209439528,0.8594344610598055,0.05722491159849108,42,0.8712432605562377,0.9215724815724815,0.9063714378238341,0.8776190476190476,0.9152426520847573,0.8984097759312716,0.020265826672929345
67,2.73982892036438,0.3691236945773096,0.02435140609741211,0.0035301320955077983,64,10,0.0001,500,96,384,0.1,4,3,32,0.0001,"{'model__batch_size': 64, 'model__callbacks__early_stopping__patience': 10, 'model__lr': 0.0001, 'model__max_epochs': 500, 'model__module__d_model': 96, 'model__module__dim_feedforward': 384, 'model__module__dropout': 0.1, 'model__module__nhead': 4, 'model__module__num_layers': 3, 'model__module__patch_size': 32, 'model__optimizer__weight_decay': 0.0001}",0.8178861788617886,0.8855263157894737,0.9121426698137949,0.8531161916692765,0.7816091954022988,0.8500561103073265,0.0465663507169382,122,0.8828323103020128,0.8923948220064726,0.9016812644719621,0.8745870870870871,0.9095498608311738,0.8922090689397416,0.012561193436850538
68,3.5159730434417726,0.7591134253510453,0.02519254684448242,0.0036805797531276408,64,10,0.0001,500,96,384,0.25,4,2,16,0.0001,"{'model__batch_size': 64, 'model__callbacks__early_stopping__patience': 10, 'model__lr': 0.0001, 'model__max_epochs': 500, 'model__module__d_model': 96, 'model__module__dim_feedforward': 384, 'model__module__dropout': 0.25, 'model__module__nhead': 4, 'model__module__num_layers': 2, 'model__module__patch_size': 16, 'model__optimizer__weight_decay': 0.0001}",0.8095238095238095,0.888030888030888,0.8898026315789473,0.8376600899965385,0.775811209439528,0.8401657257139423,0.04436576425701296,187,0.8776255707762557,0.8889617747033216,0.8877799263926143,0.8832348932303498,0.9007603041216488,0.8876724938448379,0.007662865352932739
69,2.9207522869110107,0.5817206599078171,0.023153305053710938,0.002694354486813693,64,10,0.0001,500,96,384,0.25,4,2,32,0.0001,"{'model__batch_size': 64, 'model__callbacks__early_stopping__patience': 10, 'model__lr': 0.0001, 'model__max_epochs': 500, 'model__module__d_model': 96, 'model__module__dim_feedforward': 384, 'model__module__dropout': 0.25, 'model__module__nhead': 4, 'model__module__num_layers': 2, 'model__module__patch_size': 32, 'model__optimizer__weight_decay': 0.0001}",0.790610718737017,0.888030888030888,0.8100907029478458,0.9097035040431267,0.7543859649122806,0.8305643557342316,0.058964426436970516,237,0.9015791406536908,0.8995368437791957,0.8830851943755169,0.8469326980345444,0.9146266829865362,0.8891521119658968,0.02336884193657157
70,4.344635248184204,1.0367763681097761,0.02680835723876953,0.004146749500284587,64,10,0.0001,500,96,384,0.25,4,3,16,0.0001,"{'model__batch_size': 64, 'model__callbacks__early_stopping__patience': 10, 'model__lr': 0.0001, 'model__max_epochs': 500, 'model__module__d_model': 96, 'model__module__dim_feedforward': 384, 'model__module__dropout': 0.25, 'model__module__nhead': 4, 'model__module__num_layers': 3, 'model__module__patch_size': 16, 'model__optimizer__weight_decay': 0.0001}",0.790610718737017,0.888030888030888,0.8930851063829788,0.9141025641025642,0.7625,0.8496658554506897,0.06098293536229365,124,0.8828323103020128,0.920686981930944,0.8924321846411416,0.8818608072078697,0.8885476743315107,0.8932719916826958,0.014239439729581967
71,2.883326005935669,0.7372128069638069,0.024067020416259764,0.002720366839020305,64,10,0.0001,500,96,384,0.25,4,3,32,0.0001,"{'model__batch_size': 64, 'model__callbacks__early_stopping__patience': 10, 'model__lr': 0.0001, 'model__max_epochs': 500, 'model__module__d_model': 96, 'model__module__dim_feedforward': 384, 'model__module__dropout': 0.25, 'model__module__nhead': 4, 'model__module__num_layers': 3, 'model__module__patch_size': 32, 'model__optimizer__weight_decay': 0.0001}",0.7723577235772358,0.8855263157894737,0.825974025974026,0.8711538461538462,0.7678025851938896,0.8245628993376943,0.04865461825349391,258,0.8870389884088514,0.9031553398058252,0.8528064146620848,0.8671540392851869,0.9366538952745849,0.8893617354873067,0.029194795093209068
72,3.330747890472412,0.3701658703509594,0.024610471725463868,0.0037822000593540094,64,10,0.0001,500,128,128,0.1,4,2,16,0.0001,"{'model__batch_size': 64, 'model__callbacks__early_stopping__patience': 10, 'model__lr': 0.0001, 'model__max_epochs': 500, 'model__module__d_model': 128, 'model__module__dim_feedforward': 128, 'model__module__dropout': 0.1, 'model__module__nhead': 4, 'model__module__num_layers': 2, 'model__module__patch_size': 16, 'model__optimizer__weight_decay': 0.0001}",0.790610718737017,0.8706594456833386,0.9287234042553192,0.9339901477832513,0.8180076628352491,0.868398275858835,0.057509382871753126,8,0.8818237939853603,0.9327695149217459,0.918932559459971,0.9131756756756757,0.9139884393063584,0.9121379966698223,0.01670495392962024
73,2.5122156620025633,0.26171044741934885,0.023215579986572265,0.0041690528718957235,64,10,0.0001,500,128,128,0.1,4,2,32,0.0001,"{'model__batch_size': 64, 'model__callbacks__early_stopping__patience': 10, 'model__lr': 0.0001, 'model__max_epochs': 500, 'model__module__d_model': 128, 'model__module__dim_feedforward': 128, 'model__module__dropout': 0.1, 'model__module__nhead': 4, 'model__module__num_layers': 2, 'model__module__patch_size': 32, 'model__optimizer__weight_decay': 0.0001}",0.7723577235772358,0.8507078507078507,0.8734143049932523,0.884042921426099,0.7958485958485959,0.8352742793106067,0.04378153638403456,210,0.8998558693215182,0.9120832118207447,0.877092300334768,0.9116501145912911,0.9058251689830636,0.901301333010277,0.012899441159703068
74,3.6932631492614747,0.7651907207568381,0.02639923095703125,0.0030288571321736494,64,10,0.0001,500,128,128,0.1,4,3,16,0.0001,"{'model__batch_size': 64, 'model__callbacks__early_stopping__patience': 10, 'model__lr': 0.0001, 'model__max_epochs': 500, 'model__module__d_model': 128, 'model__module__dim_feedforward': 128, 'model__module__dropout': 0.1, 'model__module__nhead': 4, 'model__module__num_layers': 3, 'model__module__patch_size': 16, 'model__optimizer__weight_decay': 0.0001}",0.790610718737017,0.8679674796747967,0.9287234042553192,0.9097035040431267,0.775811209439528,0.8545632632299576,0.061663051523044424,78,0.8870389884088514,0.932029484029484,0.8984675524504606,0.8885831149982093,0.8920821114369502,0.8996402502647911,0.016665024375823907
75,2.5022228240966795,0.431813169514572,0.02452692985534668,0.0033280649727039546,64,10,0.0001,500,128,128,0.1,4,3,32,0.0001,"{'model__batch_size': 64, 'model__callbacks__early_stopping__patience': 10, 'model__lr': 0.0001, 'model__max_epochs': 500, 'model__module__d_model': 128, 'model__module__dim_feedforward': 128, 'model__module__dropout': 0.1, 'model__module__nhead': 4, 'model__module__num_layers': 3, 'model__module__patch_size': 32, 'model__optimizer__weight_decay': 0.0001}",0.8178861788617886,0.888030888030888,0.8734143049932523,0.9045584045584045,0.7320799059929495,0.8431939364874566,0.06273122222105722,171,0.8964524060414472,0.9395454545454545,0.8809825833081647,0.8595178406499161,0.9190709281121029,0.8991138425314171,0.028059471431725925
76,3.8866804599761964,1.028949812531649,0.025765228271484374,0.0031649057688327674,64,10,0.0001,500,128,128,0.25,4,2,16,0.0001,"{'model__batch_size': 64, 'model__callbacks__early_stopping__patience': 10, 'model__lr': 0.0001, 'model__max_epochs': 500, 'model__module__d_model': 128, 'model__module__dim_feedforward': 128, 'model__module__dropout': 0.25, 'model__module__nhead': 4, 'model__module__num_layers': 2, 'model__module__patch_size': 16, 'model__optimizer__weight_decay': 0.0001}",0.7440797673452431,0.8706594456833386,0.8930851063829788,0.9141025641025642,0.8180076628352491,0.8479869092698749,0.06101576921413206,133,0.8903183330664246,0.9093181818181818,0.8995784061696658,0.9051100280608477,0.9371576710913592,0.9082965240412959,0.015769491305964434
77,2.2360729694366457,0.15946925887002275,0.023213958740234374,0.0025305893121105134,64,10,0.0001,500,128,128,0.25,4,2,32,0.0001,"{'model__batch_size': 64, 'model__callbacks__early_stopping__patience': 10, 'model__lr': 0.0001, 'model__max_epochs': 500, 'model__module__d_model': 128, 'model__module__dim_feedforward': 128, 'model__module__dropout': 0.25, 'model__module__nhead': 4, 'model__module__num_layers': 2, 'model__module__patch_size': 32, 'model__optimizer__weight_decay': 0.0001}",0.790610718737017,0.8706594456833386,0.8163377192982456,0.8477272727272727,0.7678025851938896,0.8186275483279527,0.03722223861459569,273,0.8860544217687075,0.8992424242424242,0.8948617247586319,0.8613166820844896,0.9315025252525253,0.8945955556213556,0.022646072651648724
78,3.4063636302947997,0.187343587822195,0.02633209228515625,0.0027413310472086177,64,10,0.0001,500,128,128,0.25,4,3,16,0.0001,"{'model__batch_size': 64, 'model__callbacks__early_stopping__patience': 10, 'model__lr': 0.0001, 'model__max_epochs': 500, 'model__module__d_model': 128, 'model__module__dim_feedforward': 128, 'model__module__dropout': 0.25, 'model__module__nhead': 4, 'model__module__num_layers': 3, 'model__module__patch_size': 16, 'model__optimizer__weight_decay': 0.0001}",0.790610718737017,0.8706594456833386,0.8930851063829788,0.9097035040431267,0.8035252643948296,0.8535168078482581,0.047901556497256755,86,0.8754557803674841,0.9064039408866995,0.8877799263926143,0.890433557619233,0.8956548347613219,0.8911456080054705,0.010110938314829768
79,2.4756343364715576,0.3846519357147891,0.02453451156616211,0.003096714178430346,64,10,0.0001,500,128,128,0.25,4,3,32,0.0001,"{'model__batch_size': 64, 'model__callbacks__early_stopping__patience': 10, 'model__lr': 0.0001, 'model__max_epochs': 500, 'model__module__d_model': 128, 'model__module__dim_feedforward': 128, 'model__module__dropout': 0.25, 'model__module__nhead': 4, 'model__module__num_layers': 3, 'model__module__patch_size': 32, 'model__optimizer__weight_decay': 0.0001}",0.790610718737017,0.8535353535353536,0.8734143049932523,0.9339901477832513,0.8180076628352491,0.8539116375768245,0.04917146560989216,84,0.8870389884088514,0.8936627895909082,0.8764423076923077,0.8682051282051282,0.9066542522633174,0.8864006932321026,0.01336862107248307
80,2.9013381958007813,0.3416749503551238,0.024937772750854494,0.0031242604860305554,64,10,0.0001,500,128,256,0.1,4,2,16,0.0001,"{'model__batch_size': 64, 'model__callbacks__early_stopping__patience': 10, 'model__lr': 0.0001, 'model__max_epochs': 500, 'model__module__d_model': 128, 'model__module__dim_feedforward': 256, 'model__module__dropout': 0.1, 'model__module__nhead': 4, 'model__module__num_layers': 2, 'model__module__patch_size': 16, 'model__optimizer__weight_decay': 0.0001}",0.7440797673452431,0.8535353535353536,0.9121426698137949,0.9097035040431267,0.7871148459383753,0.8413152281351787,0.06668617623841702,182,0.8964524060414472,0.915876027830487,0.8867387820512821,0.8703111858704794,0.90293542074364,0.8944627645074672,0.01534425676866197
81,2.4006024837493896,0.5947104627389013,0.026282310485839844,0.00434789039359691,64,10,0.0001,500,128,256,0.1,4,2,32,0.0001,"{'model__batch_size': 64, 'model__callbacks__early_stopping__patience': 10, 'model__lr': 0.0001, 'model__max_epochs': 500, 'model__module__d_model': 128, 'model__module__dim_feedforward': 256, 'model__module__dropout': 0.1, 'model__module__nhead': 4, 'model__module__num_layers': 2, 'model__module__patch_size': 32, 'model__optimizer__weight_decay': 0.0001}",0.7723577235772358,0.8706594456833386,0.8734143049932523,0.8770642201834863,0.775811209439528,0.8338613807753681,0.04886213046715489,228,0.9007319869477026,0.9139174963354971,0.9130287648054145,0.8613166820844896,0.9152426520847573,0.9008475164515722,0.020440779478023648
82,3.5025534629821777,0.4044176815941733,0.026708030700683595,0.003370610727636162,64,10,0.0001,500,128,256,0.1,4,3,16,0.0001,"{'model__batch_size': 64, 'model__callbacks__early_stopping__patience': 10, 'model__lr': 0.0001, 'model__max_epochs': 500, 'model__module__d_model': 128, 'model__module__dim_feedforward': 256, 'model__module__dropout': 0.1, 'model__module__nhead': 4, 'model__module__num_layers': 3, 'model__module__patch_size': 16, 'model__optimizer__weight_decay': 0.0001}",0.790610718737017,0.8706594456833386,0.8734143049932523,0.9097035040431267,0.7894736842105263,0.8467723315334522,0.048328010889376695,140,0.8838076409482685,0.9287409108304632,0.8937138130686517,0.8938813813813814,0.866204238921002,0.8932695970299533,0.02040023496518333
83,2.6069101333618163,0.6938754518252654,0.02515997886657715,0.002947838753631616,64,10,0.0001,500,128,256,0.1,4,3,32,0.0001,"{'model__batch_size': 64, 'model__callbacks__early_stopping__patience': 10, 'model__lr': 0.0001, 'model__max_epochs': 500, 'model__module__d_model': 128, 'model__module__dim_feedforward': 256, 'model__module__dropout': 0.1, 'model__module__nhead': 4, 'model__module__num_layers': 3, 'model__module__patch_size': 32, 'model__optimizer__weight_decay': 0.0001}",0.7803921568627451,0.942057942057942,0.8930851063829788,0.9097035040431267,0.7587301587301587,0.8567937736153903,0.07326685258008632,54,0.8434077843747055,0.9090708009088899,0.8890077120822621,0.882200152788388,0.9463994498477257,0.8940171800003943,0.03375370060708876
84,2.833343744277954,0.2986414543622345,0.025447750091552736,0.0032391927265681825,64,10,0.0001,500,128,256,0.25,4,2,16,0.0001,"{'model__batch_size': 64, 'model__callbacks__early_stopping__patience': 10, 'model__lr': 0.0001, 'model__max_epochs': 500, 'model__module__d_model': 128, 'model__module__dim_feedforward': 256, 'model__module__dropout': 0.25, 'model__module__nhead': 4, 'model__module__num_layers': 2, 'model__module__patch_size': 16, 'model__optimizer__weight_decay': 0.0001}",0.7619047619047619,0.8706594456833386,0.9121426698137949,0.9097035040431267,0.7871148459383753,0.8483050454766795,0.06253636018315609,130,0.8606965174129353,0.9201980049501237,0.8719430769537401,0.8745870870870871,0.9088640891244222,0.8872577551056617,0.023032491277537526
85,2.3597689628601075,0.4102825879826649,0.02346768379211426,0.003244312394941776,64,10,0.0001,500,128,256,0.25,4,2,32,0.0001,"{'model__batch_size': 64, 'model__callbacks__early_stopping__patience': 10, 'model__lr': 0.0001, 'model__max_epochs': 500, 'model__module__d_model': 128, 'model__module__dim_feedforward': 256, 'model__module__dropout': 0.25, 'model__module__nhead': 4, 'model__module__num_layers': 2, 'model__module__patch_size': 32, 'model__optimizer__weight_decay': 0.0001}",0.7723577235772358,0.888030888030888,0.8898026315789473,0.8568376068376069,0.7192982456140351,0.8252654191277425,0.06801415297618559,252,0.8839826839826841,0.8868347772277227,0.8984675524504606,0.8713785241617082,0.9202346041055719,0.8921796283856296,0.01646245984093039
86,3.486575794219971,0.32304923179094003,0.02646927833557129,0.0039544966661982225,64,10,0.0001,500,128,256,0.25,4,3,16,0.0001,"{'model__batch_size': 64, 'model__callbacks__early_stopping__patience': 10, 'model__lr': 0.0001, 'model__max_epochs': 500, 'model__module__d_model': 128, 'model__module__dim_feedforward': 256, 'model__module__dropout': 0.25, 'model__module__nhead': 4, 'model__module__num_layers': 3, 'model__module__patch_size': 16, 'model__optimizer__weight_decay': 0.0001}",0.790610718737017,0.8706594456833386,0.9306418219461698,0.9097035040431267,0.7894736842105263,0.8582178349240357,0.058902091839858305,45,0.8912778904665315,0.920686981930944,0.8833501075523453,0.8564994044073853,0.860897820242539,0.882542440919949,0.023146039696557798
87,2.510080862045288,0.5561561107760048,0.024712228775024415,0.003696250654089964,64,10,0.0001,500,128,256,0.25,4,3,32,0.0001,"{'model__batch_size': 64, 'model__callbacks__early_stopping__patience': 10, 'model__lr': 0.0001, 'model__max_epochs': 500, 'model__module__d_model': 128, 'model__module__dim_feedforward': 256, 'model__module__dropout': 0.25, 'model__module__nhead': 4, 'model__module__num_layers': 3, 'model__module__patch_size': 32, 'model__optimizer__weight_decay': 0.0001}",0.7803921568627451,0.888030888030888,0.8930851063829788,0.9141025641025642,0.7413206262763785,0.8433862683311109,0.0690645559273537,169,0.8492349234923493,0.8876756952403932,0.8843478972344951,0.8832348932303498,0.9285919953930319,0.886617080918124,0.025207253683850336
88,3.318362092971802,0.5599570899874222,0.02487668991088867,0.0032827653713890194,64,10,0.0001,500,128,384,0.1,4,2,16,0.0001,"{'model__batch_size': 64, 'model__callbacks__early_stopping__patience': 10, 'model__lr': 0.0001, 'model__max_epochs': 500, 'model__module__d_model': 128, 'model__module__dim_feedforward': 384, 'model__module__dropout': 0.1, 'model__module__nhead': 4, 'model__module__num_layers': 2, 'model__module__patch_size': 16, 'model__optimizer__weight_decay': 0.0001}",0.790610718737017,0.8706594456833386,0.8480725623582767,0.8899835796387521,0.7587301587301587,0.8316112930295085,0.049387776395899245,232,0.8828323103020128,0.9168035030103996,0.9010015408320493,0.9035285285285286,0.9171627861283034,0.9042657337602588,0.012602536932860882
89,2.187946081161499,0.2581918840425604,0.023940515518188477,0.0029413282163862943,64,10,0.0001,500,128,384,0.1,4,2,32,0.0001,"{'model__batch_size': 64, 'model__callbacks__early_stopping__patience': 10, 'model__lr': 0.0001, 'model__max_epochs': 500, 'model__module__d_model': 128, 'model__module__dim_feedforward': 384, 'model__module__dropout': 0.1, 'model__module__nhead': 4, 'model__module__num_layers': 2, 'model__module__patch_size': 32, 'model__optimizer__weight_decay': 0.0001}",0.7723577235772358,0.8535353535353536,0.8574468085106384,0.9339901477832513,0.7088122605363985,0.8252284587885755,0.07748090500151723,254,0.8839826839826841,0.8971225247524752,0.8692750615475391,0.878894690215445,0.9285919953930319,0.8915733911782351,0.02057548900798304
90,3.522937297821045,0.6614263627164219,0.026511144638061524,0.003456921388154316,64,10,0.0001,500,128,384,0.1,4,3,16,0.0001,"{'model__batch_size': 64, 'model__callbacks__early_stopping__patience': 10, 'model__lr': 0.0001, 'model__max_epochs': 500, 'model__module__d_model': 128, 'model__module__dim_feedforward': 384, 'model__module__dropout': 0.1, 'model__module__nhead': 4, 'model__module__num_layers': 3, 'model__module__patch_size': 16, 'model__optimizer__weight_decay': 0.0001}",0.8095238095238095,0.8507078507078507,0.8930851063829788,0.9097035040431267,0.7894736842105263,0.8504987909736584,0.04630734018710161,118,0.8860544217687075,0.9224263633712453,0.9091551785083068,0.8745870870870871,0.8964076858813701,0.8977261473233435,0.01681729498613677
91,2.8658098697662355,0.6864774225678499,0.0249483585357666,0.0030185569805749974,64,10,0.0001,500,128,384,0.1,4,3,32,0.0001,"{'model__batch_size': 64, 'model__callbacks__early_stopping__patience': 10, 'model__lr': 0.0001, 'model__max_epochs': 500, 'model__module__d_model': 128, 'model__module__dim_feedforward': 384, 'model__module__dropout': 0.1, 'model__module__nhead': 4, 'model__module__num_layers': 3, 'model__module__patch_size': 32, 'model__optimizer__weight_decay': 0.0001}",0.754679410593389,0.9236842105263158,0.8319866258010589,0.8770642201834863,0.7320799059929495,0.82389887461944,0.07220960621670011,261,0.891497975708502,0.901740060270244,0.9340010272213662,0.871222633364169,0.9285919953930319,0.9054107383914627,0.023369384503017402
92,3.7387773513793947,0.941181122276788,0.024701595306396484,0.0033951042809354666,64,10,0.0001,500,128,384,0.25,4,2,16,0.0001,"{'model__batch_size': 64, 'model__callbacks__early_stopping__patience': 10, 'model__lr': 0.0001, 'model__max_epochs': 500, 'model__module__d_model': 128, 'model__module__dim_feedforward': 384, 'model__module__dropout': 0.25, 'model__module__nhead': 4, 'model__module__num_layers': 2, 'model__module__patch_size': 16, 'model__optimizer__weight_decay': 0.0001}",0.790610718737017,0.888030888030888,0.9306418219461698,0.9141025641025642,0.8035252643948296,0.8653822514422937,0.05755433970965786,17,0.8743145743145744,0.8960043787629994,0.8867387820512821,0.9035285285285286,0.9463994498477257,0.9013971427010221,0.024524132622001742
93,2.1060968399047852,0.267931395485303,0.023868751525878907,0.0036863679187689505,64,10,0.0001,500,128,384,0.25,4,2,32,0.0001,"{'model__batch_size': 64, 'model__callbacks__early_stopping__patience': 10, 'model__lr': 0.0001, 'model__max_epochs': 500, 'model__module__d_model': 128, 'model__module__dim_feedforward': 384, 'model__module__dropout': 0.25, 'model__module__nhead': 4, 'model__module__num_layers': 2, 'model__module__patch_size': 32, 'model__optimizer__weight_decay': 0.0001}",0.8095238095238095,0.8535353535353536,0.8930851063829788,0.9339901477832513,0.7484084542908073,0.8477085743032401,0.06458495341445084,136,0.8922057254778518,0.894736842105263,0.8855650906735751,0.8832348932303498,0.9217171717171717,0.8954919446408421,0.0137688757013664
94,3.943124866485596,0.9148065404240162,0.027033233642578126,0.004058925696168063,64,10,0.0001,500,128,384,0.25,4,3,16,0.0001,"{'model__batch_size': 64, 'model__callbacks__early_stopping__patience': 10, 'model__lr': 0.0001, 'model__max_epochs': 500, 'model__module__d_model': 128, 'model__module__dim_feedforward': 384, 'model__module__dropout': 0.25, 'model__module__nhead': 4, 'model__module__num_layers': 3, 'model__module__patch_size': 16, 'model__optimizer__weight_decay': 0.0001}",0.8095238095238095,0.8535353535353536,0.8898026315789473,0.9141025641025642,0.7894736842105263,0.8512876085902402,0.04690278061875723,106,0.8861365105754133,0.9168035030103996,0.9070524412296563,0.876643036479102,0.9051407588739291,0.8983552500337002,0.014715570761626018
95,2.7140530586242675,0.9757645803500457,0.025998973846435548,0.004837209689681135,64,10,0.0001,500,128,384,0.25,4,3,32,0.0001,"{'model__batch_size': 64, 'model__callbacks__early_stopping__patience': 10, 'model__lr': 0.0001, 'model__max_epochs': 500, 'model__module__d_model': 128, 'model__module__dim_feedforward': 384, 'model__module__dropout': 0.25, 'model__module__nhead': 4, 'model__module__num_layers': 3, 'model__module__patch_size': 32, 'model__optimizer__weight_decay': 0.0001}",0.790610718737017,0.888030888030888,0.8898026315789473,0.9045584045584045,0.7452107279693487,0.8436426741749212,0.06373855620643183,166,0.8633748452406962,0.8720834054667512,0.8973145753159633,0.8745870870870871,0.937643850453552,0.8890007527128099,0.02678024694611796
96,2.450971746444702,0.5788898275323273,0.026854181289672853,0.003464311510623157,64,10,0.0002,500,96,128,0.1,4,2,16,0.0001,"{'model__batch_size': 64, 'model__callbacks__early_stopping__patience': 10, 'model__lr': 0.0002, 'model__max_epochs': 500, 'model__module__d_model': 96, 'model__module__dim_feedforward': 128, 'model__module__dropout': 0.1, 'model__module__nhead': 4, 'model__module__num_layers': 2, 'model__module__patch_size': 16, 'model__optimizer__weight_decay': 0.0001}",0.7803921568627451,0.8535353535353536,0.8612836438923395,0.8950829940494833,0.7452107279693487,0.8271009752618541,0.05545540980953658,248,0.8850361049546007,0.8880214313050134,0.8913319238900634,0.878894690215445,0.9229574401988194,0.8932483181127884,0.015408386848802755
97,2.0118175029754637,0.3288510300641703,0.0227109432220459,0.00278662751830892,64,10,0.0002,500,96,128,0.1,4,2,32,0.0001,"{'model__batch_size': 64, 'model__callbacks__early_stopping__patience': 10, 'model__lr': 0.0002, 'model__max_epochs': 500, 'model__module__d_model': 96, 'model__module__dim_feedforward': 128, 'model__module__dropout': 0.1, 'model__module__nhead': 4, 'model__module__num_layers': 2, 'model__module__patch_size': 32, 'model__optimizer__weight_decay': 0.0001}",0.7619047619047619,0.8535353535353536,0.9287234042553192,0.884042921426099,0.8035252643948296,0.8463463411032727,0.058690236853072765,147,0.8754557803674841,0.8790909090909091,0.9026767384848424,0.8767386091127098,0.9241126070991432,0.8916149288310178,0.019066917755707204
98,2.5597971439361573,0.3347625055852986,0.026190900802612306,0.0034614239943262094,64,10,0.0002,500,96,128,0.1,4,3,16,0.0001,"{'model__batch_size': 64, 'model__callbacks__early_stopping__patience': 10, 'model__lr': 0.0002, 'model__max_epochs': 500, 'model__module__d_model': 96, 'model__module__dim_feedforward': 128, 'model__module__dropout': 0.1, 'model__module__nhead': 4, 'model__module__num_layers': 3, 'model__module__patch_size': 16, 'model__optimizer__weight_decay': 0.0001}",0.8095238095238095,0.8679674796747967,0.8693229311786013,0.8899835796387521,0.7958485958485959,0.8465292791729111,0.03689270846023977,142,0.8765589569160998,0.9263915243516762,0.8995784061696658,0.8799177646948884,0.8992708353480456,0.8963434974960751,0.01779410353436018
99,2.0507029056549073,0.2789637410666839,0.024062299728393556,0.003035731121919857,64,10,0.0002,500,96,128,0.1,4,3,32,0.0001,"{'model__batch_size': 64, 'model__callbacks__early_stopping__patience': 10, 'model__lr': 0.0002, 'model__max_epochs': 500, 'model__module__d_model': 96, 'model__module__dim_feedforward': 128, 'model__module__dropout': 0.1, 'model__module__nhead': 4, 'model__module__num_layers': 3, 'model__module__patch_size': 32, 'model__optimizer__weight_decay': 0.0001}",0.790610718737017,0.9056910569105692,0.8218085106382979,0.9097035040431267,0.7894736842105263,0.8434574949079074,0.053735020340287154,167,0.8860544217687075,0.8948450347881087,0.8878708551483421,0.8682051282051282,0.9285919953930319,0.8931134870606636,0.019796286237891546
100,2.7665831565856935,0.4848546212145875,0.02461104393005371,0.003448233567475542,64,10,0.0002,500,96,128,0.25,4,2,16,0.0001,"{'model__batch_size': 64, 'model__callbacks__early_stopping__patience': 10, 'model__lr': 0.0002, 'model__max_epochs': 500, 'model__module__d_model': 96, 'model__module__dim_feedforward': 128, 'model__module__dropout': 0.25, 'model__module__nhead': 4, 'model__module__num_layers': 2, 'model__module__patch_size': 16, 'model__optimizer__weight_decay': 0.0001}",0.790610718737017,0.8706594456833386,0.8898026315789473,0.9178921568627452,0.7816091954022988,0.8501148296528693,0.05445131787796617,121,0.907426597582038,0.8843295382669196,0.9140180662428905,0.8598793253852864,0.9315025252525253,0.899431210545932,0.024890495878443067
101,2.0216205596923826,0.2495199167990033,0.02436833381652832,0.004184629953603171,64,10,0.0002,500,96,128,0.25,4,2,32,0.0001,"{'model__batch_size': 64, 'model__callbacks__early_stopping__patience': 10, 'model__lr': 0.0002, 'model__max_epochs': 500, 'model__module__d_model': 96, 'model__module__dim_feedforward': 128, 'model__module__dropout': 0.25, 'model__module__nhead': 4, 'model__module__num_layers': 2, 'model__module__patch_size': 32, 'model__optimizer__weight_decay': 0.0001}",0.7440797673452431,0.8507078507078507,0.8930851063829788,0.8711538461538462,0.7347956131605184,0.8187644367500873,0.06620748753239335,272,0.8998558693215182,0.8723710515793682,0.9073317307692308,0.8587912087912088,0.9171627861283034,0.8911025293179259,0.021972867898563807
102,2.487574577331543,0.27966667723286937,0.027059650421142577,0.002646288100664899,64,10,0.0002,500,96,128,0.25,4,3,16,0.0001,"{'model__batch_size': 64, 'model__callbacks__early_stopping__patience': 10, 'model__lr': 0.0002, 'model__max_epochs': 500, 'model__module__d_model': 96, 'model__module__dim_feedforward': 128, 'model__module__dropout': 0.25, 'model__module__nhead': 4, 'model__module__num_layers': 3, 'model__module__patch_size': 16, 'model__optimizer__weight_decay': 0.0001}",0.790610718737017,0.8302439024390245,0.8801431127012522,0.8711538461538462,0.8245614035087718,0.8393425967079825,0.03271911837746687,190,0.8850361049546007,0.9074102722772277,0.8959682642487047,0.8799177646948884,0.8913089045141867,0.8919282621379215,0.009467330546077886
103,2.3413503170013428,0.2398067063392966,0.024919748306274414,0.004856454234601022,64,10,0.0002,500,96,128,0.25,4,3,32,0.0001,"{'model__batch_size': 64, 'model__callbacks__early_stopping__patience': 10, 'model__lr': 0.0002, 'model__max_epochs': 500, 'model__module__d_model': 96, 'model__module__dim_feedforward': 128, 'model__module__dropout': 0.25, 'model__module__nhead': 4, 'model__module__num_layers': 3, 'model__module__patch_size': 32, 'model__optimizer__weight_decay': 0.0001}",0.78125,0.8706594456833386,0.8693229311786013,0.9097035040431267,0.7894736842105263,0.8440819130231185,0.05015889830532735,164,0.9124107680399072,0.9083811710677383,0.8784370179948586,0.8546512688595771,0.9235452793834297,0.8954851010691023,0.025291102863537345
104,2.471723508834839,0.5500145525364915,0.02501993179321289,0.00303168823045113,64,10,0.0002,500,96,256,0.1,4,2,16,0.0001,"{'model__batch_size': 64, 'model__callbacks__early_stopping__patience': 10, 'model__lr': 0.0002, 'model__max_epochs': 500, 'model__module__d_model': 96, 'model__module__dim_feedforward': 256, 'model__module__dropout': 0.1, 'model__module__nhead': 4, 'model__module__num_layers': 2, 'model__module__patch_size': 16, 'model__optimizer__weight_decay': 0.0001}",0.8095238095238095,0.8706594456833386,0.9095816464237516,0.93704979642969,0.7964285714285715,0.8646486538978323,0.05475355147296727,21,0.8870389884088514,0.8971225247524752,0.9312904884318767,0.862958536361129,0.8853179190751446,0.8927456914058954,0.02227047783264976
105,2.0935949325561523,0.20280038960554905,0.02301926612854004,0.0029484385384132847,64,10,0.0002,500,96,256,0.1,4,2,32,0.0001,"{'model__batch_size': 64, 'model__callbacks__early_stopping__patience': 10, 'model__lr': 0.0002, 'model__max_epochs': 500, 'model__module__d_model': 96, 'model__module__dim_feedforward': 256, 'model__module__dropout': 0.1, 'model__module__nhead': 4, 'model__module__num_layers': 2, 'model__module__patch_size': 32, 'model__optimizer__weight_decay': 0.0001}",0.7723577235772358,0.8706594456833386,0.9306418219461698,0.884042921426099,0.7816091954022988,0.8478622216070285,0.061272524676737015,134,0.8989857456140351,0.913016715717391,0.879733056623736,0.8982715397809737,0.9196631033365728,0.9019340322145417,0.013799531864252363
106,2.7173181533813477,0.35590257864548075,0.02594470977783203,0.0038492626507351233,64,10,0.0002,500,96,256,0.1,4,3,16,0.0001,"{'model__batch_size': 64, 'model__callbacks__early_stopping__patience': 10, 'model__lr': 0.0002, 'model__max_epochs': 500, 'model__module__d_model': 96, 'model__module__dim_feedforward': 256, 'model__module__dropout': 0.1, 'model__module__nhead': 4, 'model__module__num_layers': 3, 'model__module__patch_size': 16, 'model__optimizer__weight_decay': 0.0001}",0.8095238095238095,0.888030888030888,0.9095816464237516,0.8950829940494833,0.8035252643948296,0.8611489204845523,0.045178597350138315,34,0.8712432605562377,0.8971225247524752,0.8959682642487047,0.8756328171530673,0.8992708353480456,0.8878475404117061,0.011894240044363963
107,2.145152044296265,0.41705634464242863,0.02461209297180176,0.0029972892488609633,64,10,0.0002,500,96,256,0.1,4,3,32,0.0001,"{'model__batch_size': 64, 'model__callbacks__early_stopping__patience': 10, 'model__lr': 0.0002, 'model__max_epochs': 500, 'model__module__d_model': 96, 'model__module__dim_feedforward': 256, 'model__module__dropout': 0.1, 'model__module__nhead': 4, 'model__module__num_layers': 3, 'model__module__patch_size': 32, 'model__optimizer__weight_decay': 0.0001}",0.8095238095238095,0.8706594456833386,0.9121426698137949,0.8899835796387521,0.7495056031641398,0.8463630215647671,0.05925962956083007,146,0.8743145743145744,0.8948450347881087,0.8643799472295515,0.8842342342342342,0.9158371040723982,0.8867221789277734,0.017736817593906225
108,2.6178929805755615,0.6056065823416205,0.025225114822387696,0.0027528943741023547,64,10,0.0002,500,96,256,0.25,4,2,16,0.0001,"{'model__batch_size': 64, 'model__callbacks__early_stopping__patience': 10, 'model__lr': 0.0002, 'model__max_epochs': 500, 'model__module__d_model': 96, 'model__module__dim_feedforward': 256, 'model__module__dropout': 0.25, 'model__module__nhead': 4, 'model__module__num_layers': 2, 'model__module__patch_size': 16, 'model__optimizer__weight_decay': 0.0001}",0.8095238095238095,0.9056910569105692,0.8734143049932523,0.9178921568627452,0.7816091954022988,0.8576261047385352,0.053448863866651396,47,0.8912778904665315,0.9111154791154792,0.8855650906735751,0.890433557619233,0.9459577249945522,0.9048699485738743,0.022329545400124516
109,1.9774333953857421,0.26999795258856935,0.022603368759155272,0.0034540920511814594,64,10,0.0002,500,96,256,0.25,4,2,32,0.0001,"{'model__batch_size': 64, 'model__callbacks__early_stopping__patience': 10, 'model__lr': 0.0002, 'model__max_epochs': 500, 'model__module__d_model': 96, 'model__module__dim_feedforward': 256, 'model__module__dropout': 0.25, 'model__module__nhead': 4, 'model__module__num_layers': 2, 'model__module__patch_size': 32, 'model__optimizer__weight_decay': 0.0001}",0.78125,0.8679674796747967,0.8734143049932523,0.884042921426099,0.7678025851938896,0.8348954582576076,0.04974378774877165,214,0.8906643095124771,0.9074102722772277,0.9006490467761297,0.8756328171530673,0.9028049941212698,0.8954322879680342,0.011311906467969654
110,3.1202649116516112,0.6327802569906508,0.026865625381469728,0.004680130940996502,64,10,0.0002,500,96,256,0.25,4,3,16,0.0001,"{'model__batch_size': 64, 'model__callbacks__early_stopping__patience': 10, 'model__lr': 0.0002, 'model__max_epochs': 500, 'model__module__d_model': 96, 'model__module__dim_feedforward': 256, 'model__module__dropout': 0.25, 'model__module__nhead': 4, 'model__module__num_layers': 3, 'model__module__patch_size': 16, 'model__optimizer__weight_decay': 0.0001}",0.8291938997821351,0.888030888030888,0.9095816464237516,0.8711538461538462,0.7894736842105263,0.8574867929202294,0.043034578213930315,48,0.8712432605562377,0.8913969087197433,0.8821876307974409,0.8885831149982093,0.910850439882698,0.8888522709908658,0.012999705674420783
111,2.1647975921630858,0.5002523365014899,0.024921131134033204,0.003597954023638939,64,10,0.0002,500,96,256,0.25,4,3,32,0.0001,"{'model__batch_size': 64, 'model__callbacks__early_stopping__patience': 10, 'model__lr': 0.0002, 'model__max_epochs': 500, 'model__module__d_model': 96, 'model__module__dim_feedforward': 256, 'model__module__dropout': 0.25, 'model__module__nhead': 4, 'model__module__num_layers': 3, 'model__module__patch_size': 32, 'model__optimizer__weight_decay': 0.0001}",0.7723577235772358,0.888030888030888,0.9143879376437516,0.8899835796387521,0.7678025851938896,0.8465125428169035,0.06311064553632624,143,0.8703972366148531,0.8983732480746416,0.8945177367340955,0.862958536361129,0.9158371040723982,0.8884167723714235,0.019292761413613226
112,2.6121002674102782,0.8938313135589265,0.02586202621459961,0.005058578114598041,64,10,0.0002,500,96,384,0.1,4,2,16,0.0001,"{'model__batch_size': 64, 'model__callbacks__early_stopping__patience': 10, 'model__lr': 0.0002, 'model__max_epochs': 500, 'model__module__d_model': 96, 'model__module__dim_feedforward': 384, 'model__module__dropout': 0.1, 'model__module__nhead': 4, 'model__module__num_layers': 2, 'model__module__patch_size': 16, 'model__optimizer__weight_decay': 0.0001}",0.8291938997821351,0.8855263157894737,0.8734143049932523,0.8950829940494833,0.7894736842105263,0.8545382397649742,0.03958832088598142,79,0.8700781039590627,0.8948450347881087,0.9347715736040609,0.8818608072078697,0.9058251689830636,0.897476137708433,0.022190400466960695
113,1.7895391464233399,0.22591024300526455,0.023899555206298828,0.0038949495258949443,64,10,0.0002,500,96,384,0.1,4,2,32,0.0001,"{'model__batch_size': 64, 'model__callbacks__early_stopping__patience': 10, 'model__lr': 0.0002, 'model__max_epochs': 500, 'model__module__d_model': 96, 'model__module__dim_feedforward': 384, 'model__module__dropout': 0.1, 'model__module__nhead': 4, 'model__module__num_layers': 2, 'model__module__patch_size': 32, 'model__optimizer__weight_decay': 0.0001}",0.7375,0.8855263157894737,0.8959627329192547,0.8711538461538462,0.7625,0.8305285789725149,0.06669182251810607,238,0.903190848886213,0.8936425429828069,0.9239239831863122,0.8546512688595771,0.8885476743315107,0.892791263649284,0.02258667540047398
114,3.053493309020996,0.8213329230652661,0.02663764953613281,0.00414274226396392,64,10,0.0002,500,96,384,0.1,4,3,16,0.0001,"{'model__batch_size': 64, 'model__callbacks__early_stopping__patience': 10, 'model__lr': 0.0002, 'model__max_epochs': 500, 'model__module__d_model': 96, 'model__module__dim_feedforward': 384, 'model__module__dropout': 0.1, 'model__module__nhead': 4, 'model__module__num_layers': 3, 'model__module__patch_size': 16, 'model__optimizer__weight_decay': 0.0001}",0.8095238095238095,0.8679674796747967,0.8769997377393128,0.8899835796387521,0.7678025851938896,0.8424554383541121,0.046391028763574454,175,0.8912778904665315,0.9064039408866995,0.8959682642487047,0.8692062654326804,0.9139884393063584,0.8953689600681949,0.015297309667668861
115,2.136388921737671,0.529694262886073,0.02559628486633301,0.004239222168627547,64,10,0.0002,500,96,384,0.1,4,3,32,0.0001,"{'model__batch_size': 64, 'model__callbacks__early_stopping__patience': 10, 'model__lr': 0.0002, 'model__max_epochs': 500, 'model__module__d_model': 96, 'model__module__dim_feedforward': 384, 'model__module__dropout': 0.1, 'model__module__nhead': 4, 'model__module__num_layers': 3, 'model__module__patch_size': 32, 'model__optimizer__weight_decay': 0.0001}",0.7723577235772358,0.8825910931174089,0.8930851063829788,0.8711538461538462,0.7543859649122806,0.8347147468287501,0.05893753120217938,216,0.8946164295417174,0.8755163082182025,0.8878708551483421,0.8861320336730173,0.9472371042299286,0.8982745461622414,0.025236199001918407
116,2.2919538497924803,0.38889098433921415,0.02549605369567871,0.003475523919072657,64,10,0.0002,500,96,384,0.25,4,2,16,0.0001,"{'model__batch_size': 64, 'model__callbacks__early_stopping__patience': 10, 'model__lr': 0.0002, 'model__max_epochs': 500, 'model__module__d_model': 96, 'model__module__dim_feedforward': 384, 'model__module__dropout': 0.25, 'model__module__nhead': 4, 'model__module__num_layers': 2, 'model__module__patch_size': 16, 'model__optimizer__weight_decay': 0.0001}",0.8095238095238095,0.9007868628121793,0.8574468085106384,0.8768382352941176,0.8035252643948296,0.8496241961071149,0.037822131529583226,126,0.8670634920634921,0.8971656459193846,0.9053755522827688,0.876643036479102,0.9095498608311738,0.8911595175151843,0.016539169353026222
117,1.7030121326446532,0.29012458836557287,0.023331308364868165,0.004051410143915524,64,10,0.0002,500,96,384,0.25,4,2,32,0.0001,"{'model__batch_size': 64, 'model__callbacks__early_stopping__patience': 10, 'model__lr': 0.0002, 'model__max_epochs': 500, 'model__module__d_model': 96, 'model__module__dim_feedforward': 384, 'model__module__dropout': 0.25, 'model__module__nhead': 4, 'model__module__num_layers': 2, 'model__module__patch_size': 32, 'model__optimizer__weight_decay': 0.0001}",0.7723577235772358,0.8706594456833386,0.8100907029478458,0.8645552560646901,0.7894736842105263,0.8214273624967273,0.039601010310186535,267,0.8839826839826841,0.8948450347881087,0.879733056623736,0.8885831149982093,0.9241126070991432,0.8942512994983762,0.015750570589829344
118,3.180340576171875,0.7843684977223572,0.026333379745483398,0.004197225554741198,64,10,0.0002,500,96,384,0.25,4,3,16,0.0001,"{'model__batch_size': 64, 'model__callbacks__early_stopping__patience': 10, 'model__lr': 0.0002, 'model__max_epochs': 500, 'model__module__d_model': 96, 'model__module__dim_feedforward': 384, 'model__module__dropout': 0.25, 'model__module__nhead': 4, 'model__module__num_layers': 3, 'model__module__patch_size': 16, 'model__optimizer__weight_decay': 0.0001}",0.8095238095238095,0.888030888030888,0.8530701754385965,0.8768382352941176,0.7894736842105263,0.8433873584995876,0.03810298428152626,168,0.8649974812962928,0.9111154791154792,0.9063714378238341,0.8486859712037682,0.9235452793834297,0.8909431297645607,0.028867631187021042
119,2.095708465576172,0.3664045055332553,0.0247647762298584,0.002654531084614961,64,10,0.0002,500,96,384,0.25,4,3,32,0.0001,"{'model__batch_size': 64, 'model__callbacks__early_stopping__patience': 10, 'model__lr': 0.0002, 'model__max_epochs': 500, 'model__module__d_model': 96, 'model__module__dim_feedforward': 384, 'model__module__dropout': 0.25, 'model__module__nhead': 4, 'model__module__num_layers': 3, 'model__module__patch_size': 32, 'model__optimizer__weight_decay': 0.0001}",0.7723577235772358,0.8825910931174089,0.8100907029478458,0.8768382352941176,0.7413206262763785,0.8166396762425974,0.055946752489418036,281,0.8838076409482685,0.8630419112346823,0.8678663239074551,0.8885831149982093,0.9139884393063584,0.8834574860789948,0.017991185726929752
120,2.315839719772339,0.3895719578104345,0.0246368408203125,0.003780621184089378,64,10,0.0002,500,128,128,0.1,4,2,16,0.0001,"{'model__batch_size': 64, 'model__callbacks__early_stopping__patience': 10, 'model__lr': 0.0002, 'model__max_epochs': 500, 'model__module__d_model': 128, 'model__module__dim_feedforward': 128, 'model__module__dropout': 0.1, 'model__module__nhead': 4, 'model__module__num_layers': 2, 'model__module__patch_size': 16, 'model__optimizer__weight_decay': 0.0001}",0.7619047619047619,0.8535353535353536,0.9095816464237516,0.9339901477832513,0.7816091954022988,0.8481242210098834,0.06787826844331861,131,0.8765589569160998,0.9688013136288998,0.9043424317617866,0.8851995235259082,0.9051407588739291,0.9080085969413247,0.03233188318779566
121,1.8993340969085692,0.37706891690221256,0.023709535598754883,0.0030559099308139735,64,10,0.0002,500,128,128,0.1,4,2,32,0.0001,"{'model__batch_size': 64, 'model__callbacks__early_stopping__patience': 10, 'model__lr': 0.0002, 'model__max_epochs': 500, 'model__module__d_model': 128, 'model__module__dim_feedforward': 128, 'model__module__dropout': 0.1, 'model__module__nhead': 4, 'model__module__num_layers': 2, 'model__module__patch_size': 32, 'model__optimizer__weight_decay': 0.0001}",0.754679410593389,0.8535353535353536,0.8801431127012522,0.8645552560646901,0.7678025851938896,0.824143143617715,0.0522159096498566,260,0.9066592365561438,0.9255527567870137,0.8776772965254641,0.8564994044073853,0.9510732323232323,0.9034923853198478,0.033571967479081824
122,2.778922367095947,0.42049054525943375,0.025979232788085938,0.0033182856418681374,64,10,0.0002,500,128,128,0.1,4,3,16,0.0001,"{'model__batch_size': 64, 'model__callbacks__early_stopping__patience': 10, 'model__lr': 0.0002, 'model__max_epochs': 500, 'model__module__d_model': 128, 'model__module__dim_feedforward': 128, 'model__module__dropout': 0.1, 'model__module__nhead': 4, 'model__module__num_layers': 3, 'model__module__patch_size': 16, 'model__optimizer__weight_decay': 0.0001}",0.7803921568627451,0.8535353535353536,0.8801431127012522,0.8899835796387521,0.8035252643948296,0.8415158934265865,0.042813654744052736,181,0.8903183330664246,0.9382735148514851,0.9006490467761297,0.878894690215445,0.9102117037291106,0.903669457727719,0.020205970748730324
123,2.0127124786376953,0.14326724386583647,0.02328767776489258,0.0035543831434690686,64,10,0.0002,500,128,128,0.1,4,3,32,0.0001,"{'model__batch_size': 64, 'model__callbacks__early_stopping__patience': 10, 'model__lr': 0.0002, 'model__max_epochs': 500, 'model__module__d_model': 128, 'model__module__dim_feedforward': 128, 'model__module__dropout': 0.1, 'model__module__nhead': 4, 'model__module__num_layers': 3, 'model__module__patch_size': 32, 'model__optimizer__weight_decay': 0.0001}",0.754679410593389,0.8535353535353536,0.8959627329192547,0.8459770114942529,0.7413206262763785,0.8182950269637257,0.060020747146585826,275,0.8898026315789473,0.9334833708427107,0.8901910516999328,0.8832348932303498,0.9058251689830636,0.9005074232670008,0.018083428432009857
124,2.2372726917266847,0.33339770852412126,0.025771093368530274,0.0045127809989847535,64,10,0.0002,500,128,128,0.25,4,2,16,0.0001,"{'model__batch_size': 64, 'model__callbacks__early_stopping__patience': 10, 'model__lr': 0.0002, 'model__max_epochs': 500, 'model__module__d_model': 128, 'model__module__dim_feedforward': 128, 'model__module__dropout': 0.25, 'model__module__nhead': 4, 'model__module__num_layers': 2, 'model__module__patch_size': 16, 'model__optimizer__weight_decay': 0.0001}",0.7440797673452431,0.8535353535353536,0.9306418219461698,0.9141025641025642,0.7816091954022988,0.844793740466326,0.0726438064028035,160,0.8893257922614238,0.9272030651340997,0.8776772965254641,0.8851995235259082,0.9051407588739291,0.896909287264165,0.01760663246354149
125,1.856959581375122,0.20354159265027183,0.02368645668029785,0.0031376849771294017,64,10,0.0002,500,128,128,0.25,4,2,32,0.0001,"{'model__batch_size': 64, 'model__callbacks__early_stopping__patience': 10, 'model__lr': 0.0002, 'model__max_epochs': 500, 'model__module__d_model': 128, 'model__module__dim_feedforward': 128, 'model__module__dropout': 0.25, 'model__module__nhead': 4, 'model__module__num_layers': 2, 'model__module__patch_size': 32, 'model__optimizer__weight_decay': 0.0001}",0.7723577235772358,0.8729264475743349,0.8801431127012522,0.8645552560646901,0.7816091954022988,0.8343183470639624,0.047163839471370456,221,0.9101860834288737,0.9012180629827689,0.8643799472295515,0.8481760448973563,0.9361318568117435,0.8920183990700588,0.03177021172274581
126,2.750887632369995,0.48838945618728763,0.026816082000732423,0.0033828953182044362,64,10,0.0002,500,128,128,0.25,4,3,16,0.0001,"{'model__batch_size': 64, 'model__callbacks__early_stopping__patience': 10, 'model__lr': 0.0002, 'model__max_epochs': 500, 'model__module__d_model': 128, 'model__module__dim_feedforward': 128, 'model__module__dropout': 0.25, 'model__module__nhead': 4, 'model__module__num_layers': 3, 'model__module__patch_size': 16, 'model__optimizer__weight_decay': 0.0001}",0.790610718737017,0.8706594456833386,0.9287234042553192,0.8899835796387521,0.8180076628352491,0.8595969622299352,0.04962451341867332,38,0.8850361049546007,0.9279857673267327,0.8901910516999328,0.8799177646948884,0.9007603041216488,0.8967781985595608,0.017060545179731604
127,2.206567573547363,0.25434809714160495,0.024100399017333983,0.0034885125044369883,64,10,0.0002,500,128,128,0.25,4,3,32,0.0001,"{'model__batch_size': 64, 'model__callbacks__early_stopping__patience': 10, 'model__lr': 0.0002, 'model__max_epochs': 500, 'model__module__d_model': 128, 'model__module__dim_feedforward': 128, 'model__module__dropout': 0.25, 'model__module__nhead': 4, 'model__module__num_layers': 3, 'model__module__patch_size': 32, 'model__optimizer__weight_decay': 0.0001}",0.754679410593389,0.8535353535353536,0.8372469635627531,0.8950829940494833,0.7958485958485959,0.827278663517915,0.048259110423187895,247,0.8973251602117581,0.8891666666666667,0.8865055832439594,0.9051100280608477,0.9335985312117503,0.9023411938789965,0.01693625050041442
128,2.4136743545532227,0.5106109006168524,0.028337955474853516,0.004926647931695923,64,10,0.0002,500,128,256,0.1,4,2,16,0.0001,"{'model__batch_size': 64, 'model__callbacks__early_stopping__patience': 10, 'model__lr': 0.0002, 'model__max_epochs': 500, 'model__module__d_model': 128, 'model__module__dim_feedforward': 256, 'model__module__dropout': 0.1, 'model__module__nhead': 4, 'model__module__num_layers': 2, 'model__module__patch_size': 16, 'model__optimizer__weight_decay': 0.0001}",0.8095238095238095,0.8535353535353536,0.9121426698137949,0.9097035040431267,0.7894736842105263,0.8548758042253223,0.050242627509969086,74,0.8818237939853603,0.9637989695732478,0.8867387820512821,0.8832348932303498,0.9021475677808466,0.9035488013242172,0.03098145827218434
129,1.6221164226531983,0.11902323695075342,0.024637365341186525,0.0034918310358044062,64,10,0.0002,500,128,256,0.1,4,2,32,0.0001,"{'model__batch_size': 64, 'model__callbacks__early_stopping__patience': 10, 'model__lr': 0.0002, 'model__max_epochs': 500, 'model__module__d_model': 128, 'model__module__dim_feedforward': 256, 'model__module__dropout': 0.1, 'model__module__nhead': 4, 'model__module__num_layers': 2, 'model__module__patch_size': 32, 'model__optimizer__weight_decay': 0.0001}",0.7637130801687764,0.8706594456833386,0.8530701754385965,0.8568376068376069,0.810568295114656,0.8309697206485949,0.03917276034081481,236,0.9166839378238342,0.9139174963354971,0.8817748410839745,0.86493993993994,0.9190709281121029,0.8992774286590699,0.021883804362271497
130,2.691658782958984,0.4576130427111996,0.026912117004394533,0.003985159495110962,64,10,0.0002,500,128,256,0.1,4,3,16,0.0001,"{'model__batch_size': 64, 'model__callbacks__early_stopping__patience': 10, 'model__lr': 0.0002, 'model__max_epochs': 500, 'model__module__d_model': 128, 'model__module__dim_feedforward': 256, 'model__module__dropout': 0.1, 'model__module__nhead': 4, 'model__module__num_layers': 3, 'model__module__patch_size': 16, 'model__optimizer__weight_decay': 0.0001}",0.8095238095238095,0.8706594456833386,0.8734143049932523,0.8899835796387521,0.7894736842105263,0.8466109648099358,0.03954252929670221,141,0.8903183330664246,0.915876027830487,0.8948617247586319,0.8745870870870871,0.9014662756598241,0.8954218896804909,0.013530376515714957
131,1.9390865325927735,0.35126317828985526,0.02493133544921875,0.003829895540059511,64,10,0.0002,500,128,256,0.1,4,3,32,0.0001,"{'model__batch_size': 64, 'model__callbacks__early_stopping__patience': 10, 'model__lr': 0.0002, 'model__max_epochs': 500, 'model__module__d_model': 128, 'model__module__dim_feedforward': 256, 'model__module__dropout': 0.1, 'model__module__nhead': 4, 'model__module__num_layers': 3, 'model__module__patch_size': 32, 'model__optimizer__weight_decay': 0.0001}",0.78125,0.8729264475743349,0.8372469635627531,0.884042921426099,0.8035252643948296,0.8357983193916034,0.03930701546805089,207,0.9039574054164747,0.9012180629827689,0.9021573604060913,0.8735044676662123,0.9241126070991432,0.900989980714138,0.016126559984564116
132,2.218453121185303,0.2353815774760559,0.024869108200073244,0.0037430414723870647,64,10,0.0002,500,128,256,0.25,4,2,16,0.0001,"{'model__batch_size': 64, 'model__callbacks__early_stopping__patience': 10, 'model__lr': 0.0002, 'model__max_epochs': 500, 'model__module__d_model': 128, 'model__module__dim_feedforward': 256, 'model__module__dropout': 0.25, 'model__module__nhead': 4, 'model__module__num_layers': 2, 'model__module__patch_size': 16, 'model__optimizer__weight_decay': 0.0001}",0.8291938997821351,0.8706594456833386,0.8959627329192547,0.9141025641025642,0.7678025851938896,0.8555442455362364,0.05231470109276386,65,0.8839826839826841,0.9093181818181818,0.8732066386438537,0.8929653187944874,0.9051407588739291,0.8929227164226272,0.013317218664921079
133,1.5877415180206298,0.10363035964678893,0.022797346115112305,0.003223790631957434,64,10,0.0002,500,128,256,0.25,4,2,32,0.0001,"{'model__batch_size': 64, 'model__callbacks__early_stopping__patience': 10, 'model__lr': 0.0002, 'model__max_epochs': 500, 'model__module__d_model': 128, 'model__module__dim_feedforward': 256, 'model__module__dropout': 0.25, 'model__module__nhead': 4, 'model__module__num_layers': 2, 'model__module__patch_size': 32, 'model__optimizer__weight_decay': 0.0001}",0.754679410593389,0.8535353535353536,0.8734143049932523,0.8645552560646901,0.7320799059929495,0.8156528462359269,0.059774764506498254,283,0.9137770787159505,0.8992424242424242,0.8843478972344951,0.9035285285285286,0.8758505608602948,0.8953492979163385,0.013585808146297323
134,2.757971906661987,0.5529842915031602,0.027252197265625,0.005106893558470618,64,10,0.0002,500,128,256,0.25,4,3,16,0.0001,"{'model__batch_size': 64, 'model__callbacks__early_stopping__patience': 10, 'model__lr': 0.0002, 'model__max_epochs': 500, 'model__module__d_model': 128, 'model__module__dim_feedforward': 256, 'model__module__dropout': 0.25, 'model__module__nhead': 4, 'model__module__num_layers': 3, 'model__module__patch_size': 16, 'model__optimizer__weight_decay': 0.0001}",0.8095238095238095,0.8706594456833386,0.9121426698137949,0.8899835796387521,0.7894736842105263,0.8543566377740444,0.04710428044944191,81,0.8719117647058824,0.9232500432800508,0.8937138130686517,0.878894690215445,0.910850439882698,0.8957241502305455,0.01918739852660158
135,1.86217041015625,0.42554886724412516,0.025802993774414064,0.003431682625178605,64,10,0.0002,500,128,256,0.25,4,3,32,0.0001,"{'model__batch_size': 64, 'model__callbacks__early_stopping__patience': 10, 'model__lr': 0.0002, 'model__max_epochs': 500, 'model__module__d_model': 128, 'model__module__dim_feedforward': 256, 'model__module__dropout': 0.25, 'model__module__nhead': 4, 'model__module__num_layers': 3, 'model__module__patch_size': 32, 'model__optimizer__weight_decay': 0.0001}",0.8095238095238095,0.888030888030888,0.8418568056648308,0.8770642201834863,0.7678025851938896,0.8368556617193809,0.04421764562849177,203,0.8339914827719705,0.8971225247524752,0.8784370179948586,0.8625668449197861,0.932587760173967,0.8809411261226116,0.03309793422085904
136,2.1945717334747314,0.3043745550941362,0.025404977798461913,0.0031415049023137444,64,10,0.0002,500,128,384,0.1,4,2,16,0.0001,"{'model__batch_size': 64, 'model__callbacks__early_stopping__patience': 10, 'model__lr': 0.0002, 'model__max_epochs': 500, 'model__module__d_model': 128, 'model__module__dim_feedforward': 384, 'model__module__dropout': 0.1, 'model__module__nhead': 4, 'model__module__num_layers': 2, 'model__module__patch_size': 16, 'model__optimizer__weight_decay': 0.0001}",0.8095238095238095,0.8535353535353536,0.8930851063829788,0.8950829940494833,0.8035252643948296,0.8509505055772909,0.039230108870334075,114,0.8922057254778518,0.929469696969697,0.9140180662428905,0.8870329670329671,0.9095498608311738,0.9064552633109161,0.015340870899652687
137,1.6359099864959716,0.11544083202409111,0.02426748275756836,0.0040216281720695315,64,10,0.0002,500,128,384,0.1,4,2,32,0.0001,"{'model__batch_size': 64, 'model__callbacks__early_stopping__patience': 10, 'model__lr': 0.0002, 'model__max_epochs': 500, 'model__module__d_model': 128, 'model__module__dim_feedforward': 384, 'model__module__dropout': 0.1, 'model__module__nhead': 4, 'model__module__num_layers': 2, 'model__module__patch_size': 32, 'model__optimizer__weight_decay': 0.0001}",0.754679410593389,0.8366197183098592,0.9121426698137949,0.8568376068376069,0.7484084542908073,0.8217375719690916,0.06245082697667793,264,0.907426597582038,0.9047619047619047,0.867483737902586,0.90183346065699,0.9190709281121029,0.9001153258031245,0.017332817233376104
138,3.0272512435913086,0.5433512742328737,0.02792644500732422,0.0030771182362578265,64,10,0.0002,500,128,384,0.1,4,3,16,0.0001,"{'model__batch_size': 64, 'model__callbacks__early_stopping__patience': 10, 'model__lr': 0.0002, 'model__max_epochs': 500, 'model__module__d_model': 128, 'model__module__dim_feedforward': 384, 'model__module__dropout': 0.1, 'model__module__nhead': 4, 'model__module__num_layers': 3, 'model__module__patch_size': 16, 'model__optimizer__weight_decay': 0.0001}",0.790610718737017,0.8706594456833386,0.9287234042553192,0.8950829940494833,0.7894736842105263,0.854910049387137,0.05608322767640098,73,0.8796545768566494,0.9382735148514851,0.8912859560067682,0.8836746148136079,0.9007603041216488,0.8987297933300319,0.021041681889070223
139,2.0463608741760253,0.11993668970967421,0.02529902458190918,0.0027494098771813015,64,10,0.0002,500,128,384,0.1,4,3,32,0.0001,"{'model__batch_size': 64, 'model__callbacks__early_stopping__patience': 10, 'model__lr': 0.0002, 'model__max_epochs': 500, 'model__module__d_model': 128, 'model__module__dim_feedforward': 384, 'model__module__dropout': 0.1, 'model__module__nhead': 4, 'model__module__num_layers': 3, 'model__module__patch_size': 32, 'model__optimizer__weight_decay': 0.0001}",0.7723577235772358,0.888030888030888,0.8612836438923395,0.884042921426099,0.7678025851938896,0.8347035524240903,0.05356756688488768,217,0.93410607657183,0.9279857673267327,0.908257972394098,0.8885831149982093,0.9071230619429256,0.913211198646759,0.01626669091252091
140,2.2206940174102785,0.351892933191628,0.02535872459411621,0.002971715225518814,64,10,0.0002,500,128,384,0.25,4,2,16,0.0001,"{'model__batch_size': 64, 'model__callbacks__early_stopping__patience': 10, 'model__lr': 0.0002, 'model__max_epochs': 500, 'model__module__d_model': 128, 'model__module__dim_feedforward': 384, 'model__module__dropout': 0.25, 'model__module__nhead': 4, 'model__module__num_layers': 2, 'model__module__patch_size': 16, 'model__optimizer__weight_decay': 0.0001}",0.8095238095238095,0.888030888030888,0.8734143049932523,0.8768382352941176,0.8035252643948296,0.8502665004473794,0.0360908213512258,119,0.8818237939853603,0.9101119128550699,0.8692750615475391,0.890433557619233,0.8928282885218797,0.8888945229058164,0.013438297864576575
141,1.61156325340271,0.1672074968130483,0.023675966262817382,0.003476356215269071,64,10,0.0002,500,128,384,0.25,4,2,32,0.0001,"{'model__batch_size': 64, 'model__callbacks__early_stopping__patience': 10, 'model__lr': 0.0002, 'model__max_epochs': 500, 'model__module__d_model': 128, 'model__module__dim_feedforward': 384, 'model__module__dropout': 0.25, 'model__module__nhead': 4, 'model__module__num_layers': 2, 'model__module__patch_size': 32, 'model__optimizer__weight_decay': 0.0001}",0.790610718737017,0.8535353535353536,0.8693229311786013,0.8278899082568807,0.7871148459383753,0.8256947515292457,0.03287136859032331,251,0.8964524060414472,0.8802970074251857,0.8775342228383296,0.8552927927927928,0.937643850453552,0.8894440559102614,0.02743777891114694
142,2.756537437438965,0.5976293090265867,0.027195310592651366,0.0036373825909399235,64,10,0.0002,500,128,384,0.25,4,3,16,0.0001,"{'model__batch_size': 64, 'model__callbacks__early_stopping__patience': 10, 'model__lr': 0.0002, 'model__max_epochs': 500, 'model__module__d_model': 128, 'model__module__dim_feedforward': 384, 'model__module__dropout': 0.25, 'model__module__nhead': 4, 'model__module__num_layers': 3, 'model__module__patch_size': 16, 'model__optimizer__weight_decay': 0.0001}",0.8095238095238095,0.8706594456833386,0.9306418219461698,0.8950829940494833,0.775811209439528,0.856343856128466,0.056397639281451126,57,0.8536159056150316,0.9224263633712453,0.8744258770643994,0.8724096717844994,0.8978353681372182,0.8841426371944788,0.023736443778749918
143,1.981108045578003,0.5156121386705804,0.02483391761779785,0.004251583929407082,64,10,0.0002,500,128,384,0.25,4,3,32,0.0001,"{'model__batch_size': 64, 'model__callbacks__early_stopping__patience': 10, 'model__lr': 0.0002, 'model__max_epochs': 500, 'model__module__d_model': 128, 'model__module__dim_feedforward': 384, 'model__module__dropout': 0.25, 'model__module__nhead': 4, 'model__module__num_layers': 3, 'model__module__patch_size': 32, 'model__optimizer__weight_decay': 0.0001}",0.8291938997821351,0.8679674796747967,0.8930851063829788,0.9097035040431267,0.8180076628352491,0.8635915305436572,0.03542998742271179,24,0.8797019481102433,0.9584017515051998,0.8719430769537401,0.878894690215445,0.9095498608311738,0.8996982655231605,0.032081599538496736
144,11.329520177841186,1.4378363413527677,0.024343347549438475,0.003381455920597981,128,10,3e-05,500,96,128,0.1,4,2,16,0.0001,"{'model__batch_size': 128, 'model__callbacks__early_stopping__patience': 10, 'model__lr': 3e-05, 'model__max_epochs': 500, 'model__module__d_model': 96, 'model__module__dim_feedforward': 128, 'model__module__dropout': 0.1, 'model__module__nhead': 4, 'model__module__num_layers': 2, 'model__module__patch_size': 16, 'model__optimizer__weight_decay': 0.0001}",0.790610718737017,0.8706594456833386,0.9121426698137949,0.8899835796387521,0.7958485958485959,0.8518490019442997,0.049657986281785256,100,0.9093934055766116,0.8925500605920711,0.8924321846411416,0.8910345359235277,0.9050440320012897,0.8980908437469284,0.007597458940430557
145,7.74025526046753,1.1940663998995857,0.022680377960205077,0.002558178166088087,128,10,3e-05,500,96,128,0.1,4,2,32,0.0001,"{'model__batch_size': 128, 'model__callbacks__early_stopping__patience': 10, 'model__lr': 3e-05, 'model__max_epochs': 500, 'model__module__d_model': 96, 'model__module__dim_feedforward': 128, 'model__module__dropout': 0.1, 'model__module__nhead': 4, 'model__module__num_layers': 2, 'model__module__patch_size': 32, 'model__optimizer__weight_decay': 0.0001}",0.790610718737017,0.833705001592864,0.8010796221322537,0.9045584045584045,0.7958485958485959,0.825160468573827,0.04244949833605437,255,0.8870389884088514,0.8960043787629994,0.8809825833081647,0.8778354533873329,0.9157726500849066,0.8915268107904509,0.013613845074102045
146,12.610790348052978,1.4177897087877809,0.026212692260742188,0.00433070093599193,128,10,3e-05,500,96,128,0.1,4,3,16,0.0001,"{'model__batch_size': 128, 'model__callbacks__early_stopping__patience': 10, 'model__lr': 3e-05, 'model__max_epochs': 500, 'model__module__d_model': 96, 'model__module__dim_feedforward': 128, 'model__module__dropout': 0.1, 'model__module__nhead': 4, 'model__module__num_layers': 3, 'model__module__patch_size': 16, 'model__optimizer__weight_decay': 0.0001}",0.790610718737017,0.888030888030888,0.9287234042553192,0.9097035040431267,0.7587301587301587,0.8551597347593021,0.06772353735211412,70,0.8893257922614238,0.9120832118207447,0.8843478972344951,0.8778354533873329,0.9004815409309791,0.8928147791269951,0.012151485941868712
147,7.485137557983398,1.1410978578118778,0.024326229095458986,0.0030876598643410093,128,10,3e-05,500,96,128,0.1,4,3,32,0.0001,"{'model__batch_size': 128, 'model__callbacks__early_stopping__patience': 10, 'model__lr': 3e-05, 'model__max_epochs': 500, 'model__module__d_model': 96, 'model__module__dim_feedforward': 128, 'model__module__dropout': 0.1, 'model__module__nhead': 4, 'model__module__num_layers': 3, 'model__module__patch_size': 32, 'model__optimizer__weight_decay': 0.0001}",0.790610718737017,0.888030888030888,0.8734143049932523,0.884042921426099,0.7726819541375873,0.8417561574649687,0.04963639968443003,179,0.8797019481102433,0.9101119128550699,0.8719430769537401,0.8582891259293062,0.8950486669487939,0.8830189461594307,0.018022121906008774
148,12.436071348190307,0.7263399080878328,0.02370305061340332,0.002490401431318269,128,10,3e-05,500,96,128,0.25,4,2,16,0.0001,"{'model__batch_size': 128, 'model__callbacks__early_stopping__patience': 10, 'model__lr': 3e-05, 'model__max_epochs': 500, 'model__module__d_model': 96, 'model__module__dim_feedforward': 128, 'model__module__dropout': 0.25, 'model__module__nhead': 4, 'model__module__num_layers': 2, 'model__module__patch_size': 16, 'model__optimizer__weight_decay': 0.0001}",0.8291938997821351,0.8706594456833386,0.8959627329192547,0.8645552560646901,0.7958485958485959,0.8512439860596028,0.03495360314394029,107,0.9058658236740429,0.9111154791154792,0.9111070418523266,0.8929653187944874,0.9210631017744888,0.908423353042165,0.0091619294443023
149,8.71729760169983,0.7775493096189136,0.022127246856689452,0.0021647865261324394,128,10,3e-05,500,96,128,0.25,4,2,32,0.0001,"{'model__batch_size': 128, 'model__callbacks__early_stopping__patience': 10, 'model__lr': 3e-05, 'model__max_epochs': 500, 'model__module__d_model': 96, 'model__module__dim_feedforward': 128, 'model__module__dropout': 0.25, 'model__module__nhead': 4, 'model__module__num_layers': 2, 'model__module__patch_size': 32, 'model__optimizer__weight_decay': 0.0001}",0.790610718737017,0.8706594456833386,0.8930851063829788,0.809116809116809,0.7452107279693487,0.8217365615778984,0.053792830171342995,265,0.8870389884088514,0.9185610409491006,0.9053755522827688,0.8973817808453597,0.9074172315551625,0.9031549188082486,0.01052140158891655
150,12.256136608123779,2.8536928079864725,0.024487113952636717,0.00281537542607197,128,10,3e-05,500,96,128,0.25,4,3,16,0.0001,"{'model__batch_size': 128, 'model__callbacks__early_stopping__patience': 10, 'model__lr': 3e-05, 'model__max_epochs': 500, 'model__module__d_model': 96, 'model__module__dim_feedforward': 128, 'model__module__dropout': 0.25, 'model__module__nhead': 4, 'model__module__num_layers': 3, 'model__module__patch_size': 16, 'model__optimizer__weight_decay': 0.0001}",0.8095238095238095,0.9056910569105692,0.8898026315789473,0.9339901477832513,0.7587301587301587,0.8595475609053471,0.06519634123132735,40,0.8850361049546007,0.8662592821782178,0.8843478972344951,0.892016806722689,0.9004815409309791,0.8856283264041963,0.01130115712562474
151,7.877660655975342,1.794926570425342,0.022733306884765624,0.0024345769004450756,128,10,3e-05,500,96,128,0.25,4,3,32,0.0001,"{'model__batch_size': 128, 'model__callbacks__early_stopping__patience': 10, 'model__lr': 3e-05, 'model__max_epochs': 500, 'model__module__d_model': 96, 'model__module__dim_feedforward': 128, 'model__module__dropout': 0.25, 'model__module__nhead': 4, 'model__module__num_layers': 3, 'model__module__patch_size': 32, 'model__optimizer__weight_decay': 0.0001}",0.7723577235772358,0.888030888030888,0.8530701754385965,0.8770642201834863,0.810568295114656,0.8402182604689725,0.043111522201823016,186,0.9066592365561438,0.9272030651340997,0.8751619170984456,0.8767386091127098,0.9021464646464648,0.8975818585095727,0.01958440768354478
152,9.111302661895753,0.8102726145461867,0.02522430419921875,0.0025412220628206568,128,10,3e-05,500,96,256,0.1,4,2,16,0.0001,"{'model__batch_size': 128, 'model__callbacks__early_stopping__patience': 10, 'model__lr': 3e-05, 'model__max_epochs': 500, 'model__module__d_model': 96, 'model__module__dim_feedforward': 256, 'model__module__dropout': 0.1, 'model__module__nhead': 4, 'model__module__num_layers': 2, 'model__module__patch_size': 16, 'model__optimizer__weight_decay': 0.0001}",0.8095238095238095,0.888030888030888,0.9287234042553192,0.8899835796387521,0.8020833333333333,0.8636690029564204,0.04948238109365581,23,0.8998558693215182,0.9168035030103996,0.8937138130686517,0.8964604316546763,0.9004815409309791,0.9014630315972448,0.00804925775057032
153,7.012157678604126,0.9726861320053015,0.022101211547851562,0.002908341480219041,128,10,3e-05,500,96,256,0.1,4,2,32,0.0001,"{'model__batch_size': 128, 'model__callbacks__early_stopping__patience': 10, 'model__lr': 3e-05, 'model__max_epochs': 500, 'model__module__d_model': 96, 'model__module__dim_feedforward': 256, 'model__module__dropout': 0.1, 'model__module__nhead': 4, 'model__module__num_layers': 2, 'model__module__patch_size': 32, 'model__optimizer__weight_decay': 0.0001}",0.754679410593389,0.8706594456833386,0.8734143049932523,0.884042921426099,0.7958485958485959,0.835728935708935,0.05125238692954167,209,0.8870389884088514,0.8960043787629994,0.8719430769537401,0.8680622896583194,0.8959544501048846,0.883800636777759,0.011793478817988309
154,9.943962478637696,2.1080054384475426,0.02443552017211914,0.002600224341891752,128,10,3e-05,500,96,256,0.1,4,3,16,0.0001,"{'model__batch_size': 128, 'model__callbacks__early_stopping__patience': 10, 'model__lr': 3e-05, 'model__max_epochs': 500, 'model__module__d_model': 96, 'model__module__dim_feedforward': 256, 'model__module__dropout': 0.1, 'model__module__nhead': 4, 'model__module__num_layers': 3, 'model__module__patch_size': 16, 'model__optimizer__weight_decay': 0.0001}",0.790610718737017,0.8706594456833386,0.8734143049932523,0.884042921426099,0.7958485958485959,0.8429151973376605,0.040847159093783635,173,0.8731337848663608,0.9006584766584766,0.8843478972344951,0.886599520383693,0.9157726500849066,0.8921024658455865,0.014722157071203834
155,7.007702445983886,1.3741352086220058,0.02545166015625,0.005795825621771482,128,10,3e-05,500,96,256,0.1,4,3,32,0.0001,"{'model__batch_size': 128, 'model__callbacks__early_stopping__patience': 10, 'model__lr': 3e-05, 'model__max_epochs': 500, 'model__module__d_model': 96, 'model__module__dim_feedforward': 256, 'model__module__dropout': 0.1, 'model__module__nhead': 4, 'model__module__num_layers': 3, 'model__module__patch_size': 32, 'model__optimizer__weight_decay': 0.0001}",0.7723577235772358,0.8679674796747967,0.8319866258010589,0.9304257528556594,0.7347956131605184,0.8275066390138537,0.06911762595922889,246,0.8936507936507936,0.9637989695732478,0.8843478972344951,0.8637740421020748,0.9066542522633174,0.9024451909647858,0.033711462636289456
156,11.818689060211181,1.3262492609804257,0.023143863677978514,0.002475727539376099,128,10,3e-05,500,96,256,0.25,4,2,16,0.0001,"{'model__batch_size': 128, 'model__callbacks__early_stopping__patience': 10, 'model__lr': 3e-05, 'model__max_epochs': 500, 'model__module__d_model': 96, 'model__module__dim_feedforward': 256, 'model__module__dropout': 0.25, 'model__module__nhead': 4, 'model__module__num_layers': 2, 'model__module__patch_size': 16, 'model__optimizer__weight_decay': 0.0001}",0.8095238095238095,0.9056910569105692,0.8930851063829788,0.8899835796387521,0.832967032967033,0.8662501170846285,0.037853980735630954,13,0.9033189033189033,0.8960043787629994,0.8843478972344951,0.8910345359235277,0.9066542522633174,0.8962719935006487,0.008088719135760264
157,7.194890403747559,0.9957517389809328,0.02213134765625,0.0027880326305327824,128,10,3e-05,500,96,256,0.25,4,2,32,0.0001,"{'model__batch_size': 128, 'model__callbacks__early_stopping__patience': 10, 'model__lr': 3e-05, 'model__max_epochs': 500, 'model__module__d_model': 96, 'model__module__dim_feedforward': 256, 'model__module__dropout': 0.25, 'model__module__nhead': 4, 'model__module__num_layers': 2, 'model__module__patch_size': 32, 'model__optimizer__weight_decay': 0.0001}",0.7723577235772358,0.8706594456833386,0.8163377192982456,0.9097035040431267,0.7726819541375873,0.8283480693479068,0.054381693670370344,243,0.8964524060414472,0.8889617747033216,0.8784370179948586,0.882200152788388,0.9256817500749175,0.8943466203205868,0.016828388943795385
158,11.721149778366089,2.0587604747594863,0.024928951263427736,0.002257845512939681,128,10,3e-05,500,96,256,0.25,4,3,16,0.0001,"{'model__batch_size': 128, 'model__callbacks__early_stopping__patience': 10, 'model__lr': 3e-05, 'model__max_epochs': 500, 'model__module__d_model': 96, 'model__module__dim_feedforward': 256, 'model__module__dropout': 0.25, 'model__module__nhead': 4, 'model__module__num_layers': 3, 'model__module__patch_size': 16, 'model__optimizer__weight_decay': 0.0001}",0.8291938997821351,0.888030888030888,0.9095816464237516,0.8899835796387521,0.8035252643948296,0.8640630556540714,0.04049433259089504,22,0.8839826839826841,0.8936627895909082,0.8948617247586319,0.8895243435192972,0.9074172315551625,0.8938897546813367,0.007761388200535815
159,7.547882223129273,1.413313648836641,0.022801637649536133,0.002717180622124918,128,10,3e-05,500,96,256,0.25,4,3,32,0.0001,"{'model__batch_size': 128, 'model__callbacks__early_stopping__patience': 10, 'model__lr': 3e-05, 'model__max_epochs': 500, 'model__module__d_model': 96, 'model__module__dim_feedforward': 256, 'model__module__dropout': 0.25, 'model__module__nhead': 4, 'model__module__num_layers': 3, 'model__module__patch_size': 32, 'model__optimizer__weight_decay': 0.0001}",0.790610718737017,0.888030888030888,0.8734143049932523,0.884042921426099,0.7320799059929495,0.8336357478360412,0.06204319491627701,229,0.9007319869477026,0.901740060270244,0.8959682642487047,0.8778354533873329,0.9126418786692759,0.8977835287046521,0.01136959986650576
160,9.000457429885865,1.301043129712929,0.023305892944335938,0.00251293351120865,128,10,3e-05,500,96,384,0.1,4,2,16,0.0001,"{'model__batch_size': 128, 'model__callbacks__early_stopping__patience': 10, 'model__lr': 3e-05, 'model__max_epochs': 500, 'model__module__d_model': 96, 'model__module__dim_feedforward': 384, 'model__module__dropout': 0.1, 'model__module__nhead': 4, 'model__module__num_layers': 2, 'model__module__patch_size': 16, 'model__optimizer__weight_decay': 0.0001}",0.8291938997821351,0.888030888030888,0.9287234042553192,0.884042921426099,0.7958485958485959,0.8651679418686073,0.04694162203500252,20,0.8774308032855862,0.8971225247524752,0.8937138130686517,0.886599520383693,0.9050440320012897,0.8919821386983392,0.009388815301023019
161,6.48258638381958,0.5344033911379127,0.021283864974975586,0.0023152136863550336,128,10,3e-05,500,96,384,0.1,4,2,32,0.0001,"{'model__batch_size': 128, 'model__callbacks__early_stopping__patience': 10, 'model__lr': 3e-05, 'model__max_epochs': 500, 'model__module__d_model': 96, 'model__module__dim_feedforward': 384, 'model__module__dropout': 0.1, 'model__module__nhead': 4, 'model__module__num_layers': 2, 'model__module__patch_size': 32, 'model__optimizer__weight_decay': 0.0001}",0.7723577235772358,0.9056910569105692,0.8693229311786013,0.884042921426099,0.7726819541375873,0.8408193174460186,0.05695396146306057,183,0.9007319869477026,0.915876027830487,0.8602839021443672,0.892016806722689,0.8968283840805087,0.8931474215451509,0.018269941754086517
162,10.664966106414795,2.7022903510387137,0.025929784774780272,0.0036757765660561104,128,10,3e-05,500,96,384,0.1,4,3,16,0.0001,"{'model__batch_size': 128, 'model__callbacks__early_stopping__patience': 10, 'model__lr': 3e-05, 'model__max_epochs': 500, 'model__module__d_model': 96, 'model__module__dim_feedforward': 384, 'model__module__dropout': 0.1, 'model__module__nhead': 4, 'model__module__num_layers': 3, 'model__module__patch_size': 16, 'model__optimizer__weight_decay': 0.0001}",0.8095238095238095,0.888030888030888,0.8734143049932523,0.8899835796387521,0.7816091954022988,0.8485123555178002,0.04449229929307344,129,0.8893257922614238,0.8995368437791957,0.8890077120822621,0.8723834988540871,0.9066542522633174,0.8913816198480573,0.011580599679694189
163,6.2737644672393795,0.5720864229870539,0.023511505126953124,0.002978660113902709,128,10,3e-05,500,96,384,0.1,4,3,32,0.0001,"{'model__batch_size': 128, 'model__callbacks__early_stopping__patience': 10, 'model__lr': 3e-05, 'model__max_epochs': 500, 'model__module__d_model': 96, 'model__module__dim_feedforward': 384, 'model__module__dropout': 0.1, 'model__module__nhead': 4, 'model__module__num_layers': 3, 'model__module__patch_size': 32, 'model__optimizer__weight_decay': 0.0001}",0.7723577235772358,0.8855263157894737,0.9121426698137949,0.8645552560646901,0.7088122605363985,0.8286788451563186,0.07619058819549565,241,0.8903183330664246,0.8797444717444718,0.879733056623736,0.8745870870870871,0.8968283840805087,0.8842422665204456,0.00811313208984796
164,9.697500514984132,1.3946123389358411,0.023539924621582033,0.003043075943660704,128,10,3e-05,500,96,384,0.25,4,2,16,0.0001,"{'model__batch_size': 128, 'model__callbacks__early_stopping__patience': 10, 'model__lr': 3e-05, 'model__max_epochs': 500, 'model__module__d_model': 96, 'model__module__dim_feedforward': 384, 'model__module__dropout': 0.25, 'model__module__nhead': 4, 'model__module__num_layers': 2, 'model__module__patch_size': 16, 'model__optimizer__weight_decay': 0.0001}",0.8095238095238095,0.9236842105263158,0.9287234042553192,0.9141025641025642,0.7587301587301587,0.8669528294276334,0.06966690717382375,11,0.8989496364126044,0.8810537571692427,0.8764423076923077,0.9026957443586249,0.9050440320012897,0.8928370955268139,0.01175756387989278
165,7.021750831604004,0.7982502768567832,0.022149038314819337,0.002783874409164678,128,10,3e-05,500,96,384,0.25,4,2,32,0.0001,"{'model__batch_size': 128, 'model__callbacks__early_stopping__patience': 10, 'model__lr': 3e-05, 'model__max_epochs': 500, 'model__module__d_model': 96, 'model__module__dim_feedforward': 384, 'model__module__dropout': 0.25, 'model__module__nhead': 4, 'model__module__num_layers': 2, 'model__module__patch_size': 32, 'model__optimizer__weight_decay': 0.0001}",0.790610718737017,0.888030888030888,0.9095816464237516,0.8645552560646901,0.7726819541375873,0.8450920926787868,0.05402389413516828,159,0.8955498866213152,0.9074102722772277,0.867483737902586,0.892016806722689,0.8968283840805087,0.8918578175208653,0.013223749770163941
166,10.075481510162353,0.9657610890187001,0.025392436981201173,0.0030797633058740263,128,10,3e-05,500,96,384,0.25,4,3,16,0.0001,"{'model__batch_size': 128, 'model__callbacks__early_stopping__patience': 10, 'model__lr': 3e-05, 'model__max_epochs': 500, 'model__module__d_model': 96, 'model__module__dim_feedforward': 384, 'model__module__dropout': 0.25, 'model__module__nhead': 4, 'model__module__num_layers': 3, 'model__module__patch_size': 16, 'model__optimizer__weight_decay': 0.0001}",0.8095238095238095,0.8855263157894737,0.8734143049932523,0.9097035040431267,0.8035252643948296,0.8563386397488983,0.042360803728498514,58,0.8850361049546007,0.8707106056187421,0.8948617247586319,0.871222633364169,0.9021464646464648,0.8847955066685218,0.012530360762909917
167,5.9433112144470215,0.49001714102679217,0.02485833168029785,0.006366399560532902,128,10,3e-05,500,96,384,0.25,4,3,32,0.0001,"{'model__batch_size': 128, 'model__callbacks__early_stopping__patience': 10, 'model__lr': 3e-05, 'model__max_epochs': 500, 'model__module__d_model': 96, 'model__module__dim_feedforward': 384, 'model__module__dropout': 0.25, 'model__module__nhead': 4, 'model__module__num_layers': 3, 'model__module__patch_size': 32, 'model__optimizer__weight_decay': 0.0001}",0.790610718737017,0.8679674796747967,0.8372469635627531,0.8711538461538462,0.8035252643948296,0.8341008545046484,0.032729280812223746,223,0.8955498866213152,0.8995368437791957,0.8661458333333334,0.8876086171163462,0.9036968002485244,0.890507596219743,0.013287638448362971
168,9.820653247833253,1.4293485865404887,0.023803901672363282,0.003090227208858364,128,10,3e-05,500,128,128,0.1,4,2,16,0.0001,"{'model__batch_size': 128, 'model__callbacks__early_stopping__patience': 10, 'model__lr': 3e-05, 'model__max_epochs': 500, 'model__module__d_model': 128, 'model__module__dim_feedforward': 128, 'model__module__dropout': 0.1, 'model__module__nhead': 4, 'model__module__num_layers': 2, 'model__module__patch_size': 16, 'model__optimizer__weight_decay': 0.0001}",0.8095238095238095,0.8535353535353536,0.8574468085106384,0.9141025641025642,0.8416666666666667,0.8552550404678065,0.03390215802704979,68,0.8946164295417174,0.9224263633712453,0.9006490467761297,0.9161822541966427,0.9119318181818181,0.9091611824135107,0.010168020324494565
169,6.018603181838989,0.664690223685482,0.022059202194213867,0.002703286801078471,128,10,3e-05,500,128,128,0.1,4,2,32,0.0001,"{'model__batch_size': 128, 'model__callbacks__early_stopping__patience': 10, 'model__lr': 3e-05, 'model__max_epochs': 500, 'model__module__d_model': 128, 'model__module__dim_feedforward': 128, 'model__module__dropout': 0.1, 'model__module__nhead': 4, 'model__module__num_layers': 2, 'model__module__patch_size': 32, 'model__optimizer__weight_decay': 0.0001}",0.7992831541218638,0.8855263157894737,0.8693229311786013,0.8278899082568807,0.7092896174863388,0.8182623853666315,0.06238522297737184,276,0.9007319869477026,0.9279857673267327,0.8855650906735751,0.8582891259293062,0.9407973263308665,0.9026738594416367,0.029531599397730156
170,9.386553049087524,0.9404998049840491,0.024709320068359374,0.0030694542842088796,128,10,3e-05,500,128,128,0.1,4,3,16,0.0001,"{'model__batch_size': 128, 'model__callbacks__early_stopping__patience': 10, 'model__lr': 3e-05, 'model__max_epochs': 500, 'model__module__d_model': 128, 'model__module__dim_feedforward': 128, 'model__module__dropout': 0.1, 'model__module__nhead': 4, 'model__module__num_layers': 3, 'model__module__patch_size': 16, 'model__optimizer__weight_decay': 0.0001}",0.7803921568627451,0.888030888030888,0.9287234042553192,0.9097035040431267,0.7726819541375873,0.8559063814659332,0.06611677026154443,63,0.8998558693215182,0.9334833708427107,0.9006490467761297,0.886599520383693,0.9119318181818181,0.906503925101174,0.015697223250136918
171,5.729241609573364,0.39515395619554483,0.022605276107788085,0.0027382805517378213,128,10,3e-05,500,128,128,0.1,4,3,32,0.0001,"{'model__batch_size': 128, 'model__callbacks__early_stopping__patience': 10, 'model__lr': 3e-05, 'model__max_epochs': 500, 'model__module__d_model': 128, 'model__module__dim_feedforward': 128, 'model__module__dropout': 0.1, 'model__module__nhead': 4, 'model__module__num_layers': 3, 'model__module__patch_size': 32, 'model__optimizer__weight_decay': 0.0001}",0.8095238095238095,0.8706594456833386,0.8930851063829788,0.8477272727272727,0.7484084542908073,0.8338808177216415,0.05088875778728483,227,0.8946164295417174,0.8960043787629994,0.870633242726266,0.8625668449197861,0.9111959894962998,0.8870033770894136,0.017829102598751253
172,8.58968472480774,0.4748324927187575,0.023238563537597658,0.002956589740522555,128,10,3e-05,500,128,128,0.25,4,2,16,0.0001,"{'model__batch_size': 128, 'model__callbacks__early_stopping__patience': 10, 'model__lr': 3e-05, 'model__max_epochs': 500, 'model__module__d_model': 128, 'model__module__dim_feedforward': 128, 'model__module__dropout': 0.25, 'model__module__nhead': 4, 'model__module__num_layers': 2, 'model__module__patch_size': 16, 'model__optimizer__weight_decay': 0.0001}",0.7723577235772358,0.8706594456833386,0.8959627329192547,0.9097035040431267,0.810568295114656,0.8518503402675224,0.05228758466619571,99,0.8912778904665315,0.9074102722772277,0.8877799263926143,0.8876086171163462,0.9119318181818181,0.8972017048869075,0.010364168139314274
173,6.64068078994751,0.8438856771287228,0.02268376350402832,0.0032281454258229854,128,10,3e-05,500,128,128,0.25,4,2,32,0.0001,"{'model__batch_size': 128, 'model__callbacks__early_stopping__patience': 10, 'model__lr': 3e-05, 'model__max_epochs': 500, 'model__module__d_model': 128, 'model__module__dim_feedforward': 128, 'model__module__dropout': 0.25, 'model__module__nhead': 4, 'model__module__num_layers': 2, 'model__module__patch_size': 32, 'model__optimizer__weight_decay': 0.0001}",0.7723577235772358,0.833705001592864,0.8769997377393128,0.8568376068376069,0.7229166666666667,0.8125633472827373,0.05694251055968868,284,0.8989496364126044,0.9074102722772277,0.8877799263926143,0.8778354533873329,0.9554090500449506,0.9054768677029461,0.02689533473340448
174,10.649180698394776,2.4134417444343836,0.02418937683105469,0.00274315071924822,128,10,3e-05,500,128,128,0.25,4,3,16,0.0001,"{'model__batch_size': 128, 'model__callbacks__early_stopping__patience': 10, 'model__lr': 3e-05, 'model__max_epochs': 500, 'model__module__d_model': 128, 'model__module__dim_feedforward': 128, 'model__module__dropout': 0.25, 'model__module__nhead': 4, 'model__module__num_layers': 3, 'model__module__patch_size': 16, 'model__optimizer__weight_decay': 0.0001}",0.8095238095238095,0.888030888030888,0.8801431127012522,0.9141025641025642,0.7816091954022988,0.8546819139521628,0.050339084159269756,76,0.8850361049546007,0.9176980198019802,0.9006490467761297,0.9063213429256595,0.9157726500849066,0.9050954329086552,0.011802355747987457
175,6.431361722946167,0.7959818846755299,0.022576665878295897,0.0022491678655087682,128,10,3e-05,500,128,128,0.25,4,3,32,0.0001,"{'model__batch_size': 128, 'model__callbacks__early_stopping__patience': 10, 'model__lr': 3e-05, 'model__max_epochs': 500, 'model__module__d_model': 128, 'model__module__dim_feedforward': 128, 'model__module__dropout': 0.25, 'model__module__nhead': 4, 'model__module__num_layers': 3, 'model__module__patch_size': 32, 'model__optimizer__weight_decay': 0.0001}",0.7619047619047619,0.888030888030888,0.8574468085106384,0.9304257528556594,0.7726819541375873,0.842098033087907,0.06541674236684589,176,0.8893257922614238,0.8880214313050134,0.8616985231100392,0.878894690215445,0.9217171717171717,0.8879315217218187,0.01956147621995574
176,10.678461933135987,1.5767615122496175,0.024858999252319335,0.003921412546093773,128,10,3e-05,500,128,256,0.1,4,2,16,0.0001,"{'model__batch_size': 128, 'model__callbacks__early_stopping__patience': 10, 'model__lr': 3e-05, 'model__max_epochs': 500, 'model__module__d_model': 128, 'model__module__dim_feedforward': 256, 'model__module__dropout': 0.1, 'model__module__nhead': 4, 'model__module__num_layers': 2, 'model__module__patch_size': 16, 'model__optimizer__weight_decay': 0.0001}",0.8095238095238095,0.8706594456833386,0.8574468085106384,0.9097035040431267,0.7625,0.8419667135521827,0.05102681567110771,178,0.8903183330664246,0.9341722030800861,0.9264032073310424,0.882200152788388,0.9263059886289349,0.9118799769789753,0.021268633377454327
177,6.242149496078492,0.647221026749892,0.021877193450927736,0.0025420535174136448,128,10,3e-05,500,128,256,0.1,4,2,32,0.0001,"{'model__batch_size': 128, 'model__callbacks__early_stopping__patience': 10, 'model__lr': 3e-05, 'model__max_epochs': 500, 'model__module__d_model': 128, 'model__module__dim_feedforward': 256, 'model__module__dropout': 0.1, 'model__module__nhead': 4, 'model__module__num_layers': 2, 'model__module__patch_size': 32, 'model__optimizer__weight_decay': 0.0001}",0.7723577235772358,0.8706594456833386,0.8769997377393128,0.9045584045584045,0.7229166666666667,0.8294983956449917,0.0695835265497037,240,0.8964524060414472,0.9287409108304632,0.8738340697103584,0.892016806722689,0.9407973263308665,0.9063683039271648,0.02469274396371608
178,9.204871702194215,0.9928630755755751,0.024765920639038087,0.0028013633860622714,128,10,3e-05,500,128,256,0.1,4,3,16,0.0001,"{'model__batch_size': 128, 'model__callbacks__early_stopping__patience': 10, 'model__lr': 3e-05, 'model__max_epochs': 500, 'model__module__d_model': 128, 'model__module__dim_feedforward': 256, 'model__module__dropout': 0.1, 'model__module__nhead': 4, 'model__module__num_layers': 3, 'model__module__patch_size': 16, 'model__optimizer__weight_decay': 0.0001}",0.790610718737017,0.8706594456833386,0.8530701754385965,0.9097035040431267,0.775811209439528,0.8399710106683214,0.050057781227055786,189,0.8797019481102433,0.9111154791154792,0.8588170664713423,0.8910345359235277,0.891461764939922,0.8864261589121029,0.017109260622025682
179,6.540479946136474,0.6950294368026523,0.022463607788085937,0.0025040335948995863,128,10,3e-05,500,128,256,0.1,4,3,32,0.0001,"{'model__batch_size': 128, 'model__callbacks__early_stopping__patience': 10, 'model__lr': 3e-05, 'model__max_epochs': 500, 'model__module__d_model': 128, 'model__module__dim_feedforward': 256, 'model__module__dropout': 0.1, 'model__module__nhead': 4, 'model__module__num_layers': 3, 'model__module__patch_size': 32, 'model__optimizer__weight_decay': 0.0001}",0.790610718737017,0.9056910569105692,0.8612836438923395,0.9304257528556594,0.7347956131605184,0.8445613571112208,0.07259250575003078,161,0.8946164295417174,0.9327695149217459,0.8843478972344951,0.8811285846438484,0.9402889245585875,0.9066302701800788,0.024929250315223996
180,9.152592992782592,1.4977918476823449,0.02418551445007324,0.003602733127036541,128,10,3e-05,500,128,256,0.25,4,2,16,0.0001,"{'model__batch_size': 128, 'model__callbacks__early_stopping__patience': 10, 'model__lr': 3e-05, 'model__max_epochs': 500, 'model__module__d_model': 128, 'model__module__dim_feedforward': 256, 'model__module__dropout': 0.25, 'model__module__nhead': 4, 'model__module__num_layers': 2, 'model__module__patch_size': 16, 'model__optimizer__weight_decay': 0.0001}",0.8095238095238095,0.8706594456833386,0.8769997377393128,0.8899835796387521,0.810568295114656,0.8515469735399739,0.03445490062277278,103,0.8818237939853603,0.9027833881547309,0.9043424317617866,0.886599520383693,0.9256817500749175,0.9002461768720977,0.015464802319513166
181,5.849818325042724,0.6768279730899273,0.021433019638061525,0.002371719904467018,128,10,3e-05,500,128,256,0.25,4,2,32,0.0001,"{'model__batch_size': 128, 'model__callbacks__early_stopping__patience': 10, 'model__lr': 3e-05, 'model__max_epochs': 500, 'model__module__d_model': 128, 'model__module__dim_feedforward': 256, 'model__module__dropout': 0.25, 'model__module__nhead': 4, 'model__module__num_layers': 2, 'model__module__patch_size': 32, 'model__optimizer__weight_decay': 0.0001}",0.7723577235772358,0.8729264475743349,0.8734143049932523,0.8770642201834863,0.7229166666666667,0.8237358725989952,0.06408712577323933,262,0.8964524060414472,0.8936627895909082,0.8692750615475391,0.8767386091127098,0.9366538952745849,0.8945565523134379,0.023380385936939616
182,10.23902153968811,1.1460018429882586,0.025534439086914062,0.0035554812698929505,128,10,3e-05,500,128,256,0.25,4,3,16,0.0001,"{'model__batch_size': 128, 'model__callbacks__early_stopping__patience': 10, 'model__lr': 3e-05, 'model__max_epochs': 500, 'model__module__d_model': 128, 'model__module__dim_feedforward': 256, 'model__module__dropout': 0.25, 'model__module__nhead': 4, 'model__module__num_layers': 3, 'model__module__patch_size': 16, 'model__optimizer__weight_decay': 0.0001}",0.8291938997821351,0.888030888030888,0.9306418219461698,0.9097035040431267,0.810568295114656,0.8736276817833952,0.046282559804741004,2,0.8936507936507936,0.9120832118207447,0.8855650906735751,0.882200152788388,0.9096429438911828,0.8966284385649368,0.012228383634193853
183,6.509738111495972,0.7097935668247783,0.02352008819580078,0.003430718858407215,128,10,3e-05,500,128,256,0.25,4,3,32,0.0001,"{'model__batch_size': 128, 'model__callbacks__early_stopping__patience': 10, 'model__lr': 3e-05, 'model__max_epochs': 500, 'model__module__d_model': 128, 'model__module__dim_feedforward': 256, 'model__module__dropout': 0.25, 'model__module__nhead': 4, 'model__module__num_layers': 3, 'model__module__patch_size': 32, 'model__optimizer__weight_decay': 0.0001}",0.790610718737017,0.8706594456833386,0.8930851063829788,0.8568376068376069,0.7484084542908073,0.8319202663863499,0.05393224824917838,230,0.8893257922614238,0.9074102722772277,0.9006490467761297,0.8778354533873329,0.9217171717171717,0.8993875472838571,0.015035287094546573
184,8.888887500762939,1.0781768989604168,0.030290842056274414,0.008801945497451053,128,10,3e-05,500,128,384,0.1,4,2,16,0.0001,"{'model__batch_size': 128, 'model__callbacks__early_stopping__patience': 10, 'model__lr': 3e-05, 'model__max_epochs': 500, 'model__module__d_model': 128, 'model__module__dim_feedforward': 384, 'model__module__dropout': 0.1, 'model__module__nhead': 4, 'model__module__num_layers': 2, 'model__module__patch_size': 16, 'model__optimizer__weight_decay': 0.0001}",0.790610718737017,0.8535353535353536,0.8930851063829788,0.9304257528556594,0.7484084542908073,0.8432130771603632,0.06626423487736491,170,0.8955498866213152,0.9176980198019802,0.8901910516999328,0.895506205347635,0.9058635500948956,0.9009617427131518,0.009789683811127856
185,6.019760417938232,0.8412549870770814,0.024279022216796876,0.003892571414156644,128,10,3e-05,500,128,384,0.1,4,2,32,0.0001,"{'model__batch_size': 128, 'model__callbacks__early_stopping__patience': 10, 'model__lr': 3e-05, 'model__max_epochs': 500, 'model__module__d_model': 128, 'model__module__dim_feedforward': 384, 'model__module__dropout': 0.1, 'model__module__nhead': 4, 'model__module__num_layers': 2, 'model__module__patch_size': 32, 'model__optimizer__weight_decay': 0.0001}",0.790610718737017,0.8706594456833386,0.8734143049932523,0.8278899082568807,0.7958485958485959,0.831684594703817,0.03534427669604843,231,0.9007319869477026,0.8913969087197433,0.8890077120822621,0.882200152788388,0.9150393970537856,0.8956752315183764,0.011356753854287747
186,9.69999656677246,1.5199875002103378,0.027627897262573243,0.004466022917557493,128,10,3e-05,500,128,384,0.1,4,3,16,0.0001,"{'model__batch_size': 128, 'model__callbacks__early_stopping__patience': 10, 'model__lr': 3e-05, 'model__max_epochs': 500, 'model__module__d_model': 128, 'model__module__dim_feedforward': 384, 'model__module__dropout': 0.1, 'model__module__nhead': 4, 'model__module__num_layers': 3, 'model__module__patch_size': 16, 'model__optimizer__weight_decay': 0.0001}",0.8095238095238095,0.8706594456833386,0.8930851063829788,0.9304257528556594,0.7726819541375873,0.8552752137166747,0.05697140269124337,67,0.8785857963503253,0.9168035030103996,0.8738340697103584,0.8680622896583194,0.9058635500948956,0.8886298417648597,0.01914981884727073
187,6.415623712539673,0.8123664080957282,0.023859357833862303,0.003106922458733718,128,10,3e-05,500,128,384,0.1,4,3,32,0.0001,"{'model__batch_size': 128, 'model__callbacks__early_stopping__patience': 10, 'model__lr': 3e-05, 'model__max_epochs': 500, 'model__module__d_model': 128, 'model__module__dim_feedforward': 384, 'model__module__dropout': 0.1, 'model__module__nhead': 4, 'model__module__num_layers': 3, 'model__module__patch_size': 32, 'model__optimizer__weight_decay': 0.0001}",0.790610718737017,0.888030888030888,0.8801431127012522,0.884042921426099,0.7484084542908073,0.8382472190372127,0.057742819075071665,194,0.8955498866213152,0.9111154791154792,0.9063714378238341,0.8680622896583194,0.9223483365949119,0.9006894859627721,0.01844473442995077
188,9.046079969406128,1.1724964868891588,0.025243377685546874,0.003273032048431828,128,10,3e-05,500,128,384,0.25,4,2,16,0.0001,"{'model__batch_size': 128, 'model__callbacks__early_stopping__patience': 10, 'model__lr': 3e-05, 'model__max_epochs': 500, 'model__module__d_model': 128, 'model__module__dim_feedforward': 384, 'model__module__dropout': 0.25, 'model__module__nhead': 4, 'model__module__num_layers': 2, 'model__module__patch_size': 16, 'model__optimizer__weight_decay': 0.0001}",0.790610718737017,0.8706594456833386,0.8959627329192547,0.884042921426099,0.7871148459383753,0.845678132940817,0.047088305699982055,154,0.8797019481102433,0.9232500432800508,0.8901910516999328,0.882200152788388,0.9303370786516854,0.9011360549060601,0.021351864967371067
189,6.177568197250366,0.5046034946927774,0.02208995819091797,0.0023578714030179264,128,10,3e-05,500,128,384,0.25,4,2,32,0.0001,"{'model__batch_size': 128, 'model__callbacks__early_stopping__patience': 10, 'model__lr': 3e-05, 'model__max_epochs': 500, 'model__module__d_model': 128, 'model__module__dim_feedforward': 384, 'model__module__dropout': 0.25, 'model__module__nhead': 4, 'model__module__num_layers': 2, 'model__module__patch_size': 32, 'model__optimizer__weight_decay': 0.0001}",0.790610718737017,0.8706594456833386,0.8930851063829788,0.8568376068376069,0.7816091954022988,0.838560414608648,0.04445213216048379,193,0.9007319869477026,0.9139174963354971,0.8995784061696658,0.9026957443586249,0.9309302140526776,0.9095707695728337,0.011835178734671353
190,9.817272996902465,1.7976254998930867,0.026660060882568358,0.004508260087362094,128,10,3e-05,500,128,384,0.25,4,3,16,0.0001,"{'model__batch_size': 128, 'model__callbacks__early_stopping__patience': 10, 'model__lr': 3e-05, 'model__max_epochs': 500, 'model__module__d_model': 128, 'model__module__dim_feedforward': 384, 'model__module__dropout': 0.25, 'model__module__nhead': 4, 'model__module__num_layers': 3, 'model__module__patch_size': 16, 'model__optimizer__weight_decay': 0.0001}",0.8095238095238095,0.888030888030888,0.8769997377393128,0.8899835796387521,0.7958485958485959,0.8520773221562716,0.040799855768046324,96,0.8731337848663608,0.901740060270244,0.8764423076923077,0.8735044676662123,0.9104333868378812,0.8870508014666012,0.015825588605089834
191,6.006048965454101,0.5680492737392522,0.023319244384765625,0.0029822384452232154,128,10,3e-05,500,128,384,0.25,4,3,32,0.0001,"{'model__batch_size': 128, 'model__callbacks__early_stopping__patience': 10, 'model__lr': 3e-05, 'model__max_epochs': 500, 'model__module__d_model': 128, 'model__module__dim_feedforward': 384, 'model__module__dropout': 0.25, 'model__module__nhead': 4, 'model__module__num_layers': 3, 'model__module__patch_size': 32, 'model__optimizer__weight_decay': 0.0001}",0.790610718737017,0.8706594456833386,0.8734143049932523,0.9304257528556594,0.7726819541375873,0.8475584352813709,0.05816993183801928,138,0.8700781039590627,0.9027833881547309,0.8890077120822621,0.8668776978417266,0.9217171717171717,0.8900928147509909,0.020502967374685835
192,4.248103094100952,0.49639181587275166,0.023708391189575195,0.002539897002513701,128,10,0.0001,500,96,128,0.1,4,2,16,0.0001,"{'model__batch_size': 128, 'model__callbacks__early_stopping__patience': 10, 'model__lr': 0.0001, 'model__max_epochs': 500, 'model__module__d_model': 96, 'model__module__dim_feedforward': 128, 'model__module__dropout': 0.1, 'model__module__nhead': 4, 'model__module__num_layers': 2, 'model__module__patch_size': 16, 'model__optimizer__weight_decay': 0.0001}",0.8095238095238095,0.8535353535353536,0.8769997377393128,0.8899835796387521,0.7587301587301587,0.8377545278334774,0.048081013261622334,198,0.8860544217687075,0.9027833881547309,0.9111070418523266,0.886599520383693,0.887926122408881,0.8948940989136677,0.010203852459239817
193,3.1283267974853515,0.21826321080234787,0.022553396224975587,0.0031081378947721058,128,10,0.0001,500,96,128,0.1,4,2,32,0.0001,"{'model__batch_size': 128, 'model__callbacks__early_stopping__patience': 10, 'model__lr': 0.0001, 'model__max_epochs': 500, 'model__module__d_model': 96, 'model__module__dim_feedforward': 128, 'model__module__dropout': 0.1, 'model__module__nhead': 4, 'model__module__num_layers': 2, 'model__module__patch_size': 32, 'model__optimizer__weight_decay': 0.0001}",0.754679410593389,0.8535353535353536,0.8319866258010589,0.8278899082568807,0.7816091954022988,0.8099400987177962,0.03623582480414999,286,0.8870389884088514,0.8752052545155993,0.8738340697103584,0.8735044676662123,0.9422180801491147,0.8903601720900272,0.02640898047060088
194,5.072562408447266,0.9055585587705945,0.024544572830200194,0.0023407064076987455,128,10,0.0001,500,96,128,0.1,4,3,16,0.0001,"{'model__batch_size': 128, 'model__callbacks__early_stopping__patience': 10, 'model__lr': 0.0001, 'model__max_epochs': 500, 'model__module__d_model': 96, 'model__module__dim_feedforward': 128, 'model__module__dropout': 0.1, 'model__module__nhead': 4, 'model__module__num_layers': 3, 'model__module__patch_size': 16, 'model__optimizer__weight_decay': 0.0001}",0.8095238095238095,0.888030888030888,0.8930851063829788,0.9141025641025642,0.7894736842105263,0.8588432104501533,0.04964384877133787,44,0.8850361049546007,0.901740060270244,0.8830851943755169,0.8929653187944874,0.9126418786692759,0.895093711412825,0.010972712622105064
195,3.254998731613159,0.23339370033300655,0.022123146057128906,0.002035260618183319,128,10,0.0001,500,96,128,0.1,4,3,32,0.0001,"{'model__batch_size': 128, 'model__callbacks__early_stopping__patience': 10, 'model__lr': 0.0001, 'model__max_epochs': 500, 'model__module__d_model': 96, 'model__module__dim_feedforward': 128, 'model__module__dropout': 0.1, 'model__module__nhead': 4, 'model__module__num_layers': 3, 'model__module__patch_size': 32, 'model__optimizer__weight_decay': 0.0001}",0.806674338319908,0.9056910569105692,0.8530701754385965,0.8770642201834863,0.7894736842105263,0.8463946950126173,0.04317163085635031,145,0.8889119170984456,0.932029484029484,0.8821876307974409,0.8982715397809737,0.9081535192873711,0.9019108181987431,0.01742024825764571
196,4.72069993019104,0.5692417770619473,0.023479986190795898,0.002669073400789425,128,10,0.0001,500,96,128,0.25,4,2,16,0.0001,"{'model__batch_size': 128, 'model__callbacks__early_stopping__patience': 10, 'model__lr': 0.0001, 'model__max_epochs': 500, 'model__module__d_model': 96, 'model__module__dim_feedforward': 128, 'model__module__dropout': 0.25, 'model__module__nhead': 4, 'model__module__num_layers': 2, 'model__module__patch_size': 16, 'model__optimizer__weight_decay': 0.0001}",0.7803921568627451,0.8706594456833386,0.9287234042553192,0.8899835796387521,0.7958485958485959,0.8531214364577501,0.056483242265663515,90,0.8839826839826841,0.9111154791154792,0.8855650906735751,0.8964604316546763,0.9217171717171717,0.8997681714287171,0.01464493267078652
197,3.107797718048096,0.3155914810786308,0.02145495414733887,0.0024129137785073103,128,10,0.0001,500,96,128,0.25,4,2,32,0.0001,"{'model__batch_size': 128, 'model__callbacks__early_stopping__patience': 10, 'model__lr': 0.0001, 'model__max_epochs': 500, 'model__module__d_model': 96, 'model__module__dim_feedforward': 128, 'model__module__dropout': 0.25, 'model__module__nhead': 4, 'model__module__num_layers': 2, 'model__module__patch_size': 32, 'model__optimizer__weight_decay': 0.0001}",0.790610718737017,0.8679674796747967,0.8734143049932523,0.8568376068376069,0.7816091954022988,0.8340878611289944,0.03963892263079502,224,0.9058658236740429,0.8648056923918992,0.870633242726266,0.9079599645637382,0.9371576710913592,0.8972844788894611,0.026618177587669968
198,4.924033689498901,0.5661031285466087,0.025142526626586913,0.004047080074671519,128,10,0.0001,500,96,128,0.25,4,3,16,0.0001,"{'model__batch_size': 128, 'model__callbacks__early_stopping__patience': 10, 'model__lr': 0.0001, 'model__max_epochs': 500, 'model__module__d_model': 96, 'model__module__dim_feedforward': 128, 'model__module__dropout': 0.25, 'model__module__nhead': 4, 'model__module__num_layers': 3, 'model__module__patch_size': 16, 'model__optimizer__weight_decay': 0.0001}",0.8095238095238095,0.9056910569105692,0.9121426698137949,0.8899835796387521,0.7894736842105263,0.8613629600194905,0.051416076218669726,33,0.8850361049546007,0.8948450347881087,0.9073317307692308,0.886599520383693,0.9119318181818181,0.8971488418154904,0.010821660884019233
199,3.6487069606781004,0.5112946377995862,0.023154163360595705,0.003063048719498663,128,10,0.0001,500,96,128,0.25,4,3,32,0.0001,"{'model__batch_size': 128, 'model__callbacks__early_stopping__patience': 10, 'model__lr': 0.0001, 'model__max_epochs': 500, 'model__module__d_model': 96, 'model__module__dim_feedforward': 128, 'model__module__dropout': 0.25, 'model__module__nhead': 4, 'model__module__num_layers': 3, 'model__module__patch_size': 32, 'model__optimizer__weight_decay': 0.0001}",0.8095238095238095,0.8706594456833386,0.8930851063829788,0.8950829940494833,0.7216117216117216,0.8379926154502664,0.06590387097096222,196,0.8828323103020128,0.9185610409491006,0.8776772965254641,0.9087375011681151,0.8896775815716689,0.8954971461032724,0.015614497647305898
200,4.199831581115722,0.4737488892858243,0.02341122627258301,0.0028994938487488598,128,10,0.0001,500,96,256,0.1,4,2,16,0.0001,"{'model__batch_size': 128, 'model__callbacks__early_stopping__patience': 10, 'model__lr': 0.0001, 'model__max_epochs': 500, 'model__module__d_model': 96, 'model__module__dim_feedforward': 256, 'model__module__dropout': 0.1, 'model__module__nhead': 4, 'model__module__num_layers': 2, 'model__module__patch_size': 16, 'model__optimizer__weight_decay': 0.0001}",0.790610718737017,0.8535353535353536,0.8959627329192547,0.8899835796387521,0.7958485958485959,0.8451881961357947,0.04487193376960614,157,0.8700781039590627,0.905360531309298,0.9016812644719621,0.9063213429256595,0.9074172315551625,0.8981716948442289,0.014178455560750562
201,2.9423768520355225,0.20553323997866094,0.021608877182006835,0.0024490569164267355,128,10,0.0001,500,96,256,0.1,4,2,32,0.0001,"{'model__batch_size': 128, 'model__callbacks__early_stopping__patience': 10, 'model__lr': 0.0001, 'model__max_epochs': 500, 'model__module__d_model': 96, 'model__module__dim_feedforward': 256, 'model__module__dropout': 0.1, 'model__module__nhead': 4, 'model__module__num_layers': 2, 'model__module__patch_size': 32, 'model__optimizer__weight_decay': 0.0001}",0.78125,0.8507078507078507,0.8319866258010589,0.8376600899965385,0.8035252643948296,0.8210259661800556,0.02516444496555915,269,0.8922057254778518,0.8856048166392994,0.8890077120822621,0.876643036479102,0.9280505966771755,0.8943023774711382,0.017657132380068993
202,4.745582246780396,0.3886109157939279,0.02446780204772949,0.0026321989403813237,128,10,0.0001,500,96,256,0.1,4,3,16,0.0001,"{'model__batch_size': 128, 'model__callbacks__early_stopping__patience': 10, 'model__lr': 0.0001, 'model__max_epochs': 500, 'model__module__d_model': 96, 'model__module__dim_feedforward': 256, 'model__module__dropout': 0.1, 'model__module__nhead': 4, 'model__module__num_layers': 3, 'model__module__patch_size': 16, 'model__optimizer__weight_decay': 0.0001}",0.790610718737017,0.9056910569105692,0.8769997377393128,0.8711538461538462,0.7894736842105263,0.8467858087502543,0.04778458196937502,139,0.8903183330664246,0.8797444717444718,0.8809825833081647,0.8799177646948884,0.8948747591522158,0.885167582393233,0.006248911032237572
203,2.891607236862183,0.40044398614625365,0.022946548461914063,0.002039946069338111,128,10,0.0001,500,96,256,0.1,4,3,32,0.0001,"{'model__batch_size': 128, 'model__callbacks__early_stopping__patience': 10, 'model__lr': 0.0001, 'model__max_epochs': 500, 'model__module__d_model': 96, 'model__module__dim_feedforward': 256, 'model__module__dropout': 0.1, 'model__module__nhead': 4, 'model__module__num_layers': 3, 'model__module__patch_size': 32, 'model__optimizer__weight_decay': 0.0001}",0.8095238095238095,0.8535353535353536,0.9121426698137949,0.9097035040431267,0.7726819541375873,0.8515174582107343,0.0548518137267571,104,0.8797019481102433,0.9168035030103996,0.8855650906735751,0.8703111858704794,0.9081535192873711,0.8921070493904137,0.017545070223637084
204,4.641223192214966,0.5839531070784244,0.024699831008911134,0.004554165546948308,128,10,0.0001,500,96,256,0.25,4,2,16,0.0001,"{'model__batch_size': 128, 'model__callbacks__early_stopping__patience': 10, 'model__lr': 0.0001, 'model__max_epochs': 500, 'model__module__d_model': 96, 'model__module__dim_feedforward': 256, 'model__module__dropout': 0.25, 'model__module__nhead': 4, 'model__module__num_layers': 2, 'model__module__patch_size': 16, 'model__optimizer__weight_decay': 0.0001}",0.7996422182468694,0.8706594456833386,0.9095816464237516,0.9141025641025642,0.8035252643948296,0.8595022277702707,0.04965937893431013,41,0.8688726600583513,0.8889617747033216,0.9006490467761297,0.8876086171163462,0.9074172315551625,0.8907018660418622,0.01317163763133218
205,3.266987371444702,0.10709125725559139,0.02347111701965332,0.0028586181587386588,128,10,0.0001,500,96,256,0.25,4,2,32,0.0001,"{'model__batch_size': 128, 'model__callbacks__early_stopping__patience': 10, 'model__lr': 0.0001, 'model__max_epochs': 500, 'model__module__d_model': 96, 'model__module__dim_feedforward': 256, 'model__module__dropout': 0.25, 'model__module__nhead': 4, 'model__module__num_layers': 2, 'model__module__patch_size': 32, 'model__optimizer__weight_decay': 0.0001}",0.7723577235772358,0.888030888030888,0.8372469635627531,0.8645552560646901,0.7871148459383753,0.8298611354347886,0.0442172821902928,239,0.8964524060414472,0.877841561423651,0.8602839021443672,0.8625668449197861,0.9203852327447832,0.8835059894548069,0.022527703593169093
206,5.2319268703460695,0.815785382446913,0.02531285285949707,0.0032767984252628757,128,10,0.0001,500,96,256,0.25,4,3,16,0.0001,"{'model__batch_size': 128, 'model__callbacks__early_stopping__patience': 10, 'model__lr': 0.0001, 'model__max_epochs': 500, 'model__module__d_model': 96, 'model__module__dim_feedforward': 256, 'model__module__dropout': 0.25, 'model__module__nhead': 4, 'model__module__num_layers': 3, 'model__module__patch_size': 16, 'model__optimizer__weight_decay': 0.0001}",0.8291938997821351,0.9236842105263158,0.9121426698137949,0.8950829940494833,0.7894736842105263,0.8699154916764511,0.05183964758886286,4,0.8731337848663608,0.9006584766584766,0.8959682642487047,0.8895243435192972,0.8853179190751446,0.8889205576735968,0.009486987593016367
207,2.9465291023254396,0.3187326470164028,0.0245821475982666,0.002457655590729558,128,10,0.0001,500,96,256,0.25,4,3,32,0.0001,"{'model__batch_size': 128, 'model__callbacks__early_stopping__patience': 10, 'model__lr': 0.0001, 'model__max_epochs': 500, 'model__module__d_model': 96, 'model__module__dim_feedforward': 256, 'model__module__dropout': 0.25, 'model__module__nhead': 4, 'model__module__num_layers': 3, 'model__module__patch_size': 32, 'model__optimizer__weight_decay': 0.0001}",0.8095238095238095,0.8535353535353536,0.8801431127012522,0.9097035040431267,0.7726819541375873,0.8451175467882258,0.04895472362824483,158,0.8536159056150316,0.8889617747033216,0.8844718068992475,0.86493993993994,0.8956548347613219,0.8775288523837725,0.01573389530283677
208,4.06809892654419,0.5058384645162163,0.023795413970947265,0.0026382854365711306,128,10,0.0001,500,96,384,0.1,4,2,16,0.0001,"{'model__batch_size': 128, 'model__callbacks__early_stopping__patience': 10, 'model__lr': 0.0001, 'model__max_epochs': 500, 'model__module__d_model': 96, 'model__module__dim_feedforward': 384, 'model__module__dropout': 0.1, 'model__module__nhead': 4, 'model__module__num_layers': 2, 'model__module__patch_size': 16, 'model__optimizer__weight_decay': 0.0001}",0.8291938997821351,0.9056910569105692,0.8930851063829788,0.9097035040431267,0.7587301587301587,0.8592807451697937,0.05805987458484753,43,0.8743145743145744,0.9006584766584766,0.8959682642487047,0.892016806722689,0.8976716769820219,0.8921259597852934,0.009333589810832849
209,2.9489646434783934,0.3658255341106106,0.02234787940979004,0.0022452998991587354,128,10,0.0001,500,96,384,0.1,4,2,32,0.0001,"{'model__batch_size': 128, 'model__callbacks__early_stopping__patience': 10, 'model__lr': 0.0001, 'model__max_epochs': 500, 'model__module__d_model': 96, 'model__module__dim_feedforward': 384, 'model__module__dropout': 0.1, 'model__module__nhead': 4, 'model__module__num_layers': 2, 'model__module__patch_size': 32, 'model__optimizer__weight_decay': 0.0001}",0.7723577235772358,0.8855263157894737,0.8898026315789473,0.9097035040431267,0.7320799059929495,0.8378940161963466,0.07157034920786602,197,0.8818237939853603,0.905360531309298,0.8867387820512821,0.8660661107802263,0.9269083407014442,0.8933795117655222,0.020935056613530154
210,5.273883104324341,1.512054296757522,0.02521543502807617,0.002551514959928995,128,10,0.0001,500,96,384,0.1,4,3,16,0.0001,"{'model__batch_size': 128, 'model__callbacks__early_stopping__patience': 10, 'model__lr': 0.0001, 'model__max_epochs': 500, 'model__module__d_model': 96, 'model__module__dim_feedforward': 384, 'model__module__dropout': 0.1, 'model__module__nhead': 4, 'model__module__num_layers': 3, 'model__module__patch_size': 16, 'model__optimizer__weight_decay': 0.0001}",0.790610718737017,0.888030888030888,0.9287234042553192,0.9141025641025642,0.7894736842105263,0.862188251867263,0.0603334331205664,29,0.872369697504189,0.919768353743138,0.8984675524504606,0.878894690215445,0.8809866589883866,0.8900973905803238,0.01716509651676091
211,3.131087827682495,0.48312547978255005,0.023028564453125,0.0026560788522531987,128,10,0.0001,500,96,384,0.1,4,3,32,0.0001,"{'model__batch_size': 128, 'model__callbacks__early_stopping__patience': 10, 'model__lr': 0.0001, 'model__max_epochs': 500, 'model__module__d_model': 96, 'model__module__dim_feedforward': 384, 'model__module__dropout': 0.1, 'model__module__nhead': 4, 'model__module__num_layers': 3, 'model__module__patch_size': 32, 'model__optimizer__weight_decay': 0.0001}",0.790610718737017,0.888030888030888,0.8218085106382979,0.8899835796387521,0.7320799059929495,0.8245027206075809,0.060035779623599905,259,0.8922057254778518,0.905360531309298,0.9026767384848424,0.882200152788388,0.8948747591522158,0.8954635814425191,0.008208022027529573
212,3.9841795921325684,0.3007845597334786,0.023970270156860353,0.002500440046003866,128,10,0.0001,500,96,384,0.25,4,2,16,0.0001,"{'model__batch_size': 128, 'model__callbacks__early_stopping__patience': 10, 'model__lr': 0.0001, 'model__max_epochs': 500, 'model__module__d_model': 96, 'model__module__dim_feedforward': 384, 'model__module__dropout': 0.25, 'model__module__nhead': 4, 'model__module__num_layers': 2, 'model__module__patch_size': 16, 'model__optimizer__weight_decay': 0.0001}",0.790610718737017,0.8706594456833386,0.9095816464237516,0.8711538461538462,0.8392479435957697,0.8562507201187446,0.039677717750514374,59,0.8850361049546007,0.8971225247524752,0.8913319238900634,0.90183346065699,0.8809866589883866,0.8912621346485032,0.007621690390952452
213,3.3091055393218993,0.5142700098003228,0.022536659240722658,0.0033212526678278306,128,10,0.0001,500,96,384,0.25,4,2,32,0.0001,"{'model__batch_size': 128, 'model__callbacks__early_stopping__patience': 10, 'model__lr': 0.0001, 'model__max_epochs': 500, 'model__module__d_model': 96, 'model__module__dim_feedforward': 384, 'model__module__dropout': 0.25, 'model__module__nhead': 4, 'model__module__num_layers': 2, 'model__module__patch_size': 32, 'model__optimizer__weight_decay': 0.0001}",0.790610718737017,0.888030888030888,0.8530701754385965,0.8711538461538462,0.810568295114656,0.8426867846950008,0.03665457711488288,174,0.8860544217687075,0.9312620510068181,0.8764423076923077,0.8999610743479953,0.9510732323232323,0.9089586174278121,0.028049785369166882
214,4.397404146194458,0.7649482625683863,0.02932119369506836,0.010376580919562287,128,10,0.0001,500,96,384,0.25,4,3,16,0.0001,"{'model__batch_size': 128, 'model__callbacks__early_stopping__patience': 10, 'model__lr': 0.0001, 'model__max_epochs': 500, 'model__module__d_model': 96, 'model__module__dim_feedforward': 384, 'model__module__dropout': 0.25, 'model__module__nhead': 4, 'model__module__num_layers': 3, 'model__module__patch_size': 16, 'model__optimizer__weight_decay': 0.0001}",0.8291938997821351,0.888030888030888,0.8574468085106384,0.9097035040431267,0.7625,0.8493750200733576,0.05129035504492443,128,0.872369697504189,0.913915857605178,0.8948617247586319,0.8723834988540871,0.8853179190751446,0.8877697395594462,0.015580916949659886
215,3.2411285877227782,0.26201854675631936,0.02422356605529785,0.004270832017870754,128,10,0.0001,500,96,384,0.25,4,3,32,0.0001,"{'model__batch_size': 128, 'model__callbacks__early_stopping__patience': 10, 'model__lr': 0.0001, 'model__max_epochs': 500, 'model__module__d_model': 96, 'model__module__dim_feedforward': 384, 'model__module__dropout': 0.25, 'model__module__nhead': 4, 'model__module__num_layers': 3, 'model__module__patch_size': 32, 'model__optimizer__weight_decay': 0.0001}",0.7723577235772358,0.888030888030888,0.8930851063829788,0.9178921568627452,0.7192982456140351,0.8381328240935766,0.07787058773071406,195,0.8922057254778518,0.8971225247524752,0.8732066386438537,0.8734059438454381,0.8905077262693157,0.8852897117977868,0.01002296343660039
216,4.450670671463013,0.6979889099507959,0.02391161918640137,0.0027055305182312394,128,10,0.0001,500,128,128,0.1,4,2,16,0.0001,"{'model__batch_size': 128, 'model__callbacks__early_stopping__patience': 10, 'model__lr': 0.0001, 'model__max_epochs': 500, 'model__module__d_model': 128, 'model__module__dim_feedforward': 128, 'model__module__dropout': 0.1, 'model__module__nhead': 4, 'model__module__num_layers': 2, 'model__module__patch_size': 16, 'model__optimizer__weight_decay': 0.0001}",0.7619047619047619,0.8706594456833386,0.9287234042553192,0.93704979642969,0.8180076628352491,0.8632690142216717,0.06649180558863604,25,0.8797019481102433,0.9139174963354971,0.9053755522827688,0.90183346065699,0.9397619625941219,0.9081180839959242,0.019439459794990652
217,2.380359172821045,0.11663948446478824,0.022144460678100587,0.002197369069737347,128,10,0.0001,500,128,128,0.1,4,2,32,0.0001,"{'model__batch_size': 128, 'model__callbacks__early_stopping__patience': 10, 'model__lr': 0.0001, 'model__max_epochs': 500, 'model__module__d_model': 128, 'model__module__dim_feedforward': 128, 'model__module__dropout': 0.1, 'model__module__nhead': 4, 'model__module__num_layers': 2, 'model__module__patch_size': 32, 'model__optimizer__weight_decay': 0.0001}",0.7723577235772358,0.8706594456833386,0.9095816464237516,0.8770642201834863,0.810568295114656,0.8480462661964937,0.049544635148615186,132,0.8989496364126044,0.9074102722772277,0.8843478972344951,0.8778354533873329,0.9506644386090555,0.9038415395841431,0.02563345101270389
218,4.746333169937134,0.9001191023238677,0.025099802017211913,0.0029901787691502505,128,10,0.0001,500,128,128,0.1,4,3,16,0.0001,"{'model__batch_size': 128, 'model__callbacks__early_stopping__patience': 10, 'model__lr': 0.0001, 'model__max_epochs': 500, 'model__module__d_model': 128, 'model__module__dim_feedforward': 128, 'model__module__dropout': 0.1, 'model__module__nhead': 4, 'model__module__num_layers': 3, 'model__module__patch_size': 16, 'model__optimizer__weight_decay': 0.0001}",0.8095238095238095,0.8706594456833386,0.9121426698137949,0.9304257528556594,0.8035252643948296,0.8652553884542865,0.05175212940644709,19,0.8893257922614238,0.9272030651340997,0.8913319238900634,0.886599520383693,0.9217171717171717,0.9032354946772901,0.017481117122714506
219,2.7150559425354004,0.283103933662588,0.0230349063873291,0.0026990382062223152,128,10,0.0001,500,128,128,0.1,4,3,32,0.0001,"{'model__batch_size': 128, 'model__callbacks__early_stopping__patience': 10, 'model__lr': 0.0001, 'model__max_epochs': 500, 'model__module__d_model': 128, 'model__module__dim_feedforward': 128, 'model__module__dropout': 0.1, 'model__module__nhead': 4, 'model__module__num_layers': 3, 'model__module__patch_size': 32, 'model__optimizer__weight_decay': 0.0001}",0.790610718737017,0.8855263157894737,0.8930851063829788,0.9097035040431267,0.7958485958485959,0.8549548481602385,0.05102874209635383,72,0.8797019481102433,0.919768353743138,0.8959682642487047,0.8842342342342342,0.879149367483383,0.8917644335639408,0.015252797037341252
220,4.278064107894897,0.4267668506996066,0.023676109313964844,0.0025010089828803915,128,10,0.0001,500,128,128,0.25,4,2,16,0.0001,"{'model__batch_size': 128, 'model__callbacks__early_stopping__patience': 10, 'model__lr': 0.0001, 'model__max_epochs': 500, 'model__module__d_model': 128, 'model__module__dim_feedforward': 128, 'model__module__dropout': 0.25, 'model__module__nhead': 4, 'model__module__num_layers': 2, 'model__module__patch_size': 16, 'model__optimizer__weight_decay': 0.0001}",0.7619047619047619,0.8535353535353536,0.9121426698137949,0.9339901477832513,0.810568295114656,0.8544282456303636,0.06347619804188977,80,0.8946164295417174,0.9176980198019802,0.9006490467761297,0.8929653187944874,0.9355908500649286,0.9083039329958487,0.016211371499770658
221,3.112373638153076,0.4902774296797095,0.021832609176635744,0.002155791210696994,128,10,0.0001,500,128,128,0.25,4,2,32,0.0001,"{'model__batch_size': 128, 'model__callbacks__early_stopping__patience': 10, 'model__lr': 0.0001, 'model__max_epochs': 500, 'model__module__d_model': 128, 'model__module__dim_feedforward': 128, 'model__module__dropout': 0.25, 'model__module__nhead': 4, 'model__module__num_layers': 2, 'model__module__patch_size': 32, 'model__optimizer__weight_decay': 0.0001}",0.7619047619047619,0.8535353535353536,0.8067138735903487,0.809116809116809,0.7347956131605184,0.7932132822615584,0.04115042630533505,288,0.8946164295417174,0.8925500605920711,0.9843130073857047,0.8982715397809737,0.9412878787878788,0.9222077832176693,0.03587454801053079
222,4.589824867248535,0.5177628104517255,0.02526693344116211,0.0027675141362120386,128,10,0.0001,500,128,128,0.25,4,3,16,0.0001,"{'model__batch_size': 128, 'model__callbacks__early_stopping__patience': 10, 'model__lr': 0.0001, 'model__max_epochs': 500, 'model__module__d_model': 128, 'model__module__dim_feedforward': 128, 'model__module__dropout': 0.25, 'model__module__nhead': 4, 'model__module__num_layers': 3, 'model__module__patch_size': 16, 'model__optimizer__weight_decay': 0.0001}",0.8291938997821351,0.8706594456833386,0.8959627329192547,0.9097035040431267,0.8035252643948296,0.861808969364537,0.03999857491701591,31,0.8839826839826841,0.9074102722772277,0.8959682642487047,0.8700202303143479,0.9217171717171717,0.895819724508027,0.017948649323241073
223,2.811056137084961,0.451612095231523,0.022385168075561523,0.002401117860894101,128,10,0.0001,500,128,128,0.25,4,3,32,0.0001,"{'model__batch_size': 128, 'model__callbacks__early_stopping__patience': 10, 'model__lr': 0.0001, 'model__max_epochs': 500, 'model__module__d_model': 128, 'model__module__dim_feedforward': 128, 'model__module__dropout': 0.25, 'model__module__nhead': 4, 'model__module__num_layers': 3, 'model__module__patch_size': 32, 'model__optimizer__weight_decay': 0.0001}",0.8095238095238095,0.888030888030888,0.9121426698137949,0.9097035040431267,0.7958485958485959,0.863049893452043,0.05018319683423348,26,0.8731337848663608,0.8925500605920711,0.8602793576446972,0.8809060408904706,0.932054794520548,0.8877848077028295,0.024499220615576068
224,3.6311795711517334,0.22916854570380113,0.024068927764892577,0.0031303677569631083,128,10,0.0001,500,128,256,0.1,4,2,16,0.0001,"{'model__batch_size': 128, 'model__callbacks__early_stopping__patience': 10, 'model__lr': 0.0001, 'model__max_epochs': 500, 'model__module__d_model': 128, 'model__module__dim_feedforward': 256, 'model__module__dropout': 0.1, 'model__module__nhead': 4, 'model__module__num_layers': 2, 'model__module__patch_size': 16, 'model__optimizer__weight_decay': 0.0001}",0.790610718737017,0.8706594456833386,0.9121426698137949,0.9097035040431267,0.7726819541375873,0.8511596584829728,0.05890921049969519,110,0.9093934055766116,0.9185610409491006,0.8821876307974409,0.8723834988540871,0.9303370786516854,0.902572530965785,0.021908668169746525
225,2.7699515342712404,0.2728853385207009,0.02317643165588379,0.0019830093152412498,128,10,0.0001,500,128,256,0.1,4,2,32,0.0001,"{'model__batch_size': 128, 'model__callbacks__early_stopping__patience': 10, 'model__lr': 0.0001, 'model__max_epochs': 500, 'model__module__d_model': 128, 'model__module__dim_feedforward': 256, 'model__module__dropout': 0.1, 'model__module__nhead': 4, 'model__module__num_layers': 2, 'model__module__patch_size': 32, 'model__optimizer__weight_decay': 0.0001}",0.7619047619047619,0.8706594456833386,0.8418568056648308,0.8568376068376069,0.7484084542908073,0.815933414876269,0.05063364336459803,282,0.905045351473923,0.8936627895909082,0.9006490467761297,0.8982715397809737,0.9502407704654896,0.9095738996174848,0.020663309953869977
226,4.231219291687012,0.7618567577631402,0.027994346618652344,0.007492574534992795,128,10,0.0001,500,128,256,0.1,4,3,16,0.0001,"{'model__batch_size': 128, 'model__callbacks__early_stopping__patience': 10, 'model__lr': 0.0001, 'model__max_epochs': 500, 'model__module__d_model': 128, 'model__module__dim_feedforward': 256, 'model__module__dropout': 0.1, 'model__module__nhead': 4, 'model__module__num_layers': 3, 'model__module__patch_size': 16, 'model__optimizer__weight_decay': 0.0001}",0.8095238095238095,0.8535353535353536,0.9121426698137949,0.9097035040431267,0.7894736842105263,0.8548758042253223,0.050242627509969086,74,0.8955498866213152,0.9327695149217459,0.8661458333333334,0.882200152788388,0.8940664802733769,0.8941463735876318,0.022002116826383783
227,2.8579471111297607,0.359077147837809,0.025050973892211913,0.0015708460666087453,128,10,0.0001,500,128,256,0.1,4,3,32,0.0001,"{'model__batch_size': 128, 'model__callbacks__early_stopping__patience': 10, 'model__lr': 0.0001, 'model__max_epochs': 500, 'model__module__d_model': 128, 'model__module__dim_feedforward': 256, 'model__module__dropout': 0.1, 'model__module__nhead': 4, 'model__module__num_layers': 3, 'model__module__patch_size': 32, 'model__optimizer__weight_decay': 0.0001}",0.825,0.9056910569105692,0.8734143049932523,0.8899835796387521,0.7958485958485959,0.8579875074782338,0.04119898865714114,46,0.9101860834288737,0.9312620510068181,0.8900017120356103,0.8832348932303498,0.9126418786692759,0.9054653236741856,0.017161439205149055
228,4.214064264297486,0.8473080504000797,0.023963451385498047,0.002951744794217544,128,10,0.0001,500,128,256,0.25,4,2,16,0.0001,"{'model__batch_size': 128, 'model__callbacks__early_stopping__patience': 10, 'model__lr': 0.0001, 'model__max_epochs': 500, 'model__module__d_model': 128, 'model__module__dim_feedforward': 256, 'model__module__dropout': 0.25, 'model__module__nhead': 4, 'model__module__num_layers': 2, 'model__module__patch_size': 16, 'model__optimizer__weight_decay': 0.0001}",0.8095238095238095,0.8706594456833386,0.8959627329192547,0.9097035040431267,0.7678025851938896,0.8507304154726839,0.05384415171740783,117,0.8955498866213152,0.9147869674185463,0.8901910516999328,0.8876086171163462,0.9371576710913592,0.9050588387894999,0.018659866143602852
229,2.789252281188965,0.2523783666986609,0.02217698097229004,0.0029137276088913025,128,10,0.0001,500,128,256,0.25,4,2,32,0.0001,"{'model__batch_size': 128, 'model__callbacks__early_stopping__patience': 10, 'model__lr': 0.0001, 'model__max_epochs': 500, 'model__module__d_model': 128, 'model__module__dim_feedforward': 256, 'model__module__dropout': 0.25, 'model__module__nhead': 4, 'model__module__num_layers': 2, 'model__module__patch_size': 32, 'model__optimizer__weight_decay': 0.0001}",0.7723577235772358,0.8706594456833386,0.8574468085106384,0.9045584045584045,0.7678025851938896,0.8345649935047014,0.054867892473217224,218,0.8903183330664246,0.9287409108304632,0.8959682642487047,0.8851995235259082,0.9303370786516854,0.9061128220646371,0.019434963340097682
230,4.3345558643341064,0.7019899714047961,0.025008344650268556,0.002837688166720535,128,10,0.0001,500,128,256,0.25,4,3,16,0.0001,"{'model__batch_size': 128, 'model__callbacks__early_stopping__patience': 10, 'model__lr': 0.0001, 'model__max_epochs': 500, 'model__module__d_model': 128, 'model__module__dim_feedforward': 256, 'model__module__dropout': 0.25, 'model__module__nhead': 4, 'model__module__num_layers': 3, 'model__module__patch_size': 16, 'model__optimizer__weight_decay': 0.0001}",0.8095238095238095,0.8706594456833386,0.9287234042553192,0.8711538461538462,0.7958485958485959,0.855181820292982,0.04797522806590831,69,0.8903183330664246,0.915876027830487,0.8913319238900634,0.8756328171530673,0.8923611111111112,0.8931040426102307,0.012924856358813524
231,2.9301788806915283,0.40002432194923015,0.02556633949279785,0.00286807622523674,128,10,0.0001,500,128,256,0.25,4,3,32,0.0001,"{'model__batch_size': 128, 'model__callbacks__early_stopping__patience': 10, 'model__lr': 0.0001, 'model__max_epochs': 500, 'model__module__d_model': 128, 'model__module__dim_feedforward': 256, 'model__module__dropout': 0.25, 'model__module__nhead': 4, 'model__module__num_layers': 3, 'model__module__patch_size': 32, 'model__optimizer__weight_decay': 0.0001}",0.8095238095238095,0.8535353535353536,0.8693229311786013,0.8645552560646901,0.7587301587301587,0.8311335018065226,0.04192019089538131,235,0.8903183330664246,0.8797444717444718,0.8692750615475391,0.8703111858704794,0.8976716769820219,0.8814641458421875,0.011108557675283204
232,3.807610559463501,0.5316715777568707,0.023757553100585936,0.0029208618871952247,128,10,0.0001,500,128,384,0.1,4,2,16,0.0001,"{'model__batch_size': 128, 'model__callbacks__early_stopping__patience': 10, 'model__lr': 0.0001, 'model__max_epochs': 500, 'model__module__d_model': 128, 'model__module__dim_feedforward': 384, 'model__module__dropout': 0.1, 'model__module__nhead': 4, 'model__module__num_layers': 2, 'model__module__patch_size': 16, 'model__optimizer__weight_decay': 0.0001}",0.8095238095238095,0.888030888030888,0.8930851063829788,0.9097035040431267,0.7816091954022988,0.8563905006766204,0.050948238214828516,56,0.8912778904665315,0.9327695149217459,0.8901910516999328,0.8855544153807431,0.9315025252525253,0.9062590795442957,0.021219497629504515
233,2.367014741897583,0.13789269432049145,0.02252850532531738,0.0028556543907345714,128,10,0.0001,500,128,384,0.1,4,2,32,0.0001,"{'model__batch_size': 128, 'model__callbacks__early_stopping__patience': 10, 'model__lr': 0.0001, 'model__max_epochs': 500, 'model__module__d_model': 128, 'model__module__dim_feedforward': 384, 'model__module__dropout': 0.1, 'model__module__nhead': 4, 'model__module__num_layers': 2, 'model__module__patch_size': 32, 'model__optimizer__weight_decay': 0.0001}",0.790610718737017,0.8366197183098592,0.8930851063829788,0.8770642201834863,0.7726819541375873,0.8340123435501857,0.04689343556492689,225,0.8946164295417174,0.9120832118207447,0.8724565756823821,0.8767386091127098,0.9210631017744888,0.8953915855864085,0.01903778457311362
234,4.4160380363464355,0.7222104288283662,0.02577977180480957,0.0032963488129522526,128,10,0.0001,500,128,384,0.1,4,3,16,0.0001,"{'model__batch_size': 128, 'model__callbacks__early_stopping__patience': 10, 'model__lr': 0.0001, 'model__max_epochs': 500, 'model__module__d_model': 128, 'model__module__dim_feedforward': 384, 'model__module__dropout': 0.1, 'model__module__nhead': 4, 'model__module__num_layers': 3, 'model__module__patch_size': 16, 'model__optimizer__weight_decay': 0.0001}",0.790610718737017,0.8706594456833386,0.9306418219461698,0.884042921426099,0.7816091954022988,0.8515128206389846,0.05706449402735485,105,0.8700781039590627,0.9272030651340997,0.8948617247586319,0.8889630793401414,0.887926122408881,0.8938064191201633,0.018641450614116546
235,2.65680136680603,0.19687287332104847,0.024033308029174805,0.0024700108320031724,128,10,0.0001,500,128,384,0.1,4,3,32,0.0001,"{'model__batch_size': 128, 'model__callbacks__early_stopping__patience': 10, 'model__lr': 0.0001, 'model__max_epochs': 500, 'model__module__d_model': 128, 'model__module__dim_feedforward': 384, 'model__module__dropout': 0.1, 'model__module__nhead': 4, 'model__module__num_layers': 3, 'model__module__patch_size': 32, 'model__optimizer__weight_decay': 0.0001}",0.790610718737017,0.888030888030888,0.8734143049932523,0.9339901477832513,0.7452107279693487,0.8462513575027515,0.0685369093352976,149,0.9007319869477026,0.913915857605178,0.8843478972344951,0.8945177367340955,0.941761252446184,0.9070549461935311,0.01982105600710329
236,4.110106182098389,0.5510306400786327,0.02383909225463867,0.0029658704381229717,128,10,0.0001,500,128,384,0.25,4,2,16,0.0001,"{'model__batch_size': 128, 'model__callbacks__early_stopping__patience': 10, 'model__lr': 0.0001, 'model__max_epochs': 500, 'model__module__d_model': 128, 'model__module__dim_feedforward': 384, 'model__module__dropout': 0.25, 'model__module__nhead': 4, 'model__module__num_layers': 2, 'model__module__patch_size': 16, 'model__optimizer__weight_decay': 0.0001}",0.8095238095238095,0.8706594456833386,0.9095816464237516,0.9097035040431267,0.8035252643948296,0.8605987340137713,0.04642811844797807,36,0.8882989326422992,0.9074102722772277,0.8995784061696658,0.8778354533873329,0.9217171717171717,0.8989680472387395,0.015163000331865224
237,2.4439610481262206,0.14401684027490816,0.022306537628173827,0.0022010144906884754,128,10,0.0001,500,128,384,0.25,4,2,32,0.0001,"{'model__batch_size': 128, 'model__callbacks__early_stopping__patience': 10, 'model__lr': 0.0001, 'model__max_epochs': 500, 'model__module__d_model': 128, 'model__module__dim_feedforward': 384, 'model__module__dropout': 0.25, 'model__module__nhead': 4, 'model__module__num_layers': 2, 'model__module__patch_size': 32, 'model__optimizer__weight_decay': 0.0001}",0.790610718737017,0.8366197183098592,0.9121426698137949,0.8770642201834863,0.7625,0.8357874654088315,0.054674621892139265,208,0.8860544217687075,0.9120832118207447,0.8602839021443672,0.882200152788388,0.9256817500749175,0.8932606877194249,0.023096089654224976
238,4.479649877548217,0.7854375953302795,0.025013065338134764,0.002685345149727281,128,10,0.0001,500,128,384,0.25,4,3,16,0.0001,"{'model__batch_size': 128, 'model__callbacks__early_stopping__patience': 10, 'model__lr': 0.0001, 'model__max_epochs': 500, 'model__module__d_model': 128, 'model__module__dim_feedforward': 384, 'model__module__dropout': 0.25, 'model__module__nhead': 4, 'model__module__num_layers': 3, 'model__module__patch_size': 16, 'model__optimizer__weight_decay': 0.0001}",0.8095238095238095,0.888030888030888,0.9121426698137949,0.9097035040431267,0.7678025851938896,0.8574406913211018,0.05829319996470424,49,0.8850361049546007,0.913016715717391,0.8751619170984456,0.8671540392851869,0.8940664802733769,0.8868870514658003,0.015903459375519517
239,2.5942759037017824,0.18410076365811828,0.023020410537719728,0.0028885378138506558,128,10,0.0001,500,128,384,0.25,4,3,32,0.0001,"{'model__batch_size': 128, 'model__callbacks__early_stopping__patience': 10, 'model__lr': 0.0001, 'model__max_epochs': 500, 'model__module__d_model': 128, 'model__module__dim_feedforward': 384, 'model__module__dropout': 0.25, 'model__module__nhead': 4, 'model__module__num_layers': 3, 'model__module__patch_size': 32, 'model__optimizer__weight_decay': 0.0001}",0.7992831541218638,0.8535353535353536,0.8734143049932523,0.9304257528556594,0.7192982456140351,0.8351913622240328,0.07153698122905844,211,0.8964524060414472,0.9120832118207447,0.8843478972344951,0.8910345359235277,0.8913089045141867,0.8950453911068802,0.009346140296537445
240,2.505720376968384,0.26060436872700987,0.023291826248168945,0.0020877368599968127,128,10,0.0002,500,96,128,0.1,4,2,16,0.0001,"{'model__batch_size': 128, 'model__callbacks__early_stopping__patience': 10, 'model__lr': 0.0002, 'model__max_epochs': 500, 'model__module__d_model': 96, 'model__module__dim_feedforward': 128, 'model__module__dropout': 0.1, 'model__module__nhead': 4, 'model__module__num_layers': 2, 'model__module__patch_size': 16, 'model__optimizer__weight_decay': 0.0001}",0.8095238095238095,0.8706594456833386,0.9287234042553192,0.884042921426099,0.7726819541375873,0.8531263070052308,0.055408737229258355,89,0.8912778904665315,0.8810537571692427,0.8855650906735751,0.8964604316546763,0.9263059886289349,0.8961326317185921,0.015957147702986396
241,1.988298225402832,0.17014117892213781,0.02175593376159668,0.0026449618171576635,128,10,0.0002,500,96,128,0.1,4,2,32,0.0001,"{'model__batch_size': 128, 'model__callbacks__early_stopping__patience': 10, 'model__lr': 0.0002, 'model__max_epochs': 500, 'model__module__d_model': 96, 'model__module__dim_feedforward': 128, 'model__module__dropout': 0.1, 'model__module__nhead': 4, 'model__module__num_layers': 2, 'model__module__patch_size': 32, 'model__optimizer__weight_decay': 0.0001}",0.8095238095238095,0.8535353535353536,0.8418568056648308,0.8278899082568807,0.7678025851938896,0.8201216924349529,0.02999612367291575,270,0.9058658236740429,0.9111154791154792,0.8970352564102564,0.8570167865707434,0.9171627861283034,0.8976392263797651,0.02135885330187677
242,3.163591766357422,0.6510683593431548,0.024358272552490234,0.00295096992598578,128,10,0.0002,500,96,128,0.1,4,3,16,0.0001,"{'model__batch_size': 128, 'model__callbacks__early_stopping__patience': 10, 'model__lr': 0.0002, 'model__max_epochs': 500, 'model__module__d_model': 96, 'model__module__dim_feedforward': 128, 'model__module__dropout': 0.1, 'model__module__nhead': 4, 'model__module__num_layers': 3, 'model__module__patch_size': 16, 'model__optimizer__weight_decay': 0.0001}",0.8291938997821351,0.9056910569105692,0.8930851063829788,0.9097035040431267,0.832967032967033,0.8741281200171684,0.03559357667131537,1,0.8785857963503253,0.8692874692874692,0.9043424317617866,0.8832348932303498,0.9371576710913592,0.8945216523442581,0.02421728405527421
243,2.227828359603882,0.3489231198131366,0.02186264991760254,0.0019670444733257252,128,10,0.0002,500,96,128,0.1,4,3,32,0.0001,"{'model__batch_size': 128, 'model__callbacks__early_stopping__patience': 10, 'model__lr': 0.0002, 'model__max_epochs': 500, 'model__module__d_model': 96, 'model__module__dim_feedforward': 128, 'model__module__dropout': 0.1, 'model__module__nhead': 4, 'model__module__num_layers': 3, 'model__module__patch_size': 32, 'model__optimizer__weight_decay': 0.0001}",0.7440797673452431,0.9056910569105692,0.8930851063829788,0.8899835796387521,0.7543859649122806,0.8374450950379648,0.07229041160616263,200,0.8818237939853603,0.8960043787629994,0.8776772965254641,0.8682051282051282,0.9088640891244222,0.8865149373206748,0.014317080119211775
244,2.6146883010864257,0.29702790651322053,0.022920751571655275,0.00247192735381081,128,10,0.0002,500,96,128,0.25,4,2,16,0.0001,"{'model__batch_size': 128, 'model__callbacks__early_stopping__patience': 10, 'model__lr': 0.0002, 'model__max_epochs': 500, 'model__module__d_model': 96, 'model__module__dim_feedforward': 128, 'model__module__dropout': 0.25, 'model__module__nhead': 4, 'model__module__num_layers': 2, 'model__module__patch_size': 16, 'model__optimizer__weight_decay': 0.0001}",0.790610718737017,0.9056910569105692,0.9121426698137949,0.8711538461538462,0.7816091954022988,0.8522414974035051,0.05583897880138609,95,0.8828323103020128,0.905360531309298,0.8855650906735751,0.8876086171163462,0.9229574401988194,0.8968647979200103,0.015253028830932342
245,2.0982404708862306,0.07970185849586567,0.02115340232849121,0.002162400917886332,128,10,0.0002,500,96,128,0.25,4,2,32,0.0001,"{'model__batch_size': 128, 'model__callbacks__early_stopping__patience': 10, 'model__lr': 0.0002, 'model__max_epochs': 500, 'model__module__d_model': 96, 'model__module__dim_feedforward': 128, 'model__module__dropout': 0.25, 'model__module__nhead': 4, 'model__module__num_layers': 2, 'model__module__patch_size': 32, 'model__optimizer__weight_decay': 0.0001}",0.7440797673452431,0.8507078507078507,0.8734143049932523,0.8459770114942529,0.7726819541375873,0.8173721777356372,0.049878286138368436,279,0.919640179910045,0.8823167330294113,0.8616985231100392,0.9176483893465026,0.9263059886289349,0.9015219628049866,0.02512897355634261
246,3.2708638668060304,0.4198910580958598,0.023995018005371092,0.00287451718253513,128,10,0.0002,500,96,128,0.25,4,3,16,0.0001,"{'model__batch_size': 128, 'model__callbacks__early_stopping__patience': 10, 'model__lr': 0.0002, 'model__max_epochs': 500, 'model__module__d_model': 96, 'model__module__dim_feedforward': 128, 'model__module__dropout': 0.25, 'model__module__nhead': 4, 'model__module__num_layers': 3, 'model__module__patch_size': 16, 'model__optimizer__weight_decay': 0.0001}",0.8095238095238095,0.9236842105263158,0.9287234042553192,0.8645552560646901,0.7816091954022988,0.8616191751544868,0.059125613282526086,32,0.8860544217687075,0.8983732480746416,0.9026767384848424,0.8929653187944874,0.9058635500948956,0.8971866554435148,0.007051011620455801
247,2.156323957443237,0.2217598238711169,0.02412700653076172,0.004853288205184364,128,10,0.0002,500,96,128,0.25,4,3,32,0.0001,"{'model__batch_size': 128, 'model__callbacks__early_stopping__patience': 10, 'model__lr': 0.0002, 'model__max_epochs': 500, 'model__module__d_model': 96, 'model__module__dim_feedforward': 128, 'model__module__dropout': 0.25, 'model__module__nhead': 4, 'model__module__num_layers': 3, 'model__module__patch_size': 32, 'model__optimizer__weight_decay': 0.0001}",0.790610718737017,0.8706594456833386,0.8959627329192547,0.8899835796387521,0.7543859649122806,0.8403204883781286,0.05716421583924265,185,0.8955498866213152,0.9376026272577997,0.8744258770643994,0.8595178406499161,0.9028049941212698,0.89398024514294,0.026658142563456454
248,3.1545401573181153,0.5474197665864755,0.02356562614440918,0.0019229510379638096,128,10,0.0002,500,96,256,0.1,4,2,16,0.0001,"{'model__batch_size': 128, 'model__callbacks__early_stopping__patience': 10, 'model__lr': 0.0002, 'model__max_epochs': 500, 'model__module__d_model': 96, 'model__module__dim_feedforward': 256, 'model__module__dropout': 0.1, 'model__module__nhead': 4, 'model__module__num_layers': 2, 'model__module__patch_size': 16, 'model__optimizer__weight_decay': 0.0001}",0.8291938997821351,0.8706594456833386,0.8959627329192547,0.8899835796387521,0.7726819541375873,0.8516963224322135,0.045901325966394076,102,0.8872363390227394,0.9093181818181818,0.9073317307692308,0.886599520383693,0.932054794520548,0.9045081133028786,0.01678666797166895
249,2.0093286991119386,0.19118789410068113,0.021434593200683593,0.0025622491819919774,128,10,0.0002,500,96,256,0.1,4,2,32,0.0001,"{'model__batch_size': 128, 'model__callbacks__early_stopping__patience': 10, 'model__lr': 0.0002, 'model__max_epochs': 500, 'model__module__d_model': 96, 'model__module__dim_feedforward': 256, 'model__module__dropout': 0.1, 'model__module__nhead': 4, 'model__module__num_layers': 2, 'model__module__patch_size': 32, 'model__optimizer__weight_decay': 0.0001}",0.8178861788617886,0.8535353535353536,0.9121426698137949,0.8459770114942529,0.7543859649122806,0.8367854357234942,0.05136265616474051,204,0.9007319869477026,0.9272030651340997,0.8692750615475391,0.878894690215445,0.9146266829865362,0.8981462973662646,0.021572006348544673
250,3.374673080444336,0.5659059838525662,0.024794340133666992,0.002718459792416209,128,10,0.0002,500,96,256,0.1,4,3,16,0.0001,"{'model__batch_size': 128, 'model__callbacks__early_stopping__patience': 10, 'model__lr': 0.0002, 'model__max_epochs': 500, 'model__module__d_model': 96, 'model__module__dim_feedforward': 256, 'model__module__dropout': 0.1, 'model__module__nhead': 4, 'model__module__num_layers': 3, 'model__module__patch_size': 16, 'model__optimizer__weight_decay': 0.0001}",0.790610718737017,0.8706594456833386,0.9121426698137949,0.8899835796387521,0.775811209439528,0.8478415246624861,0.054580177799460464,135,0.872369697504189,0.919768353743138,0.8764423076923077,0.8876086171163462,0.9241126070991432,0.8960603166310248,0.021755665736703282
251,2.089237833023071,0.32201587376397084,0.022768449783325196,0.0030600710507969987,128,10,0.0002,500,96,256,0.1,4,3,32,0.0001,"{'model__batch_size': 128, 'model__callbacks__early_stopping__patience': 10, 'model__lr': 0.0002, 'model__max_epochs': 500, 'model__module__d_model': 96, 'model__module__dim_feedforward': 256, 'model__module__dropout': 0.1, 'model__module__nhead': 4, 'model__module__num_layers': 3, 'model__module__patch_size': 32, 'model__optimizer__weight_decay': 0.0001}",0.8095238095238095,0.888030888030888,0.8734143049932523,0.8899835796387521,0.7678025851938896,0.8457510334761184,0.04878059691543496,153,0.8743145743145744,0.8960043787629994,0.8809825833081647,0.8876086171163462,0.9152426520847573,0.8908305611173685,0.014162344329782915
252,2.9458524227142333,0.2453969740860897,0.02400064468383789,0.0021882958787410416,128,10,0.0002,500,96,256,0.25,4,2,16,0.0001,"{'model__batch_size': 128, 'model__callbacks__early_stopping__patience': 10, 'model__lr': 0.0002, 'model__max_epochs': 500, 'model__module__d_model': 96, 'model__module__dim_feedforward': 256, 'model__module__dropout': 0.25, 'model__module__nhead': 4, 'model__module__num_layers': 2, 'model__module__patch_size': 16, 'model__optimizer__weight_decay': 0.0001}",0.7996422182468694,0.888030888030888,0.9121426698137949,0.8899835796387521,0.7894736842105263,0.8558546079881661,0.050861980711333354,64,0.8743145743145744,0.9224263633712453,0.8809825833081647,0.8855544153807431,0.9021464646464648,0.8930848802042384,0.01731203524056902
253,1.799194622039795,0.12989897215280133,0.02199687957763672,0.0018048105503520814,128,10,0.0002,500,96,256,0.25,4,2,32,0.0001,"{'model__batch_size': 128, 'model__callbacks__early_stopping__patience': 10, 'model__lr': 0.0002, 'model__max_epochs': 500, 'model__module__d_model': 96, 'model__module__dim_feedforward': 256, 'model__module__dropout': 0.25, 'model__module__nhead': 4, 'model__module__num_layers': 2, 'model__module__patch_size': 32, 'model__optimizer__weight_decay': 0.0001}",0.8095238095238095,0.8706594456833386,0.8734143049932523,0.8645552560646901,0.7543859649122806,0.8345077562354742,0.046405205462946957,220,0.8828323103020128,0.901740060270244,0.855849358974359,0.837294964028777,0.9146266829865362,0.8784686753123857,0.02854788314256993
254,3.17767014503479,0.5497253482456222,0.024562644958496093,0.0025435328979432556,128,10,0.0002,500,96,256,0.25,4,3,16,0.0001,"{'model__batch_size': 128, 'model__callbacks__early_stopping__patience': 10, 'model__lr': 0.0002, 'model__max_epochs': 500, 'model__module__d_model': 96, 'model__module__dim_feedforward': 256, 'model__module__dropout': 0.25, 'model__module__nhead': 4, 'model__module__num_layers': 3, 'model__module__patch_size': 16, 'model__optimizer__weight_decay': 0.0001}",0.790610718737017,0.888030888030888,0.8959627329192547,0.8899835796387521,0.7678025851938896,0.8464781009039604,0.0554600590805332,144,0.8797019481102433,0.8983732480746416,0.8809825833081647,0.8929653187944874,0.8992708353480456,0.8902587867271166,0.008389059668290066
255,2.1950348377227784,0.5154336814835098,0.022761106491088867,0.0020014158808164015,128,10,0.0002,500,96,256,0.25,4,3,32,0.0001,"{'model__batch_size': 128, 'model__callbacks__early_stopping__patience': 10, 'model__lr': 0.0002, 'model__max_epochs': 500, 'model__module__d_model': 96, 'model__module__dim_feedforward': 256, 'model__module__dropout': 0.25, 'model__module__nhead': 4, 'model__module__num_layers': 3, 'model__module__patch_size': 32, 'model__optimizer__weight_decay': 0.0001}",0.8095238095238095,0.8133848133848134,0.8372469635627531,0.884042921426099,0.706830043113229,0.8102057102021407,0.058103809472878735,285,0.8688726600583513,0.8902014742014741,0.8764423076923077,0.8799177646948884,0.9564937722940179,0.8943855957882079,0.03180289947826302
256,2.668024444580078,0.3932483545621944,0.02375164031982422,0.003489411790439412,128,10,0.0002,500,96,384,0.1,4,2,16,0.0001,"{'model__batch_size': 128, 'model__callbacks__early_stopping__patience': 10, 'model__lr': 0.0002, 'model__max_epochs': 500, 'model__module__d_model': 96, 'model__module__dim_feedforward': 384, 'model__module__dropout': 0.1, 'model__module__nhead': 4, 'model__module__num_layers': 2, 'model__module__patch_size': 16, 'model__optimizer__weight_decay': 0.0001}",0.8291938997821351,0.8679674796747967,0.8769997377393128,0.9097035040431267,0.7894736842105263,0.8546676610899796,0.04148184655473268,77,0.8706467661691542,0.8797444717444718,0.8855650906735751,0.886599520383693,0.9036968002485244,0.8852505298438837,0.010823772032841824
257,1.8404667854309082,0.13392896535926269,0.022831106185913087,0.0032515181093336768,128,10,0.0002,500,96,384,0.1,4,2,32,0.0001,"{'model__batch_size': 128, 'model__callbacks__early_stopping__patience': 10, 'model__lr': 0.0002, 'model__max_epochs': 500, 'model__module__d_model': 96, 'model__module__dim_feedforward': 384, 'model__module__dropout': 0.1, 'model__module__nhead': 4, 'model__module__num_layers': 2, 'model__module__patch_size': 32, 'model__optimizer__weight_decay': 0.0001}",0.7375,0.888030888030888,0.8930851063829788,0.9097035040431267,0.7413206262763785,0.8339280249466745,0.0775152857104496,226,0.9039574054164747,0.9120832118207447,0.864758743523316,0.8576650420912716,0.9051407588739291,0.8887210323451473,0.022742962558683327
258,3.5319599151611327,0.987012653246837,0.026384353637695312,0.004298684357670361,128,10,0.0002,500,96,384,0.1,4,3,16,0.0001,"{'model__batch_size': 128, 'model__callbacks__early_stopping__patience': 10, 'model__lr': 0.0002, 'model__max_epochs': 500, 'model__module__d_model': 96, 'model__module__dim_feedforward': 384, 'model__module__dropout': 0.1, 'model__module__nhead': 4, 'model__module__num_layers': 3, 'model__module__patch_size': 16, 'model__optimizer__weight_decay': 0.0001}",0.8291938997821351,0.888030888030888,0.8930851063829788,0.9097035040431267,0.7347956131605184,0.8509618022799295,0.06413657687573691,113,0.8817647058823529,0.9149140343862454,0.9158893798069057,0.8703111858704794,0.8923611111111112,0.895048083411419,0.018025524581836695
259,2.333856296539307,0.5799122131429295,0.02268972396850586,0.0023668096473789127,128,10,0.0002,500,96,384,0.1,4,3,32,0.0001,"{'model__batch_size': 128, 'model__callbacks__early_stopping__patience': 10, 'model__lr': 0.0002, 'model__max_epochs': 500, 'model__module__d_model': 96, 'model__module__dim_feedforward': 384, 'model__module__dropout': 0.1, 'model__module__nhead': 4, 'model__module__num_layers': 3, 'model__module__patch_size': 32, 'model__optimizer__weight_decay': 0.0001}",0.8291938997821351,0.888030888030888,0.8530701754385965,0.9097035040431267,0.7413206262763785,0.8442638187142248,0.05848053354268821,162,0.8633748452406962,0.9431126664722466,0.8855650906735751,0.90183346065699,0.924660135186451,0.9037092396459917,0.028111073015415173
260,3.1770519733428957,0.68785222222999,0.023346996307373045,0.0025986266433125457,128,10,0.0002,500,96,384,0.25,4,2,16,0.0001,"{'model__batch_size': 128, 'model__callbacks__early_stopping__patience': 10, 'model__lr': 0.0002, 'model__max_epochs': 500, 'model__module__d_model': 96, 'model__module__dim_feedforward': 384, 'model__module__dropout': 0.25, 'model__module__nhead': 4, 'model__module__num_layers': 2, 'model__module__patch_size': 16, 'model__optimizer__weight_decay': 0.0001}",0.8291938997821351,0.8535353535353536,0.9121426698137949,0.8645552560646901,0.7958485958485959,0.851055155008914,0.03858955100204026,112,0.867625267548433,0.8948450347881087,0.8913319238900634,0.8745870870870871,0.9510732323232323,0.8958925091273848,0.02939308186431996
261,2.04992356300354,0.11533273919061228,0.022501707077026367,0.0020911182289236083,128,10,0.0002,500,96,384,0.25,4,2,32,0.0001,"{'model__batch_size': 128, 'model__callbacks__early_stopping__patience': 10, 'model__lr': 0.0002, 'model__max_epochs': 500, 'model__module__d_model': 96, 'model__module__dim_feedforward': 384, 'model__module__dropout': 0.25, 'model__module__nhead': 4, 'model__module__num_layers': 2, 'model__module__patch_size': 32, 'model__optimizer__weight_decay': 0.0001}",0.7992831541218638,0.8535353535353536,0.8734143049932523,0.884042921426099,0.7320799059929495,0.8284711280139037,0.056355184825622136,242,0.8828323103020128,0.9031553398058252,0.9016812644719621,0.8607046070460704,0.9081535192873711,0.8913054081826483,0.017550729551233803
262,3.344443941116333,0.8232241080744506,0.02582406997680664,0.0038068877150771187,128,10,0.0002,500,96,384,0.25,4,3,16,0.0001,"{'model__batch_size': 128, 'model__callbacks__early_stopping__patience': 10, 'model__lr': 0.0002, 'model__max_epochs': 500, 'model__module__d_model': 96, 'model__module__dim_feedforward': 384, 'model__module__dropout': 0.25, 'model__module__nhead': 4, 'model__module__num_layers': 3, 'model__module__patch_size': 16, 'model__optimizer__weight_decay': 0.0001}",0.8095238095238095,0.888030888030888,0.8898026315789473,0.9141025641025642,0.7543859649122806,0.851169171629698,0.059855271345592855,109,0.8964524060414472,0.9263915243516762,0.8855650906735751,0.8692062654326804,0.8809866589883866,0.891720389097553,0.019413737555189256
263,2.1521630764007567,0.42823726197430617,0.02299923896789551,0.0027308960674133718,128,10,0.0002,500,96,384,0.25,4,3,32,0.0001,"{'model__batch_size': 128, 'model__callbacks__early_stopping__patience': 10, 'model__lr': 0.0002, 'model__max_epochs': 500, 'model__module__d_model': 96, 'model__module__dim_feedforward': 384, 'model__module__dropout': 0.25, 'model__module__nhead': 4, 'model__module__num_layers': 3, 'model__module__patch_size': 32, 'model__optimizer__weight_decay': 0.0001}",0.8178861788617886,0.8535353535353536,0.8734143049932523,0.9141025641025642,0.7413206262763785,0.8400518055538674,0.05833958869382889,188,0.86821215314366,0.915876027830487,0.8878708551483421,0.8818608072078697,0.9102117037291106,0.892806309411894,0.017799971399320828
264,2.7534815788269045,0.24086797625586578,0.023701190948486328,0.0020342595286100083,128,10,0.0002,500,128,128,0.1,4,2,16,0.0001,"{'model__batch_size': 128, 'model__callbacks__early_stopping__patience': 10, 'model__lr': 0.0002, 'model__max_epochs': 500, 'model__module__d_model': 128, 'model__module__dim_feedforward': 128, 'model__module__dropout': 0.1, 'model__module__nhead': 4, 'model__module__num_layers': 2, 'model__module__patch_size': 16, 'model__optimizer__weight_decay': 0.0001}",0.7440797673452431,0.8535353535353536,0.9287234042553192,0.9339901477832513,0.7958485958485959,0.8512354537535526,0.07403790455454481,108,0.8850361049546007,0.9176980198019802,0.9101491002570694,0.8832348932303498,0.9229574401988194,0.903815111688564,0.01658601685377241
265,1.7693156242370605,0.2679899734393958,0.021985244750976563,0.001695521977798868,128,10,0.0002,500,128,128,0.1,4,2,32,0.0001,"{'model__batch_size': 128, 'model__callbacks__early_stopping__patience': 10, 'model__lr': 0.0002, 'model__max_epochs': 500, 'model__module__d_model': 128, 'model__module__dim_feedforward': 128, 'model__module__dropout': 0.1, 'model__module__nhead': 4, 'model__module__num_layers': 2, 'model__module__patch_size': 32, 'model__optimizer__weight_decay': 0.0001}",0.7619047619047619,0.8535353535353536,0.8930851063829788,0.8278899082568807,0.7508196721311475,0.8174469604422245,0.05414182812303436,278,0.8903183330664246,0.9074102722772277,0.879733056623736,0.8910345359235277,0.8976716769820219,0.8932335749745877,0.009124405730916968
266,3.8900896549224853,1.0382678746025062,0.025493288040161134,0.0033029783450728403,128,10,0.0002,500,128,128,0.1,4,3,16,0.0001,"{'model__batch_size': 128, 'model__callbacks__early_stopping__patience': 10, 'model__lr': 0.0002, 'model__max_epochs': 500, 'model__module__d_model': 128, 'model__module__dim_feedforward': 128, 'model__module__dropout': 0.1, 'model__module__nhead': 4, 'model__module__num_layers': 3, 'model__module__patch_size': 16, 'model__optimizer__weight_decay': 0.0001}",0.8095238095238095,0.8706594456833386,0.9095816464237516,0.8950829940494833,0.7958485958485959,0.8561392983057958,0.045588382922778344,61,0.8828927244920253,0.9168035030103996,0.9412180566818455,0.8799177646948884,0.9184573429007988,0.9078578783559914,0.02327738475806006
267,2.2671743869781493,0.38709178583926224,0.02399921417236328,0.001130213681872247,128,10,0.0002,500,128,128,0.1,4,3,32,0.0001,"{'model__batch_size': 128, 'model__callbacks__early_stopping__patience': 10, 'model__lr': 0.0002, 'model__max_epochs': 500, 'model__module__d_model': 128, 'model__module__dim_feedforward': 128, 'model__module__dropout': 0.1, 'model__module__nhead': 4, 'model__module__num_layers': 3, 'model__module__patch_size': 32, 'model__optimizer__weight_decay': 0.0001}",0.7723577235772358,0.8366197183098592,0.9306418219461698,0.8376600899965385,0.832967032967033,0.8420492773593672,0.05066909090424365,177,0.9159933129005294,0.9102227555688892,0.8855650906735751,0.8540436165379373,0.9178215698887005,0.8967292691139264,0.024268360174441166
268,2.7028472900390623,0.18628191758641344,0.0233184814453125,0.002900991606278358,128,10,0.0002,500,128,128,0.25,4,2,16,0.0001,"{'model__batch_size': 128, 'model__callbacks__early_stopping__patience': 10, 'model__lr': 0.0002, 'model__max_epochs': 500, 'model__module__d_model': 128, 'model__module__dim_feedforward': 128, 'model__module__dropout': 0.25, 'model__module__nhead': 4, 'model__module__num_layers': 2, 'model__module__patch_size': 16, 'model__optimizer__weight_decay': 0.0001}",0.7619047619047619,0.8535353535353536,0.9287234042553192,0.93704979642969,0.7958485958485959,0.855412382394744,0.0697627641242913,66,0.8955498866213152,0.9083811710677383,0.8948617247586319,0.8938813813813814,0.9178215698887005,0.9020991467435534,0.009481172626305092
269,1.8624799728393555,0.24746959610565605,0.021663999557495116,0.0022939972282146957,128,10,0.0002,500,128,128,0.25,4,2,32,0.0001,"{'model__batch_size': 128, 'model__callbacks__early_stopping__patience': 10, 'model__lr': 0.0002, 'model__max_epochs': 500, 'model__module__d_model': 128, 'model__module__dim_feedforward': 128, 'model__module__dropout': 0.25, 'model__module__nhead': 4, 'model__module__num_layers': 2, 'model__module__patch_size': 32, 'model__optimizer__weight_decay': 0.0001}",0.7440797673452431,0.8706594456833386,0.8612836438923395,0.884042921426099,0.810568295114656,0.8341268146923353,0.05143387753494942,222,0.8912778904665315,0.9240448497077915,0.8844718068992475,0.882200152788388,0.9133271202236719,0.8990643640171261,0.01664586671765129
270,3.035761260986328,0.46876726368934235,0.024893712997436524,0.0022444321053546423,128,10,0.0002,500,128,128,0.25,4,3,16,0.0001,"{'model__batch_size': 128, 'model__callbacks__early_stopping__patience': 10, 'model__lr': 0.0002, 'model__max_epochs': 500, 'model__module__d_model': 128, 'model__module__dim_feedforward': 128, 'model__module__dropout': 0.25, 'model__module__nhead': 4, 'model__module__num_layers': 3, 'model__module__patch_size': 16, 'model__optimizer__weight_decay': 0.0001}",0.8095238095238095,0.8706594456833386,0.8930851063829788,0.8899835796387521,0.7958485958485959,0.851820107415495,0.04107543874560004,101,0.8850361049546007,0.9327695149217459,0.8692750615475391,0.8637740421020748,0.9081535192873711,0.8918016485626662,0.02563012359309018
271,2.021650266647339,0.1985939077677158,0.023052453994750977,0.0015886319314803085,128,10,0.0002,500,128,128,0.25,4,3,32,0.0001,"{'model__batch_size': 128, 'model__callbacks__early_stopping__patience': 10, 'model__lr': 0.0002, 'model__max_epochs': 500, 'model__module__d_model': 128, 'model__module__dim_feedforward': 128, 'model__module__dropout': 0.25, 'model__module__nhead': 4, 'model__module__num_layers': 3, 'model__module__patch_size': 32, 'model__optimizer__weight_decay': 0.0001}",0.7803921568627451,0.8535353535353536,0.8163377192982456,0.8568376068376069,0.832967032967033,0.8280139739001969,0.027967294498360145,244,0.9066592365561438,0.8982013011863759,0.9111070418523266,0.8582891259293062,0.9184573429007988,0.8985428096849901,0.021169792782501702
272,2.546148443222046,0.19214177255456977,0.022939538955688475,0.0024941171362310144,128,10,0.0002,500,128,256,0.1,4,2,16,0.0001,"{'model__batch_size': 128, 'model__callbacks__early_stopping__patience': 10, 'model__lr': 0.0002, 'model__max_epochs': 500, 'model__module__d_model': 128, 'model__module__dim_feedforward': 256, 'model__module__dropout': 0.1, 'model__module__nhead': 4, 'model__module__num_layers': 2, 'model__module__patch_size': 16, 'model__optimizer__weight_decay': 0.0001}",0.7723577235772358,0.8706594456833386,0.8769997377393128,0.9097035040431267,0.832967032967033,0.8525374888020094,0.04691813665506251,93,0.8903183330664246,0.9120832118207447,0.8738340697103584,0.8692062654326804,0.9412878787878788,0.8973459517636174,0.026616227206874874
273,1.8471096515655518,0.17208277141746633,0.022464895248413087,0.003928576903854228,128,10,0.0002,500,128,256,0.1,4,2,32,0.0001,"{'model__batch_size': 128, 'model__callbacks__early_stopping__patience': 10, 'model__lr': 0.0002, 'model__max_epochs': 500, 'model__module__d_model': 128, 'model__module__dim_feedforward': 256, 'model__module__dropout': 0.1, 'model__module__nhead': 4, 'model__module__num_layers': 2, 'model__module__patch_size': 32, 'model__optimizer__weight_decay': 0.0001}",0.7992831541218638,0.8535353535353536,0.9121426698137949,0.8459770114942529,0.6969092721834497,0.8215694922297431,0.07191369148024336,266,0.9203259710053687,0.901740060270244,0.9053755522827688,0.8895243435192972,0.9280505966771755,0.9090033047509708,0.013684643509079369
274,3.2464967727661134,0.5953068438079757,0.026802635192871092,0.0039814833855130564,128,10,0.0002,500,128,256,0.1,4,3,16,0.0001,"{'model__batch_size': 128, 'model__callbacks__early_stopping__patience': 10, 'model__lr': 0.0002, 'model__max_epochs': 500, 'model__module__d_model': 128, 'model__module__dim_feedforward': 256, 'model__module__dropout': 0.1, 'model__module__nhead': 4, 'model__module__num_layers': 3, 'model__module__patch_size': 16, 'model__optimizer__weight_decay': 0.0001}",0.8095238095238095,0.9056910569105692,0.9287234042553192,0.9097035040431267,0.775811209439528,0.8658905968344704,0.06122600737252483,14,0.8882989326422992,0.920686981930944,0.8948617247586319,0.886599520383693,0.8956548347613219,0.897220398895378,0.01225634916744058
275,1.644162654876709,0.1299001731674885,0.023705720901489258,0.00344516313939122,128,10,0.0002,500,128,256,0.1,4,3,32,0.0001,"{'model__batch_size': 128, 'model__callbacks__early_stopping__patience': 10, 'model__lr': 0.0002, 'model__max_epochs': 500, 'model__module__d_model': 128, 'model__module__dim_feedforward': 256, 'model__module__dropout': 0.1, 'model__module__nhead': 4, 'model__module__num_layers': 3, 'model__module__patch_size': 32, 'model__optimizer__weight_decay': 0.0001}",0.8095238095238095,0.888030888030888,0.8530701754385965,0.9178921568627452,0.7587301587301587,0.8454494377172395,0.056444817690480265,155,0.8850361049546007,0.8889617747033216,0.8738340697103584,0.8671540392851869,0.9280505966771755,0.8886073170661287,0.021199733336145225
276,2.4985246658325195,0.4336435390393975,0.023345756530761718,0.0025247064616514495,128,10,0.0002,500,128,256,0.25,4,2,16,0.0001,"{'model__batch_size': 128, 'model__callbacks__early_stopping__patience': 10, 'model__lr': 0.0002, 'model__max_epochs': 500, 'model__module__d_model': 128, 'model__module__dim_feedforward': 256, 'model__module__dropout': 0.25, 'model__module__nhead': 4, 'model__module__num_layers': 2, 'model__module__patch_size': 16, 'model__optimizer__weight_decay': 0.0001}",0.7803921568627451,0.888030888030888,0.8959627329192547,0.8899835796387521,0.7726819541375873,0.8454102623178453,0.056348223547510345,156,0.8797019481102433,0.905360531309298,0.8867387820512821,0.8778354533873329,0.9263059886289349,0.8951885406974182,0.018352806701479513
277,1.875580644607544,0.1342695086899569,0.021771860122680665,0.0022695451456236906,128,10,0.0002,500,128,256,0.25,4,2,32,0.0001,"{'model__batch_size': 128, 'model__callbacks__early_stopping__patience': 10, 'model__lr': 0.0002, 'model__max_epochs': 500, 'model__module__d_model': 128, 'model__module__dim_feedforward': 256, 'model__module__dropout': 0.25, 'model__module__nhead': 4, 'model__module__num_layers': 2, 'model__module__patch_size': 32, 'model__optimizer__weight_decay': 0.0001}",0.7723577235772358,0.8535353535353536,0.9143879376437516,0.8645552560646901,0.7678025851938896,0.834527771202984,0.05649415808192022,219,0.9166839378238342,0.9185610409491006,0.8844718068992475,0.8832348932303498,0.9274896204900298,0.9060882598785124,0.018522442070850874
278,3.118439054489136,0.6146050125142297,0.025829076766967773,0.002574521484164369,128,10,0.0002,500,128,256,0.25,4,3,16,0.0001,"{'model__batch_size': 128, 'model__callbacks__early_stopping__patience': 10, 'model__lr': 0.0002, 'model__max_epochs': 500, 'model__module__d_model': 128, 'model__module__dim_feedforward': 256, 'model__module__dropout': 0.25, 'model__module__nhead': 4, 'model__module__num_layers': 3, 'model__module__patch_size': 16, 'model__optimizer__weight_decay': 0.0001}",0.8095238095238095,0.9056910569105692,0.9287234042553192,0.9097035040431267,0.775811209439528,0.8658905968344704,0.06122600737252483,14,0.8882989326422992,0.920686981930944,0.8890077120822621,0.8723834988540871,0.8818575049067245,0.8904469260832635,0.01625553290326508
279,2.063156986236572,0.41122142225550035,0.022841548919677733,0.003163669501647295,128,10,0.0002,500,128,256,0.25,4,3,32,0.0001,"{'model__batch_size': 128, 'model__callbacks__early_stopping__patience': 10, 'model__lr': 0.0002, 'model__max_epochs': 500, 'model__module__d_model': 128, 'model__module__dim_feedforward': 256, 'model__module__dropout': 0.25, 'model__module__nhead': 4, 'model__module__num_layers': 3, 'model__module__patch_size': 32, 'model__optimizer__weight_decay': 0.0001}",0.8095238095238095,0.8535353535353536,0.8734143049932523,0.8568376068376069,0.7452107279693487,0.8277043605718741,0.046348931186892255,245,0.8646464646464647,0.9012180629827689,0.8948739477706732,0.8938813813813814,0.8869902027796764,0.888322011912193,0.012668447730489118
280,2.5075419902801515,0.3450750810462096,0.023279857635498048,0.00270588403095023,128,10,0.0002,500,128,384,0.1,4,2,16,0.0001,"{'model__batch_size': 128, 'model__callbacks__early_stopping__patience': 10, 'model__lr': 0.0002, 'model__max_epochs': 500, 'model__module__d_model': 128, 'model__module__dim_feedforward': 384, 'model__module__dropout': 0.1, 'model__module__nhead': 4, 'model__module__num_layers': 2, 'model__module__patch_size': 16, 'model__optimizer__weight_decay': 0.0001}",0.7723577235772358,0.8535353535353536,0.9143879376437516,0.9097035040431267,0.7816091954022988,0.8463187428403532,0.06059815278358881,148,0.8903183330664246,0.9064039408866995,0.8732066386438537,0.8660661107802263,0.9088640891244222,0.8889718225003254,0.017173274382120452
281,1.681858491897583,0.18556315111820132,0.021448326110839844,0.002030694668583843,128,10,0.0002,500,128,384,0.1,4,2,32,0.0001,"{'model__batch_size': 128, 'model__callbacks__early_stopping__patience': 10, 'model__lr': 0.0002, 'model__max_epochs': 500, 'model__module__d_model': 128, 'model__module__dim_feedforward': 384, 'model__module__dropout': 0.1, 'model__module__nhead': 4, 'model__module__num_layers': 2, 'model__module__patch_size': 32, 'model__optimizer__weight_decay': 0.0001}",0.7992831541218638,0.8679674796747967,0.9095816464237516,0.8278899082568807,0.8258212375859435,0.8461086852126473,0.03858175327055265,151,0.9109525558295297,0.8995368437791957,0.9043424317617866,0.8637740421020748,0.9269083407014442,0.9011028428348062,0.02082943695746692
282,3.490119743347168,1.0541581190656688,0.024938011169433595,0.0026430956258506237,128,10,0.0002,500,128,384,0.1,4,3,16,0.0001,"{'model__batch_size': 128, 'model__callbacks__early_stopping__patience': 10, 'model__lr': 0.0002, 'model__max_epochs': 500, 'model__module__d_model': 128, 'model__module__dim_feedforward': 384, 'model__module__dropout': 0.1, 'model__module__nhead': 4, 'model__module__num_layers': 3, 'model__module__patch_size': 16, 'model__optimizer__weight_decay': 0.0001}",0.8095238095238095,0.8706594456833386,0.9095816464237516,0.9141025641025642,0.7816091954022988,0.8570953322271524,0.05319742374015602,51,0.85781973181128,0.9240448497077915,0.8843478972344951,0.8851995235259082,0.9650162223162646,0.903285644919148,0.037401882568632895
283,1.9937251091003418,0.18841039769431905,0.02333388328552246,0.001667044702729576,128,10,0.0002,500,128,384,0.1,4,3,32,0.0001,"{'model__batch_size': 128, 'model__callbacks__early_stopping__patience': 10, 'model__lr': 0.0002, 'model__max_epochs': 500, 'model__module__d_model': 128, 'model__module__dim_feedforward': 384, 'model__module__dropout': 0.1, 'model__module__nhead': 4, 'model__module__num_layers': 3, 'model__module__patch_size': 32, 'model__optimizer__weight_decay': 0.0001}",0.754679410593389,0.8901515151515151,0.8930851063829788,0.8770642201834863,0.7413206262763785,0.8312601757175495,0.06832606902527304,234,0.8997756170531039,0.9156264576919488,0.8890077120822621,0.8582891259293062,0.9014662756598241,0.8928330376832891,0.019236357020900118
284,2.704688882827759,0.235513329409665,0.02366194725036621,0.0023987646003626405,128,10,0.0002,500,128,384,0.25,4,2,16,0.0001,"{'model__batch_size': 128, 'model__callbacks__early_stopping__patience': 10, 'model__lr': 0.0002, 'model__max_epochs': 500, 'model__module__d_model': 128, 'model__module__dim_feedforward': 384, 'model__module__dropout': 0.25, 'model__module__nhead': 4, 'model__module__num_layers': 2, 'model__module__patch_size': 16, 'model__optimizer__weight_decay': 0.0001}",0.7803921568627451,0.8535353535353536,0.9121426698137949,0.9339901477832513,0.8035252643948296,0.8567171184779948,0.05951152751091629,55,0.8743145743145744,0.9027833881547309,0.8809825833081647,0.8713785241617082,0.9146266829865362,0.8888171505851428,0.016952867657514515
285,1.7662545680999755,0.1407838121588523,0.02418065071105957,0.0015639631837397574,128,10,0.0002,500,128,384,0.25,4,2,32,0.0001,"{'model__batch_size': 128, 'model__callbacks__early_stopping__patience': 10, 'model__lr': 0.0002, 'model__max_epochs': 500, 'model__module__d_model': 128, 'model__module__dim_feedforward': 384, 'model__module__dropout': 0.25, 'model__module__nhead': 4, 'model__module__num_layers': 2, 'model__module__patch_size': 32, 'model__optimizer__weight_decay': 0.0001}",0.7992831541218638,0.8679674796747967,0.9265350877192983,0.9141025641025642,0.7229166666666667,0.8461609904570379,0.07607663346675013,150,0.8981692573402418,0.8720834054667512,0.8830851943755169,0.8895243435192972,0.9263059886289349,0.8938336378661484,0.018332609333929883
286,3.372693157196045,0.5347831973896996,0.025316190719604493,0.0025755114204380858,128,10,0.0002,500,128,384,0.25,4,3,16,0.0001,"{'model__batch_size': 128, 'model__callbacks__early_stopping__patience': 10, 'model__lr': 0.0002, 'model__max_epochs': 500, 'model__module__d_model': 128, 'model__module__dim_feedforward': 384, 'model__module__dropout': 0.25, 'model__module__nhead': 4, 'model__module__num_layers': 3, 'model__module__patch_size': 16, 'model__optimizer__weight_decay': 0.0001}",0.8095238095238095,0.8535353535353536,0.9121426698137949,0.9097035040431267,0.7625,0.8494810673832169,0.05784798020915678,127,0.8870389884088514,0.9327695149217459,0.8821876307974409,0.8876086171163462,0.9051407588739291,0.8989491020236627,0.018620210874565998
287,1.8288352489471436,0.11586675680269914,0.023492813110351562,0.003497014965320024,128,10,0.0002,500,128,384,0.25,4,3,32,0.0001,"{'model__batch_size': 128, 'model__callbacks__early_stopping__patience': 10, 'model__lr': 0.0002, 'model__max_epochs': 500, 'model__module__d_model': 128, 'model__module__dim_feedforward': 384, 'model__module__dropout': 0.25, 'model__module__nhead': 4, 'model__module__num_layers': 3, 'model__module__patch_size': 32, 'model__optimizer__weight_decay': 0.0001}",0.7723577235772358,0.888030888030888,0.8574468085106384,0.8899835796387521,0.7678025851938896,0.8351243169902809,0.05436689876391508,212,0.9015791406536908,0.9168035030103996,0.8692750615475391,0.8776190476190476,0.9095498608311738,0.8949653227323701,0.018407825710601795
