,mean_fit_time,std_fit_time,mean_score_time,std_score_time,param_model__batch_size,param_model__callbacks__early_stopping__patience,param_model__lr,param_model__max_epochs,param_model__module__d_model,param_model__module__dim_feedforward,param_model__module__dropout,param_model__module__nhead,param_model__module__num_layers,param_model__module__patch_size,param_model__optimizer__weight_decay,params,split0_test_score,split1_test_score,split2_test_score,split3_test_score,split4_test_score,mean_test_score,std_test_score,rank_test_score,split0_train_score,split1_train_score,split2_train_score,split3_train_score,split4_train_score,mean_train_score,std_train_score
0,12.112043571472167,7.1323147002732545,0.039297866821289065,0.01177588827630768,64,10,3e-05,500,96,128,0.1,4,2,16,0.0001,"{'model__batch_size': 64, 'model__callbacks__early_stopping__patience': 10, 'model__lr': 3e-05, 'model__max_epochs': 500, 'model__module__d_model': 96, 'model__module__dim_feedforward': 128, 'model__module__dropout': 0.1, 'model__module__nhead': 4, 'model__module__num_layers': 2, 'model__module__patch_size': 16, 'model__optimizer__weight_decay': 0.0001}",0.8061538461538462,0.5918367346938775,0.8215384615384616,0.5620094191522763,0.503968253968254,0.657101343101343,0.13115479456312448,74,0.7876602564102564,0.8986645718774549,0.853990914990266,0.6255083950359788,0.7992063492063493,0.7930060975040611,0.0927419674591789
1,7.35011854171753,4.135869083820848,0.03456525802612305,0.008352505850598546,64,10,3e-05,500,96,128,0.1,4,2,32,0.0001,"{'model__batch_size': 64, 'model__callbacks__early_stopping__patience': 10, 'model__lr': 3e-05, 'model__max_epochs': 500, 'model__module__d_model': 96, 'model__module__dim_feedforward': 128, 'model__module__dropout': 0.1, 'model__module__nhead': 4, 'model__module__num_layers': 2, 'model__module__patch_size': 32, 'model__optimizer__weight_decay': 0.0001}",0.8061538461538462,0.68774599842561,0.7931034482758621,0.39805825242718446,0.592,0.6554123090565005,0.1503193664819384,83,0.7246753246753246,0.9099240638910709,0.7641234711706465,0.430406852248394,0.7803819444444444,0.7219023312859761,0.1584499703577338
2,9.396536207199096,4.322180537667316,0.03659696578979492,0.004974924687581026,64,10,3e-05,500,96,128,0.1,4,3,16,0.0001,"{'model__batch_size': 64, 'model__callbacks__early_stopping__patience': 10, 'model__lr': 3e-05, 'model__max_epochs': 500, 'model__module__d_model': 96, 'model__module__dim_feedforward': 128, 'model__module__dropout': 0.1, 'model__module__nhead': 4, 'model__module__num_layers': 3, 'model__module__patch_size': 16, 'model__optimizer__weight_decay': 0.0001}",0.7754455445544555,0.6268088347296268,0.894927536231884,0.5028636884306987,0.5121533721328313,0.6624397952158992,0.15240797700335973,49,0.7435980132877508,0.8035826242722794,0.8624053581828771,0.6428703703703703,0.7908399470899471,0.7686592626406449,0.07341779895559039
3,7.479658126831055,4.737320485748125,0.029647397994995116,0.006200112353724667,64,10,3e-05,500,96,128,0.1,4,3,32,0.0001,"{'model__batch_size': 64, 'model__callbacks__early_stopping__patience': 10, 'model__lr': 3e-05, 'model__max_epochs': 500, 'model__module__d_model': 96, 'model__module__dim_feedforward': 128, 'model__module__dropout': 0.1, 'model__module__nhead': 4, 'model__module__num_layers': 3, 'model__module__patch_size': 32, 'model__optimizer__weight_decay': 0.0001}",0.8061538461538462,0.623391812865497,0.8512820512820514,0.4464285714285714,0.584717607973422,0.6623947779406777,0.14868856586695878,50,0.7509398496240601,0.8914141414141414,0.832026875699888,0.5594279982270745,0.7268998272884284,0.7521417384507185,0.11274362214102175
4,7.850050830841065,3.6263223422407087,0.033565711975097653,0.006991816504079651,64,10,3e-05,500,96,128,0.25,4,2,16,0.0001,"{'model__batch_size': 64, 'model__callbacks__early_stopping__patience': 10, 'model__lr': 3e-05, 'model__max_epochs': 500, 'model__module__d_model': 96, 'model__module__dim_feedforward': 128, 'model__module__dropout': 0.25, 'model__module__nhead': 4, 'model__module__num_layers': 2, 'model__module__patch_size': 16, 'model__optimizer__weight_decay': 0.0001}",0.835016835016835,0.615,0.7247170500182549,0.447415329768271,0.5121533721328313,0.6268605173872384,0.14028822470356786,241,0.7773587854868018,0.8357012670458288,0.7168453047512398,0.5241228070175439,0.7690674817975334,0.7246191292197894,0.10710329247743576
5,6.709338617324829,3.7507117208704233,0.034995317459106445,0.011854538304798825,64,10,3e-05,500,96,128,0.25,4,2,32,0.0001,"{'model__batch_size': 64, 'model__callbacks__early_stopping__patience': 10, 'model__lr': 3e-05, 'model__max_epochs': 500, 'model__module__d_model': 96, 'model__module__dim_feedforward': 128, 'model__module__dropout': 0.25, 'model__module__nhead': 4, 'model__module__num_layers': 2, 'model__module__patch_size': 32, 'model__optimizer__weight_decay': 0.0001}",0.8061538461538462,0.5800000000000001,0.8310445276737412,0.47393939393939394,0.5480112494977902,0.6478298034529544,0.1438308994197095,126,0.7581757602767343,0.8065677013045434,0.8067219554779572,0.46811114095562123,0.7133339376359681,0.7105820991301648,0.12611185714113482
6,9.12137680053711,4.493446521370305,0.03453702926635742,0.005287556958380155,64,10,3e-05,500,96,128,0.25,4,3,16,0.0001,"{'model__batch_size': 64, 'model__callbacks__early_stopping__patience': 10, 'model__lr': 3e-05, 'model__max_epochs': 500, 'model__module__d_model': 96, 'model__module__dim_feedforward': 128, 'model__module__dropout': 0.25, 'model__module__nhead': 4, 'model__module__num_layers': 3, 'model__module__patch_size': 16, 'model__optimizer__weight_decay': 0.0001}",0.8061538461538462,0.568859324956886,0.894927536231884,0.5028636884306987,0.5205965909090909,0.6586801973364812,0.16060818046244005,67,0.7092768123573812,0.8220887554220888,0.8416253399456086,0.6219679633867277,0.8075175292496864,0.7604952800722986,0.08294586625212969
7,5.977199268341065,3.1422805354766807,0.03324761390686035,0.006289006791869163,64,10,3e-05,500,96,128,0.25,4,3,32,0.0001,"{'model__batch_size': 64, 'model__callbacks__early_stopping__patience': 10, 'model__lr': 3e-05, 'model__max_epochs': 500, 'model__module__d_model': 96, 'model__module__dim_feedforward': 128, 'model__module__dropout': 0.25, 'model__module__nhead': 4, 'model__module__num_layers': 3, 'model__module__patch_size': 32, 'model__optimizer__weight_decay': 0.0001}",0.7878787878787878,0.5912668189895913,0.7410714285714286,0.4373865698729582,0.5738636363636364,0.6262934483352804,0.12565457841205868,246,0.7670162955693226,0.8197146270540766,0.7574465836430572,0.430406852248394,0.6941726536663245,0.693751402436235,0.1375805830756162
8,8.562947654724121,6.409483321231221,0.033125782012939455,0.0043539819903984965,64,10,3e-05,500,96,256,0.1,4,2,16,0.0001,"{'model__batch_size': 64, 'model__callbacks__early_stopping__patience': 10, 'model__lr': 3e-05, 'model__max_epochs': 500, 'model__module__d_model': 96, 'model__module__dim_feedforward': 256, 'model__module__dropout': 0.1, 'model__module__nhead': 4, 'model__module__num_layers': 2, 'model__module__patch_size': 16, 'model__optimizer__weight_decay': 0.0001}",0.760658505698607,0.6033505789603351,0.7578747628083491,0.4464285714285714,0.5205965909090909,0.6177818019609906,0.125741755362568,265,0.6956807049614475,0.9048899490404423,0.8295454545454546,0.460446247464503,0.7387339880913146,0.7258592688206325,0.15121070437533257
9,6.068744325637818,2.721670591504918,0.030559587478637695,0.004001110192943625,64,10,3e-05,500,96,256,0.1,4,2,32,0.0001,"{'model__batch_size': 64, 'model__callbacks__early_stopping__patience': 10, 'model__lr': 3e-05, 'model__max_epochs': 500, 'model__module__d_model': 96, 'model__module__dim_feedforward': 256, 'model__module__dropout': 0.1, 'model__module__nhead': 4, 'model__module__num_layers': 2, 'model__module__patch_size': 32, 'model__optimizer__weight_decay': 0.0001}",0.835016835016835,0.615,0.7751937984496124,0.5741414141414142,0.6160794941282746,0.6830863083472272,0.10252933548668705,13,0.750130958617077,0.8335669002335668,0.7648376259798433,0.5576367614879649,0.7950055055782934,0.7402355503793491,0.09566189188046488
10,8.607953834533692,4.305637128431497,0.03381805419921875,0.005963019787263513,64,10,3e-05,500,96,256,0.1,4,3,16,0.0001,"{'model__batch_size': 64, 'model__callbacks__early_stopping__patience': 10, 'model__lr': 3e-05, 'model__max_epochs': 500, 'model__module__d_model': 96, 'model__module__dim_feedforward': 256, 'model__module__dropout': 0.1, 'model__module__nhead': 4, 'model__module__num_layers': 3, 'model__module__patch_size': 16, 'model__optimizer__weight_decay': 0.0001}",0.8061538461538462,0.615,0.9235164835164835,0.4928971157985364,0.503968253968254,0.6683071398874241,0.17014765390276304,35,0.7361471861471861,0.812636165577342,0.8312624071759429,0.5309382813528095,0.7798085291557877,0.7381585138818136,0.10853041005133808
11,5.515033149719239,2.764845161353656,0.029796600341796875,0.003386138350038703,64,10,3e-05,500,96,256,0.1,4,3,32,0.0001,"{'model__batch_size': 64, 'model__callbacks__early_stopping__patience': 10, 'model__lr': 3e-05, 'model__max_epochs': 500, 'model__module__d_model': 96, 'model__module__dim_feedforward': 256, 'model__module__dropout': 0.1, 'model__module__nhead': 4, 'model__module__num_layers': 3, 'model__module__patch_size': 32, 'model__optimizer__weight_decay': 0.0001}",0.8061538461538462,0.5800000000000001,0.8310445276737412,0.39805825242718446,0.5812655086848635,0.6393044269879271,0.1610516952567461,171,0.782964782964783,0.8175388967468176,0.8184584896312549,0.43162393162393164,0.7634678910518771,0.7228107984037327,0.1470939739615876
12,6.255952215194702,3.7655734924146698,0.03317947387695312,0.006177003197872151,64,10,3e-05,500,96,256,0.25,4,2,16,0.0001,"{'model__batch_size': 64, 'model__callbacks__early_stopping__patience': 10, 'model__lr': 3e-05, 'model__max_epochs': 500, 'model__module__d_model': 96, 'model__module__dim_feedforward': 256, 'model__module__dropout': 0.25, 'model__module__nhead': 4, 'model__module__num_layers': 2, 'model__module__patch_size': 16, 'model__optimizer__weight_decay': 0.0001}",0.835016835016835,0.5800000000000001,0.7410714285714286,0.4160125588697017,0.563505648750428,0.6271212942416786,0.14631435600145154,240,0.7653087044534412,0.780474697716077,0.7784373635966827,0.42424242424242425,0.7338842975206612,0.6964694975058573,0.1371290544157125
13,7.10676646232605,4.015283025063246,0.03014364242553711,0.004839324195189841,64,10,3e-05,500,96,256,0.25,4,2,32,0.0001,"{'model__batch_size': 64, 'model__callbacks__early_stopping__patience': 10, 'model__lr': 3e-05, 'model__max_epochs': 500, 'model__module__d_model': 96, 'model__module__dim_feedforward': 256, 'model__module__dropout': 0.25, 'model__module__nhead': 4, 'model__module__num_layers': 2, 'model__module__patch_size': 32, 'model__optimizer__weight_decay': 0.0001}",0.8061538461538462,0.615,0.7931034482758621,0.39805825242718446,0.5738636363636364,0.6372358366441058,0.15135679124771018,183,0.724432843106046,0.8634718370975594,0.831027049579306,0.4780701754385965,0.7387339880913146,0.7271471786625645,0.13531918961062472
14,6.99328875541687,4.418767849430741,0.031265878677368165,0.00457563908173043,64,10,3e-05,500,96,256,0.25,4,3,16,0.0001,"{'model__batch_size': 64, 'model__callbacks__early_stopping__patience': 10, 'model__lr': 3e-05, 'model__max_epochs': 500, 'model__module__d_model': 96, 'model__module__dim_feedforward': 256, 'model__module__dropout': 0.25, 'model__module__nhead': 4, 'model__module__num_layers': 3, 'model__module__patch_size': 16, 'model__optimizer__weight_decay': 0.0001}",0.7754455445544555,0.615,0.6712018140589568,0.37373737373737376,0.496,0.5862769464701573,0.1393879496094565,285,0.7469281212198383,0.8106106106106106,0.6720963855421687,0.43162393162393164,0.8071336864066763,0.6936785470806451,0.1403702991702371
15,5.7567356586456295,2.9351007693734075,0.028067636489868163,0.00403642492299912,64,10,3e-05,500,96,256,0.25,4,3,32,0.0001,"{'model__batch_size': 64, 'model__callbacks__early_stopping__patience': 10, 'model__lr': 3e-05, 'model__max_epochs': 500, 'model__module__d_model': 96, 'model__module__dim_feedforward': 256, 'model__module__dropout': 0.25, 'model__module__nhead': 4, 'model__module__num_layers': 3, 'model__module__patch_size': 32, 'model__optimizer__weight_decay': 0.0001}",0.8061538461538462,0.6033505789603351,0.8512820512820514,0.4316666666666667,0.5347394540942928,0.6454385194314385,0.15995315481873099,141,0.7492595030442653,0.8220887554220888,0.8071428571428572,0.5265937272064187,0.7261032923645163,0.7262376270360293,0.10594414248219462
16,8.432578182220459,4.164072552061616,0.029240751266479494,0.0039019916499914422,64,10,3e-05,500,96,384,0.1,4,2,16,0.0001,"{'model__batch_size': 64, 'model__callbacks__early_stopping__patience': 10, 'model__lr': 3e-05, 'model__max_epochs': 500, 'model__module__d_model': 96, 'model__module__dim_feedforward': 384, 'model__module__dropout': 0.1, 'model__module__nhead': 4, 'model__module__num_layers': 2, 'model__module__patch_size': 16, 'model__optimizer__weight_decay': 0.0001}",0.86875,0.6268088347296268,0.8725274725274725,0.447415329768271,0.5347394540942928,0.6700482182239326,0.17333421789229655,32,0.81679012345679,0.8080833126704687,0.8335417730883725,0.4291845493562232,0.7991450381679389,0.7373489593479585,0.15450007356198736
17,6.2700084209442135,3.1151114084976848,0.027802324295043944,0.003876422596876188,64,10,3e-05,500,96,384,0.1,4,2,32,0.0001,"{'model__batch_size': 64, 'model__callbacks__early_stopping__patience': 10, 'model__lr': 3e-05, 'model__max_epochs': 500, 'model__module__d_model': 96, 'model__module__dim_feedforward': 384, 'model__module__dropout': 0.1, 'model__module__nhead': 4, 'model__module__num_layers': 2, 'model__module__patch_size': 32, 'model__optimizer__weight_decay': 0.0001}",0.8622448979591837,0.6388028895768834,0.8116883116883117,0.39805825242718446,0.5293466223698782,0.6480281948042882,0.17281714252532954,125,0.7917648907747918,0.8175388967468176,0.8013957910977951,0.4291845493562232,0.7715695538057743,0.7222907363562804,0.14730656372513737
18,7.555905151367187,4.136903286012419,0.03211798667907715,0.005441543185039027,64,10,3e-05,500,96,384,0.1,4,3,16,0.0001,"{'model__batch_size': 64, 'model__callbacks__early_stopping__patience': 10, 'model__lr': 3e-05, 'model__max_epochs': 500, 'model__module__d_model': 96, 'model__module__dim_feedforward': 384, 'model__module__dropout': 0.1, 'model__module__nhead': 4, 'model__module__num_layers': 3, 'model__module__patch_size': 16, 'model__optimizer__weight_decay': 0.0001}",0.7878787878787878,0.5912668189895913,0.7138519924098672,0.39805825242718446,0.5709123757904246,0.6123936454991711,0.13356311662445153,274,0.7170345834513718,0.8085886357685258,0.8757873876424376,0.43162393162393164,0.7950089126559715,0.7256086902284477,0.1554067289344751
19,5.727534914016724,2.81717171328048,0.02873649597167969,0.003211999808712498,64,10,3e-05,500,96,384,0.1,4,3,32,0.0001,"{'model__batch_size': 64, 'model__callbacks__early_stopping__patience': 10, 'model__lr': 3e-05, 'model__max_epochs': 500, 'model__module__d_model': 96, 'model__module__dim_feedforward': 384, 'model__module__dropout': 0.1, 'model__module__nhead': 4, 'model__module__num_layers': 3, 'model__module__patch_size': 32, 'model__optimizer__weight_decay': 0.0001}",0.7878787878787878,0.5918367346938775,0.8512820512820514,0.38613861386138615,0.544,0.6322272375432206,0.16863419903125798,216,0.7541329284750338,0.8175388967468176,0.832026875699888,0.4291845493562232,0.7867086134928958,0.7239183727541716,0.14978371826472373
20,8.328493881225587,4.511686590454268,0.029419136047363282,0.0023525599160970933,64,10,3e-05,500,96,384,0.25,4,2,16,0.0001,"{'model__batch_size': 64, 'model__callbacks__early_stopping__patience': 10, 'model__lr': 3e-05, 'model__max_epochs': 500, 'model__module__d_model': 96, 'model__module__dim_feedforward': 384, 'model__module__dropout': 0.25, 'model__module__nhead': 4, 'model__module__num_layers': 2, 'model__module__patch_size': 16, 'model__optimizer__weight_decay': 0.0001}",0.8432278706007821,0.6026831785345717,0.8512820512820514,0.4464285714285714,0.503968253968254,0.6495179851628461,0.16903005142695227,110,0.7870459659273545,0.8335669002335668,0.8553571428571429,0.44358519269776875,0.7950055055782934,0.7429121414588253,0.1517368109128967
21,6.275427198410034,3.7909271046966966,0.02850680351257324,0.003962862503495281,64,10,3e-05,500,96,384,0.25,4,2,32,0.0001,"{'model__batch_size': 64, 'model__callbacks__early_stopping__patience': 10, 'model__lr': 3e-05, 'model__max_epochs': 500, 'model__module__d_model': 96, 'model__module__dim_feedforward': 384, 'model__module__dropout': 0.25, 'model__module__nhead': 4, 'model__module__num_layers': 2, 'model__module__patch_size': 32, 'model__optimizer__weight_decay': 0.0001}",0.8061538461538462,0.6388028895768834,0.8116883116883117,0.39805825242718446,0.5347394540942928,0.6378885507881037,0.15917205200005896,177,0.7461685823754789,0.8175388967468176,0.84443474465299,0.430406852248394,0.6829573934837092,0.704301293901478,0.1481126164885009
22,10.004642152786255,5.274151974796404,0.03246440887451172,0.0038852204791217687,64,10,3e-05,500,96,384,0.25,4,3,16,0.0001,"{'model__batch_size': 64, 'model__callbacks__early_stopping__patience': 10, 'model__lr': 3e-05, 'model__max_epochs': 500, 'model__module__d_model': 96, 'model__module__dim_feedforward': 384, 'model__module__dropout': 0.25, 'model__module__nhead': 4, 'model__module__num_layers': 3, 'model__module__patch_size': 16, 'model__optimizer__weight_decay': 0.0001}",0.78125,0.5804363461999521,0.8725274725274725,0.4555173730431462,0.5121533721328313,0.6403769127806804,0.15996643799479518,166,0.76575056252009,0.8825111135205466,0.8230926033779848,0.5678516819571866,0.78475935828877,0.7647930639329157,0.10624674408807282
23,5.594726085662842,2.6402294771185835,0.027932071685791017,0.0035405078419038162,64,10,3e-05,500,96,384,0.25,4,3,32,0.0001,"{'model__batch_size': 64, 'model__callbacks__early_stopping__patience': 10, 'model__lr': 3e-05, 'model__max_epochs': 500, 'model__module__d_model': 96, 'model__module__dim_feedforward': 384, 'model__module__dropout': 0.25, 'model__module__nhead': 4, 'model__module__num_layers': 3, 'model__module__patch_size': 32, 'model__optimizer__weight_decay': 0.0001}",0.7878787878787878,0.6033505789603351,0.8725274725274725,0.48333333333333334,0.544,0.6582180345399858,0.1479062554316081,68,0.7322023694338731,0.8085886357685258,0.8011363636363636,0.4850663716814159,0.7780701754385965,0.7210127831917551,0.12094691401825675
24,8.109871101379394,4.437160171164341,0.03310704231262207,0.003930154158082925,64,10,3e-05,500,128,128,0.1,4,2,16,0.0001,"{'model__batch_size': 64, 'model__callbacks__early_stopping__patience': 10, 'model__lr': 3e-05, 'model__max_epochs': 500, 'model__module__d_model': 128, 'model__module__dim_feedforward': 128, 'model__module__dropout': 0.1, 'model__module__nhead': 4, 'model__module__num_layers': 2, 'model__module__patch_size': 16, 'model__optimizer__weight_decay': 0.0001}",0.835016835016835,0.6033505789603351,0.8310445276737412,0.447415329768271,0.563505648750428,0.656066584033922,0.1533116583468917,80,0.7317813765182186,0.8776724137931033,0.865,0.43162393162393164,0.792962356792144,0.7398080157454795,0.16281699283910436
25,5.67747483253479,2.7194361222464254,0.029464530944824218,0.005023643763896437,64,10,3e-05,500,128,128,0.1,4,2,32,0.0001,"{'model__batch_size': 64, 'model__callbacks__early_stopping__patience': 10, 'model__lr': 3e-05, 'model__max_epochs': 500, 'model__module__d_model': 128, 'model__module__dim_feedforward': 128, 'model__module__dropout': 0.1, 'model__module__nhead': 4, 'model__module__num_layers': 2, 'model__module__patch_size': 32, 'model__optimizer__weight_decay': 0.0001}",0.8061538461538462,0.6388028895768834,0.7751937984496124,0.4160125588697017,0.6048009367681498,0.6481928059636387,0.1392548988675264,122,0.7209057398630858,0.9011157482326888,0.7897940406256635,0.4953929539295393,0.8094452926208651,0.7433307550543684,0.13667633854397665
26,7.975495767593384,4.867872812151278,0.031235408782958985,0.004929761295498003,64,10,3e-05,500,128,128,0.1,4,3,16,0.0001,"{'model__batch_size': 64, 'model__callbacks__early_stopping__patience': 10, 'model__lr': 3e-05, 'model__max_epochs': 500, 'model__module__d_model': 128, 'model__module__dim_feedforward': 128, 'model__module__dropout': 0.1, 'model__module__nhead': 4, 'model__module__num_layers': 3, 'model__module__patch_size': 16, 'model__optimizer__weight_decay': 0.0001}",0.7754455445544555,0.5804363461999521,0.894927536231884,0.39805825242718446,0.503968253968254,0.630567186676346,0.180818654144954,225,0.7132034632034632,0.8489428602407025,0.8067219554779572,0.43162393162393164,0.7863536564769464,0.7173691734046003,0.14948050707595623
27,6.079610157012939,2.9652515238535018,0.029384136199951172,0.0032926074942437244,64,10,3e-05,500,128,128,0.1,4,3,32,0.0001,"{'model__batch_size': 64, 'model__callbacks__early_stopping__patience': 10, 'model__lr': 3e-05, 'model__max_epochs': 500, 'model__module__d_model': 128, 'model__module__dim_feedforward': 128, 'model__module__dropout': 0.1, 'model__module__nhead': 4, 'model__module__num_layers': 3, 'model__module__patch_size': 32, 'model__optimizer__weight_decay': 0.0001}",0.9125000000000001,0.65,0.8512820512820514,0.39805825242718446,0.625,0.6873680607418471,0.1825039717487391,7,0.7763982642237223,0.866551724137931,0.832026875699888,0.4267241379310345,0.8065787152294512,0.7416559434444054,0.16023101990879798
28,8.210383796691895,4.689444675894959,0.029582691192626954,0.0037880358568862017,64,10,3e-05,500,128,128,0.25,4,2,16,0.0001,"{'model__batch_size': 64, 'model__callbacks__early_stopping__patience': 10, 'model__lr': 3e-05, 'model__max_epochs': 500, 'model__module__d_model': 128, 'model__module__dim_feedforward': 128, 'model__module__dropout': 0.25, 'model__module__nhead': 4, 'model__module__num_layers': 2, 'model__module__patch_size': 16, 'model__optimizer__weight_decay': 0.0001}",0.8061538461538462,0.6033505789603351,0.8310445276737412,0.39805825242718446,0.5205965909090909,0.6318407592248395,0.1660773370928889,218,0.7208067255799953,0.8601322780006506,0.865,0.43162393162393164,0.7609448818897637,0.7277015634188684,0.1582424569534639
29,5.740607452392578,4.219611277260953,0.03037552833557129,0.0040406942040478845,64,10,3e-05,500,128,128,0.25,4,2,32,0.0001,"{'model__batch_size': 64, 'model__callbacks__early_stopping__patience': 10, 'model__lr': 3e-05, 'model__max_epochs': 500, 'model__module__d_model': 128, 'model__module__dim_feedforward': 128, 'model__module__dropout': 0.25, 'model__module__nhead': 4, 'model__module__num_layers': 2, 'model__module__patch_size': 32, 'model__optimizer__weight_decay': 0.0001}",0.42727272727272725,0.5912668189895913,0.7410714285714286,0.39805825242718446,0.6160794941282746,0.5547497442778413,0.12697497271756042,288,0.4535419699175158,0.9099240638910709,0.8128299472084466,0.42548596112311016,0.7888447837150128,0.6781253451710313,0.19919795214518615
30,9.297715902328491,8.07929096740538,0.030643510818481445,0.0039481482103334116,64,10,3e-05,500,128,128,0.25,4,3,16,0.0001,"{'model__batch_size': 64, 'model__callbacks__early_stopping__patience': 10, 'model__lr': 3e-05, 'model__max_epochs': 500, 'model__module__d_model': 128, 'model__module__dim_feedforward': 128, 'model__module__dropout': 0.25, 'model__module__nhead': 4, 'model__module__num_layers': 3, 'model__module__patch_size': 16, 'model__optimizer__weight_decay': 0.0001}",0.7941176470588235,0.615,0.8512820512820514,0.39215686274509803,0.5102611940298507,0.6325635510231647,0.17146383229176135,215,0.6832595092455882,0.973009729051156,0.8483997754070747,0.430406852248394,0.6756410256410257,0.7221433783186477,0.18311702731192478
31,6.057885932922363,2.8689896387035816,0.028475427627563478,0.0039215492324608265,64,10,3e-05,500,128,128,0.25,4,3,32,0.0001,"{'model__batch_size': 64, 'model__callbacks__early_stopping__patience': 10, 'model__lr': 3e-05, 'model__max_epochs': 500, 'model__module__d_model': 128, 'model__module__dim_feedforward': 128, 'model__module__dropout': 0.25, 'model__module__nhead': 4, 'model__module__num_layers': 3, 'model__module__patch_size': 32, 'model__optimizer__weight_decay': 0.0001}",0.8163265306122449,0.6033505789603351,0.8587662337662337,0.4928971157985364,0.5939013964092335,0.6730483711093166,0.1404252513795637,23,0.8060975609756098,0.8507807981492193,0.8224284114541673,0.4892126962611544,0.8082774701253279,0.7553593873930957,0.13402406243523524
32,8.31939959526062,4.660743868498923,0.0305783748626709,0.005032297069018341,64,10,3e-05,500,128,256,0.1,4,2,16,0.0001,"{'model__batch_size': 64, 'model__callbacks__early_stopping__patience': 10, 'model__lr': 3e-05, 'model__max_epochs': 500, 'model__module__d_model': 128, 'model__module__dim_feedforward': 256, 'model__module__dropout': 0.1, 'model__module__nhead': 4, 'model__module__num_layers': 2, 'model__module__patch_size': 16, 'model__optimizer__weight_decay': 0.0001}",0.835016835016835,0.615,0.8512820512820514,0.4160125588697017,0.5205965909090909,0.6475816072155357,0.17171884880857508,129,0.7435980132877508,0.8937005312804944,0.9132142857142858,0.45879112279713274,0.7803819444444444,0.7579371795048215,0.16293582160035025
33,5.846166563034058,2.9126470134955884,0.02881031036376953,0.005063300597977649,64,10,3e-05,500,128,256,0.1,4,2,32,0.0001,"{'model__batch_size': 64, 'model__callbacks__early_stopping__patience': 10, 'model__lr': 3e-05, 'model__max_epochs': 500, 'model__module__d_model': 128, 'model__module__dim_feedforward': 256, 'model__module__dropout': 0.1, 'model__module__nhead': 4, 'model__module__num_layers': 2, 'model__module__patch_size': 32, 'model__optimizer__weight_decay': 0.0001}",0.8061538461538462,0.615,0.7827715355805243,0.36082474226804123,0.5939013964092335,0.631730304082329,0.16021097240426913,219,0.7285841922900913,0.8517503536067893,0.8885878828109582,0.46271929824561403,0.7888447837150128,0.7440973021336932,0.15091937062739985
34,5.768359518051147,4.038673131963222,0.031078910827636717,0.003347602198760521,64,10,3e-05,500,128,256,0.1,4,3,16,0.0001,"{'model__batch_size': 64, 'model__callbacks__early_stopping__patience': 10, 'model__lr': 3e-05, 'model__max_epochs': 500, 'model__module__d_model': 128, 'model__module__dim_feedforward': 256, 'model__module__dropout': 0.1, 'model__module__nhead': 4, 'model__module__num_layers': 3, 'model__module__patch_size': 16, 'model__optimizer__weight_decay': 0.0001}",0.8061538461538462,0.5886752136752137,0.8512820512820514,0.39805825242718446,0.544,0.6376338727076591,0.16888176686884973,180,0.7132034632034632,0.752429692690008,0.8831593706184764,0.43162393162393164,0.8012979497354498,0.7163428815742658,0.1532462717121299
35,6.616080474853516,2.9133042258854926,0.029207515716552734,0.005177852070342794,64,10,3e-05,500,128,256,0.1,4,3,32,0.0001,"{'model__batch_size': 64, 'model__callbacks__early_stopping__patience': 10, 'model__lr': 3e-05, 'model__max_epochs': 500, 'model__module__d_model': 128, 'model__module__dim_feedforward': 256, 'model__module__dropout': 0.1, 'model__module__nhead': 4, 'model__module__num_layers': 3, 'model__module__patch_size': 32, 'model__optimizer__weight_decay': 0.0001}",0.8622448979591837,0.615,0.8725274725274725,0.39805825242718446,0.6697746697746698,0.6835210585377021,0.17552136487987474,10,0.7737804878048781,0.8713216957605985,0.8247890979883192,0.43162393162393164,0.8967647916059458,0.7596560009567347,0.1693014517585298
36,8.036074542999268,4.368158953886809,0.030248117446899415,0.005148569023627757,64,10,3e-05,500,128,256,0.25,4,2,16,0.0001,"{'model__batch_size': 64, 'model__callbacks__early_stopping__patience': 10, 'model__lr': 3e-05, 'model__max_epochs': 500, 'model__module__d_model': 128, 'model__module__dim_feedforward': 256, 'model__module__dropout': 0.25, 'model__module__nhead': 4, 'model__module__num_layers': 2, 'model__module__patch_size': 16, 'model__optimizer__weight_decay': 0.0001}",0.835016835016835,0.5918367346938775,0.8512820512820514,0.447415329768271,0.5812655086848635,0.6613632918891795,0.1570019208388757,57,0.7928665459930887,0.846180052806405,0.8707692307692307,0.4267241379310345,0.7756713393007938,0.7424422613601106,0.16158839934537197
37,6.08360104560852,3.172357350950851,0.029293203353881837,0.004838377809465613,64,10,3e-05,500,128,256,0.25,4,2,32,0.0001,"{'model__batch_size': 64, 'model__callbacks__early_stopping__patience': 10, 'model__lr': 3e-05, 'model__max_epochs': 500, 'model__module__d_model': 128, 'model__module__dim_feedforward': 256, 'model__module__dropout': 0.25, 'model__module__nhead': 4, 'model__module__num_layers': 2, 'model__module__patch_size': 32, 'model__optimizer__weight_decay': 0.0001}",0.8061538461538462,0.6033505789603351,0.8201550387596899,0.4928971157985364,0.625,0.6695113159344814,0.1256310378403596,33,0.7469281212198383,0.8986645718774549,0.8416253399456086,0.5098102981029811,0.8029949086552861,0.7600046479602337,0.13453986965031234
38,6.8721226215362545,4.234108081934086,0.03182668685913086,0.0054126558910794235,64,10,3e-05,500,128,256,0.25,4,3,16,0.0001,"{'model__batch_size': 64, 'model__callbacks__early_stopping__patience': 10, 'model__lr': 3e-05, 'model__max_epochs': 500, 'model__module__d_model': 128, 'model__module__dim_feedforward': 256, 'model__module__dropout': 0.25, 'model__module__nhead': 4, 'model__module__num_layers': 3, 'model__module__patch_size': 16, 'model__optimizer__weight_decay': 0.0001}",0.7754455445544555,0.5912668189895913,0.8512820512820514,0.37373737373737376,0.5738636363636364,0.6331190849854216,0.1675670572917724,210,0.7051886792452831,0.7973291437549097,0.7952289023717596,0.42795698924731185,0.755608028335301,0.6962623485909131,0.1382738086462885
39,5.59000883102417,2.6452922451549012,0.028800106048583983,0.0035588037942363283,64,10,3e-05,500,128,256,0.25,4,3,32,0.0001,"{'model__batch_size': 64, 'model__callbacks__early_stopping__patience': 10, 'model__lr': 3e-05, 'model__max_epochs': 500, 'model__module__d_model': 128, 'model__module__dim_feedforward': 256, 'model__module__dropout': 0.25, 'model__module__nhead': 4, 'model__module__num_layers': 3, 'model__module__patch_size': 32, 'model__optimizer__weight_decay': 0.0001}",0.8880199075719872,0.5912668189895913,0.7931034482758621,0.447415329768271,0.5709123757904246,0.6581435760792272,0.15971566712119617,69,0.804138950480414,0.8220887554220888,0.8510755653612796,0.43162393162393164,0.792962356792144,0.7403779119359716,0.155621493793568
40,7.8803752899169925,4.496838876134833,0.03112616539001465,0.0028910988003818076,64,10,3e-05,500,128,384,0.1,4,2,16,0.0001,"{'model__batch_size': 64, 'model__callbacks__early_stopping__patience': 10, 'model__lr': 3e-05, 'model__max_epochs': 500, 'model__module__d_model': 128, 'model__module__dim_feedforward': 384, 'model__module__dropout': 0.1, 'model__module__nhead': 4, 'model__module__num_layers': 2, 'model__module__patch_size': 16, 'model__optimizer__weight_decay': 0.0001}",0.835016835016835,0.6033505789603351,0.7931034482758621,0.4555173730431462,0.5535714285714286,0.6481119327735214,0.1442152087804614,124,0.778921023359288,0.9239898989898989,0.8074074074074074,0.5110722100656455,0.7867086134928958,0.7616198306630271,0.13576702821539732
41,5.157011318206787,2.1637345631662104,0.02905726432800293,0.00415801463870479,64,10,3e-05,500,128,384,0.1,4,2,32,0.0001,"{'model__batch_size': 64, 'model__callbacks__early_stopping__patience': 10, 'model__lr': 3e-05, 'model__max_epochs': 500, 'model__module__d_model': 128, 'model__module__dim_feedforward': 384, 'model__module__dropout': 0.1, 'model__module__nhead': 4, 'model__module__num_layers': 2, 'model__module__patch_size': 32, 'model__optimizer__weight_decay': 0.0001}",0.8061538461538462,0.615,0.7578747628083491,0.4928971157985364,0.5939013964092335,0.6531654242339929,0.1140388163003662,91,0.7778527469381913,0.810948275862069,0.8184584896312549,0.4780701754385965,0.8089427662957075,0.7388544908331638,0.1311304693477457
42,8.39845871925354,5.680947684618368,0.030721664428710938,0.0033451363410843754,64,10,3e-05,500,128,384,0.1,4,3,16,0.0001,"{'model__batch_size': 64, 'model__callbacks__early_stopping__patience': 10, 'model__lr': 3e-05, 'model__max_epochs': 500, 'model__module__d_model': 128, 'model__module__dim_feedforward': 384, 'model__module__dropout': 0.1, 'model__module__nhead': 4, 'model__module__num_layers': 3, 'model__module__patch_size': 16, 'model__optimizer__weight_decay': 0.0001}",0.7754455445544555,0.6033505789603351,0.8310445276737412,0.447415329768271,0.544,0.6402511961913605,0.14317208307970483,167,0.6843503756642844,0.9060471692050639,0.8224284114541673,0.430406852248394,0.7991450381679389,0.7284755693479696,0.1650121063861354
43,5.00934739112854,2.1647788714996783,0.030693435668945314,0.006013003999451014,64,10,3e-05,500,128,384,0.1,4,3,32,0.0001,"{'model__batch_size': 64, 'model__callbacks__early_stopping__patience': 10, 'model__lr': 3e-05, 'model__max_epochs': 500, 'model__module__d_model': 128, 'model__module__dim_feedforward': 384, 'model__module__dropout': 0.1, 'model__module__nhead': 4, 'model__module__num_layers': 3, 'model__module__patch_size': 32, 'model__optimizer__weight_decay': 0.0001}",0.835016835016835,0.6268088347296268,0.894927536231884,0.37373737373737376,0.625,0.671098115943144,0.18410808976176857,29,0.7376184606680272,0.8175388967468176,0.849801821848272,0.43162393162393164,0.8181093947342855,0.7309385011242667,0.1541821751065709
44,8.610914754867554,5.768025883827152,0.029805564880371095,0.0034306716531359036,64,10,3e-05,500,128,384,0.25,4,2,16,0.0001,"{'model__batch_size': 64, 'model__callbacks__early_stopping__patience': 10, 'model__lr': 3e-05, 'model__max_epochs': 500, 'model__module__d_model': 128, 'model__module__dim_feedforward': 384, 'model__module__dropout': 0.25, 'model__module__nhead': 4, 'model__module__num_layers': 2, 'model__module__patch_size': 16, 'model__optimizer__weight_decay': 0.0001}",0.8622448979591837,0.6268088347296268,0.8116883116883117,0.39805825242718446,0.5205965909090909,0.6438793775426794,0.1742190651742724,151,0.7561798442004539,0.8713216957605985,0.831027049579306,0.43162393162393164,0.7242966751918158,0.7228898392712212,0.15470727510184726
45,6.084419012069702,3.128770615654201,0.028940248489379882,0.005360030103481386,64,10,3e-05,500,128,384,0.25,4,2,32,0.0001,"{'model__batch_size': 64, 'model__callbacks__early_stopping__patience': 10, 'model__lr': 3e-05, 'model__max_epochs': 500, 'model__module__d_model': 128, 'model__module__dim_feedforward': 384, 'model__module__dropout': 0.25, 'model__module__nhead': 4, 'model__module__num_layers': 2, 'model__module__patch_size': 32, 'model__optimizer__weight_decay': 0.0001}",0.835016835016835,0.6268088347296268,0.8587662337662337,0.447415329768271,0.5939013964092335,0.67238172593804,0.1549421139684669,24,0.7541329284750338,0.9048899490404423,0.7993488569608607,0.45223386158116213,0.8048187051213578,0.7430848602357714,0.15354084467992798
46,8.602490282058715,6.214007910320572,0.033029603958129886,0.004619237083277164,64,10,3e-05,500,128,384,0.25,4,3,16,0.0001,"{'model__batch_size': 64, 'model__callbacks__early_stopping__patience': 10, 'model__lr': 3e-05, 'model__max_epochs': 500, 'model__module__d_model': 128, 'model__module__dim_feedforward': 384, 'model__module__dropout': 0.25, 'model__module__nhead': 4, 'model__module__num_layers': 3, 'model__module__patch_size': 16, 'model__optimizer__weight_decay': 0.0001}",0.8061538461538462,0.615,0.7751937984496124,0.40817105765559375,0.544,0.6297037404518105,0.14760762679215328,232,0.6795348837209303,0.8680013346680013,0.8443434617471514,0.464507658643326,0.792962356792144,0.7298699391143105,0.14772669405915237
47,5.145851755142212,3.0930832306431464,0.02946639060974121,0.004022419030395885,64,10,3e-05,500,128,384,0.25,4,3,32,0.0001,"{'model__batch_size': 64, 'model__callbacks__early_stopping__patience': 10, 'model__lr': 3e-05, 'model__max_epochs': 500, 'model__module__d_model': 128, 'model__module__dim_feedforward': 384, 'model__module__dropout': 0.25, 'model__module__nhead': 4, 'model__module__num_layers': 3, 'model__module__patch_size': 32, 'model__optimizer__weight_decay': 0.0001}",0.835016835016835,0.6033505789603351,0.7247170500182549,0.38613861386138615,0.5833333333333334,0.6265112822380289,0.15053153258725596,244,0.7492595030442653,0.8357012670458288,0.8089036732960577,0.4489861415025529,0.6649006622516557,0.701550249428072,0.13923307572347052
48,3.9963459014892577,2.0911795351449216,0.02827930450439453,0.0034139810983175745,64,10,0.0001,500,96,128,0.1,4,2,16,0.0001,"{'model__batch_size': 64, 'model__callbacks__early_stopping__patience': 10, 'model__lr': 0.0001, 'model__max_epochs': 500, 'model__module__d_model': 96, 'model__module__dim_feedforward': 128, 'model__module__dropout': 0.1, 'model__module__nhead': 4, 'model__module__num_layers': 2, 'model__module__patch_size': 16, 'model__optimizer__weight_decay': 0.0001}",0.8061538461538462,0.6378418329637842,0.8512820512820514,0.447415329768271,0.5535714285714286,0.6592528977478762,0.15162931529201085,63,0.7958518518518518,0.9011157482326888,0.8811012664916947,0.43924719684702573,0.7969828277965014,0.7628597782439525,0.16737605865276228
49,2.9394866466522216,1.3354080402590125,0.02831292152404785,0.004163602419480394,64,10,0.0001,500,96,128,0.1,4,2,32,0.0001,"{'model__batch_size': 64, 'model__callbacks__early_stopping__patience': 10, 'model__lr': 0.0001, 'model__max_epochs': 500, 'model__module__d_model': 96, 'model__module__dim_feedforward': 128, 'model__module__dropout': 0.1, 'model__module__nhead': 4, 'model__module__num_layers': 2, 'model__module__patch_size': 32, 'model__optimizer__weight_decay': 0.0001}",0.8061538461538462,0.6354166666666667,0.8116883116883117,0.39805825242718446,0.6366486178398404,0.6575931389551698,0.15106583478472896,73,0.7317813765182186,0.9230900264032025,0.8067219554779572,0.43162393162393164,0.7988871224165341,0.7384208824879689,0.1652829982521255
50,4.2797449111938475,2.2270098551582858,0.03005838394165039,0.00333148818469585,64,10,0.0001,500,96,128,0.1,4,3,16,0.0001,"{'model__batch_size': 64, 'model__callbacks__early_stopping__patience': 10, 'model__lr': 0.0001, 'model__max_epochs': 500, 'model__module__d_model': 96, 'model__module__dim_feedforward': 128, 'model__module__dropout': 0.1, 'model__module__nhead': 4, 'model__module__num_layers': 3, 'model__module__patch_size': 16, 'model__optimizer__weight_decay': 0.0001}",0.8061538461538462,0.615,0.7751937984496124,0.447415329768271,0.503968253968254,0.6295462456679968,0.14251775325866622,234,0.7169771018455229,0.8778711989721164,0.8145179757270438,0.4406926406926407,0.7909048761313471,0.7281927586737341,0.15268961789375576
51,3.080895471572876,1.731666932190914,0.029317855834960938,0.0039001833103572557,64,10,0.0001,500,96,128,0.1,4,3,32,0.0001,"{'model__batch_size': 64, 'model__callbacks__early_stopping__patience': 10, 'model__lr': 0.0001, 'model__max_epochs': 500, 'model__module__d_model': 96, 'model__module__dim_feedforward': 128, 'model__module__dropout': 0.1, 'model__module__nhead': 4, 'model__module__num_layers': 3, 'model__module__patch_size': 32, 'model__optimizer__weight_decay': 0.0001}",0.7878787878787878,0.6142744686434007,0.7410714285714286,0.39805825242718446,0.5812655086848635,0.624509689241133,0.13677073780100243,250,0.7325346673687906,0.9150178967478425,0.8350065473592317,0.43162393162393164,0.78475935828877,0.7397884802777133,0.16541596985357518
52,3.9886125564575194,1.7606190782743618,0.029875516891479492,0.005770229333722332,64,10,0.0001,500,96,128,0.25,4,2,16,0.0001,"{'model__batch_size': 64, 'model__callbacks__early_stopping__patience': 10, 'model__lr': 0.0001, 'model__max_epochs': 500, 'model__module__d_model': 96, 'model__module__dim_feedforward': 128, 'model__module__dropout': 0.25, 'model__module__nhead': 4, 'model__module__num_layers': 2, 'model__module__patch_size': 16, 'model__optimizer__weight_decay': 0.0001}",0.8061538461538462,0.6033505789603351,0.7751937984496124,0.39805825242718446,0.5812655086848635,0.6328043969351682,0.14761728216221556,213,0.7958518518518518,0.8286742497268813,0.8748691189344135,0.43924719684702573,0.7867086134928958,0.7450702061706137,0.15599848677970518
53,3.3762449264526366,1.5997598686373231,0.028341960906982423,0.004988693316739869,64,10,0.0001,500,96,128,0.25,4,2,32,0.0001,"{'model__batch_size': 64, 'model__callbacks__early_stopping__patience': 10, 'model__lr': 0.0001, 'model__max_epochs': 500, 'model__module__d_model': 96, 'model__module__dim_feedforward': 128, 'model__module__dropout': 0.25, 'model__module__nhead': 4, 'model__module__num_layers': 2, 'model__module__patch_size': 32, 'model__optimizer__weight_decay': 0.0001}",0.8163265306122449,0.615,0.7931034482758621,0.4238383838383838,0.6366486178398404,0.6569833961132663,0.14174033202867511,75,0.7845528455284553,0.8962385961941451,0.8738121202679545,0.430406852248394,0.7907608695652174,0.7551542567608333,0.1682720797042121
54,4.8186193943023685,2.586226912700918,0.0313112735748291,0.003860686327777247,64,10,0.0001,500,96,128,0.25,4,3,16,0.0001,"{'model__batch_size': 64, 'model__callbacks__early_stopping__patience': 10, 'model__lr': 0.0001, 'model__max_epochs': 500, 'model__module__d_model': 96, 'model__module__dim_feedforward': 128, 'model__module__dropout': 0.25, 'model__module__nhead': 4, 'model__module__num_layers': 3, 'model__module__patch_size': 16, 'model__optimizer__weight_decay': 0.0001}",0.86875,0.65,0.7931034482758621,0.39805825242718446,0.544,0.6507823401406092,0.16913766186039622,103,0.804138950480414,0.9099240638910709,0.8350065473592317,0.430406852248394,0.7868319691863264,0.7532616766330873,0.1668388603629991
55,3.1321959495544434,1.4515061043686346,0.029125547409057616,0.0034683156966619274,64,10,0.0001,500,96,128,0.25,4,3,32,0.0001,"{'model__batch_size': 64, 'model__callbacks__early_stopping__patience': 10, 'model__lr': 0.0001, 'model__max_epochs': 500, 'model__module__d_model': 96, 'model__module__dim_feedforward': 128, 'model__module__dropout': 0.25, 'model__module__nhead': 4, 'model__module__num_layers': 3, 'model__module__patch_size': 32, 'model__optimizer__weight_decay': 0.0001}",0.8432278706007821,0.6033505789603351,0.7247170500182549,0.39805825242718446,0.5812655086848635,0.630123852138284,0.14921098097725236,228,0.7773587854868018,0.8825111135205466,0.8184584896312549,0.44648198725451943,0.792962356792144,0.7435545465370533,0.15281066190730722
56,3.8272652626037598,2.201116031548082,0.03031010627746582,0.0030519650746535687,64,10,0.0001,500,96,256,0.1,4,2,16,0.0001,"{'model__batch_size': 64, 'model__callbacks__early_stopping__patience': 10, 'model__lr': 0.0001, 'model__max_epochs': 500, 'model__module__d_model': 96, 'model__module__dim_feedforward': 256, 'model__module__dropout': 0.1, 'model__module__nhead': 4, 'model__module__num_layers': 2, 'model__module__patch_size': 16, 'model__optimizer__weight_decay': 0.0001}",0.835016835016835,0.6033505789603351,0.7247170500182549,0.46467817896389324,0.5812655086848635,0.6418056303288363,0.12706132728990674,157,0.7092768123573812,0.921183555904687,0.8246153846153846,0.4735930735930736,0.7950089126559715,0.7447355478252995,0.15153723129709687
57,2.6015976905822753,1.121098462654193,0.027860212326049804,0.004189963619685174,64,10,0.0001,500,96,256,0.1,4,2,32,0.0001,"{'model__batch_size': 64, 'model__callbacks__early_stopping__patience': 10, 'model__lr': 0.0001, 'model__max_epochs': 500, 'model__module__d_model': 96, 'model__module__dim_feedforward': 256, 'model__module__dropout': 0.1, 'model__module__nhead': 4, 'model__module__num_layers': 2, 'model__module__patch_size': 32, 'model__optimizer__weight_decay': 0.0001}",0.8061538461538462,0.6938775510204082,0.8310445276737412,0.38613861386138615,0.5709123757904246,0.6576253828999612,0.16411784499501947,71,0.7325346673687906,0.9230900264032025,0.8216396634448231,0.430406852248394,0.8011046382712814,0.7417551695472984,0.16721783066366877
58,4.641181230545044,2.439503593917209,0.03375487327575684,0.006235647654232728,64,10,0.0001,500,96,256,0.1,4,3,16,0.0001,"{'model__batch_size': 64, 'model__callbacks__early_stopping__patience': 10, 'model__lr': 0.0001, 'model__max_epochs': 500, 'model__module__d_model': 96, 'model__module__dim_feedforward': 256, 'model__module__dropout': 0.1, 'model__module__nhead': 4, 'model__module__num_layers': 3, 'model__module__patch_size': 16, 'model__optimizer__weight_decay': 0.0001}",0.8324468085106382,0.568859324956886,0.7751937984496124,0.4160125588697017,0.5709123757904246,0.6326849733154525,0.1516905128324107,214,0.8401929745213328,0.9340771654884592,0.8177286181648231,0.5169364390051323,0.8007246376811594,0.7819319669721813,0.14028521018533543
59,3.471289873123169,1.5651846520924677,0.02999248504638672,0.005820444491085957,64,10,0.0001,500,96,256,0.1,4,3,32,0.0001,"{'model__batch_size': 64, 'model__callbacks__early_stopping__patience': 10, 'model__lr': 0.0001, 'model__max_epochs': 500, 'model__module__d_model': 96, 'model__module__dim_feedforward': 256, 'model__module__dropout': 0.1, 'model__module__nhead': 4, 'model__module__num_layers': 3, 'model__module__patch_size': 32, 'model__optimizer__weight_decay': 0.0001}",0.7878787878787878,0.6268088347296268,0.6671449067431852,0.3473684210526316,0.6832298136645962,0.6224861528137655,0.14747703026449765,260,0.7170345834513718,0.8973656294200849,0.8285243481693816,0.4825962325962326,0.9003623188405797,0.7651766224955301,0.1561610534512455
60,4.31787896156311,2.1712112252704645,0.03305840492248535,0.00609957138597026,64,10,0.0001,500,96,256,0.25,4,2,16,0.0001,"{'model__batch_size': 64, 'model__callbacks__early_stopping__patience': 10, 'model__lr': 0.0001, 'model__max_epochs': 500, 'model__module__d_model': 96, 'model__module__dim_feedforward': 256, 'model__module__dropout': 0.25, 'model__module__nhead': 4, 'model__module__num_layers': 2, 'model__module__patch_size': 16, 'model__optimizer__weight_decay': 0.0001}",0.8622448979591837,0.615,0.8793175197669579,0.4555173730431462,0.6160794941282746,0.6856318569795125,0.162163724876659,8,0.787714190812997,0.921183555904687,0.8498358420495524,0.430406852248394,0.7665302519659766,0.7511341385963214,0.16917444448063407
61,3.8690093517303468,1.6903836310556488,0.033180761337280276,0.008662645987895014,64,10,0.0001,500,96,256,0.25,4,2,32,0.0001,"{'model__batch_size': 64, 'model__callbacks__early_stopping__patience': 10, 'model__lr': 0.0001, 'model__max_epochs': 500, 'model__module__d_model': 96, 'model__module__dim_feedforward': 256, 'model__module__dropout': 0.25, 'model__module__nhead': 4, 'model__module__num_layers': 2, 'model__module__patch_size': 32, 'model__optimizer__weight_decay': 0.0001}",0.835016835016835,0.6268088347296268,0.7751937984496124,0.39805825242718446,0.6591724467830662,0.6588500334812648,0.15073799059521897,66,0.8243404480975739,0.9150178967478425,0.8145179757270438,0.43162393162393164,0.9001184366363995,0.7771237377665583,0.17727964228470205
62,4.548605442047119,2.3700822590256605,0.03485889434814453,0.001784017863729577,64,10,0.0001,500,96,256,0.25,4,3,16,0.0001,"{'model__batch_size': 64, 'model__callbacks__early_stopping__patience': 10, 'model__lr': 0.0001, 'model__max_epochs': 500, 'model__module__d_model': 96, 'model__module__dim_feedforward': 256, 'model__module__dropout': 0.25, 'model__module__nhead': 4, 'model__module__num_layers': 3, 'model__module__patch_size': 16, 'model__optimizer__weight_decay': 0.0001}",0.8061538461538462,0.6033505789603351,0.7751937984496124,0.447415329768271,0.544,0.6352227106664129,0.13668824860599602,199,0.724432843106046,0.8844603672189879,0.8391188137353377,0.460446247464503,0.7888314785373609,0.7394579500124472,0.1493110967537135
63,3.2347593784332274,1.5917673471541811,0.03460960388183594,0.007238734660752648,64,10,0.0001,500,96,256,0.25,4,3,32,0.0001,"{'model__batch_size': 64, 'model__callbacks__early_stopping__patience': 10, 'model__lr': 0.0001, 'model__max_epochs': 500, 'model__module__d_model': 96, 'model__module__dim_feedforward': 256, 'model__module__dropout': 0.25, 'model__module__nhead': 4, 'model__module__num_layers': 3, 'model__module__patch_size': 32, 'model__optimizer__weight_decay': 0.0001}",0.7878787878787878,0.6268088347296268,0.693121693121693,0.39805825242718446,0.6160794941282746,0.6243894124571133,0.128649605229384,252,0.724432843106046,0.8631541725601131,0.8207323924479477,0.43162393162393164,0.792962356792144,0.7265811393060365,0.1542254761416132
64,3.9051144123077393,2.340655317104232,0.037035131454467775,0.009386628611245179,64,10,0.0001,500,96,384,0.1,4,2,16,0.0001,"{'model__batch_size': 64, 'model__callbacks__early_stopping__patience': 10, 'model__lr': 0.0001, 'model__max_epochs': 500, 'model__module__d_model': 96, 'model__module__dim_feedforward': 384, 'model__module__dropout': 0.1, 'model__module__nhead': 4, 'model__module__num_layers': 2, 'model__module__patch_size': 16, 'model__optimizer__weight_decay': 0.0001}",0.8061538461538462,0.6142744686434007,0.7410714285714286,0.4555173730431462,0.5709123757904246,0.6375858984404493,0.12430779321095747,181,0.7429571524966261,0.9560514436589729,0.8295454545454546,0.45223386158116213,0.7928920834581212,0.7547359991480673,0.16686913078597737
65,2.978111457824707,1.4080500979020567,0.03191409111022949,0.006627928260564365,64,10,0.0001,500,96,384,0.1,4,2,32,0.0001,"{'model__batch_size': 64, 'model__callbacks__early_stopping__patience': 10, 'model__lr': 0.0001, 'model__max_epochs': 500, 'model__module__d_model': 96, 'model__module__dim_feedforward': 384, 'model__module__dropout': 0.1, 'model__module__nhead': 4, 'model__module__num_layers': 2, 'model__module__patch_size': 32, 'model__optimizer__weight_decay': 0.0001}",0.8502546689303905,0.6388028895768834,0.693121693121693,0.38613861386138615,0.6160794941282746,0.6368794719237256,0.14966594713328224,187,0.7961538461538462,0.8923560025472672,0.8221614227086184,0.4291845493562232,0.7658996977361051,0.741151103700412,0.1614846858588313
66,3.542021560668945,2.031288195835292,0.03439850807189941,0.0063023956735173,64,10,0.0001,500,96,384,0.1,4,3,16,0.0001,"{'model__batch_size': 64, 'model__callbacks__early_stopping__patience': 10, 'model__lr': 0.0001, 'model__max_epochs': 500, 'model__module__d_model': 96, 'model__module__dim_feedforward': 384, 'model__module__dropout': 0.1, 'model__module__nhead': 4, 'model__module__num_layers': 3, 'model__module__patch_size': 16, 'model__optimizer__weight_decay': 0.0001}",0.7754455445544555,0.6033505789603351,0.8423913043478262,0.39805825242718446,0.5293466223698782,0.6297184605319359,0.16180379761191366,231,0.6927082149109842,0.8761455878502226,0.8271604938271604,0.43162393162393164,0.7232620320855615,0.7101800520595721,0.15446611172248753
67,2.775314140319824,1.4398408390116904,0.03422527313232422,0.005032742074506039,64,10,0.0001,500,96,384,0.1,4,3,32,0.0001,"{'model__batch_size': 64, 'model__callbacks__early_stopping__patience': 10, 'model__lr': 0.0001, 'model__max_epochs': 500, 'model__module__d_model': 96, 'model__module__dim_feedforward': 384, 'model__module__dropout': 0.1, 'model__module__nhead': 4, 'model__module__num_layers': 3, 'model__module__patch_size': 32, 'model__optimizer__weight_decay': 0.0001}",0.8061538461538462,0.6033505789603351,0.7410714285714286,0.447415329768271,0.5709123757904246,0.6337807118488611,0.12714894543753077,207,0.7094298245614035,0.9290053552907309,0.7916666666666666,0.5110722100656455,0.8029949086552861,0.7488337930479465,0.1380674591799331
68,3.7584953784942625,2.0128202965371913,0.030110979080200197,0.002960914014294576,64,10,0.0001,500,96,384,0.25,4,2,16,0.0001,"{'model__batch_size': 64, 'model__callbacks__early_stopping__patience': 10, 'model__lr': 0.0001, 'model__max_epochs': 500, 'model__module__d_model': 96, 'model__module__dim_feedforward': 384, 'model__module__dropout': 0.25, 'model__module__nhead': 4, 'model__module__num_layers': 2, 'model__module__patch_size': 16, 'model__optimizer__weight_decay': 0.0001}",0.8061538461538462,0.6033505789603351,0.8310445276737412,0.39805825242718446,0.544,0.6365214410430213,0.16318063583945466,189,0.7368183459732756,0.8726135615536537,0.8483120243790327,0.43162393162393164,0.7868319691863264,0.735239966543244,0.159062074390961
69,2.9723231315612795,1.426719917379101,0.028793525695800782,0.004407563339819645,64,10,0.0001,500,96,384,0.25,4,2,32,0.0001,"{'model__batch_size': 64, 'model__callbacks__early_stopping__patience': 10, 'model__lr': 0.0001, 'model__max_epochs': 500, 'model__module__d_model': 96, 'model__module__dim_feedforward': 384, 'model__module__dropout': 0.25, 'model__module__nhead': 4, 'model__module__num_layers': 2, 'model__module__patch_size': 32, 'model__optimizer__weight_decay': 0.0001}",0.825,0.6623508504696624,0.8116883116883117,0.38613861386138615,0.6160794941282746,0.6602514540295269,0.15947954345866902,60,0.7853827160493827,0.8937005312804944,0.8270758685153451,0.420479302832244,0.7699239417989419,0.7393124720952816,0.16507707645090114
70,3.836964225769043,1.8441621495133647,0.0351923942565918,0.006930638870383025,64,10,0.0001,500,96,384,0.25,4,3,16,0.0001,"{'model__batch_size': 64, 'model__callbacks__early_stopping__patience': 10, 'model__lr': 0.0001, 'model__max_epochs': 500, 'model__module__d_model': 96, 'model__module__dim_feedforward': 384, 'model__module__dropout': 0.25, 'model__module__nhead': 4, 'model__module__num_layers': 3, 'model__module__patch_size': 16, 'model__optimizer__weight_decay': 0.0001}",0.7754455445544555,0.6268088347296268,0.7471264367816093,0.4238383838383838,0.6160794941282746,0.63785973880647,0.1243146871059457,178,0.6880841930346882,0.8729064039408867,0.8375681223016491,0.5342821642381114,0.7848001107748304,0.7435281988580331,0.12177318148994101
71,2.9845336437225343,1.4553493917265898,0.03109126091003418,0.006922844963723933,64,10,0.0001,500,96,384,0.25,4,3,32,0.0001,"{'model__batch_size': 64, 'model__callbacks__early_stopping__patience': 10, 'model__lr': 0.0001, 'model__max_epochs': 500, 'model__module__d_model': 96, 'model__module__dim_feedforward': 384, 'model__module__dropout': 0.25, 'model__module__nhead': 4, 'model__module__num_layers': 3, 'model__module__patch_size': 32, 'model__optimizer__weight_decay': 0.0001}",0.825,0.615,0.693121693121693,0.3737373737373737,0.5347394540942928,0.6083197041906719,0.15141286420639508,280,0.7492595030442653,0.8949938949938949,0.8089036732960577,0.502934596657455,0.792962356792144,0.7498108049567633,0.13219706449474497
72,4.371372556686401,1.852840209786822,0.030338573455810546,0.004871921307691642,64,10,0.0001,500,128,128,0.1,4,2,16,0.0001,"{'model__batch_size': 64, 'model__callbacks__early_stopping__patience': 10, 'model__lr': 0.0001, 'model__max_epochs': 500, 'model__module__d_model': 128, 'model__module__dim_feedforward': 128, 'model__module__dropout': 0.1, 'model__module__nhead': 4, 'model__module__num_layers': 2, 'model__module__patch_size': 16, 'model__optimizer__weight_decay': 0.0001}",0.8061538461538462,0.6033505789603351,0.8116883116883117,0.39805825242718446,0.5511541749786264,0.6340810328416607,0.1579122389214025,205,0.8147260342382294,0.9674242424242424,0.831027049579306,0.43162393162393164,0.9065967162149033,0.7902795948161226,0.18751094214292152
73,2.389980173110962,1.1940928573451017,0.029373693466186523,0.002901159236121238,64,10,0.0001,500,128,128,0.1,4,2,32,0.0001,"{'model__batch_size': 64, 'model__callbacks__early_stopping__patience': 10, 'model__lr': 0.0001, 'model__max_epochs': 500, 'model__module__d_model': 128, 'model__module__dim_feedforward': 128, 'model__module__dropout': 0.1, 'model__module__nhead': 4, 'model__module__num_layers': 2, 'model__module__patch_size': 32, 'model__optimizer__weight_decay': 0.0001}",0.8880199075719872,0.6033505789603351,0.8725274725274725,0.39215686274509803,0.6277915632754343,0.6767692770160654,0.18533291561121212,21,0.7899630768041137,0.9011157482326888,0.8230926033779848,0.430406852248394,0.7309765880048502,0.7351109737336063,0.16196839217455888
74,4.668104743957519,1.8648175076028386,0.03204288482666016,0.004192586307398586,64,10,0.0001,500,128,128,0.1,4,3,16,0.0001,"{'model__batch_size': 64, 'model__callbacks__early_stopping__patience': 10, 'model__lr': 0.0001, 'model__max_epochs': 500, 'model__module__d_model': 128, 'model__module__dim_feedforward': 128, 'model__module__dropout': 0.1, 'model__module__nhead': 4, 'model__module__num_layers': 3, 'model__module__patch_size': 16, 'model__optimizer__weight_decay': 0.0001}",0.86875,0.6268088347296268,0.8512820512820514,0.4316666666666667,0.5416666666666666,0.6640348438690022,0.1716534463145598,45,0.8037683067302945,0.9263488438481302,0.8800191969284914,0.44648198725451943,0.8804347826086957,0.7874106234740263,0.17494775216430286
75,2.9820417881011965,1.5710262979419192,0.03260393142700195,0.006438602089036255,64,10,0.0001,500,128,128,0.1,4,3,32,0.0001,"{'model__batch_size': 64, 'model__callbacks__early_stopping__patience': 10, 'model__lr': 0.0001, 'model__max_epochs': 500, 'model__module__d_model': 128, 'model__module__dim_feedforward': 128, 'model__module__dropout': 0.1, 'model__module__nhead': 4, 'model__module__num_layers': 3, 'model__module__patch_size': 32, 'model__optimizer__weight_decay': 0.0001}",0.9125000000000001,0.5918367346938775,0.8310445276737412,0.39805825242718446,0.6048009367681498,0.6676480903125905,0.18386226391533025,36,0.812412711167231,0.9348484848484848,0.8828125,0.43162393162393164,0.7669025542508772,0.7657200363781049,0.17670138005031924
76,3.855064868927002,2.1948973928371833,0.03236241340637207,0.0045775916733114905,64,10,0.0001,500,128,128,0.25,4,2,16,0.0001,"{'model__batch_size': 64, 'model__callbacks__early_stopping__patience': 10, 'model__lr': 0.0001, 'model__max_epochs': 500, 'model__module__d_model': 128, 'model__module__dim_feedforward': 128, 'model__module__dropout': 0.25, 'model__module__nhead': 4, 'model__module__num_layers': 2, 'model__module__patch_size': 16, 'model__optimizer__weight_decay': 0.0001}",0.8061538461538462,0.615,0.8390804597701149,0.39805825242718446,0.544,0.6404585116702292,0.16469115829808573,165,0.7285841922900913,0.9674242424242424,0.859189207982755,0.4479327952561357,0.7886382623224728,0.7583537400551396,0.17438050796235943
77,2.9156790733337403,1.6570261125622925,0.029191303253173827,0.004753447144609822,64,10,0.0001,500,128,128,0.25,4,2,32,0.0001,"{'model__batch_size': 64, 'model__callbacks__early_stopping__patience': 10, 'model__lr': 0.0001, 'model__max_epochs': 500, 'model__module__d_model': 128, 'model__module__dim_feedforward': 128, 'model__module__dropout': 0.25, 'model__module__nhead': 4, 'model__module__num_layers': 2, 'model__module__patch_size': 32, 'model__optimizer__weight_decay': 0.0001}",0.8880199075719872,0.6723330869672333,0.8310445276737412,0.39805825242718446,0.6277915632754343,0.6834494675831161,0.17222246578103279,11,0.9046419575386829,0.9463260381126737,0.8715893678110302,0.43162393162393164,0.7098678397533511,0.772809826967934,0.1884751934904066
78,4.11180272102356,2.0351747304837278,0.03301239013671875,0.004438572196577183,64,10,0.0001,500,128,128,0.25,4,3,16,0.0001,"{'model__batch_size': 64, 'model__callbacks__early_stopping__patience': 10, 'model__lr': 0.0001, 'model__max_epochs': 500, 'model__module__d_model': 128, 'model__module__dim_feedforward': 128, 'model__module__dropout': 0.25, 'model__module__nhead': 4, 'model__module__num_layers': 3, 'model__module__patch_size': 16, 'model__optimizer__weight_decay': 0.0001}",0.8622448979591837,0.6033505789603351,0.8793175197669579,0.4316666666666667,0.5347394540942928,0.6622638234894873,0.17889271707877263,51,0.7834468308014667,0.9150178967478425,0.8538629419467482,0.4479327952561357,0.7908399470899471,0.758220082368428,0.1623032693059137
79,2.5777727127075196,1.5718817782292909,0.029341459274291992,0.004169710050943962,64,10,0.0001,500,128,128,0.25,4,3,32,0.0001,"{'model__batch_size': 64, 'model__callbacks__early_stopping__patience': 10, 'model__lr': 0.0001, 'model__max_epochs': 500, 'model__module__d_model': 128, 'model__module__dim_feedforward': 128, 'model__module__dropout': 0.25, 'model__module__nhead': 4, 'model__module__num_layers': 3, 'model__module__patch_size': 32, 'model__optimizer__weight_decay': 0.0001}",0.7754455445544555,0.6033505789603351,0.8512820512820514,0.39805825242718446,0.613716454323665,0.6483705763095382,0.15697457249458333,120,0.7086311159978009,0.9048899490404423,0.8224284114541673,0.43162393162393164,0.7256318353092547,0.7186410486851195,0.1599927278911547
80,3.3233461380004883,1.6077937697764477,0.03299069404602051,0.006749926137473396,64,10,0.0001,500,128,256,0.1,4,2,16,0.0001,"{'model__batch_size': 64, 'model__callbacks__early_stopping__patience': 10, 'model__lr': 0.0001, 'model__max_epochs': 500, 'model__module__d_model': 128, 'model__module__dim_feedforward': 256, 'model__module__dropout': 0.1, 'model__module__nhead': 4, 'model__module__num_layers': 2, 'model__module__patch_size': 16, 'model__optimizer__weight_decay': 0.0001}",0.835016835016835,0.6033505789603351,0.8512820512820514,0.48333333333333334,0.584717607973422,0.6715400813131953,0.1460421547792878,27,0.7894485936755125,0.9110344827586206,0.8523076923076922,0.5074999329165213,0.7649890221246411,0.7650559447565976,0.13845772354246885
81,2.569661569595337,1.3106034770864456,0.03195013999938965,0.0045929494947487505,64,10,0.0001,500,128,256,0.1,4,2,32,0.0001,"{'model__batch_size': 64, 'model__callbacks__early_stopping__patience': 10, 'model__lr': 0.0001, 'model__max_epochs': 500, 'model__module__d_model': 128, 'model__module__dim_feedforward': 256, 'model__module__dropout': 0.1, 'model__module__nhead': 4, 'model__module__num_layers': 2, 'model__module__patch_size': 32, 'model__optimizer__weight_decay': 0.0001}",0.8163265306122449,0.6026831785345717,0.8116883116883117,0.39805825242718446,0.6666666666666667,0.6590845879857958,0.15452267132636405,64,0.7804562630079412,0.8791414700621754,0.8892307692307693,0.43162393162393164,0.744233066813712,0.744937100147706,0.16628813788435218
82,4.869986867904663,2.410911563324089,0.032783889770507814,0.004505436878620464,64,10,0.0001,500,128,256,0.1,4,3,16,0.0001,"{'model__batch_size': 64, 'model__callbacks__early_stopping__patience': 10, 'model__lr': 0.0001, 'model__max_epochs': 500, 'model__module__d_model': 128, 'model__module__dim_feedforward': 256, 'model__module__dropout': 0.1, 'model__module__nhead': 4, 'model__module__num_layers': 3, 'model__module__patch_size': 16, 'model__optimizer__weight_decay': 0.0001}",0.8061538461538462,0.6268088347296268,0.8725274725274725,0.36439888164026096,0.6543778801843317,0.6648533830471076,0.17602521384632566,44,0.750130958617077,0.9733134735927512,0.8054719107350686,0.5622119815668203,0.8869328669969883,0.795612238301741,0.13896663343077736
83,2.553018093109131,1.6438734202051117,0.03039517402648926,0.004498293762836206,64,10,0.0001,500,128,256,0.1,4,3,32,0.0001,"{'model__batch_size': 64, 'model__callbacks__early_stopping__patience': 10, 'model__lr': 0.0001, 'model__max_epochs': 500, 'model__module__d_model': 128, 'model__module__dim_feedforward': 256, 'model__module__dropout': 0.1, 'model__module__nhead': 4, 'model__module__num_layers': 3, 'model__module__patch_size': 32, 'model__optimizer__weight_decay': 0.0001}",0.8061538461538462,0.65,0.7087517934002869,0.39805825242718446,0.6160794941282746,0.6358086772219185,0.13524353853258103,194,0.7056561859193438,0.9555172413793103,0.8216396634448231,0.430406852248394,0.78475935828877,0.7395958602561282,0.17443779073884527
84,3.315038537979126,1.6042822377139194,0.032016944885253903,0.0059847178420269175,64,10,0.0001,500,128,256,0.25,4,2,16,0.0001,"{'model__batch_size': 64, 'model__callbacks__early_stopping__patience': 10, 'model__lr': 0.0001, 'model__max_epochs': 500, 'model__module__d_model': 128, 'model__module__dim_feedforward': 256, 'model__module__dropout': 0.25, 'model__module__nhead': 4, 'model__module__num_layers': 2, 'model__module__patch_size': 16, 'model__optimizer__weight_decay': 0.0001}",0.835016835016835,0.6033505789603351,0.8793175197669579,0.39805825242718446,0.544,0.6519486372342624,0.18093401052855837,97,0.7581757602767343,0.9171004434162329,0.8192553940163751,0.43162393162393164,0.792962356792144,0.7438235772250835,0.16480537301352377
85,2.410209894180298,1.2625270748923285,0.032607078552246094,0.007534499137009704,64,10,0.0001,500,128,256,0.25,4,2,32,0.0001,"{'model__batch_size': 64, 'model__callbacks__early_stopping__patience': 10, 'model__lr': 0.0001, 'model__max_epochs': 500, 'model__module__d_model': 128, 'model__module__dim_feedforward': 256, 'model__module__dropout': 0.25, 'model__module__nhead': 4, 'model__module__num_layers': 2, 'model__module__patch_size': 32, 'model__optimizer__weight_decay': 0.0001}",0.8622448979591837,0.615,0.7931034482758621,0.39805825242718446,0.6160794941282746,0.6568972185581009,0.16194991842393355,76,0.778921023359288,0.8618340723603881,0.8190577964536052,0.43162393162393164,0.7447629220817755,0.7272399491757977,0.15291364420221482
86,4.318281936645508,2.283143322417265,0.03412704467773438,0.0044573049034837735,64,10,0.0001,500,128,256,0.25,4,3,16,0.0001,"{'model__batch_size': 64, 'model__callbacks__early_stopping__patience': 10, 'model__lr': 0.0001, 'model__max_epochs': 500, 'model__module__d_model': 128, 'model__module__dim_feedforward': 256, 'model__module__dropout': 0.25, 'model__module__nhead': 4, 'model__module__num_layers': 3, 'model__module__patch_size': 16, 'model__optimizer__weight_decay': 0.0001}",0.8163265306122449,0.6268088347296268,0.8512820512820514,0.43951786482996125,0.544,0.6555870562907768,0.15754330346680628,82,0.7322023694338731,0.9099240638910709,0.8768939393939394,0.43162393162393164,0.7908399470899471,0.7482968502865525,0.17030047111989854
87,2.8872235298156737,1.69027190399954,0.0319483757019043,0.005299537878102629,64,10,0.0001,500,128,256,0.25,4,3,32,0.0001,"{'model__batch_size': 64, 'model__callbacks__early_stopping__patience': 10, 'model__lr': 0.0001, 'model__max_epochs': 500, 'model__module__d_model': 128, 'model__module__dim_feedforward': 256, 'model__module__dropout': 0.25, 'model__module__nhead': 4, 'model__module__num_layers': 3, 'model__module__patch_size': 32, 'model__optimizer__weight_decay': 0.0001}",0.8622448979591837,0.615,0.7751937984496124,0.39805825242718446,0.6048009367681498,0.6510595771208261,0.15966112228633036,101,0.76575056252009,0.9060471692050639,0.843053671769037,0.43162393162393164,0.7708333333333333,0.7434617336902912,0.1642202113791175
88,4.5606917381286625,1.7150042631711304,0.032525491714477536,0.005061922932555245,64,10,0.0001,500,128,384,0.1,4,2,16,0.0001,"{'model__batch_size': 64, 'model__callbacks__early_stopping__patience': 10, 'model__lr': 0.0001, 'model__max_epochs': 500, 'model__module__d_model': 128, 'model__module__dim_feedforward': 384, 'model__module__dropout': 0.1, 'model__module__nhead': 4, 'model__module__num_layers': 2, 'model__module__patch_size': 16, 'model__optimizer__weight_decay': 0.0001}",0.9194373401534527,0.6033505789603351,0.8310445276737412,0.447415329768271,0.6027542372881356,0.6808004027687871,0.17092639141246618,16,0.9020260278024254,0.8923560025472672,0.8615384615384616,0.4291845493562232,0.9133561643835616,0.7996922411255878,0.18605330884800153
89,2.543056106567383,1.315295045041845,0.0288693904876709,0.003914532109725223,64,10,0.0001,500,128,384,0.1,4,2,32,0.0001,"{'model__batch_size': 64, 'model__callbacks__early_stopping__patience': 10, 'model__lr': 0.0001, 'model__max_epochs': 500, 'model__module__d_model': 128, 'model__module__dim_feedforward': 384, 'model__module__dropout': 0.1, 'model__module__nhead': 4, 'model__module__num_layers': 2, 'model__module__patch_size': 32, 'model__optimizer__weight_decay': 0.0001}",0.8061538461538462,0.56656346749226,0.7827715355805243,0.39805825242718446,0.6031746031746031,0.6313443409656836,0.1502671309194672,222,0.7763982642237223,0.9075682937751903,0.8896176611742121,0.4267241379310345,0.7554999715763743,0.7511616657361067,0.1729442177214195
90,3.7926916122436523,2.1009950157457253,0.033032703399658206,0.004172346576635576,64,10,0.0001,500,128,384,0.1,4,3,16,0.0001,"{'model__batch_size': 64, 'model__callbacks__early_stopping__patience': 10, 'model__lr': 0.0001, 'model__max_epochs': 500, 'model__module__d_model': 128, 'model__module__dim_feedforward': 384, 'model__module__dropout': 0.1, 'model__module__nhead': 4, 'model__module__num_layers': 3, 'model__module__patch_size': 16, 'model__optimizer__weight_decay': 0.0001}",0.8563049853372433,0.6388028895768834,0.7247170500182549,0.39805825242718446,0.613716454323665,0.6463199263366461,0.15032843042239913,137,0.7942273820571579,0.8946078431372549,0.8011363636363636,0.43162393162393164,0.7022892597347026,0.7247769560378823,0.15870793504048886
91,3.032017374038696,1.6608777535948667,0.03228569030761719,0.004344052100707087,64,10,0.0001,500,128,384,0.1,4,3,32,0.0001,"{'model__batch_size': 64, 'model__callbacks__early_stopping__patience': 10, 'model__lr': 0.0001, 'model__max_epochs': 500, 'model__module__d_model': 128, 'model__module__dim_feedforward': 384, 'model__module__dropout': 0.1, 'model__module__nhead': 4, 'model__module__num_layers': 3, 'model__module__patch_size': 32, 'model__optimizer__weight_decay': 0.0001}",0.8061538461538462,0.5912668189895913,0.7827715355805243,0.6309523809523809,0.6160794941282746,0.6854448151609235,0.09021488655611973,9,0.7169771018455229,0.921183555904687,0.8525655704497015,0.7134855665661353,0.7787816962984553,0.7965986982129004,0.08027267825542458
92,3.5371682167053224,1.677480732536837,0.03225269317626953,0.005096780940072279,64,10,0.0001,500,128,384,0.25,4,2,16,0.0001,"{'model__batch_size': 64, 'model__callbacks__early_stopping__patience': 10, 'model__lr': 0.0001, 'model__max_epochs': 500, 'model__module__d_model': 128, 'model__module__dim_feedforward': 384, 'model__module__dropout': 0.25, 'model__module__nhead': 4, 'model__module__num_layers': 2, 'model__module__patch_size': 16, 'model__optimizer__weight_decay': 0.0001}",0.901098901098901,0.5804363461999521,0.7751937984496124,0.39805825242718446,0.5812655086848635,0.6472105613721026,0.17419725420363644,131,0.8267307692307693,0.8713216957605985,0.7969230769230768,0.43162393162393164,0.7785445292620865,0.7410288005600926,0.15785058690125028
93,2.7244964122772215,1.6349944037156001,0.029628658294677736,0.005433389817972553,64,10,0.0001,500,128,384,0.25,4,2,32,0.0001,"{'model__batch_size': 64, 'model__callbacks__early_stopping__patience': 10, 'model__lr': 0.0001, 'model__max_epochs': 500, 'model__module__d_model': 128, 'model__module__dim_feedforward': 384, 'model__module__dropout': 0.25, 'model__module__nhead': 4, 'model__module__num_layers': 2, 'model__module__patch_size': 32, 'model__optimizer__weight_decay': 0.0001}",0.8432278706007821,0.6503884572697003,0.8310445276737412,0.38,0.613716454323665,0.6636754619735777,0.1693491578145364,47,0.7792770281525904,0.9674242424242424,0.8727193365342645,0.43162393162393164,0.730441400304414,0.7562971878078886,0.18151477515388623
94,3.9146091461181642,2.3447286163384295,0.033564281463623044,0.0051575213677059325,64,10,0.0001,500,128,384,0.25,4,3,16,0.0001,"{'model__batch_size': 64, 'model__callbacks__early_stopping__patience': 10, 'model__lr': 0.0001, 'model__max_epochs': 500, 'model__module__d_model': 128, 'model__module__dim_feedforward': 384, 'model__module__dropout': 0.25, 'model__module__nhead': 4, 'model__module__num_layers': 3, 'model__module__patch_size': 16, 'model__optimizer__weight_decay': 0.0001}",0.7704081632653061,0.6268088347296268,0.8512820512820514,0.39805825242718446,0.6277915632754343,0.6548697729959205,0.15453135958922196,85,0.7306910569105691,0.9024357691024358,0.836423118865867,0.43162393162393164,0.7127106227106227,0.7227768998426852,0.16132376583872712
95,2.6867156982421876,1.553293793531465,0.030598258972167967,0.0038617027729247718,64,10,0.0001,500,128,384,0.25,4,3,32,0.0001,"{'model__batch_size': 64, 'model__callbacks__early_stopping__patience': 10, 'model__lr': 0.0001, 'model__max_epochs': 500, 'model__module__d_model': 128, 'model__module__dim_feedforward': 384, 'model__module__dropout': 0.25, 'model__module__nhead': 4, 'model__module__num_layers': 3, 'model__module__patch_size': 32, 'model__optimizer__weight_decay': 0.0001}",0.835016835016835,0.615,0.7578747628083491,0.39805825242718446,0.6366486178398404,0.6485196936184418,0.14881877618857028,119,0.7351324337831084,0.9508498613551214,0.81225227731034,0.43162393162393164,0.7438341770942783,0.7347385362333559,0.17010222471626488
96,2.7931606769561768,1.1952285161989318,0.031426000595092776,0.005029592152100378,64,10,0.0002,500,96,128,0.1,4,2,16,0.0001,"{'model__batch_size': 64, 'model__callbacks__early_stopping__patience': 10, 'model__lr': 0.0002, 'model__max_epochs': 500, 'model__module__d_model': 96, 'model__module__dim_feedforward': 128, 'model__module__dropout': 0.1, 'model__module__nhead': 4, 'model__module__num_layers': 2, 'model__module__patch_size': 16, 'model__optimizer__weight_decay': 0.0001}",0.8930390492359932,0.6378418329637842,0.8116883116883117,0.4373865698729582,0.625,0.6809911527522094,0.15898812757037256,15,0.7922887429083308,0.9340771654884592,0.8538629419467482,0.5334821428571428,0.7907608695652174,0.7808943725531796,0.1343349329199521
97,2.34198260307312,0.8944169231551775,0.03546781539916992,0.006832039787370133,64,10,0.0002,500,96,128,0.1,4,2,32,0.0001,"{'model__batch_size': 64, 'model__callbacks__early_stopping__patience': 10, 'model__lr': 0.0002, 'model__max_epochs': 500, 'model__module__d_model': 96, 'model__module__dim_feedforward': 128, 'model__module__dropout': 0.1, 'model__module__nhead': 4, 'model__module__num_layers': 2, 'model__module__patch_size': 32, 'model__optimizer__weight_decay': 0.0001}",0.7984358336295769,0.6258503401360545,0.7247170500182549,0.39805825242718446,0.5812655086848635,0.6256653969791868,0.13670204847461076,248,0.8178897123010345,0.9060471692050639,0.8145179757270438,0.4735930735930736,0.8197455470737913,0.7663586955800014,0.1503658850551528
98,3.057990550994873,1.7197808651049546,0.032447433471679686,0.004159315654365647,64,10,0.0002,500,96,128,0.1,4,3,16,0.0001,"{'model__batch_size': 64, 'model__callbacks__early_stopping__patience': 10, 'model__lr': 0.0002, 'model__max_epochs': 500, 'model__module__d_model': 96, 'model__module__dim_feedforward': 128, 'model__module__dropout': 0.1, 'model__module__nhead': 4, 'model__module__num_layers': 3, 'model__module__patch_size': 16, 'model__optimizer__weight_decay': 0.0001}",0.8061538461538462,0.6378418329637842,0.7646103896103896,0.447415329768271,0.5812655086848635,0.6474573814362309,0.12915110565876683,130,0.7208963585434174,0.9355912457352085,0.8787646970780463,0.42795698924731185,0.7807051139914128,0.7487828809190793,0.17692856047499897
99,2.3468164443969726,1.004207117960522,0.031496429443359376,0.004169070826459701,64,10,0.0002,500,96,128,0.1,4,3,32,0.0001,"{'model__batch_size': 64, 'model__callbacks__early_stopping__patience': 10, 'model__lr': 0.0002, 'model__max_epochs': 500, 'model__module__d_model': 96, 'model__module__dim_feedforward': 128, 'model__module__dropout': 0.1, 'model__module__nhead': 4, 'model__module__num_layers': 3, 'model__module__patch_size': 32, 'model__optimizer__weight_decay': 0.0001}",0.8061538461538462,0.615,0.7247170500182549,0.39805825242718446,0.5939013964092335,0.6275661090017038,0.13805575786640017,237,0.724432843106046,0.8960143304970891,0.837793302322388,0.4800291757840992,0.8321233411397346,0.7540785985698714,0.14780178781809017
100,3.1519554615020753,1.1575910021217886,0.032987022399902345,0.006104947193464172,64,10,0.0002,500,96,128,0.25,4,2,16,0.0001,"{'model__batch_size': 64, 'model__callbacks__early_stopping__patience': 10, 'model__lr': 0.0002, 'model__max_epochs': 500, 'model__module__d_model': 96, 'model__module__dim_feedforward': 128, 'model__module__dropout': 0.25, 'model__module__nhead': 4, 'model__module__num_layers': 2, 'model__module__patch_size': 16, 'model__optimizer__weight_decay': 0.0001}",0.835016835016835,0.6033505789603351,0.8310445276737412,0.39805825242718446,0.5709123757904246,0.647676513973704,0.1666655466856771,128,0.7383577423070594,0.8825111135205466,0.865,0.43162393162393164,0.86487448816094,0.7564734551224956,0.17045215059327945
101,2.3310043811798096,0.9668640177210902,0.03681836128234863,0.0102941651076151,64,10,0.0002,500,96,128,0.25,4,2,32,0.0001,"{'model__batch_size': 64, 'model__callbacks__early_stopping__patience': 10, 'model__lr': 0.0002, 'model__max_epochs': 500, 'model__module__d_model': 96, 'model__module__dim_feedforward': 128, 'model__module__dropout': 0.25, 'model__module__nhead': 4, 'model__module__num_layers': 2, 'model__module__patch_size': 32, 'model__optimizer__weight_decay': 0.0001}",0.86875,0.6022727272727273,0.7751937984496124,0.39805825242718446,0.6048009367681498,0.6498151429835348,0.16206194547686023,107,0.8488472648990781,0.9121028873179458,0.8360714285714286,0.43162393162393164,0.8029949086552861,0.7663280842135342,0.1710527218484017
102,2.859272289276123,1.5979754372087218,0.034003686904907224,0.008180983584546851,64,10,0.0002,500,96,128,0.25,4,3,16,0.0001,"{'model__batch_size': 64, 'model__callbacks__early_stopping__patience': 10, 'model__lr': 0.0002, 'model__max_epochs': 500, 'model__module__d_model': 96, 'model__module__dim_feedforward': 128, 'model__module__dropout': 0.25, 'model__module__nhead': 4, 'model__module__num_layers': 3, 'model__module__patch_size': 16, 'model__optimizer__weight_decay': 0.0001}",0.8061538461538462,0.6140014385039558,0.7471264367816093,0.39805825242718446,0.592,0.6314679947733192,0.14158738143051533,221,0.7086311159978009,0.9131313131313131,0.8637372989704596,0.4291845493562232,0.7803819444444444,0.7390132443800482,0.17000085587394073
103,2.2573335647583006,0.7863449440964427,0.03311500549316406,0.008160423355321663,64,10,0.0002,500,96,128,0.25,4,3,32,0.0001,"{'model__batch_size': 64, 'model__callbacks__early_stopping__patience': 10, 'model__lr': 0.0002, 'model__max_epochs': 500, 'model__module__d_model': 96, 'model__module__dim_feedforward': 128, 'model__module__dropout': 0.25, 'model__module__nhead': 4, 'model__module__num_layers': 3, 'model__module__patch_size': 32, 'model__optimizer__weight_decay': 0.0001}",0.7754455445544555,0.65,0.7410714285714286,0.43951786482996125,0.6366486178398404,0.6485366911591373,0.11704774412017606,118,0.7541329284750338,0.8403465346534653,0.8270758685153451,0.502934596657455,0.8148280022946215,0.7478635861191842,0.12596938439004893
104,2.533662271499634,1.1398592584764486,0.03184905052185059,0.004770122999409575,64,10,0.0002,500,96,256,0.1,4,2,16,0.0001,"{'model__batch_size': 64, 'model__callbacks__early_stopping__patience': 10, 'model__lr': 0.0002, 'model__max_epochs': 500, 'model__module__d_model': 96, 'model__module__dim_feedforward': 256, 'model__module__dropout': 0.1, 'model__module__nhead': 4, 'model__module__num_layers': 2, 'model__module__patch_size': 16, 'model__optimizer__weight_decay': 0.0001}",0.825,0.615,0.8310445276737412,0.39805825242718446,0.563505648750428,0.6465216857702707,0.16463447064289605,136,0.8145988805970149,0.8973656294200849,0.8692118624302553,0.43162393162393164,0.7699239417989419,0.7565448491740457,0.16831352968238225
105,2.05027551651001,0.8726268997314068,0.029818630218505858,0.006847141977928592,64,10,0.0002,500,96,256,0.1,4,2,32,0.0001,"{'model__batch_size': 64, 'model__callbacks__early_stopping__patience': 10, 'model__lr': 0.0002, 'model__max_epochs': 500, 'model__module__d_model': 96, 'model__module__dim_feedforward': 256, 'model__module__dropout': 0.1, 'model__module__nhead': 4, 'model__module__num_layers': 2, 'model__module__patch_size': 32, 'model__optimizer__weight_decay': 0.0001}",0.8061538461538462,0.6026831785345717,0.7087517934002869,0.39805825242718446,0.6160794941282746,0.6263453129288328,0.13557448305373998,245,0.728298017771702,0.9272687845603382,0.8231522338665196,0.45879112279713274,0.7991450381679389,0.7473310394327262,0.15775213185090936
106,2.6720892429351806,1.277810279394668,0.030206298828125,0.003218670677547645,64,10,0.0002,500,96,256,0.1,4,3,16,0.0001,"{'model__batch_size': 64, 'model__callbacks__early_stopping__patience': 10, 'model__lr': 0.0002, 'model__max_epochs': 500, 'model__module__d_model': 96, 'model__module__dim_feedforward': 256, 'model__module__dropout': 0.1, 'model__module__nhead': 4, 'model__module__num_layers': 3, 'model__module__patch_size': 16, 'model__optimizer__weight_decay': 0.0001}",0.8061538461538462,0.5800000000000001,0.8310445276737412,0.39805825242718446,0.544,0.6318513252509543,0.16439277165590838,217,0.7208963585434174,0.9121028873179458,0.8304598216688495,0.43162393162393164,0.7908399470899471,0.7371845892488184,0.16480788776944877
107,1.9027219772338868,0.5922231656680413,0.030111980438232423,0.00496480765221099,64,10,0.0002,500,96,256,0.1,4,3,32,0.0001,"{'model__batch_size': 64, 'model__callbacks__early_stopping__patience': 10, 'model__lr': 0.0002, 'model__max_epochs': 500, 'model__module__d_model': 96, 'model__module__dim_feedforward': 256, 'model__module__dropout': 0.1, 'model__module__nhead': 4, 'model__module__num_layers': 3, 'model__module__patch_size': 32, 'model__optimizer__weight_decay': 0.0001}",0.8061538461538462,0.6033505789603351,0.693121693121693,0.40817105765559375,0.6543778801843317,0.63303501121516,0.13075245430784865,211,0.7995256496759288,0.8631541725601131,0.8067219554779572,0.4450329000160488,0.8042098746324098,0.7437289104724915,0.15114300958880156
108,2.4418764114379883,1.1033499730936223,0.03049778938293457,0.005500821891101409,64,10,0.0002,500,96,256,0.25,4,2,16,0.0001,"{'model__batch_size': 64, 'model__callbacks__early_stopping__patience': 10, 'model__lr': 0.0002, 'model__max_epochs': 500, 'model__module__d_model': 96, 'model__module__dim_feedforward': 256, 'model__module__dropout': 0.25, 'model__module__nhead': 4, 'model__module__num_layers': 2, 'model__module__patch_size': 16, 'model__optimizer__weight_decay': 0.0001}",0.8880199075719872,0.6033505789603351,0.8116883116883117,0.39805825242718446,0.563505648750428,0.6529245398796493,0.17657061325210388,93,0.7982335922034415,0.8859618104667609,0.8484848484848485,0.43162393162393164,0.7675020885547201,0.7463612542667406,0.16255140748031346
109,2.0599456787109376,0.8904527109362871,0.03274993896484375,0.006408574632236423,64,10,0.0002,500,96,256,0.25,4,2,32,0.0001,"{'model__batch_size': 64, 'model__callbacks__early_stopping__patience': 10, 'model__lr': 0.0002, 'model__max_epochs': 500, 'model__module__d_model': 96, 'model__module__dim_feedforward': 256, 'model__module__dropout': 0.25, 'model__module__nhead': 4, 'model__module__num_layers': 2, 'model__module__patch_size': 32, 'model__optimizer__weight_decay': 0.0001}",0.7878787878787878,0.72,0.8201550387596899,0.5602836879432624,0.5812655086848635,0.6939166046533207,0.10582381913942386,5,0.7246753246753246,0.9560514436589729,0.7936330187170053,0.5718384771502555,0.7888447837150128,0.7670086095833142,0.12394059737053371
110,3.2529523849487303,1.9677774099522425,0.03371024131774902,0.007209934298833332,64,10,0.0002,500,96,256,0.25,4,3,16,0.0001,"{'model__batch_size': 64, 'model__callbacks__early_stopping__patience': 10, 'model__lr': 0.0002, 'model__max_epochs': 500, 'model__module__d_model': 96, 'model__module__dim_feedforward': 256, 'model__module__dropout': 0.25, 'model__module__nhead': 4, 'model__module__num_layers': 3, 'model__module__patch_size': 16, 'model__optimizer__weight_decay': 0.0001}",0.8061538461538462,0.5912668189895913,0.8116883116883117,0.39805825242718446,0.5121533721328313,0.623864120278353,0.16311813896506366,255,0.7849025974025974,0.944396551724138,0.8285243481693816,0.43162393162393164,0.766469893742621,0.751183464532534,0.1713486849999771
111,2.124276065826416,0.7446037807418511,0.03267946243286133,0.005747487614322988,64,10,0.0002,500,96,256,0.25,4,3,32,0.0001,"{'model__batch_size': 64, 'model__callbacks__early_stopping__patience': 10, 'model__lr': 0.0002, 'model__max_epochs': 500, 'model__module__d_model': 96, 'model__module__dim_feedforward': 256, 'model__module__dropout': 0.25, 'model__module__nhead': 4, 'model__module__num_layers': 3, 'model__module__patch_size': 32, 'model__optimizer__weight_decay': 0.0001}",0.8061538461538462,0.6388028895768834,0.8017094017094017,0.5507246376811594,0.6543778801843317,0.6903537310611245,0.09925501182627382,6,0.7512035316913366,0.8266905508284819,0.840414435713789,0.6809883687727247,0.8007246376811594,0.7800043049374983,0.058123939644475764
112,2.866838979721069,0.9697813420165389,0.029230117797851562,0.0035734281528309792,64,10,0.0002,500,96,384,0.1,4,2,16,0.0001,"{'model__batch_size': 64, 'model__callbacks__early_stopping__patience': 10, 'model__lr': 0.0002, 'model__max_epochs': 500, 'model__module__d_model': 96, 'model__module__dim_feedforward': 384, 'model__module__dropout': 0.1, 'model__module__nhead': 4, 'model__module__num_layers': 2, 'model__module__patch_size': 16, 'model__optimizer__weight_decay': 0.0001}",0.825,0.56656346749226,0.7751937984496124,0.5386904761904762,0.6196754563894523,0.6650246397043602,0.11440352369732244,43,0.804138950480414,0.8949938949938949,0.8248823402238447,0.5309382813528095,0.8859310371865995,0.7881769008475125,0.13322126337616116
113,1.8483902931213378,0.7972753702091278,0.031791067123413085,0.008900052425003732,64,10,0.0002,500,96,384,0.1,4,2,32,0.0001,"{'model__batch_size': 64, 'model__callbacks__early_stopping__patience': 10, 'model__lr': 0.0002, 'model__max_epochs': 500, 'model__module__d_model': 96, 'model__module__dim_feedforward': 384, 'model__module__dropout': 0.1, 'model__module__nhead': 4, 'model__module__num_layers': 2, 'model__module__patch_size': 32, 'model__optimizer__weight_decay': 0.0001}",0.8061538461538462,0.615,0.8310445276737412,0.39805825242718446,0.5939013964092335,0.6488316045328011,0.15811452585027508,113,0.7572047309678493,0.9332758620689655,0.8184584896312549,0.43162393162393164,0.7948094079480941,0.747074484448019,0.16831929498252507
114,3.1545026779174803,1.0495889188478547,0.03268108367919922,0.005131335675978205,64,10,0.0002,500,96,384,0.1,4,3,16,0.0001,"{'model__batch_size': 64, 'model__callbacks__early_stopping__patience': 10, 'model__lr': 0.0002, 'model__max_epochs': 500, 'model__module__d_model': 96, 'model__module__dim_feedforward': 384, 'model__module__dropout': 0.1, 'model__module__nhead': 4, 'model__module__num_layers': 3, 'model__module__patch_size': 16, 'model__optimizer__weight_decay': 0.0001}",0.7754455445544555,0.5726970033296338,0.6777777777777778,0.4011363636363636,0.5233050847457628,0.5900723548087988,0.12846169907458968,283,0.7248182762201454,0.8655868144359193,0.7948016415868673,0.6424731182795699,0.8737146850354398,0.7802789071115883,0.08750418330505477
115,2.369223880767822,0.9392745703802721,0.03371143341064453,0.007589349101968078,64,10,0.0002,500,96,384,0.1,4,3,32,0.0001,"{'model__batch_size': 64, 'model__callbacks__early_stopping__patience': 10, 'model__lr': 0.0002, 'model__max_epochs': 500, 'model__module__d_model': 96, 'model__module__dim_feedforward': 384, 'model__module__dropout': 0.1, 'model__module__nhead': 4, 'model__module__num_layers': 3, 'model__module__patch_size': 32, 'model__optimizer__weight_decay': 0.0001}",0.835016835016835,0.5800000000000001,0.7087517934002869,0.39805825242718446,0.6345029239766082,0.6312659609641829,0.14459805317481852,223,0.7670162955693226,0.9139139139139139,0.802864891175857,0.43162393162393164,0.8923154310478254,0.7615468926661701,0.17372528393197503
116,2.8078185081481934,1.2247844116644788,0.038846731185913086,0.011917389019846507,64,10,0.0002,500,96,384,0.25,4,2,16,0.0001,"{'model__batch_size': 64, 'model__callbacks__early_stopping__patience': 10, 'model__lr': 0.0002, 'model__max_epochs': 500, 'model__module__d_model': 96, 'model__module__dim_feedforward': 384, 'model__module__dropout': 0.25, 'model__module__nhead': 4, 'model__module__num_layers': 2, 'model__module__patch_size': 16, 'model__optimizer__weight_decay': 0.0001}",0.8324468085106382,0.615,0.8116883116883117,0.39805825242718446,0.5293466223698782,0.6373079989992025,0.16606107028976658,182,0.8036717804159665,0.8901286091474321,0.8153846153846154,0.43162393162393164,0.7184419713831478,0.7318501815910187,0.15968969007860068
117,2.3295648097991943,1.0935546564179028,0.031187725067138673,0.0058961049591477604,64,10,0.0002,500,96,384,0.25,4,2,32,0.0001,"{'model__batch_size': 64, 'model__callbacks__early_stopping__patience': 10, 'model__lr': 0.0002, 'model__max_epochs': 500, 'model__module__d_model': 96, 'model__module__dim_feedforward': 384, 'model__module__dropout': 0.25, 'model__module__nhead': 4, 'model__module__num_layers': 2, 'model__module__patch_size': 32, 'model__optimizer__weight_decay': 0.0001}",0.8061538461538462,0.6316632349576756,0.8310445276737412,0.39805825242718446,0.5939013964092335,0.6521642515243361,0.15754088941797925,96,0.7561798442004539,0.9221551724137931,0.8071428571428572,0.44358519269776875,0.7988871224165341,0.7455900377742815,0.16070074425694802
118,2.9368682861328126,1.3534162438603496,0.035201644897460936,0.004895886917510069,64,10,0.0002,500,96,384,0.25,4,3,16,0.0001,"{'model__batch_size': 64, 'model__callbacks__early_stopping__patience': 10, 'model__lr': 0.0002, 'model__max_epochs': 500, 'model__module__d_model': 96, 'model__module__dim_feedforward': 384, 'model__module__dropout': 0.25, 'model__module__nhead': 4, 'model__module__num_layers': 3, 'model__module__patch_size': 16, 'model__optimizer__weight_decay': 0.0001}",0.7754455445544555,0.6268088347296268,0.7247170500182549,0.39805825242718446,0.5293466223698782,0.6108752608198799,0.13581988660180147,275,0.7287735849056604,0.8729064039408867,0.8270758685153451,0.43162393162393164,0.7019666566836378,0.7124692891338924,0.15370425239986432
119,2.1797272205352782,0.8622638765300568,0.03251490592956543,0.006360648251934385,64,10,0.0002,500,96,384,0.25,4,3,32,0.0001,"{'model__batch_size': 64, 'model__callbacks__early_stopping__patience': 10, 'model__lr': 0.0002, 'model__max_epochs': 500, 'model__module__d_model': 96, 'model__module__dim_feedforward': 384, 'model__module__dropout': 0.25, 'model__module__nhead': 4, 'model__module__num_layers': 3, 'model__module__patch_size': 32, 'model__optimizer__weight_decay': 0.0001}",0.835016835016835,0.6033505789603351,0.693121693121693,0.39805825242718446,0.6697746697746698,0.6398644058601435,0.14256150148800076,170,0.7710630245186769,0.8879875694079473,0.8168746608790016,0.43162393162393164,0.8155693677102518,0.7446237108279619,0.16091897405271213
120,3.096894359588623,1.1271396128177686,0.03404836654663086,0.004714303910083785,64,10,0.0002,500,128,128,0.1,4,2,16,0.0001,"{'model__batch_size': 64, 'model__callbacks__early_stopping__patience': 10, 'model__lr': 0.0002, 'model__max_epochs': 500, 'model__module__d_model': 128, 'model__module__dim_feedforward': 128, 'model__module__dropout': 0.1, 'model__module__nhead': 4, 'model__module__num_layers': 2, 'model__module__patch_size': 16, 'model__optimizer__weight_decay': 0.0001}",0.8743351063829787,0.6388028895768834,0.8512820512820514,0.39805825242718446,0.5939013964092335,0.6712759392156663,0.17625234690825245,28,0.7939987562189055,0.9011157482326888,0.8692118624302553,0.43162393162393164,0.8781521508794237,0.774820489877041,0.17532218294201693
121,1.8932743072509766,0.9136529898345048,0.03608956336975098,0.009617398842322704,64,10,0.0002,500,128,128,0.1,4,2,32,0.0001,"{'model__batch_size': 64, 'model__callbacks__early_stopping__patience': 10, 'model__lr': 0.0002, 'model__max_epochs': 500, 'model__module__d_model': 128, 'model__module__dim_feedforward': 128, 'model__module__dropout': 0.1, 'model__module__nhead': 4, 'model__module__num_layers': 2, 'model__module__patch_size': 32, 'model__optimizer__weight_decay': 0.0001}",0.8061538461538462,0.6268088347296268,0.7842261904761905,0.39805825242718446,0.6160794941282746,0.6462653235830246,0.14662471133743307,138,0.7406164479335211,0.9838058374306935,0.8718122626153011,0.43162393162393164,0.7509057971014492,0.7557528553409794,0.18481889116085076
122,3.3968069553375244,1.1314154003267902,0.03351516723632812,0.00700068041344635,64,10,0.0002,500,128,128,0.1,4,3,16,0.0001,"{'model__batch_size': 64, 'model__callbacks__early_stopping__patience': 10, 'model__lr': 0.0002, 'model__max_epochs': 500, 'model__module__d_model': 128, 'model__module__dim_feedforward': 128, 'model__module__dropout': 0.1, 'model__module__nhead': 4, 'model__module__num_layers': 3, 'model__module__patch_size': 16, 'model__optimizer__weight_decay': 0.0001}",0.8502546689303905,0.615,0.894927536231884,0.39805825242718446,0.657707910750507,0.6831896736679932,0.17851762618872336,12,0.8272592592592592,0.8923560025472672,0.9010039284155391,0.43162393162393164,0.8695004298404814,0.7843487103372957,0.17820264596068028
123,2.1738599300384522,0.7711878474039067,0.03231468200683594,0.004870948328106701,64,10,0.0002,500,128,128,0.1,4,3,32,0.0001,"{'model__batch_size': 64, 'model__callbacks__early_stopping__patience': 10, 'model__lr': 0.0002, 'model__max_epochs': 500, 'model__module__d_model': 128, 'model__module__dim_feedforward': 128, 'model__module__dropout': 0.1, 'model__module__nhead': 4, 'model__module__num_layers': 3, 'model__module__patch_size': 32, 'model__optimizer__weight_decay': 0.0001}",0.835016835016835,0.5918367346938775,0.7931034482758621,0.39805825242718446,0.625,0.6486030540827519,0.1563218976725431,117,0.7279203771608171,0.8937005312804944,0.8789988968560397,0.43162393162393164,0.8793322734499205,0.7623152020742406,0.17613057922165198
124,2.984525537490845,1.0664227347418027,0.031958580017089844,0.004048955417339287,64,10,0.0002,500,128,128,0.25,4,2,16,0.0001,"{'model__batch_size': 64, 'model__callbacks__early_stopping__patience': 10, 'model__lr': 0.0002, 'model__max_epochs': 500, 'model__module__d_model': 128, 'model__module__dim_feedforward': 128, 'model__module__dropout': 0.25, 'model__module__nhead': 4, 'model__module__num_layers': 2, 'model__module__patch_size': 16, 'model__optimizer__weight_decay': 0.0001}",0.9194373401534527,0.6268088347296268,0.7410714285714286,0.39805825242718446,0.625,0.6620751711763385,0.1701757391010604,52,0.8040520556048507,0.8926520762253474,0.8510755653612796,0.43162393162393164,0.8738106200122775,0.7706428497655373,0.1720751369546625
125,2.1263760566711425,0.9689220244196252,0.031377220153808595,0.006704482112446869,64,10,0.0002,500,128,128,0.25,4,2,32,0.0001,"{'model__batch_size': 64, 'model__callbacks__early_stopping__patience': 10, 'model__lr': 0.0002, 'model__max_epochs': 500, 'model__module__d_model': 128, 'model__module__dim_feedforward': 128, 'model__module__dropout': 0.25, 'model__module__nhead': 4, 'model__module__num_layers': 2, 'model__module__patch_size': 32, 'model__optimizer__weight_decay': 0.0001}",0.86875,0.5918367346938775,0.7842261904761905,0.39805825242718446,0.6048009367681498,0.6495344228730804,0.16417534152094615,109,0.8147260342382294,0.9384582023202863,0.8299256030916426,0.43162393162393164,0.7554999715763743,0.754046748570093,0.1717007543906324
126,3.390146541595459,1.1054705331216637,0.03424820899963379,0.007367477028775319,64,10,0.0002,500,128,128,0.25,4,3,16,0.0001,"{'model__batch_size': 64, 'model__callbacks__early_stopping__patience': 10, 'model__lr': 0.0002, 'model__max_epochs': 500, 'model__module__d_model': 128, 'model__module__dim_feedforward': 128, 'model__module__dropout': 0.25, 'model__module__nhead': 4, 'model__module__num_layers': 3, 'model__module__patch_size': 16, 'model__optimizer__weight_decay': 0.0001}",0.8502546689303905,0.5918367346938775,0.9008547008547009,0.39805825242718446,0.657707910750507,0.679742453531332,0.18194722704578764,18,0.7921330042663912,0.8839406207827261,0.8860009119927041,0.43162393162393164,0.8598337950138504,0.7707064527359208,0.1729129986578475
127,2.1691463470458983,0.8082908576596598,0.02973933219909668,0.0036094424474822813,64,10,0.0002,500,128,128,0.25,4,3,32,0.0001,"{'model__batch_size': 64, 'model__callbacks__early_stopping__patience': 10, 'model__lr': 0.0002, 'model__max_epochs': 500, 'model__module__d_model': 128, 'model__module__dim_feedforward': 128, 'model__module__dropout': 0.25, 'model__module__nhead': 4, 'model__module__num_layers': 3, 'model__module__patch_size': 32, 'model__optimizer__weight_decay': 0.0001}",0.7878787878787878,0.5912668189895913,0.8116883116883117,0.39805825242718446,0.6048009367681498,0.638738621550405,0.1506564058374538,174,0.7819647852558829,0.8711824914704169,0.8390151515151515,0.43162393162393164,0.8052584670231729,0.7458089653777111,0.15997477061776064
128,2.332564878463745,0.9922911564104824,0.032187604904174806,0.004657599914937036,64,10,0.0002,500,128,256,0.1,4,2,16,0.0001,"{'model__batch_size': 64, 'model__callbacks__early_stopping__patience': 10, 'model__lr': 0.0002, 'model__max_epochs': 500, 'model__module__d_model': 128, 'model__module__dim_feedforward': 256, 'model__module__dropout': 0.1, 'model__module__nhead': 4, 'model__module__num_layers': 2, 'model__module__patch_size': 16, 'model__optimizer__weight_decay': 0.0001}",0.8880199075719872,0.6268088347296268,0.7931034482758621,0.40817105765559375,0.6160794941282746,0.6664365484722689,0.164894475893657,39,0.8102291572440826,0.9355912457352085,0.8216396634448231,0.42795698924731185,0.699870421404194,0.7390574954151239,0.17252819285338003
129,2.233124017715454,0.8100728224279885,0.03375897407531738,0.008318580023820025,64,10,0.0002,500,128,256,0.1,4,2,32,0.0001,"{'model__batch_size': 64, 'model__callbacks__early_stopping__patience': 10, 'model__lr': 0.0002, 'model__max_epochs': 500, 'model__module__d_model': 128, 'model__module__dim_feedforward': 256, 'model__module__dropout': 0.1, 'model__module__nhead': 4, 'model__module__num_layers': 2, 'model__module__patch_size': 32, 'model__optimizer__weight_decay': 0.0001}",0.86875,0.65,0.7578747628083491,0.39805825242718446,0.6543778801843317,0.665812179083973,0.15603346558927164,42,0.8789401553220648,0.9392069918385708,0.8390151515151515,0.43162393162393164,0.8967647916059458,0.7971102043811329,0.18555587557386788
130,2.66563458442688,1.2609212632156832,0.033675003051757815,0.004372776152612675,64,10,0.0002,500,128,256,0.1,4,3,16,0.0001,"{'model__batch_size': 64, 'model__callbacks__early_stopping__patience': 10, 'model__lr': 0.0002, 'model__max_epochs': 500, 'model__module__d_model': 128, 'model__module__dim_feedforward': 256, 'model__module__dropout': 0.1, 'model__module__nhead': 4, 'model__module__num_layers': 3, 'model__module__patch_size': 16, 'model__optimizer__weight_decay': 0.0001}",0.8930390492359932,0.6140014385039558,0.7410714285714286,0.39805825242718446,0.642478813559322,0.6577297964595769,0.16241326585864108,70,0.7630985696517413,0.9348484848484848,0.8007174857103623,0.43162393162393164,0.6827053856887995,0.7225987715046639,0.1667636337149745
131,2.5628186225891114,1.0890551911629034,0.031182336807250976,0.0036326829532987042,64,10,0.0002,500,128,256,0.1,4,3,32,0.0001,"{'model__batch_size': 64, 'model__callbacks__early_stopping__patience': 10, 'model__lr': 0.0002, 'model__max_epochs': 500, 'model__module__d_model': 128, 'model__module__dim_feedforward': 256, 'model__module__dropout': 0.1, 'model__module__nhead': 4, 'model__module__num_layers': 3, 'model__module__patch_size': 32, 'model__optimizer__weight_decay': 0.0001}",0.8061538461538462,0.6268088347296268,0.6852713178294574,0.39805825242718446,0.597953216374269,0.6228490935028768,0.1331642391292901,259,0.7453433928315851,0.9368702035368702,0.887351366386204,0.4735930735930736,0.9037290715372908,0.7893774215770047,0.17093160302270918
132,2.5757514953613283,1.053175840161559,0.030842971801757813,0.00337287169406522,64,10,0.0002,500,128,256,0.25,4,2,16,0.0001,"{'model__batch_size': 64, 'model__callbacks__early_stopping__patience': 10, 'model__lr': 0.0002, 'model__max_epochs': 500, 'model__module__d_model': 128, 'model__module__dim_feedforward': 256, 'model__module__dropout': 0.25, 'model__module__nhead': 4, 'model__module__num_layers': 2, 'model__module__patch_size': 16, 'model__optimizer__weight_decay': 0.0001}",0.9162234042553192,0.6723330869672333,0.8310445276737412,0.39805825242718446,0.5939013964092335,0.6823121335465423,0.18196269747979418,14,0.812412711167231,0.9674242424242424,0.8338461538461539,0.43162393162393164,0.7768215944955208,0.7644257267114158,0.17846066015450893
133,1.7991672992706298,0.7097826565346009,0.028856945037841798,0.0034952319055084474,64,10,0.0002,500,128,256,0.25,4,2,32,0.0001,"{'model__batch_size': 64, 'model__callbacks__early_stopping__patience': 10, 'model__lr': 0.0002, 'model__max_epochs': 500, 'model__module__d_model': 128, 'model__module__dim_feedforward': 256, 'model__module__dropout': 0.25, 'model__module__nhead': 4, 'model__module__num_layers': 2, 'model__module__patch_size': 32, 'model__optimizer__weight_decay': 0.0001}",0.835016835016835,0.6142744686434007,0.7578747628083491,0.39805825242718446,0.625,0.6460448637791538,0.1491079715767958,140,0.7845528455284553,0.8901286091474321,0.8183163986272795,0.42795698924731185,0.7768215944955208,0.7395552874091998,0.16086186319791557
134,3.2467867851257326,1.258976370795234,0.03289532661437988,0.005021173301318768,64,10,0.0002,500,128,256,0.25,4,3,16,0.0001,"{'model__batch_size': 64, 'model__callbacks__early_stopping__patience': 10, 'model__lr': 0.0002, 'model__max_epochs': 500, 'model__module__d_model': 128, 'model__module__dim_feedforward': 256, 'model__module__dropout': 0.25, 'model__module__nhead': 4, 'model__module__num_layers': 3, 'model__module__patch_size': 16, 'model__optimizer__weight_decay': 0.0001}",0.8061538461538462,0.6268088347296268,0.7578747628083491,0.4464285714285714,0.613716454323665,0.6501964938888116,0.12594955135641547,106,0.7285841922900913,0.9392069918385708,0.837793302322388,0.430406852248394,0.8825259247794459,0.763703452695778,0.18040485817329815
135,2.0706742286682127,0.8536978183716619,0.030670595169067384,0.005411605084102526,64,10,0.0002,500,128,256,0.25,4,3,32,0.0001,"{'model__batch_size': 64, 'model__callbacks__early_stopping__patience': 10, 'model__lr': 0.0002, 'model__max_epochs': 500, 'model__module__d_model': 128, 'model__module__dim_feedforward': 256, 'model__module__dropout': 0.25, 'model__module__nhead': 4, 'model__module__num_layers': 3, 'model__module__patch_size': 32, 'model__optimizer__weight_decay': 0.0001}",0.9597186700767264,0.6378418329637842,0.7751937984496124,0.39805825242718446,0.625,0.6791625107834615,0.18525352724527844,19,0.8349816849816849,0.9272687845603382,0.8270758685153451,0.43162393162393164,0.8113044004112158,0.7664509340185031,0.17225282728779612
136,2.476642370223999,1.3106981450355548,0.031832313537597655,0.004939258073729564,64,10,0.0002,500,128,384,0.1,4,2,16,0.0001,"{'model__batch_size': 64, 'model__callbacks__early_stopping__patience': 10, 'model__lr': 0.0002, 'model__max_epochs': 500, 'model__module__d_model': 128, 'model__module__dim_feedforward': 384, 'model__module__dropout': 0.1, 'model__module__nhead': 4, 'model__module__num_layers': 2, 'model__module__patch_size': 16, 'model__optimizer__weight_decay': 0.0001}",0.8061538461538462,0.6510102335345054,0.7410714285714286,0.39805825242718446,0.625,0.6442587521373929,0.13900639113178861,150,0.7125481778947126,0.8999137931034482,0.81225227731034,0.43162393162393164,0.7003660637381568,0.7113408487341178,0.1575476620153082
137,1.863022804260254,0.8838062598837835,0.03079252243041992,0.003520900809285419,64,10,0.0002,500,128,384,0.1,4,2,32,0.0001,"{'model__batch_size': 64, 'model__callbacks__early_stopping__patience': 10, 'model__lr': 0.0002, 'model__max_epochs': 500, 'model__module__d_model': 128, 'model__module__dim_feedforward': 384, 'model__module__dropout': 0.1, 'model__module__nhead': 4, 'model__module__num_layers': 2, 'model__module__patch_size': 32, 'model__optimizer__weight_decay': 0.0001}",0.7878787878787878,0.6268088347296268,0.8101916783543712,0.39805825242718446,0.5257452574525745,0.6297365621685089,0.15625019344585123,230,0.7325346673687906,0.9201732673267327,0.8566777549720432,0.43162393162393164,0.8071336864066763,0.7496286615396349,0.17045293293939437
138,3.4079449653625487,1.2867301017526196,0.034736108779907224,0.0030013293768630838,64,10,0.0002,500,128,384,0.1,4,3,16,0.0001,"{'model__batch_size': 64, 'model__callbacks__early_stopping__patience': 10, 'model__lr': 0.0002, 'model__max_epochs': 500, 'model__module__d_model': 128, 'model__module__dim_feedforward': 384, 'model__module__dropout': 0.1, 'model__module__nhead': 4, 'model__module__num_layers': 3, 'model__module__patch_size': 16, 'model__optimizer__weight_decay': 0.0001}",0.8163265306122449,0.5804363461999521,0.8116883116883117,0.3737373737373737,0.642478813559322,0.6449334751594409,0.16425345378246056,147,0.7492595030442653,0.8887931034482759,0.8575052350227277,0.5749613209222106,0.9235995772308622,0.7988237479336683,0.12623629433282385
139,2.230876588821411,1.0145856016493626,0.0315826416015625,0.004747953699558288,64,10,0.0002,500,128,384,0.1,4,3,32,0.0001,"{'model__batch_size': 64, 'model__callbacks__early_stopping__patience': 10, 'model__lr': 0.0002, 'model__max_epochs': 500, 'model__module__d_model': 128, 'model__module__dim_feedforward': 384, 'model__module__dropout': 0.1, 'model__module__nhead': 4, 'model__module__num_layers': 3, 'model__module__patch_size': 32, 'model__optimizer__weight_decay': 0.0001}",0.7576923076923077,0.5912668189895913,0.7751937984496124,0.39805825242718446,0.625,0.6294422355117392,0.1361669876469393,235,0.7361471861471861,0.9191222570532915,0.8615384615384616,0.43162393162393164,0.8024980483996877,0.7501859769525117,0.17050176523898616
140,2.4681282520294188,1.0538990220714095,0.036841964721679686,0.008394133534180255,64,10,0.0002,500,128,384,0.25,4,2,16,0.0001,"{'model__batch_size': 64, 'model__callbacks__early_stopping__patience': 10, 'model__lr': 0.0002, 'model__max_epochs': 500, 'model__module__d_model': 128, 'model__module__dim_feedforward': 384, 'model__module__dropout': 0.25, 'model__module__nhead': 4, 'model__module__num_layers': 2, 'model__module__patch_size': 16, 'model__optimizer__weight_decay': 0.0001}",0.825,0.6260683760683761,0.8310445276737412,0.41935483870967744,0.563505648750428,0.6529946782404445,0.15786606117878343,92,0.7917648907747918,0.9011157482326888,0.81225227731034,0.4859903381642512,0.7722585924713584,0.752676369390686,0.140439562240513
141,2.223661756515503,0.9544840702404223,0.03687806129455566,0.006235120555390713,64,10,0.0002,500,128,384,0.25,4,2,32,0.0001,"{'model__batch_size': 64, 'model__callbacks__early_stopping__patience': 10, 'model__lr': 0.0002, 'model__max_epochs': 500, 'model__module__d_model': 128, 'model__module__dim_feedforward': 384, 'model__module__dropout': 0.25, 'model__module__nhead': 4, 'model__module__num_layers': 2, 'model__module__patch_size': 32, 'model__optimizer__weight_decay': 0.0001}",0.7426470588235294,0.615,0.8725274725274725,0.39805825242718446,0.6027542372881356,0.6461974042132643,0.15808950700713767,139,0.7248182762201454,0.9110344827586206,0.8285243481693816,0.43162393162393164,0.8869328669969883,0.7565867811538134,0.1747165130455987
142,3.0861920356750487,1.7269729459190502,0.036692237854003905,0.0025238994684512748,64,10,0.0002,500,128,384,0.25,4,3,16,0.0001,"{'model__batch_size': 64, 'model__callbacks__early_stopping__patience': 10, 'model__lr': 0.0002, 'model__max_epochs': 500, 'model__module__d_model': 128, 'model__module__dim_feedforward': 384, 'model__module__dropout': 0.25, 'model__module__nhead': 4, 'model__module__num_layers': 3, 'model__module__patch_size': 16, 'model__optimizer__weight_decay': 0.0001}",0.8163265306122449,0.6268088347296268,0.7931034482758621,0.46467817896389324,0.657707910750507,0.6717249806664268,0.12706270668928757,26,0.7539753086419754,0.9617721143873166,0.8192553940163751,0.4780701754385965,0.707362969356927,0.7440871923682381,0.1582709578595138
143,2.4108736515045166,1.0538138306594036,0.03940448760986328,0.012365837237080192,64,10,0.0002,500,128,384,0.25,4,3,32,0.0001,"{'model__batch_size': 64, 'model__callbacks__early_stopping__patience': 10, 'model__lr': 0.0002, 'model__max_epochs': 500, 'model__module__d_model': 128, 'model__module__dim_feedforward': 384, 'model__module__dropout': 0.25, 'model__module__nhead': 4, 'model__module__num_layers': 3, 'model__module__patch_size': 32, 'model__optimizer__weight_decay': 0.0001}",0.7878787878787878,0.6388028895768834,0.7138519924098672,0.7316017316017316,0.6277915632754343,0.6999853929485409,0.059786908407294094,3,0.7169771018455229,0.9496476200802342,0.8457142857142858,0.7780942885628828,0.7215371700401082,0.8023940932486067,0.08716034097969118
144,13.247010135650635,6.750444278954566,0.03709907531738281,0.0047671979566131974,128,10,3e-05,500,96,128,0.1,4,2,16,0.0001,"{'model__batch_size': 128, 'model__callbacks__early_stopping__patience': 10, 'model__lr': 3e-05, 'model__max_epochs': 500, 'model__module__d_model': 96, 'model__module__dim_feedforward': 128, 'model__module__dropout': 0.1, 'model__module__nhead': 4, 'model__module__num_layers': 2, 'model__module__patch_size': 16, 'model__optimizer__weight_decay': 0.0001}",0.8061538461538462,0.5918367346938775,0.8310445276737412,0.4160125588697017,0.4739756367663344,0.6238046608315002,0.16902534140659267,256,0.8100118083670715,0.8901286091474321,0.8054719107350686,0.4538647342995169,0.7527848348641782,0.7424523794826535,0.150820154584874
145,8.93112359046936,3.733566443225589,0.0331204891204834,0.005482177830149218,128,10,3e-05,500,96,128,0.1,4,2,32,0.0001,"{'model__batch_size': 128, 'model__callbacks__early_stopping__patience': 10, 'model__lr': 3e-05, 'model__max_epochs': 500, 'model__module__d_model': 96, 'model__module__dim_feedforward': 128, 'model__module__dropout': 0.1, 'model__module__nhead': 4, 'model__module__num_layers': 2, 'model__module__patch_size': 32, 'model__optimizer__weight_decay': 0.0001}",0.7754455445544555,0.72,0.8512820512820514,0.43951786482996125,0.5608899297423888,0.6694270780817714,0.1493367509020823,34,0.7429571524966261,0.8962385961941451,0.7820197707170922,0.42548596112311016,0.8075175292496864,0.7308438019561321,0.16077526079360954
146,14.020999240875245,7.35169838190803,0.03668899536132812,0.009355560816256714,128,10,3e-05,500,96,128,0.1,4,3,16,0.0001,"{'model__batch_size': 128, 'model__callbacks__early_stopping__patience': 10, 'model__lr': 3e-05, 'model__max_epochs': 500, 'model__module__d_model': 96, 'model__module__dim_feedforward': 128, 'model__module__dropout': 0.1, 'model__module__nhead': 4, 'model__module__num_layers': 3, 'model__module__patch_size': 16, 'model__optimizer__weight_decay': 0.0001}",0.835016835016835,0.5804363461999521,0.8512820512820514,0.39215686274509803,0.5535714285714286,0.642492704763073,0.17611618366652362,155,0.761236249345207,0.8631541725601131,0.8401478318592009,0.464507658643326,0.7756713393007938,0.7409434503417281,0.14339563510251957
147,8.340928983688354,4.984596617564607,0.03187150955200195,0.003979157422375582,128,10,3e-05,500,96,128,0.1,4,3,32,0.0001,"{'model__batch_size': 128, 'model__callbacks__early_stopping__patience': 10, 'model__lr': 3e-05, 'model__max_epochs': 500, 'model__module__d_model': 96, 'model__module__dim_feedforward': 128, 'model__module__dropout': 0.1, 'model__module__nhead': 4, 'model__module__num_layers': 3, 'model__module__patch_size': 32, 'model__optimizer__weight_decay': 0.0001}",0.8061538461538462,0.6268088347296268,0.8512820512820514,0.5386904761904762,0.5293466223698782,0.6704563661451758,0.1343808401733517,31,0.764181204859171,0.8937005312804944,0.8150551589876703,0.502934596657455,0.7468030690537084,0.7445349121676997,0.13113757733287681
148,13.896574115753173,7.927925111808277,0.03342108726501465,0.005782951848381463,128,10,3e-05,500,96,128,0.25,4,2,16,0.0001,"{'model__batch_size': 128, 'model__callbacks__early_stopping__patience': 10, 'model__lr': 3e-05, 'model__max_epochs': 500, 'model__module__d_model': 96, 'model__module__dim_feedforward': 128, 'model__module__dropout': 0.25, 'model__module__nhead': 4, 'model__module__num_layers': 2, 'model__module__patch_size': 16, 'model__optimizer__weight_decay': 0.0001}",0.835016835016835,0.5918367346938775,0.8116883116883117,0.37373737373737376,0.5205965909090909,0.6265751692090977,0.17554485026527802,242,0.8080544690714182,0.9110344827586206,0.8416253399456086,0.42795698924731185,0.7886382623224728,0.7554619086690865,0.16896927696777192
149,9.542712593078614,4.3674997416224395,0.03654170036315918,0.010697952802984722,128,10,3e-05,500,96,128,0.25,4,2,32,0.0001,"{'model__batch_size': 128, 'model__callbacks__early_stopping__patience': 10, 'model__lr': 3e-05, 'model__max_epochs': 500, 'model__module__d_model': 96, 'model__module__dim_feedforward': 128, 'model__module__dropout': 0.25, 'model__module__nhead': 4, 'model__module__num_layers': 2, 'model__module__patch_size': 32, 'model__optimizer__weight_decay': 0.0001}",0.8253465346534654,0.6026831785345717,0.8310445276737412,0.38,0.563505648750428,0.6405159779224412,0.170700878283285,164,0.7422445727530473,0.8887931034482759,0.8034362259755388,0.45714285714285713,0.8012979497354498,0.7385829418110338,0.1482728175655632
150,14.925160980224609,9.110522986073967,0.03615384101867676,0.004447931312979422,128,10,3e-05,500,96,128,0.25,4,3,16,0.0001,"{'model__batch_size': 128, 'model__callbacks__early_stopping__patience': 10, 'model__lr': 3e-05, 'model__max_epochs': 500, 'model__module__d_model': 96, 'model__module__dim_feedforward': 128, 'model__module__dropout': 0.25, 'model__module__nhead': 4, 'model__module__num_layers': 3, 'model__module__patch_size': 16, 'model__optimizer__weight_decay': 0.0001}",0.8622448979591837,0.5918367346938775,0.8512820512820514,0.39215686274509803,0.5293466223698782,0.6453734338100178,0.18432505076551076,142,0.7763982642237223,0.9230900264032025,0.8154477101845523,0.45916638427651646,0.7623804644808743,0.7472965699137737,0.15468765537501009
151,10.289424514770507,5.880920802721434,0.033123207092285153,0.0028631509313698862,128,10,3e-05,500,96,128,0.25,4,3,32,0.0001,"{'model__batch_size': 128, 'model__callbacks__early_stopping__patience': 10, 'model__lr': 3e-05, 'model__max_epochs': 500, 'model__module__d_model': 96, 'model__module__dim_feedforward': 128, 'model__module__dropout': 0.25, 'model__module__nhead': 4, 'model__module__num_layers': 3, 'model__module__patch_size': 32, 'model__optimizer__weight_decay': 0.0001}",0.8061538461538462,0.6749226006191951,0.7247170500182549,0.4555173730431462,0.6048009367681498,0.6532223613205184,0.11866113660029476,90,0.7441635948744953,0.9332758620689655,0.7690091663029245,0.5144911504424778,0.8055180437537656,0.7532915634885258,0.13599849491564336
152,12.763057756423951,6.81286062671004,0.034143257141113284,0.004792916377784723,128,10,3e-05,500,96,256,0.1,4,2,16,0.0001,"{'model__batch_size': 128, 'model__callbacks__early_stopping__patience': 10, 'model__lr': 3e-05, 'model__max_epochs': 500, 'model__module__d_model': 96, 'model__module__dim_feedforward': 256, 'model__module__dropout': 0.1, 'model__module__nhead': 4, 'model__module__num_layers': 2, 'model__module__patch_size': 16, 'model__optimizer__weight_decay': 0.0001}",0.8061538461538462,0.5918367346938775,0.7751937984496124,0.39805825242718446,0.544,0.6230485263449042,0.15134015381192747,257,0.7396189336978811,0.8681543309769184,0.8457142857142858,0.460446247464503,0.7950055055782934,0.7417878606863765,0.1474849903788056
153,9.124387168884278,5.376224192850914,0.03287792205810547,0.005846736533496606,128,10,3e-05,500,96,256,0.1,4,2,32,0.0001,"{'model__batch_size': 128, 'model__callbacks__early_stopping__patience': 10, 'model__lr': 3e-05, 'model__max_epochs': 500, 'model__module__d_model': 96, 'model__module__dim_feedforward': 256, 'model__module__dropout': 0.1, 'model__module__nhead': 4, 'model__module__num_layers': 2, 'model__module__patch_size': 32, 'model__optimizer__weight_decay': 0.0001}",0.8061538461538462,0.6378418329637842,0.8116883116883117,0.43951786482996125,0.5535714285714286,0.6497546568414665,0.14441319363417082,108,0.7670162955693226,0.9110344827586206,0.7917077809074436,0.4538647342995169,0.7798085291557877,0.7406863645381383,0.15238905663780933
154,12.286845302581787,7.240832571473311,0.034526729583740236,0.00559985746274027,128,10,3e-05,500,96,256,0.1,4,3,16,0.0001,"{'model__batch_size': 128, 'model__callbacks__early_stopping__patience': 10, 'model__lr': 3e-05, 'model__max_epochs': 500, 'model__module__d_model': 96, 'model__module__dim_feedforward': 256, 'model__module__dropout': 0.1, 'model__module__nhead': 4, 'model__module__num_layers': 3, 'model__module__patch_size': 16, 'model__optimizer__weight_decay': 0.0001}",0.7576923076923077,0.6268088347296268,0.7827715355805243,0.6106750392464678,0.5293466223698782,0.661458867923761,0.09509038410318416,56,0.7128927410617552,0.8986645718774549,0.8264285714285715,0.5064935064935064,0.7886382623224728,0.7466235306367521,0.13420190393310566
155,8.165069961547852,5.6524734664241985,0.03553481101989746,0.005965750005200244,128,10,3e-05,500,96,256,0.1,4,3,32,0.0001,"{'model__batch_size': 128, 'model__callbacks__early_stopping__patience': 10, 'model__lr': 3e-05, 'model__max_epochs': 500, 'model__module__d_model': 96, 'model__module__dim_feedforward': 256, 'model__module__dropout': 0.1, 'model__module__nhead': 4, 'model__module__num_layers': 3, 'model__module__patch_size': 32, 'model__optimizer__weight_decay': 0.0001}",0.8061538461538462,0.6033505789603351,0.8310445276737412,0.38613861386138615,0.5535714285714286,0.6360517990441474,0.1657020531470896,192,0.7208963585434174,0.8859618104667609,0.8190577964536052,0.483014426103857,0.7690674817975334,0.7355995746730347,0.13762966205380647
156,11.689837837219239,5.499675360585697,0.034179973602294925,0.007589215201558455,128,10,3e-05,500,96,256,0.25,4,2,16,0.0001,"{'model__batch_size': 128, 'model__callbacks__early_stopping__patience': 10, 'model__lr': 3e-05, 'model__max_epochs': 500, 'model__module__d_model': 96, 'model__module__dim_feedforward': 256, 'model__module__dropout': 0.25, 'model__module__nhead': 4, 'model__module__num_layers': 2, 'model__module__patch_size': 16, 'model__optimizer__weight_decay': 0.0001}",0.8061538461538462,0.5804363461999521,0.7751937984496124,0.4555173730431462,0.5205965909090909,0.6275795909511295,0.13924939750798834,236,0.7849025974025974,0.8839406207827261,0.8167857142857142,0.43162393162393164,0.7756713393007938,0.7385848406791526,0.1581071928144072
157,8.72086238861084,4.126738435774111,0.03692326545715332,0.008068151339296458,128,10,3e-05,500,96,256,0.25,4,2,32,0.0001,"{'model__batch_size': 128, 'model__callbacks__early_stopping__patience': 10, 'model__lr': 3e-05, 'model__max_epochs': 500, 'model__module__d_model': 96, 'model__module__dim_feedforward': 256, 'model__module__dropout': 0.25, 'model__module__nhead': 4, 'model__module__num_layers': 2, 'model__module__patch_size': 32, 'model__optimizer__weight_decay': 0.0001}",0.7754455445544555,0.6033505789603351,0.8512820512820514,0.4316666666666667,0.544,0.6411489682927016,0.15293198353074258,162,0.7287735849056604,0.8839406207827261,0.7820197707170922,0.4910714285714286,0.7886382623224728,0.734888733459876,0.13176576554272515
158,12.904115867614745,7.556286555370416,0.037015342712402345,0.00850235559834843,128,10,3e-05,500,96,256,0.25,4,3,16,0.0001,"{'model__batch_size': 128, 'model__callbacks__early_stopping__patience': 10, 'model__lr': 3e-05, 'model__max_epochs': 500, 'model__module__d_model': 96, 'model__module__dim_feedforward': 256, 'model__module__dropout': 0.25, 'model__module__nhead': 4, 'model__module__num_layers': 3, 'model__module__patch_size': 16, 'model__optimizer__weight_decay': 0.0001}",0.7426470588235294,0.5800000000000001,0.7410714285714286,0.36082474226804123,0.5293466223698782,0.5907779704065754,0.1431228883741316,282,0.7125481778947126,0.8986645718774549,0.8184584896312549,0.4267241379310345,0.755608028335301,0.7224006811339516,0.16057426922268644
159,6.513051176071167,4.466844937570777,0.0312225341796875,0.004643790096141308,128,10,3e-05,500,96,256,0.25,4,3,32,0.0001,"{'model__batch_size': 128, 'model__callbacks__early_stopping__patience': 10, 'model__lr': 3e-05, 'model__max_epochs': 500, 'model__module__d_model': 96, 'model__module__dim_feedforward': 256, 'model__module__dropout': 0.25, 'model__module__nhead': 4, 'model__module__num_layers': 3, 'model__module__patch_size': 32, 'model__optimizer__weight_decay': 0.0001}",0.7754455445544555,0.5918367346938775,0.6379525593008739,0.39805825242718446,0.5384615384615384,0.5883509258875859,0.12343186119058143,284,0.7325346673687906,0.8335669002335668,0.6486165336954677,0.43162393162393164,0.7798085291557877,0.6852301124155089,0.14060103095993587
160,11.184018611907959,6.3551609107762355,0.03560643196105957,0.004189975118690915,128,10,3e-05,500,96,384,0.1,4,2,16,0.0001,"{'model__batch_size': 128, 'model__callbacks__early_stopping__patience': 10, 'model__lr': 3e-05, 'model__max_epochs': 500, 'model__module__d_model': 96, 'model__module__dim_feedforward': 384, 'model__module__dropout': 0.1, 'model__module__nhead': 4, 'model__module__num_layers': 2, 'model__module__patch_size': 16, 'model__optimizer__weight_decay': 0.0001}",0.7878787878787878,0.615,0.8512820512820514,0.4464285714285714,0.4877460827641623,0.6376670986707145,0.1598481668510659,179,0.7209057398630858,0.8937005312804944,0.8360714285714286,0.5915233415233415,0.7276162854569024,0.7539634653390506,0.10434744477057632
161,6.718306255340576,4.383334494354563,0.03163647651672363,0.0046269184478519906,128,10,3e-05,500,96,384,0.1,4,2,32,0.0001,"{'model__batch_size': 128, 'model__callbacks__early_stopping__patience': 10, 'model__lr': 3e-05, 'model__max_epochs': 500, 'model__module__d_model': 96, 'model__module__dim_feedforward': 384, 'model__module__dropout': 0.1, 'model__module__nhead': 4, 'model__module__num_layers': 2, 'model__module__patch_size': 32, 'model__optimizer__weight_decay': 0.0001}",0.8061538461538462,0.6268088347296268,0.8116883116883117,0.447415329768271,0.6031746031746031,0.6590481851029317,0.13703195399929402,65,0.7169811320754718,0.8377534424807547,0.8071428571428572,0.43924719684702573,0.6939326260934301,0.6990114509279078,0.14054743884576062
162,12.806358671188354,8.735110322456647,0.03311305046081543,0.0021120978299505643,128,10,3e-05,500,96,384,0.1,4,3,16,0.0001,"{'model__batch_size': 128, 'model__callbacks__early_stopping__patience': 10, 'model__lr': 3e-05, 'model__max_epochs': 500, 'model__module__d_model': 96, 'model__module__dim_feedforward': 384, 'model__module__dropout': 0.1, 'model__module__nhead': 4, 'model__module__num_layers': 3, 'model__module__patch_size': 16, 'model__optimizer__weight_decay': 0.0001}",0.8061538461538462,0.5918367346938775,0.8215384615384616,0.39215686274509803,0.5384615384615384,0.6300294887185643,0.16378170722904256,229,0.7209057398630858,0.8949938949938949,0.8484848484848485,0.4291845493562232,0.7347544993884326,0.725664706417297,0.1623347880347178
163,6.872787952423096,3.876142881354578,0.03132786750793457,0.0029287671489738954,128,10,3e-05,500,96,384,0.1,4,3,32,0.0001,"{'model__batch_size': 128, 'model__callbacks__early_stopping__patience': 10, 'model__lr': 3e-05, 'model__max_epochs': 500, 'model__module__d_model': 96, 'model__module__dim_feedforward': 384, 'model__module__dropout': 0.1, 'model__module__nhead': 4, 'model__module__num_layers': 3, 'model__module__patch_size': 32, 'model__optimizer__weight_decay': 0.0001}",0.7754455445544555,0.6268088347296268,0.894927536231884,0.4555173730431462,0.5812655086848635,0.6667929594487951,0.15323303680925168,38,0.7356804821629422,0.8470322141461165,0.8471229386368462,0.5925889328063241,0.7515795765027322,0.7548008288509923,0.09350792878824507
164,11.881240749359131,6.8852632905475675,0.035435962677001956,0.0025724361027114444,128,10,3e-05,500,96,384,0.25,4,2,16,0.0001,"{'model__batch_size': 128, 'model__callbacks__early_stopping__patience': 10, 'model__lr': 3e-05, 'model__max_epochs': 500, 'model__module__d_model': 96, 'model__module__dim_feedforward': 384, 'model__module__dropout': 0.25, 'model__module__nhead': 4, 'model__module__num_layers': 2, 'model__module__patch_size': 16, 'model__optimizer__weight_decay': 0.0001}",0.7754455445544555,0.6033505789603351,0.8310445276737412,0.4555173730431462,0.5205965909090909,0.6371909230281537,0.14452560073602347,184,0.7090196078431372,0.8949938949938949,0.8280133059664521,0.430406852248394,0.7821942257217849,0.7289255773547326,0.1610864921991254
165,8.178857803344727,5.211114244195991,0.031922531127929685,0.0019368779908578498,128,10,3e-05,500,96,384,0.25,4,2,32,0.0001,"{'model__batch_size': 128, 'model__callbacks__early_stopping__patience': 10, 'model__lr': 3e-05, 'model__max_epochs': 500, 'model__module__d_model': 96, 'model__module__dim_feedforward': 384, 'model__module__dropout': 0.25, 'model__module__nhead': 4, 'model__module__num_layers': 2, 'model__module__patch_size': 32, 'model__optimizer__weight_decay': 0.0001}",0.8061538461538462,0.5918367346938775,0.7247170500182549,0.4238383838383838,0.584717607973422,0.6262527245355569,0.13110364490491117,247,0.7246753246753246,0.9060471692050639,0.7878571428571428,0.4741895402688354,0.7174762702400894,0.7220490894492912,0.14117234655134384
166,10.443849229812622,6.289998632173169,0.03601284027099609,0.0049927273061209365,128,10,3e-05,500,96,384,0.25,4,3,16,0.0001,"{'model__batch_size': 128, 'model__callbacks__early_stopping__patience': 10, 'model__lr': 3e-05, 'model__max_epochs': 500, 'model__module__d_model': 96, 'model__module__dim_feedforward': 384, 'model__module__dropout': 0.25, 'model__module__nhead': 4, 'model__module__num_layers': 3, 'model__module__patch_size': 16, 'model__optimizer__weight_decay': 0.0001}",0.7754455445544555,0.6510102335345054,0.7302325581395348,0.4160125588697017,0.4807692307692308,0.6106940251734857,0.13988512871767445,276,0.6971428571428571,0.874557991513437,0.81225227731034,0.4663047326802785,0.741797494191475,0.7184110705676775,0.13981766720908428
167,7.026817035675049,4.508064257936062,0.031098604202270508,0.005696228381149201,128,10,3e-05,500,96,384,0.25,4,3,32,0.0001,"{'model__batch_size': 128, 'model__callbacks__early_stopping__patience': 10, 'model__lr': 3e-05, 'model__max_epochs': 500, 'model__module__d_model': 96, 'model__module__dim_feedforward': 384, 'model__module__dropout': 0.25, 'model__module__nhead': 4, 'model__module__num_layers': 3, 'model__module__patch_size': 32, 'model__optimizer__weight_decay': 0.0001}",0.7704081632653061,0.5804363461999521,0.7087517934002869,0.41032608695652173,0.5812655086848635,0.6102375797013859,0.12413844327088427,278,0.7169811320754718,0.8335669002335668,0.8184584896312549,0.45916638427651646,0.7268998272884284,0.7110145467010477,0.13437166325213987
168,10.680023908615112,5.390385968491511,0.0327507495880127,0.0020715105207465313,128,10,3e-05,500,128,128,0.1,4,2,16,0.0001,"{'model__batch_size': 128, 'model__callbacks__early_stopping__patience': 10, 'model__lr': 3e-05, 'model__max_epochs': 500, 'model__module__d_model': 128, 'model__module__dim_feedforward': 128, 'model__module__dropout': 0.1, 'model__module__nhead': 4, 'model__module__num_layers': 2, 'model__module__patch_size': 16, 'model__optimizer__weight_decay': 0.0001}",0.835016835016835,0.6258503401360545,0.8725274725274725,0.37373737373737376,0.46732954545454547,0.6348923133744562,0.1964083674379197,201,0.759090909090909,0.9141216609802779,0.8360714285714286,0.4780701754385965,0.7756713393007938,0.7526051026764011,0.14764671983831554
169,8.363362026214599,3.924772449890506,0.027551889419555664,0.0031446092077614526,128,10,3e-05,500,128,128,0.1,4,2,32,0.0001,"{'model__batch_size': 128, 'model__callbacks__early_stopping__patience': 10, 'model__lr': 3e-05, 'model__max_epochs': 500, 'model__module__d_model': 128, 'model__module__dim_feedforward': 128, 'model__module__dropout': 0.1, 'model__module__nhead': 4, 'model__module__num_layers': 2, 'model__module__patch_size': 32, 'model__optimizer__weight_decay': 0.0001}",0.7754455445544555,0.5912668189895913,0.8512820512820514,0.4316666666666667,0.5939013964092335,0.6487124955803996,0.14866663701019245,115,0.7469281212198383,0.9230900264032025,0.8722335468841003,0.45879112279713274,0.9057691176758865,0.781362386996032,0.17266109304426594
170,12.055513286590577,6.113944788518278,0.031577348709106445,0.0032617386101703692,128,10,3e-05,500,128,128,0.1,4,3,16,0.0001,"{'model__batch_size': 128, 'model__callbacks__early_stopping__patience': 10, 'model__lr': 3e-05, 'model__max_epochs': 500, 'model__module__d_model': 128, 'model__module__dim_feedforward': 128, 'model__module__dropout': 0.1, 'model__module__nhead': 4, 'model__module__num_layers': 3, 'model__module__patch_size': 16, 'model__optimizer__weight_decay': 0.0001}",0.8061538461538462,0.5918367346938775,0.8310445276737412,0.447415329768271,0.5347394540942928,0.6422379784768057,0.15137265754756693,156,0.7246753246753246,0.9239898989898989,0.8110838012881465,0.48713219884315534,0.7803819444444444,0.7454526336481939,0.14461272809832282
171,7.5697972774505615,4.350276628428301,0.029077577590942382,0.003810612772912832,128,10,3e-05,500,128,128,0.1,4,3,32,0.0001,"{'model__batch_size': 128, 'model__callbacks__early_stopping__patience': 10, 'model__lr': 3e-05, 'model__max_epochs': 500, 'model__module__d_model': 128, 'model__module__dim_feedforward': 128, 'model__module__dropout': 0.1, 'model__module__nhead': 4, 'model__module__num_layers': 3, 'model__module__patch_size': 32, 'model__optimizer__weight_decay': 0.0001}",0.8061538461538462,0.615,0.894927536231884,0.39805825242718446,0.503968253968254,0.6436215777562337,0.184496620749967,152,0.7435980132877508,0.9281537176274017,0.820771811478498,0.46271929824561403,0.7908399470899471,0.7492165575458423,0.15555283077249552
172,11.530066061019898,5.955575754834231,0.031354522705078124,0.0027007978329437214,128,10,3e-05,500,128,128,0.25,4,2,16,0.0001,"{'model__batch_size': 128, 'model__callbacks__early_stopping__patience': 10, 'model__lr': 3e-05, 'model__max_epochs': 500, 'model__module__d_model': 128, 'model__module__dim_feedforward': 128, 'model__module__dropout': 0.25, 'model__module__nhead': 4, 'model__module__num_layers': 2, 'model__module__patch_size': 16, 'model__optimizer__weight_decay': 0.0001}",0.8061538461538462,0.6033505789603351,0.8725274725274725,0.4160125588697017,0.5535714285714286,0.6503231770165568,0.16740772859039682,105,0.7322023694338731,0.9121028873179458,0.8551176195669108,0.42795698924731185,0.7715695538057743,0.7397898838743631,0.1681068289770157
173,7.393707656860352,3.5451205280731863,0.02852921485900879,0.0017781171021029342,128,10,3e-05,500,128,128,0.25,4,2,32,0.0001,"{'model__batch_size': 128, 'model__callbacks__early_stopping__patience': 10, 'model__lr': 3e-05, 'model__max_epochs': 500, 'model__module__d_model': 128, 'model__module__dim_feedforward': 128, 'model__module__dropout': 0.25, 'model__module__nhead': 4, 'model__module__num_layers': 2, 'model__module__patch_size': 32, 'model__optimizer__weight_decay': 0.0001}",0.8061538461538462,0.6598639455782314,0.8793175197669579,0.38613861386138615,0.5347394540942928,0.6532426758909429,0.17884244225903553,89,0.7132034632034632,0.8805555555555555,0.820771811478498,0.46655826558265584,0.792962356792144,0.7348102905224633,0.14452593680524933
174,11.502910041809082,6.578615520827939,0.03163371086120605,0.0038481309731991714,128,10,3e-05,500,128,128,0.25,4,3,16,0.0001,"{'model__batch_size': 128, 'model__callbacks__early_stopping__patience': 10, 'model__lr': 3e-05, 'model__max_epochs': 500, 'model__module__d_model': 128, 'model__module__dim_feedforward': 128, 'model__module__dropout': 0.25, 'model__module__nhead': 4, 'model__module__num_layers': 3, 'model__module__patch_size': 16, 'model__optimizer__weight_decay': 0.0001}",0.835016835016835,0.6268088347296268,0.8116883116883117,0.43951786482996125,0.5121533721328313,0.6450370436795132,0.15753947878913016,145,0.7541329284750338,0.8962385961941451,0.7990341174637794,0.4291845493562232,0.7821942257217849,0.7321568834421933,0.1588548332844696
175,7.879031467437744,4.218066791876341,0.029962539672851562,0.003084143308524298,128,10,3e-05,500,128,128,0.25,4,3,32,0.0001,"{'model__batch_size': 128, 'model__callbacks__early_stopping__patience': 10, 'model__lr': 3e-05, 'model__max_epochs': 500, 'model__module__d_model': 128, 'model__module__dim_feedforward': 128, 'model__module__dropout': 0.25, 'model__module__nhead': 4, 'model__module__num_layers': 3, 'model__module__patch_size': 32, 'model__optimizer__weight_decay': 0.0001}",0.835016835016835,0.6388028895768834,0.8512820512820514,0.447415329768271,0.6048009367681498,0.6754636084824381,0.15146788163500888,22,0.7561798442004539,0.8648860958366065,0.8416253399456086,0.460446247464503,0.7821942257217849,0.7410663506337913,0.1456784141410727
176,10.300365781784057,5.912686318467346,0.029900455474853517,0.002166729664850503,128,10,3e-05,500,128,256,0.1,4,2,16,0.0001,"{'model__batch_size': 128, 'model__callbacks__early_stopping__patience': 10, 'model__lr': 3e-05, 'model__max_epochs': 500, 'model__module__d_model': 128, 'model__module__dim_feedforward': 256, 'model__module__dropout': 0.1, 'model__module__nhead': 4, 'model__module__num_layers': 2, 'model__module__patch_size': 16, 'model__optimizer__weight_decay': 0.0001}",0.8061538461538462,0.6033505789603351,0.9008547008547009,0.37373737373737376,0.496,0.6360192999412512,0.19418960419741138,193,0.7622607655502392,0.9033868686028126,0.820771811478498,0.43162393162393164,0.7971130713712911,0.7430312897253544,0.16249717223741592
177,6.506205892562866,3.9243388399394648,0.028765535354614256,0.0039855715285989435,128,10,3e-05,500,128,256,0.1,4,2,32,0.0001,"{'model__batch_size': 128, 'model__callbacks__early_stopping__patience': 10, 'model__lr': 3e-05, 'model__max_epochs': 500, 'model__module__d_model': 128, 'model__module__dim_feedforward': 256, 'model__module__dropout': 0.1, 'model__module__nhead': 4, 'model__module__num_layers': 2, 'model__module__patch_size': 32, 'model__optimizer__weight_decay': 0.0001}",0.42727272727272725,0.6026831785345717,0.8725274725274725,0.39805825242718446,0.625,0.5851083261523912,0.16994692885480886,286,0.43892110834944303,0.9048899490404423,0.8498358420495524,0.4489861415025529,0.91568815792053,0.7116642397725041,0.21974618295822673
178,11.611391544342041,7.31689148751776,0.032271718978881835,0.0034419123838549514,128,10,3e-05,500,128,256,0.1,4,3,16,0.0001,"{'model__batch_size': 128, 'model__callbacks__early_stopping__patience': 10, 'model__lr': 3e-05, 'model__max_epochs': 500, 'model__module__d_model': 128, 'model__module__dim_feedforward': 256, 'model__module__dropout': 0.1, 'model__module__nhead': 4, 'model__module__num_layers': 3, 'model__module__patch_size': 16, 'model__optimizer__weight_decay': 0.0001}",0.8061538461538462,0.685,0.8512820512820514,0.4373865698729582,0.4739756367663344,0.6507596208150381,0.16870663877882233,104,0.7453433928315851,0.9281537176274017,0.8662325713072405,0.5133954915614305,0.741797494191475,0.7589845335038266,0.14206745371904625
179,7.0155092716217045,3.8733944838929455,0.029951095581054688,0.003624542481651197,128,10,3e-05,500,128,256,0.1,4,3,32,0.0001,"{'model__batch_size': 128, 'model__callbacks__early_stopping__patience': 10, 'model__lr': 3e-05, 'model__max_epochs': 500, 'model__module__d_model': 128, 'model__module__dim_feedforward': 256, 'model__module__dropout': 0.1, 'model__module__nhead': 4, 'model__module__num_layers': 3, 'model__module__patch_size': 32, 'model__optimizer__weight_decay': 0.0001}",0.7576923076923077,0.6354166666666667,0.8116883116883117,0.5240404040404041,0.496,0.644967538017538,0.12442556676993875,146,0.7581757602767343,0.9110344827586206,0.8538629419467482,0.47730730223123735,0.7971130713712911,0.7594987117169263,0.15027726354462834
180,11.587464141845704,5.852956621094014,0.03168034553527832,0.0025206056766652104,128,10,3e-05,500,128,256,0.25,4,2,16,0.0001,"{'model__batch_size': 128, 'model__callbacks__early_stopping__patience': 10, 'model__lr': 3e-05, 'model__max_epochs': 500, 'model__module__d_model': 128, 'model__module__dim_feedforward': 256, 'model__module__dropout': 0.25, 'model__module__nhead': 4, 'model__module__num_layers': 2, 'model__module__patch_size': 16, 'model__optimizer__weight_decay': 0.0001}",0.8061538461538462,0.6033505789603351,0.8116883116883117,0.4464285714285714,0.5709123757904246,0.6477067368042977,0.14168499274227675,127,0.7792770281525904,0.8634718370975594,0.8608222684370501,0.5386449864498645,0.7971130713712911,0.7678658383016711,0.1194229623891346
181,9.117919635772704,4.007575604288977,0.02771415710449219,0.002269828020504248,128,10,3e-05,500,128,256,0.25,4,2,32,0.0001,"{'model__batch_size': 128, 'model__callbacks__early_stopping__patience': 10, 'model__lr': 3e-05, 'model__max_epochs': 500, 'model__module__d_model': 128, 'model__module__dim_feedforward': 256, 'model__module__dropout': 0.25, 'model__module__nhead': 4, 'model__module__num_layers': 2, 'model__module__patch_size': 32, 'model__optimizer__weight_decay': 0.0001}",0.8622448979591837,0.5918367346938775,0.8310445276737412,0.662431941923775,0.6459627329192547,0.7187041670339664,0.1074965329745144,2,0.8284985533729252,0.9131313131313131,0.8777417543605441,0.5808859615136253,0.9040231606269342,0.8208561486010684,0.12354070346448259
182,11.537319040298462,7.54973890738027,0.03422999382019043,0.0054439702044461295,128,10,3e-05,500,128,256,0.25,4,3,16,0.0001,"{'model__batch_size': 128, 'model__callbacks__early_stopping__patience': 10, 'model__lr': 3e-05, 'model__max_epochs': 500, 'model__module__d_model': 128, 'model__module__dim_feedforward': 256, 'model__module__dropout': 0.25, 'model__module__nhead': 4, 'model__module__num_layers': 3, 'model__module__patch_size': 16, 'model__optimizer__weight_decay': 0.0001}",0.835016835016835,0.5918367346938775,0.8512820512820514,0.48333333333333334,0.544,0.6610937908652195,0.15266111203446614,58,0.7390256678889471,0.9208184143222506,0.8484848484848485,0.4450329000160488,0.7623804644808743,0.7431484590385938,0.16243283037833806
183,7.008823251724243,3.843005345049528,0.029987287521362305,0.004343918364856057,128,10,3e-05,500,128,256,0.25,4,3,32,0.0001,"{'model__batch_size': 128, 'model__callbacks__early_stopping__patience': 10, 'model__lr': 3e-05, 'model__max_epochs': 500, 'model__module__d_model': 128, 'model__module__dim_feedforward': 256, 'model__module__dropout': 0.25, 'model__module__nhead': 4, 'model__module__num_layers': 3, 'model__module__patch_size': 32, 'model__optimizer__weight_decay': 0.0001}",0.8061538461538462,0.6258503401360545,0.8310445276737412,0.39805825242718446,0.563505648750428,0.6449225230282508,0.16035670478463118,148,0.7208067255799953,0.9048899490404423,0.8566777549720432,0.46377942515281567,0.7844929674028214,0.7461293644296235,0.15444116041942915
184,10.068354511260987,4.992854995821325,0.030947494506835937,0.004829555976872149,128,10,3e-05,500,128,384,0.1,4,2,16,0.0001,"{'model__batch_size': 128, 'model__callbacks__early_stopping__patience': 10, 'model__lr': 3e-05, 'model__max_epochs': 500, 'model__module__d_model': 128, 'model__module__dim_feedforward': 384, 'model__module__dropout': 0.1, 'model__module__nhead': 4, 'model__module__num_layers': 2, 'model__module__patch_size': 16, 'model__optimizer__weight_decay': 0.0001}",0.835016835016835,0.5691287878787878,0.894927536231884,0.447415329768271,0.5347394540942928,0.6562455885980141,0.17600646883846258,79,0.728298017771702,0.8681543309769184,0.8608222684370501,0.46271929824561403,0.7971130713712911,0.743421397360515,0.14916195907392862
185,6.722185945510864,2.9079070184913247,0.02917008399963379,0.003919714088399065,128,10,3e-05,500,128,384,0.1,4,2,32,0.0001,"{'model__batch_size': 128, 'model__callbacks__early_stopping__patience': 10, 'model__lr': 3e-05, 'model__max_epochs': 500, 'model__module__d_model': 128, 'model__module__dim_feedforward': 384, 'model__module__dropout': 0.1, 'model__module__nhead': 4, 'model__module__num_layers': 2, 'model__module__patch_size': 32, 'model__optimizer__weight_decay': 0.0001}",0.9125000000000001,0.5804363461999521,0.8310445276737412,0.38613861386138615,0.4656597321174124,0.6351558439704983,0.2044626584721498,200,0.7561798442004539,0.8901286091474321,0.8240298744077081,0.4506078130532279,0.8405797101449275,0.7523051701907499,0.156823745859755
186,9.438463258743287,5.975888485203838,0.03170018196105957,0.0044327324522922965,128,10,3e-05,500,128,384,0.1,4,3,16,0.0001,"{'model__batch_size': 128, 'model__callbacks__early_stopping__patience': 10, 'model__lr': 3e-05, 'model__max_epochs': 500, 'model__module__d_model': 128, 'model__module__dim_feedforward': 384, 'model__module__dropout': 0.1, 'model__module__nhead': 4, 'model__module__num_layers': 3, 'model__module__patch_size': 16, 'model__optimizer__weight_decay': 0.0001}",0.8061538461538462,0.5918367346938775,0.7410714285714286,0.39805825242718446,0.5347394540942928,0.6143719431881259,0.14592726931819536,271,0.7246753246753246,0.9221551724137931,0.8013957910977951,0.45550090128624243,0.7803819444444444,0.7368218267835198,0.1547286207244893
187,6.376045656204224,3.8544563521758333,0.02990236282348633,0.004329190138641451,128,10,3e-05,500,128,384,0.1,4,3,32,0.0001,"{'model__batch_size': 128, 'model__callbacks__early_stopping__patience': 10, 'model__lr': 3e-05, 'model__max_epochs': 500, 'model__module__d_model': 128, 'model__module__dim_feedforward': 384, 'model__module__dropout': 0.1, 'model__module__nhead': 4, 'model__module__num_layers': 3, 'model__module__patch_size': 32, 'model__optimizer__weight_decay': 0.0001}",0.8061538461538462,0.615,0.8725274725274725,0.39805825242718446,0.544,0.6471479142217007,0.17308811160892276,133,0.7356804821629422,0.8791414700621754,0.831027049579306,0.4538647342995169,0.7969828277965014,0.7393393127800884,0.1501886687361469
188,10.966676092147827,5.38766077763365,0.031015872955322266,0.0034609336072933448,128,10,3e-05,500,128,384,0.25,4,2,16,0.0001,"{'model__batch_size': 128, 'model__callbacks__early_stopping__patience': 10, 'model__lr': 3e-05, 'model__max_epochs': 500, 'model__module__d_model': 128, 'model__module__dim_feedforward': 384, 'model__module__dropout': 0.25, 'model__module__nhead': 4, 'model__module__num_layers': 2, 'model__module__patch_size': 16, 'model__optimizer__weight_decay': 0.0001}",0.835016835016835,0.6388028895768834,0.7751937984496124,0.39805825242718446,0.5347394540942928,0.6363622459129616,0.15865672858189764,190,0.7208067255799953,0.9190291871534679,0.81225227731034,0.4267241379310345,0.792962356792144,0.7343549369533963,0.16638970311912607
189,7.473121166229248,3.7358512506303607,0.029309558868408202,0.003606616372650929,128,10,3e-05,500,128,384,0.25,4,2,32,0.0001,"{'model__batch_size': 128, 'model__callbacks__early_stopping__patience': 10, 'model__lr': 3e-05, 'model__max_epochs': 500, 'model__module__d_model': 128, 'model__module__dim_feedforward': 384, 'model__module__dropout': 0.25, 'model__module__nhead': 4, 'model__module__num_layers': 2, 'model__module__patch_size': 32, 'model__optimizer__weight_decay': 0.0001}",0.8061538461538462,0.6749226006191951,0.8116883116883117,0.39805825242718446,0.5347394540942928,0.645112492996566,0.15986773834383378,144,0.764181204859171,0.9508498613551214,0.8335417730883725,0.42548596112311016,0.8290540540540541,0.7606225708959657,0.1780537621375927
190,11.518066215515137,7.160890787193813,0.030876827239990235,0.0035147284974168086,128,10,3e-05,500,128,384,0.25,4,3,16,0.0001,"{'model__batch_size': 128, 'model__callbacks__early_stopping__patience': 10, 'model__lr': 3e-05, 'model__max_epochs': 500, 'model__module__d_model': 128, 'model__module__dim_feedforward': 384, 'model__module__dropout': 0.25, 'model__module__nhead': 4, 'model__module__num_layers': 3, 'model__module__patch_size': 16, 'model__optimizer__weight_decay': 0.0001}",0.8061538461538462,0.615,0.894927536231884,0.39805825242718446,0.5121533721328313,0.6452586013891491,0.18328254382440193,143,0.724432843106046,0.9082330787739303,0.8620774691303659,0.43162393162393164,0.7844929674028214,0.742172058007419,0.1676302169373076
191,7.021193647384644,3.8691143515214543,0.028107690811157226,0.0024295370350987506,128,10,3e-05,500,128,384,0.25,4,3,32,0.0001,"{'model__batch_size': 128, 'model__callbacks__early_stopping__patience': 10, 'model__lr': 3e-05, 'model__max_epochs': 500, 'model__module__d_model': 128, 'model__module__dim_feedforward': 384, 'model__module__dropout': 0.25, 'model__module__nhead': 4, 'model__module__num_layers': 3, 'model__module__patch_size': 32, 'model__optimizer__weight_decay': 0.0001}",0.8061538461538462,0.615,0.8310445276737412,0.39805825242718446,0.5939013964092335,0.6488316045328011,0.15811452585027508,113,0.7322023694338731,0.86504864525578,0.8553571428571429,0.43162393162393164,0.7950089126559715,0.7358482003653398,0.15939939143457044
192,5.167840242385864,2.1112175287715496,0.02821063995361328,0.0025029249249334793,128,10,0.0001,500,96,128,0.1,4,2,16,0.0001,"{'model__batch_size': 128, 'model__callbacks__early_stopping__patience': 10, 'model__lr': 0.0001, 'model__max_epochs': 500, 'model__module__d_model': 96, 'model__module__dim_feedforward': 128, 'model__module__dropout': 0.1, 'model__module__nhead': 4, 'model__module__num_layers': 2, 'model__module__patch_size': 16, 'model__optimizer__weight_decay': 0.0001}",0.8061538461538462,0.5918367346938775,0.8512820512820514,0.447415329768271,0.6048009367681498,0.6602977797332391,0.14888568491348217,59,0.761236249345207,0.8949938949938949,0.8704207326827706,0.4267241379310345,0.8007246376811594,0.7508199305268132,0.16895416312046135
193,3.1646351337432863,1.2871375218431538,0.026311302185058595,0.00232892318345906,128,10,0.0001,500,96,128,0.1,4,2,32,0.0001,"{'model__batch_size': 128, 'model__callbacks__early_stopping__patience': 10, 'model__lr': 0.0001, 'model__max_epochs': 500, 'model__module__d_model': 96, 'model__module__dim_feedforward': 128, 'model__module__dropout': 0.1, 'model__module__nhead': 4, 'model__module__num_layers': 2, 'model__module__patch_size': 32, 'model__optimizer__weight_decay': 0.0001}",0.8061538461538462,0.6438482886216466,0.8310445276737412,0.39805825242718446,0.5939013964092335,0.6546012622571304,0.15729896862040355,88,0.7870459659273545,0.9099240638910709,0.8053212199870214,0.42548596112311016,0.8264167957187384,0.7508388013294591,0.16802018768084861
194,5.170834398269653,2.4959128539955966,0.030109596252441407,0.0038880477680867547,128,10,0.0001,500,96,128,0.1,4,3,16,0.0001,"{'model__batch_size': 128, 'model__callbacks__early_stopping__patience': 10, 'model__lr': 0.0001, 'model__max_epochs': 500, 'model__module__d_model': 96, 'model__module__dim_feedforward': 128, 'model__module__dropout': 0.1, 'model__module__nhead': 4, 'model__module__num_layers': 3, 'model__module__patch_size': 16, 'model__optimizer__weight_decay': 0.0001}",0.8061538461538462,0.6258503401360545,0.8725274725274725,0.4160125588697017,0.544,0.652908843537415,0.1675884969338453,94,0.7130601365983675,0.9560514436589729,0.8442569759896171,0.44358519269776875,0.7950055055782934,0.7503918509046039,0.17240701284782445
195,3.812583351135254,1.6420474528477669,0.028053855895996092,0.00273663057282351,128,10,0.0001,500,96,128,0.1,4,3,32,0.0001,"{'model__batch_size': 128, 'model__callbacks__early_stopping__patience': 10, 'model__lr': 0.0001, 'model__max_epochs': 500, 'model__module__d_model': 96, 'model__module__dim_feedforward': 128, 'model__module__dropout': 0.1, 'model__module__nhead': 4, 'model__module__num_layers': 3, 'model__module__patch_size': 32, 'model__optimizer__weight_decay': 0.0001}",0.8432278706007821,0.615,0.7578747628083491,0.39805825242718446,0.6086956521739131,0.6445713076020457,0.15181061507120955,149,0.7845528455284553,0.8696941083466918,0.803231482962726,0.42548596112311016,0.9126381215469613,0.7591205039015889,0.1730310790215764
196,5.469874477386474,2.9015641384128457,0.027797555923461913,0.002095771418341031,128,10,0.0001,500,96,128,0.25,4,2,16,0.0001,"{'model__batch_size': 128, 'model__callbacks__early_stopping__patience': 10, 'model__lr': 0.0001, 'model__max_epochs': 500, 'model__module__d_model': 96, 'model__module__dim_feedforward': 128, 'model__module__dropout': 0.25, 'model__module__nhead': 4, 'model__module__num_layers': 2, 'model__module__patch_size': 16, 'model__optimizer__weight_decay': 0.0001}",0.9125000000000001,0.6978928662096979,0.7842261904761905,0.48333333333333334,0.5121533721328313,0.6780211524304106,0.16252396285964515,20,0.8103621010447974,0.9412896419040526,0.8471229386368462,0.44358519269776875,0.7798085291557877,0.7644336806878504,0.1693547179179136
197,3.8972284317016603,1.7888841838261578,0.027478551864624022,0.003880593659575747,128,10,0.0001,500,96,128,0.25,4,2,32,0.0001,"{'model__batch_size': 128, 'model__callbacks__early_stopping__patience': 10, 'model__lr': 0.0001, 'model__max_epochs': 500, 'model__module__d_model': 96, 'model__module__dim_feedforward': 128, 'model__module__dropout': 0.25, 'model__module__nhead': 4, 'model__module__num_layers': 2, 'model__module__patch_size': 32, 'model__optimizer__weight_decay': 0.0001}",0.8880199075719872,0.7017045454545454,0.8310445276737412,0.38,0.5608899297423888,0.6723317820885325,0.18463532684018755,25,0.8601688527061662,0.921183555904687,0.8595238522399038,0.4450329000160488,0.8130977338524509,0.7798013789438513,0.17086960249464808
198,4.589895486831665,2.4849434334954106,0.0302731990814209,0.003501306107030488,128,10,0.0001,500,96,128,0.25,4,3,16,0.0001,"{'model__batch_size': 128, 'model__callbacks__early_stopping__patience': 10, 'model__lr': 0.0001, 'model__max_epochs': 500, 'model__module__d_model': 96, 'model__module__dim_feedforward': 128, 'model__module__dropout': 0.25, 'model__module__nhead': 4, 'model__module__num_layers': 3, 'model__module__patch_size': 16, 'model__optimizer__weight_decay': 0.0001}",0.835016835016835,0.6033505789603351,0.8310445276737412,0.39805825242718446,0.503968253968254,0.63428768960927,0.17478561168107754,204,0.698254048582996,0.8601322780006506,0.8295454545454546,0.430406852248394,0.7756713393007938,0.7188019945356577,0.15431556079087894
199,3.465834951400757,2.0537071366353836,0.029559850692749023,0.003157287089898472,128,10,0.0001,500,96,128,0.25,4,3,32,0.0001,"{'model__batch_size': 128, 'model__callbacks__early_stopping__patience': 10, 'model__lr': 0.0001, 'model__max_epochs': 500, 'model__module__d_model': 96, 'model__module__dim_feedforward': 128, 'model__module__dropout': 0.25, 'model__module__nhead': 4, 'model__module__num_layers': 3, 'model__module__patch_size': 32, 'model__optimizer__weight_decay': 0.0001}",0.8061538461538462,0.6022727272727273,0.8116883116883117,0.38,0.5121533721328313,0.6224536514495432,0.16787656929379552,261,0.7131084156337686,0.9340771654884592,0.8092771368024487,0.43162393162393164,0.7863536564769464,0.734888061205111,0.16751252286438587
200,4.713005685806275,2.387204510839177,0.02957162857055664,0.0036328913951337886,128,10,0.0001,500,96,256,0.1,4,2,16,0.0001,"{'model__batch_size': 128, 'model__callbacks__early_stopping__patience': 10, 'model__lr': 0.0001, 'model__max_epochs': 500, 'model__module__d_model': 96, 'model__module__dim_feedforward': 256, 'model__module__dropout': 0.1, 'model__module__nhead': 4, 'model__module__num_layers': 2, 'model__module__patch_size': 16, 'model__optimizer__weight_decay': 0.0001}",0.8061538461538462,0.656140350877193,0.8116883116883117,0.39215686274509803,0.5121533721328313,0.635658548719456,0.16432968559197672,196,0.7532128888061091,0.9406214039125431,0.8375681223016491,0.430406852248394,0.7803819444444444,0.7484382423426281,0.17150257463409072
201,3.635532331466675,1.4918144202666739,0.030317115783691406,0.0035699399575792254,128,10,0.0001,500,96,256,0.1,4,2,32,0.0001,"{'model__batch_size': 128, 'model__callbacks__early_stopping__patience': 10, 'model__lr': 0.0001, 'model__max_epochs': 500, 'model__module__d_model': 96, 'model__module__dim_feedforward': 256, 'model__module__dropout': 0.1, 'model__module__nhead': 4, 'model__module__num_layers': 2, 'model__module__patch_size': 32, 'model__optimizer__weight_decay': 0.0001}",0.7407407407407407,0.6749226006191951,0.8310445276737412,0.39805825242718446,0.6309246309246309,0.6551381504770984,0.14514727002337285,84,0.7453433928315851,0.9281537176274017,0.8150551589876703,0.43162393162393164,0.9133561643835616,0.7667064730908302,0.18035832719712996
202,5.532254076004028,2.6698666688271637,0.030649137496948243,0.001714577310653295,128,10,0.0001,500,96,256,0.1,4,3,16,0.0001,"{'model__batch_size': 128, 'model__callbacks__early_stopping__patience': 10, 'model__lr': 0.0001, 'model__max_epochs': 500, 'model__module__d_model': 96, 'model__module__dim_feedforward': 256, 'model__module__dropout': 0.1, 'model__module__nhead': 4, 'model__module__num_layers': 3, 'model__module__patch_size': 16, 'model__optimizer__weight_decay': 0.0001}",0.8061538461538462,0.5918367346938775,0.8215384615384616,0.48333333333333334,0.503968253968254,0.6413661259375545,0.14554914125952034,160,0.7170345834513718,0.9463260381126737,0.8224284114541673,0.43162393162393164,0.7886382623224728,0.7412102453929235,0.1716662133412733
203,3.1929771900177,1.4366318833098348,0.02834744453430176,0.0035491452405640544,128,10,0.0001,500,96,256,0.1,4,3,32,0.0001,"{'model__batch_size': 128, 'model__callbacks__early_stopping__patience': 10, 'model__lr': 0.0001, 'model__max_epochs': 500, 'model__module__d_model': 96, 'model__module__dim_feedforward': 256, 'model__module__dropout': 0.1, 'model__module__nhead': 4, 'model__module__num_layers': 3, 'model__module__patch_size': 32, 'model__optimizer__weight_decay': 0.0001}",0.7407407407407407,0.5804363461999521,0.8310445276737412,0.39805825242718446,0.544,0.6188559734083237,0.15212560413627177,264,0.7351324337831084,0.9340771654884592,0.797293758184199,0.43162393162393164,0.7971130713712911,0.739048072090198,0.1669283593201566
204,4.985487461090088,2.7148100001172772,0.03070673942565918,0.003453899606188541,128,10,0.0001,500,96,256,0.25,4,2,16,0.0001,"{'model__batch_size': 128, 'model__callbacks__early_stopping__patience': 10, 'model__lr': 0.0001, 'model__max_epochs': 500, 'model__module__d_model': 96, 'model__module__dim_feedforward': 256, 'model__module__dropout': 0.25, 'model__module__nhead': 4, 'model__module__num_layers': 2, 'model__module__patch_size': 16, 'model__optimizer__weight_decay': 0.0001}",0.835016835016835,0.6378418329637842,0.8725274725274725,0.447415329768271,0.544,0.6673602940552725,0.1641140919356184,37,0.7312762566999855,0.9281537176274017,0.8620774691303659,0.4421385419601215,0.7798085291557877,0.7486909029147324,0.1675167704053985
205,2.5940772533416747,1.77600744334317,0.02760424613952637,0.0037376931474484057,128,10,0.0001,500,96,256,0.25,4,2,32,0.0001,"{'model__batch_size': 128, 'model__callbacks__early_stopping__patience': 10, 'model__lr': 0.0001, 'model__max_epochs': 500, 'model__module__d_model': 96, 'model__module__dim_feedforward': 256, 'model__module__dropout': 0.25, 'model__module__nhead': 4, 'model__module__num_layers': 2, 'model__module__patch_size': 32, 'model__optimizer__weight_decay': 0.0001}",0.42727272727272725,0.6268088347296268,0.894927536231884,0.39805825242718446,0.5535714285714286,0.5801277558465703,0.1780433807870231,287,0.42391304347826086,0.8357012670458288,0.8416253399456086,0.430406852248394,0.8033142389525368,0.6669921483341258,0.196266800188401
206,5.465848207473755,2.889064001474088,0.032196426391601564,0.004539396037108234,128,10,0.0001,500,96,256,0.25,4,3,16,0.0001,"{'model__batch_size': 128, 'model__callbacks__early_stopping__patience': 10, 'model__lr': 0.0001, 'model__max_epochs': 500, 'model__module__d_model': 96, 'model__module__dim_feedforward': 256, 'model__module__dropout': 0.25, 'model__module__nhead': 4, 'model__module__num_layers': 3, 'model__module__patch_size': 16, 'model__optimizer__weight_decay': 0.0001}",0.8432278706007821,0.6033505789603351,0.8725274725274725,0.39805825242718446,0.592,0.6618328349031548,0.17616481984240284,55,0.7921330042663912,0.9399276083229262,0.8512238041913294,0.43162393162393164,0.6889072547320043,0.7407631206273165,0.1747930145760973
207,2.2685627937316895,1.3547975019761234,0.028659486770629884,0.0018549464201902599,128,10,0.0001,500,96,256,0.25,4,3,32,0.0001,"{'model__batch_size': 128, 'model__callbacks__early_stopping__patience': 10, 'model__lr': 0.0001, 'model__max_epochs': 500, 'model__module__d_model': 96, 'model__module__dim_feedforward': 256, 'model__module__dropout': 0.25, 'model__module__nhead': 4, 'model__module__num_layers': 3, 'model__module__patch_size': 32, 'model__optimizer__weight_decay': 0.0001}",0.835016835016835,0.6811316231119635,0.6847826086956521,0.39805825242718446,0.592,0.638197863850327,0.1432148240556641,176,0.7532128888061091,0.8743940901297547,0.5474594213126324,0.4291845493562232,0.7867086134928958,0.678191912619523,0.1643137041995177
208,4.563646745681763,2.2439903918857014,0.029270172119140625,0.002626941462911288,128,10,0.0001,500,96,384,0.1,4,2,16,0.0001,"{'model__batch_size': 128, 'model__callbacks__early_stopping__patience': 10, 'model__lr': 0.0001, 'model__max_epochs': 500, 'model__module__d_model': 96, 'model__module__dim_feedforward': 384, 'model__module__dropout': 0.1, 'model__module__nhead': 4, 'model__module__num_layers': 2, 'model__module__patch_size': 16, 'model__optimizer__weight_decay': 0.0001}",0.8061538461538462,0.5918367346938775,0.8512820512820514,0.39805825242718446,0.4739756367663344,0.6242613042646588,0.1785655462843262,253,0.761236249345207,0.8791414700621754,0.8442569759896171,0.43162393162393164,0.7623804644808743,0.7357278183003612,0.15886237507660664
209,3.112762117385864,1.2583825837923266,0.029771757125854493,0.0022995701789201768,128,10,0.0001,500,96,384,0.1,4,2,32,0.0001,"{'model__batch_size': 128, 'model__callbacks__early_stopping__patience': 10, 'model__lr': 0.0001, 'model__max_epochs': 500, 'model__module__d_model': 96, 'model__module__dim_feedforward': 384, 'model__module__dropout': 0.1, 'model__module__nhead': 4, 'model__module__num_layers': 2, 'model__module__patch_size': 32, 'model__optimizer__weight_decay': 0.0001}",0.8061538461538462,0.615,0.7827715355805243,0.39805825242718446,0.6027542372881356,0.640947574289938,0.147332534449889,163,0.7325346673687906,0.8973656294200849,0.8167857142857142,0.43162393162393164,0.8189984101748808,0.7394616705746805,0.16251204127499655
210,5.084855747222901,3.3270721193895976,0.03236403465270996,0.003387302273112227,128,10,0.0001,500,96,384,0.1,4,3,16,0.0001,"{'model__batch_size': 128, 'model__callbacks__early_stopping__patience': 10, 'model__lr': 0.0001, 'model__max_epochs': 500, 'model__module__d_model': 96, 'model__module__dim_feedforward': 384, 'model__module__dropout': 0.1, 'model__module__nhead': 4, 'model__module__num_layers': 3, 'model__module__patch_size': 16, 'model__optimizer__weight_decay': 0.0001}",0.8061538461538462,0.615,0.8512820512820514,0.39805825242718446,0.4877460827641623,0.6316480465254488,0.17563626885339337,220,0.7351324337831084,0.9239898989898989,0.8335417730883725,0.43162393162393164,0.6983306836248013,0.7245237442220226,0.1662892651095895
211,2.393398475646973,1.5207622030125083,0.029637479782104494,0.003049014179170132,128,10,0.0001,500,96,384,0.1,4,3,32,0.0001,"{'model__batch_size': 128, 'model__callbacks__early_stopping__patience': 10, 'model__lr': 0.0001, 'model__max_epochs': 500, 'model__module__d_model': 96, 'model__module__dim_feedforward': 384, 'model__module__dropout': 0.1, 'model__module__nhead': 4, 'model__module__num_layers': 3, 'model__module__patch_size': 32, 'model__optimizer__weight_decay': 0.0001}",0.7754455445544555,0.56656346749226,0.8116883116883117,0.39805825242718446,0.6160794941282746,0.6335670140580973,0.149744034602985,209,0.7630081300813008,0.759427518161119,0.8034362259755388,0.43162393162393164,0.7552623432905123,0.7025516298264807,0.13656338733664494
212,4.681271028518677,2.560876663269584,0.03029036521911621,0.0019368513462481602,128,10,0.0001,500,96,384,0.25,4,2,16,0.0001,"{'model__batch_size': 128, 'model__callbacks__early_stopping__patience': 10, 'model__lr': 0.0001, 'model__max_epochs': 500, 'model__module__d_model': 96, 'model__module__dim_feedforward': 384, 'model__module__dropout': 0.25, 'model__module__nhead': 4, 'model__module__num_layers': 2, 'model__module__patch_size': 16, 'model__optimizer__weight_decay': 0.0001}",0.835016835016835,0.6268088347296268,0.7138519924098672,0.447415329768271,0.5293466223698782,0.6304879228588957,0.13604434328233378,226,0.7246753246753246,0.8937005312804944,0.8128299472084466,0.430406852248394,0.7121605667060212,0.7147546444237362,0.15658812949270182
213,3.051389217376709,1.350128809265042,0.028479814529418945,0.0030316846814949705,128,10,0.0001,500,96,384,0.25,4,2,32,0.0001,"{'model__batch_size': 128, 'model__callbacks__early_stopping__patience': 10, 'model__lr': 0.0001, 'model__max_epochs': 500, 'model__module__d_model': 96, 'model__module__dim_feedforward': 384, 'model__module__dropout': 0.25, 'model__module__nhead': 4, 'model__module__num_layers': 2, 'model__module__patch_size': 32, 'model__optimizer__weight_decay': 0.0001}",0.7754455445544555,0.65,0.8310445276737412,0.39805825242718446,0.6048009367681498,0.6518698522847062,0.1510058431971557,99,0.7092768123573812,0.9048899490404423,0.8457703692163888,0.43162393162393164,0.8052584670231729,0.7393639058522633,0.166536737414978
214,5.491866207122802,3.044538137975868,0.03199005126953125,0.0030568969006312665,128,10,0.0001,500,96,384,0.25,4,3,16,0.0001,"{'model__batch_size': 128, 'model__callbacks__early_stopping__patience': 10, 'model__lr': 0.0001, 'model__max_epochs': 500, 'model__module__d_model': 96, 'model__module__dim_feedforward': 384, 'model__module__dropout': 0.25, 'model__module__nhead': 4, 'model__module__num_layers': 3, 'model__module__patch_size': 16, 'model__optimizer__weight_decay': 0.0001}",0.8622448979591837,0.5918367346938775,0.8310445276737412,0.39805825242718446,0.5709123757904246,0.6508193577088823,0.1737435598111576,102,0.7541329284750338,0.9121028873179458,0.8335417730883725,0.43162393162393164,0.8094452926208651,0.7481693626252297,0.1662251260121268
215,2.4497931003570557,1.5556683310709911,0.02981743812561035,0.002096557661652391,128,10,0.0001,500,96,384,0.25,4,3,32,0.0001,"{'model__batch_size': 128, 'model__callbacks__early_stopping__patience': 10, 'model__lr': 0.0001, 'model__max_epochs': 500, 'model__module__d_model': 96, 'model__module__dim_feedforward': 384, 'model__module__dropout': 0.25, 'model__module__nhead': 4, 'model__module__num_layers': 3, 'model__module__patch_size': 32, 'model__optimizer__weight_decay': 0.0001}",0.8061538461538462,0.6268088347296268,0.6403100775193798,0.39805825242718446,0.5812655086848635,0.6105193039029801,0.13070669153320802,277,0.7094298245614035,0.8839406207827261,0.6301103179753407,0.43162393162393164,0.7950055055782934,0.6900220401043391,0.15450670080452023
216,4.123674058914185,2.0047352063063597,0.02968177795410156,0.0018739677543238035,128,10,0.0001,500,128,128,0.1,4,2,16,0.0001,"{'model__batch_size': 128, 'model__callbacks__early_stopping__patience': 10, 'model__lr': 0.0001, 'model__max_epochs': 500, 'model__module__d_model': 128, 'model__module__dim_feedforward': 128, 'model__module__dropout': 0.1, 'model__module__nhead': 4, 'model__module__num_layers': 2, 'model__module__patch_size': 16, 'model__optimizer__weight_decay': 0.0001}",0.9125000000000001,0.6140014385039558,0.8512820512820514,0.39805825242718446,0.5121533721328313,0.6575990228692046,0.19642007119419105,72,0.8105037343079613,0.9033868686028126,0.831027049579306,0.430406852248394,0.766469893742621,0.748358879696219,0.1650158702664249
217,3.0733927726745605,1.1830550434376679,0.029028654098510742,0.0036966805287385156,128,10,0.0001,500,128,128,0.1,4,2,32,0.0001,"{'model__batch_size': 128, 'model__callbacks__early_stopping__patience': 10, 'model__lr': 0.0001, 'model__max_epochs': 500, 'model__module__d_model': 128, 'model__module__dim_feedforward': 128, 'model__module__dropout': 0.1, 'model__module__nhead': 4, 'model__module__num_layers': 2, 'model__module__patch_size': 32, 'model__optimizer__weight_decay': 0.0001}",0.8163265306122449,0.5343680709534369,0.7931034482758621,0.39805825242718446,0.642478813559322,0.6368670231656101,0.15759612414132174,188,0.7886891983070601,0.8866408620148551,0.8416253399456086,0.43162393162393164,0.9012490241998439,0.7699656712182599,0.17367166162502373
218,4.012220668792724,2.205665203474141,0.02960691452026367,0.002901070896996915,128,10,0.0001,500,128,128,0.1,4,3,16,0.0001,"{'model__batch_size': 128, 'model__callbacks__early_stopping__patience': 10, 'model__lr': 0.0001, 'model__max_epochs': 500, 'model__module__d_model': 128, 'model__module__dim_feedforward': 128, 'model__module__dropout': 0.1, 'model__module__nhead': 4, 'model__module__num_layers': 3, 'model__module__patch_size': 16, 'model__optimizer__weight_decay': 0.0001}",0.8061538461538462,0.5918367346938775,0.7247170500182549,0.39805825242718446,0.563505648750428,0.6168543064087182,0.14057905862043096,267,0.7013985550473918,0.8791414700621754,0.8138444567015996,0.43162393162393164,0.758326434439279,0.7168669695748755,0.15431098230011822
219,3.1864117622375487,1.2549543234630325,0.029419469833374023,0.003247130136469834,128,10,0.0001,500,128,128,0.1,4,3,32,0.0001,"{'model__batch_size': 128, 'model__callbacks__early_stopping__patience': 10, 'model__lr': 0.0001, 'model__max_epochs': 500, 'model__module__d_model': 128, 'model__module__dim_feedforward': 128, 'model__module__dropout': 0.1, 'model__module__nhead': 4, 'model__module__num_layers': 3, 'model__module__patch_size': 32, 'model__optimizer__weight_decay': 0.0001}",0.7754455445544555,0.5918367346938775,0.7827715355805243,0.39805825242718446,0.6666666666666667,0.6429557467845417,0.1415995375494209,153,0.7209057398630858,0.8536266038229903,0.8224284114541673,0.4421385419601215,0.9089117541166885,0.7496022102434108,0.16544585551654417
220,4.428005838394165,2.019343286197457,0.030929756164550782,0.003805229589724602,128,10,0.0001,500,128,128,0.25,4,2,16,0.0001,"{'model__batch_size': 128, 'model__callbacks__early_stopping__patience': 10, 'model__lr': 0.0001, 'model__max_epochs': 500, 'model__module__d_model': 128, 'model__module__dim_feedforward': 128, 'model__module__dropout': 0.25, 'model__module__nhead': 4, 'model__module__num_layers': 2, 'model__module__patch_size': 16, 'model__optimizer__weight_decay': 0.0001}",0.7754455445544555,0.6140014385039558,0.7751937984496124,0.39805825242718446,0.544,0.6213398067870417,0.14374253305380028,262,0.7682408795602199,0.9082330787739303,0.8768939393939394,0.42795698924731185,0.792962356792144,0.7548574487535091,0.17141295143258384
221,3.006175661087036,1.2724202900496544,0.02809772491455078,0.0043372664453525936,128,10,0.0001,500,128,128,0.25,4,2,32,0.0001,"{'model__batch_size': 128, 'model__callbacks__early_stopping__patience': 10, 'model__lr': 0.0001, 'model__max_epochs': 500, 'model__module__d_model': 128, 'model__module__dim_feedforward': 128, 'model__module__dropout': 0.25, 'model__module__nhead': 4, 'model__module__num_layers': 2, 'model__module__patch_size': 32, 'model__optimizer__weight_decay': 0.0001}",0.8061538461538462,0.6033505789603351,0.8725274725274725,0.39805825242718446,0.5608899297423888,0.6481960159622454,0.1717426244010254,121,0.7792770281525904,0.8999137931034482,0.9053030303030303,0.42795698924731185,0.7991450381679389,0.7623191757948639,0.17482473855337258
222,4.141760301589966,2.259669425563004,0.02916431427001953,0.0025609488199313667,128,10,0.0001,500,128,128,0.25,4,3,16,0.0001,"{'model__batch_size': 128, 'model__callbacks__early_stopping__patience': 10, 'model__lr': 0.0001, 'model__max_epochs': 500, 'model__module__d_model': 128, 'model__module__dim_feedforward': 128, 'model__module__dropout': 0.25, 'model__module__nhead': 4, 'model__module__num_layers': 3, 'model__module__patch_size': 16, 'model__optimizer__weight_decay': 0.0001}",0.7754455445544555,0.6033505789603351,0.7247170500182549,0.39805825242718446,0.563505648750428,0.6130154149421315,0.13237221007745192,273,0.6971428571428571,0.8696969696969697,0.8177286181648231,0.43162393162393164,0.7463659147869675,0.7125116582831098,0.15235357330282806
223,3.359020948410034,2.161745954069942,0.03125128746032715,0.0031784185060132514,128,10,0.0001,500,128,128,0.25,4,3,32,0.0001,"{'model__batch_size': 128, 'model__callbacks__early_stopping__patience': 10, 'model__lr': 0.0001, 'model__max_epochs': 500, 'model__module__d_model': 128, 'model__module__dim_feedforward': 128, 'model__module__dropout': 0.25, 'model__module__nhead': 4, 'model__module__num_layers': 3, 'model__module__patch_size': 32, 'model__optimizer__weight_decay': 0.0001}",0.49001618996222346,0.6142744686434007,0.894927536231884,0.43951786482996125,0.6345029239766082,0.6146477967288156,0.15821164829424736,269,0.43892110834944303,0.9392069918385708,0.8247890979883192,0.42795698924731185,0.8727364185110664,0.7007221211869423,0.2212677808769519
224,3.715522050857544,1.9712562829198268,0.03044614791870117,0.003664958022868744,128,10,0.0001,500,128,256,0.1,4,2,16,0.0001,"{'model__batch_size': 128, 'model__callbacks__early_stopping__patience': 10, 'model__lr': 0.0001, 'model__max_epochs': 500, 'model__module__d_model': 128, 'model__module__dim_feedforward': 256, 'model__module__dropout': 0.1, 'model__module__nhead': 4, 'model__module__num_layers': 2, 'model__module__patch_size': 16, 'model__optimizer__weight_decay': 0.0001}",0.8061538461538462,0.615,0.8116883116883117,0.39805825242718446,0.6031746031746031,0.6468150026887891,0.1532114060530702,135,0.7361471861471861,0.8901286091474321,0.840414435713789,0.43162393162393164,0.7242818662225239,0.7245192057709725,0.1592363568319536
225,2.370234727859497,1.3088523739948374,0.02945561408996582,0.0030946825002344087,128,10,0.0001,500,128,256,0.1,4,2,32,0.0001,"{'model__batch_size': 128, 'model__callbacks__early_stopping__patience': 10, 'model__lr': 0.0001, 'model__max_epochs': 500, 'model__module__d_model': 128, 'model__module__dim_feedforward': 256, 'model__module__dropout': 0.1, 'model__module__nhead': 4, 'model__module__num_layers': 2, 'model__module__patch_size': 32, 'model__optimizer__weight_decay': 0.0001}",0.8432278706007821,0.6033505789603351,0.6979166666666667,0.39805825242718446,0.642478813559322,0.637006436442858,0.14456571817041913,185,0.8187804067915828,0.8601322780006506,0.6825060240963856,0.43162393162393164,0.8727364185110664,0.7331558118047236,0.16518124334381493
226,3.997801351547241,2.7136981110248435,0.03375239372253418,0.0025029372541403683,128,10,0.0001,500,128,256,0.1,4,3,16,0.0001,"{'model__batch_size': 128, 'model__callbacks__early_stopping__patience': 10, 'model__lr': 0.0001, 'model__max_epochs': 500, 'model__module__d_model': 128, 'model__module__dim_feedforward': 256, 'model__module__dropout': 0.1, 'model__module__nhead': 4, 'model__module__num_layers': 3, 'model__module__patch_size': 16, 'model__optimizer__weight_decay': 0.0001}",0.7426470588235294,0.6258503401360545,0.7751937984496124,0.39805825242718446,0.5939013964092335,0.6271301692491228,0.13330170475462524,239,0.6918604651162791,0.9131313131313131,0.8335417730883725,0.43162393162393164,0.7039483617695907,0.7148211689458975,0.1638704257746547
227,3.449953317642212,1.5185819357779793,0.02758779525756836,0.0023850769790172985,128,10,0.0001,500,128,256,0.1,4,3,32,0.0001,"{'model__batch_size': 128, 'model__callbacks__early_stopping__patience': 10, 'model__lr': 0.0001, 'model__max_epochs': 500, 'model__module__d_model': 128, 'model__module__dim_feedforward': 256, 'model__module__dropout': 0.1, 'model__module__nhead': 4, 'model__module__num_layers': 3, 'model__module__patch_size': 32, 'model__optimizer__weight_decay': 0.0001}",0.8061538461538462,0.6026831785345717,0.8725274725274725,0.39805825242718446,0.6027542372881356,0.656435397386242,0.1683099021795041,77,0.7401338011288108,0.8901286091474321,0.8375681223016491,0.43162393162393164,0.9202898550724639,0.7639488638548576,0.17708226713377775
228,3.819874572753906,2.028081110536637,0.029164886474609374,0.0019305198682412217,128,10,0.0001,500,128,256,0.25,4,2,16,0.0001,"{'model__batch_size': 128, 'model__callbacks__early_stopping__patience': 10, 'model__lr': 0.0001, 'model__max_epochs': 500, 'model__module__d_model': 128, 'model__module__dim_feedforward': 256, 'model__module__dropout': 0.25, 'model__module__nhead': 4, 'model__module__num_layers': 2, 'model__module__patch_size': 16, 'model__optimizer__weight_decay': 0.0001}",0.8061538461538462,0.5804363461999521,0.8310445276737412,0.39805825242718446,0.6277915632754343,0.6486969071460316,0.1587196365772824,116,0.7090196078431372,0.88531634316195,0.8484848484848485,0.43162393162393164,0.704093567251462,0.7157076596730659,0.1595494087146324
229,3.1543559074401855,1.2228896215515572,0.027658462524414062,0.003340189835991448,128,10,0.0001,500,128,256,0.25,4,2,32,0.0001,"{'model__batch_size': 128, 'model__callbacks__early_stopping__patience': 10, 'model__lr': 0.0001, 'model__max_epochs': 500, 'model__module__d_model': 128, 'model__module__dim_feedforward': 256, 'model__module__dropout': 0.25, 'model__module__nhead': 4, 'model__module__num_layers': 2, 'model__module__patch_size': 32, 'model__optimizer__weight_decay': 0.0001}",0.8061538461538462,0.6378418329637842,0.7751937984496124,0.39805825242718446,0.5630296610169492,0.6360554782022753,0.14850694761969674,191,0.7870459659273545,0.9033868686028126,0.793477505041374,0.43162393162393164,0.9003623188405797,0.7631793180072106,0.17314381549563537
230,4.872403240203857,2.3359176104478734,0.03224434852600098,0.0034788627397189203,128,10,0.0001,500,128,256,0.25,4,3,16,0.0001,"{'model__batch_size': 128, 'model__callbacks__early_stopping__patience': 10, 'model__lr': 0.0001, 'model__max_epochs': 500, 'model__module__d_model': 128, 'model__module__dim_feedforward': 256, 'model__module__dropout': 0.25, 'model__module__nhead': 4, 'model__module__num_layers': 3, 'model__module__patch_size': 16, 'model__optimizer__weight_decay': 0.0001}",0.9358234295415959,0.6033505789603351,0.7931034482758621,0.4238383838383838,0.5535714285714286,0.661937453837521,0.1811545363818817,53,0.7483279112530057,0.8962385961941451,0.8216396634448231,0.44648198725451943,0.7950055055782934,0.7415387327449574,0.1551202621527032
231,1.609006118774414,0.6868487114450421,0.029778242111206055,0.004796585098361153,128,10,0.0001,500,128,256,0.25,4,3,32,0.0001,"{'model__batch_size': 128, 'model__callbacks__early_stopping__patience': 10, 'model__lr': 0.0001, 'model__max_epochs': 500, 'model__module__d_model': 128, 'model__module__dim_feedforward': 256, 'model__module__dropout': 0.25, 'model__module__nhead': 4, 'model__module__num_layers': 3, 'model__module__patch_size': 32, 'model__optimizer__weight_decay': 0.0001}",0.7878787878787878,0.568859324956886,0.6852713178294574,0.39805825242718446,0.544,0.5968135366184631,0.1322157932243112,281,0.724432843106046,0.7638345676957643,0.6691176470588236,0.43162393162393164,0.7844929674028214,0.6747003913774774,0.12774189619196938
232,4.912242078781128,1.750647327574181,0.030200099945068358,0.003858455922966408,128,10,0.0001,500,128,384,0.1,4,2,16,0.0001,"{'model__batch_size': 128, 'model__callbacks__early_stopping__patience': 10, 'model__lr': 0.0001, 'model__max_epochs': 500, 'model__module__d_model': 128, 'model__module__dim_feedforward': 384, 'model__module__dropout': 0.1, 'model__module__nhead': 4, 'model__module__num_layers': 2, 'model__module__patch_size': 16, 'model__optimizer__weight_decay': 0.0001}",0.835016835016835,0.5578947368421052,0.8512820512820514,0.39805825242718446,0.613716454323665,0.6511936659783681,0.17205411275171167,100,0.7590373618379842,0.8874050798638387,0.837793302322388,0.44358519269776875,0.876011996941956,0.7607665867327871,0.1648386813657757
233,3.3744180679321287,1.2797657307218318,0.027423524856567384,0.0017121396542384025,128,10,0.0001,500,128,384,0.1,4,2,32,0.0001,"{'model__batch_size': 128, 'model__callbacks__early_stopping__patience': 10, 'model__lr': 0.0001, 'model__max_epochs': 500, 'model__module__d_model': 128, 'model__module__dim_feedforward': 384, 'model__module__dropout': 0.1, 'model__module__nhead': 4, 'model__module__num_layers': 2, 'model__module__patch_size': 32, 'model__optimizer__weight_decay': 0.0001}",0.9125000000000001,0.6033505789603351,0.8310445276737412,0.39805825242718446,0.657707910750507,0.6805322539623535,0.18040648706851858,17,0.8326924180680709,0.9110344827586206,0.9280115181570948,0.46377942515281567,0.9073956346683619,0.8085826957609928,0.17549597334711628
234,4.467863082885742,2.2548995870237403,0.0318030834197998,0.004312087706474349,128,10,0.0001,500,128,384,0.1,4,3,16,0.0001,"{'model__batch_size': 128, 'model__callbacks__early_stopping__patience': 10, 'model__lr': 0.0001, 'model__max_epochs': 500, 'model__module__d_model': 128, 'model__module__dim_feedforward': 384, 'model__module__dropout': 0.1, 'model__module__nhead': 4, 'model__module__num_layers': 3, 'model__module__patch_size': 16, 'model__optimizer__weight_decay': 0.0001}",0.7704081632653061,0.5804363461999521,0.8310445276737412,0.39805825242718446,0.5347394540942928,0.6229373487320953,0.1582479389160127,258,0.7751495209122328,0.8810250554469795,0.8231522338665196,0.43162393162393164,0.8011046382712814,0.7424110760241891,0.15927231963436028
235,2.82495231628418,1.2674273768661448,0.027841472625732423,0.0026298052791117283,128,10,0.0001,500,128,384,0.1,4,3,32,0.0001,"{'model__batch_size': 128, 'model__callbacks__early_stopping__patience': 10, 'model__lr': 0.0001, 'model__max_epochs': 500, 'model__module__d_model': 128, 'model__module__dim_feedforward': 384, 'model__module__dropout': 0.1, 'model__module__nhead': 4, 'model__module__num_layers': 3, 'model__module__patch_size': 32, 'model__optimizer__weight_decay': 0.0001}",0.7878787878787878,0.5800000000000001,0.7247170500182549,0.48333333333333334,0.5121533721328313,0.6176165086726415,0.1191882676690421,266,0.7396189336978811,0.9110344827586206,0.7858533419857237,0.5217752971798105,0.792962356792144,0.7502488824828359,0.12748121639872964
236,5.345239210128784,2.3016412876702512,0.02961559295654297,0.0027093472438993807,128,10,0.0001,500,128,384,0.25,4,2,16,0.0001,"{'model__batch_size': 128, 'model__callbacks__early_stopping__patience': 10, 'model__lr': 0.0001, 'model__max_epochs': 500, 'model__module__d_model': 128, 'model__module__dim_feedforward': 384, 'model__module__dropout': 0.25, 'model__module__nhead': 4, 'model__module__num_layers': 2, 'model__module__patch_size': 16, 'model__optimizer__weight_decay': 0.0001}",0.86875,0.6634615384615384,0.8512820512820514,0.43951786482996125,0.6666666666666667,0.6979356242480435,0.15597347616138457,4,0.7911657135929195,0.945064304573716,0.8324600110314396,0.42795698924731185,0.8906059067922472,0.7774505850475268,0.18235043241847027
237,3.3504600524902344,1.2939347907080456,0.027614879608154296,0.002329380174784553,128,10,0.0001,500,128,384,0.25,4,2,32,0.0001,"{'model__batch_size': 128, 'model__callbacks__early_stopping__patience': 10, 'model__lr': 0.0001, 'model__max_epochs': 500, 'model__module__d_model': 128, 'model__module__dim_feedforward': 384, 'model__module__dropout': 0.25, 'model__module__nhead': 4, 'model__module__num_layers': 2, 'model__module__patch_size': 32, 'model__optimizer__weight_decay': 0.0001}",0.835016835016835,0.6388028895768834,0.7471264367816093,0.39805825242718446,0.6543778801843317,0.6546764587973688,0.1464067026566075,87,0.7976936676309868,0.8937005312804944,0.8523076923076922,0.4291845493562232,0.8825259247794459,0.7710824730709686,0.1741578096349361
238,4.632629823684693,2.701467400054729,0.03294825553894043,0.004600238843049878,128,10,0.0001,500,128,384,0.25,4,3,16,0.0001,"{'model__batch_size': 128, 'model__callbacks__early_stopping__patience': 10, 'model__lr': 0.0001, 'model__max_epochs': 500, 'model__module__d_model': 128, 'model__module__dim_feedforward': 384, 'model__module__dropout': 0.25, 'model__module__nhead': 4, 'model__module__num_layers': 3, 'model__module__patch_size': 16, 'model__optimizer__weight_decay': 0.0001}",0.7576923076923077,0.5918367346938775,0.7087517934002869,0.39805825242718446,0.6957403651115619,0.6304158906650436,0.12812611776939214,227,0.7017316017316018,0.9290053552907309,0.8177286181648231,0.43162393162393164,0.7257947976878613,0.7211768608997897,0.16538153899894517
239,3.011887311935425,1.3542564840529656,0.02889537811279297,0.003764952370337952,128,10,0.0001,500,128,384,0.25,4,3,32,0.0001,"{'model__batch_size': 128, 'model__callbacks__early_stopping__patience': 10, 'model__lr': 0.0001, 'model__max_epochs': 500, 'model__module__d_model': 128, 'model__module__dim_feedforward': 384, 'model__module__dropout': 0.25, 'model__module__nhead': 4, 'model__module__num_layers': 3, 'model__module__patch_size': 32, 'model__optimizer__weight_decay': 0.0001}",0.835016835016835,0.6033505789603351,0.7247170500182549,0.39805825242718446,0.5608899297423888,0.6244065292329996,0.1484116945178292,251,0.7763982642237223,0.8949938949938949,0.8177286181648231,0.43162393162393164,0.8033142389525368,0.7448117895917817,0.16147966126514754
240,3.1663516998291015,1.5250798171281426,0.028027772903442383,0.0024129694567229074,128,10,0.0002,500,96,128,0.1,4,2,16,0.0001,"{'model__batch_size': 128, 'model__callbacks__early_stopping__patience': 10, 'model__lr': 0.0002, 'model__max_epochs': 500, 'model__module__d_model': 96, 'model__module__dim_feedforward': 128, 'model__module__dropout': 0.1, 'model__module__nhead': 4, 'model__module__num_layers': 2, 'model__module__patch_size': 16, 'model__optimizer__weight_decay': 0.0001}",0.8622448979591837,0.5918367346938775,0.8512820512820514,0.39805825242718446,0.544,0.6494843872724594,0.18091690976617159,111,0.8253131179960449,0.9180831022585356,0.8595238522399038,0.4291845493562232,0.7971130713712911,0.7658435386443997,0.17309337104495415
241,1.993182373046875,0.78931938504656,0.028259944915771485,0.0020198051784209594,128,10,0.0002,500,96,128,0.1,4,2,32,0.0001,"{'model__batch_size': 128, 'model__callbacks__early_stopping__patience': 10, 'model__lr': 0.0002, 'model__max_epochs': 500, 'model__module__d_model': 96, 'model__module__dim_feedforward': 128, 'model__module__dropout': 0.1, 'model__module__nhead': 4, 'model__module__num_layers': 2, 'model__module__patch_size': 32, 'model__optimizer__weight_decay': 0.0001}",0.8163265306122449,0.6354166666666667,0.8310445276737412,0.39805825242718446,0.5812655086848635,0.6524222972129401,0.16051420263931848,95,0.76575056252009,0.8962385961941451,0.8216396634448231,0.4267241379310345,0.792962356792144,0.7406630633764475,0.16290070827656222
242,3.1410004615783693,1.5242804394653604,0.02957444190979004,0.0022860779420120648,128,10,0.0002,500,96,128,0.1,4,3,16,0.0001,"{'model__batch_size': 128, 'model__callbacks__early_stopping__patience': 10, 'model__lr': 0.0002, 'model__max_epochs': 500, 'model__module__d_model': 96, 'model__module__dim_feedforward': 128, 'model__module__dropout': 0.1, 'model__module__nhead': 4, 'model__module__num_layers': 3, 'model__module__patch_size': 16, 'model__optimizer__weight_decay': 0.0001}",0.8061538461538462,0.5918367346938775,0.8017094017094017,0.39805825242718446,0.6160794941282746,0.6427675458225168,0.15175403427139933,154,0.7279203771608171,0.8887931034482759,0.8442569759896171,0.43162393162393164,0.7479179591299607,0.7281024694705204,0.1597532844260622
243,2.228542137145996,1.0152464655449132,0.029374074935913087,0.003947914198136538,128,10,0.0002,500,96,128,0.1,4,3,32,0.0001,"{'model__batch_size': 128, 'model__callbacks__early_stopping__patience': 10, 'model__lr': 0.0002, 'model__max_epochs': 500, 'model__module__d_model': 96, 'model__module__dim_feedforward': 128, 'model__module__dropout': 0.1, 'model__module__nhead': 4, 'model__module__num_layers': 3, 'model__module__patch_size': 32, 'model__optimizer__weight_decay': 0.0001}",0.7426470588235294,0.6258503401360545,0.8310445276737412,0.39805825242718446,0.5709123757904246,0.6337025109701868,0.14855656182786256,208,0.7092768123573812,0.9281537176274017,0.8089036732960577,0.43162393162393164,0.7888314785373609,0.7333579226884266,0.1663449300686902
244,3.3666788578033446,1.5769453594608125,0.02952132225036621,0.0040069179747861255,128,10,0.0002,500,96,128,0.25,4,2,16,0.0001,"{'model__batch_size': 128, 'model__callbacks__early_stopping__patience': 10, 'model__lr': 0.0002, 'model__max_epochs': 500, 'model__module__d_model': 96, 'model__module__dim_feedforward': 128, 'model__module__dropout': 0.25, 'model__module__nhead': 4, 'model__module__num_layers': 2, 'model__module__patch_size': 16, 'model__optimizer__weight_decay': 0.0001}",0.9125000000000001,0.6268088347296268,0.7931034482758621,0.39805825242718446,0.503968253968254,0.6468877578801855,0.18690862035716976,134,0.8125884016973126,0.8962385961941451,0.9018538713195201,0.43162393162393164,0.8012979497354498,0.7687205501140718,0.17355410617866698
245,2.17846565246582,0.9936100911319287,0.026691961288452148,0.0020847548361839787,128,10,0.0002,500,96,128,0.25,4,2,32,0.0001,"{'model__batch_size': 128, 'model__callbacks__early_stopping__patience': 10, 'model__lr': 0.0002, 'model__max_epochs': 500, 'model__module__d_model': 96, 'model__module__dim_feedforward': 128, 'model__module__dropout': 0.25, 'model__module__nhead': 4, 'model__module__num_layers': 2, 'model__module__patch_size': 32, 'model__optimizer__weight_decay': 0.0001}",0.7754455445544555,0.6623508504696624,0.8310445276737412,0.4316666666666667,0.544,0.6489015178729052,0.14667355609381164,112,0.7285841922900913,0.9340771654884592,0.820771811478498,0.4741895402688354,0.8117559523809523,0.7538757323813673,0.15437732334654358
246,3.759551239013672,1.9326766445831316,0.030636167526245116,0.003643162131618676,128,10,0.0002,500,96,128,0.25,4,3,16,0.0001,"{'model__batch_size': 128, 'model__callbacks__early_stopping__patience': 10, 'model__lr': 0.0002, 'model__max_epochs': 500, 'model__module__d_model': 96, 'model__module__dim_feedforward': 128, 'model__module__dropout': 0.25, 'model__module__nhead': 4, 'model__module__num_layers': 3, 'model__module__patch_size': 16, 'model__optimizer__weight_decay': 0.0001}",0.8061538461538462,0.5804363461999521,0.7578747628083491,0.39805825242718446,0.503968253968254,0.6092982923115171,0.15321674844803407,279,0.7132034632034632,0.9036869496475548,0.8457703692163888,0.43162393162393164,0.7886382623224728,0.7365845952027623,0.16498605882471815
247,2.3111947059631346,1.3337319617636538,0.028765869140625,0.002379026115135357,128,10,0.0002,500,96,128,0.25,4,3,32,0.0001,"{'model__batch_size': 128, 'model__callbacks__early_stopping__patience': 10, 'model__lr': 0.0002, 'model__max_epochs': 500, 'model__module__d_model': 96, 'model__module__dim_feedforward': 128, 'model__module__dropout': 0.25, 'model__module__nhead': 4, 'model__module__num_layers': 3, 'model__module__patch_size': 32, 'model__optimizer__weight_decay': 0.0001}",0.7754455445544555,0.6140014385039558,0.7578747628083491,0.39805825242718446,0.6543778801843317,0.6399515756956553,0.13539453562035497,169,0.7170345834513718,0.9565656565656566,0.840414435713789,0.43162393162393164,0.7171470259412958,0.732557126659209,0.17484406138800293
248,2.8309006690979004,1.3732625801846843,0.029394149780273438,0.0032475432687814124,128,10,0.0002,500,96,256,0.1,4,2,16,0.0001,"{'model__batch_size': 128, 'model__callbacks__early_stopping__patience': 10, 'model__lr': 0.0002, 'model__max_epochs': 500, 'model__module__d_model': 96, 'model__module__dim_feedforward': 256, 'model__module__dropout': 0.1, 'model__module__nhead': 4, 'model__module__num_layers': 2, 'model__module__patch_size': 16, 'model__optimizer__weight_decay': 0.0001}",0.8061538461538462,0.6268088347296268,0.8310445276737412,0.39805825242718446,0.5738636363636364,0.647185819469607,0.15933032780570655,132,0.7469281212198383,0.9160793668003904,0.8512238041913294,0.43162393162393164,0.7325985203080175,0.7356907488287014,0.16642139893395924
249,2.259915494918823,0.8843448291265078,0.028554201126098633,0.0030254818940016067,128,10,0.0002,500,96,256,0.1,4,2,32,0.0001,"{'model__batch_size': 128, 'model__callbacks__early_stopping__patience': 10, 'model__lr': 0.0002, 'model__max_epochs': 500, 'model__module__d_model': 96, 'model__module__dim_feedforward': 256, 'model__module__dropout': 0.1, 'model__module__nhead': 4, 'model__module__num_layers': 2, 'model__module__patch_size': 32, 'model__optimizer__weight_decay': 0.0001}",0.8622448979591837,0.6378418329637842,0.8116883116883117,0.39805825242718446,0.6048009367681498,0.6629268463613227,0.1649369034357298,48,0.7999761639917369,0.8604476990929517,0.832026875699888,0.43162393162393164,0.8206521739130435,0.7489453688643104,0.1598588182731382
250,3.3915442943573,1.8228393303143586,0.03180055618286133,0.002747539336047543,128,10,0.0002,500,96,256,0.1,4,3,16,0.0001,"{'model__batch_size': 128, 'model__callbacks__early_stopping__patience': 10, 'model__lr': 0.0002, 'model__max_epochs': 500, 'model__module__d_model': 96, 'model__module__dim_feedforward': 256, 'model__module__dropout': 0.1, 'model__module__nhead': 4, 'model__module__num_layers': 3, 'model__module__patch_size': 16, 'model__optimizer__weight_decay': 0.0001}",0.8061538461538462,0.56656346749226,0.8215384615384616,0.39805825242718446,0.563505648750428,0.631163935272436,0.16121603686268945,224,0.724432843106046,0.9617721143873166,0.8375681223016491,0.43162393162393164,0.7447629220817755,0.7400319867001438,0.17553531008953457
251,2.1121174335479735,0.9074372420042985,0.02720170021057129,0.0018208508081185393,128,10,0.0002,500,96,256,0.1,4,3,32,0.0001,"{'model__batch_size': 128, 'model__callbacks__early_stopping__patience': 10, 'model__lr': 0.0002, 'model__max_epochs': 500, 'model__module__d_model': 96, 'model__module__dim_feedforward': 256, 'model__module__dropout': 0.1, 'model__module__nhead': 4, 'model__module__num_layers': 3, 'model__module__patch_size': 32, 'model__optimizer__weight_decay': 0.0001}",0.8253465346534654,0.6268088347296268,0.7410714285714286,0.39805825242718446,0.5812655086848635,0.6345101118133136,0.14599837927171125,202,0.7435980132877508,0.8887931034482759,0.8324600110314396,0.43162393162393164,0.8012979497354498,0.7395546018253696,0.16096796778521097
252,3.102431392669678,1.4171484633655145,0.029657888412475585,0.0021475796430814207,128,10,0.0002,500,96,256,0.25,4,2,16,0.0001,"{'model__batch_size': 128, 'model__callbacks__early_stopping__patience': 10, 'model__lr': 0.0002, 'model__max_epochs': 500, 'model__module__d_model': 96, 'model__module__dim_feedforward': 256, 'model__module__dropout': 0.25, 'model__module__nhead': 4, 'model__module__num_layers': 2, 'model__module__patch_size': 16, 'model__optimizer__weight_decay': 0.0001}",0.835016835016835,0.6388028895768834,0.7931034482758621,0.39805825242718446,0.544,0.6417962850593529,0.16075406116538635,158,0.7935518667225985,0.8986645718774549,0.8603833425261996,0.43162393162393164,0.7971130713712911,0.756267356824295,0.1670742146081258
253,1.8880350112915039,0.8428896099757033,0.028765344619750978,0.003769923723572548,128,10,0.0002,500,96,256,0.25,4,2,32,0.0001,"{'model__batch_size': 128, 'model__callbacks__early_stopping__patience': 10, 'model__lr': 0.0002, 'model__max_epochs': 500, 'model__module__d_model': 96, 'model__module__dim_feedforward': 256, 'model__module__dropout': 0.25, 'model__module__nhead': 4, 'model__module__num_layers': 2, 'model__module__patch_size': 32, 'model__optimizer__weight_decay': 0.0001}",0.8061538461538462,0.6938775510204082,0.8310445276737412,0.38613861386138615,0.5812655086848635,0.6596960094788489,0.16307273380002388,61,0.7541329284750338,0.9180831022585356,0.8106060606060606,0.4291845493562232,0.7908399470899471,0.7405693175571599,0.16497749588244418
254,3.3434993743896486,1.6837201902339645,0.03010835647583008,0.003777442801981195,128,10,0.0002,500,96,256,0.25,4,3,16,0.0001,"{'model__batch_size': 128, 'model__callbacks__early_stopping__patience': 10, 'model__lr': 0.0002, 'model__max_epochs': 500, 'model__module__d_model': 96, 'model__module__dim_feedforward': 256, 'model__module__dropout': 0.25, 'model__module__nhead': 4, 'model__module__num_layers': 3, 'model__module__patch_size': 16, 'model__optimizer__weight_decay': 0.0001}",0.835016835016835,0.5804363461999521,0.7931034482758621,0.39805825242718446,0.563505648750428,0.6340241061340522,0.16076610284643372,206,0.7414634146341463,0.8794794794794796,0.8138444567015996,0.43162393162393164,0.7603055897115443,0.7253433744301402,0.15449511559848889
255,2.2751505851745604,1.0771859162615423,0.029647016525268556,0.0029077109313167516,128,10,0.0002,500,96,256,0.25,4,3,32,0.0001,"{'model__batch_size': 128, 'model__callbacks__early_stopping__patience': 10, 'model__lr': 0.0002, 'model__max_epochs': 500, 'model__module__d_model': 96, 'model__module__dim_feedforward': 256, 'model__module__dropout': 0.25, 'model__module__nhead': 4, 'model__module__num_layers': 3, 'model__module__patch_size': 32, 'model__optimizer__weight_decay': 0.0001}",0.7754455445544555,0.6000000000000001,0.7931034482758621,0.39805825242718446,0.5535714285714286,0.6240357347657861,0.14704936570352323,254,0.7509398496240601,0.9253920587253921,0.7936330187170053,0.43162393162393164,0.7908399470899471,0.7384857611560672,0.16433832883155577
256,2.9793692588806153,1.3061456389560921,0.030102062225341796,0.004697512067244737,128,10,0.0002,500,96,384,0.1,4,2,16,0.0001,"{'model__batch_size': 128, 'model__callbacks__early_stopping__patience': 10, 'model__lr': 0.0002, 'model__max_epochs': 500, 'model__module__d_model': 96, 'model__module__dim_feedforward': 384, 'model__module__dropout': 0.1, 'model__module__nhead': 4, 'model__module__num_layers': 2, 'model__module__patch_size': 16, 'model__optimizer__weight_decay': 0.0001}",0.7754455445544555,0.615,0.7827715355805243,0.39805825242718446,0.5347394540942928,0.6212029573312914,0.1464261961461699,263,0.7429571524966261,0.8901286091474321,0.853990914990266,0.4291845493562232,0.7950089126559715,0.7422540277293038,0.16440686990586054
257,2.067411279678345,0.9297499978482914,0.027796459197998048,0.0025089277002390054,128,10,0.0002,500,96,384,0.1,4,2,32,0.0001,"{'model__batch_size': 128, 'model__callbacks__early_stopping__patience': 10, 'model__lr': 0.0002, 'model__max_epochs': 500, 'model__module__d_model': 96, 'model__module__dim_feedforward': 384, 'model__module__dropout': 0.1, 'model__module__nhead': 4, 'model__module__num_layers': 2, 'model__module__patch_size': 32, 'model__optimizer__weight_decay': 0.0001}",0.8743351063829787,0.6022727272727273,0.7410714285714286,0.41935483870967744,0.5347394540942928,0.634354711006221,0.15884359990286856,203,0.8243404480975739,0.8986645718774549,0.8145179757270438,0.5006778600479717,0.7867086134928958,0.7649818938485881,0.1372421162800605
258,3.02491455078125,1.5718646466149662,0.03136811256408691,0.0034312612333422528,128,10,0.0002,500,96,384,0.1,4,3,16,0.0001,"{'model__batch_size': 128, 'model__callbacks__early_stopping__patience': 10, 'model__lr': 0.0002, 'model__max_epochs': 500, 'model__module__d_model': 96, 'model__module__dim_feedforward': 384, 'model__module__dropout': 0.1, 'model__module__nhead': 4, 'model__module__num_layers': 3, 'model__module__patch_size': 16, 'model__optimizer__weight_decay': 0.0001}",0.8061538461538462,0.5800000000000001,0.7578747628083491,0.39805825242718446,0.6543778801843317,0.6392929483147423,0.14411217391018388,172,0.7131084156337686,0.9048899490404423,0.8324600110314396,0.43162393162393164,0.7149117315637912,0.7193988077786746,0.16128476766249727
259,2.0611348152160645,0.8578036339867803,0.02814488410949707,0.0018584390806030682,128,10,0.0002,500,96,384,0.1,4,3,32,0.0001,"{'model__batch_size': 128, 'model__callbacks__early_stopping__patience': 10, 'model__lr': 0.0002, 'model__max_epochs': 500, 'model__module__d_model': 96, 'model__module__dim_feedforward': 384, 'model__module__dropout': 0.1, 'model__module__nhead': 4, 'model__module__num_layers': 3, 'model__module__patch_size': 32, 'model__optimizer__weight_decay': 0.0001}",0.7754455445544555,0.5886752136752137,0.8310445276737412,0.39805825242718446,0.5709123757904246,0.6328271828242038,0.1552606861322887,212,0.7170345834513718,0.9024357691024358,0.8335417730883725,0.430406852248394,0.7868319691863264,0.7340501894153801,0.16341787050155865
260,2.962311553955078,1.3952785799910359,0.03009347915649414,0.004050309764901678,128,10,0.0002,500,96,384,0.25,4,2,16,0.0001,"{'model__batch_size': 128, 'model__callbacks__early_stopping__patience': 10, 'model__lr': 0.0002, 'model__max_epochs': 500, 'model__module__d_model': 96, 'model__module__dim_feedforward': 384, 'model__module__dropout': 0.25, 'model__module__nhead': 4, 'model__module__num_layers': 2, 'model__module__patch_size': 16, 'model__optimizer__weight_decay': 0.0001}",0.8061538461538462,0.5918367346938775,0.7578747628083491,0.39805825242718446,0.5121533721328313,0.6132153936432176,0.15173315670013848,272,0.7209057398630858,0.8791414700621754,0.8525655704497015,0.430406852248394,0.7950055055782934,0.73560502764033,0.1619709177478267
261,2.126130247116089,0.8291945897638745,0.02829403877258301,0.0024683591417172875,128,10,0.0002,500,96,384,0.25,4,2,32,0.0001,"{'model__batch_size': 128, 'model__callbacks__early_stopping__patience': 10, 'model__lr': 0.0002, 'model__max_epochs': 500, 'model__module__d_model': 96, 'model__module__dim_feedforward': 384, 'model__module__dropout': 0.25, 'model__module__nhead': 4, 'model__module__num_layers': 2, 'model__module__patch_size': 32, 'model__optimizer__weight_decay': 0.0001}",0.8622448979591837,0.6033505789603351,0.7751937984496124,0.39805825242718446,0.5535714285714286,0.6384837912735488,0.16432136233851388,175,0.8145988805970149,0.9263488438481302,0.8523076923076922,0.43162393162393164,0.7888447837150128,0.7627448264183563,0.17192956647452115
262,3.4681011199951173,1.8600877682310923,0.030950593948364257,0.003295820720819284,128,10,0.0002,500,96,384,0.25,4,3,16,0.0001,"{'model__batch_size': 128, 'model__callbacks__early_stopping__patience': 10, 'model__lr': 0.0002, 'model__max_epochs': 500, 'model__module__d_model': 96, 'model__module__dim_feedforward': 384, 'model__module__dropout': 0.25, 'model__module__nhead': 4, 'model__module__num_layers': 3, 'model__module__patch_size': 16, 'model__optimizer__weight_decay': 0.0001}",0.8061538461538462,0.5800000000000001,0.7578747628083491,0.3673469387755102,0.6666666666666667,0.6356084428808744,0.15495543510015022,197,0.7056561859193438,0.9221551724137931,0.831027049579306,0.42795698924731185,0.7312454212454212,0.7236081636810351,0.16658328240075743
263,1.9611414432525636,0.967747482194026,0.02890639305114746,0.0031465287416309303,128,10,0.0002,500,96,384,0.25,4,3,32,0.0001,"{'model__batch_size': 128, 'model__callbacks__early_stopping__patience': 10, 'model__lr': 0.0002, 'model__max_epochs': 500, 'model__module__d_model': 96, 'model__module__dim_feedforward': 384, 'model__module__dropout': 0.25, 'model__module__nhead': 4, 'model__module__num_layers': 3, 'model__module__patch_size': 32, 'model__optimizer__weight_decay': 0.0001}",0.7754455445544555,0.6388028895768834,0.8017094017094017,0.447415329768271,0.6160794941282746,0.6558905319474573,0.12719698109293953,81,0.7131084156337686,0.8729064039408867,0.8295454545454546,0.4780701754385965,0.7219780219780221,0.7231216943073456,0.13704984248024163
264,2.6006467819213865,1.203833146114801,0.029035520553588868,0.003367010775620302,128,10,0.0002,500,128,128,0.1,4,2,16,0.0001,"{'model__batch_size': 128, 'model__callbacks__early_stopping__patience': 10, 'model__lr': 0.0002, 'model__max_epochs': 500, 'model__module__d_model': 128, 'model__module__dim_feedforward': 128, 'model__module__dropout': 0.1, 'model__module__nhead': 4, 'model__module__num_layers': 2, 'model__module__patch_size': 16, 'model__optimizer__weight_decay': 0.0001}",0.8432278706007821,0.5918367346938775,0.894927536231884,0.39805825242718446,0.6031746031746031,0.6662449994256663,0.18169052553108242,40,0.7710630245186769,0.9011157482326888,0.843053671769037,0.43162393162393164,0.7462285347456268,0.7386169821779923,0.16289155017163204
265,1.8360748291015625,0.7169897913053688,0.029752826690673827,0.004502295532662804,128,10,0.0002,500,128,128,0.1,4,2,32,0.0001,"{'model__batch_size': 128, 'model__callbacks__early_stopping__patience': 10, 'model__lr': 0.0002, 'model__max_epochs': 500, 'model__module__d_model': 128, 'model__module__dim_feedforward': 128, 'model__module__dropout': 0.1, 'model__module__nhead': 4, 'model__module__num_layers': 2, 'model__module__patch_size': 32, 'model__optimizer__weight_decay': 0.0001}",0.8880199075719872,0.5918367346938775,0.7931034482758621,0.4238383838383838,0.503968253968254,0.6401533456696729,0.1746451277342142,168,0.812412711167231,0.9011157482326888,0.7840345544712846,0.48200165230732916,0.7844929674028214,0.7528115267162709,0.14203029432561257
266,3.304700565338135,1.499664226436432,0.03087582588195801,0.003429544554924314,128,10,0.0002,500,128,128,0.1,4,3,16,0.0001,"{'model__batch_size': 128, 'model__callbacks__early_stopping__patience': 10, 'model__lr': 0.0002, 'model__max_epochs': 500, 'model__module__d_model': 128, 'model__module__dim_feedforward': 128, 'model__module__dropout': 0.1, 'model__module__nhead': 4, 'model__module__num_layers': 3, 'model__module__patch_size': 16, 'model__optimizer__weight_decay': 0.0001}",0.9581117021276595,0.5918367346938775,0.8512820512820514,0.7361702127659575,0.5738636363636364,0.7422528674466364,0.14798604276258617,1,0.8474211103062722,0.8949938949938949,0.8470622564753943,0.5617559523809524,0.7603055897115443,0.7823077607736117,0.11853965881778389
267,1.8174496173858643,0.8810016055343795,0.02765827178955078,0.0029511133034458986,128,10,0.0002,500,128,128,0.1,4,3,32,0.0001,"{'model__batch_size': 128, 'model__callbacks__early_stopping__patience': 10, 'model__lr': 0.0002, 'model__max_epochs': 500, 'model__module__d_model': 128, 'model__module__dim_feedforward': 128, 'model__module__dropout': 0.1, 'model__module__nhead': 4, 'model__module__num_layers': 3, 'model__module__patch_size': 32, 'model__optimizer__weight_decay': 0.0001}",0.8061538461538462,0.5918367346938775,0.8310445276737412,0.447415329768271,0.6048009367681498,0.6562502750115771,0.14382787236252292,78,0.7317813765182186,0.9060471692050639,0.8045366795366795,0.44358519269776875,0.7400684931506849,0.7252037822216831,0.15399434636062725
268,2.843360757827759,1.3298363096777186,0.030652618408203124,0.00236122157705507,128,10,0.0002,500,128,128,0.25,4,2,16,0.0001,"{'model__batch_size': 128, 'model__callbacks__early_stopping__patience': 10, 'model__lr': 0.0002, 'model__max_epochs': 500, 'model__module__d_model': 128, 'model__module__dim_feedforward': 128, 'model__module__dropout': 0.25, 'model__module__nhead': 4, 'model__module__num_layers': 2, 'model__module__patch_size': 16, 'model__optimizer__weight_decay': 0.0001}",0.8622448979591837,0.6033505789603351,0.8512820512820514,0.39805825242718446,0.6160794941282746,0.6662030549514059,0.17381086231947487,41,0.7737804878048781,0.8866408620148551,0.8603833425261996,0.43162393162393164,0.7325985203080175,0.7370054288555764,0.16262998314799945
269,1.8545506477355957,0.7668342909452109,0.028641414642333985,0.002519481628355798,128,10,0.0002,500,128,128,0.25,4,2,32,0.0001,"{'model__batch_size': 128, 'model__callbacks__early_stopping__patience': 10, 'model__lr': 0.0002, 'model__max_epochs': 500, 'model__module__d_model': 128, 'model__module__dim_feedforward': 128, 'model__module__dropout': 0.25, 'model__module__nhead': 4, 'model__module__num_layers': 2, 'model__module__patch_size': 32, 'model__optimizer__weight_decay': 0.0001}",0.8061538461538462,0.6033505789603351,0.8116883116883117,0.39805825242718446,0.4608010955152345,0.6160104169489824,0.17099573862348805,268,0.7396189336978811,0.8887931034482759,0.8270758685153451,0.43162393162393164,0.7649890221246411,0.730420171882015,0.15810320993766971
270,3.6495523929595945,1.9350994746029793,0.03027968406677246,0.0042267467846233715,128,10,0.0002,500,128,128,0.25,4,3,16,0.0001,"{'model__batch_size': 128, 'model__callbacks__early_stopping__patience': 10, 'model__lr': 0.0002, 'model__max_epochs': 500, 'model__module__d_model': 128, 'model__module__dim_feedforward': 128, 'model__module__dropout': 0.25, 'model__module__nhead': 4, 'model__module__num_layers': 3, 'model__module__patch_size': 16, 'model__optimizer__weight_decay': 0.0001}",0.835016835016835,0.615,0.8512820512820514,0.39237749546279493,0.5121533721328313,0.6411659507789025,0.17941657612279038,161,0.7763982642237223,0.9622136206716183,0.8246153846153846,0.43924719684702573,0.7798085291557877,0.7564565991027077,0.17236377780257775
271,2.074336814880371,0.9487768363370603,0.028728961944580078,0.0033206844247530725,128,10,0.0002,500,128,128,0.25,4,3,32,0.0001,"{'model__batch_size': 128, 'model__callbacks__early_stopping__patience': 10, 'model__lr': 0.0002, 'model__max_epochs': 500, 'model__module__d_model': 128, 'model__module__dim_feedforward': 128, 'model__module__dropout': 0.25, 'model__module__nhead': 4, 'model__module__num_layers': 3, 'model__module__patch_size': 32, 'model__optimizer__weight_decay': 0.0001}",0.8061538461538462,0.568859324956886,0.8310445276737412,0.39805825242718446,0.6366486178398404,0.6481529138102996,0.15961253005598863,123,0.7170345834513718,0.9514175122920807,0.7896868671132575,0.42795698924731185,0.7867406347401643,0.7345673173688372,0.17152347764502424
272,2.5964645862579347,1.2287646789916424,0.030431413650512697,0.0028907431919204096,128,10,0.0002,500,128,256,0.1,4,2,16,0.0001,"{'model__batch_size': 128, 'model__callbacks__early_stopping__patience': 10, 'model__lr': 0.0002, 'model__max_epochs': 500, 'model__module__d_model': 128, 'model__module__dim_feedforward': 256, 'model__module__dropout': 0.1, 'model__module__nhead': 4, 'model__module__num_layers': 2, 'model__module__patch_size': 16, 'model__optimizer__weight_decay': 0.0001}",0.8622448979591837,0.5918367346938775,0.8725274725274725,0.39805825242718446,0.584717607973422,0.661876993116228,0.18164826353234495,54,0.7764844804318489,0.9121028873179458,0.8471229386368462,0.43162393162393164,0.7319302765254607,0.7398529029072065,0.16588348737231962
273,1.8871878147125245,0.7263533943483748,0.028616619110107423,0.0036261603485026185,128,10,0.0002,500,128,256,0.1,4,2,32,0.0001,"{'model__batch_size': 128, 'model__callbacks__early_stopping__patience': 10, 'model__lr': 0.0002, 'model__max_epochs': 500, 'model__module__d_model': 128, 'model__module__dim_feedforward': 256, 'model__module__dropout': 0.1, 'model__module__nhead': 4, 'model__module__num_layers': 2, 'model__module__patch_size': 32, 'model__optimizer__weight_decay': 0.0001}",0.835016835016835,0.5578231292517006,0.8512820512820514,0.39805825242718446,0.5347394540942928,0.6353839444144128,0.1782883962107612,198,0.7870459659273545,0.9190291871534679,0.8375681223016491,0.43162393162393164,0.7991450381679389,0.7548824490348685,0.16808974382331007
274,3.2405763149261473,1.3577500589630773,0.030538272857666016,0.00279826566928859,128,10,0.0002,500,128,256,0.1,4,3,16,0.0001,"{'model__batch_size': 128, 'model__callbacks__early_stopping__patience': 10, 'model__lr': 0.0002, 'model__max_epochs': 500, 'model__module__d_model': 128, 'model__module__dim_feedforward': 256, 'model__module__dropout': 0.1, 'model__module__nhead': 4, 'model__module__num_layers': 3, 'model__module__patch_size': 16, 'model__optimizer__weight_decay': 0.0001}",0.825,0.5918367346938775,0.7247170500182549,0.48333333333333334,0.5535714285714286,0.6356917093233789,0.12299854816183826,195,0.7853827160493827,0.9060471692050639,0.7859211252068394,0.43162393162393164,0.7886382623224728,0.7395226408815381,0.16074846425859726
275,2.2009910106658936,0.7341844893321903,0.028467512130737303,0.0015088955922763837,128,10,0.0002,500,128,256,0.1,4,3,32,0.0001,"{'model__batch_size': 128, 'model__callbacks__early_stopping__patience': 10, 'model__lr': 0.0002, 'model__max_epochs': 500, 'model__module__d_model': 128, 'model__module__dim_feedforward': 256, 'model__module__dropout': 0.1, 'model__module__nhead': 4, 'model__module__num_layers': 3, 'model__module__patch_size': 32, 'model__optimizer__weight_decay': 0.0001}",0.86875,0.6026831785345717,0.7247170500182549,0.38,0.6086956521739131,0.636969176145348,0.1608913415661049,186,0.7853827160493827,0.8887931034482759,0.8067219554779572,0.42795698924731185,0.9057691176758865,0.7629247763797629,0.17370855590150086
276,2.363237905502319,1.2867868531247892,0.029486417770385742,0.003256506652022679,128,10,0.0002,500,128,256,0.25,4,2,16,0.0001,"{'model__batch_size': 128, 'model__callbacks__early_stopping__patience': 10, 'model__lr': 0.0002, 'model__max_epochs': 500, 'model__module__d_model': 128, 'model__module__dim_feedforward': 256, 'model__module__dropout': 0.25, 'model__module__nhead': 4, 'model__module__num_layers': 2, 'model__module__patch_size': 16, 'model__optimizer__weight_decay': 0.0001}",0.7426470588235294,0.6268088347296268,0.8644226273959794,0.39805825242718446,0.6277915632754343,0.6519456673303509,0.15430314418030158,98,0.6692588325652842,0.9071608492263403,0.843053671769037,0.43162393162393164,0.7111872146118722,0.7124568999592931,0.16474221432214642
277,1.8848700523376465,0.7342844429227972,0.02806124687194824,0.003061702144827696,128,10,0.0002,500,128,256,0.25,4,2,32,0.0001,"{'model__batch_size': 128, 'model__callbacks__early_stopping__patience': 10, 'model__lr': 0.0002, 'model__max_epochs': 500, 'model__module__d_model': 128, 'model__module__dim_feedforward': 256, 'model__module__dropout': 0.25, 'model__module__nhead': 4, 'model__module__num_layers': 2, 'model__module__patch_size': 32, 'model__optimizer__weight_decay': 0.0001}",0.8061538461538462,0.5578231292517006,0.7751937984496124,0.39805825242718446,0.5347394540942928,0.6143936960753273,0.15425607252648116,270,0.8084250014653875,0.9248564533577432,0.8240298744077081,0.43162393162393164,0.7991450381679389,0.7576160598045418,0.16909004479170237
278,3.0048826694488526,1.585851362520572,0.030695343017578126,0.003550614124931606,128,10,0.0002,500,128,256,0.25,4,3,16,0.0001,"{'model__batch_size': 128, 'model__callbacks__early_stopping__patience': 10, 'model__lr': 0.0002, 'model__max_epochs': 500, 'model__module__d_model': 128, 'model__module__dim_feedforward': 256, 'model__module__dropout': 0.25, 'model__module__nhead': 4, 'model__module__num_layers': 3, 'model__module__patch_size': 16, 'model__optimizer__weight_decay': 0.0001}",0.8061538461538462,0.615,0.8512820512820514,0.4928971157985364,0.5535714285714286,0.6637808883611725,0.14082166667740267,46,0.7090196078431372,0.9463260381126737,0.836423118865867,0.47730730223123735,0.792962356792144,0.7524076847690119,0.15739780687459376
279,2.2727139949798585,1.0395083258708413,0.028491830825805663,0.003338396984928617,128,10,0.0002,500,128,256,0.25,4,3,32,0.0001,"{'model__batch_size': 128, 'model__callbacks__early_stopping__patience': 10, 'model__lr': 0.0002, 'model__max_epochs': 500, 'model__module__d_model': 128, 'model__module__dim_feedforward': 256, 'model__module__dropout': 0.25, 'model__module__nhead': 4, 'model__module__num_layers': 3, 'model__module__patch_size': 32, 'model__optimizer__weight_decay': 0.0001}",0.835016835016835,0.5304437564499485,0.7751937984496124,0.39805825242718446,0.5939013964092335,0.6265228077505627,0.16004013027799074,243,0.804138950480414,0.9457070707070707,0.8942780775975077,0.43162393162393164,0.7969828277965014,0.7745461716410851,0.1803366748447393
280,3.404038667678833,1.22123827829057,0.030847501754760743,0.004695179809290966,128,10,0.0002,500,128,384,0.1,4,2,16,0.0001,"{'model__batch_size': 128, 'model__callbacks__early_stopping__patience': 10, 'model__lr': 0.0002, 'model__max_epochs': 500, 'model__module__d_model': 128, 'model__module__dim_feedforward': 384, 'model__module__dropout': 0.1, 'model__module__nhead': 4, 'model__module__num_layers': 2, 'model__module__patch_size': 16, 'model__optimizer__weight_decay': 0.0001}",0.8743351063829787,0.6268088347296268,0.7931034482758621,0.39805825242718446,0.6048009367681498,0.6594213157167603,0.16517654830441833,62,0.7917648907747918,0.9141216609802779,0.8200757575757576,0.43162393162393164,0.9223449969306323,0.7759862475770782,0.17959985026169067
281,2.0569149017333985,0.7085980386261153,0.026629304885864256,0.0023116653140879758,128,10,0.0002,500,128,384,0.1,4,2,32,0.0001,"{'model__batch_size': 128, 'model__callbacks__early_stopping__patience': 10, 'model__lr': 0.0002, 'model__max_epochs': 500, 'model__module__d_model': 128, 'model__module__dim_feedforward': 384, 'model__module__dropout': 0.1, 'model__module__nhead': 4, 'model__module__num_layers': 2, 'model__module__patch_size': 32, 'model__optimizer__weight_decay': 0.0001}",0.8880199075719872,0.6033505789603351,0.8512820512820514,0.39805825242718446,0.613716454323665,0.6708854489130446,0.17997457544198717,30,0.816869918699187,0.8874050798638387,0.8566777549720432,0.43162393162393164,0.9049116768539949,0.779497672402599,0.17648924644836764
282,3.2949442863464355,1.7341160977345906,0.0335993766784668,0.0020395437771713676,128,10,0.0002,500,128,384,0.1,4,3,16,0.0001,"{'model__batch_size': 128, 'model__callbacks__early_stopping__patience': 10, 'model__lr': 0.0002, 'model__max_epochs': 500, 'model__module__d_model': 128, 'model__module__dim_feedforward': 384, 'model__module__dropout': 0.1, 'model__module__nhead': 4, 'model__module__num_layers': 3, 'model__module__patch_size': 16, 'model__optimizer__weight_decay': 0.0001}",0.7878787878787878,0.6268088347296268,0.7578747628083491,0.39805825242718446,0.6366486178398404,0.6414538511367576,0.1374576844109827,159,0.7094110817261176,0.9239898989898989,0.8255783500654736,0.43162393162393164,0.7237602141448295,0.7228726953100502,0.164926908788954
283,1.9399074554443358,0.8373048898087486,0.029363346099853516,0.002328452585752723,128,10,0.0002,500,128,384,0.1,4,3,32,0.0001,"{'model__batch_size': 128, 'model__callbacks__early_stopping__patience': 10, 'model__lr': 0.0002, 'model__max_epochs': 500, 'model__module__d_model': 128, 'model__module__dim_feedforward': 384, 'model__module__dropout': 0.1, 'model__module__nhead': 4, 'model__module__num_layers': 3, 'model__module__patch_size': 32, 'model__optimizer__weight_decay': 0.0001}",0.8061538461538462,0.577538703752296,0.8116883116883117,0.39805825242718446,0.544,0.6274878228043277,0.15997151422597136,238,0.7170345834513718,0.9263488438481302,0.8417677881963597,0.475443703634144,0.8052584670231729,0.7531706772306357,0.15426688072728453
284,2.5911396026611326,1.306805052304603,0.032196426391601564,0.003473009280659173,128,10,0.0002,500,128,384,0.25,4,2,16,0.0001,"{'model__batch_size': 128, 'model__callbacks__early_stopping__patience': 10, 'model__lr': 0.0002, 'model__max_epochs': 500, 'model__module__d_model': 128, 'model__module__dim_feedforward': 384, 'model__module__dropout': 0.25, 'model__module__nhead': 4, 'model__module__num_layers': 2, 'model__module__patch_size': 16, 'model__optimizer__weight_decay': 0.0001}",0.8061538461538462,0.6268088347296268,0.8793175197669579,0.39805825242718446,0.563505648750428,0.6547688203656087,0.1722501596034311,86,0.7492595030442653,0.9281537176274017,0.8255783500654736,0.43162393162393164,0.7803819444444444,0.7429994893611035,0.1670285784862138
285,1.5845529556274414,0.7451493211177307,0.028340768814086915,0.0042349988672356,128,10,0.0002,500,128,384,0.25,4,2,32,0.0001,"{'model__batch_size': 128, 'model__callbacks__early_stopping__patience': 10, 'model__lr': 0.0002, 'model__max_epochs': 500, 'model__module__d_model': 128, 'model__module__dim_feedforward': 384, 'model__module__dropout': 0.25, 'model__module__nhead': 4, 'model__module__num_layers': 2, 'model__module__patch_size': 32, 'model__optimizer__weight_decay': 0.0001}",0.8163265306122449,0.5557248032495558,0.8116883116883117,0.39805825242718446,0.544,0.6251595795954594,0.16390292821370236,249,0.7723776992069675,0.7491466517718612,0.8390151515151515,0.43162393162393164,0.8033142389525368,0.7190955346140897,0.14687102226784415
286,3.208307456970215,1.5381848520709769,0.033385705947875974,0.0034739603587559506,128,10,0.0002,500,128,384,0.25,4,3,16,0.0001,"{'model__batch_size': 128, 'model__callbacks__early_stopping__patience': 10, 'model__lr': 0.0002, 'model__max_epochs': 500, 'model__module__d_model': 128, 'model__module__dim_feedforward': 384, 'model__module__dropout': 0.25, 'model__module__nhead': 4, 'model__module__num_layers': 3, 'model__module__patch_size': 16, 'model__optimizer__weight_decay': 0.0001}",0.8061538461538462,0.6033505789603351,0.7247170500182549,0.39805825242718446,0.6160794941282746,0.629671844337579,0.13762405679303702,233,0.7131084156337686,0.866551724137931,0.7729106232513432,0.43162393162393164,0.730441400304414,0.7029272189902778,0.1456961332575775
287,2.1462618827819826,0.8425061335285365,0.028844594955444336,0.0025885578606020697,128,10,0.0002,500,128,384,0.25,4,3,32,0.0001,"{'model__batch_size': 128, 'model__callbacks__early_stopping__patience': 10, 'model__lr': 0.0002, 'model__max_epochs': 500, 'model__module__d_model': 128, 'model__module__dim_feedforward': 384, 'model__module__dropout': 0.25, 'model__module__nhead': 4, 'model__module__num_layers': 3, 'model__module__patch_size': 32, 'model__optimizer__weight_decay': 0.0001}",0.8502546689303905,0.5912668189895913,0.8116883116883117,0.39805825242718446,0.544,0.6390536104070955,0.16959136538225314,173,0.7757692307692308,0.9150178967478425,0.836423118865867,0.4450329000160488,0.7991450381679389,0.7542776369133855,0.1616741110613316
