,mean_fit_time,std_fit_time,mean_score_time,std_score_time,param_model__batch_size,param_model__callbacks__early_stopping__patience,param_model__lr,param_model__max_epochs,param_model__module__d_model,param_model__module__dim_feedforward,param_model__module__dropout,param_model__module__nhead,param_model__module__num_layers,param_model__module__patch_size,param_model__optimizer__weight_decay,params,split0_test_score,split1_test_score,split2_test_score,split3_test_score,split4_test_score,mean_test_score,std_test_score,rank_test_score,split0_train_score,split1_train_score,split2_train_score,split3_train_score,split4_train_score,mean_train_score,std_train_score
0,12.728383445739746,5.488241697187847,0.05596451759338379,0.009306355894009685,64,10,3e-05,500,96,128,0.1,4,2,16,0.0001,"{'model__batch_size': 64, 'model__callbacks__early_stopping__patience': 10, 'model__lr': 3e-05, 'model__max_epochs': 500, 'model__module__d_model': 96, 'model__module__dim_feedforward': 128, 'model__module__dropout': 0.1, 'model__module__nhead': 4, 'model__module__num_layers': 2, 'model__module__patch_size': 16, 'model__optimizer__weight_decay': 0.0001}",0.7904761904761906,0.8934679001962433,0.7693452380952381,0.40404040404040403,0.7173308619091752,0.7149321189434502,0.16565152086853183,119,0.8501291989664084,0.908511496571198,0.8918985776128634,0.4300847457627119,0.9328483816672792,0.8026944801160921,0.1882459650340346
1,9.763094234466553,4.108749375631136,0.047250556945800784,0.006666668801929479,64,10,3e-05,500,96,128,0.1,4,2,32,0.0001,"{'model__batch_size': 64, 'model__callbacks__early_stopping__patience': 10, 'model__lr': 3e-05, 'model__max_epochs': 500, 'model__module__d_model': 96, 'model__module__dim_feedforward': 128, 'model__module__dropout': 0.1, 'model__module__nhead': 4, 'model__module__num_layers': 2, 'model__module__patch_size': 32, 'model__optimizer__weight_decay': 0.0001}",0.8446170921198668,0.8934679001962433,0.6449026345933562,0.5076092292587138,0.7095238095238096,0.720024133138398,0.13890985097454636,106,0.8832290980908493,0.8219747340425532,0.9244800908510185,0.4300847457627119,0.9691733374384237,0.8057884012371114,0.19400755150076932
2,11.445623922348023,4.97564125690396,0.0470466136932373,0.00546844455092684,64,10,3e-05,500,96,128,0.1,4,3,16,0.0001,"{'model__batch_size': 64, 'model__callbacks__early_stopping__patience': 10, 'model__lr': 3e-05, 'model__max_epochs': 500, 'model__module__d_model': 96, 'model__module__dim_feedforward': 128, 'model__module__dropout': 0.1, 'model__module__nhead': 4, 'model__module__num_layers': 3, 'model__module__patch_size': 16, 'model__optimizer__weight_decay': 0.0001}",0.6354166666666667,0.9169398907103825,0.7080062794348508,0.3979591836734694,0.7458333333333333,0.6808310707637405,0.1689912030654755,252,0.8574731457800512,0.9170711641299877,0.9012987012987013,0.42398286937901497,0.9150087537800413,0.8029669268735592,0.1907050757229712
3,10.154762363433838,4.270197650721391,0.04792122840881348,0.007968738634055866,64,10,3e-05,500,96,128,0.1,4,3,32,0.0001,"{'model__batch_size': 64, 'model__callbacks__early_stopping__patience': 10, 'model__lr': 3e-05, 'model__max_epochs': 500, 'model__module__d_model': 96, 'model__module__dim_feedforward': 128, 'model__module__dropout': 0.1, 'model__module__nhead': 4, 'model__module__num_layers': 3, 'model__module__patch_size': 32, 'model__optimizer__weight_decay': 0.0001}",0.7454545454545454,0.8986936816848841,0.6593406593406593,0.5949656750572082,0.7095238095238096,0.7215956742122213,0.1019701166690099,100,0.8663212435233161,0.8848071808510638,0.9339200794946412,0.517801494718844,0.9376750700280112,0.8281050137231754,0.15758573239127466
4,10.925105810165405,4.042093100048357,0.04833264350891113,0.007024056219945641,64,10,3e-05,500,96,128,0.25,4,2,16,0.0001,"{'model__batch_size': 64, 'model__callbacks__early_stopping__patience': 10, 'model__lr': 3e-05, 'model__max_epochs': 500, 'model__module__d_model': 96, 'model__module__dim_feedforward': 128, 'model__module__dropout': 0.25, 'model__module__nhead': 4, 'model__module__num_layers': 2, 'model__module__patch_size': 16, 'model__optimizer__weight_decay': 0.0001}",0.6875,0.9169398907103825,0.7074410163339383,0.40404040404040403,0.7550200803212852,0.694188278281202,0.1659668316489526,220,0.8345435362750574,0.7964858670741024,0.876217067583047,0.4402087040443948,0.8864635010630758,0.7667837352079354,0.16638735459606388
5,10.453534698486328,4.158938319984543,0.048293781280517575,0.0070404569719447795,64,10,3e-05,500,96,128,0.25,4,2,32,0.0001,"{'model__batch_size': 64, 'model__callbacks__early_stopping__patience': 10, 'model__lr': 3e-05, 'model__max_epochs': 500, 'model__module__d_model': 96, 'model__module__dim_feedforward': 128, 'model__module__dropout': 0.25, 'model__module__nhead': 4, 'model__module__num_layers': 2, 'model__module__patch_size': 32, 'model__optimizer__weight_decay': 0.0001}",0.7819314641744548,0.9169398907103825,0.7244444444444444,0.45816326530612245,0.7511655011655012,0.726528913160181,0.14963770277374075,87,0.8857119845360825,0.8593488372093023,0.9907894736842104,0.4596891319798523,0.9335630203847258,0.8258204895588346,0.18846035707359546
6,11.232844161987305,4.453100431833019,0.04699950218200684,0.005770510485512118,64,10,3e-05,500,96,128,0.25,4,3,16,0.0001,"{'model__batch_size': 64, 'model__callbacks__early_stopping__patience': 10, 'model__lr': 3e-05, 'model__max_epochs': 500, 'model__module__d_model': 96, 'model__module__dim_feedforward': 128, 'model__module__dropout': 0.25, 'model__module__nhead': 4, 'model__module__num_layers': 3, 'model__module__patch_size': 16, 'model__optimizer__weight_decay': 0.0001}",0.6428571428571428,0.8986936816848841,0.7080062794348508,0.3979591836734694,0.6588166028848985,0.6612665781070491,0.16014488617610148,283,0.8337628865979381,0.8655655847897061,0.9244800908510185,0.44592324999207783,0.8710144927536232,0.7881492609968728,0.17357723032768152
7,9.95027985572815,4.016771857641058,0.046908998489379884,0.008200115362953758,64,10,3e-05,500,96,128,0.25,4,3,32,0.0001,"{'model__batch_size': 64, 'model__callbacks__early_stopping__patience': 10, 'model__lr': 3e-05, 'model__max_epochs': 500, 'model__module__d_model': 96, 'model__module__dim_feedforward': 128, 'model__module__dropout': 0.25, 'model__module__nhead': 4, 'model__module__num_layers': 3, 'model__module__patch_size': 32, 'model__optimizer__weight_decay': 0.0001}",0.7306895531222255,0.8581711543588376,0.69,0.5076092292587138,0.7095238095238096,0.6991987492527173,0.11239365137099248,194,0.8766042247907533,0.908511496571198,0.9447368421052631,0.4809791216702664,0.9159716758457908,0.8253606721966543,0.17355093635238175
8,10.391693210601806,4.359612063406996,0.04442138671875,0.005792543387539584,64,10,3e-05,500,96,256,0.1,4,2,16,0.0001,"{'model__batch_size': 64, 'model__callbacks__early_stopping__patience': 10, 'model__lr': 3e-05, 'model__max_epochs': 500, 'model__module__d_model': 96, 'model__module__dim_feedforward': 256, 'model__module__dropout': 0.1, 'model__module__nhead': 4, 'model__module__num_layers': 2, 'model__module__patch_size': 16, 'model__optimizer__weight_decay': 0.0001}",0.7454545454545454,0.8934679001962433,0.7395952653684612,0.40404040404040403,0.7324561403508771,0.7030028510821063,0.16103672069584526,173,0.8238689257121579,0.8485966869796584,0.876217067583047,0.46548596112311014,0.9216625916870416,0.7871662466170031,0.1640843120369948
9,8.34401502609253,3.8790647082784306,0.04945273399353027,0.017299759416815122,64,10,3e-05,500,96,256,0.1,4,2,32,0.0001,"{'model__batch_size': 64, 'model__callbacks__early_stopping__patience': 10, 'model__lr': 3e-05, 'model__max_epochs': 500, 'model__module__d_model': 96, 'model__module__dim_feedforward': 256, 'model__module__dropout': 0.1, 'model__module__nhead': 4, 'model__module__num_layers': 2, 'model__module__patch_size': 32, 'model__optimizer__weight_decay': 0.0001}",0.6738117427772601,0.8581711543588376,0.8246464646464646,0.7358567358567358,0.7396341463414634,0.7664240487961522,0.06638746840568953,20,0.7844611528822054,0.9597186700767264,0.9528000567818866,0.582744972186564,0.936256565335031,0.8431962834524829,0.1452827387406752
10,11.07917242050171,4.470615532700957,0.045200347900390625,0.0064863814348331975,64,10,3e-05,500,96,256,0.1,4,3,16,0.0001,"{'model__batch_size': 64, 'model__callbacks__early_stopping__patience': 10, 'model__lr': 3e-05, 'model__max_epochs': 500, 'model__module__d_model': 96, 'model__module__dim_feedforward': 256, 'model__module__dropout': 0.1, 'model__module__nhead': 4, 'model__module__num_layers': 3, 'model__module__patch_size': 16, 'model__optimizer__weight_decay': 0.0001}",0.6606060606060606,0.9169398907103825,0.7080062794348508,0.40404040404040403,0.7024390243902439,0.6784063318363884,0.16367375960094374,260,0.8619980250164582,0.9486803519061584,0.8857388316151202,0.49436090225563906,0.8741314640595217,0.8129819149705796,0.16209184485820674
11,8.073356819152831,3.4314019151080815,0.05004429817199707,0.0034104699898134766,64,10,3e-05,500,96,256,0.1,4,3,32,0.0001,"{'model__batch_size': 64, 'model__callbacks__early_stopping__patience': 10, 'model__lr': 3e-05, 'model__max_epochs': 500, 'model__module__d_model': 96, 'model__module__dim_feedforward': 256, 'model__module__dropout': 0.1, 'model__module__nhead': 4, 'model__module__num_layers': 3, 'model__module__patch_size': 32, 'model__optimizer__weight_decay': 0.0001}",0.7306895531222255,0.8934679001962433,0.7064141196728368,0.5076092292587138,0.7244805781391147,0.7125322760778269,0.12267113406369083,132,0.8485517073861911,0.8952792553191489,0.9294990723562152,0.4444931163954944,0.891215775749674,0.8018077854413447,0.180496280360676
12,10.85855836868286,4.182591092385591,0.04677348136901856,0.003909340911842435,64,10,3e-05,500,96,256,0.25,4,2,16,0.0001,"{'model__batch_size': 64, 'model__callbacks__early_stopping__patience': 10, 'model__lr': 3e-05, 'model__max_epochs': 500, 'model__module__d_model': 96, 'model__module__dim_feedforward': 256, 'model__module__dropout': 0.25, 'model__module__nhead': 4, 'model__module__num_layers': 2, 'model__module__patch_size': 16, 'model__optimizer__weight_decay': 0.0001}",0.6181818181818182,0.9169398907103825,0.7933333333333333,0.45816326530612245,0.7396341463414634,0.705250490774624,0.15645208576769967,164,0.8087855297157622,0.8609507640067912,0.8685265528035586,0.5276494583569711,0.9169000933706817,0.796562479650753,0.13875837721529097
13,8.545225906372071,3.020202046712414,0.04343414306640625,0.005453465174702627,64,10,3e-05,500,96,256,0.25,4,2,32,0.0001,"{'model__batch_size': 64, 'model__callbacks__early_stopping__patience': 10, 'model__lr': 3e-05, 'model__max_epochs': 500, 'model__module__d_model': 96, 'model__module__dim_feedforward': 256, 'model__module__dropout': 0.25, 'model__module__nhead': 4, 'model__module__num_layers': 2, 'model__module__patch_size': 32, 'model__optimizer__weight_decay': 0.0001}",0.7306895531222255,0.8934679001962433,0.6922489499809088,0.40404040404040403,0.7095238095238096,0.6859941233727183,0.15819843130796452,244,0.8513824884792627,0.803125,0.8847237269772481,0.45805860805860804,0.9159716758457908,0.7826522998721819,0.16655129377036443
14,12.138863325119019,5.308565146886595,0.045720672607421874,0.004672460221728525,64,10,3e-05,500,96,256,0.25,4,3,16,0.0001,"{'model__batch_size': 64, 'model__callbacks__early_stopping__patience': 10, 'model__lr': 3e-05, 'model__max_epochs': 500, 'model__module__d_model': 96, 'model__module__dim_feedforward': 256, 'model__module__dropout': 0.25, 'model__module__nhead': 4, 'model__module__num_layers': 3, 'model__module__patch_size': 16, 'model__optimizer__weight_decay': 0.0001}",0.6606060606060606,0.9169398907103825,0.6423076923076922,0.40404040404040403,0.7979524239686842,0.6843692943266447,0.17199323592045287,246,0.8424908424908425,0.8882955145118734,0.8836734693877552,0.4809791216702664,0.9264752163650669,0.8043828328851609,0.1638762179831171
15,7.412288951873779,3.7534820348818028,0.04737448692321777,0.009028046702282475,64,10,3e-05,500,96,256,0.25,4,3,32,0.0001,"{'model__batch_size': 64, 'model__callbacks__early_stopping__patience': 10, 'model__lr': 3e-05, 'model__max_epochs': 500, 'model__module__d_model': 96, 'model__module__dim_feedforward': 256, 'model__module__dropout': 0.25, 'model__module__nhead': 4, 'model__module__num_layers': 3, 'model__module__patch_size': 32, 'model__optimizer__weight_decay': 0.0001}",0.701737135365454,0.9169398907103825,0.7933333333333333,0.3979591836734694,0.6800699300699301,0.6980078946305139,0.17168754464283106,200,0.7266641119852129,0.8609507640067912,0.8918985776128634,0.4288747346072187,0.8961251167133519,0.7609026609850875,0.1771267838340545
16,9.824262619018555,3.8971822915384604,0.044617748260498045,0.005375932256451909,64,10,3e-05,500,96,384,0.1,4,2,16,0.0001,"{'model__batch_size': 64, 'model__callbacks__early_stopping__patience': 10, 'model__lr': 3e-05, 'model__max_epochs': 500, 'model__module__d_model': 96, 'model__module__dim_feedforward': 384, 'model__module__dropout': 0.1, 'model__module__nhead': 4, 'model__module__num_layers': 2, 'model__module__patch_size': 16, 'model__optimizer__weight_decay': 0.0001}",0.7164351851851851,0.88125,0.7420249653259362,0.40404040404040403,0.7706766917293233,0.7028854492561697,0.1596454970426895,174,0.8262626262626263,0.8963389551624845,0.8603465086627166,0.4416361416361416,0.9216625916870416,0.7892493646822021,0.176783020296943
17,7.430571031570435,3.124718857778337,0.04055342674255371,0.003672288608071586,64,10,3e-05,500,96,384,0.1,4,2,32,0.0001,"{'model__batch_size': 64, 'model__callbacks__early_stopping__patience': 10, 'model__lr': 3e-05, 'model__max_epochs': 500, 'model__module__d_model': 96, 'model__module__dim_feedforward': 384, 'model__module__dropout': 0.1, 'model__module__nhead': 4, 'model__module__num_layers': 2, 'model__module__patch_size': 32, 'model__optimizer__weight_decay': 0.0001}",0.7974537037037037,0.9169398907103825,0.7232142857142857,0.40404040404040403,0.7612165010538994,0.7205729570445351,0.17106861386139446,102,0.8634920634920635,0.8684183044758662,0.8952605956471935,0.4300847457627119,0.9486222290640394,0.8011755876883748,0.18799246785668125
18,10.418421745300293,3.9242759325972365,0.045327281951904295,0.007231611786323975,64,10,3e-05,500,96,384,0.1,4,3,16,0.0001,"{'model__batch_size': 64, 'model__callbacks__early_stopping__patience': 10, 'model__lr': 3e-05, 'model__max_epochs': 500, 'model__module__d_model': 96, 'model__module__dim_feedforward': 384, 'model__module__dropout': 0.1, 'model__module__nhead': 4, 'model__module__num_layers': 3, 'model__module__patch_size': 16, 'model__optimizer__weight_decay': 0.0001}",0.689257176679491,0.9169398907103825,0.6743434343434344,0.6338652482269503,0.7173308619091752,0.7263473223738867,0.0990351866569133,88,0.8172175778798858,0.8763203380065296,0.8961601249201505,0.5370051635111875,0.8756505011643212,0.8004707410964149,0.13435489047029936
19,6.578690910339356,3.3168194967972973,0.04320206642150879,0.00750723562688668,64,10,3e-05,500,96,384,0.1,4,3,32,0.0001,"{'model__batch_size': 64, 'model__callbacks__early_stopping__patience': 10, 'model__lr': 3e-05, 'model__max_epochs': 500, 'model__module__d_model': 96, 'model__module__dim_feedforward': 384, 'model__module__dropout': 0.1, 'model__module__nhead': 4, 'model__module__num_layers': 3, 'model__module__patch_size': 32, 'model__optimizer__weight_decay': 0.0001}",0.6693657219973009,0.8934679001962433,0.6530348687042618,0.40404040404040403,0.7612165010538994,0.6762250791984219,0.1606781373423024,265,0.7634641152824466,0.8999979114016583,0.8836734693877552,0.4300847457627119,0.9207762150614207,0.7795992913791985,0.1831277955510947
20,10.18338041305542,3.8550210118155595,0.042179441452026366,0.0034798175733162413,64,10,3e-05,500,96,384,0.25,4,2,16,0.0001,"{'model__batch_size': 64, 'model__callbacks__early_stopping__patience': 10, 'model__lr': 3e-05, 'model__max_epochs': 500, 'model__module__d_model': 96, 'model__module__dim_feedforward': 384, 'model__module__dropout': 0.25, 'model__module__nhead': 4, 'model__module__num_layers': 2, 'model__module__patch_size': 16, 'model__optimizer__weight_decay': 0.0001}",0.6738117427772601,0.8986936816848841,0.759793370641412,0.5076092292587138,0.7550200803212852,0.718985620936711,0.12804639785932606,110,0.8301514154048717,0.9047619047619047,0.8847237269772481,0.5131155955371856,0.9043848480025465,0.8074274981367514,0.14965646917311395
21,8.575449085235595,3.211051337183181,0.04078516960144043,0.003957300510109958,64,10,3e-05,500,96,384,0.25,4,2,32,0.0001,"{'model__batch_size': 64, 'model__callbacks__early_stopping__patience': 10, 'model__lr': 3e-05, 'model__max_epochs': 500, 'model__module__d_model': 96, 'model__module__dim_feedforward': 384, 'model__module__dropout': 0.25, 'model__module__nhead': 4, 'model__module__num_layers': 2, 'model__module__patch_size': 32, 'model__optimizer__weight_decay': 0.0001}",0.7878787878787878,0.9392162090109304,0.6309523809523809,0.7040133779264214,0.7612165010538994,0.764655451364484,0.10254421481164877,21,0.8619980250164582,0.8697674418604651,0.8847237269772481,0.5556504898610162,0.9425525672371639,0.8229384501904702,0.13659166593022729
22,10.999108409881591,4.667071086110548,0.04597649574279785,0.003561317424905497,64,10,3e-05,500,96,384,0.25,4,3,16,0.0001,"{'model__batch_size': 64, 'model__callbacks__early_stopping__patience': 10, 'model__lr': 3e-05, 'model__max_epochs': 500, 'model__module__d_model': 96, 'model__module__dim_feedforward': 384, 'model__module__dropout': 0.25, 'model__module__nhead': 4, 'model__module__num_layers': 3, 'model__module__patch_size': 16, 'model__optimizer__weight_decay': 0.0001}",0.7569444444444444,0.9169398907103825,0.6684491978609626,0.553030303030303,0.7095238095238096,0.7209775291139804,0.11898869709909989,101,0.8589964172216262,0.8450865021515763,0.8617052881758764,0.47519509476031213,0.9032608695652173,0.7888488343749216,0.1580254433230662
23,7.727264356613159,3.356406115244659,0.042610549926757814,0.005412554418647523,64,10,3e-05,500,96,384,0.25,4,3,32,0.0001,"{'model__batch_size': 64, 'model__callbacks__early_stopping__patience': 10, 'model__lr': 3e-05, 'model__max_epochs': 500, 'model__module__d_model': 96, 'model__module__dim_feedforward': 384, 'model__module__dropout': 0.25, 'model__module__nhead': 4, 'model__module__num_layers': 3, 'model__module__patch_size': 32, 'model__optimizer__weight_decay': 0.0001}",0.7164351851851851,0.9392162090109304,0.6743434343434344,0.40404040404040403,0.7612165010538994,0.6990503467267707,0.17290911055353603,195,0.8513824884792627,0.8848071808510638,0.9056001135637732,0.4444931163954944,0.892512077294686,0.7957589953168561,0.17654319593961226
24,10.453632879257203,4.011022143315252,0.04299674034118652,0.0077074359612546535,64,10,3e-05,500,128,128,0.1,4,2,16,0.0001,"{'model__batch_size': 64, 'model__callbacks__early_stopping__patience': 10, 'model__lr': 3e-05, 'model__max_epochs': 500, 'model__module__d_model': 128, 'model__module__dim_feedforward': 128, 'model__module__dropout': 0.1, 'model__module__nhead': 4, 'model__module__num_layers': 2, 'model__module__patch_size': 16, 'model__optimizer__weight_decay': 0.0001}",0.655850540806293,0.8986936816848841,0.6770833333333333,0.5076092292587138,0.7324561403508771,0.6943385850868202,0.12638107383505498,219,0.8307050780009737,0.8848071808510638,0.9150401022073957,0.5096832991569834,0.9437840941716911,0.8168039508776216,0.1580601616818727
25,7.86009030342102,3.0866938339026664,0.04376254081726074,0.004038541121080622,64,10,3e-05,500,128,128,0.1,4,2,32,0.0001,"{'model__batch_size': 64, 'model__callbacks__early_stopping__patience': 10, 'model__lr': 3e-05, 'model__max_epochs': 500, 'model__module__d_model': 128, 'model__module__dim_feedforward': 128, 'model__module__dropout': 0.1, 'model__module__nhead': 4, 'model__module__num_layers': 2, 'model__module__patch_size': 32, 'model__optimizer__weight_decay': 0.0001}",0.8215802888700086,0.8986936816848841,0.6922489499809088,0.7358567358567358,0.7024390243902439,0.7701637361565561,0.0787374492203665,15,0.9159951159951161,0.8973607038123168,0.9770638246503527,0.49090354090354094,0.9080895008605852,0.8378825372443824,0.17568955555937885
26,11.135718631744385,4.494464877757285,0.04567131996154785,0.009346346455655402,64,10,3e-05,500,128,128,0.1,4,3,16,0.0001,"{'model__batch_size': 64, 'model__callbacks__early_stopping__patience': 10, 'model__lr': 3e-05, 'model__max_epochs': 500, 'model__module__d_model': 128, 'model__module__dim_feedforward': 128, 'model__module__dropout': 0.1, 'model__module__nhead': 4, 'model__module__num_layers': 3, 'model__module__patch_size': 16, 'model__optimizer__weight_decay': 0.0001}",0.7173035104069587,0.8934679001962433,0.7361702127659575,0.5076092292587138,0.776829268292683,0.7262760241841113,0.1253014940601086,89,0.844152706185567,0.8882955145118734,0.8918985776128634,0.5203482273966855,0.9794488916256158,0.8248287834665211,0.15843963146725248
27,6.841977119445801,2.7220408440851114,0.04324197769165039,0.00698013903632144,64,10,3e-05,500,128,128,0.1,4,3,32,0.0001,"{'model__batch_size': 64, 'model__callbacks__early_stopping__patience': 10, 'model__lr': 3e-05, 'model__max_epochs': 500, 'model__module__d_model': 128, 'model__module__dim_feedforward': 128, 'model__module__dropout': 0.1, 'model__module__nhead': 4, 'model__module__num_layers': 3, 'model__module__patch_size': 32, 'model__optimizer__weight_decay': 0.0001}",0.8135543060076946,0.833879781420765,0.5866666666666667,0.6338652482269503,0.7612165010538994,0.7258365006751952,0.0984342036979764,90,0.8545425257731959,0.9384164222873901,0.8847237269772481,0.4868860276585598,0.9080895008605852,0.8145316407113959,0.1661204141292558
28,10.588385915756225,4.078241485765807,0.043695688247680664,0.009113527136399914,64,10,3e-05,500,128,128,0.25,4,2,16,0.0001,"{'model__batch_size': 64, 'model__callbacks__early_stopping__patience': 10, 'model__lr': 3e-05, 'model__max_epochs': 500, 'model__module__d_model': 128, 'model__module__dim_feedforward': 128, 'model__module__dropout': 0.25, 'model__module__nhead': 4, 'model__module__num_layers': 2, 'model__module__patch_size': 16, 'model__optimizer__weight_decay': 0.0001}",0.7280799112097669,0.8986936816848841,0.7074410163339383,0.5076092292587138,0.68774465522433,0.7059136987423266,0.12434835926303658,162,0.8619980250164582,0.8973607038123168,0.8824984539270253,0.5029646176332699,0.9159716758457908,0.8121586952469722,0.15560792735513673
29,8.16174087524414,3.1904635417328944,0.041690921783447264,0.004087827340485317,64,10,3e-05,500,128,128,0.25,4,2,32,0.0001,"{'model__batch_size': 64, 'model__callbacks__early_stopping__patience': 10, 'model__lr': 3e-05, 'model__max_epochs': 500, 'model__module__d_model': 128, 'model__module__dim_feedforward': 128, 'model__module__dropout': 0.25, 'model__module__nhead': 4, 'model__module__num_layers': 2, 'model__module__patch_size': 32, 'model__optimizer__weight_decay': 0.0001}",0.7878787878787878,0.9169398907103825,0.6922489499809088,0.40404040404040403,0.7244805781391147,0.7051177221499196,0.16905981312153984,165,0.8857119845360825,0.8768328445747801,0.9583876518746415,0.4444931163954944,0.9419025577117085,0.8214656310185415,0.1910780427810166
30,9.968454122543335,4.106420780672743,0.04625844955444336,0.009014489154965302,64,10,3e-05,500,128,128,0.25,4,3,16,0.0001,"{'model__batch_size': 64, 'model__callbacks__early_stopping__patience': 10, 'model__lr': 3e-05, 'model__max_epochs': 500, 'model__module__d_model': 128, 'model__module__dim_feedforward': 128, 'model__module__dropout': 0.25, 'model__module__nhead': 4, 'model__module__num_layers': 3, 'model__module__patch_size': 16, 'model__optimizer__weight_decay': 0.0001}",0.6875,0.8986936816848841,0.6922489499809088,0.5949656750572082,0.7396341463414634,0.7226084906128929,0.0997425322029982,98,0.8434564284967048,0.8823429541595926,0.8890279516061743,0.5421833211767566,0.9065126050420168,0.8127046520962491,0.13682261028971768
31,7.316831398010254,2.9217220719294805,0.041754961013793945,0.007541598553500082,64,10,3e-05,500,128,128,0.25,4,3,32,0.0001,"{'model__batch_size': 64, 'model__callbacks__early_stopping__patience': 10, 'model__lr': 3e-05, 'model__max_epochs': 500, 'model__module__d_model': 128, 'model__module__dim_feedforward': 128, 'model__module__dropout': 0.25, 'model__module__nhead': 4, 'model__module__num_layers': 3, 'model__module__patch_size': 32, 'model__optimizer__weight_decay': 0.0001}",0.7306895531222255,0.8416666666666667,0.5866666666666667,0.5949656750572082,0.7612165010538994,0.7030410125133333,0.0985790730243185,172,0.8574810606060606,0.924119241192412,0.8847237269772481,0.47266037337515454,0.9177955665024631,0.8113559937306677,0.1710380086144408
32,9.971297216415405,3.670139854434351,0.04318933486938477,0.006012983528614396,64,10,3e-05,500,128,256,0.1,4,2,16,0.0001,"{'model__batch_size': 64, 'model__callbacks__early_stopping__patience': 10, 'model__lr': 3e-05, 'model__max_epochs': 500, 'model__module__d_model': 128, 'model__module__dim_feedforward': 256, 'model__module__dropout': 0.1, 'model__module__nhead': 4, 'model__module__num_layers': 2, 'model__module__patch_size': 16, 'model__optimizer__weight_decay': 0.0001}",0.813034188034188,0.9169398907103825,0.7566718995290425,0.40404040404040403,0.7095238095238096,0.7200420383675653,0.17246780390611405,105,0.923267572122534,0.8351029023746701,0.9768820288192452,0.4809791216702664,0.8972765009618305,0.8227016251897092,0.17684715419237232
33,6.666393709182739,2.577897322354826,0.04051008224487305,0.007173884733213954,64,10,3e-05,500,128,256,0.1,4,2,32,0.0001,"{'model__batch_size': 64, 'model__callbacks__early_stopping__patience': 10, 'model__lr': 3e-05, 'model__max_epochs': 500, 'model__module__d_model': 128, 'model__module__dim_feedforward': 256, 'model__module__dropout': 0.1, 'model__module__nhead': 4, 'model__module__num_layers': 2, 'model__module__patch_size': 32, 'model__optimizer__weight_decay': 0.0001}",0.7721219295649601,0.8986936816848841,0.6174228675136116,0.40404040404040403,0.7458333333333333,0.6876224432274386,0.16758668921012998,239,0.8694411270570613,0.8973607038123168,0.9047823596792669,0.4300847457627119,0.930542492946191,0.8064422858515096,0.18918331967740754
34,9.930745220184326,4.536577477284579,0.04265437126159668,0.006190638909753579,64,10,3e-05,500,128,256,0.1,4,3,16,0.0001,"{'model__batch_size': 64, 'model__callbacks__early_stopping__patience': 10, 'model__lr': 3e-05, 'model__max_epochs': 500, 'model__module__d_model': 128, 'model__module__dim_feedforward': 256, 'model__module__dropout': 0.1, 'model__module__nhead': 4, 'model__module__num_layers': 3, 'model__module__patch_size': 16, 'model__optimizer__weight_decay': 0.0001}",0.703030303030303,0.868663594470046,0.7566718995290425,0.45816326530612245,0.8140243902439024,0.7201106905158833,0.14222001510687865,104,0.8407669519420671,0.9114418604651162,0.9114374331925631,0.43449964002879765,0.9524657290368524,0.8101223229330794,0.19121900465860076
35,6.45872163772583,2.513051125341731,0.03909921646118164,0.006229386129613506,64,10,3e-05,500,128,256,0.1,4,3,32,0.0001,"{'model__batch_size': 64, 'model__callbacks__early_stopping__patience': 10, 'model__lr': 3e-05, 'model__max_epochs': 500, 'model__module__d_model': 128, 'model__module__dim_feedforward': 256, 'model__module__dropout': 0.1, 'model__module__nhead': 4, 'model__module__num_layers': 3, 'model__module__patch_size': 32, 'model__optimizer__weight_decay': 0.0001}",0.7306895531222255,0.9169398907103825,0.6273693943596856,0.40404040404040403,0.6859267734553776,0.6729932031376149,0.16578496463193904,272,0.8604476990929517,0.8870967741935485,0.8995811386556888,0.4444931163954944,0.9102130437362768,0.8003663544147919,0.1787106957059556
36,10.70841908454895,4.295843280292292,0.0456641674041748,0.008099682543165437,64,10,3e-05,500,128,256,0.25,4,2,16,0.0001,"{'model__batch_size': 64, 'model__callbacks__early_stopping__patience': 10, 'model__lr': 3e-05, 'model__max_epochs': 500, 'model__module__d_model': 128, 'model__module__dim_feedforward': 256, 'model__module__dropout': 0.25, 'model__module__nhead': 4, 'model__module__num_layers': 2, 'model__module__patch_size': 16, 'model__optimizer__weight_decay': 0.0001}",0.813034188034188,0.88125,0.662431941923775,0.5076092292587138,0.7095238095238096,0.7147698337480973,0.1288827535566389,122,0.8949938949938949,0.90201174712973,0.9063907657657657,0.46548596112311014,0.9544826018600951,0.824672994174519,0.18081480301917313
37,7.52572021484375,2.938702890367696,0.04973583221435547,0.008337451880964202,64,10,3e-05,500,128,256,0.25,4,2,32,0.0001,"{'model__batch_size': 64, 'model__callbacks__early_stopping__patience': 10, 'model__lr': 3e-05, 'model__max_epochs': 500, 'model__module__d_model': 128, 'model__module__dim_feedforward': 256, 'model__module__dropout': 0.25, 'model__module__nhead': 4, 'model__module__num_layers': 2, 'model__module__patch_size': 32, 'model__optimizer__weight_decay': 0.0001}",0.8215802888700086,0.8986936816848841,0.6242424242424243,0.40404040404040403,0.7306446864880778,0.6958402970651598,0.17230485754955538,209,0.9028055913552097,0.8634146341463416,0.8793782082675808,0.4300847457627119,0.9328483816672792,0.8017063122398247,0.18727665936113547
38,9.795730447769165,4.675129324410729,0.04683012962341308,0.005240129372651138,64,10,3e-05,500,128,256,0.25,4,3,16,0.0001,"{'model__batch_size': 64, 'model__callbacks__early_stopping__patience': 10, 'model__lr': 3e-05, 'model__max_epochs': 500, 'model__module__d_model': 128, 'model__module__dim_feedforward': 256, 'model__module__dropout': 0.25, 'model__module__nhead': 4, 'model__module__num_layers': 3, 'model__module__patch_size': 16, 'model__optimizer__weight_decay': 0.0001}",0.7173035104069587,0.9169398907103825,0.7789661319073083,0.6338652482269503,0.7927092987333951,0.7679568159969989,0.09324822025509093,19,0.8262626262626263,0.8638630319148937,0.8393102312043494,0.5701502077341003,0.9369787568843431,0.8073129708000625,0.1246115691206534
39,7.142434024810791,2.650111725093756,0.04352717399597168,0.007848669847025277,64,10,3e-05,500,128,256,0.25,4,3,32,0.0001,"{'model__batch_size': 64, 'model__callbacks__early_stopping__patience': 10, 'model__lr': 3e-05, 'model__max_epochs': 500, 'model__module__d_model': 128, 'model__module__dim_feedforward': 256, 'model__module__dropout': 0.25, 'model__module__nhead': 4, 'model__module__num_layers': 3, 'model__module__patch_size': 32, 'model__optimizer__weight_decay': 0.0001}",0.7607952780366574,0.8986936816848841,0.6174228675136116,0.7358567358567358,0.7156177156177156,0.7456772557419209,0.09065515745899333,47,0.8497129067154864,0.9076246334310851,0.9535776614310646,0.5528917936727048,0.9020941981747066,0.8331802386850095,0.1439594266765266
40,9.651558637619019,3.7313481232034396,0.04664216041564941,0.006702428760347052,64,10,3e-05,500,128,384,0.1,4,2,16,0.0001,"{'model__batch_size': 64, 'model__callbacks__early_stopping__patience': 10, 'model__lr': 3e-05, 'model__max_epochs': 500, 'model__module__d_model': 128, 'model__module__dim_feedforward': 384, 'model__module__dropout': 0.1, 'model__module__nhead': 4, 'model__module__num_layers': 2, 'model__module__patch_size': 16, 'model__optimizer__weight_decay': 0.0001}",0.7321428571428572,0.88125,0.6922489499809088,0.6338652482269503,0.7706766917293233,0.7420367494160078,0.08304018687390828,55,0.8351929137211481,0.9076246334310851,0.9012987012987013,0.5571105165671949,0.9169000933706817,0.8236253716777624,0.13634747657359125
41,6.893988752365113,2.4507853004272087,0.04314379692077637,0.009720142779389011,64,10,3e-05,500,128,384,0.1,4,2,32,0.0001,"{'model__batch_size': 64, 'model__callbacks__early_stopping__patience': 10, 'model__lr': 3e-05, 'model__max_epochs': 500, 'model__module__d_model': 128, 'model__module__dim_feedforward': 384, 'model__module__dropout': 0.1, 'model__module__nhead': 4, 'model__module__num_layers': 2, 'model__module__patch_size': 32, 'model__optimizer__weight_decay': 0.0001}",0.7173035104069587,0.8581711543588376,0.6593406593406593,0.40404040404040403,0.7612165010538994,0.6800144458401518,0.15252090879150407,254,0.873992673992674,0.9448676385767418,0.9056001135637732,0.44592324999207783,0.9369787568843431,0.821472486601922,0.18944187437072796
42,9.022127819061279,4.195456459624488,0.04659891128540039,0.006056058141657742,64,10,3e-05,500,128,384,0.1,4,3,16,0.0001,"{'model__batch_size': 64, 'model__callbacks__early_stopping__patience': 10, 'model__lr': 3e-05, 'model__max_epochs': 500, 'model__module__d_model': 128, 'model__module__dim_feedforward': 384, 'model__module__dropout': 0.1, 'model__module__nhead': 4, 'model__module__num_layers': 3, 'model__module__patch_size': 16, 'model__optimizer__weight_decay': 0.0001}",0.6303199751475613,0.8934679001962433,0.7244444444444444,0.40404040404040403,0.7090620031796502,0.6722669454016607,0.15919249724117057,275,0.7983048057932851,0.9329554059308679,0.9039364391477067,0.4300847457627119,0.8972765009618305,0.7925115795192805,0.18681671648044748
43,6.450799942016602,2.6486975254217753,0.042581033706665036,0.00867588043619632,64,10,3e-05,500,128,384,0.1,4,3,32,0.0001,"{'model__batch_size': 64, 'model__callbacks__early_stopping__patience': 10, 'model__lr': 3e-05, 'model__max_epochs': 500, 'model__module__d_model': 128, 'model__module__dim_feedforward': 384, 'model__module__dropout': 0.1, 'model__module__nhead': 4, 'model__module__num_layers': 3, 'model__module__patch_size': 32, 'model__optimizer__weight_decay': 0.0001}",0.7454545454545454,0.8934679001962433,0.6743434343434344,0.45816326530612245,0.7550200803212852,0.7052898451243261,0.14249667129366453,163,0.873992673992674,0.9047619047619047,0.903061224489796,0.4763140817650876,0.936256565335031,0.8188772900688985,0.17241128347414847
44,10.013662576675415,4.001162730023103,0.04498281478881836,0.006073683028477922,64,10,3e-05,500,128,384,0.25,4,2,16,0.0001,"{'model__batch_size': 64, 'model__callbacks__early_stopping__patience': 10, 'model__lr': 3e-05, 'model__max_epochs': 500, 'model__module__d_model': 128, 'model__module__dim_feedforward': 384, 'model__module__dropout': 0.25, 'model__module__nhead': 4, 'model__module__num_layers': 2, 'model__module__patch_size': 16, 'model__optimizer__weight_decay': 0.0001}",0.6693657219973009,0.8986936816848841,0.6922489499809088,0.6338652482269503,0.7550200803212852,0.7298387364422658,0.09319547260991565,77,0.8307050780009737,0.9288422751109319,0.8867201362765278,0.5344556324732536,0.9544826018600951,0.8270411447443564,0.15217495428870337
45,7.1284013271331785,2.8455396199634513,0.042763710021972656,0.006460318889291524,64,10,3e-05,500,128,384,0.25,4,2,32,0.0001,"{'model__batch_size': 64, 'model__callbacks__early_stopping__patience': 10, 'model__lr': 3e-05, 'model__max_epochs': 500, 'model__module__d_model': 128, 'model__module__dim_feedforward': 384, 'model__module__dropout': 0.25, 'model__module__nhead': 4, 'model__module__num_layers': 2, 'model__module__patch_size': 32, 'model__optimizer__weight_decay': 0.0001}",0.7306895531222255,0.8754098360655738,0.6743434343434344,0.553030303030303,0.7306446864880778,0.712823562609923,0.10400546953689226,130,0.8680306905370845,0.8963389551624845,0.9004544239508153,0.4444931163954944,0.9431793998723133,0.8104993171836383,0.18457235272890246
46,9.93510160446167,4.557023053470178,0.044416284561157225,0.007438697565116692,64,10,3e-05,500,128,384,0.25,4,3,16,0.0001,"{'model__batch_size': 64, 'model__callbacks__early_stopping__patience': 10, 'model__lr': 3e-05, 'model__max_epochs': 500, 'model__module__d_model': 128, 'model__module__dim_feedforward': 384, 'model__module__dropout': 0.25, 'model__module__nhead': 4, 'model__module__num_layers': 3, 'model__module__patch_size': 16, 'model__optimizer__weight_decay': 0.0001}",0.6063924237940219,0.9169398907103825,0.6383333333333333,0.40404040404040403,0.776829268292683,0.6685070640341649,0.17214172423359997,280,0.8045454545454545,0.9218604651162791,0.8574517231821122,0.4300847457627119,0.9150087537800413,0.7857902284773198,0.18288031897490584
47,7.179486083984375,2.7553879017055327,0.04337368011474609,0.00461268065172401,64,10,3e-05,500,128,384,0.25,4,3,32,0.0001,"{'model__batch_size': 64, 'model__callbacks__early_stopping__patience': 10, 'model__lr': 3e-05, 'model__max_epochs': 500, 'model__module__d_model': 128, 'model__module__dim_feedforward': 384, 'model__module__dropout': 0.25, 'model__module__nhead': 4, 'model__module__num_layers': 3, 'model__module__patch_size': 32, 'model__optimizer__weight_decay': 0.0001}",0.7321428571428572,0.8934679001962433,0.7237076648841354,0.6878306878306878,0.7458333333333333,0.7565964886774514,0.07107463541368657,33,0.838106997550756,0.8763203380065296,0.91870854081651,0.6263119983535708,0.948062558356676,0.8415020866168085,0.11388290657851861
48,4.530100774765015,1.5173860619633224,0.04202699661254883,0.0066905733520976245,64,10,0.0001,500,96,128,0.1,4,2,16,0.0001,"{'model__batch_size': 64, 'model__callbacks__early_stopping__patience': 10, 'model__lr': 0.0001, 'model__max_epochs': 500, 'model__module__d_model': 96, 'model__module__dim_feedforward': 128, 'model__module__dropout': 0.1, 'model__module__nhead': 4, 'model__module__num_layers': 2, 'model__module__patch_size': 16, 'model__optimizer__weight_decay': 0.0001}",0.6606060606060606,0.88125,0.7361702127659575,0.45816326530612245,0.7396341463414634,0.6951647370039208,0.1383117509215433,214,0.8680306905370845,0.9544715447154472,0.9150401022073957,0.45643453870977474,0.9225173634622453,0.8232988479263895,0.18550331914304774
49,3.5995200157165526,1.341440829956652,0.04268980026245117,0.005971747752658739,64,10,0.0001,500,96,128,0.1,4,2,32,0.0001,"{'model__batch_size': 64, 'model__callbacks__early_stopping__patience': 10, 'model__lr': 0.0001, 'model__max_epochs': 500, 'model__module__d_model': 96, 'model__module__dim_feedforward': 128, 'model__module__dropout': 0.1, 'model__module__nhead': 4, 'model__module__num_layers': 2, 'model__module__patch_size': 32, 'model__optimizer__weight_decay': 0.0001}",0.8135543060076946,0.8986936816848841,0.6684491978609626,0.40404040404040403,0.7396341463414634,0.7048743471870818,0.16876810383735585,167,0.8634920634920635,0.9697890025575449,0.9766940613664641,0.4288747346072187,0.9579858379228954,0.8393671399892373,0.20929642513934282
50,4.955923748016358,1.820115213318119,0.04535808563232422,0.006815431948547997,64,10,0.0001,500,96,128,0.1,4,3,16,0.0001,"{'model__batch_size': 64, 'model__callbacks__early_stopping__patience': 10, 'model__lr': 0.0001, 'model__max_epochs': 500, 'model__module__d_model': 96, 'model__module__dim_feedforward': 128, 'model__module__dropout': 0.1, 'model__module__nhead': 4, 'model__module__num_layers': 3, 'model__module__patch_size': 16, 'model__optimizer__weight_decay': 0.0001}",0.6478248002367565,0.8258212375859435,0.6743434343434344,0.5949656750572082,0.7324561403508771,0.695082257514844,0.07896351583635919,215,0.8107266779022504,0.9371675531914894,0.8782653266699618,0.5626704426263898,0.9264752163650669,0.8230610433510316,0.13763553406127937
51,4.102858591079712,1.4890013361777945,0.04035196304321289,0.0064760732044041825,64,10,0.0001,500,96,128,0.1,4,3,32,0.0001,"{'model__batch_size': 64, 'model__callbacks__early_stopping__patience': 10, 'model__lr': 0.0001, 'model__max_epochs': 500, 'model__module__d_model': 96, 'model__module__dim_feedforward': 128, 'model__module__dropout': 0.1, 'model__module__nhead': 4, 'model__module__num_layers': 3, 'model__module__patch_size': 32, 'model__optimizer__weight_decay': 0.0001}",0.8135543060076946,0.8934679001962433,0.7420249653259362,0.40404040404040403,0.7090620031796502,0.7124299157499856,0.16672863871831703,136,0.8832290980908493,0.9486803519061584,0.9478570792123318,0.4288747346072187,0.9425525672371639,0.8302387662107444,0.20217711433996938
52,5.378662347793579,1.982065276734902,0.044710397720336914,0.00803191960601875,64,10,0.0001,500,96,128,0.25,4,2,16,0.0001,"{'model__batch_size': 64, 'model__callbacks__early_stopping__patience': 10, 'model__lr': 0.0001, 'model__max_epochs': 500, 'model__module__d_model': 96, 'model__module__dim_feedforward': 128, 'model__module__dropout': 0.25, 'model__module__nhead': 4, 'model__module__num_layers': 2, 'model__module__patch_size': 16, 'model__optimizer__weight_decay': 0.0001}",0.7669256381798002,0.8754098360655738,0.6482269503546099,0.553030303030303,0.7306446864880778,0.7148474828236729,0.10896334265268284,121,0.8634920634920635,0.905751329787234,0.8783079954954955,0.49436090225563906,0.9321075794621028,0.8148039740985069,0.16193740174064028
53,4.025184631347656,1.3997919004894916,0.039594411849975586,0.004908348375876043,64,10,0.0001,500,96,128,0.25,4,2,32,0.0001,"{'model__batch_size': 64, 'model__callbacks__early_stopping__patience': 10, 'model__lr': 0.0001, 'model__max_epochs': 500, 'model__module__d_model': 96, 'model__module__dim_feedforward': 128, 'model__module__dropout': 0.25, 'model__module__nhead': 4, 'model__module__num_layers': 2, 'model__module__patch_size': 32, 'model__optimizer__weight_decay': 0.0001}",0.689257176679491,0.9208333333333334,0.7244444444444444,0.7040133779264214,0.7306446864880778,0.7538386037743536,0.08478505523814675,39,0.8424908424908425,0.9491730536506656,0.9056001135637732,0.5556504898610162,0.9425525672371639,0.8390934133606922,0.1466941705084735
54,4.772006797790527,1.8956565181436247,0.043718910217285155,0.0065616399099672615,64,10,0.0001,500,96,128,0.25,4,3,16,0.0001,"{'model__batch_size': 64, 'model__callbacks__early_stopping__patience': 10, 'model__lr': 0.0001, 'model__max_epochs': 500, 'model__module__d_model': 96, 'model__module__dim_feedforward': 128, 'model__module__dropout': 0.25, 'model__module__nhead': 4, 'model__module__num_layers': 3, 'model__module__patch_size': 16, 'model__optimizer__weight_decay': 0.0001}",0.5868282075178627,0.8986936816848841,0.6593406593406593,0.5815602836879432,0.7478537360890303,0.6948553136640758,0.11842788793882135,217,0.8258005115089514,0.924119241192412,0.8793782082675808,0.5833763551884357,0.9225173634622453,0.8270383359239251,0.12700637950086346
55,4.043527364730835,1.504557301956672,0.04202151298522949,0.004900720502752851,64,10,0.0001,500,96,128,0.25,4,3,32,0.0001,"{'model__batch_size': 64, 'model__callbacks__early_stopping__patience': 10, 'model__lr': 0.0001, 'model__max_epochs': 500, 'model__module__d_model': 96, 'model__module__dim_feedforward': 128, 'model__module__dropout': 0.25, 'model__module__nhead': 4, 'model__module__num_layers': 3, 'model__module__patch_size': 32, 'model__optimizer__weight_decay': 0.0001}",0.7454545454545454,0.9169398907103825,0.7203007518796992,0.40404040404040403,0.7550200803212852,0.7083511344812632,0.16721945870878807,153,0.8811369509043927,0.9322790697674419,0.9428694158075601,0.4288747346072187,0.9425525672371639,0.8255425476647554,0.19964253825602
56,4.521565771102905,1.5016720148314315,0.04431872367858887,0.00427966701293465,64,10,0.0001,500,96,256,0.1,4,2,16,0.0001,"{'model__batch_size': 64, 'model__callbacks__early_stopping__patience': 10, 'model__lr': 0.0001, 'model__max_epochs': 500, 'model__module__d_model': 96, 'model__module__dim_feedforward': 256, 'model__module__dropout': 0.1, 'model__module__nhead': 4, 'model__module__num_layers': 2, 'model__module__patch_size': 16, 'model__optimizer__weight_decay': 0.0001}",0.7173035104069587,0.88125,0.7204301075268817,0.553030303030303,0.7550200803212852,0.7254068002570857,0.1048505000802301,92,0.8574731457800512,0.9131791743509717,0.876217067583047,0.5571105165671949,0.9207762150614207,0.8249512238685371,0.13593462164416362
57,3.504913806915283,1.1262260820584433,0.04036717414855957,0.004263708104418811,64,10,0.0001,500,96,256,0.1,4,2,32,0.0001,"{'model__batch_size': 64, 'model__callbacks__early_stopping__patience': 10, 'model__lr': 0.0001, 'model__max_epochs': 500, 'model__module__d_model': 96, 'model__module__dim_feedforward': 256, 'model__module__dropout': 0.1, 'model__module__nhead': 4, 'model__module__num_layers': 2, 'model__module__patch_size': 32, 'model__optimizer__weight_decay': 0.0001}",0.8446170921198668,0.9032340208810797,0.6593406593406593,0.7040133779264214,0.7396341463414634,0.7701678593218981,0.09037774384112264,14,0.8513824884792627,0.8999979114016583,0.9288960171077252,0.5567171839965421,0.9431793998723133,0.8360346001715004,0.1431421200737359
58,4.649296140670776,1.6425958079968523,0.042073822021484374,0.006093246315562364,64,10,0.0001,500,96,256,0.1,4,3,16,0.0001,"{'model__batch_size': 64, 'model__callbacks__early_stopping__patience': 10, 'model__lr': 0.0001, 'model__max_epochs': 500, 'model__module__d_model': 96, 'model__module__dim_feedforward': 256, 'model__module__dropout': 0.1, 'model__module__nhead': 4, 'model__module__num_layers': 3, 'model__module__patch_size': 16, 'model__optimizer__weight_decay': 0.0001}",0.689257176679491,0.88125,0.7361702127659575,0.40404040404040403,0.7090620031796502,0.6839559593331006,0.15534632353681238,247,0.8589964172216262,0.8952792553191489,0.9442931937172775,0.4288747346072187,0.9150087537800413,0.8084904709290626,0.19182271766827086
59,3.5723750591278076,1.3347717758953412,0.039199304580688474,0.005367160643645362,64,10,0.0001,500,96,256,0.1,4,3,32,0.0001,"{'model__batch_size': 64, 'model__callbacks__early_stopping__patience': 10, 'model__lr': 0.0001, 'model__max_epochs': 500, 'model__module__d_model': 96, 'model__module__dim_feedforward': 256, 'model__module__dropout': 0.1, 'model__module__nhead': 4, 'model__module__num_layers': 3, 'model__module__patch_size': 32, 'model__optimizer__weight_decay': 0.0001}",0.804287045666356,0.7526041666666667,0.759793370641412,0.41634408602150536,0.7866454689984101,0.70393482759887,0.14498891951382892,170,0.8407669519420671,0.9125000000000001,0.9814310645724258,0.4276595744680851,0.9198567226302203,0.8164428627225597,0.19944252973471374
60,4.310007619857788,1.3910858350815194,0.04438619613647461,0.005219398078141942,64,10,0.0001,500,96,256,0.25,4,2,16,0.0001,"{'model__batch_size': 64, 'model__callbacks__early_stopping__patience': 10, 'model__lr': 0.0001, 'model__max_epochs': 500, 'model__module__d_model': 96, 'model__module__dim_feedforward': 256, 'model__module__dropout': 0.25, 'model__module__nhead': 4, 'model__module__num_layers': 2, 'model__module__patch_size': 16, 'model__optimizer__weight_decay': 0.0001}",0.7454545454545454,0.8986936816848841,0.7745454545454545,0.553030303030303,0.7550200803212852,0.7453488130072944,0.11085760821651733,49,0.8319902319902319,0.8963389551624845,0.8867201362765278,0.545903129463706,0.9150087537800413,0.8151922413345982,0.137450473508781
61,3.4323062896728516,1.2819283802899715,0.04314131736755371,0.004014412251826149,64,10,0.0001,500,96,256,0.25,4,2,32,0.0001,"{'model__batch_size': 64, 'model__callbacks__early_stopping__patience': 10, 'model__lr': 0.0001, 'model__max_epochs': 500, 'model__module__d_model': 96, 'model__module__dim_feedforward': 256, 'model__module__dropout': 0.25, 'model__module__nhead': 4, 'model__module__num_layers': 2, 'model__module__patch_size': 32, 'model__optimizer__weight_decay': 0.0001}",0.8215802888700086,0.9208333333333334,0.6242424242424243,0.40404040404040403,0.7306446864880778,0.7002682273948496,0.17766212739823523,186,0.8469156010230179,0.8941798941798942,0.9071553228621292,0.4288747346072187,0.9688375350140056,0.8091926175372531,0.19409829677836488
62,4.880997562408448,1.9987543740232434,0.044892311096191406,0.00870310873483398,64,10,0.0001,500,96,256,0.25,4,3,16,0.0001,"{'model__batch_size': 64, 'model__callbacks__early_stopping__patience': 10, 'model__lr': 0.0001, 'model__max_epochs': 500, 'model__module__d_model': 96, 'model__module__dim_feedforward': 256, 'model__module__dropout': 0.25, 'model__module__nhead': 4, 'model__module__num_layers': 3, 'model__module__patch_size': 16, 'model__optimizer__weight_decay': 0.0001}",0.5757575757575758,0.88125,0.6593406593406593,0.6002710027100271,0.7244805781391147,0.6882199631894753,0.10935469787319516,234,0.8209576682859125,0.9501069137562366,0.8804537364948677,0.5916577927815665,0.9150087537800413,0.8316369730197248,0.12733664953878993
63,3.608268070220947,1.561584481971772,0.0414696216583252,0.0035922159560937716,64,10,0.0001,500,96,256,0.25,4,3,32,0.0001,"{'model__batch_size': 64, 'model__callbacks__early_stopping__patience': 10, 'model__lr': 0.0001, 'model__max_epochs': 500, 'model__module__d_model': 96, 'model__module__dim_feedforward': 256, 'model__module__dropout': 0.25, 'model__module__nhead': 4, 'model__module__num_layers': 3, 'model__module__patch_size': 32, 'model__optimizer__weight_decay': 0.0001}",0.7878787878787878,0.8416666666666667,0.6581453634085213,0.6701075268817205,0.7478537360890303,0.7411304161849454,0.06966910468316032,57,0.8513824884792627,0.9642502482621649,0.8715834818775996,0.5680862451257742,0.9747125565889417,0.8460030040667486,0.147288549635133
64,4.152504539489746,1.6492758597802641,0.04324254989624023,0.00936447803766389,64,10,0.0001,500,96,384,0.1,4,2,16,0.0001,"{'model__batch_size': 64, 'model__callbacks__early_stopping__patience': 10, 'model__lr': 0.0001, 'model__max_epochs': 500, 'model__module__d_model': 96, 'model__module__dim_feedforward': 384, 'model__module__dropout': 0.1, 'model__module__nhead': 4, 'model__module__num_layers': 2, 'model__module__patch_size': 16, 'model__optimizer__weight_decay': 0.0001}",0.6478248002367565,0.88125,0.6770833333333333,0.5409610983981693,0.7090620031796502,0.6912362470295819,0.11053548106844036,229,0.8209576682859125,0.9233933891332103,0.9039364391477067,0.5406631495782043,0.9425525672371639,0.8263006426764395,0.14871862903557265
65,3.6998478412628173,1.3807449326312031,0.039695024490356445,0.0027751746783404164,64,10,0.0001,500,96,384,0.1,4,2,32,0.0001,"{'model__batch_size': 64, 'model__callbacks__early_stopping__patience': 10, 'model__lr': 0.0001, 'model__max_epochs': 500, 'model__module__d_model': 96, 'model__module__dim_feedforward': 384, 'model__module__dropout': 0.1, 'model__module__nhead': 4, 'model__module__num_layers': 2, 'model__module__patch_size': 32, 'model__optimizer__weight_decay': 0.0001}",0.8285714285714285,0.8986936816848841,0.7420249653259362,0.40404040404040403,0.7550200803212852,0.7256701119887876,0.1703528147865961,91,0.873992673992674,0.9443541102077687,0.9861292172915472,0.4288747346072187,0.9796648895658797,0.8426031251330176,0.21066343501809282
66,4.747277545928955,1.6199761279619378,0.04372363090515137,0.005084456515273123,64,10,0.0001,500,96,384,0.1,4,3,16,0.0001,"{'model__batch_size': 64, 'model__callbacks__early_stopping__patience': 10, 'model__lr': 0.0001, 'model__max_epochs': 500, 'model__module__d_model': 96, 'model__module__dim_feedforward': 384, 'model__module__dropout': 0.1, 'model__module__nhead': 4, 'model__module__num_layers': 3, 'model__module__patch_size': 16, 'model__optimizer__weight_decay': 0.0001}",0.6428571428571428,0.833879781420765,0.6449026345933562,0.40404040404040403,0.68774465522433,0.6426849236271996,0.1382331419656749,288,0.8262626262626263,0.8782822516905243,0.9143041237113403,0.4532037118868758,0.8984851819982791,0.7941075791099291,0.1730183010943714
67,3.5070712089538576,1.4702498268612447,0.03854966163635254,0.004153289378681329,64,10,0.0001,500,96,384,0.1,4,3,32,0.0001,"{'model__batch_size': 64, 'model__callbacks__early_stopping__patience': 10, 'model__lr': 0.0001, 'model__max_epochs': 500, 'model__module__d_model': 96, 'model__module__dim_feedforward': 384, 'model__module__dropout': 0.1, 'model__module__nhead': 4, 'model__module__num_layers': 3, 'model__module__patch_size': 32, 'model__optimizer__weight_decay': 0.0001}",0.7321428571428572,0.8986936816848841,0.7237076648841354,0.7040133779264214,0.7173308619091752,0.7551776887094946,0.07234359004271815,37,0.8618340723603881,0.9638990647320058,0.8890279516061743,0.5556504898610162,0.9256326595575362,0.8392088476234241,0.14588756745162623
68,4.260828018188477,1.5896084129161183,0.040492916107177736,0.006467203350621804,64,10,0.0001,500,96,384,0.25,4,2,16,0.0001,"{'model__batch_size': 64, 'model__callbacks__early_stopping__patience': 10, 'model__lr': 0.0001, 'model__max_epochs': 500, 'model__module__d_model': 96, 'model__module__dim_feedforward': 384, 'model__module__dropout': 0.25, 'model__module__nhead': 4, 'model__module__num_layers': 2, 'model__module__patch_size': 16, 'model__optimizer__weight_decay': 0.0001}",0.6875,0.88125,0.6743434343434344,0.553030303030303,0.7024390243902439,0.6997125523527963,0.10513962088373822,191,0.8424908424908425,0.8906046511627908,0.8836734693877552,0.5085131735734145,0.9376750700280112,0.8125914413285628,0.15501109437785615
69,4.00693564414978,1.5636683105435396,0.04505729675292969,0.005052511612545833,64,10,0.0001,500,96,384,0.25,4,2,32,0.0001,"{'model__batch_size': 64, 'model__callbacks__early_stopping__patience': 10, 'model__lr': 0.0001, 'model__max_epochs': 500, 'model__module__d_model': 96, 'model__module__dim_feedforward': 384, 'model__module__dropout': 0.25, 'model__module__nhead': 4, 'model__module__num_layers': 2, 'model__module__patch_size': 32, 'model__optimizer__weight_decay': 0.0001}",0.8446170921198668,0.9169398907103825,0.7064141196728368,0.40404040404040403,0.7550200803212852,0.7254063173729551,0.17630090601733595,93,0.8545425257731959,0.9233933891332103,0.9721465968586387,0.4288747346072187,0.9796648895658797,0.8317244271876287,0.20630875171120425
70,4.829563999176026,1.716692751667994,0.04805879592895508,0.012566124005853847,64,10,0.0001,500,96,384,0.25,4,3,16,0.0001,"{'model__batch_size': 64, 'model__callbacks__early_stopping__patience': 10, 'model__lr': 0.0001, 'model__max_epochs': 500, 'model__module__d_model': 96, 'model__module__dim_feedforward': 384, 'model__module__dropout': 0.25, 'model__module__nhead': 4, 'model__module__num_layers': 3, 'model__module__patch_size': 16, 'model__optimizer__weight_decay': 0.0001}",0.6303199751475613,0.9169398907103825,0.6593406593406593,0.40404040404040403,0.7396341463414634,0.6700550151160941,0.16628339750318946,278,0.8262626262626263,0.8734912146676852,0.9047823596792669,0.4416361416361416,0.8877994116823085,0.7867943507856057,0.17454596694786179
71,3.571708011627197,1.3838138807884128,0.039026498794555664,0.00568411445249053,64,10,0.0001,500,96,384,0.25,4,3,32,0.0001,"{'model__batch_size': 64, 'model__callbacks__early_stopping__patience': 10, 'model__lr': 0.0001, 'model__max_epochs': 500, 'model__module__d_model': 96, 'model__module__dim_feedforward': 384, 'model__module__dropout': 0.25, 'model__module__nhead': 4, 'model__module__num_layers': 3, 'model__module__patch_size': 32, 'model__optimizer__weight_decay': 0.0001}",0.7454545454545454,0.8934679001962433,0.7615384615384615,0.40404040404040403,0.7173308619091752,0.7043664346277658,0.16191358115713028,169,0.8619980250164582,0.9064935064935065,0.9583876518746415,0.4300847457627119,0.9198567226302203,0.8153641303555077,0.19508660490498902
72,4.261863327026367,1.6509969477136694,0.04036698341369629,0.005724557638435321,64,10,0.0001,500,128,128,0.1,4,2,16,0.0001,"{'model__batch_size': 64, 'model__callbacks__early_stopping__patience': 10, 'model__lr': 0.0001, 'model__max_epochs': 500, 'model__module__d_model': 128, 'model__module__dim_feedforward': 128, 'model__module__dropout': 0.1, 'model__module__nhead': 4, 'model__module__num_layers': 2, 'model__module__patch_size': 16, 'model__optimizer__weight_decay': 0.0001}",0.8194014447884417,0.9392162090109304,0.7416666666666667,0.5076092292587138,0.7821428571428571,0.7580072813735219,0.1415306644982089,29,0.8649323453608248,0.9695038321903994,0.9099349550031186,0.5131155955371856,0.9032608695652173,0.8321495195313492,0.16299138849012346
73,3.011677932739258,1.0307825355339448,0.03727564811706543,0.0051730980269735416,64,10,0.0001,500,128,128,0.1,4,2,32,0.0001,"{'model__batch_size': 64, 'model__callbacks__early_stopping__patience': 10, 'model__lr': 0.0001, 'model__max_epochs': 500, 'model__module__d_model': 128, 'model__module__dim_feedforward': 128, 'model__module__dropout': 0.1, 'model__module__nhead': 4, 'model__module__num_layers': 2, 'model__module__patch_size': 32, 'model__optimizer__weight_decay': 0.0001}",0.7721219295649601,0.88125,0.7244444444444444,0.719047619047619,0.7550200803212852,0.7703768146756618,0.05878130127660034,13,0.8558927574008565,0.8973607038123168,0.9766940613664641,0.5131155955371856,0.9584500466853407,0.8403026329604328,0.16918124364109044
74,4.856231212615967,1.736188220783033,0.044733953475952146,0.007963438654331297,64,10,0.0001,500,128,128,0.1,4,3,16,0.0001,"{'model__batch_size': 64, 'model__callbacks__early_stopping__patience': 10, 'model__lr': 0.0001, 'model__max_epochs': 500, 'model__module__d_model': 128, 'model__module__dim_feedforward': 128, 'model__module__dropout': 0.1, 'model__module__nhead': 4, 'model__module__num_layers': 3, 'model__module__patch_size': 16, 'model__optimizer__weight_decay': 0.0001}",0.703030303030303,0.9169398907103825,0.7789661319073083,0.7040133779264214,0.7706766917293233,0.7747252790607477,0.07797398823830877,12,0.8497129067154864,0.9486803519061584,0.9238258877434136,0.5543746973519892,0.9054681353265146,0.8364123958087125,0.14473152706996043
75,3.342732238769531,1.190244452160879,0.04030551910400391,0.0061819064584421185,64,10,0.0001,500,128,128,0.1,4,3,32,0.0001,"{'model__batch_size': 64, 'model__callbacks__early_stopping__patience': 10, 'model__lr': 0.0001, 'model__max_epochs': 500, 'model__module__d_model': 128, 'model__module__dim_feedforward': 128, 'model__module__dropout': 0.1, 'model__module__nhead': 4, 'model__module__num_layers': 3, 'model__module__patch_size': 32, 'model__optimizer__weight_decay': 0.0001}",0.7974537037037037,0.8986936816848841,0.6383333333333333,0.6569767441860466,0.7324561403508771,0.744782720651769,0.09555744086912116,50,0.9074531685930649,0.9384164222873901,0.8900174375752782,0.57095081292447,0.9425525672371639,0.8498780817234735,0.14082192855585354
76,4.361992263793946,1.5650562554970449,0.041900920867919925,0.0037425762128062514,64,10,0.0001,500,128,128,0.25,4,2,16,0.0001,"{'model__batch_size': 64, 'model__callbacks__early_stopping__patience': 10, 'model__lr': 0.0001, 'model__max_epochs': 500, 'model__module__d_model': 128, 'model__module__dim_feedforward': 128, 'model__module__dropout': 0.25, 'model__module__nhead': 4, 'model__module__num_layers': 2, 'model__module__patch_size': 16, 'model__optimizer__weight_decay': 0.0001}",0.7454545454545454,0.88125,0.6921985815602837,0.40404040404040403,0.7665587282896673,0.69790045186898,0.15936037560980057,203,0.8529914529914531,0.9170711641299877,0.8978708551483421,0.4809791216702664,0.9032608695652173,0.8104346927010534,0.16612355027700082
77,3.236380624771118,1.1690830367824359,0.03966822624206543,0.005198915568095515,64,10,0.0001,500,128,128,0.25,4,2,32,0.0001,"{'model__batch_size': 64, 'model__callbacks__early_stopping__patience': 10, 'model__lr': 0.0001, 'model__max_epochs': 500, 'model__module__d_model': 128, 'model__module__dim_feedforward': 128, 'model__module__dropout': 0.25, 'model__module__nhead': 4, 'model__module__num_layers': 2, 'model__module__patch_size': 32, 'model__optimizer__weight_decay': 0.0001}",0.7721219295649601,0.88125,0.69,0.7485470747772182,0.7550200803212852,0.7693878169326926,0.06239201429467425,16,0.8711824914704169,0.905751329787234,0.8918985776128634,0.6295034432765494,0.9584500466853407,0.851357177766481,0.11461529917024312
78,4.45135612487793,1.5359790344239643,0.04086737632751465,0.005521477937569425,64,10,0.0001,500,128,128,0.25,4,3,16,0.0001,"{'model__batch_size': 64, 'model__callbacks__early_stopping__patience': 10, 'model__lr': 0.0001, 'model__max_epochs': 500, 'model__module__d_model': 128, 'model__module__dim_feedforward': 128, 'model__module__dropout': 0.25, 'model__module__nhead': 4, 'model__module__num_layers': 3, 'model__module__patch_size': 16, 'model__optimizer__weight_decay': 0.0001}",0.6875,0.9169398907103825,0.7869415807560137,0.6338652482269503,0.7612165010538994,0.7572926441494492,0.09642306225273604,30,0.8197828249687784,0.8299595141700404,0.9251126126126126,0.5227591685423011,0.9102130437362768,0.801565432806002,0.14556046113242702
79,3.4167744636535646,1.0657053086170236,0.0401883602142334,0.004873337790529218,64,10,0.0001,500,128,128,0.25,4,3,32,0.0001,"{'model__batch_size': 64, 'model__callbacks__early_stopping__patience': 10, 'model__lr': 0.0001, 'model__max_epochs': 500, 'model__module__d_model': 128, 'model__module__dim_feedforward': 128, 'model__module__dropout': 0.25, 'model__module__nhead': 4, 'model__module__num_layers': 3, 'model__module__patch_size': 32, 'model__optimizer__weight_decay': 0.0001}",0.7974537037037037,0.8986936816848841,0.759793370641412,0.6193548387096774,0.7396341463414634,0.762985948216228,0.09032165843472582,22,0.8798858368924964,0.9384164222873901,0.9482993197278912,0.494267178604528,0.9313393863865647,0.8384416287797741,0.17370511765934593
80,4.149985504150391,1.387876796057308,0.04295048713684082,0.0075887739740727374,64,10,0.0001,500,128,256,0.1,4,2,16,0.0001,"{'model__batch_size': 64, 'model__callbacks__early_stopping__patience': 10, 'model__lr': 0.0001, 'model__max_epochs': 500, 'model__module__d_model': 128, 'model__module__dim_feedforward': 256, 'model__module__dropout': 0.1, 'model__module__nhead': 4, 'model__module__num_layers': 2, 'model__module__patch_size': 16, 'model__optimizer__weight_decay': 0.0001}",0.6738117427772601,0.8986936816848841,0.7237076648841354,0.40404040404040403,0.714572192513369,0.6829651371800105,0.15942431170361163,249,0.8301514154048717,0.9170711641299877,0.9150401022073957,0.4637161084529506,0.8864635010630758,0.8024884582516563,0.1722677108719546
81,3.0694522857666016,1.1477421408332675,0.0370821475982666,0.0038076541385678527,64,10,0.0001,500,128,256,0.1,4,2,32,0.0001,"{'model__batch_size': 64, 'model__callbacks__early_stopping__patience': 10, 'model__lr': 0.0001, 'model__max_epochs': 500, 'model__module__d_model': 128, 'model__module__dim_feedforward': 256, 'model__module__dropout': 0.1, 'model__module__nhead': 4, 'model__module__num_layers': 2, 'model__module__patch_size': 32, 'model__optimizer__weight_decay': 0.0001}",0.6875,0.8581711543588376,0.6530348687042618,0.40404040404040403,0.7612165010538994,0.6727925856314806,0.15166964962548105,273,0.8588383838383838,0.9501069137562366,0.9673716859130496,0.4300847457627119,0.9313393863865647,0.8275482231313893,0.20213863013331446
82,4.817985153198242,2.126891623729857,0.04499540328979492,0.006857545248680821,64,10,0.0001,500,128,256,0.1,4,3,16,0.0001,"{'model__batch_size': 64, 'model__callbacks__early_stopping__patience': 10, 'model__lr': 0.0001, 'model__max_epochs': 500, 'model__module__d_model': 128, 'model__module__dim_feedforward': 256, 'model__module__dropout': 0.1, 'model__module__nhead': 4, 'model__module__num_layers': 3, 'model__module__patch_size': 16, 'model__optimizer__weight_decay': 0.0001}",0.6693657219973009,0.9169398907103825,0.7416666666666667,0.40404040404040403,0.7550200803212852,0.6974065527472079,0.16752501193383237,205,0.8479797979797981,0.9695038321903994,0.9143041237113403,0.45805860805860804,0.9207762150614207,0.8221245154003134,0.18609802877930565
83,3.1783281326293946,1.085356513868486,0.04105229377746582,0.006771483081365689,64,10,0.0001,500,128,256,0.1,4,3,32,0.0001,"{'model__batch_size': 64, 'model__callbacks__early_stopping__patience': 10, 'model__lr': 0.0001, 'model__max_epochs': 500, 'model__module__d_model': 128, 'model__module__dim_feedforward': 256, 'model__module__dropout': 0.1, 'model__module__nhead': 4, 'model__module__num_layers': 3, 'model__module__patch_size': 32, 'model__optimizer__weight_decay': 0.0001}",0.7819314641744548,0.8986936816848841,0.7080062794348508,0.5815602836879432,0.7478537360890303,0.7436090890142327,0.10301963667976667,54,0.9112199663988017,0.9178885630498534,0.9491404634023396,0.5154475982532751,0.9129726205997393,0.8413338423408019,0.16352426228502318
84,4.404353857040405,1.4272452033451697,0.04122328758239746,0.004151572683025709,64,10,0.0001,500,128,256,0.25,4,2,16,0.0001,"{'model__batch_size': 64, 'model__callbacks__early_stopping__patience': 10, 'model__lr': 0.0001, 'model__max_epochs': 500, 'model__module__d_model': 128, 'model__module__dim_feedforward': 256, 'model__module__dropout': 0.25, 'model__module__nhead': 4, 'model__module__num_layers': 2, 'model__module__patch_size': 16, 'model__optimizer__weight_decay': 0.0001}",0.7306895531222255,0.9032340208810797,0.7566718995290425,0.5076092292587138,0.7612165010538994,0.7318842407689922,0.12738623530915408,71,0.8282433219605558,0.9438218186976877,0.9442931937172775,0.5051839464882943,0.9140096618357488,0.8271103885399128,0.16645886524195908
85,2.8477726936340333,0.935754423650436,0.03829712867736816,0.004684269117583037,64,10,0.0001,500,128,256,0.25,4,2,32,0.0001,"{'model__batch_size': 64, 'model__callbacks__early_stopping__patience': 10, 'model__lr': 0.0001, 'model__max_epochs': 500, 'model__module__d_model': 128, 'model__module__dim_feedforward': 256, 'model__module__dropout': 0.25, 'model__module__nhead': 4, 'model__module__num_layers': 2, 'model__module__patch_size': 32, 'model__optimizer__weight_decay': 0.0001}",0.703030303030303,0.8986936816848841,0.6449026345933562,0.5076092292587138,0.776829268292683,0.706213023371988,0.13057413096659964,158,0.8497129067154864,0.9076246334310851,0.9207598086459776,0.4708512160228899,0.9376750700280112,0.8173247269686901,0.17574412210803583
86,4.513745641708374,1.5620755412445488,0.04260239601135254,0.007760969104731685,64,10,0.0001,500,128,256,0.25,4,3,16,0.0001,"{'model__batch_size': 64, 'model__callbacks__early_stopping__patience': 10, 'model__lr': 0.0001, 'model__max_epochs': 500, 'model__module__d_model': 128, 'model__module__dim_feedforward': 256, 'model__module__dropout': 0.25, 'model__module__nhead': 4, 'model__module__num_layers': 3, 'model__module__patch_size': 16, 'model__optimizer__weight_decay': 0.0001}",0.5868282075178627,0.9169398907103825,0.7237076648841354,0.5076092292587138,0.7979524239686842,0.7066074832679556,0.1461666282168379,157,0.8152429667519181,0.86875,0.8986776949447679,0.494267178604528,0.9698100407055631,0.8093495762013554,0.16526774225005228
87,3.1967158794403074,1.1591605185994773,0.03986930847167969,0.005438372665330497,64,10,0.0001,500,128,256,0.25,4,3,32,0.0001,"{'model__batch_size': 64, 'model__callbacks__early_stopping__patience': 10, 'model__lr': 0.0001, 'model__max_epochs': 500, 'model__module__d_model': 128, 'model__module__dim_feedforward': 256, 'model__module__dropout': 0.25, 'model__module__nhead': 4, 'model__module__num_layers': 3, 'model__module__patch_size': 32, 'model__optimizer__weight_decay': 0.0001}",0.7454545454545454,0.833879781420765,0.6106750392464678,0.6878306878306878,0.7550200803212852,0.7265720268547502,0.07431527236141737,86,0.8726135615536537,0.9432699588645805,0.8771135544673381,0.5029646176332699,0.9189025007593399,0.8229728386556363,0.16215707027585127
88,4.2617223262786865,1.5905610772607044,0.04033956527709961,0.006807019367894186,64,10,0.0001,500,128,384,0.1,4,2,16,0.0001,"{'model__batch_size': 64, 'model__callbacks__early_stopping__patience': 10, 'model__lr': 0.0001, 'model__max_epochs': 500, 'model__module__d_model': 128, 'model__module__dim_feedforward': 384, 'model__module__dropout': 0.1, 'model__module__nhead': 4, 'model__module__num_layers': 2, 'model__module__patch_size': 16, 'model__optimizer__weight_decay': 0.0001}",0.6606060606060606,0.8754098360655738,0.6530348687042618,0.5076092292587138,0.7979524239686842,0.6989224837206588,0.12738076576018575,197,0.8131943151492584,0.9210509826855198,0.9438344594594594,0.500764192139738,0.9540051679586563,0.8265698234785264,0.170438062037058
89,2.7370675563812257,0.9293284066778505,0.0369208812713623,0.0036962243780010915,64,10,0.0001,500,128,384,0.1,4,2,32,0.0001,"{'model__batch_size': 64, 'model__callbacks__early_stopping__patience': 10, 'model__lr': 0.0001, 'model__max_epochs': 500, 'model__module__d_model': 128, 'model__module__dim_feedforward': 384, 'model__module__dropout': 0.1, 'model__module__nhead': 4, 'model__module__num_layers': 2, 'model__module__patch_size': 32, 'model__optimizer__weight_decay': 0.0001}",0.7607952780366574,0.9169398907103825,0.5866666666666667,0.5076092292587138,0.7706766917293233,0.7085375512803488,0.1450850653708621,152,0.8753221649484536,0.9047619047619047,0.9143041237113403,0.45643453870977474,0.9238510430247718,0.8149347550312491,0.17998610525813033
90,4.388707637786865,1.5445516413350293,0.04087986946105957,0.004986911287435663,64,10,0.0001,500,128,384,0.1,4,3,16,0.0001,"{'model__batch_size': 64, 'model__callbacks__early_stopping__patience': 10, 'model__lr': 0.0001, 'model__max_epochs': 500, 'model__module__d_model': 128, 'model__module__dim_feedforward': 384, 'model__module__dropout': 0.1, 'model__module__nhead': 4, 'model__module__num_layers': 3, 'model__module__patch_size': 16, 'model__optimizer__weight_decay': 0.0001}",0.6738117427772601,0.9169398907103825,0.7203007518796992,0.40404040404040403,0.7478537360890303,0.6925893050993552,0.16599297095261104,226,0.8238689257121579,0.9140018066847335,0.913542795232936,0.4300847457627119,0.9150087537800413,0.7993014054345162,0.18789357225992875
91,3.1385536193847656,1.1209747091598208,0.03833804130554199,0.005609443755170081,64,10,0.0001,500,128,384,0.1,4,3,32,0.0001,"{'model__batch_size': 64, 'model__callbacks__early_stopping__patience': 10, 'model__lr': 0.0001, 'model__max_epochs': 500, 'model__module__d_model': 128, 'model__module__dim_feedforward': 384, 'model__module__dropout': 0.1, 'model__module__nhead': 4, 'model__module__num_layers': 3, 'model__module__patch_size': 32, 'model__optimizer__weight_decay': 0.0001}",0.7974537037037037,0.8934679001962433,0.5996556177356867,0.40404040404040403,0.68774465522433,0.6764724561800735,0.16850554717816538,264,0.9224806201550388,0.9426976744186046,0.8943300830624774,0.4300847457627119,0.9529975550122249,0.8285181356822114,0.20022058835785397
92,4.309364080429077,1.4978955644937586,0.03964691162109375,0.00538133803977142,64,10,0.0001,500,128,384,0.25,4,2,16,0.0001,"{'model__batch_size': 64, 'model__callbacks__early_stopping__patience': 10, 'model__lr': 0.0001, 'model__max_epochs': 500, 'model__module__d_model': 128, 'model__module__dim_feedforward': 384, 'model__module__dropout': 0.25, 'model__module__nhead': 4, 'model__module__num_layers': 2, 'model__module__patch_size': 16, 'model__optimizer__weight_decay': 0.0001}",0.7454545454545454,0.88125,0.7074410163339383,0.45816326530612245,0.7821428571428571,0.7148903368474926,0.14078131374326,120,0.873992673992674,0.9288422751109319,0.9047823596792669,0.4809791216702664,0.9335630203847258,0.8244318901675729,0.17302219828626966
93,3.232707214355469,1.174030703108078,0.038138628005981445,0.004749816347766348,64,10,0.0001,500,128,384,0.25,4,2,32,0.0001,"{'model__batch_size': 64, 'model__callbacks__early_stopping__patience': 10, 'model__lr': 0.0001, 'model__max_epochs': 500, 'model__module__d_model': 128, 'model__module__dim_feedforward': 384, 'model__module__dropout': 0.25, 'model__module__nhead': 4, 'model__module__num_layers': 2, 'model__module__patch_size': 32, 'model__optimizer__weight_decay': 0.0001}",0.8215802888700086,0.9169398907103825,0.7080062794348508,0.40404040404040403,0.7612165010538994,0.7223566728219091,0.1736371052955308,99,0.9694602272727273,0.9076246334310851,0.9251126126126126,0.4444931163954944,0.9297155006580946,0.8352812180740028,0.19643850429103477
94,4.901129341125488,1.8594627014599157,0.04309954643249512,0.00523963991877778,64,10,0.0001,500,128,384,0.25,4,3,16,0.0001,"{'model__batch_size': 64, 'model__callbacks__early_stopping__patience': 10, 'model__lr': 0.0001, 'model__max_epochs': 500, 'model__module__d_model': 128, 'model__module__dim_feedforward': 384, 'model__module__dropout': 0.25, 'model__module__nhead': 4, 'model__module__num_layers': 3, 'model__module__patch_size': 16, 'model__optimizer__weight_decay': 0.0001}",0.689257176679491,0.8934679001962433,0.7420249653259362,0.5686021505376344,0.7550200803212852,0.729674454612118,0.10507242470710122,78,0.8326603201171671,0.9144312393887946,0.9282722418969205,0.5461803492930973,0.9264752163650669,0.8296038734122092,0.14605028033797643
95,3.2034857273101807,1.1920522828555409,0.03831949234008789,0.006043466586642461,64,10,0.0001,500,128,384,0.25,4,3,32,0.0001,"{'model__batch_size': 64, 'model__callbacks__early_stopping__patience': 10, 'model__lr': 0.0001, 'model__max_epochs': 500, 'model__module__d_model': 128, 'model__module__dim_feedforward': 384, 'model__module__dropout': 0.25, 'model__module__nhead': 4, 'model__module__num_layers': 3, 'model__module__patch_size': 32, 'model__optimizer__weight_decay': 0.0001}",0.7819314641744548,0.8934679001962433,0.5996556177356867,0.40404040404040403,0.68774465522433,0.6733680082742237,0.1663776122438647,271,0.8766042247907533,0.9274372686137392,0.8847237269772481,0.4300847457627119,0.9425525672371639,0.8122805066763232,0.19271276559825787
96,2.960946226119995,0.8681403887872603,0.037852001190185544,0.0030454009292683365,64,10,0.0002,500,96,128,0.1,4,2,16,0.0001,"{'model__batch_size': 64, 'model__callbacks__early_stopping__patience': 10, 'model__lr': 0.0002, 'model__max_epochs': 500, 'model__module__d_model': 96, 'model__module__dim_feedforward': 128, 'model__module__dropout': 0.1, 'model__module__nhead': 4, 'model__module__num_layers': 2, 'model__module__patch_size': 16, 'model__optimizer__weight_decay': 0.0001}",0.7669256381798002,0.8986936816848841,0.7416666666666667,0.40404040404040403,0.68774465522433,0.699814209159217,0.16336244037313713,190,0.841627331033169,0.9378033730974907,0.8867201362765278,0.4300847457627119,0.9159716758457908,0.802441452403138,0.18894438749459883
97,2.3370433807373048,0.696516300524164,0.03742527961730957,0.0056760820118600085,64,10,0.0002,500,96,128,0.1,4,2,32,0.0001,"{'model__batch_size': 64, 'model__callbacks__early_stopping__patience': 10, 'model__lr': 0.0002, 'model__max_epochs': 500, 'model__module__d_model': 96, 'model__module__dim_feedforward': 128, 'model__module__dropout': 0.1, 'model__module__nhead': 4, 'model__module__num_layers': 2, 'model__module__patch_size': 32, 'model__optimizer__weight_decay': 0.0001}",0.804287045666356,0.8934679001962433,0.69,0.5076092292587138,0.7612165010538994,0.7313161352350425,0.12981816770974014,73,0.8758447536353176,0.905751329787234,0.9039364391477067,0.4567139737991266,0.9741724544874151,0.82328379017136,0.18612319525073337
98,3.4324379920959474,1.2108581768810776,0.03908758163452149,0.005929214145305247,64,10,0.0002,500,96,128,0.1,4,3,16,0.0001,"{'model__batch_size': 64, 'model__callbacks__early_stopping__patience': 10, 'model__lr': 0.0002, 'model__max_epochs': 500, 'model__module__d_model': 96, 'model__module__dim_feedforward': 128, 'model__module__dropout': 0.1, 'model__module__nhead': 4, 'model__module__num_layers': 3, 'model__module__patch_size': 16, 'model__optimizer__weight_decay': 0.0001}",0.6303199751475613,0.8645276292335116,0.7237076648841354,0.48695652173913045,0.7706766917293233,0.6952376965467323,0.12865148326488984,213,0.8131943151492584,0.9747064137308039,0.9056001135637732,0.5155896274953694,0.9335630203847258,0.8285306980647862,0.1652308334892807
99,2.8584075450897215,0.9432022509661422,0.03847579956054688,0.004104933735138589,64,10,0.0002,500,96,128,0.1,4,3,32,0.0001,"{'model__batch_size': 64, 'model__callbacks__early_stopping__patience': 10, 'model__lr': 0.0002, 'model__max_epochs': 500, 'model__module__d_model': 96, 'model__module__dim_feedforward': 128, 'model__module__dropout': 0.1, 'model__module__nhead': 4, 'model__module__num_layers': 3, 'model__module__patch_size': 32, 'model__optimizer__weight_decay': 0.0001}",0.7321428571428572,0.868663594470046,0.7789661319073083,0.7942657884540876,0.7612165010538994,0.7870509746056398,0.0457391721141931,4,0.8604476990929517,0.9371675531914894,0.9207598086459776,0.6891723497292521,0.9794488916256158,0.8773992604570573,0.10157089989961243
100,3.1184873580932617,1.1346634784860739,0.039356565475463866,0.006055142178642941,64,10,0.0002,500,96,128,0.25,4,2,16,0.0001,"{'model__batch_size': 64, 'model__callbacks__early_stopping__patience': 10, 'model__lr': 0.0002, 'model__max_epochs': 500, 'model__module__d_model': 96, 'model__module__dim_feedforward': 128, 'model__module__dropout': 0.25, 'model__module__nhead': 4, 'model__module__num_layers': 2, 'model__module__patch_size': 16, 'model__optimizer__weight_decay': 0.0001}",0.6428571428571428,0.8986936816848841,0.6922489499809088,0.45816326530612245,0.7478537360890303,0.6879633551836177,0.14342604104780848,236,0.8351929137211481,0.9540360334799263,0.8574517231821122,0.573015873015873,0.9328483816672792,0.8305089850132678,0.1362224921697365
101,2.4380560874938966,0.7114106932716112,0.038039636611938474,0.0034966768398481496,64,10,0.0002,500,96,128,0.25,4,2,32,0.0001,"{'model__batch_size': 64, 'model__callbacks__early_stopping__patience': 10, 'model__lr': 0.0002, 'model__max_epochs': 500, 'model__module__d_model': 96, 'model__module__dim_feedforward': 128, 'model__module__dropout': 0.25, 'model__module__nhead': 4, 'model__module__num_layers': 2, 'model__module__patch_size': 32, 'model__optimizer__weight_decay': 0.0001}",0.8784722222222222,0.8934679001962433,0.6743434343434344,0.45816326530612245,0.7396341463414634,0.7288161936818971,0.15864704761490012,80,0.8469156010230179,0.8952792553191489,0.8995811386556888,0.4444931163954944,0.963442542787286,0.8099423308361272,0.1864403243186261
102,3.6324631214141845,1.3512604228307776,0.04174537658691406,0.003540349257686507,64,10,0.0002,500,96,128,0.25,4,3,16,0.0001,"{'model__batch_size': 64, 'model__callbacks__early_stopping__patience': 10, 'model__lr': 0.0002, 'model__max_epochs': 500, 'model__module__d_model': 96, 'model__module__dim_feedforward': 128, 'model__module__dropout': 0.25, 'model__module__nhead': 4, 'model__module__num_layers': 3, 'model__module__patch_size': 16, 'model__optimizer__weight_decay': 0.0001}",0.6233361653922401,0.8508550602747407,0.7993527508090614,0.4412878787878788,0.7706766917293233,0.6971017093986489,0.14858715813583404,206,0.810989010989011,0.9251273344651952,0.8986776949447679,0.4637161084529506,0.9335630203847258,0.80641463384733,0.17676826308126464
103,2.5908183097839355,0.7314728195371393,0.039379310607910153,0.005066936123820183,64,10,0.0002,500,96,128,0.25,4,3,32,0.0001,"{'model__batch_size': 64, 'model__callbacks__early_stopping__patience': 10, 'model__lr': 0.0002, 'model__max_epochs': 500, 'model__module__d_model': 96, 'model__module__dim_feedforward': 128, 'model__module__dropout': 0.25, 'model__module__nhead': 4, 'model__module__num_layers': 3, 'model__module__patch_size': 32, 'model__optimizer__weight_decay': 0.0001}",0.9008779382611158,0.9169398907103825,0.6530348687042618,0.40404040404040403,0.7244805781391147,0.7198747359710558,0.18752969968305927,107,0.8574731457800512,0.87022573169685,0.91870854081651,0.4548164043872199,0.9150087537800413,0.8032465152921343,0.17587072659171746
104,3.1874526023864744,1.2411236794805853,0.03959975242614746,0.005334125400579574,64,10,0.0002,500,96,256,0.1,4,2,16,0.0001,"{'model__batch_size': 64, 'model__callbacks__early_stopping__patience': 10, 'model__lr': 0.0002, 'model__max_epochs': 500, 'model__module__d_model': 96, 'model__module__dim_feedforward': 256, 'model__module__dropout': 0.1, 'model__module__nhead': 4, 'model__module__num_layers': 2, 'model__module__patch_size': 16, 'model__optimizer__weight_decay': 0.0001}",0.6738117427772601,0.8754098360655738,0.7789661319073083,0.5178494623655914,0.7478537360890303,0.7187781818409527,0.11949542522225819,111,0.8218642117376295,0.9476396276595744,0.8986776949447679,0.5436979128254296,0.9389946686976389,0.8301748231730081,0.1499803113337043
105,2.2538517475128175,0.6971052658057373,0.03648929595947266,0.003963788884724996,64,10,0.0002,500,96,256,0.1,4,2,32,0.0001,"{'model__batch_size': 64, 'model__callbacks__early_stopping__patience': 10, 'model__lr': 0.0002, 'model__max_epochs': 500, 'model__module__d_model': 96, 'model__module__dim_feedforward': 256, 'model__module__dropout': 0.1, 'model__module__nhead': 4, 'model__module__num_layers': 2, 'model__module__patch_size': 32, 'model__optimizer__weight_decay': 0.0001}",0.7878787878787878,0.9169398907103825,0.7244444444444444,0.45816326530612245,0.68774465522433,0.7150342087128134,0.1502585711162864,117,0.8681543309769184,0.8941798941798942,0.9294990723562152,0.4300847457627119,0.9129726205997393,0.8069781327750958,0.1895476255072817
106,3.592184066772461,1.4266141632278038,0.039740705490112306,0.0039435246815523115,64,10,0.0002,500,96,256,0.1,4,3,16,0.0001,"{'model__batch_size': 64, 'model__callbacks__early_stopping__patience': 10, 'model__lr': 0.0002, 'model__max_epochs': 500, 'model__module__d_model': 96, 'model__module__dim_feedforward': 256, 'model__module__dropout': 0.1, 'model__module__nhead': 4, 'model__module__num_layers': 3, 'model__module__patch_size': 16, 'model__optimizer__weight_decay': 0.0001}",0.6063924237940219,0.7958485958485959,0.7019230769230769,0.5560200668896321,0.6702702702702703,0.6660908867451194,0.08224107007300517,282,0.810989010989011,0.9744644630444035,0.9021555212241594,0.6007825148407987,0.891215775749674,0.8359214571696093,0.12849165455958558
107,2.4305503368377686,0.7643175426705376,0.03875727653503418,0.005145648669979688,64,10,0.0002,500,96,256,0.1,4,3,32,0.0001,"{'model__batch_size': 64, 'model__callbacks__early_stopping__patience': 10, 'model__lr': 0.0002, 'model__max_epochs': 500, 'model__module__d_model': 96, 'model__module__dim_feedforward': 256, 'model__module__dropout': 0.1, 'model__module__nhead': 4, 'model__module__num_layers': 3, 'model__module__patch_size': 32, 'model__optimizer__weight_decay': 0.0001}",0.8504273504273505,0.9169398907103825,0.7080062794348508,0.6878306878306878,0.7612165010538994,0.7848841418914343,0.08674603032432676,6,0.9018087855297157,0.8870750912233532,0.903061224489796,0.6541365687168339,0.9112176039119804,0.8514598547743357,0.09896830710340503
108,3.1590198040008546,1.238213745315854,0.03856492042541504,0.0044038540307826494,64,10,0.0002,500,96,256,0.25,4,2,16,0.0001,"{'model__batch_size': 64, 'model__callbacks__early_stopping__patience': 10, 'model__lr': 0.0002, 'model__max_epochs': 500, 'model__module__d_model': 96, 'model__module__dim_feedforward': 256, 'model__module__dropout': 0.25, 'model__module__nhead': 4, 'model__module__num_layers': 2, 'model__module__patch_size': 16, 'model__optimizer__weight_decay': 0.0001}",0.6181818181818182,0.8754098360655738,0.7420249653259362,0.4412878787878788,0.7706766917293233,0.6895162380181061,0.14873233223791169,231,0.810989010989011,0.9421040539693812,0.8986776949447679,0.494267178604528,0.9335630203847258,0.8159201917784827,0.16738935686480785
109,2.437245416641235,0.8714812538575097,0.03934688568115234,0.005809385929607653,64,10,0.0002,500,96,256,0.25,4,2,32,0.0001,"{'model__batch_size': 64, 'model__callbacks__early_stopping__patience': 10, 'model__lr': 0.0002, 'model__max_epochs': 500, 'model__module__d_model': 96, 'model__module__dim_feedforward': 256, 'model__module__dropout': 0.25, 'model__module__nhead': 4, 'model__module__num_layers': 2, 'model__module__patch_size': 32, 'model__optimizer__weight_decay': 0.0001}",0.7721219295649601,0.8581711543588376,0.6743434343434344,0.40404040404040403,0.7024390243902439,0.6822231893395759,0.15290251956781525,250,0.8785882352941177,0.9800427655024946,0.9487269350062207,0.4300847457627119,0.9419025577117085,0.8358690478554507,0.20554897108234507
110,3.5665485858917236,1.196604842160534,0.03970379829406738,0.004399204517744814,64,10,0.0002,500,96,256,0.25,4,3,16,0.0001,"{'model__batch_size': 64, 'model__callbacks__early_stopping__patience': 10, 'model__lr': 0.0002, 'model__max_epochs': 500, 'model__module__d_model': 96, 'model__module__dim_feedforward': 256, 'model__module__dropout': 0.25, 'model__module__nhead': 4, 'model__module__num_layers': 3, 'model__module__patch_size': 16, 'model__optimizer__weight_decay': 0.0001}",0.5440385160011328,0.8754098360655738,0.7420249653259362,0.5560200668896321,0.714572192513369,0.6864131153591287,0.12399858511468385,243,0.8191214470284238,0.8906046511627908,0.896775385752564,0.588265306122449,0.9032608695652173,0.8196055319262889,0.11959332021527856
111,2.43713960647583,0.8067433320693662,0.03681941032409668,0.004749642883849556,64,10,0.0002,500,96,256,0.25,4,3,32,0.0001,"{'model__batch_size': 64, 'model__callbacks__early_stopping__patience': 10, 'model__lr': 0.0002, 'model__max_epochs': 500, 'model__module__d_model': 96, 'model__module__dim_feedforward': 256, 'model__module__dropout': 0.25, 'model__module__nhead': 4, 'model__module__num_layers': 3, 'model__module__patch_size': 32, 'model__optimizer__weight_decay': 0.0001}",0.7974537037037037,0.9169398907103825,0.7416666666666667,0.6701075268817205,0.7821428571428571,0.7816621290210661,0.08073876888529544,8,0.8832290980908493,0.8870750912233532,0.8986776949447679,0.5939891433867337,0.9389946686976389,0.8403931392686687,0.1247785271825181
112,2.9134010791778566,0.9591095724958758,0.03793778419494629,0.003803149416090735,64,10,0.0002,500,96,384,0.1,4,2,16,0.0001,"{'model__batch_size': 64, 'model__callbacks__early_stopping__patience': 10, 'model__lr': 0.0002, 'model__max_epochs': 500, 'model__module__d_model': 96, 'model__module__dim_feedforward': 384, 'model__module__dropout': 0.1, 'model__module__nhead': 4, 'model__module__num_layers': 2, 'model__module__patch_size': 16, 'model__optimizer__weight_decay': 0.0001}",0.6181818181818182,0.8581711543588376,0.7416666666666667,0.45816326530612245,0.7635658914728682,0.6879497591972626,0.13802030817779606,237,0.8152429667519181,0.9432699588645805,0.8995811386556888,0.4901895206243032,0.9431793998723133,0.8182925969537607,0.17057831660949954
113,2.2246546745300293,0.6967398096295281,0.03900604248046875,0.006522448079991722,64,10,0.0002,500,96,384,0.1,4,2,32,0.0001,"{'model__batch_size': 64, 'model__callbacks__early_stopping__patience': 10, 'model__lr': 0.0002, 'model__max_epochs': 500, 'model__module__d_model': 96, 'model__module__dim_feedforward': 384, 'model__module__dropout': 0.1, 'model__module__nhead': 4, 'model__module__num_layers': 2, 'model__module__patch_size': 32, 'model__optimizer__weight_decay': 0.0001}",0.837962962962963,0.9169398907103825,0.759793370641412,0.48695652173913045,0.7024390243902439,0.7408183540888263,0.14610593747036815,58,0.8663212435233161,0.8423062814233002,0.9106988249845392,0.45805860805860804,0.9264752163650669,0.8007720348709662,0.17398820323889855
114,3.4121581077575684,1.2002553033169459,0.040851688385009764,0.007644654998700592,64,10,0.0002,500,96,384,0.1,4,3,16,0.0001,"{'model__batch_size': 64, 'model__callbacks__early_stopping__patience': 10, 'model__lr': 0.0002, 'model__max_epochs': 500, 'model__module__d_model': 96, 'model__module__dim_feedforward': 384, 'model__module__dropout': 0.1, 'model__module__nhead': 4, 'model__module__num_layers': 3, 'model__module__patch_size': 16, 'model__optimizer__weight_decay': 0.0001}",0.6606060606060606,0.8416666666666667,0.7789661319073083,0.45816326530612245,0.7635658914728682,0.7005936031918052,0.13444764324911834,184,0.8129832474226804,0.9593384429205325,0.913542795232936,0.5542015987521934,0.8803373533246415,0.8240806875305967,0.14312289634488368
115,2.492710828781128,0.8885808740171289,0.04009652137756348,0.003750784397694317,64,10,0.0002,500,96,384,0.1,4,3,32,0.0001,"{'model__batch_size': 64, 'model__callbacks__early_stopping__patience': 10, 'model__lr': 0.0002, 'model__max_epochs': 500, 'model__module__d_model': 96, 'model__module__dim_feedforward': 384, 'model__module__dropout': 0.1, 'model__module__nhead': 4, 'model__module__num_layers': 3, 'model__module__patch_size': 32, 'model__optimizer__weight_decay': 0.0001}",0.7767857142857143,0.7871148459383753,0.7420249653259362,0.40404040404040403,0.7324561403508771,0.6884844139882614,0.1436896516057818,233,0.8618340723603881,0.9697890025575449,0.9224489795918367,0.4300847457627119,0.9140096618357488,0.8196332924216462,0.19776434357588715
116,3.1637214183807374,1.0068017977177084,0.043529081344604495,0.008099299905096407,64,10,0.0002,500,96,384,0.25,4,2,16,0.0001,"{'model__batch_size': 64, 'model__callbacks__early_stopping__patience': 10, 'model__lr': 0.0002, 'model__max_epochs': 500, 'model__module__d_model': 96, 'model__module__dim_feedforward': 384, 'model__module__dropout': 0.25, 'model__module__nhead': 4, 'model__module__num_layers': 2, 'model__module__patch_size': 16, 'model__optimizer__weight_decay': 0.0001}",0.8135543060076946,0.8484546360917248,0.7244444444444444,0.40404040404040403,0.7635658914728682,0.7108119364114273,0.15910946257762115,143,0.8949938949938949,0.9378033730974907,0.8995811386556888,0.42643923240938164,0.9207762150614207,0.8159187708435753,0.19534457646974696
117,2.262972116470337,0.7382541806087864,0.0371335506439209,0.003383578356557684,64,10,0.0002,500,96,384,0.25,4,2,32,0.0001,"{'model__batch_size': 64, 'model__callbacks__early_stopping__patience': 10, 'model__lr': 0.0002, 'model__max_epochs': 500, 'model__module__d_model': 96, 'model__module__dim_feedforward': 384, 'model__module__dropout': 0.25, 'model__module__nhead': 4, 'model__module__num_layers': 2, 'model__module__patch_size': 32, 'model__optimizer__weight_decay': 0.0001}",0.7878787878787878,0.9169398907103825,0.6273693943596856,0.45816326530612245,0.7550200803212852,0.7090742837152527,0.15566714796474537,151,0.8663212435233161,0.8548108315728826,0.886944470109951,0.44592324999207783,0.9642262417456215,0.8036452073887699,0.18288588856028137
118,3.582442045211792,1.368706752326084,0.03960318565368652,0.004581725267599908,64,10,0.0002,500,96,384,0.25,4,3,16,0.0001,"{'model__batch_size': 64, 'model__callbacks__early_stopping__patience': 10, 'model__lr': 0.0002, 'model__max_epochs': 500, 'model__module__d_model': 96, 'model__module__dim_feedforward': 384, 'model__module__dropout': 0.25, 'model__module__nhead': 4, 'model__module__num_layers': 3, 'model__module__patch_size': 16, 'model__optimizer__weight_decay': 0.0001}",0.5640773516879711,0.8416666666666667,0.759793370641412,0.5076092292587138,0.7635658914728682,0.6873425019455264,0.12835375170319938,241,0.8154040404040404,0.9645889792231256,0.9091448397360993,0.5370051635111875,0.8741314640595217,0.8200548973867949,0.1495928982411328
119,2.320570182800293,0.7105558352303305,0.03735117912292481,0.005400655528544204,64,10,0.0002,500,96,384,0.25,4,3,32,0.0001,"{'model__batch_size': 64, 'model__callbacks__early_stopping__patience': 10, 'model__lr': 0.0002, 'model__max_epochs': 500, 'model__module__d_model': 96, 'model__module__dim_feedforward': 384, 'model__module__dropout': 0.25, 'model__module__nhead': 4, 'model__module__num_layers': 3, 'model__module__patch_size': 32, 'model__optimizer__weight_decay': 0.0001}",0.8303030303030303,0.8423703703703703,0.759793370641412,0.40404040404040403,0.7173308619091752,0.7107676074528784,0.16008509212415495,144,0.8574731457800512,0.8608626515603259,0.8986776949447679,0.4300847457627119,0.8984851819982791,0.7891166840092272,0.18038243033971904
120,3.111778974533081,1.0641118132098122,0.03863992691040039,0.00248757094312974,64,10,0.0002,500,128,128,0.1,4,2,16,0.0001,"{'model__batch_size': 64, 'model__callbacks__early_stopping__patience': 10, 'model__lr': 0.0002, 'model__max_epochs': 500, 'model__module__d_model': 128, 'model__module__dim_feedforward': 128, 'model__module__dropout': 0.1, 'model__module__nhead': 4, 'model__module__num_layers': 2, 'model__module__patch_size': 16, 'model__optimizer__weight_decay': 0.0001}",0.7904761904761906,0.8508550602747407,0.6921985815602837,0.40404040404040403,0.7478537360890303,0.6970847944881299,0.155462936268176,207,0.930756843800322,0.9540360334799263,0.9106988249845392,0.4840478698976146,0.9898324447829399,0.8538744033890684,0.18677715629576905
121,2.317471981048584,0.6795482661259712,0.037941598892211915,0.005175560592134685,64,10,0.0002,500,128,128,0.1,4,2,32,0.0001,"{'model__batch_size': 64, 'model__callbacks__early_stopping__patience': 10, 'model__lr': 0.0002, 'model__max_epochs': 500, 'model__module__d_model': 128, 'model__module__dim_feedforward': 128, 'model__module__dropout': 0.1, 'model__module__nhead': 4, 'model__module__num_layers': 2, 'model__module__patch_size': 32, 'model__optimizer__weight_decay': 0.0001}",0.8215802888700086,0.8934679001962433,0.7416666666666667,0.45816326530612245,0.7244805781391147,0.7278717398356311,0.14774832770983642,82,0.9363067807768268,0.9638990647320058,0.9631578947368421,0.44306418219461696,0.9579858379228954,0.8528827520726374,0.20515492497302784
122,3.3842416286468504,1.0828625644474321,0.040659618377685544,0.0060445057284770655,64,10,0.0002,500,128,128,0.1,4,3,16,0.0001,"{'model__batch_size': 64, 'model__callbacks__early_stopping__patience': 10, 'model__lr': 0.0002, 'model__max_epochs': 500, 'model__module__d_model': 128, 'model__module__dim_feedforward': 128, 'model__module__dropout': 0.1, 'model__module__nhead': 4, 'model__module__num_layers': 3, 'model__module__patch_size': 16, 'model__optimizer__weight_decay': 0.0001}",0.655850540806293,0.8934679001962433,0.7395952653684612,0.6281512605042017,0.7612165010538994,0.7356562935858196,0.09327339727925166,63,0.8197828249687784,0.9432699588645805,0.91870854081651,0.6417675544794189,0.9272875816993464,0.8501632921657268,0.11284255828840467
123,2.3559608459472656,0.6809603205940603,0.03785686492919922,0.004422848775788682,64,10,0.0002,500,128,128,0.1,4,3,32,0.0001,"{'model__batch_size': 64, 'model__callbacks__early_stopping__patience': 10, 'model__lr': 0.0002, 'model__max_epochs': 500, 'model__module__d_model': 128, 'model__module__dim_feedforward': 128, 'model__module__dropout': 0.1, 'model__module__nhead': 4, 'model__module__num_layers': 3, 'model__module__patch_size': 32, 'model__optimizer__weight_decay': 0.0001}",0.7164351851851851,0.868663594470046,0.759793370641412,0.6844919786096256,0.7396341463414634,0.7538036550495465,0.06265775033385203,40,0.8589964172216262,0.9322790697674419,0.9953388122732928,0.5997023809523809,0.9529975550122249,0.8678628470453933,0.1411638332677321
124,2.8147997856140137,0.8416121865084436,0.03773789405822754,0.004227662262287927,64,10,0.0002,500,128,128,0.25,4,2,16,0.0001,"{'model__batch_size': 64, 'model__callbacks__early_stopping__patience': 10, 'model__lr': 0.0002, 'model__max_epochs': 500, 'model__module__d_model': 128, 'model__module__dim_feedforward': 128, 'model__module__dropout': 0.25, 'model__module__nhead': 4, 'model__module__num_layers': 2, 'model__module__patch_size': 16, 'model__optimizer__weight_decay': 0.0001}",0.8215802888700086,0.9169398907103825,0.7074410163339383,0.40404040404040403,0.7478537360890303,0.7195710672087527,0.1731282649869903,108,0.838978114338021,0.9342366757000904,0.8952605956471935,0.4515959925442684,0.9744473155325868,0.8189037387524319,0.18902053919987402
125,2.5475953578948975,0.9183003200767926,0.0393864631652832,0.004445380176631548,64,10,0.0002,500,128,128,0.25,4,2,32,0.0001,"{'model__batch_size': 64, 'model__callbacks__early_stopping__patience': 10, 'model__lr': 0.0002, 'model__max_epochs': 500, 'model__module__d_model': 128, 'model__module__dim_feedforward': 128, 'model__module__dropout': 0.25, 'model__module__nhead': 4, 'model__module__num_layers': 2, 'model__module__patch_size': 32, 'model__optimizer__weight_decay': 0.0001}",0.8215802888700086,0.8754098360655738,0.6770833333333333,0.40404040404040403,0.7458333333333333,0.7047894391285305,0.16471407595622153,168,0.9313759590792838,0.9798593350383631,0.9815789473684211,0.4300847457627119,0.9043848480025465,0.8454567670502653,0.20975311230516197
126,3.3428838729858397,1.0687839354771846,0.04654903411865234,0.013750708676829664,64,10,0.0002,500,128,128,0.25,4,3,16,0.0001,"{'model__batch_size': 64, 'model__callbacks__early_stopping__patience': 10, 'model__lr': 0.0002, 'model__max_epochs': 500, 'model__module__d_model': 128, 'model__module__dim_feedforward': 128, 'model__module__dropout': 0.25, 'model__module__nhead': 4, 'model__module__num_layers': 3, 'model__module__patch_size': 16, 'model__optimizer__weight_decay': 0.0001}",0.7173035104069587,0.8934679001962433,0.7080062794348508,0.5843529847979236,0.7612165010538994,0.7328694351779752,0.09951184218068922,67,0.8262626262626263,0.9281524926686218,0.9091448397360993,0.6114698385726423,0.9207762150614207,0.8391612024602821,0.11957248843954235
127,2.4044748306274415,0.6954506699346642,0.037534141540527345,0.0052356368304289315,64,10,0.0002,500,128,128,0.25,4,3,32,0.0001,"{'model__batch_size': 64, 'model__callbacks__early_stopping__patience': 10, 'model__lr': 0.0002, 'model__max_epochs': 500, 'model__module__d_model': 128, 'model__module__dim_feedforward': 128, 'model__module__dropout': 0.25, 'model__module__nhead': 4, 'model__module__num_layers': 3, 'model__module__patch_size': 32, 'model__optimizer__weight_decay': 0.0001}",0.804287045666356,0.8934679001962433,0.759793370641412,0.40404040404040403,0.7635658914728682,0.7250309224034568,0.16755944204388476,94,0.866567367963756,0.9266954787234043,0.9907155322862129,0.4276595744680851,0.9642262417456215,0.8351728390374159,0.2079795090845284
128,2.8180739879608154,1.0226767164373205,0.04021134376525879,0.005547184088217998,64,10,0.0002,500,128,256,0.1,4,2,16,0.0001,"{'model__batch_size': 64, 'model__callbacks__early_stopping__patience': 10, 'model__lr': 0.0002, 'model__max_epochs': 500, 'model__module__d_model': 128, 'model__module__dim_feedforward': 256, 'model__module__dropout': 0.1, 'model__module__nhead': 4, 'model__module__num_layers': 2, 'model__module__patch_size': 16, 'model__optimizer__weight_decay': 0.0001}",0.5982142857142857,0.8986936816848841,0.7745454545454545,0.40404040404040403,0.8140243902439024,0.6979036432457861,0.17661721661287264,202,0.8214896214896215,0.9642502482621649,0.9056001135637732,0.42643923240938164,0.9140096618357488,0.806357775512138,0.19541498171742713
129,2.508784866333008,0.7871794976807696,0.03824114799499512,0.004326439099836738,64,10,0.0002,500,128,256,0.1,4,2,32,0.0001,"{'model__batch_size': 64, 'model__callbacks__early_stopping__patience': 10, 'model__lr': 0.0002, 'model__max_epochs': 500, 'model__module__d_model': 128, 'model__module__dim_feedforward': 256, 'model__module__dropout': 0.1, 'model__module__nhead': 4, 'model__module__num_layers': 2, 'model__module__patch_size': 32, 'model__optimizer__weight_decay': 0.0001}",0.8446170921198668,0.8508550602747407,0.7789661319073083,0.40404040404040403,0.7550200803212852,0.726699753732721,0.16550644094070316,84,0.9130365817388718,0.9486803519061584,0.9862382947902115,0.4300847457627119,0.9584500466853407,0.8472980041766588,0.2099171383746746
130,3.4154307365417482,1.1960944978836614,0.04007201194763184,0.004014287682984751,64,10,0.0002,500,128,256,0.1,4,3,16,0.0001,"{'model__batch_size': 64, 'model__callbacks__early_stopping__patience': 10, 'model__lr': 0.0002, 'model__max_epochs': 500, 'model__module__d_model': 128, 'model__module__dim_feedforward': 256, 'model__module__dropout': 0.1, 'model__module__nhead': 4, 'model__module__num_layers': 3, 'model__module__patch_size': 16, 'model__optimizer__weight_decay': 0.0001}",0.6606060606060606,0.8934679001962433,0.7933333333333333,0.40404040404040403,0.7173308619091752,0.6937557120170432,0.16455412941123038,223,0.8154040404040404,0.9486803519061584,0.9143041237113403,0.42643923240938164,0.9425525672371639,0.809476063133617,0.1973972982831135
131,2.44231276512146,0.6843572714874561,0.036636734008789064,0.003818840645435845,64,10,0.0002,500,128,256,0.1,4,3,32,0.0001,"{'model__batch_size': 64, 'model__callbacks__early_stopping__patience': 10, 'model__lr': 0.0002, 'model__max_epochs': 500, 'model__module__d_model': 128, 'model__module__dim_feedforward': 256, 'model__module__dropout': 0.1, 'model__module__nhead': 4, 'model__module__num_layers': 3, 'model__module__patch_size': 32, 'model__optimizer__weight_decay': 0.0001}",0.7878787878787878,0.6811188811188811,0.7244444444444444,0.773076923076923,0.7979524239686842,0.7528942920975441,0.04386933379634401,41,0.8753221649484536,0.8966834257600932,0.9721465968586387,0.6640396210163652,0.9579858379228954,0.8732355293012892,0.11070962021126547
132,2.7881402492523195,0.8581473461548436,0.03837695121765137,0.003305954366165396,64,10,0.0002,500,128,256,0.25,4,2,16,0.0001,"{'model__batch_size': 64, 'model__callbacks__early_stopping__patience': 10, 'model__lr': 0.0002, 'model__max_epochs': 500, 'model__module__d_model': 128, 'model__module__dim_feedforward': 256, 'model__module__dropout': 0.25, 'model__module__nhead': 4, 'model__module__num_layers': 2, 'model__module__patch_size': 16, 'model__optimizer__weight_decay': 0.0001}",0.7756410256410255,0.9392162090109304,0.7080062794348508,0.40404040404040403,0.8346883468834688,0.7323184530021359,0.18084284952880436,69,0.8745990084572761,0.9248195071501024,0.8986776949447679,0.4300847457627119,0.9369787568843431,0.8130319426398402,0.1926829138339946
133,2.2480289459228517,0.6929288728716227,0.03873763084411621,0.0035612914365474703,64,10,0.0002,500,128,256,0.25,4,2,32,0.0001,"{'model__batch_size': 64, 'model__callbacks__early_stopping__patience': 10, 'model__lr': 0.0002, 'model__max_epochs': 500, 'model__module__d_model': 128, 'model__module__dim_feedforward': 256, 'model__module__dropout': 0.25, 'model__module__nhead': 4, 'model__module__num_layers': 2, 'model__module__patch_size': 32, 'model__optimizer__weight_decay': 0.0001}",0.7321428571428572,0.7973333333333333,0.6743434343434344,0.5785714285714286,0.776829268292683,0.7118440643367474,0.07888146237219647,138,0.8542525368762423,0.9144312393887946,0.9676348403469434,0.5395806589644844,0.9256326595575362,0.8403063870268002,0.1546725962546758
134,3.5145405769348144,1.2800696320616891,0.03896212577819824,0.003986726463268226,64,10,0.0002,500,128,256,0.25,4,3,16,0.0001,"{'model__batch_size': 64, 'model__callbacks__early_stopping__patience': 10, 'model__lr': 0.0002, 'model__max_epochs': 500, 'model__module__d_model': 128, 'model__module__dim_feedforward': 256, 'model__module__dropout': 0.25, 'model__module__nhead': 4, 'model__module__num_layers': 3, 'model__module__patch_size': 16, 'model__optimizer__weight_decay': 0.0001}",0.6693657219973009,0.868663594470046,0.6922489499809088,0.40404040404040403,0.7396341463414634,0.6747905633660246,0.1519416436560254,269,0.8242057746358913,0.9371675531914894,0.91870854081651,0.42643923240938164,0.9376750700280112,0.8088392342162567,0.19575698532594396
135,2.488270616531372,0.7480589663298253,0.03837566375732422,0.00544926177289404,64,10,0.0002,500,128,256,0.25,4,3,32,0.0001,"{'model__batch_size': 64, 'model__callbacks__early_stopping__patience': 10, 'model__lr': 0.0002, 'model__max_epochs': 500, 'model__module__d_model': 128, 'model__module__dim_feedforward': 256, 'model__module__dropout': 0.25, 'model__module__nhead': 4, 'model__module__num_layers': 3, 'model__module__patch_size': 32, 'model__optimizer__weight_decay': 0.0001}",0.804287045666356,0.868663594470046,0.6309523809523809,0.7485470747772182,0.7458333333333333,0.7596566858398669,0.07842663039606416,24,0.8513824884792627,0.9649157700033811,0.9770638246503527,0.545903129463706,0.9376750700280112,0.8553880565249428,0.16085361656701733
136,2.8085110664367674,0.8477164575637827,0.042090845108032224,0.005024087769928656,64,10,0.0002,500,128,384,0.1,4,2,16,0.0001,"{'model__batch_size': 64, 'model__callbacks__early_stopping__patience': 10, 'model__lr': 0.0002, 'model__max_epochs': 500, 'model__module__d_model': 128, 'model__module__dim_feedforward': 384, 'model__module__dropout': 0.1, 'model__module__nhead': 4, 'model__module__num_layers': 2, 'model__module__patch_size': 16, 'model__optimizer__weight_decay': 0.0001}",0.7306895531222255,0.8986936816848841,0.6449026345933562,0.40404040404040403,0.7396341463414634,0.6835920839564666,0.1620330811528404,248,0.838106997550756,0.9131791743509717,0.913542795232936,0.4387815927515498,0.9328483816672792,0.8072917883106985,0.1870910016442755
137,2.252764129638672,0.7065652078886769,0.03851604461669922,0.0048945964263569,64,10,0.0002,500,128,384,0.1,4,2,32,0.0001,"{'model__batch_size': 64, 'model__callbacks__early_stopping__patience': 10, 'model__lr': 0.0002, 'model__max_epochs': 500, 'model__module__d_model': 128, 'model__module__dim_feedforward': 384, 'model__module__dropout': 0.1, 'model__module__nhead': 4, 'model__module__num_layers': 2, 'model__module__patch_size': 32, 'model__optimizer__weight_decay': 0.0001}",0.7974537037037037,0.8986936816848841,0.7064141196728368,0.6571096474234793,0.7866454689984101,0.7692633242966629,0.08291866329989898,17,0.8733779618759693,0.9481694775812424,0.9907894736842104,0.5775039265434336,0.9238510430247718,0.8627383765419255,0.1475819817937129
138,3.490587615966797,1.1024839038550356,0.04426608085632324,0.005089977006744183,64,10,0.0002,500,128,384,0.1,4,3,16,0.0001,"{'model__batch_size': 64, 'model__callbacks__early_stopping__patience': 10, 'model__lr': 0.0002, 'model__max_epochs': 500, 'model__module__d_model': 128, 'model__module__dim_feedforward': 384, 'model__module__dropout': 0.1, 'model__module__nhead': 4, 'model__module__num_layers': 3, 'model__module__patch_size': 16, 'model__optimizer__weight_decay': 0.0001}",0.7756410256410255,0.8754098360655738,0.6743434343434344,0.6361570918532944,0.830398517145505,0.7583899810097666,0.0907537057013521,27,0.9147273257509478,0.9371675531914894,0.8933673469387755,0.6404648910411622,0.9112176039119804,0.8593889441668712,0.11034521408837049
139,2.322603225708008,0.7070108255583895,0.03982434272766113,0.005667545966204744,64,10,0.0002,500,128,384,0.1,4,3,32,0.0001,"{'model__batch_size': 64, 'model__callbacks__early_stopping__patience': 10, 'model__lr': 0.0002, 'model__max_epochs': 500, 'model__module__d_model': 128, 'model__module__dim_feedforward': 384, 'model__module__dropout': 0.1, 'model__module__nhead': 4, 'model__module__num_layers': 3, 'model__module__patch_size': 32, 'model__optimizer__weight_decay': 0.0001}",0.7165991902834008,0.833879781420765,0.7993527508090614,0.7028283611003487,0.7324561403508771,0.7570232447928906,0.05074139636254404,31,0.8470322141461165,0.9329554059308679,0.9719172297297297,0.5539687633718442,0.9540051679586563,0.8519757562274428,0.15503952269621663
140,2.7661437511444094,0.7515141214068907,0.039343404769897464,0.004341412318040044,64,10,0.0002,500,128,384,0.25,4,2,16,0.0001,"{'model__batch_size': 64, 'model__callbacks__early_stopping__patience': 10, 'model__lr': 0.0002, 'model__max_epochs': 500, 'model__module__d_model': 128, 'model__module__dim_feedforward': 384, 'model__module__dropout': 0.25, 'model__module__nhead': 4, 'model__module__num_layers': 2, 'model__module__patch_size': 16, 'model__optimizer__weight_decay': 0.0001}",0.8135543060076946,0.9169398907103825,0.69,0.40404040404040403,0.7396341463414634,0.7128337494199889,0.17227705533252555,129,0.8634920634920635,0.8624338624338623,0.8995811386556888,0.42643923240938164,0.9272875816993464,0.7958467757380685,0.18628427827369892
141,2.2525477409362793,0.7519785528651679,0.03750863075256348,0.0035805527025841504,64,10,0.0002,500,128,384,0.25,4,2,32,0.0001,"{'model__batch_size': 64, 'model__callbacks__early_stopping__patience': 10, 'model__lr': 0.0002, 'model__max_epochs': 500, 'model__module__d_model': 128, 'model__module__dim_feedforward': 384, 'model__module__dropout': 0.25, 'model__module__nhead': 4, 'model__module__num_layers': 2, 'model__module__patch_size': 32, 'model__optimizer__weight_decay': 0.0001}",0.7878787878787878,0.9169398907103825,0.6684491978609626,0.40404040404040403,0.7024390243902439,0.6959494609761562,0.16929090206193567,208,0.8721126202042233,0.9476396276595744,0.9862382947902115,0.4300847457627119,0.9529975550122249,0.8378145686857892,0.20725743954185916
142,3.6604865550994874,1.1359414985559289,0.04137015342712402,0.005135946569543094,64,10,0.0002,500,128,384,0.25,4,3,16,0.0001,"{'model__batch_size': 64, 'model__callbacks__early_stopping__patience': 10, 'model__lr': 0.0002, 'model__max_epochs': 500, 'model__module__d_model': 128, 'model__module__dim_feedforward': 384, 'model__module__dropout': 0.25, 'model__module__nhead': 4, 'model__module__num_layers': 3, 'model__module__patch_size': 16, 'model__optimizer__weight_decay': 0.0001}",0.6428571428571428,0.8754098360655738,0.69,0.658751902587519,0.7927092987333951,0.7319456360487261,0.08868789997513699,70,0.8326603201171671,0.9540360334799263,0.9539473684210527,0.6775944726452341,0.9321075794621028,0.8700691548250965,0.10618915363912595
143,2.458024501800537,0.753154159604062,0.039312744140625,0.002595566252140254,64,10,0.0002,500,128,384,0.25,4,3,32,0.0001,"{'model__batch_size': 64, 'model__callbacks__early_stopping__patience': 10, 'model__lr': 0.0002, 'model__max_epochs': 500, 'model__module__d_model': 128, 'model__module__dim_feedforward': 384, 'model__module__dropout': 0.25, 'model__module__nhead': 4, 'model__module__num_layers': 3, 'model__module__patch_size': 32, 'model__optimizer__weight_decay': 0.0001}",0.7569444444444444,0.8423703703703703,0.6383333333333333,0.3979591836734694,0.7612165010538994,0.6793647665751034,0.15502375322913572,257,0.8634920634920635,0.9540360334799263,0.9378359429773311,0.4373545441154809,0.9529975550122249,0.8291432278154055,0.19871106098507232
144,15.854721021652221,6.2069352016822,0.04050154685974121,0.004778691267158356,128,10,3e-05,500,96,128,0.1,4,2,16,0.0001,"{'model__batch_size': 128, 'model__callbacks__early_stopping__patience': 10, 'model__lr': 3e-05, 'model__max_epochs': 500, 'model__module__d_model': 96, 'model__module__dim_feedforward': 128, 'model__module__dropout': 0.1, 'model__module__nhead': 4, 'model__module__num_layers': 2, 'model__module__patch_size': 16, 'model__optimizer__weight_decay': 0.0001}",0.7173035104069587,0.9208333333333334,0.7074410163339383,0.6338652482269503,0.776829268292683,0.7512544753187728,0.09619103592856804,43,0.8319902319902319,0.9491730536506656,0.8720128307939053,0.4922669521368003,0.9112176039119804,0.8113321344967167,0.1642490307326305
145,11.833936214447021,5.280124740701902,0.037179422378540036,0.0037575188969660666,128,10,3e-05,500,96,128,0.1,4,2,32,0.0001,"{'model__batch_size': 128, 'model__callbacks__early_stopping__patience': 10, 'model__lr': 3e-05, 'model__max_epochs': 500, 'model__module__d_model': 96, 'model__module__dim_feedforward': 128, 'model__module__dropout': 0.1, 'model__module__nhead': 4, 'model__module__num_layers': 2, 'model__module__patch_size': 32, 'model__optimizer__weight_decay': 0.0001}",0.7569444444444444,0.8423703703703703,0.6743434343434344,0.5076092292587138,0.776829268292683,0.7116193493419292,0.11524942534428427,139,0.8545425257731959,0.8504389824611669,0.8952605956471935,0.46132665832290365,0.9584500466853407,0.8040037617779602,0.17568122168743042
146,14.836929082870483,4.736536183204017,0.040112543106079104,0.0044208258469333175,128,10,3e-05,500,96,128,0.1,4,3,16,0.0001,"{'model__batch_size': 128, 'model__callbacks__early_stopping__patience': 10, 'model__lr': 3e-05, 'model__max_epochs': 500, 'model__module__d_model': 96, 'model__module__dim_feedforward': 128, 'model__module__dropout': 0.1, 'model__module__nhead': 4, 'model__module__num_layers': 3, 'model__module__patch_size': 16, 'model__optimizer__weight_decay': 0.0001}",0.6303199751475613,0.8934679001962433,0.7232142857142857,0.553030303030303,0.7095238095238096,0.7019112547224406,0.11357514484529144,177,0.8319902319902319,0.9248195071501024,0.8697284649289874,0.45805860805860804,0.8984851819982791,0.7966163988252417,0.17206472383428162
147,14.141164398193359,7.130127870027348,0.03802947998046875,0.003362640291839991,128,10,3e-05,500,96,128,0.1,4,3,32,0.0001,"{'model__batch_size': 128, 'model__callbacks__early_stopping__patience': 10, 'model__lr': 3e-05, 'model__max_epochs': 500, 'model__module__d_model': 96, 'model__module__dim_feedforward': 128, 'model__module__dropout': 0.1, 'model__module__nhead': 4, 'model__module__num_layers': 3, 'model__module__patch_size': 32, 'model__optimizer__weight_decay': 0.0001}",0.7878787878787878,0.8986936816848841,0.6770833333333333,0.45816326530612245,0.8140243902439024,0.727168691689406,0.1520019163622425,83,0.8634920634920635,0.9194373401534527,0.9099349550031186,0.4300847457627119,0.9899366802351877,0.822577156929307,0.2003730582798487
148,18.22479157447815,6.719903402458119,0.036765670776367186,0.0033830069103541077,128,10,3e-05,500,96,128,0.25,4,2,16,0.0001,"{'model__batch_size': 128, 'model__callbacks__early_stopping__patience': 10, 'model__lr': 3e-05, 'model__max_epochs': 500, 'model__module__d_model': 96, 'model__module__dim_feedforward': 128, 'model__module__dropout': 0.25, 'model__module__nhead': 4, 'model__module__num_layers': 2, 'model__module__patch_size': 16, 'model__optimizer__weight_decay': 0.0001}",0.7569444444444444,0.8754098360655738,0.7524500907441016,0.40404040404040403,0.6800699300699301,0.6937829410728907,0.15783429499330706,222,0.8424908424908425,0.9342366757000904,0.9056001135637732,0.46548596112311014,0.9159716758457908,0.8127570537447214,0.17635855549774537
149,14.787041807174683,5.935468291165705,0.04091620445251465,0.00754396140808783,128,10,3e-05,500,96,128,0.25,4,2,32,0.0001,"{'model__batch_size': 128, 'model__callbacks__early_stopping__patience': 10, 'model__lr': 3e-05, 'model__max_epochs': 500, 'model__module__d_model': 96, 'model__module__dim_feedforward': 128, 'model__module__dropout': 0.25, 'model__module__nhead': 4, 'model__module__num_layers': 2, 'model__module__patch_size': 32, 'model__optimizer__weight_decay': 0.0001}",0.8057713651498335,0.9208333333333334,0.69,0.40404040404040403,0.7095238095238096,0.7060337824094761,0.17178806450644885,161,0.8501291989664084,0.9029649595687331,0.8952605956471935,0.4288747346072187,0.9535104180773473,0.8061479813733801,0.19146786846224087
150,17.63596992492676,7.369174892256804,0.04243879318237305,0.0033276126418356495,128,10,3e-05,500,96,128,0.25,4,3,16,0.0001,"{'model__batch_size': 128, 'model__callbacks__early_stopping__patience': 10, 'model__lr': 3e-05, 'model__max_epochs': 500, 'model__module__d_model': 96, 'model__module__dim_feedforward': 128, 'model__module__dropout': 0.25, 'model__module__nhead': 4, 'model__module__num_layers': 3, 'model__module__patch_size': 16, 'model__optimizer__weight_decay': 0.0001}",0.6606060606060606,0.8754098360655738,0.7933333333333333,0.6338652482269503,0.7550200803212852,0.7436469117106406,0.08821264567157842,53,0.8195358788676761,0.9448676385767418,0.870890035414457,0.500764192139738,0.9159716758457908,0.8104058841688808,0.16052648788818683
151,13.43871603012085,5.520061101033491,0.03826885223388672,0.0023370021625491624,128,10,3e-05,500,96,128,0.25,4,3,32,0.0001,"{'model__batch_size': 128, 'model__callbacks__early_stopping__patience': 10, 'model__lr': 3e-05, 'model__max_epochs': 500, 'model__module__d_model': 96, 'model__module__dim_feedforward': 128, 'model__module__dropout': 0.25, 'model__module__nhead': 4, 'model__module__num_layers': 3, 'model__module__patch_size': 32, 'model__optimizer__weight_decay': 0.0001}",0.7173035104069587,0.8508550602747407,0.5975563192058038,0.553030303030303,0.7821428571428571,0.7001776100121326,0.11126432626672117,187,0.873992673992674,0.9140018066847335,0.890973892898512,0.4708512160228899,0.984827533953365,0.826929424710435,0.18200095969296268
152,15.096814918518067,5.934287173550042,0.03613314628601074,0.0032193909027338845,128,10,3e-05,500,96,256,0.1,4,2,16,0.0001,"{'model__batch_size': 128, 'model__callbacks__early_stopping__patience': 10, 'model__lr': 3e-05, 'model__max_epochs': 500, 'model__module__d_model': 96, 'model__module__dim_feedforward': 256, 'model__module__dropout': 0.1, 'model__module__nhead': 4, 'model__module__num_layers': 2, 'model__module__patch_size': 16, 'model__optimizer__weight_decay': 0.0001}",0.6478248002367565,0.8581711543588376,0.7074410163339383,0.45816326530612245,0.7244805781391147,0.6792161628749539,0.13016927424768376,258,0.810989010989011,0.9548917042900614,0.8847237269772481,0.5301310043668123,0.9216625916870416,0.8204796076620349,0.15285568206869551
153,12.245196914672851,5.339674314207322,0.03659133911132813,0.002775173176539239,128,10,3e-05,500,96,256,0.1,4,2,32,0.0001,"{'model__batch_size': 128, 'model__callbacks__early_stopping__patience': 10, 'model__lr': 3e-05, 'model__max_epochs': 500, 'model__module__d_model': 96, 'model__module__dim_feedforward': 256, 'model__module__dropout': 0.1, 'model__module__nhead': 4, 'model__module__num_layers': 2, 'model__module__patch_size': 32, 'model__optimizer__weight_decay': 0.0001}",0.8215802888700086,0.9169398907103825,0.6770833333333333,0.6701075268817205,0.8184523809523809,0.7808326841495652,0.09447197341281358,9,0.8676609848484849,0.9208791208791209,0.9164397905759163,0.5274586033117351,0.9638414362823812,0.8392559871795277,0.15884940167920483
154,23.630450010299683,13.9824043632031,0.04868383407592773,0.0050750983581535096,128,10,3e-05,500,96,256,0.1,4,3,16,0.0001,"{'model__batch_size': 128, 'model__callbacks__early_stopping__patience': 10, 'model__lr': 3e-05, 'model__max_epochs': 500, 'model__module__d_model': 96, 'model__module__dim_feedforward': 256, 'model__module__dropout': 0.1, 'model__module__nhead': 4, 'model__module__num_layers': 3, 'model__module__patch_size': 16, 'model__optimizer__weight_decay': 0.0001}",0.6303199751475613,0.8986936816848841,0.7566718995290425,0.45816326530612245,0.7244805781391147,0.6936658799613449,0.1458971478619525,224,0.8282433219605558,0.908511496571198,0.8793782082675808,0.4416361416361416,0.9159716758457908,0.7947481688562534,0.17922583853862187
155,20.932139444351197,8.823941406012908,0.040679550170898436,0.00674904166642045,128,10,3e-05,500,96,256,0.1,4,3,32,0.0001,"{'model__batch_size': 128, 'model__callbacks__early_stopping__patience': 10, 'model__lr': 3e-05, 'model__max_epochs': 500, 'model__module__d_model': 96, 'model__module__dim_feedforward': 256, 'model__module__dropout': 0.1, 'model__module__nhead': 4, 'model__module__num_layers': 3, 'model__module__patch_size': 32, 'model__optimizer__weight_decay': 0.0001}",0.7026338147833475,0.8248847926267281,0.805337519623234,0.6701075268817205,0.7244805781391147,0.7454888464108289,0.05974248800698126,48,0.8354722997210045,0.9751650734207155,0.930082184099392,0.5007512152010605,0.9272875816993464,0.8337516708283038,0.17257957518434705
156,30.77202100753784,11.101424110394827,0.04474062919616699,0.006227039294686952,128,10,3e-05,500,96,256,0.25,4,2,16,0.0001,"{'model__batch_size': 128, 'model__callbacks__early_stopping__patience': 10, 'model__lr': 3e-05, 'model__max_epochs': 500, 'model__module__d_model': 96, 'model__module__dim_feedforward': 256, 'model__module__dropout': 0.25, 'model__module__nhead': 4, 'model__module__num_layers': 2, 'model__module__patch_size': 16, 'model__optimizer__weight_decay': 0.0001}",0.6181818181818182,0.8986936816848841,0.7074410163339383,0.40404040404040403,0.6588166028848985,0.6574347046251885,0.1590332641483484,285,0.8214896214896215,0.9288422751109319,0.8814933618462086,0.4744810744810745,0.8903276283618582,0.7993267922579389,0.16602571426479648
157,23.304247045516966,10.06958688592527,0.041605138778686525,0.0034901354980762978,128,10,3e-05,500,96,256,0.25,4,2,32,0.0001,"{'model__batch_size': 128, 'model__callbacks__early_stopping__patience': 10, 'model__lr': 3e-05, 'model__max_epochs': 500, 'model__module__d_model': 96, 'model__module__dim_feedforward': 256, 'model__module__dropout': 0.25, 'model__module__nhead': 4, 'model__module__num_layers': 2, 'model__module__patch_size': 32, 'model__optimizer__weight_decay': 0.0001}",0.7173035104069587,0.88125,0.6770833333333333,0.40404040404040403,0.7458333333333333,0.6851021162228059,0.15637083472523428,245,0.8424908424908425,0.9448676385767418,0.9207598086459776,0.4300847457627119,0.9535104180773473,0.8183426907107242,0.1980381317068858
158,32.18713846206665,12.32292517153275,0.045883703231811526,0.00618465121408909,128,10,3e-05,500,96,256,0.25,4,3,16,0.0001,"{'model__batch_size': 128, 'model__callbacks__early_stopping__patience': 10, 'model__lr': 3e-05, 'model__max_epochs': 500, 'model__module__d_model': 96, 'model__module__dim_feedforward': 256, 'model__module__dropout': 0.25, 'model__module__nhead': 4, 'model__module__num_layers': 3, 'model__module__patch_size': 16, 'model__optimizer__weight_decay': 0.0001}",0.6738117427772601,0.88125,0.7745454545454545,0.45816326530612245,0.7306446864880778,0.7036830298233829,0.14032155331502189,171,0.8363580562659847,0.90201174712973,0.8900174375752782,0.559672619047619,0.8817632850241546,0.8139646290085534,0.12907275031714396
159,18.55726914405823,7.584889544148428,0.04290995597839355,0.004126798962915615,128,10,3e-05,500,96,256,0.25,4,3,32,0.0001,"{'model__batch_size': 128, 'model__callbacks__early_stopping__patience': 10, 'model__lr': 3e-05, 'model__max_epochs': 500, 'model__module__d_model': 96, 'model__module__dim_feedforward': 256, 'model__module__dropout': 0.25, 'model__module__nhead': 4, 'model__module__num_layers': 3, 'model__module__patch_size': 32, 'model__optimizer__weight_decay': 0.0001}",0.7569444444444444,0.8934679001962433,0.6743434343434344,0.553030303030303,0.776829268292683,0.7309230700614215,0.11318339498738791,74,0.8663212435233161,0.9131791743509717,0.876217067583047,0.4444931163954944,0.9054681353265146,0.8011357474358688,0.17917549859757861
160,29.21420302391052,11.002231679379348,0.041991138458251955,0.003740418322320678,128,10,3e-05,500,96,384,0.1,4,2,16,0.0001,"{'model__batch_size': 128, 'model__callbacks__early_stopping__patience': 10, 'model__lr': 3e-05, 'model__max_epochs': 500, 'model__module__d_model': 96, 'model__module__dim_feedforward': 384, 'model__module__dropout': 0.1, 'model__module__nhead': 4, 'model__module__num_layers': 2, 'model__module__patch_size': 16, 'model__optimizer__weight_decay': 0.0001}",0.6606060606060606,0.9032340208810797,0.7745454545454545,0.553030303030303,0.776829268292683,0.7336490214711161,0.11853650877412275,65,0.8529914529914531,0.8710680883285922,0.890973892898512,0.5817977928995591,0.9383466748768473,0.8270355803989927,0.12588280982991099
161,19.54280743598938,7.684920384678421,0.04044418334960938,0.003622281558089334,128,10,3e-05,500,96,384,0.1,4,2,32,0.0001,"{'model__batch_size': 128, 'model__callbacks__early_stopping__patience': 10, 'model__lr': 3e-05, 'model__max_epochs': 500, 'model__module__d_model': 96, 'model__module__dim_feedforward': 384, 'model__module__dropout': 0.1, 'model__module__nhead': 4, 'model__module__num_layers': 2, 'model__module__patch_size': 32, 'model__optimizer__weight_decay': 0.0001}",0.7878787878787878,0.8986936816848841,0.6174228675136116,0.7658730158730158,0.7007215007215007,0.75411797073436,0.09350598302962868,38,0.8457552809884417,0.9443541102077687,0.9164397905759163,0.6297640199194214,0.9264752163650669,0.8525576836113229,0.11632248143606386
162,29.71846194267273,12.610061741324104,0.04997262954711914,0.005577186300738712,128,10,3e-05,500,96,384,0.1,4,3,16,0.0001,"{'model__batch_size': 128, 'model__callbacks__early_stopping__patience': 10, 'model__lr': 3e-05, 'model__max_epochs': 500, 'model__module__d_model': 96, 'model__module__dim_feedforward': 384, 'model__module__dropout': 0.1, 'model__module__nhead': 4, 'model__module__num_layers': 3, 'model__module__patch_size': 16, 'model__optimizer__weight_decay': 0.0001}",0.6478248002367565,0.88125,0.7395952653684612,0.40404040404040403,0.6942355889724311,0.6733892117236105,0.15570885628090725,270,0.8345435362750574,0.9336076039154491,0.8918985776128634,0.4416361416361416,0.9007726161369193,0.8004916951152861,0.18224607683775235
163,16.008256912231445,7.903636559925886,0.03994626998901367,0.005664502110951325,128,10,3e-05,500,96,384,0.1,4,3,32,0.0001,"{'model__batch_size': 128, 'model__callbacks__early_stopping__patience': 10, 'model__lr': 3e-05, 'model__max_epochs': 500, 'model__module__d_model': 96, 'model__module__dim_feedforward': 384, 'model__module__dropout': 0.1, 'model__module__nhead': 4, 'model__module__num_layers': 3, 'model__module__patch_size': 32, 'model__optimizer__weight_decay': 0.0001}",0.7721219295649601,0.868663594470046,0.7064141196728368,0.6878306878306878,0.7550200803212852,0.7580100823719633,0.06330809564049728,28,0.8649323453608248,0.9652311027890017,0.8867201362765278,0.5857849096361132,0.936256565335031,0.8477850118794997,0.13570175280639138
164,32.16286191940308,13.384500256940688,0.04529447555541992,0.006561108119112273,128,10,3e-05,500,96,384,0.25,4,2,16,0.0001,"{'model__batch_size': 128, 'model__callbacks__early_stopping__patience': 10, 'model__lr': 3e-05, 'model__max_epochs': 500, 'model__module__d_model': 96, 'model__module__dim_feedforward': 384, 'model__module__dropout': 0.25, 'model__module__nhead': 4, 'model__module__num_layers': 2, 'model__module__patch_size': 16, 'model__optimizer__weight_decay': 0.0001}",0.6606060606060606,0.8986936816848841,0.7745454545454545,0.45816326530612245,0.7173308619091752,0.7018678648103394,0.145159227624715,178,0.8214896214896215,0.940128296507484,0.8847237269772481,0.5085131735734145,0.948062558356676,0.8205834753808888,0.1625081826249743
165,21.017423152923584,9.7363093294554,0.0393707275390625,0.003697449223393885,128,10,3e-05,500,96,384,0.25,4,2,32,0.0001,"{'model__batch_size': 128, 'model__callbacks__early_stopping__patience': 10, 'model__lr': 3e-05, 'model__max_epochs': 500, 'model__module__d_model': 96, 'model__module__dim_feedforward': 384, 'model__module__dropout': 0.25, 'model__module__nhead': 4, 'model__module__num_layers': 2, 'model__module__patch_size': 32, 'model__optimizer__weight_decay': 0.0001}",0.7454545454545454,0.88125,0.6922489499809088,0.40404040404040403,0.7306446864880778,0.6907277171927871,0.15689427018671714,230,0.8485517073861911,0.9395780051150895,0.890973892898512,0.4288747346072187,0.9425525672371639,0.8101061814488351,0.1937318040552541
166,28.885444259643556,12.605213430267808,0.049698686599731444,0.00453252234775522,128,10,3e-05,500,96,384,0.25,4,3,16,0.0001,"{'model__batch_size': 128, 'model__callbacks__early_stopping__patience': 10, 'model__lr': 3e-05, 'model__max_epochs': 500, 'model__module__d_model': 96, 'model__module__dim_feedforward': 384, 'model__module__dropout': 0.25, 'model__module__nhead': 4, 'model__module__num_layers': 3, 'model__module__patch_size': 16, 'model__optimizer__weight_decay': 0.0001}",0.6428571428571428,0.8581711543588376,0.7745454545454545,0.40404040404040403,0.694730644686488,0.6748689600976654,0.15381966564790622,268,0.8045454545454545,0.9342366757000904,0.8490490050707526,0.4402087040443948,0.8741314640595217,0.7804342606840428,0.1752010907457992
167,19.219450902938842,8.23155734726279,0.043099069595336915,0.003915635224819139,128,10,3e-05,500,96,384,0.25,4,3,32,0.0001,"{'model__batch_size': 128, 'model__callbacks__early_stopping__patience': 10, 'model__lr': 3e-05, 'model__max_epochs': 500, 'model__module__d_model': 96, 'model__module__dim_feedforward': 384, 'model__module__dropout': 0.25, 'model__module__nhead': 4, 'model__module__num_layers': 3, 'model__module__patch_size': 32, 'model__optimizer__weight_decay': 0.0001}",0.7306895531222255,0.88125,0.7237076648841354,0.7658730158730158,0.7396341463414634,0.7682308760441681,0.058289488062171865,18,0.8634920634920635,0.9395780051150895,0.9143041237113403,0.5029208392942298,0.9584500466853407,0.8357490156596127,0.16944095063052547
168,27.749477338790893,11.92009575760728,0.04621973037719727,0.00314910776232276,128,10,3e-05,500,128,128,0.1,4,2,16,0.0001,"{'model__batch_size': 128, 'model__callbacks__early_stopping__patience': 10, 'model__lr': 3e-05, 'model__max_epochs': 500, 'model__module__d_model': 128, 'model__module__dim_feedforward': 128, 'model__module__dropout': 0.1, 'model__module__nhead': 4, 'model__module__num_layers': 2, 'model__module__patch_size': 16, 'model__optimizer__weight_decay': 0.0001}",0.8285714285714285,0.9392162090109304,0.6921985815602837,0.6701075268817205,0.7458333333333333,0.7751854158715392,0.09853516085420533,10,0.8634920634920635,0.9194373401534527,0.8876689189189189,0.5370051635111875,0.9437840941716911,0.8302775160494628,0.14915687685101703
169,18.89371814727783,7.115887409442167,0.03894057273864746,0.004610994450384841,128,10,3e-05,500,128,128,0.1,4,2,32,0.0001,"{'model__batch_size': 128, 'model__callbacks__early_stopping__patience': 10, 'model__lr': 3e-05, 'model__max_epochs': 500, 'model__module__d_model': 128, 'model__module__dim_feedforward': 128, 'model__module__dropout': 0.1, 'model__module__nhead': 4, 'model__module__num_layers': 2, 'model__module__patch_size': 32, 'model__optimizer__weight_decay': 0.0001}",0.837962962962963,0.8986936816848841,0.6593406593406593,0.40404040404040403,0.7612165010538994,0.712250841816562,0.17364058689698297,137,0.8982007575757576,0.9307692307692308,0.9200989486703772,0.4300847457627119,0.9588977832512315,0.8276102932058619,0.19972075373439963
170,33.36439185142517,14.949435974721068,0.04513325691223145,0.007225458499830595,128,10,3e-05,500,128,128,0.1,4,3,16,0.0001,"{'model__batch_size': 128, 'model__callbacks__early_stopping__patience': 10, 'model__lr': 3e-05, 'model__max_epochs': 500, 'model__module__d_model': 128, 'model__module__dim_feedforward': 128, 'model__module__dropout': 0.1, 'model__module__nhead': 4, 'model__module__num_layers': 3, 'model__module__patch_size': 16, 'model__optimizer__weight_decay': 0.0001}",0.6738117427772601,0.88125,0.7693452380952381,0.48695652173913045,0.7550200803212852,0.7132767165865828,0.13105687789223253,127,0.8154040404040404,0.9697890025575449,0.9491404634023396,0.49732323232323233,0.9747125565889417,0.8412738590552198,0.18161966500831858
171,17.87343120574951,6.94058063250585,0.04281325340270996,0.005219542697245351,128,10,3e-05,500,128,128,0.1,4,3,32,0.0001,"{'model__batch_size': 128, 'model__callbacks__early_stopping__patience': 10, 'model__lr': 3e-05, 'model__max_epochs': 500, 'model__module__d_model': 128, 'model__module__dim_feedforward': 128, 'model__module__dropout': 0.1, 'model__module__nhead': 4, 'model__module__num_layers': 3, 'model__module__patch_size': 32, 'model__optimizer__weight_decay': 0.0001}",0.837962962962963,0.9169398907103825,0.6593406593406593,0.553030303030303,0.7550200803212852,0.7444587792731187,0.1284478595442141,51,0.948585093662814,0.9448676385767418,0.9004544239508153,0.5250056960583276,0.948062558356676,0.853395082121075,0.16519350378921452
172,29.230465030670167,11.997666442378232,0.04735698699951172,0.005871285952272461,128,10,3e-05,500,128,128,0.25,4,2,16,0.0001,"{'model__batch_size': 128, 'model__callbacks__early_stopping__patience': 10, 'model__lr': 3e-05, 'model__max_epochs': 500, 'model__module__d_model': 128, 'model__module__dim_feedforward': 128, 'model__module__dropout': 0.25, 'model__module__nhead': 4, 'model__module__num_layers': 2, 'model__module__patch_size': 16, 'model__optimizer__weight_decay': 0.0001}",0.6759259259259259,0.8986936816848841,0.7232142857142857,0.5076092292587138,0.7458333333333333,0.7102552911834286,0.1258464869353361,145,0.8089203423304806,0.9248195071501024,0.9012987012987013,0.5085131735734145,0.9335630203847258,0.8154229489474849,0.15970924981392928
173,20.18377056121826,7.461895872679645,0.04318256378173828,0.005093322639026116,128,10,3e-05,500,128,128,0.25,4,2,32,0.0001,"{'model__batch_size': 128, 'model__callbacks__early_stopping__patience': 10, 'model__lr': 3e-05, 'model__max_epochs': 500, 'model__module__d_model': 128, 'model__module__dim_feedforward': 128, 'model__module__dropout': 0.25, 'model__module__nhead': 4, 'model__module__num_layers': 2, 'model__module__patch_size': 32, 'model__optimizer__weight_decay': 0.0001}",0.7306895531222255,0.8754098360655738,0.7080062794348508,0.49715909090909094,0.7612165010538994,0.7144962521171281,0.12297621521633692,123,0.8823436105878855,0.9248195071501024,0.9491404634023396,0.46726467847157505,0.9535104180773473,0.8354157355378499,0.18580103790139604
174,27.793771266937256,12.20330858809686,0.04657831192016602,0.0016543384243474302,128,10,3e-05,500,128,128,0.25,4,3,16,0.0001,"{'model__batch_size': 128, 'model__callbacks__early_stopping__patience': 10, 'model__lr': 3e-05, 'model__max_epochs': 500, 'model__module__d_model': 128, 'model__module__dim_feedforward': 128, 'model__module__dropout': 0.25, 'model__module__nhead': 4, 'model__module__num_layers': 3, 'model__module__patch_size': 16, 'model__optimizer__weight_decay': 0.0001}",0.703030303030303,0.9169398907103825,0.7074410163339383,0.45816326530612245,0.7396341463414634,0.705041724344442,0.14632583129697702,166,0.8363580562659847,0.9348435728634221,0.9150401022073957,0.517801494718844,0.9075200123152709,0.8223126476741835,0.15585005660180878
175,14.616621208190917,5.383254247075835,0.045412635803222655,0.010898687552210556,128,10,3e-05,500,128,128,0.25,4,3,32,0.0001,"{'model__batch_size': 128, 'model__callbacks__early_stopping__patience': 10, 'model__lr': 3e-05, 'model__max_epochs': 500, 'model__module__d_model': 128, 'model__module__dim_feedforward': 128, 'model__module__dropout': 0.25, 'model__module__nhead': 4, 'model__module__num_layers': 3, 'model__module__patch_size': 32, 'model__optimizer__weight_decay': 0.0001}",0.7306895531222255,0.8754098360655738,0.6593406593406593,0.45816326530612245,0.776829268292683,0.7000865164254527,0.1398222775744783,188,0.8452181468379569,0.9093670076726343,0.9004544239508153,0.4596891319798523,0.9535104180773473,0.8136478257037213,0.18030115589242782
176,27.02718529701233,10.406738967935556,0.0481163501739502,0.004291053961243524,128,10,3e-05,500,128,256,0.1,4,2,16,0.0001,"{'model__batch_size': 128, 'model__callbacks__early_stopping__patience': 10, 'model__lr': 3e-05, 'model__max_epochs': 500, 'model__module__d_model': 128, 'model__module__dim_feedforward': 256, 'model__module__dropout': 0.1, 'model__module__nhead': 4, 'model__module__num_layers': 2, 'model__module__patch_size': 16, 'model__optimizer__weight_decay': 0.0001}",0.7422826394789012,0.9169398907103825,0.7232142857142857,0.40404040404040403,0.7927092987333951,0.7158373037354737,0.16989563644079672,115,0.8634920634920635,0.908511496571198,0.8814933618462086,0.4809791216702664,0.9694973343488196,0.8207946755857112,0.17365985692591926
177,18.360197019577026,7.522816939421121,0.041248750686645505,0.0051127085004386355,128,10,3e-05,500,128,256,0.1,4,2,32,0.0001,"{'model__batch_size': 128, 'model__callbacks__early_stopping__patience': 10, 'model__lr': 3e-05, 'model__max_epochs': 500, 'model__module__d_model': 128, 'model__module__dim_feedforward': 256, 'model__module__dropout': 0.1, 'model__module__nhead': 4, 'model__module__num_layers': 2, 'model__module__patch_size': 32, 'model__optimizer__weight_decay': 0.0001}",0.7607952780366574,0.8986936816848841,0.6530348687042618,0.553030303030303,0.7095238095238096,0.7150155881959831,0.11484286992367274,118,0.8680306905370845,0.9029649595687331,0.9631578947368421,0.44592324999207783,0.9691733374384237,0.8298500264546324,0.19564523963972033
178,26.61761164665222,11.056653962896124,0.05005049705505371,0.0026143416462771087,128,10,3e-05,500,128,256,0.1,4,3,16,0.0001,"{'model__batch_size': 128, 'model__callbacks__early_stopping__patience': 10, 'model__lr': 3e-05, 'model__max_epochs': 500, 'model__module__d_model': 128, 'model__module__dim_feedforward': 256, 'model__module__dropout': 0.1, 'model__module__nhead': 4, 'model__module__num_layers': 3, 'model__module__patch_size': 16, 'model__optimizer__weight_decay': 0.0001}",0.7607952780366574,0.9169398907103825,0.7080062794348508,0.45816326530612245,0.7458333333333333,0.7179476093642693,0.14818785362218823,112,0.8513824884792627,0.8801860465116279,0.8995811386556888,0.4515959925442684,0.9486222290640394,0.8062735790509773,0.1801463270600225
179,15.854397201538086,5.8160947160709355,0.042852592468261716,0.002512670859009385,128,10,3e-05,500,128,256,0.1,4,3,32,0.0001,"{'model__batch_size': 128, 'model__callbacks__early_stopping__patience': 10, 'model__lr': 3e-05, 'model__max_epochs': 500, 'model__module__d_model': 128, 'model__module__dim_feedforward': 256, 'model__module__dropout': 0.1, 'model__module__nhead': 4, 'model__module__num_layers': 3, 'model__module__patch_size': 32, 'model__optimizer__weight_decay': 0.0001}",0.7569444444444444,0.8986936816848841,0.6743434343434344,0.7040133779264214,0.7612165010538994,0.7590422878906168,0.07708919076334908,25,0.8868872060581905,0.908511496571198,0.8804537364948677,0.6157641864692898,0.9216625916870416,0.8426558434561174,0.11440625112228055
180,28.51782250404358,11.091096793732788,0.04458065032958984,0.0029983223142860116,128,10,3e-05,500,128,256,0.25,4,2,16,0.0001,"{'model__batch_size': 128, 'model__callbacks__early_stopping__patience': 10, 'model__lr': 3e-05, 'model__max_epochs': 500, 'model__module__d_model': 128, 'model__module__dim_feedforward': 256, 'model__module__dropout': 0.25, 'model__module__nhead': 4, 'model__module__num_layers': 2, 'model__module__patch_size': 16, 'model__optimizer__weight_decay': 0.0001}",0.703030303030303,0.9032340208810797,0.7074410163339383,0.5949656750572082,0.7550200803212852,0.7327382191247629,0.10006905855605143,68,0.8424908424908425,0.9301496792587313,0.876217067583047,0.5154475982532751,0.9159716758457908,0.8160553726863373,0.15341712816730452
181,19.13059458732605,6.932371743453808,0.042715835571289065,0.004993447951445998,128,10,3e-05,500,128,256,0.25,4,2,32,0.0001,"{'model__batch_size': 128, 'model__callbacks__early_stopping__patience': 10, 'model__lr': 3e-05, 'model__max_epochs': 500, 'model__module__d_model': 128, 'model__module__dim_feedforward': 256, 'model__module__dropout': 0.25, 'model__module__nhead': 4, 'model__module__num_layers': 2, 'model__module__patch_size': 32, 'model__optimizer__weight_decay': 0.0001}",0.813034188034188,0.8508550602747407,0.6449026345933562,0.5076092292587138,0.7458333333333333,0.7124468890988664,0.12402417056321743,135,0.9437295528898582,0.9552971321572878,0.9403659440909169,0.44592324999207783,0.9272875816993464,0.8425206921658974,0.19849957628692128
182,26.125061559677125,12.135824547111337,0.04960556030273437,0.006991550962085526,128,10,3e-05,500,128,256,0.25,4,3,16,0.0001,"{'model__batch_size': 128, 'model__callbacks__early_stopping__patience': 10, 'model__lr': 3e-05, 'model__max_epochs': 500, 'model__module__d_model': 128, 'model__module__dim_feedforward': 256, 'model__module__dropout': 0.25, 'model__module__nhead': 4, 'model__module__num_layers': 3, 'model__module__patch_size': 16, 'model__optimizer__weight_decay': 0.0001}",0.6606060606060606,0.8754098360655738,0.7080062794348508,0.45816326530612245,0.7927092987333951,0.6989789480292006,0.1410385770938669,196,0.8214896214896215,0.9548917042900614,0.8952605956471935,0.5108044501497646,0.9342526471312484,0.8233398037415778,0.16276481935243609
183,16.843501853942872,6.165405932959467,0.0799637794494629,0.06751481382830114,128,10,3e-05,500,128,256,0.25,4,3,32,0.0001,"{'model__batch_size': 128, 'model__callbacks__early_stopping__patience': 10, 'model__lr': 3e-05, 'model__max_epochs': 500, 'model__module__d_model': 128, 'model__module__dim_feedforward': 256, 'model__module__dropout': 0.25, 'model__module__nhead': 4, 'model__module__num_layers': 3, 'model__module__patch_size': 32, 'model__optimizer__weight_decay': 0.0001}",0.7721219295649601,0.8986936816848841,0.6743434343434344,0.6701075268817205,0.7396341463414634,0.7509801437632926,0.08343687607008128,44,0.8925746009715475,0.9552971321572878,0.8857388316151202,0.5888646288209607,0.9159716758457908,0.8476893738821414,0.13167732978997093
184,26.54476571083069,13.02206167430129,0.04343633651733399,0.002933152917281459,128,10,3e-05,500,128,384,0.1,4,2,16,0.0001,"{'model__batch_size': 128, 'model__callbacks__early_stopping__patience': 10, 'model__lr': 3e-05, 'model__max_epochs': 500, 'model__module__d_model': 128, 'model__module__dim_feedforward': 384, 'model__module__dropout': 0.1, 'model__module__nhead': 4, 'model__module__num_layers': 2, 'model__module__patch_size': 16, 'model__optimizer__weight_decay': 0.0001}",0.6875,0.9169398907103825,0.7693452380952381,0.553030303030303,0.7927092987333951,0.7439049461138638,0.120486358282267,52,0.8282433219605558,0.9076246334310851,0.8927926822857344,0.4922669521368003,0.9691733374384237,0.8180201854505199,0.1689300685320395
185,17.122165822982787,6.072597310894923,0.041022443771362306,0.0035280504115782194,128,10,3e-05,500,128,384,0.1,4,2,32,0.0001,"{'model__batch_size': 128, 'model__callbacks__early_stopping__patience': 10, 'model__lr': 3e-05, 'model__max_epochs': 500, 'model__module__d_model': 128, 'model__module__dim_feedforward': 384, 'model__module__dropout': 0.1, 'model__module__nhead': 4, 'model__module__num_layers': 2, 'model__module__patch_size': 32, 'model__optimizer__weight_decay': 0.0001}",0.7306895531222255,0.9169398907103825,0.6423076923076922,0.6722222222222223,0.68774465522433,0.7299808027173705,0.09773507351518308,75,0.8634920634920635,0.8836495031616982,0.9817219817219818,0.5051120427059143,0.8961251167133519,0.8260201415590019,0.16544791732332265
186,26.93088526725769,12.485023960782735,0.04753026962280273,0.006690112051194408,128,10,3e-05,500,128,384,0.1,4,3,16,0.0001,"{'model__batch_size': 128, 'model__callbacks__early_stopping__patience': 10, 'model__lr': 3e-05, 'model__max_epochs': 500, 'model__module__d_model': 128, 'model__module__dim_feedforward': 384, 'model__module__dropout': 0.1, 'model__module__nhead': 4, 'model__module__num_layers': 3, 'model__module__patch_size': 16, 'model__optimizer__weight_decay': 0.0001}",0.7306895531222255,0.8754098360655738,0.7693452380952381,0.40404040404040403,0.7612165010538994,0.7081403064754681,0.15970437739783794,154,0.8319902319902319,0.9443541102077687,0.8900174375752782,0.4288747346072187,0.9491622239146992,0.8088797476590394,0.19470680789735356
187,16.413163280487062,7.69711926406658,0.04480190277099609,0.005475555552445811,128,10,3e-05,500,128,384,0.1,4,3,32,0.0001,"{'model__batch_size': 128, 'model__callbacks__early_stopping__patience': 10, 'model__lr': 3e-05, 'model__max_epochs': 500, 'model__module__d_model': 128, 'model__module__dim_feedforward': 384, 'model__module__dropout': 0.1, 'model__module__nhead': 4, 'model__module__num_layers': 3, 'model__module__patch_size': 32, 'model__optimizer__weight_decay': 0.0001}",0.7422826394789012,0.88125,0.6922489499809088,0.6338652482269503,0.7458333333333333,0.7390960342040188,0.08189195718972592,60,0.8560382622558789,0.9438218186976877,0.9770638246503527,0.4985817327174001,0.9272875816993464,0.840558644004133,0.175503095505021
188,28.111958456039428,13.084062872967895,0.04402866363525391,0.0062796080023646336,128,10,3e-05,500,128,384,0.25,4,2,16,0.0001,"{'model__batch_size': 128, 'model__callbacks__early_stopping__patience': 10, 'model__lr': 3e-05, 'model__max_epochs': 500, 'model__module__d_model': 128, 'model__module__dim_feedforward': 384, 'model__module__dropout': 0.25, 'model__module__nhead': 4, 'model__module__num_layers': 2, 'model__module__patch_size': 16, 'model__optimizer__weight_decay': 0.0001}",0.6606060606060606,0.9208333333333334,0.7074410163339383,0.5949656750572082,0.7612165010538994,0.729012517276888,0.11040439386177334,79,0.8282433219605558,0.9448676385767418,0.9114374331925631,0.5051839464882943,0.9102130437362768,0.8199890767908864,0.16202976511850387
189,16.957830667495728,6.552565499349834,0.04094195365905762,0.004423851684170643,128,10,3e-05,500,128,384,0.25,4,2,32,0.0001,"{'model__batch_size': 128, 'model__callbacks__early_stopping__patience': 10, 'model__lr': 3e-05, 'model__max_epochs': 500, 'model__module__d_model': 128, 'model__module__dim_feedforward': 384, 'model__module__dropout': 0.25, 'model__module__nhead': 4, 'model__module__num_layers': 2, 'model__module__patch_size': 32, 'model__optimizer__weight_decay': 0.0001}",0.7454545454545454,0.88125,0.7745454545454545,0.5076092292587138,0.7156177156177156,0.7248953889752858,0.12217522068100047,95,0.8649323453608248,0.9140018066847335,0.9491404634023396,0.4300847457627119,0.9007726161369193,0.8117863954695059,0.1927450747049085
190,26.50495457649231,10.968971537554147,0.043976783752441406,0.009406031687496284,128,10,3e-05,500,128,384,0.25,4,3,16,0.0001,"{'model__batch_size': 128, 'model__callbacks__early_stopping__patience': 10, 'model__lr': 3e-05, 'model__max_epochs': 500, 'model__module__d_model': 128, 'model__module__dim_feedforward': 384, 'model__module__dropout': 0.25, 'model__module__nhead': 4, 'model__module__num_layers': 3, 'model__module__patch_size': 16, 'model__optimizer__weight_decay': 0.0001}",0.6693657219973009,0.9604166666666667,0.6743434343434344,0.5686021505376344,0.776829268292683,0.729911448367544,0.1327465375972695,76,0.8282433219605558,0.8927507447864945,0.8890279516061743,0.5201783723522854,0.9496834011759385,0.8159767583762896,0.15281056371007198
191,16.577430963516235,7.005466346487523,0.04411749839782715,0.0036151313828783737,128,10,3e-05,500,128,384,0.25,4,3,32,0.0001,"{'model__batch_size': 128, 'model__callbacks__early_stopping__patience': 10, 'model__lr': 3e-05, 'model__max_epochs': 500, 'model__module__d_model': 128, 'model__module__dim_feedforward': 384, 'model__module__dropout': 0.25, 'model__module__nhead': 4, 'model__module__num_layers': 3, 'model__module__patch_size': 32, 'model__optimizer__weight_decay': 0.0001}",0.7523809523809524,0.9169398907103825,0.6449026345933562,0.5949656750572082,0.776829268292683,0.7372036842069164,0.11212205431426839,61,0.8663212435233161,0.8992966751918159,0.8847237269772481,0.500764192139738,0.9540051679586563,0.8210222011581549,0.16277987757436801
192,12.08904800415039,5.099027713025331,0.04282221794128418,0.004274603167727146,128,10,0.0001,500,96,128,0.1,4,2,16,0.0001,"{'model__batch_size': 128, 'model__callbacks__early_stopping__patience': 10, 'model__lr': 0.0001, 'model__max_epochs': 500, 'model__module__d_model': 96, 'model__module__dim_feedforward': 128, 'model__module__dropout': 0.1, 'model__module__nhead': 4, 'model__module__num_layers': 2, 'model__module__patch_size': 16, 'model__optimizer__weight_decay': 0.0001}",0.7454545454545454,0.9169398907103825,0.6770833333333333,0.4412878787878788,0.7090620031796502,0.697965530293158,0.15274003517335338,201,0.8407669519420671,0.90201174712973,0.8952605956471935,0.5746118458884416,0.9540051679586563,0.8333312617132176,0.13424266739079596
193,8.374096345901489,2.5777871975776803,0.03890562057495117,0.002918662426043523,128,10,0.0001,500,96,128,0.1,4,2,32,0.0001,"{'model__batch_size': 128, 'model__callbacks__early_stopping__patience': 10, 'model__lr': 0.0001, 'model__max_epochs': 500, 'model__module__d_model': 96, 'model__module__dim_feedforward': 128, 'model__module__dropout': 0.1, 'model__module__nhead': 4, 'model__module__num_layers': 2, 'model__module__patch_size': 32, 'model__optimizer__weight_decay': 0.0001}",0.8612291135655621,0.9169398907103825,0.7232142857142857,0.40404040404040403,0.7706766917293233,0.7352200771519914,0.17887518236200461,64,0.8663212435233161,0.9295076726342711,0.9817219817219818,0.4300847457627119,0.9688375350140056,0.8352946357312574,0.2065470770766903
194,12.365742635726928,4.771678553604247,0.04733929634094238,0.006434164795774106,128,10,0.0001,500,96,128,0.1,4,3,16,0.0001,"{'model__batch_size': 128, 'model__callbacks__early_stopping__patience': 10, 'model__lr': 0.0001, 'model__max_epochs': 500, 'model__module__d_model': 96, 'model__module__dim_feedforward': 128, 'model__module__dropout': 0.1, 'model__module__nhead': 4, 'model__module__num_layers': 3, 'model__module__patch_size': 16, 'model__optimizer__weight_decay': 0.0001}",0.5535714285714286,0.8645276292335116,0.6770833333333333,0.40404040404040403,0.776829268292683,0.655210412694272,0.16278828224094782,286,0.7941278772378516,0.9438218186976877,0.8804537364948677,0.4276595744680851,0.9376750700280112,0.7967476153853006,0.1922139060730651
195,7.684336614608765,3.1717446181261484,0.04003067016601562,0.003897653757147276,128,10,0.0001,500,96,128,0.1,4,3,32,0.0001,"{'model__batch_size': 128, 'model__callbacks__early_stopping__patience': 10, 'model__lr': 0.0001, 'model__max_epochs': 500, 'model__module__d_model': 96, 'model__module__dim_feedforward': 128, 'model__module__dropout': 0.1, 'model__module__nhead': 4, 'model__module__num_layers': 3, 'model__module__patch_size': 32, 'model__optimizer__weight_decay': 0.0001}",0.689257176679491,0.8176486270327913,0.7416666666666667,0.40404040404040403,0.7867132867132867,0.687865232226528,0.1483696278861109,238,0.8452181468379569,0.970064148253742,0.9244800908510185,0.45643453870977474,0.9376750700280112,0.8267743989361007,0.18966765525510315
196,11.658093309402465,4.868947927747071,0.04104404449462891,0.003959239915370878,128,10,0.0001,500,96,128,0.25,4,2,16,0.0001,"{'model__batch_size': 128, 'model__callbacks__early_stopping__patience': 10, 'model__lr': 0.0001, 'model__max_epochs': 500, 'model__module__d_model': 96, 'model__module__dim_feedforward': 128, 'model__module__dropout': 0.25, 'model__module__nhead': 4, 'model__module__num_layers': 2, 'model__module__patch_size': 16, 'model__optimizer__weight_decay': 0.0001}",0.6478248002367565,0.88125,0.7080062794348508,0.40404040404040403,0.7156177156177156,0.6713478398659454,0.1545116038106322,277,0.8152429667519181,0.8947473100101434,0.876217067583047,0.46726467847157505,0.9593297791317593,0.8025603603896887,0.1738300535952809
197,8.902748632431031,3.895765053635872,0.04061226844787598,0.004776894499429925,128,10,0.0001,500,96,128,0.25,4,2,32,0.0001,"{'model__batch_size': 128, 'model__callbacks__early_stopping__patience': 10, 'model__lr': 0.0001, 'model__max_epochs': 500, 'model__module__d_model': 96, 'model__module__dim_feedforward': 128, 'model__module__dropout': 0.25, 'model__module__nhead': 4, 'model__module__num_layers': 2, 'model__module__patch_size': 32, 'model__optimizer__weight_decay': 0.0001}",0.7607952780366574,0.9169398907103825,0.7080062794348508,0.40404040404040403,0.776829268292683,0.7133222241029955,0.16936970989824615,126,0.8407669519420671,0.8357771260997067,0.9815789473684211,0.4300847457627119,0.9744473155325868,0.8125310173410988,0.20119487592181556
198,11.37312159538269,4.13828939362053,0.04657135009765625,0.0070467552379553855,128,10,0.0001,500,96,128,0.25,4,3,16,0.0001,"{'model__batch_size': 128, 'model__callbacks__early_stopping__patience': 10, 'model__lr': 0.0001, 'model__max_epochs': 500, 'model__module__d_model': 96, 'model__module__dim_feedforward': 128, 'model__module__dropout': 0.25, 'model__module__nhead': 4, 'model__module__num_layers': 3, 'model__module__patch_size': 16, 'model__optimizer__weight_decay': 0.0001}",0.7173035104069587,0.9208333333333334,0.7395952653684612,0.40404040404040403,0.7156177156177156,0.6994780457533746,0.16641465736143496,193,0.8363580562659847,0.9443541102077687,0.8584001703456596,0.42643923240938164,0.8949645948072384,0.7921032328072066,0.18645359957642452
199,8.530327558517456,3.6881640224949614,0.04111804962158203,0.0020427757707448266,128,10,0.0001,500,96,128,0.25,4,3,32,0.0001,"{'model__batch_size': 128, 'model__callbacks__early_stopping__patience': 10, 'model__lr': 0.0001, 'model__max_epochs': 500, 'model__module__d_model': 96, 'model__module__dim_feedforward': 128, 'model__module__dropout': 0.25, 'model__module__nhead': 4, 'model__module__num_layers': 3, 'model__module__patch_size': 32, 'model__optimizer__weight_decay': 0.0001}",0.7321428571428572,0.9169398907103825,0.7080062794348508,0.40404040404040403,0.7324561403508771,0.6987171143358744,0.1654070339895101,198,0.8711824914704169,0.9649157700033811,0.9056001135637732,0.44306418219461696,0.9264752163650669,0.822247554719451,0.19201038107583618
200,12.040621948242187,4.448812125876584,0.046381139755249025,0.004310116013484676,128,10,0.0001,500,96,256,0.1,4,2,16,0.0001,"{'model__batch_size': 128, 'model__callbacks__early_stopping__patience': 10, 'model__lr': 0.0001, 'model__max_epochs': 500, 'model__module__d_model': 96, 'model__module__dim_feedforward': 256, 'model__module__dropout': 0.1, 'model__module__nhead': 4, 'model__module__num_layers': 2, 'model__module__patch_size': 16, 'model__optimizer__weight_decay': 0.0001}",0.7569444444444444,0.8986936816848841,0.7244444444444444,0.3917525773195876,0.7396341463414634,0.7022938588469648,0.16726052132052102,176,0.8604651162790697,0.9501069137562366,0.8814933618462086,0.4373545441154809,0.8877994116823085,0.803443869535861,0.18546721869247448
201,8.115552282333374,2.7508657713334252,0.043386220932006836,0.0035662032392470458,128,10,0.0001,500,96,256,0.1,4,2,32,0.0001,"{'model__batch_size': 128, 'model__callbacks__early_stopping__patience': 10, 'model__lr': 0.0001, 'model__max_epochs': 500, 'model__module__d_model': 96, 'model__module__dim_feedforward': 256, 'model__module__dropout': 0.1, 'model__module__nhead': 4, 'model__module__num_layers': 2, 'model__module__patch_size': 32, 'model__optimizer__weight_decay': 0.0001}",0.8057713651498335,0.9032340208810797,0.813172621609987,0.6878306878306878,0.6655122655122655,0.7751041921967708,0.0876743848251599,11,0.8469156010230179,0.9501069137562366,0.930082184099392,0.49647228221742257,0.8903276283618582,0.8227809218915855,0.16694180883976711
202,13.109733581542969,5.008214553970022,0.05045723915100098,0.008269669095544992,128,10,0.0001,500,96,256,0.1,4,3,16,0.0001,"{'model__batch_size': 128, 'model__callbacks__early_stopping__patience': 10, 'model__lr': 0.0001, 'model__max_epochs': 500, 'model__module__d_model': 96, 'model__module__dim_feedforward': 256, 'model__module__dropout': 0.1, 'model__module__nhead': 4, 'model__module__num_layers': 3, 'model__module__patch_size': 16, 'model__optimizer__weight_decay': 0.0001}",0.6606060606060606,0.88125,0.8246464646464646,0.40404040404040403,0.7173308619091752,0.6975747582404209,0.1660139863607617,204,0.8258005115089514,0.9501069137562366,0.9587148843706348,0.49647228221742257,0.9102130437362768,0.8282615271179044,0.17243583581672572
203,8.491648244857789,2.921809650006004,0.04118614196777344,0.004448894727138798,128,10,0.0001,500,96,256,0.1,4,3,32,0.0001,"{'model__batch_size': 128, 'model__callbacks__early_stopping__patience': 10, 'model__lr': 0.0001, 'model__max_epochs': 500, 'model__module__d_model': 96, 'model__module__dim_feedforward': 256, 'model__module__dropout': 0.1, 'model__module__nhead': 4, 'model__module__num_layers': 3, 'model__module__patch_size': 32, 'model__optimizer__weight_decay': 0.0001}",0.7607952780366574,0.8581711543588376,0.6593406593406593,0.7593622543566927,0.7095238095238096,0.7494386311233313,0.06597128290252417,46,0.8345435362750574,0.9453631615255741,0.9587148843706348,0.6295034432765494,0.9216625916870416,0.8579575234269715,0.12213894432939988
204,12.742295217514037,4.869439787190615,0.04510951042175293,0.0019936331147963164,128,10,0.0001,500,96,256,0.25,4,2,16,0.0001,"{'model__batch_size': 128, 'model__callbacks__early_stopping__patience': 10, 'model__lr': 0.0001, 'model__max_epochs': 500, 'model__module__d_model': 96, 'model__module__dim_feedforward': 256, 'model__module__dropout': 0.25, 'model__module__nhead': 4, 'model__module__num_layers': 2, 'model__module__patch_size': 16, 'model__optimizer__weight_decay': 0.0001}",0.7569444444444444,0.8986936816848841,0.7395952653684612,0.4769503546099291,0.7612165010538994,0.7266800494323237,0.13728008818145596,85,0.8529914529914531,0.9342366757000904,0.8847237269772481,0.46391860709041327,0.9328483816672792,0.8137437688852968,0.1775728742583578
205,7.345407009124756,2.9192514355675434,0.044611358642578126,0.009199200632624015,128,10,0.0001,500,96,256,0.25,4,2,32,0.0001,"{'model__batch_size': 128, 'model__callbacks__early_stopping__patience': 10, 'model__lr': 0.0001, 'model__max_epochs': 500, 'model__module__d_model': 96, 'model__module__dim_feedforward': 256, 'model__module__dropout': 0.25, 'model__module__nhead': 4, 'model__module__num_layers': 2, 'model__module__patch_size': 32, 'model__optimizer__weight_decay': 0.0001}",0.6738117427772601,0.8645276292335116,0.6449026345933562,0.40404040404040403,0.7156177156177156,0.6605800252524495,0.14890077817695446,284,0.8407669519420671,0.9751650734207155,0.9194154860554219,0.4300847457627119,0.9091709523142497,0.8149206418990331,0.19710264838414826
206,12.263523817062378,4.309186442126331,0.04953680038452148,0.005414165827091994,128,10,0.0001,500,96,256,0.25,4,3,16,0.0001,"{'model__batch_size': 128, 'model__callbacks__early_stopping__patience': 10, 'model__lr': 0.0001, 'model__max_epochs': 500, 'model__module__d_model': 96, 'model__module__dim_feedforward': 256, 'model__module__dropout': 0.25, 'model__module__nhead': 4, 'model__module__num_layers': 3, 'model__module__patch_size': 16, 'model__optimizer__weight_decay': 0.0001}",0.703030303030303,0.8645276292335116,0.7566718995290425,0.40404040404040403,0.776829268292683,0.7010199008251887,0.15734029721109302,182,0.8218642117376295,0.9443541102077687,0.8847237269772481,0.4964163457424048,0.9054681353265146,0.8105653059983131,0.16200166483660405
207,8.445896434783936,3.2985238045323957,0.04512948989868164,0.006148885177769751,128,10,0.0001,500,96,256,0.25,4,3,32,0.0001,"{'model__batch_size': 128, 'model__callbacks__early_stopping__patience': 10, 'model__lr': 0.0001, 'model__max_epochs': 500, 'model__module__d_model': 96, 'model__module__dim_feedforward': 256, 'model__module__dropout': 0.25, 'model__module__nhead': 4, 'model__module__num_layers': 3, 'model__module__patch_size': 32, 'model__optimizer__weight_decay': 0.0001}",0.7164351851851851,0.8416666666666667,0.6593406593406593,0.45816326530612245,0.7095238095238096,0.6770259172044886,0.12484342876830623,263,0.8469156010230179,0.9552971321572878,0.9194154860554219,0.4252136752136752,0.9140096618357488,0.8121703112570303,0.1966218406198859
208,12.413041353225708,4.453645472569219,0.04971017837524414,0.004386767449082212,128,10,0.0001,500,96,384,0.1,4,2,16,0.0001,"{'model__batch_size': 128, 'model__callbacks__early_stopping__patience': 10, 'model__lr': 0.0001, 'model__max_epochs': 500, 'model__module__d_model': 96, 'model__module__dim_feedforward': 384, 'model__module__dropout': 0.1, 'model__module__nhead': 4, 'model__module__num_layers': 2, 'model__module__patch_size': 16, 'model__optimizer__weight_decay': 0.0001}",0.7164351851851851,0.9169398907103825,0.6922489499809088,0.4496809032891507,0.7306446864880778,0.701189923130741,0.14898642735008127,181,0.8469156010230179,0.9395780051150895,0.8961601249201505,0.5294299238526445,0.9335630203847258,0.8291293350591257,0.1534500038916
209,8.439787530899048,3.1484261858274265,0.044891881942749026,0.007431220122209246,128,10,0.0001,500,96,384,0.1,4,2,32,0.0001,"{'model__batch_size': 128, 'model__callbacks__early_stopping__patience': 10, 'model__lr': 0.0001, 'model__max_epochs': 500, 'model__module__d_model': 96, 'model__module__dim_feedforward': 384, 'model__module__dropout': 0.1, 'model__module__nhead': 4, 'model__module__num_layers': 2, 'model__module__patch_size': 32, 'model__optimizer__weight_decay': 0.0001}",0.7569444444444444,0.8581711543588376,0.7244444444444444,0.6871212121212121,0.7244805781391147,0.7502323667016106,0.058321562478242786,45,0.8589964172216262,0.9448676385767418,0.9861292172915472,0.5654971534489607,0.9744473155325868,0.8659875484142926,0.15669266970077245
210,12.036014223098755,4.875667274078953,0.049883270263671876,0.007919645805702013,128,10,0.0001,500,96,384,0.1,4,3,16,0.0001,"{'model__batch_size': 128, 'model__callbacks__early_stopping__patience': 10, 'model__lr': 0.0001, 'model__max_epochs': 500, 'model__module__d_model': 96, 'model__module__dim_feedforward': 384, 'model__module__dropout': 0.1, 'model__module__nhead': 4, 'model__module__num_layers': 3, 'model__module__patch_size': 16, 'model__optimizer__weight_decay': 0.0001}",0.6428571428571428,0.8645276292335116,0.7745454545454545,0.40404040404040403,0.7706766917293233,0.6913294644811673,0.16006439826550417,228,0.8326603201171671,0.9329554059308679,0.8986776949447679,0.4300847457627119,0.9328483816672792,0.8054453096845589,0.19121655513958993
211,7.720502328872681,2.6707650630851596,0.04359712600708008,0.004991200277672106,128,10,0.0001,500,96,384,0.1,4,3,32,0.0001,"{'model__batch_size': 128, 'model__callbacks__early_stopping__patience': 10, 'model__lr': 0.0001, 'model__max_epochs': 500, 'model__module__d_model': 96, 'model__module__dim_feedforward': 384, 'model__module__dropout': 0.1, 'model__module__nhead': 4, 'model__module__num_layers': 3, 'model__module__patch_size': 32, 'model__optimizer__weight_decay': 0.0001}",0.7819314641744548,0.8581711543588376,0.7416666666666667,0.40404040404040403,0.7612165010538994,0.7094052380588525,0.15771128046605876,150,0.8604651162790697,0.9695038321903994,0.8933673469387755,0.4288747346072187,0.9043848480025465,0.811319175603602,0.1944708622451751
212,13.125255012512207,4.7179958813909275,0.047707319259643555,0.003953669379217856,128,10,0.0001,500,96,384,0.25,4,2,16,0.0001,"{'model__batch_size': 128, 'model__callbacks__early_stopping__patience': 10, 'model__lr': 0.0001, 'model__max_epochs': 500, 'model__module__d_model': 96, 'model__module__dim_feedforward': 384, 'model__module__dropout': 0.25, 'model__module__nhead': 4, 'model__module__num_layers': 2, 'model__module__patch_size': 16, 'model__optimizer__weight_decay': 0.0001}",0.6629849900877938,0.9169398907103825,0.7232142857142857,0.45816326530612245,0.7156177156177156,0.69538402948726,0.14669309020611587,211,0.8529914529914531,0.9548917042900614,0.8782653266699618,0.500764192139738,0.9328483816672792,0.8239522115516987,0.16567873402044883
213,7.868877744674682,2.9120389511587037,0.042440176010131836,0.003510453120610403,128,10,0.0001,500,96,384,0.25,4,2,32,0.0001,"{'model__batch_size': 128, 'model__callbacks__early_stopping__patience': 10, 'model__lr': 0.0001, 'model__max_epochs': 500, 'model__module__d_model': 96, 'model__module__dim_feedforward': 384, 'model__module__dropout': 0.25, 'model__module__nhead': 4, 'model__module__num_layers': 2, 'model__module__patch_size': 32, 'model__optimizer__weight_decay': 0.0001}",0.7569444444444444,0.8581711543588376,0.7064141196728368,0.6998546511627908,0.7612165010538994,0.7565201741385617,0.056704065920833074,34,0.8589964172216262,0.9342366757000904,0.9004544239508153,0.6132834962622197,0.930542492946191,0.8475027012161884,0.12017738202988451
214,12.255862712860107,4.810671538793679,0.05053234100341797,0.005760678413355486,128,10,0.0001,500,96,384,0.25,4,3,16,0.0001,"{'model__batch_size': 128, 'model__callbacks__early_stopping__patience': 10, 'model__lr': 0.0001, 'model__max_epochs': 500, 'model__module__d_model': 96, 'model__module__dim_feedforward': 384, 'model__module__dropout': 0.25, 'model__module__nhead': 4, 'model__module__num_layers': 3, 'model__module__patch_size': 16, 'model__optimizer__weight_decay': 0.0001}",0.6478248002367565,0.8863409770687936,0.6593406593406593,0.40404040404040403,0.7927092987333951,0.6780512278840016,0.16301947534779052,261,0.8238689257121579,0.9540360334799263,0.8836734693877552,0.47266037337515454,0.8903276283618582,0.8049132860633705,0.17116523268989747
215,6.982005262374878,2.3076777061976252,0.044497346878051756,0.004039300161001391,128,10,0.0001,500,96,384,0.25,4,3,32,0.0001,"{'model__batch_size': 128, 'model__callbacks__early_stopping__patience': 10, 'model__lr': 0.0001, 'model__max_epochs': 500, 'model__module__d_model': 96, 'model__module__dim_feedforward': 384, 'model__module__dropout': 0.25, 'model__module__nhead': 4, 'model__module__num_layers': 3, 'model__module__patch_size': 32, 'model__optimizer__weight_decay': 0.0001}",0.7164351851851851,0.8754098360655738,0.7064141196728368,0.40404040404040403,0.694730644686488,0.6794060379300976,0.1526952252096343,256,0.8513824884792627,0.9301496792587313,0.8751173708920188,0.44592324999207783,0.8850765541413024,0.7975298685526786,0.1776511051229891
216,11.31014804840088,3.833012971866816,0.04631485939025879,0.004709774577333811,128,10,0.0001,500,128,128,0.1,4,2,16,0.0001,"{'model__batch_size': 128, 'model__callbacks__early_stopping__patience': 10, 'model__lr': 0.0001, 'model__max_epochs': 500, 'model__module__d_model': 128, 'model__module__dim_feedforward': 128, 'model__module__dropout': 0.1, 'model__module__nhead': 4, 'model__module__num_layers': 2, 'model__module__patch_size': 16, 'model__optimizer__weight_decay': 0.0001}",0.7669256381798002,0.8863409770687936,0.7395952653684612,0.6338652482269503,0.7550200803212852,0.7563494418330581,0.08036728498149308,35,0.8574731457800512,0.9649157700033811,0.930082184099392,0.6028377668226521,0.8984851819982791,0.8507588097407511,0.12892768650290398
217,5.993552923202515,2.485908571790887,0.037530708312988284,0.004420398834540457,128,10,0.0001,500,128,128,0.1,4,2,32,0.0001,"{'model__batch_size': 128, 'model__callbacks__early_stopping__patience': 10, 'model__lr': 0.0001, 'model__max_epochs': 500, 'model__module__d_model': 128, 'model__module__dim_feedforward': 128, 'model__module__dropout': 0.1, 'model__module__nhead': 4, 'model__module__num_layers': 2, 'model__module__patch_size': 32, 'model__optimizer__weight_decay': 0.0001}",0.8135543060076946,0.8700854700854701,0.6309523809523809,0.5686021505376344,0.6800699300699301,0.712652847530622,0.11265287481535104,131,0.8971701873256277,0.9850990440524293,0.934473536036036,0.4986020503261882,0.9328483816672792,0.8496386398815121,0.17773929055828724
218,13.081835794448853,4.691992696399765,0.04816288948059082,0.006061864081477185,128,10,0.0001,500,128,128,0.1,4,3,16,0.0001,"{'model__batch_size': 128, 'model__callbacks__early_stopping__patience': 10, 'model__lr': 0.0001, 'model__max_epochs': 500, 'model__module__d_model': 128, 'model__module__dim_feedforward': 128, 'model__module__dropout': 0.1, 'model__module__nhead': 4, 'model__module__num_layers': 3, 'model__module__patch_size': 16, 'model__optimizer__weight_decay': 0.0001}",0.7904761904761906,0.8986936816848841,0.7933333333333333,0.7040133779264214,0.7927092987333951,0.795845176430845,0.06173469582723854,1,0.9341565401755041,0.9448676385767418,0.8961601249201505,0.5108044501497646,0.9272875816993464,0.8426552671043014,0.16671545522396736
219,7.538977718353271,2.549529512261063,0.045514488220214845,0.00408643497036504,128,10,0.0001,500,128,128,0.1,4,3,32,0.0001,"{'model__batch_size': 128, 'model__callbacks__early_stopping__patience': 10, 'model__lr': 0.0001, 'model__max_epochs': 500, 'model__module__d_model': 128, 'model__module__dim_feedforward': 128, 'model__module__dropout': 0.1, 'model__module__nhead': 4, 'model__module__num_layers': 3, 'model__module__patch_size': 32, 'model__optimizer__weight_decay': 0.0001}",0.7306895531222255,0.9169398907103825,0.759793370641412,0.40404040404040403,0.7458333333333333,0.7114593103695516,0.16769985685099378,140,0.8835077249258918,0.9348435728634221,0.9721465968586387,0.4444931163954944,0.9529975550122249,0.8375977132111345,0.19875423819946827
220,12.061480474472045,4.499552962329907,0.047277212142944336,0.008179612665199353,128,10,0.0001,500,128,128,0.25,4,2,16,0.0001,"{'model__batch_size': 128, 'model__callbacks__early_stopping__patience': 10, 'model__lr': 0.0001, 'model__max_epochs': 500, 'model__module__d_model': 128, 'model__module__dim_feedforward': 128, 'model__module__dropout': 0.25, 'model__module__nhead': 4, 'model__module__num_layers': 2, 'model__module__patch_size': 16, 'model__optimizer__weight_decay': 0.0001}",0.6233361653922401,0.9208333333333334,0.6903096903096904,0.40404040404040403,0.7550200803212852,0.6787079346793906,0.16916922781688973,259,0.8238689257121579,0.9600855310049893,0.9257242582897033,0.4532037118868758,0.9216625916870416,0.8169090037161535,0.18742655713958056
221,8.32316575050354,3.2400659326365426,0.04416570663452148,0.004868204732766591,128,10,0.0001,500,128,128,0.25,4,2,32,0.0001,"{'model__batch_size': 128, 'model__callbacks__early_stopping__patience': 10, 'model__lr': 0.0001, 'model__max_epochs': 500, 'model__module__d_model': 128, 'model__module__dim_feedforward': 128, 'model__module__dropout': 0.25, 'model__module__nhead': 4, 'model__module__num_layers': 2, 'model__module__patch_size': 32, 'model__optimizer__weight_decay': 0.0001}",0.7306895531222255,0.8645276292335116,0.7074410163339383,0.553030303030303,0.7612165010538994,0.7233810005547755,0.10067845258053805,96,0.8925746009715475,0.9448676385767418,0.9673716859130496,0.5029646176332699,0.9898324447829399,0.8595221975755096,0.18117499062847864
222,11.699252653121949,3.7381325088647954,0.04839863777160645,0.005252239443196216,128,10,0.0001,500,128,128,0.25,4,3,16,0.0001,"{'model__batch_size': 128, 'model__callbacks__early_stopping__patience': 10, 'model__lr': 0.0001, 'model__max_epochs': 500, 'model__module__d_model': 128, 'model__module__dim_feedforward': 128, 'model__module__dropout': 0.25, 'model__module__nhead': 4, 'model__module__num_layers': 3, 'model__module__patch_size': 16, 'model__optimizer__weight_decay': 0.0001}",0.7721219295649601,0.9169398907103825,0.6921985815602837,0.40404040404040403,0.7550200803212852,0.7080641772394631,0.16889019387854223,155,0.8345435362750574,0.9597186700767264,0.9021150577391487,0.46548596112311014,0.8996498724111328,0.812302619525035,0.17787847622909841
223,8.448157501220702,4.008782115336187,0.04417200088500976,0.006531576494056455,128,10,0.0001,500,128,128,0.25,4,3,32,0.0001,"{'model__batch_size': 128, 'model__callbacks__early_stopping__patience': 10, 'model__lr': 0.0001, 'model__max_epochs': 500, 'model__module__d_model': 128, 'model__module__dim_feedforward': 128, 'model__module__dropout': 0.25, 'model__module__nhead': 4, 'model__module__num_layers': 3, 'model__module__patch_size': 32, 'model__optimizer__weight_decay': 0.0001}",0.7721219295649601,0.8645276292335116,0.5996556177356867,0.40404040404040403,0.7927092987333951,0.6866109758615916,0.16591002093465623,242,0.8545425257731959,0.9274372686137392,0.8961601249201505,0.4402087040443948,0.984668389319552,0.8206034025342065,0.19488027291312365
224,12.71337366104126,4.534352751662268,0.04941577911376953,0.004944452168139446,128,10,0.0001,500,128,256,0.1,4,2,16,0.0001,"{'model__batch_size': 128, 'model__callbacks__early_stopping__patience': 10, 'model__lr': 0.0001, 'model__max_epochs': 500, 'model__module__d_model': 128, 'model__module__dim_feedforward': 256, 'model__module__dropout': 0.1, 'model__module__nhead': 4, 'model__module__num_layers': 2, 'model__module__patch_size': 16, 'model__optimizer__weight_decay': 0.0001}",0.7422826394789012,0.8986936816848841,0.7232142857142857,0.3979591836734694,0.8029715762273901,0.7130242733557861,0.16899085511337011,128,0.8811369509043927,0.9544715447154472,0.9350087260034904,0.47329086346212185,0.948062558356676,0.8383941286884257,0.18437074308124748
225,7.09542179107666,2.967614593812863,0.04389638900756836,0.005613033992725398,128,10,0.0001,500,128,256,0.1,4,2,32,0.0001,"{'model__batch_size': 128, 'model__callbacks__early_stopping__patience': 10, 'model__lr': 0.0001, 'model__max_epochs': 500, 'model__module__d_model': 128, 'model__module__dim_feedforward': 256, 'model__module__dropout': 0.1, 'model__module__nhead': 4, 'model__module__num_layers': 2, 'model__module__patch_size': 32, 'model__optimizer__weight_decay': 0.0001}",0.8057713651498335,0.8581711543588376,0.7244444444444444,0.40404040404040403,0.7458333333333333,0.7076521402653706,0.15887304821955886,156,0.8982007575757576,0.9697890025575449,0.9583876518746415,0.4444931163954944,0.9642262417456215,0.8470193540298121,0.20290867253297784
226,5.8680235862731935,2.129015931044654,0.04180684089660645,0.004407077875844761,128,10,0.0001,500,128,256,0.1,4,3,16,0.0001,"{'model__batch_size': 128, 'model__callbacks__early_stopping__patience': 10, 'model__lr': 0.0001, 'model__max_epochs': 500, 'model__module__d_model': 128, 'model__module__dim_feedforward': 256, 'model__module__dropout': 0.1, 'model__module__nhead': 4, 'model__module__num_layers': 3, 'model__module__patch_size': 16, 'model__optimizer__weight_decay': 0.0001}",0.5868282075178627,0.88125,0.6774193548387097,0.5949656750572082,0.8140243902439024,0.7108975255315366,0.1179909261957455,142,0.7983048057932851,0.9496483375959079,0.921398897985434,0.5406631495782043,0.963442542787286,0.8346915467480235,0.15816873316892585
227,4.851205730438233,1.6544523810309133,0.039484500885009766,0.005169008456944051,128,10,0.0001,500,128,256,0.1,4,3,32,0.0001,"{'model__batch_size': 128, 'model__callbacks__early_stopping__patience': 10, 'model__lr': 0.0001, 'model__max_epochs': 500, 'model__module__d_model': 128, 'model__module__dim_feedforward': 256, 'model__module__dropout': 0.1, 'model__module__nhead': 4, 'model__module__num_layers': 3, 'model__module__patch_size': 32, 'model__optimizer__weight_decay': 0.0001}",0.8215802888700086,0.9032340208810797,0.759793370641412,0.6878306878306878,0.7550200803212852,0.7854916897088946,0.07251515346283476,5,0.9185606060606061,0.9749398357167008,0.9487269350062207,0.5654971534489607,0.9474822974036192,0.8710413655272216,0.15381059757670634
228,6.0395951747894285,1.959434666135416,0.03956336975097656,0.0039088936639668104,128,10,0.0001,500,128,256,0.25,4,2,16,0.0001,"{'model__batch_size': 128, 'model__callbacks__early_stopping__patience': 10, 'model__lr': 0.0001, 'model__max_epochs': 500, 'model__module__d_model': 128, 'model__module__dim_feedforward': 256, 'model__module__dropout': 0.25, 'model__module__nhead': 4, 'model__module__num_layers': 2, 'model__module__patch_size': 16, 'model__optimizer__weight_decay': 0.0001}",0.8057713651498335,0.8986936816848841,0.6630434782608696,0.40404040404040403,0.7007215007215007,0.6944540859714985,0.16701578519290267,218,0.8835077249258918,0.9254952202621465,0.888586387434555,0.4373545441154809,0.878523529760845,0.8026934812997839,0.18341839365880386
229,4.531871747970581,1.6901087268715589,0.03813405036926269,0.003866253643278866,128,10,0.0001,500,128,256,0.25,4,2,32,0.0001,"{'model__batch_size': 128, 'model__callbacks__early_stopping__patience': 10, 'model__lr': 0.0001, 'model__max_epochs': 500, 'model__module__d_model': 128, 'model__module__dim_feedforward': 256, 'model__module__dropout': 0.25, 'model__module__nhead': 4, 'model__module__num_layers': 2, 'model__module__patch_size': 32, 'model__optimizer__weight_decay': 0.0001}",0.7422826394789012,0.8986936816848841,0.7244444444444444,0.40404040404040403,0.7396341463414634,0.7018190631980195,0.16187089587024975,179,0.9007752565633667,0.9548917042900614,0.9723684210526315,0.45805860805860804,0.9691733374384237,0.8510534654806182,0.1981762936904601
230,6.59265284538269,2.560765951043313,0.042029619216918945,0.0035159430665489756,128,10,0.0001,500,128,256,0.25,4,3,16,0.0001,"{'model__batch_size': 128, 'model__callbacks__early_stopping__patience': 10, 'model__lr': 0.0001, 'model__max_epochs': 500, 'model__module__d_model': 128, 'model__module__dim_feedforward': 256, 'model__module__dropout': 0.25, 'model__module__nhead': 4, 'model__module__num_layers': 3, 'model__module__patch_size': 16, 'model__optimizer__weight_decay': 0.0001}",0.703030303030303,0.9169398907103825,0.6743434343434344,0.40404040404040403,0.7927092987333951,0.6982126661715838,0.16964756525238553,199,0.8434564284967048,0.9747064137308039,0.8434488339586552,0.4300847457627119,0.892512077294686,0.7968416998487123,0.18954920142924483
231,3.9966969013214113,1.4875802936280134,0.037376689910888675,0.003232335567734601,128,10,0.0001,500,128,256,0.25,4,3,32,0.0001,"{'model__batch_size': 128, 'model__callbacks__early_stopping__patience': 10, 'model__lr': 0.0001, 'model__max_epochs': 500, 'model__module__d_model': 128, 'model__module__dim_feedforward': 256, 'model__module__dropout': 0.25, 'model__module__nhead': 4, 'model__module__num_layers': 3, 'model__module__patch_size': 32, 'model__optimizer__weight_decay': 0.0001}",0.7721219295649601,0.88125,0.7064141196728368,0.40404040404040403,0.7665587282896673,0.7060770363135737,0.1612028356175369,160,0.8663212435233161,0.9597186700767264,0.8900174375752782,0.4300847457627119,0.9335630203847258,0.8159410234645517,0.19566169505931277
232,5.3736687183380125,1.6152858036829338,0.04770441055297851,0.014717712240605266,128,10,0.0001,500,128,384,0.1,4,2,16,0.0001,"{'model__batch_size': 128, 'model__callbacks__early_stopping__patience': 10, 'model__lr': 0.0001, 'model__max_epochs': 500, 'model__module__d_model': 128, 'model__module__dim_feedforward': 384, 'model__module__dropout': 0.1, 'model__module__nhead': 4, 'model__module__num_layers': 2, 'model__module__patch_size': 16, 'model__optimizer__weight_decay': 0.0001}",0.6428571428571428,0.8986936816848841,0.7693452380952381,0.40404040404040403,0.7550200803212852,0.6939913093997908,0.16612767209343002,221,0.8110681033580918,0.9348435728634221,0.9071553228621292,0.4637161084529506,0.8949645948072384,0.8023495404687665,0.17427856067288622
233,3.611071300506592,1.1762239356277597,0.0380439281463623,0.003104780438432435,128,10,0.0001,500,128,384,0.1,4,2,32,0.0001,"{'model__batch_size': 128, 'model__callbacks__early_stopping__patience': 10, 'model__lr': 0.0001, 'model__max_epochs': 500, 'model__module__d_model': 128, 'model__module__dim_feedforward': 384, 'model__module__dropout': 0.1, 'model__module__nhead': 4, 'model__module__num_layers': 2, 'model__module__patch_size': 32, 'model__optimizer__weight_decay': 0.0001}",0.703030303030303,0.8645276292335116,0.7080062794348508,0.40404040404040403,0.7244805781391147,0.6808170387756368,0.15066125923273022,253,0.8363580562659847,0.9552971321572878,0.9106988249845392,0.4288747346072187,0.9225173634622453,0.8107492222954551,0.19486409388468312
234,5.888739490509034,1.9813880931635097,0.042901802062988284,0.004914692050777557,128,10,0.0001,500,128,384,0.1,4,3,16,0.0001,"{'model__batch_size': 128, 'model__callbacks__early_stopping__patience': 10, 'model__lr': 0.0001, 'model__max_epochs': 500, 'model__module__d_model': 128, 'model__module__dim_feedforward': 384, 'model__module__dropout': 0.1, 'model__module__nhead': 4, 'model__module__num_layers': 3, 'model__module__patch_size': 16, 'model__optimizer__weight_decay': 0.0001}",0.6478248002367565,0.8986936816848841,0.7416666666666667,0.40404040404040403,0.694730644686488,0.6773912394630399,0.16062478638357083,262,0.8262626262626263,0.9540360334799263,0.9039364391477067,0.4771107417528242,0.8937609422250518,0.8110213565736271,0.17184926209086265
235,3.988702821731567,1.3281588625690919,0.04071826934814453,0.006545885140999516,128,10,0.0001,500,128,384,0.1,4,3,32,0.0001,"{'model__batch_size': 128, 'model__callbacks__early_stopping__patience': 10, 'model__lr': 0.0001, 'model__max_epochs': 500, 'model__module__d_model': 128, 'model__module__dim_feedforward': 384, 'model__module__dropout': 0.1, 'model__module__nhead': 4, 'model__module__num_layers': 3, 'model__module__patch_size': 32, 'model__optimizer__weight_decay': 0.0001}",0.7721219295649601,0.8020833333333333,0.6530348687042618,0.5292553191489362,0.7550200803212852,0.7023031062145553,0.09998273552224715,175,0.8914728682170543,0.9697890025575449,0.8933673469387755,0.4499928005759539,0.9216625916870416,0.825256921995274,0.18975263782357346
236,6.490186882019043,2.367979313311607,0.040702438354492186,0.004481128483027421,128,10,0.0001,500,128,384,0.25,4,2,16,0.0001,"{'model__batch_size': 128, 'model__callbacks__early_stopping__patience': 10, 'model__lr': 0.0001, 'model__max_epochs': 500, 'model__module__d_model': 128, 'model__module__dim_feedforward': 384, 'model__module__dropout': 0.25, 'model__module__nhead': 4, 'model__module__num_layers': 2, 'model__module__patch_size': 16, 'model__optimizer__weight_decay': 0.0001}",0.7306895531222255,0.8986936816848841,0.7693452380952381,0.45816326530612245,0.7396341463414634,0.7193051769099867,0.14382086940691552,109,0.8407669519420671,0.9443541102077687,0.9157516891891893,0.4790385053542948,0.9150087537800413,0.8189840020946721,0.17340117639062586
237,5.023728370666504,1.7832486757771375,0.04002375602722168,0.006219958911756013,128,10,0.0001,500,128,384,0.25,4,2,32,0.0001,"{'model__batch_size': 128, 'model__callbacks__early_stopping__patience': 10, 'model__lr': 0.0001, 'model__max_epochs': 500, 'model__module__d_model': 128, 'model__module__dim_feedforward': 384, 'model__module__dropout': 0.25, 'model__module__nhead': 4, 'model__module__num_layers': 2, 'model__module__patch_size': 32, 'model__optimizer__weight_decay': 0.0001}",0.8215802888700086,0.88125,0.7080062794348508,0.40404040404040403,0.7867132867132867,0.72031805181171,0.16777639287943635,103,0.948585093662814,0.9548917042900614,0.9394045595528064,0.4288747346072187,0.9383466748768473,0.8420205533979495,0.20666288097467905
238,5.716064977645874,1.9872390198717833,0.04231338500976563,0.004310215710630734,128,10,0.0001,500,128,384,0.25,4,3,16,0.0001,"{'model__batch_size': 128, 'model__callbacks__early_stopping__patience': 10, 'model__lr': 0.0001, 'model__max_epochs': 500, 'model__module__d_model': 128, 'model__module__dim_feedforward': 384, 'model__module__dropout': 0.25, 'model__module__nhead': 4, 'model__module__num_layers': 3, 'model__module__patch_size': 16, 'model__optimizer__weight_decay': 0.0001}",0.5982142857142857,0.9169398907103825,0.759793370641412,0.40404040404040403,0.6800699300699301,0.6718115762352828,0.17030258303562837,276,0.8238689257121579,0.924119241192412,0.8943300830624774,0.4532037118868758,0.8877994116823085,0.7966642747072463,0.17481089385050547
239,3.863840866088867,1.370266089745916,0.03634443283081055,0.003170545078818674,128,10,0.0001,500,128,384,0.25,4,3,32,0.0001,"{'model__batch_size': 128, 'model__callbacks__early_stopping__patience': 10, 'model__lr': 0.0001, 'model__max_epochs': 500, 'model__module__d_model': 128, 'model__module__dim_feedforward': 384, 'model__module__dropout': 0.25, 'model__module__nhead': 4, 'model__module__num_layers': 3, 'model__module__patch_size': 32, 'model__optimizer__weight_decay': 0.0001}",0.7974537037037037,0.88125,0.684697179842811,0.8228228228228228,0.7244805781391147,0.7821408569016903,0.07004585044069983,7,0.8649323453608248,0.9649157700033811,0.8890279516061743,0.6098286500971065,0.9150087537800413,0.8487426941695055,0.12397766043321996
240,3.9338757514953615,1.1978628078379314,0.03851084709167481,0.0052366031589972445,128,10,0.0002,500,96,128,0.1,4,2,16,0.0001,"{'model__batch_size': 128, 'model__callbacks__early_stopping__patience': 10, 'model__lr': 0.0002, 'model__max_epochs': 500, 'model__module__d_model': 96, 'model__module__dim_feedforward': 128, 'model__module__dropout': 0.1, 'model__module__nhead': 4, 'model__module__num_layers': 2, 'model__module__patch_size': 16, 'model__optimizer__weight_decay': 0.0001}",0.6738117427772601,0.8986936816848841,0.7745454545454545,0.40404040404040403,0.7095238095238096,0.6921230185143624,0.16315304468690406,227,0.8110681033580918,0.9131791743509717,0.8655110148067895,0.4300847457627119,0.8903276283618582,0.7820341333280847,0.1792240136902858
241,2.993046236038208,0.8689760935879267,0.03703083992004395,0.003030984257325289,128,10,0.0002,500,96,128,0.1,4,2,32,0.0001,"{'model__batch_size': 128, 'model__callbacks__early_stopping__patience': 10, 'model__lr': 0.0002, 'model__max_epochs': 500, 'model__module__d_model': 96, 'model__module__dim_feedforward': 128, 'model__module__dropout': 0.1, 'model__module__nhead': 4, 'model__module__num_layers': 2, 'model__module__patch_size': 32, 'model__optimizer__weight_decay': 0.0001}",0.7306895531222255,0.8581711543588376,0.6593406593406593,0.40404040404040403,0.7095238095238096,0.6723531160771872,0.14931455331621707,274,0.8497129067154864,0.9178885630498534,0.8918985776128634,0.4300847457627119,0.930542492946191,0.8040254572174212,0.18900373076335122
242,5.392683219909668,2.0173206917171944,0.0432225227355957,0.004877524414884687,128,10,0.0002,500,96,128,0.1,4,3,16,0.0001,"{'model__batch_size': 128, 'model__callbacks__early_stopping__patience': 10, 'model__lr': 0.0002, 'model__max_epochs': 500, 'model__module__d_model': 96, 'model__module__dim_feedforward': 128, 'model__module__dropout': 0.1, 'model__module__nhead': 4, 'model__module__num_layers': 3, 'model__module__patch_size': 16, 'model__optimizer__weight_decay': 0.0001}",0.6759259259259259,0.833879781420765,0.7232142857142857,0.3979591836734694,0.7478537360890303,0.6757665825646952,0.14807066026659516,267,0.8238689257121579,0.9486803519061584,0.922017003811199,0.49436090225563906,0.9691733374384237,0.8316201042247157,0.17584052041027753
243,3.5083353996276854,1.2686468522168222,0.04321379661560058,0.00560244583715088,128,10,0.0002,500,96,128,0.1,4,3,32,0.0001,"{'model__batch_size': 128, 'model__callbacks__early_stopping__patience': 10, 'model__lr': 0.0002, 'model__max_epochs': 500, 'model__module__d_model': 96, 'model__module__dim_feedforward': 128, 'model__module__dropout': 0.1, 'model__module__nhead': 4, 'model__module__num_layers': 3, 'model__module__patch_size': 32, 'model__optimizer__weight_decay': 0.0001}",0.7173035104069587,0.9169398907103825,0.7064141196728368,0.553030303030303,0.7706766917293233,0.7328729031099609,0.11712866119938015,66,0.8497129067154864,0.9210509826855198,0.9056001135637732,0.44592324999207783,0.9355072463768116,0.8115588998667338,0.18511651216143152
244,4.222214555740356,1.3767750950728155,0.039258289337158206,0.0025255825205619782,128,10,0.0002,500,96,128,0.25,4,2,16,0.0001,"{'model__batch_size': 128, 'model__callbacks__early_stopping__patience': 10, 'model__lr': 0.0002, 'model__max_epochs': 500, 'model__module__d_model': 96, 'model__module__dim_feedforward': 128, 'model__module__dropout': 0.25, 'model__module__nhead': 4, 'model__module__num_layers': 2, 'model__module__patch_size': 16, 'model__optimizer__weight_decay': 0.0001}",0.7974537037037037,0.88125,0.6774193548387097,0.6193548387096774,0.7324561403508771,0.7415868075205936,0.09139847120024802,56,0.8649323453608248,0.9593384429205325,0.8804537364948677,0.5294299238526445,0.9431793998723133,0.8354667697002366,0.15716030063073577
245,3.4287946224212646,1.1429856391472255,0.041272735595703124,0.0020864853396716657,128,10,0.0002,500,96,128,0.25,4,2,32,0.0001,"{'model__batch_size': 128, 'model__callbacks__early_stopping__patience': 10, 'model__lr': 0.0002, 'model__max_epochs': 500, 'model__module__d_model': 96, 'model__module__dim_feedforward': 128, 'model__module__dropout': 0.25, 'model__module__nhead': 4, 'model__module__num_layers': 2, 'model__module__patch_size': 32, 'model__optimizer__weight_decay': 0.0001}",0.8057713651498335,0.88125,0.6242424242424243,0.40404040404040403,0.7612165010538994,0.6953041388973122,0.16793310653631993,212,0.8708010335917313,0.9395780051150895,0.890973892898512,0.4300847457627119,0.9579858379228954,0.8178847030581882,0.19645282504607278
246,5.295261859893799,1.6797946460604964,0.04885368347167969,0.0031401564045414445,128,10,0.0002,500,96,128,0.25,4,3,16,0.0001,"{'model__batch_size': 128, 'model__callbacks__early_stopping__patience': 10, 'model__lr': 0.0002, 'model__max_epochs': 500, 'model__module__d_model': 96, 'model__module__dim_feedforward': 128, 'model__module__dropout': 0.25, 'model__module__nhead': 4, 'model__module__num_layers': 3, 'model__module__patch_size': 16, 'model__optimizer__weight_decay': 0.0001}",0.5757575757575758,0.8392479435957697,0.7074410163339383,0.6053511705685619,0.7396341463414634,0.6934863705194618,0.0950775137719497,225,0.8258005115089514,0.9491730536506656,0.8395201930584144,0.5515041681768758,0.9328483816672792,0.8197692616124372,0.14277595344492633
247,3.506626749038696,1.1780849479246476,0.04080190658569336,0.0055295908172690155,128,10,0.0002,500,96,128,0.25,4,3,32,0.0001,"{'model__batch_size': 128, 'model__callbacks__early_stopping__patience': 10, 'model__lr': 0.0002, 'model__max_epochs': 500, 'model__module__d_model': 96, 'model__module__dim_feedforward': 128, 'model__module__dropout': 0.25, 'model__module__nhead': 4, 'model__module__num_layers': 3, 'model__module__patch_size': 32, 'model__optimizer__weight_decay': 0.0001}",0.7721219295649601,0.8258212375859435,0.7064141196728368,0.40404040404040403,0.7706766917293233,0.6958148765186936,0.15071390007866506,210,0.8634920634920635,0.9645889792231256,0.9012987012987013,0.4300847457627119,0.9412282632621616,0.8201385506077529,0.19805913897196112
248,4.067452383041382,1.2753346665643215,0.04097714424133301,0.004793421257645951,128,10,0.0002,500,96,256,0.1,4,2,16,0.0001,"{'model__batch_size': 128, 'model__callbacks__early_stopping__patience': 10, 'model__lr': 0.0002, 'model__max_epochs': 500, 'model__module__d_model': 96, 'model__module__dim_feedforward': 256, 'model__module__dropout': 0.1, 'model__module__nhead': 4, 'model__module__num_layers': 2, 'model__module__patch_size': 16, 'model__optimizer__weight_decay': 0.0001}",0.7173035104069587,0.8986936816848841,0.759793370641412,0.3979591836734694,0.7244805781391147,0.6996460649091678,0.16442698371589665,192,0.8542525368762423,0.9233933891332103,0.8847237269772481,0.4809791216702664,0.9091709523142497,0.8105039453942433,0.16642615746778017
249,3.2744194507598876,1.0777293543399658,0.03975796699523926,0.006426309360991262,128,10,0.0002,500,96,256,0.1,4,2,32,0.0001,"{'model__batch_size': 128, 'model__callbacks__early_stopping__patience': 10, 'model__lr': 0.0002, 'model__max_epochs': 500, 'model__module__d_model': 96, 'model__module__dim_feedforward': 256, 'model__module__dropout': 0.1, 'model__module__nhead': 4, 'model__module__num_layers': 2, 'model__module__patch_size': 32, 'model__optimizer__weight_decay': 0.0001}",0.7767857142857143,0.8581711543588376,0.6743434343434344,0.40404040404040403,0.7612165010538994,0.6949114416164579,0.1567051337133535,216,0.8558927574008565,0.9751650734207155,0.9583876518746415,0.4288747346072187,0.963442542787286,0.8363525520181436,0.20819862571938136
250,4.462804222106934,1.5935483248209887,0.04571976661682129,0.0042422992533204485,128,10,0.0002,500,96,256,0.1,4,3,16,0.0001,"{'model__batch_size': 128, 'model__callbacks__early_stopping__patience': 10, 'model__lr': 0.0002, 'model__max_epochs': 500, 'model__module__d_model': 96, 'model__module__dim_feedforward': 256, 'model__module__dropout': 0.1, 'model__module__nhead': 4, 'model__module__num_layers': 3, 'model__module__patch_size': 16, 'model__optimizer__weight_decay': 0.0001}",0.6606060606060606,0.8581711543588376,0.7244444444444444,0.40404040404040403,0.7024390243902439,0.6699402175679982,0.1484908118892379,279,0.8089203423304806,0.9744644630444035,0.8857388316151202,0.4548164043872199,0.9043848480025465,0.805664977875954,0.18316987739276222
251,3.4263895988464355,1.1003611785472542,0.03931546211242676,0.003766130168767862,128,10,0.0002,500,96,256,0.1,4,3,32,0.0001,"{'model__batch_size': 128, 'model__callbacks__early_stopping__patience': 10, 'model__lr': 0.0002, 'model__max_epochs': 500, 'model__module__d_model': 96, 'model__module__dim_feedforward': 256, 'model__module__dropout': 0.1, 'model__module__nhead': 4, 'model__module__num_layers': 3, 'model__module__patch_size': 32, 'model__optimizer__weight_decay': 0.0001}",0.7306895531222255,0.8754098360655738,0.759793370641412,0.40404040404040403,0.7927092987333951,0.7125284925206021,0.16167126356904984,133,0.8513824884792627,0.9589442815249267,0.9768820288192452,0.4300847457627119,0.9691733374384237,0.837293376404914,0.20865935429311971
252,4.0836423397064205,1.2758435705771318,0.04219865798950195,0.004730393472568419,128,10,0.0002,500,96,256,0.25,4,2,16,0.0001,"{'model__batch_size': 128, 'model__callbacks__early_stopping__patience': 10, 'model__lr': 0.0002, 'model__max_epochs': 500, 'model__module__d_model': 96, 'model__module__dim_feedforward': 256, 'model__module__dropout': 0.25, 'model__module__nhead': 4, 'model__module__num_layers': 2, 'model__module__patch_size': 16, 'model__optimizer__weight_decay': 0.0001}",0.6478248002367565,0.9032340208810797,0.6482269503546099,0.45816326530612245,0.7396341463414634,0.6794166366240064,0.14466807868198295,255,0.8195358788676761,0.9695038321903994,0.8751173708920188,0.47329086346212185,0.8984851819982791,0.807186625482099,0.1737445090594537
253,3.435492181777954,1.199003973598888,0.03765316009521484,0.004335815965042697,128,10,0.0002,500,96,256,0.25,4,2,32,0.0001,"{'model__batch_size': 128, 'model__callbacks__early_stopping__patience': 10, 'model__lr': 0.0002, 'model__max_epochs': 500, 'model__module__d_model': 96, 'model__module__dim_feedforward': 256, 'model__module__dropout': 0.25, 'model__module__nhead': 4, 'model__module__num_layers': 2, 'model__module__patch_size': 32, 'model__optimizer__weight_decay': 0.0001}",0.7607952780366574,0.8986936816848841,0.6743434343434344,0.40404040404040403,0.7612165010538994,0.6998178598318558,0.16442194555532014,189,0.8558927574008565,0.9505494505494505,0.9727905073649754,0.44592324999207783,0.963442542787286,0.8377197016189293,0.2003075770228871
254,4.5082508563995365,1.597785205126778,0.04199662208557129,0.005618564691014855,128,10,0.0002,500,96,256,0.25,4,3,16,0.0001,"{'model__batch_size': 128, 'model__callbacks__early_stopping__patience': 10, 'model__lr': 0.0002, 'model__max_epochs': 500, 'model__module__d_model': 96, 'model__module__dim_feedforward': 256, 'model__module__dropout': 0.25, 'model__module__nhead': 4, 'model__module__num_layers': 3, 'model__module__patch_size': 16, 'model__optimizer__weight_decay': 0.0001}",0.6478248002367565,0.9169398907103825,0.7789661319073083,0.7265597147950089,0.7244805781391147,0.7589542231577141,0.08938403957702873,26,0.8152429667519181,0.8531817102906587,0.9388991960420532,0.5737306104229438,0.8831370364475569,0.8128383039910261,0.12620548502184395
255,3.186206340789795,1.0297710746022417,0.03900489807128906,0.005442006027879301,128,10,0.0002,500,96,256,0.25,4,3,32,0.0001,"{'model__batch_size': 128, 'model__callbacks__early_stopping__patience': 10, 'model__lr': 0.0002, 'model__max_epochs': 500, 'model__module__d_model': 96, 'model__module__dim_feedforward': 256, 'model__module__dropout': 0.25, 'model__module__nhead': 4, 'model__module__num_layers': 3, 'model__module__patch_size': 32, 'model__optimizer__weight_decay': 0.0001}",0.7721219295649601,0.8754098360655738,0.7237076648841354,0.40404040404040403,0.7927092987333951,0.7135978266576937,0.16235444481142164,125,0.8778409090909092,0.9597186700767264,0.8814933618462086,0.4300847457627119,0.9688375350140056,0.8235950443581123,0.20038473329069312
256,4.468409299850464,1.7335180074625318,0.04419350624084473,0.009508026090402341,128,10,0.0002,500,96,384,0.1,4,2,16,0.0001,"{'model__batch_size': 128, 'model__callbacks__early_stopping__patience': 10, 'model__lr': 0.0002, 'model__max_epochs': 500, 'model__module__d_model': 96, 'model__module__dim_feedforward': 384, 'model__module__dropout': 0.1, 'model__module__nhead': 4, 'model__module__num_layers': 2, 'model__module__patch_size': 16, 'model__optimizer__weight_decay': 0.0001}",0.6478248002367565,0.8020833333333333,0.6449026345933562,0.40404040404040403,0.7244805781391147,0.644666350068593,0.13346257540034742,287,0.8214896214896215,0.9798593350383631,0.9039364391477067,0.49436090225563906,0.9112176039119804,0.822172780368662,0.17142953080402384
257,3.1620115280151366,1.0015040115748497,0.04071311950683594,0.005681939254073567,128,10,0.0002,500,96,384,0.1,4,2,32,0.0001,"{'model__batch_size': 128, 'model__callbacks__early_stopping__patience': 10, 'model__lr': 0.0002, 'model__max_epochs': 500, 'model__module__d_model': 96, 'model__module__dim_feedforward': 384, 'model__module__dropout': 0.1, 'model__module__nhead': 4, 'model__module__num_layers': 2, 'model__module__patch_size': 32, 'model__optimizer__weight_decay': 0.0001}",0.7607952780366574,0.9032340208810797,0.7237076648841354,0.3979591836734694,0.776829268292683,0.712505083153605,0.16847058622768385,134,0.838106997550756,0.9649157700033811,0.9388991960420532,0.4402087040443948,0.984827533953365,0.83339164031879,0.20296715342935126
258,4.689117908477783,1.8778799179499426,0.046591901779174806,0.007927628222661723,128,10,0.0002,500,96,384,0.1,4,3,16,0.0001,"{'model__batch_size': 128, 'model__callbacks__early_stopping__patience': 10, 'model__lr': 0.0002, 'model__max_epochs': 500, 'model__module__d_model': 96, 'model__module__dim_feedforward': 384, 'model__module__dropout': 0.1, 'model__module__nhead': 4, 'model__module__num_layers': 3, 'model__module__patch_size': 16, 'model__optimizer__weight_decay': 0.0001}",0.6181818181818182,0.8754098360655738,0.69,0.5178494623655914,0.7396341463414634,0.6882150525908893,0.11968131387491336,235,0.8195358788676761,0.9481694775812424,0.9099349550031186,0.5179587066614726,0.8996498724111328,0.8190497781049284,0.15625905219970954
259,2.9587387561798097,0.9089170053902137,0.040477323532104495,0.0015041993139211392,128,10,0.0002,500,96,384,0.1,4,3,32,0.0001,"{'model__batch_size': 128, 'model__callbacks__early_stopping__patience': 10, 'model__lr': 0.0002, 'model__max_epochs': 500, 'model__module__d_model': 96, 'model__module__dim_feedforward': 384, 'model__module__dropout': 0.1, 'model__module__nhead': 4, 'model__module__num_layers': 3, 'model__module__patch_size': 32, 'model__optimizer__weight_decay': 0.0001}",0.7454545454545454,0.9032340208810797,0.7416666666666667,0.6398046398046398,0.776829268292683,0.7613978282199229,0.08459792593427336,23,0.8753221649484536,0.9540360334799263,0.9083274382833615,0.5712510468163277,0.891215775749674,0.8400304918555486,0.1369449246704978
260,3.99367036819458,1.177190158320119,0.03978385925292969,0.004529874262878321,128,10,0.0002,500,96,384,0.25,4,2,16,0.0001,"{'model__batch_size': 128, 'model__callbacks__early_stopping__patience': 10, 'model__lr': 0.0002, 'model__max_epochs': 500, 'model__module__d_model': 96, 'model__module__dim_feedforward': 384, 'model__module__dropout': 0.25, 'model__module__nhead': 4, 'model__module__num_layers': 2, 'model__module__patch_size': 16, 'model__optimizer__weight_decay': 0.0001}",0.6303199751475613,0.8986936816848841,0.6770833333333333,0.4496809032891507,0.7244805781391147,0.6760516943188087,0.14508687106365176,266,0.8214896214896215,0.9076246334310851,0.8952605956471935,0.545903129463706,0.9159716758457908,0.8172499311754795,0.13974712535363737
261,3.3654972553253173,1.0886211405843318,0.03808579444885254,0.005112075272375705,128,10,0.0002,500,96,384,0.25,4,2,32,0.0001,"{'model__batch_size': 128, 'model__callbacks__early_stopping__patience': 10, 'model__lr': 0.0002, 'model__max_epochs': 500, 'model__module__d_model': 96, 'model__module__dim_feedforward': 384, 'model__module__dropout': 0.25, 'model__module__nhead': 4, 'model__module__num_layers': 2, 'model__module__patch_size': 32, 'model__optimizer__weight_decay': 0.0001}",0.7878787878787878,0.88125,0.7395952653684612,0.40404040404040403,0.7711399711399711,0.7167808856855247,0.16333218679185912,114,0.8604476990929517,0.9548917042900614,0.9768820288192452,0.4288747346072187,0.9694973343488196,0.8381187002316594,0.20886873817313426
262,4.34424319267273,1.4488691137846876,0.04250798225402832,0.004083334883704284,128,10,0.0002,500,96,384,0.25,4,3,16,0.0001,"{'model__batch_size': 128, 'model__callbacks__early_stopping__patience': 10, 'model__lr': 0.0002, 'model__max_epochs': 500, 'model__module__d_model': 96, 'model__module__dim_feedforward': 384, 'model__module__dropout': 0.25, 'model__module__nhead': 4, 'model__module__num_layers': 3, 'model__module__patch_size': 16, 'model__optimizer__weight_decay': 0.0001}",0.703030303030303,0.8754098360655738,0.684697179842811,0.553030303030303,0.7612165010538994,0.715476824604578,0.10503509980879008,116,0.8485517073861911,0.9067050596462362,0.8387878787878789,0.5344556324732536,0.9112176039119804,0.807943576441108,0.13986808220377345
263,3.126818227767944,1.1392984057733198,0.04303054809570313,0.011351545271177245,128,10,0.0002,500,96,384,0.25,4,3,32,0.0001,"{'model__batch_size': 128, 'model__callbacks__early_stopping__patience': 10, 'model__lr': 0.0002, 'model__max_epochs': 500, 'model__module__d_model': 96, 'model__module__dim_feedforward': 384, 'model__module__dropout': 0.25, 'model__module__nhead': 4, 'model__module__num_layers': 3, 'model__module__patch_size': 32, 'model__optimizer__weight_decay': 0.0001}",0.7173035104069587,0.8754098360655738,0.6684491978609626,0.40404040404040403,0.7396341463414634,0.6809674189430726,0.154541403814585,251,0.8497129067154864,0.9589442815249267,0.8804537364948677,0.4300847457627119,0.9043848480025465,0.8047161037001078,0.1906985815778213
264,4.090887022018433,1.3330377168023044,0.03960132598876953,0.004120274922629677,128,10,0.0002,500,128,128,0.1,4,2,16,0.0001,"{'model__batch_size': 128, 'model__callbacks__early_stopping__patience': 10, 'model__lr': 0.0002, 'model__max_epochs': 500, 'model__module__d_model': 128, 'model__module__dim_feedforward': 128, 'model__module__dropout': 0.1, 'model__module__nhead': 4, 'model__module__num_layers': 2, 'model__module__patch_size': 16, 'model__optimizer__weight_decay': 0.0001}",0.7819314641744548,0.9419404125286478,0.6774193548387097,0.5076092292587138,0.7478537360890303,0.7313508393779112,0.14152570554341645,72,0.8857119845360825,0.970064148253742,0.9004544239508153,0.5319309180625893,0.9032608695652173,0.8382844688736893,0.15591971472209865
265,2.834399127960205,0.8439644208197202,0.039052057266235354,0.004511471255889159,128,10,0.0002,500,128,128,0.1,4,2,32,0.0001,"{'model__batch_size': 128, 'model__callbacks__early_stopping__patience': 10, 'model__lr': 0.0002, 'model__max_epochs': 500, 'model__module__d_model': 128, 'model__module__dim_feedforward': 128, 'model__module__dropout': 0.1, 'model__module__nhead': 4, 'model__module__num_layers': 2, 'model__module__patch_size': 32, 'model__optimizer__weight_decay': 0.0001}",0.7306895531222255,0.88125,0.7416666666666667,0.5076092292587138,0.7095238095238096,0.7141478517142831,0.11969429840688173,124,0.8811369509043927,0.9201710620099786,0.9862382947902115,0.4288747346072187,0.9225173634622453,0.8277876811548094,0.20228330738636305
266,4.229304647445678,1.4551250157699414,0.040436744689941406,0.0028368396313134393,128,10,0.0002,500,128,128,0.1,4,3,16,0.0001,"{'model__batch_size': 128, 'model__callbacks__early_stopping__patience': 10, 'model__lr': 0.0002, 'model__max_epochs': 500, 'model__module__d_model': 128, 'model__module__dim_feedforward': 128, 'model__module__dropout': 0.1, 'model__module__nhead': 4, 'model__module__num_layers': 3, 'model__module__patch_size': 16, 'model__optimizer__weight_decay': 0.0001}",0.703030303030303,0.8754098360655738,0.7237076648841354,0.45816326530612245,0.7706766917293233,0.7061975522030914,0.13757034523029582,159,0.8238689257121579,0.9458413926499033,0.9194154860554219,0.5131155955371856,0.8961251167133519,0.8196733033336041,0.1585603992183595
267,2.8208078861236574,0.9002196762307281,0.039828824996948245,0.004699801179520307,128,10,0.0002,500,128,128,0.1,4,3,32,0.0001,"{'model__batch_size': 128, 'model__callbacks__early_stopping__patience': 10, 'model__lr': 0.0002, 'model__max_epochs': 500, 'model__module__d_model': 128, 'model__module__dim_feedforward': 128, 'model__module__dropout': 0.1, 'model__module__nhead': 4, 'model__module__num_layers': 3, 'model__module__patch_size': 32, 'model__optimizer__weight_decay': 0.0001}",0.8135543060076946,0.8863409770687936,0.6922489499809088,0.6338652482269503,0.7550200803212852,0.7562059123211264,0.08863758870325053,36,0.8880208333333334,0.9802197802197803,0.9438344594594594,0.5225793729047525,0.9524657290368524,0.8574240349908356,0.17007974124314215
268,3.852629280090332,1.2027443472815,0.037178564071655276,0.004100468027219983,128,10,0.0002,500,128,128,0.25,4,2,16,0.0001,"{'model__batch_size': 128, 'model__callbacks__early_stopping__patience': 10, 'model__lr': 0.0002, 'model__max_epochs': 500, 'model__module__d_model': 128, 'model__module__dim_feedforward': 128, 'model__module__dropout': 0.25, 'model__module__nhead': 4, 'model__module__num_layers': 2, 'model__module__patch_size': 16, 'model__optimizer__weight_decay': 0.0001}",0.7569444444444444,0.88125,0.6743434343434344,0.45816326530612245,0.7324561403508771,0.7006314568889757,0.1387724073576845,183,0.8424908424908425,0.9281524926686218,0.9106988249845392,0.5276494583569711,0.8996498724111328,0.8217282981824215,0.14981794473360363
269,3.53463454246521,1.1757572251494754,0.04161572456359863,0.006643432926671,128,10,0.0002,500,128,128,0.25,4,2,32,0.0001,"{'model__batch_size': 128, 'model__callbacks__early_stopping__patience': 10, 'model__lr': 0.0002, 'model__max_epochs': 500, 'model__module__d_model': 128, 'model__module__dim_feedforward': 128, 'model__module__dropout': 0.25, 'model__module__nhead': 4, 'model__module__num_layers': 2, 'model__module__patch_size': 32, 'model__optimizer__weight_decay': 0.0001}",0.8666666666666667,0.8934679001962433,0.7244444444444444,0.7358567358567358,0.7156177156177156,0.7872106925563611,0.07655877626364425,3,0.9437295528898582,0.9703296703296703,0.9862382947902115,0.5029646176332699,0.9335630203847258,0.8673650312055472,0.18315782541858097
270,4.033515453338623,1.3818781520703591,0.04070162773132324,0.0037370030574832617,128,10,0.0002,500,128,128,0.25,4,3,16,0.0001,"{'model__batch_size': 128, 'model__callbacks__early_stopping__patience': 10, 'model__lr': 0.0002, 'model__max_epochs': 500, 'model__module__d_model': 128, 'model__module__dim_feedforward': 128, 'model__module__dropout': 0.25, 'model__module__nhead': 4, 'model__module__num_layers': 3, 'model__module__patch_size': 16, 'model__optimizer__weight_decay': 0.0001}",0.703030303030303,0.9208333333333334,0.7237076648841354,0.719047619047619,0.7173308619091752,0.7567899564409133,0.0823119335514834,32,0.8218642117376295,0.9458413926499033,0.8642857142857143,0.6165035640932706,0.9032608695652173,0.830351150466347,0.11454972381187026
271,3.4220736980438233,1.1772104317682606,0.04917464256286621,0.007209112746920157,128,10,0.0002,500,128,128,0.25,4,3,32,0.0001,"{'model__batch_size': 128, 'model__callbacks__early_stopping__patience': 10, 'model__lr': 0.0002, 'model__max_epochs': 500, 'model__module__d_model': 128, 'model__module__dim_feedforward': 128, 'model__module__dropout': 0.25, 'model__module__nhead': 4, 'model__module__num_layers': 3, 'model__module__patch_size': 32, 'model__optimizer__weight_decay': 0.0001}",0.7173035104069587,0.9169398907103825,0.7789661319073083,0.5949656750572082,0.7550200803212852,0.7526390576806286,0.1037333546449403,42,0.8513824884792627,0.90201174712973,0.9580493104596352,0.47519509476031213,0.9584500466853407,0.8290177375028561,0.18133981334774424
272,4.412773561477661,1.3771784104834077,0.04613580703735352,0.002332926440251047,128,10,0.0002,500,128,256,0.1,4,2,16,0.0001,"{'model__batch_size': 128, 'model__callbacks__early_stopping__patience': 10, 'model__lr': 0.0002, 'model__max_epochs': 500, 'model__module__d_model': 128, 'model__module__dim_feedforward': 256, 'model__module__dropout': 0.1, 'model__module__nhead': 4, 'model__module__num_layers': 2, 'model__module__patch_size': 16, 'model__optimizer__weight_decay': 0.0001}",0.6875,0.9169398907103825,0.6770833333333333,0.6338652482269503,0.7866454689984101,0.7404067882538152,0.10145150545717678,59,0.8154040404040404,0.9348435728634221,0.9143041237113403,0.5294299238526445,0.8996498724111328,0.818726306648516,0.15024672820080257
273,3.4433963298797607,1.2061633563873835,0.04553589820861816,0.006252076832064769,128,10,0.0002,500,128,256,0.1,4,2,32,0.0001,"{'model__batch_size': 128, 'model__callbacks__early_stopping__patience': 10, 'model__lr': 0.0002, 'model__max_epochs': 500, 'model__module__d_model': 128, 'model__module__dim_feedforward': 256, 'model__module__dropout': 0.1, 'model__module__nhead': 4, 'model__module__num_layers': 2, 'model__module__patch_size': 32, 'model__optimizer__weight_decay': 0.0001}",0.7974537037037037,0.8986936816848841,0.7789661319073083,0.40404040404040403,0.7612165010538994,0.7280740844780399,0.16888506437273518,81,0.8868872060581905,0.9548917042900614,0.9814310645724258,0.4288747346072187,0.9169000933706817,0.8337969605797155,0.20501047756013066
274,4.782710266113281,1.615701614224066,0.04761152267456055,0.0021974138731003395,128,10,0.0002,500,128,256,0.1,4,3,16,0.0001,"{'model__batch_size': 128, 'model__callbacks__early_stopping__patience': 10, 'model__lr': 0.0002, 'model__max_epochs': 500, 'model__module__d_model': 128, 'model__module__dim_feedforward': 256, 'model__module__dropout': 0.1, 'model__module__nhead': 4, 'model__module__num_layers': 3, 'model__module__patch_size': 16, 'model__optimizer__weight_decay': 0.0001}",0.7173035104069587,0.9169398907103825,0.7244444444444444,0.40404040404040403,0.7927092987333951,0.711087509667117,0.16942980297288143,141,0.8282433219605558,0.9496483375959079,0.942361863488624,0.4300847457627119,0.984668389319552,0.8270013316254703,0.20530638574584673
275,3.3808288097381594,1.4065332779720967,0.046779632568359375,0.008067780069310289,128,10,0.0002,500,128,256,0.1,4,3,32,0.0001,"{'model__batch_size': 128, 'model__callbacks__early_stopping__patience': 10, 'model__lr': 0.0002, 'model__max_epochs': 500, 'model__module__d_model': 128, 'model__module__dim_feedforward': 256, 'model__module__dropout': 0.1, 'model__module__nhead': 4, 'model__module__num_layers': 3, 'model__module__patch_size': 32, 'model__optimizer__weight_decay': 0.0001}",0.7767857142857143,0.8508550602747407,0.7203007518796992,0.5656722200697404,0.7706766917293233,0.7368580876478437,0.0951966068147994,62,0.8469156010230179,0.9540360334799263,0.9907894736842104,0.5227591685423011,0.9091709523142497,0.844734245808741,0.1679903617559353
276,4.210858392715454,1.3649008387805277,0.0416109561920166,0.006015262325812773,128,10,0.0002,500,128,256,0.25,4,2,16,0.0001,"{'model__batch_size': 128, 'model__callbacks__early_stopping__patience': 10, 'model__lr': 0.0002, 'model__max_epochs': 500, 'model__module__d_model': 128, 'model__module__dim_feedforward': 256, 'model__module__dropout': 0.25, 'model__module__nhead': 4, 'model__module__num_layers': 2, 'model__module__patch_size': 16, 'model__optimizer__weight_decay': 0.0001}",0.6606060606060606,0.88125,0.662431941923775,0.5815602836879432,0.7612165010538994,0.7094129574543356,0.10309918671819761,149,0.8175085295830906,0.9301496792587313,0.9004544239508153,0.5845313056908636,0.9529975550122249,0.8371282986991453,0.13437189896413673
277,2.854223108291626,0.9200841780982202,0.03691344261169434,0.0027711408265243373,128,10,0.0002,500,128,256,0.25,4,2,32,0.0001,"{'model__batch_size': 128, 'model__callbacks__early_stopping__patience': 10, 'model__lr': 0.0002, 'model__max_epochs': 500, 'model__module__d_model': 128, 'model__module__dim_feedforward': 256, 'model__module__dropout': 0.25, 'model__module__nhead': 4, 'model__module__num_layers': 2, 'model__module__patch_size': 32, 'model__optimizer__weight_decay': 0.0001}",0.703030303030303,0.9208333333333334,0.5866666666666667,0.40404040404040403,0.7244805781391147,0.6678102570419644,0.17007731869951478,281,0.8574731457800512,0.9342366757000904,0.8933673469387755,0.4300847457627119,0.9794488916256158,0.818922161161449,0.19863990947000162
278,4.354118967056275,1.6553622129764036,0.041417503356933595,0.0047285223876372805,128,10,0.0002,500,128,256,0.25,4,3,16,0.0001,"{'model__batch_size': 128, 'model__callbacks__early_stopping__patience': 10, 'model__lr': 0.0002, 'model__max_epochs': 500, 'model__module__d_model': 128, 'model__module__dim_feedforward': 256, 'model__module__dropout': 0.25, 'model__module__nhead': 4, 'model__module__num_layers': 3, 'model__module__patch_size': 16, 'model__optimizer__weight_decay': 0.0001}",0.6693657219973009,0.8986936816848841,0.7993527508090614,0.40404040404040403,0.776829268292683,0.7096563653648666,0.16930280515704724,148,0.8197828249687784,0.9501069137562366,0.9238258877434136,0.4300847457627119,0.9321075794621028,0.8111815903386486,0.19591879146875038
279,3.0882046222686768,0.9687633946075858,0.03788423538208008,0.0024005765596729024,128,10,0.0002,500,128,256,0.25,4,3,32,0.0001,"{'model__batch_size': 128, 'model__callbacks__early_stopping__patience': 10, 'model__lr': 0.0002, 'model__max_epochs': 500, 'model__module__d_model': 128, 'model__module__dim_feedforward': 256, 'model__module__dropout': 0.25, 'model__module__nhead': 4, 'model__module__num_layers': 3, 'model__module__patch_size': 32, 'model__optimizer__weight_decay': 0.0001}",0.7721219295649601,0.8934679001962433,0.7416666666666667,0.40404040404040403,0.776829268292683,0.7176252337521914,0.16511153007860305,113,0.8485517073861911,0.9281524926686218,0.9725829725829725,0.44592324999207783,0.9159716758457908,0.8222364196951307,0.1923084474396454
280,3.8766385078430177,1.2221724890719343,0.03973121643066406,0.004374781555705455,128,10,0.0002,500,128,384,0.1,4,2,16,0.0001,"{'model__batch_size': 128, 'model__callbacks__early_stopping__patience': 10, 'model__lr': 0.0002, 'model__max_epochs': 500, 'model__module__d_model': 128, 'model__module__dim_feedforward': 384, 'model__module__dropout': 0.1, 'model__module__nhead': 4, 'model__module__num_layers': 2, 'model__module__patch_size': 16, 'model__optimizer__weight_decay': 0.0001}",0.703030303030303,0.88125,0.6449026345933562,0.40404040404040403,0.8140243902439024,0.6894495463815932,0.164883928000578,232,0.8175085295830906,0.9155612496304326,0.9114374331925631,0.42643923240938164,0.9376750700280112,0.8017243029686959,0.19212832088337556
281,2.859037971496582,0.9202015592846214,0.0375669002532959,0.0029873085430852883,128,10,0.0002,500,128,384,0.1,4,2,32,0.0001,"{'model__batch_size': 128, 'model__callbacks__early_stopping__patience': 10, 'model__lr': 0.0002, 'model__max_epochs': 500, 'model__module__d_model': 128, 'model__module__dim_feedforward': 384, 'model__module__dropout': 0.1, 'model__module__nhead': 4, 'model__module__num_layers': 2, 'model__module__patch_size': 32, 'model__optimizer__weight_decay': 0.0001}",0.7721219295649601,0.9392162090109304,0.6131907308377897,0.40404040404040403,0.7095238095238096,0.6876186165955788,0.17713165087221877,240,0.8753221649484536,0.9597186700767264,0.8995811386556888,0.4300847457627119,0.9313393863865647,0.819209221166029,0.1966429475594655
282,5.040685653686523,1.8842167661322957,0.048026514053344724,0.00404842715415226,128,10,0.0002,500,128,384,0.1,4,3,16,0.0001,"{'model__batch_size': 128, 'model__callbacks__early_stopping__patience': 10, 'model__lr': 0.0002, 'model__max_epochs': 500, 'model__module__d_model': 128, 'model__module__dim_feedforward': 384, 'model__module__dropout': 0.1, 'model__module__nhead': 4, 'model__module__num_layers': 3, 'model__module__patch_size': 16, 'model__optimizer__weight_decay': 0.0001}",0.655850540806293,0.8934679001962433,0.7566718995290425,0.45816326530612245,0.7866454689984101,0.7101598149672222,0.1470149935851311,146,0.8262626262626263,0.9378033730974907,0.953195382882883,0.4840478698976146,0.9321075794621028,0.8266833663205434,0.17712508088267942
283,3.4187338829040526,1.261063895445649,0.04352893829345703,0.007700370979513081,128,10,0.0002,500,128,384,0.1,4,3,32,0.0001,"{'model__batch_size': 128, 'model__callbacks__early_stopping__patience': 10, 'model__lr': 0.0002, 'model__max_epochs': 500, 'model__module__d_model': 128, 'model__module__dim_feedforward': 384, 'model__module__dropout': 0.1, 'model__module__nhead': 4, 'model__module__num_layers': 3, 'model__module__patch_size': 32, 'model__optimizer__weight_decay': 0.0001}",0.7721219295649601,0.8754098360655738,0.7080062794348508,0.8527629233511587,0.7324561403508771,0.7881514217534842,0.06568231091333207,2,0.90469524642753,0.9274372686137392,0.9815789473684211,0.6331818181818182,0.9425525672371639,0.8778891695657345,0.12489050621765195
284,4.034037780761719,1.2883676914385747,0.03871884346008301,0.00370868362149564,128,10,0.0002,500,128,384,0.25,4,2,16,0.0001,"{'model__batch_size': 128, 'model__callbacks__early_stopping__patience': 10, 'model__lr': 0.0002, 'model__max_epochs': 500, 'model__module__d_model': 128, 'model__module__dim_feedforward': 384, 'model__module__dropout': 0.25, 'model__module__nhead': 4, 'model__module__num_layers': 2, 'model__module__patch_size': 16, 'model__optimizer__weight_decay': 0.0001}",0.6606060606060606,0.8986936816848841,0.6921985815602837,0.45816326530612245,0.7927092987333951,0.7004741775781491,0.14708556681693527,185,0.8175085295830906,0.924119241192412,0.890973892898512,0.4548164043872199,0.9169000933706817,0.8008636322863832,0.17708867893688915
285,3.0603566646575926,1.0131517155086338,0.0367621898651123,0.003451301783113057,128,10,0.0002,500,128,384,0.25,4,2,32,0.0001,"{'model__batch_size': 128, 'model__callbacks__early_stopping__patience': 10, 'model__lr': 0.0002, 'model__max_epochs': 500, 'model__module__d_model': 128, 'model__module__dim_feedforward': 384, 'model__module__dropout': 0.25, 'model__module__nhead': 4, 'model__module__num_layers': 2, 'model__module__patch_size': 32, 'model__optimizer__weight_decay': 0.0001}",0.8215802888700086,0.8986936816848841,0.7244444444444444,0.40404040404040403,0.7007215007215007,0.7098960639522484,0.16850010044064057,147,0.8753221649484536,0.970064148253742,0.9676348403469434,0.44306418219461696,0.9247584541062801,0.8361687579700072,0.19956133763324976
286,4.436621856689453,1.5094585546580603,0.041229534149169925,0.003226853657140605,128,10,0.0002,500,128,384,0.25,4,3,16,0.0001,"{'model__batch_size': 128, 'model__callbacks__early_stopping__patience': 10, 'model__lr': 0.0002, 'model__max_epochs': 500, 'model__module__d_model': 128, 'model__module__dim_feedforward': 384, 'model__module__dropout': 0.25, 'model__module__nhead': 4, 'model__module__num_layers': 3, 'model__module__patch_size': 16, 'model__optimizer__weight_decay': 0.0001}",0.701737135365454,0.88125,0.7203007518796992,0.45816326530612245,0.7458333333333333,0.7014568971769218,0.13699765590044216,180,0.8197828249687784,0.9342366757000904,0.9383765481600286,0.4416361416361416,0.892512077294686,0.805308853551945,0.1867624877453022
287,2.854010009765625,0.7938685943486227,0.03987641334533691,0.008312530467937677,128,10,0.0002,500,128,384,0.25,4,3,32,0.0001,"{'model__batch_size': 128, 'model__callbacks__early_stopping__patience': 10, 'model__lr': 0.0002, 'model__max_epochs': 500, 'model__module__d_model': 128, 'model__module__dim_feedforward': 384, 'model__module__dropout': 0.25, 'model__module__nhead': 4, 'model__module__num_layers': 3, 'model__module__patch_size': 32, 'model__optimizer__weight_decay': 0.0001}",0.7321428571428572,0.8581711543588376,0.7416666666666667,0.5076092292587138,0.776829268292683,0.7232838351439517,0.11661359156237845,97,0.8434564284967048,0.9552971321572878,0.8943300830624774,0.4744810744810745,0.9080895008605852,0.815130843811626,0.1740143809571889
