,mean_fit_time,std_fit_time,mean_score_time,std_score_time,param_model__batch_size,param_model__callbacks__early_stopping__patience,param_model__lr,param_model__max_epochs,param_model__module__d_model,param_model__module__dim_feedforward,param_model__module__dropout,param_model__module__nhead,param_model__module__num_layers,param_model__module__patch_size,param_model__optimizer__weight_decay,params,split0_test_score,split1_test_score,split2_test_score,split3_test_score,split4_test_score,mean_test_score,std_test_score,rank_test_score,split0_train_score,split1_train_score,split2_train_score,split3_train_score,split4_train_score,mean_train_score,std_train_score
0,8.486331558227539,1.0739401992167918,0.0312556266784668,0.0036188629706377273,64,10,3e-05,500,96,128,0.1,4,2,16,0.0001,"{'model__batch_size': 64, 'model__callbacks__early_stopping__patience': 10, 'model__lr': 3e-05, 'model__max_epochs': 500, 'model__module__d_model': 96, 'model__module__dim_feedforward': 128, 'model__module__dropout': 0.1, 'model__module__nhead': 4, 'model__module__num_layers': 2, 'model__module__patch_size': 16, 'model__optimizer__weight_decay': 0.0001}",0.965566037735849,0.8816342115311187,0.8659526127880558,0.8346560846560847,0.7866454689984101,0.8668908831419037,0.05904818530974565,76,0.8878708551483421,0.9284684780867987,0.9185193045754408,0.9264833073862653,0.899083552173214,0.9120850994740122,0.015953008127746738
1,7.074081754684448,1.1162230190036853,0.02671966552734375,0.0023877086581056976,64,10,3e-05,500,96,128,0.1,4,2,32,0.0001,"{'model__batch_size': 64, 'model__callbacks__early_stopping__patience': 10, 'model__lr': 3e-05, 'model__max_epochs': 500, 'model__module__d_model': 96, 'model__module__dim_feedforward': 128, 'model__module__dropout': 0.1, 'model__module__nhead': 4, 'model__module__num_layers': 2, 'model__module__patch_size': 32, 'model__optimizer__weight_decay': 0.0001}",0.9491289198606272,0.845,0.8276533592989289,0.894266917293233,0.7324561403508771,0.8497010673607331,0.07228635722956574,200,0.8778354533873329,0.907426597582038,0.9214720370906984,0.8897058823529411,0.8999911480924139,0.8992862237010849,0.014905645967070613
2,8.725741577148437,0.9529493107328727,0.028514623641967773,0.00488704676617356,64,10,3e-05,500,96,128,0.1,4,3,16,0.0001,"{'model__batch_size': 64, 'model__callbacks__early_stopping__patience': 10, 'model__lr': 3e-05, 'model__max_epochs': 500, 'model__module__d_model': 96, 'model__module__dim_feedforward': 128, 'model__module__dropout': 0.1, 'model__module__nhead': 4, 'model__module__num_layers': 3, 'model__module__patch_size': 16, 'model__optimizer__weight_decay': 0.0001}",0.9475197699496765,0.902668759811617,0.8865384615384615,0.894266917293233,0.7706766917293233,0.8803341200644622,0.05877093833512263,15,0.8844718068992475,0.9015791406536908,0.9177571094489173,0.9251482358466566,0.9110774744680481,0.9080067534633119,0.01409636196922629
3,5.362738990783692,0.4161418895313074,0.029918813705444337,0.008647996668796478,64,10,3e-05,500,96,128,0.1,4,3,32,0.0001,"{'model__batch_size': 64, 'model__callbacks__early_stopping__patience': 10, 'model__lr': 3e-05, 'model__max_epochs': 500, 'model__module__d_model': 96, 'model__module__dim_feedforward': 128, 'model__module__dropout': 0.1, 'model__module__nhead': 4, 'model__module__num_layers': 3, 'model__module__patch_size': 32, 'model__optimizer__weight_decay': 0.0001}",0.9262626262626262,0.7933333333333333,0.773076923076923,0.9103085386271228,0.7478537360890303,0.8301670314778071,0.07355066947240509,273,0.8719430769537401,0.8663341645885287,0.9027837566365332,0.8897058823529411,0.8947574334898278,0.8851048628043141,0.0138018586222365
4,8.007340002059937,0.9253872996327415,0.02877216339111328,0.004712864660695647,64,10,3e-05,500,96,128,0.25,4,2,16,0.0001,"{'model__batch_size': 64, 'model__callbacks__early_stopping__patience': 10, 'model__lr': 3e-05, 'model__max_epochs': 500, 'model__module__d_model': 96, 'model__module__dim_feedforward': 128, 'model__module__dropout': 0.25, 'model__module__nhead': 4, 'model__module__num_layers': 2, 'model__module__patch_size': 16, 'model__optimizer__weight_decay': 0.0001}",0.9475197699496765,0.902668759811617,0.8659526127880558,0.8346560846560847,0.8029715762273901,0.8707537606865647,0.050659856125612246,46,0.8744258770643994,0.907426597582038,0.9097569097569097,0.9113899613899614,0.92275664034458,0.9051511972275776,0.016243824299872128
5,7.415038299560547,1.1409613603622237,0.026248931884765625,0.0028149823546791456,64,10,3e-05,500,96,128,0.25,4,2,32,0.0001,"{'model__batch_size': 64, 'model__callbacks__early_stopping__patience': 10, 'model__lr': 3e-05, 'model__max_epochs': 500, 'model__module__d_model': 96, 'model__module__dim_feedforward': 128, 'model__module__dropout': 0.25, 'model__module__nhead': 4, 'model__module__num_layers': 2, 'model__module__patch_size': 32, 'model__optimizer__weight_decay': 0.0001}",0.9644249512670565,0.9289805269186713,0.789354105809802,0.9068322981366459,0.7173308619091752,0.8613845488082703,0.09294287292994921,111,0.8656508354469593,0.9209891958448225,0.9222270053092265,0.8961585448622235,0.9095158006550411,0.9029082764236545,0.020868483862612884
6,8.27440128326416,0.7273009523588687,0.029088306427001952,0.003540147162993332,64,10,3e-05,500,96,128,0.25,4,3,16,0.0001,"{'model__batch_size': 64, 'model__callbacks__early_stopping__patience': 10, 'model__lr': 3e-05, 'model__max_epochs': 500, 'model__module__d_model': 96, 'model__module__dim_feedforward': 128, 'model__module__dropout': 0.25, 'model__module__nhead': 4, 'model__module__num_layers': 3, 'model__module__patch_size': 16, 'model__optimizer__weight_decay': 0.0001}",0.9475197699496765,0.902668759811617,0.8487179487179488,0.8636363636363636,0.8029715762273901,0.8731028836685992,0.049019698761531796,33,0.8811285846438484,0.9233574033030671,0.9133262260127932,0.9159378696503713,0.9110774744680481,0.9089655116156257,0.014519717926209647
7,6.890991306304931,0.7083147979676269,0.02541360855102539,0.005595776081344261,64,10,3e-05,500,96,128,0.25,4,3,32,0.0001,"{'model__batch_size': 64, 'model__callbacks__early_stopping__patience': 10, 'model__lr': 3e-05, 'model__max_epochs': 500, 'model__module__d_model': 96, 'model__module__dim_feedforward': 128, 'model__module__dropout': 0.25, 'model__module__nhead': 4, 'model__module__num_layers': 3, 'model__module__patch_size': 32, 'model__optimizer__weight_decay': 0.0001}",0.8849789915966386,0.8747474747474748,0.8487179487179488,0.8977272727272727,0.7706766917293233,0.8553696759037317,0.0453067847356599,162,0.8572901792797081,0.9007319869477026,0.914119718309859,0.9015444015444015,0.9153969807100922,0.8978166533583527,0.02116434839219102
8,7.46747841835022,0.9035321982890038,0.026815462112426757,0.0029179902894131116,64,10,3e-05,500,96,256,0.1,4,2,16,0.0001,"{'model__batch_size': 64, 'model__callbacks__early_stopping__patience': 10, 'model__lr': 3e-05, 'model__max_epochs': 500, 'model__module__d_model': 96, 'model__module__dim_feedforward': 256, 'model__module__dropout': 0.1, 'model__module__nhead': 4, 'model__module__num_layers': 2, 'model__module__patch_size': 16, 'model__optimizer__weight_decay': 0.0001}",0.928849902534113,0.8747474747474748,0.8659526127880558,0.8489594987692997,0.7796387520525452,0.8596296481782977,0.04810897572413492,120,0.8878708551483421,0.9203259710053687,0.9185193045754408,0.9121631965707286,0.9103097306308677,0.9098378115861496,0.011606438786965403
9,5.7672806739807125,0.2170837224762704,0.02448716163635254,0.0031049296523246667,64,10,3e-05,500,96,256,0.1,4,2,32,0.0001,"{'model__batch_size': 64, 'model__callbacks__early_stopping__patience': 10, 'model__lr': 3e-05, 'model__max_epochs': 500, 'model__module__d_model': 96, 'model__module__dim_feedforward': 256, 'model__module__dropout': 0.1, 'model__module__nhead': 4, 'model__module__num_layers': 2, 'model__module__patch_size': 32, 'model__optimizer__weight_decay': 0.0001}",0.9456979915695513,0.845,0.805921052631579,0.8636363636363636,0.7324561403508771,0.8385423096376743,0.06996023899872712,250,0.8788688138256089,0.8946164295417174,0.8950352112676057,0.9105890603085554,0.9241398759165256,0.9006498781720026,0.015446093917004572
10,7.793021535873413,0.9656582385489957,0.027965784072875977,0.002855688295286898,64,10,3e-05,500,96,256,0.1,4,3,16,0.0001,"{'model__batch_size': 64, 'model__callbacks__early_stopping__patience': 10, 'model__lr': 3e-05, 'model__max_epochs': 500, 'model__module__d_model': 96, 'model__module__dim_feedforward': 256, 'model__module__dropout': 0.1, 'model__module__nhead': 4, 'model__module__num_layers': 3, 'model__module__patch_size': 16, 'model__optimizer__weight_decay': 0.0001}",0.928849902534113,0.9289805269186713,0.8487179487179488,0.8489594987692997,0.8029715762273901,0.8716958906334845,0.04963077946380963,41,0.8934935764608372,0.893103029672407,0.8984058410839566,0.9042962962962964,0.9095158006550411,0.8997629088337076,0.006343037954902263
11,5.884354448318481,0.9856491122986719,0.025043678283691407,0.0032219978145804603,64,10,3e-05,500,96,256,0.1,4,3,32,0.0001,"{'model__batch_size': 64, 'model__callbacks__early_stopping__patience': 10, 'model__lr': 3e-05, 'model__max_epochs': 500, 'model__module__d_model': 96, 'model__module__dim_feedforward': 256, 'model__module__dropout': 0.1, 'model__module__nhead': 4, 'model__module__num_layers': 3, 'model__module__patch_size': 32, 'model__optimizer__weight_decay': 0.0001}",0.9060489060489061,0.8816342115311187,0.8487179487179488,0.8787248787248787,0.7706766917293233,0.8571605273504351,0.046914362400115,149,0.8687745483110763,0.9058658236740429,0.8984058410839566,0.9113899613899614,0.8956923293852228,0.8960257007688519,0.014705713433210796
12,7.58071002960205,0.8940808904199239,0.029673337936401367,0.005217774629513973,64,10,3e-05,500,96,256,0.25,4,2,16,0.0001,"{'model__batch_size': 64, 'model__callbacks__early_stopping__patience': 10, 'model__lr': 3e-05, 'model__max_epochs': 500, 'model__module__d_model': 96, 'model__module__dim_feedforward': 256, 'model__module__dropout': 0.25, 'model__module__nhead': 4, 'model__module__num_layers': 2, 'model__module__patch_size': 16, 'model__optimizer__weight_decay': 0.0001}",0.928849902534113,0.902668759811617,0.831802343997466,0.8489594987692997,0.7796387520525452,0.8583838514330081,0.052768936136708355,133,0.9026767384848424,0.9209891958448225,0.914119718309859,0.8979630723499934,0.9103097306308677,0.9092116911240771,0.008163835733082056
13,6.149216890335083,0.35329177902563613,0.02656998634338379,0.0011988299220606067,64,10,3e-05,500,96,256,0.25,4,2,32,0.0001,"{'model__batch_size': 64, 'model__callbacks__early_stopping__patience': 10, 'model__lr': 3e-05, 'model__max_epochs': 500, 'model__module__d_model': 96, 'model__module__dim_feedforward': 256, 'model__module__dropout': 0.25, 'model__module__nhead': 4, 'model__module__num_layers': 2, 'model__module__patch_size': 32, 'model__optimizer__weight_decay': 0.0001}",0.9456979915695513,0.8816342115311187,0.8487179487179488,0.8440748440748441,0.7324561403508771,0.8505162272488679,0.06929762845324362,192,0.8788688138256089,0.905045351473923,0.8974317383076507,0.9015444015444015,0.9241398759165256,0.9014060362136218,0.014517662793839122
14,8.260263681411743,0.6899520333159679,0.03043994903564453,0.005187642513701817,64,10,3e-05,500,96,256,0.25,4,3,16,0.0001,"{'model__batch_size': 64, 'model__callbacks__early_stopping__patience': 10, 'model__lr': 3e-05, 'model__max_epochs': 500, 'model__module__d_model': 96, 'model__module__dim_feedforward': 256, 'model__module__dropout': 0.25, 'model__module__nhead': 4, 'model__module__num_layers': 3, 'model__module__patch_size': 16, 'model__optimizer__weight_decay': 0.0001}",0.928849902534113,0.902668759811617,0.8659526127880558,0.8346560846560847,0.8029715762273901,0.8670197872034521,0.04526485135922137,73,0.8855544153807431,0.9023984183965454,0.8984058410839566,0.8988190836088805,0.9138924455825864,0.8998140408105424,0.009068521071639203
15,5.856760454177857,0.9635488138010172,0.02652740478515625,0.005085183033675365,64,10,3e-05,500,96,256,0.25,4,3,32,0.0001,"{'model__batch_size': 64, 'model__callbacks__early_stopping__patience': 10, 'model__lr': 3e-05, 'model__max_epochs': 500, 'model__module__d_model': 96, 'model__module__dim_feedforward': 256, 'model__module__dropout': 0.25, 'model__module__nhead': 4, 'model__module__num_layers': 3, 'model__module__patch_size': 32, 'model__optimizer__weight_decay': 0.0001}",0.9262626262626262,0.8246464646464646,0.8276533592989289,0.8787248787248787,0.7706766917293233,0.8455928041324444,0.052874098168588256,218,0.8732066386438537,0.8912778904665315,0.8930621323001865,0.9024035517452541,0.9118200169079208,0.8943540460127493,0.0128701149510007
16,6.716984510421753,0.8892657243203848,0.026555347442626952,0.003176105517802785,64,10,3e-05,500,96,384,0.1,4,2,16,0.0001,"{'model__batch_size': 64, 'model__callbacks__early_stopping__patience': 10, 'model__lr': 3e-05, 'model__max_epochs': 500, 'model__module__d_model': 96, 'model__module__dim_feedforward': 384, 'model__module__dropout': 0.1, 'model__module__nhead': 4, 'model__module__num_layers': 2, 'model__module__patch_size': 16, 'model__optimizer__weight_decay': 0.0001}",0.8466386554621849,0.902668759811617,0.8659526127880558,0.8636363636363636,0.7866454689984101,0.8531083721393264,0.03792418720772587,177,0.8890077120822621,0.9145408163265306,0.9089333404078457,0.9298128342245989,0.9051748448956571,0.9094939095873789,0.013243736722554507
17,5.456855773925781,0.6242564665340987,0.025256586074829102,0.004766886249470077,64,10,3e-05,500,96,384,0.1,4,2,32,0.0001,"{'model__batch_size': 64, 'model__callbacks__early_stopping__patience': 10, 'model__lr': 3e-05, 'model__max_epochs': 500, 'model__module__d_model': 96, 'model__module__dim_feedforward': 384, 'model__module__dropout': 0.1, 'model__module__nhead': 4, 'model__module__num_layers': 2, 'model__module__patch_size': 32, 'model__optimizer__weight_decay': 0.0001}",0.8849789915966386,0.9077380952380952,0.8276533592989289,0.8744319540779718,0.7173308619091752,0.842426652424162,0.06777585478586316,231,0.855849358974359,0.9203259710053687,0.8993473762402504,0.8952075301853193,0.9234599516289657,0.8988380376068527,0.02420510868556671
18,7.141561555862427,1.1513221240450728,0.026920509338378907,0.0032987047608872945,64,10,3e-05,500,96,384,0.1,4,3,16,0.0001,"{'model__batch_size': 64, 'model__callbacks__early_stopping__patience': 10, 'model__lr': 3e-05, 'model__max_epochs': 500, 'model__module__d_model': 96, 'model__module__dim_feedforward': 384, 'model__module__dropout': 0.1, 'model__module__nhead': 4, 'model__module__num_layers': 3, 'model__module__patch_size': 16, 'model__optimizer__weight_decay': 0.0001}",0.9262626262626262,0.902668759811617,0.8487179487179488,0.8489594987692997,0.7796387520525452,0.8612495171228073,0.05081468244141498,112,0.8945177367340955,0.9475435505969858,0.8865159128978224,0.8952075301853193,0.9138924455825864,0.9075354351993619,0.02192860648483979
19,4.782670879364014,0.7223495044948332,0.02618269920349121,0.003071858264702487,64,10,3e-05,500,96,384,0.1,4,3,32,0.0001,"{'model__batch_size': 64, 'model__callbacks__early_stopping__patience': 10, 'model__lr': 3e-05, 'model__max_epochs': 500, 'model__module__d_model': 96, 'model__module__dim_feedforward': 384, 'model__module__dropout': 0.1, 'model__module__nhead': 4, 'model__module__num_layers': 3, 'model__module__patch_size': 32, 'model__optimizer__weight_decay': 0.0001}",0.8466386554621849,0.902668759811617,0.8487179487179488,0.8636363636363636,0.7478537360890303,0.8419030927434289,0.05114479574946127,237,0.8528064146620848,0.8860544217687075,0.9036958066808813,0.8997326203208555,0.9190404532176684,0.8922659433300396,0.022355781462659104
20,7.302227115631103,0.6535915882518897,0.026643943786621094,0.003079846157825934,64,10,3e-05,500,96,384,0.25,4,2,16,0.0001,"{'model__batch_size': 64, 'model__callbacks__early_stopping__patience': 10, 'model__lr': 3e-05, 'model__max_epochs': 500, 'model__module__d_model': 96, 'model__module__dim_feedforward': 384, 'model__module__dropout': 0.25, 'model__module__nhead': 4, 'model__module__num_layers': 2, 'model__module__patch_size': 16, 'model__optimizer__weight_decay': 0.0001}",0.8684684684684685,0.9077380952380952,0.8659526127880558,0.8636363636363636,0.7866454689984101,0.8584882018258787,0.039417653366303054,129,0.89806441377122,0.8973251602117581,0.9097569097569097,0.9159378696503713,0.9146573604060914,0.9071483427592701,0.007993227533262372
21,5.56560640335083,0.9127219570936503,0.025810432434082032,0.004889038532423163,64,10,3e-05,500,96,384,0.25,4,2,32,0.0001,"{'model__batch_size': 64, 'model__callbacks__early_stopping__patience': 10, 'model__lr': 3e-05, 'model__max_epochs': 500, 'model__module__d_model': 96, 'model__module__dim_feedforward': 384, 'model__module__dropout': 0.25, 'model__module__nhead': 4, 'model__module__num_layers': 2, 'model__module__patch_size': 32, 'model__optimizer__weight_decay': 0.0001}",0.8849789915966386,0.8747474747474748,0.805921052631579,0.894266917293233,0.7173308619091752,0.83544905963562,0.06675467294740083,261,0.8776772965254641,0.9066592365561438,0.8844349680170576,0.9006545114539505,0.9297980061589853,0.8998448037423202,0.01829288314867315
22,7.811504554748535,1.4408421969471341,0.02726006507873535,0.0031915239020253814,64,10,3e-05,500,96,384,0.25,4,3,16,0.0001,"{'model__batch_size': 64, 'model__callbacks__early_stopping__patience': 10, 'model__lr': 3e-05, 'model__max_epochs': 500, 'model__module__d_model': 96, 'model__module__dim_feedforward': 384, 'model__module__dropout': 0.25, 'model__module__nhead': 4, 'model__module__num_layers': 3, 'model__module__patch_size': 16, 'model__optimizer__weight_decay': 0.0001}",0.8399122807017544,0.902668759811617,0.8659526127880558,0.8636363636363636,0.819704433497537,0.8583748900870656,0.027868706602839664,134,0.870633242726266,0.8998558693215182,0.914119718309859,0.9166810817044341,0.8999911480924139,0.9002562120308981,0.016369019480341807
23,5.233831453323364,1.1182117802032663,0.02454962730407715,0.002921260467780515,64,10,3e-05,500,96,384,0.25,4,3,32,0.0001,"{'model__batch_size': 64, 'model__callbacks__early_stopping__patience': 10, 'model__lr': 3e-05, 'model__max_epochs': 500, 'model__module__d_model': 96, 'model__module__dim_feedforward': 384, 'model__module__dropout': 0.25, 'model__module__nhead': 4, 'model__module__num_layers': 3, 'model__module__patch_size': 32, 'model__optimizer__weight_decay': 0.0001}",0.8399122807017544,0.9077380952380952,0.8659526127880558,0.894266917293233,0.7866454689984101,0.8589030750039097,0.04305105903361804,124,0.8379010763189485,0.919640179910045,0.8736188836274932,0.8785274670833254,0.9008686496446434,0.8821112513168912,0.027567240939671132
24,6.740641784667969,0.5157532311839522,0.029145431518554688,0.006104585779890765,64,10,3e-05,500,128,128,0.1,4,2,16,0.0001,"{'model__batch_size': 64, 'model__callbacks__early_stopping__patience': 10, 'model__lr': 3e-05, 'model__max_epochs': 500, 'model__module__d_model': 128, 'model__module__dim_feedforward': 128, 'model__module__dropout': 0.1, 'model__module__nhead': 4, 'model__module__num_layers': 2, 'model__module__patch_size': 16, 'model__optimizer__weight_decay': 0.0001}",0.9456979915695513,0.932486388384755,0.8447368421052632,0.9133749133749134,0.7866454689984101,0.8845883208865786,0.06006367825096296,8,0.9006490467761297,0.9246926589392344,0.9332042253521127,0.9264833073862653,0.9380897583429229,0.9246237993593329,0.012908966145552305
25,4.942016839981079,0.7131734930203406,0.024905967712402343,0.0034483211171032553,64,10,3e-05,500,128,128,0.1,4,2,32,0.0001,"{'model__batch_size': 64, 'model__callbacks__early_stopping__patience': 10, 'model__lr': 3e-05, 'model__max_epochs': 500, 'model__module__d_model': 128, 'model__module__dim_feedforward': 128, 'model__module__dropout': 0.1, 'model__module__nhead': 4, 'model__module__num_layers': 2, 'model__module__patch_size': 32, 'model__optimizer__weight_decay': 0.0001}",0.9094966526159187,0.8816342115311187,0.7601626016260162,0.8744319540779718,0.7396341463414634,0.8330719132384978,0.06921860239144045,265,0.8889630793401414,0.9240362811791383,0.8754526904057209,0.8987773896475071,0.9285651057802957,0.9031589092705608,0.02034548276304758
26,7.3755697250366214,0.9091439388918232,0.02924351692199707,0.004888196021190258,64,10,3e-05,500,128,128,0.1,4,3,16,0.0001,"{'model__batch_size': 64, 'model__callbacks__early_stopping__patience': 10, 'model__lr': 3e-05, 'model__max_epochs': 500, 'model__module__d_model': 128, 'model__module__dim_feedforward': 128, 'model__module__dropout': 0.1, 'model__module__nhead': 4, 'model__module__num_layers': 3, 'model__module__patch_size': 16, 'model__optimizer__weight_decay': 0.0001}",0.8893939393939394,0.8747474747474748,0.8276533592989289,0.8489594987692997,0.7866454689984101,0.8454799482416104,0.036266836696141405,219,0.89806441377122,0.919640179910045,0.8993473762402504,0.9310810810810811,0.9146573604060914,0.9125580822817376,0.01250802735037067
27,4.719191169738769,0.5334843915834688,0.02417135238647461,0.004235524364864554,64,10,3e-05,500,128,128,0.1,4,3,32,0.0001,"{'model__batch_size': 64, 'model__callbacks__early_stopping__patience': 10, 'model__lr': 3e-05, 'model__max_epochs': 500, 'model__module__d_model': 128, 'model__module__dim_feedforward': 128, 'model__module__dropout': 0.1, 'model__module__nhead': 4, 'model__module__num_layers': 3, 'model__module__patch_size': 32, 'model__optimizer__weight_decay': 0.0001}",0.8399122807017544,0.8747474747474748,0.8659526127880558,0.8677248677248677,0.7324561403508771,0.836158675262606,0.05318177124998661,259,0.8901910516999328,0.9233574033030671,0.8770589056393077,0.9006545114539505,0.9241398759165256,0.9030803496025568,0.018459668428335643
28,6.791380119323731,0.4657797736022232,0.02509016990661621,0.003789883394201761,64,10,3e-05,500,128,128,0.25,4,2,16,0.0001,"{'model__batch_size': 64, 'model__callbacks__early_stopping__patience': 10, 'model__lr': 3e-05, 'model__max_epochs': 500, 'model__module__d_model': 128, 'model__module__dim_feedforward': 128, 'model__module__dropout': 0.25, 'model__module__nhead': 4, 'model__module__num_layers': 2, 'model__module__patch_size': 16, 'model__optimizer__weight_decay': 0.0001}",0.8629659426119602,0.8747474747474748,0.8108974358974359,0.9103085386271228,0.7866454689984101,0.8491129721764807,0.044624087736469795,204,0.9054579953145269,0.9101860834288737,0.914119718309859,0.9212355212355212,0.9425949637217244,0.918718856402101,0.01300932607947108
29,5.5466869354248045,0.744130844710643,0.02335042953491211,0.0035528245189512145,64,10,3e-05,500,128,128,0.25,4,2,32,0.0001,"{'model__batch_size': 64, 'model__callbacks__early_stopping__patience': 10, 'model__lr': 3e-05, 'model__max_epochs': 500, 'model__module__d_model': 128, 'model__module__dim_feedforward': 128, 'model__module__dropout': 0.25, 'model__module__nhead': 4, 'model__module__num_layers': 2, 'model__module__patch_size': 32, 'model__optimizer__weight_decay': 0.0001}",0.8932748538011696,0.8246464646464646,0.8228228228228228,0.9103085386271228,0.7024390243902439,0.8306983408575647,0.07321571526898263,271,0.8616985231100392,0.8973251602117581,0.9011378441761487,0.9159378696503713,0.9241398759165256,0.9000478546129687,0.02150437368142453
30,7.628327465057373,0.8438742760666208,0.025856733322143555,0.003039348005738361,64,10,3e-05,500,128,128,0.25,4,3,16,0.0001,"{'model__batch_size': 64, 'model__callbacks__early_stopping__patience': 10, 'model__lr': 3e-05, 'model__max_epochs': 500, 'model__module__d_model': 128, 'model__module__dim_feedforward': 128, 'model__module__dropout': 0.25, 'model__module__nhead': 4, 'model__module__num_layers': 3, 'model__module__patch_size': 16, 'model__optimizer__weight_decay': 0.0001}",0.8684684684684685,0.8747474747474748,0.8276533592989289,0.8636363636363636,0.7866454689984101,0.8442302270299292,0.03312458239916162,225,0.8990573448546739,0.9203259710053687,0.8993473762402504,0.9166810817044341,0.9146573604060914,0.9100138268421638,0.009013020299386422
31,5.151657676696777,0.46863075591955416,0.024285316467285156,0.003575334128573994,64,10,3e-05,500,128,128,0.25,4,3,32,0.0001,"{'model__batch_size': 64, 'model__callbacks__early_stopping__patience': 10, 'model__lr': 3e-05, 'model__max_epochs': 500, 'model__module__d_model': 128, 'model__module__dim_feedforward': 128, 'model__module__dropout': 0.25, 'model__module__nhead': 4, 'model__module__num_layers': 3, 'model__module__patch_size': 32, 'model__optimizer__weight_decay': 0.0001}",0.9262626262626262,0.902668759811617,0.8228228228228228,0.894266917293233,0.7396341463414634,0.8571310545063524,0.06813883960333796,151,0.8788688138256089,0.8973251602117581,0.8568661971830986,0.8987773896475071,0.9341976516634051,0.8932070425062756,0.025512583327780617
32,6.180047035217285,0.49902213092154135,0.024551248550415038,0.0027198466334800117,64,10,3e-05,500,128,256,0.1,4,2,16,0.0001,"{'model__batch_size': 64, 'model__callbacks__early_stopping__patience': 10, 'model__lr': 3e-05, 'model__max_epochs': 500, 'model__module__d_model': 128, 'model__module__dim_feedforward': 256, 'model__module__dropout': 0.1, 'model__module__nhead': 4, 'model__module__num_layers': 2, 'model__module__patch_size': 16, 'model__optimizer__weight_decay': 0.0001}",0.9644249512670565,0.902668759811617,0.8487179487179488,0.9133749133749134,0.7866454689984101,0.8831664084339892,0.06066108207031938,11,0.8833501075523453,0.919640179910045,0.9192561824140771,0.9304581580177653,0.92275664034458,0.9150922536477625,0.01637339070166796
33,5.043217658996582,0.3238611388818965,0.02353081703186035,0.0029996284355222162,64,10,3e-05,500,128,256,0.1,4,2,32,0.0001,"{'model__batch_size': 64, 'model__callbacks__early_stopping__patience': 10, 'model__lr': 3e-05, 'model__max_epochs': 500, 'model__module__d_model': 128, 'model__module__dim_feedforward': 256, 'model__module__dropout': 0.1, 'model__module__nhead': 4, 'model__module__num_layers': 2, 'model__module__patch_size': 32, 'model__optimizer__weight_decay': 0.0001}",0.9060489060489061,0.8540031397174255,0.8447368421052632,0.8787248787248787,0.7706766917293233,0.8508380916651594,0.045385018965444994,190,0.8788688138256089,0.9189309418317052,0.9027837566365332,0.9316824862216779,0.9190404532176684,0.9102612903466387,0.018179688021605606
34,7.117608308792114,0.6931597321831795,0.029645395278930665,0.00965457965181502,64,10,3e-05,500,128,256,0.1,4,3,16,0.0001,"{'model__batch_size': 64, 'model__callbacks__early_stopping__patience': 10, 'model__lr': 3e-05, 'model__max_epochs': 500, 'model__module__d_model': 128, 'model__module__dim_feedforward': 256, 'model__module__dropout': 0.1, 'model__module__nhead': 4, 'model__module__num_layers': 3, 'model__module__patch_size': 16, 'model__optimizer__weight_decay': 0.0001}",0.9262626262626262,0.902668759811617,0.8487179487179488,0.8787248787248787,0.7866454689984101,0.8686039365030961,0.048373573507010714,57,0.9045636665689436,0.9181973247149655,0.8993473762402504,0.9251482358466566,0.9336223914269599,0.9161757989595551,0.01270442606868341
35,4.831629991531372,0.32924443740876586,0.024324893951416016,0.0037615955780700965,64,10,3e-05,500,128,256,0.1,4,3,32,0.0001,"{'model__batch_size': 64, 'model__callbacks__early_stopping__patience': 10, 'model__lr': 3e-05, 'model__max_epochs': 500, 'model__module__d_model': 128, 'model__module__dim_feedforward': 256, 'model__module__dropout': 0.1, 'model__module__nhead': 4, 'model__module__num_layers': 3, 'model__module__patch_size': 32, 'model__optimizer__weight_decay': 0.0001}",0.9060489060489061,0.9077380952380952,0.8276533592989289,0.9461851231762737,0.7396341463414634,0.8654519260207334,0.07377388338305986,83,0.870633242726266,0.8955498866213152,0.8844349680170576,0.8907199625993455,0.9386329735895411,0.8959942067107051,0.022903597995216855
36,6.6700481414794925,0.7045197318126784,0.02452197074890137,0.002594654706511617,64,10,3e-05,500,128,256,0.25,4,2,16,0.0001,"{'model__batch_size': 64, 'model__callbacks__early_stopping__patience': 10, 'model__lr': 3e-05, 'model__max_epochs': 500, 'model__module__d_model': 128, 'model__module__dim_feedforward': 256, 'model__module__dropout': 0.25, 'model__module__nhead': 4, 'model__module__num_layers': 2, 'model__module__patch_size': 16, 'model__optimizer__weight_decay': 0.0001}",0.9262626262626262,0.9289805269186713,0.8447368421052632,0.8977272727272727,0.7706766917293233,0.8736767919486313,0.059747368209726696,30,0.9016812644719621,0.9246926589392344,0.9089333404078457,0.9121631965707286,0.933027457675345,0.9160995836130231,0.011270598700226654
37,5.132525777816772,0.6168954119010577,0.023559379577636718,0.0026770346232629105,64,10,3e-05,500,128,256,0.25,4,2,32,0.0001,"{'model__batch_size': 64, 'model__callbacks__early_stopping__patience': 10, 'model__lr': 3e-05, 'model__max_epochs': 500, 'model__module__d_model': 128, 'model__module__dim_feedforward': 256, 'model__module__dropout': 0.25, 'model__module__nhead': 4, 'model__module__num_layers': 2, 'model__module__patch_size': 32, 'model__optimizer__weight_decay': 0.0001}",0.8399122807017544,0.9077380952380952,0.8447368421052632,0.8590225563909775,0.7324561403508771,0.8367731829573934,0.05742189925984095,257,0.8751619170984456,0.9159933129005294,0.8844349680170576,0.9105890603085554,0.9297980061589853,0.9031954528967147,0.0203173886785792
38,7.10286021232605,0.6416765956193641,0.027112531661987304,0.0037530846855508035,64,10,3e-05,500,128,256,0.25,4,3,16,0.0001,"{'model__batch_size': 64, 'model__callbacks__early_stopping__patience': 10, 'model__lr': 3e-05, 'model__max_epochs': 500, 'model__module__d_model': 128, 'model__module__dim_feedforward': 256, 'model__module__dropout': 0.25, 'model__module__nhead': 4, 'model__module__num_layers': 3, 'model__module__patch_size': 16, 'model__optimizer__weight_decay': 0.0001}",0.9125329499161274,0.9289805269186713,0.8487179487179488,0.8787248787248787,0.7706766917293233,0.8679265992013899,0.05596503946426037,66,0.908257972394098,0.9290942763912162,0.9089333404078457,0.9251482358466566,0.9197508116170923,0.9182369273313817,0.008415180698179354
39,5.3683919429779055,0.8598349409937688,0.02486000061035156,0.003125466954262167,64,10,3e-05,500,128,256,0.25,4,3,32,0.0001,"{'model__batch_size': 64, 'model__callbacks__early_stopping__patience': 10, 'model__lr': 3e-05, 'model__max_epochs': 500, 'model__module__d_model': 128, 'model__module__dim_feedforward': 256, 'model__module__dropout': 0.25, 'model__module__nhead': 4, 'model__module__num_layers': 3, 'model__module__patch_size': 32, 'model__optimizer__weight_decay': 0.0001}",0.9262626262626262,0.902668759811617,0.8487179487179488,0.9103085386271228,0.7396341463414634,0.8655184039521556,0.06812527762741506,82,0.8335492227979275,0.9101860834288737,0.9002576370997424,0.9015444015444015,0.939158272004454,0.8969391233750799,0.034665369108650375
40,6.4169933795928955,0.899760692069834,0.025717973709106445,0.003188014720045411,64,10,3e-05,500,128,384,0.1,4,2,16,0.0001,"{'model__batch_size': 64, 'model__callbacks__early_stopping__patience': 10, 'model__lr': 3e-05, 'model__max_epochs': 500, 'model__module__d_model': 128, 'model__module__dim_feedforward': 384, 'model__module__dropout': 0.1, 'model__module__nhead': 4, 'model__module__num_layers': 2, 'model__module__patch_size': 16, 'model__optimizer__weight_decay': 0.0001}",0.8893939393939394,0.9289805269186713,0.8835526315789474,0.8787248787248787,0.7550200803212852,0.8671344113875443,0.05881147627996249,71,0.8934935764608372,0.9041967541288338,0.9376912329106313,0.9310810810810811,0.9197508116170923,0.917242691239695,0.016432598611160806
41,4.634346342086792,0.7786554665224864,0.02401137351989746,0.003574289468033252,64,10,3e-05,500,128,384,0.1,4,2,32,0.0001,"{'model__batch_size': 64, 'model__callbacks__early_stopping__patience': 10, 'model__lr': 3e-05, 'model__max_epochs': 500, 'model__module__d_model': 128, 'model__module__dim_feedforward': 384, 'model__module__dropout': 0.1, 'model__module__nhead': 4, 'model__module__num_layers': 2, 'model__module__patch_size': 32, 'model__optimizer__weight_decay': 0.0001}",0.8629659426119602,0.8747474747474748,0.8447368421052632,0.8744319540779718,0.7478537360890303,0.8409471899263401,0.04781059875196563,241,0.8602839021443672,0.8903183330664246,0.928105268743036,0.9351284710671024,0.9146573604060914,0.9056986670854045,0.027376935166099636
42,6.590434169769287,0.6889183069556414,0.02699246406555176,0.0029688724025812344,64,10,3e-05,500,128,384,0.1,4,3,16,0.0001,"{'model__batch_size': 64, 'model__callbacks__early_stopping__patience': 10, 'model__lr': 3e-05, 'model__max_epochs': 500, 'model__module__d_model': 128, 'model__module__dim_feedforward': 384, 'model__module__dropout': 0.1, 'model__module__nhead': 4, 'model__module__num_layers': 3, 'model__module__patch_size': 16, 'model__optimizer__weight_decay': 0.0001}",0.8849789915966386,0.9289805269186713,0.8659526127880558,0.8636363636363636,0.7866454689984101,0.8660387927876279,0.046107422355769444,79,0.8959682642487047,0.9240362811791383,0.9045774647887324,0.9159378696503713,0.9110774744680481,0.9103194708669988,0.00958352361807742
43,4.111400032043457,0.5467079531318625,0.024561405181884766,0.00389091078766286,64,10,3e-05,500,128,384,0.1,4,3,32,0.0001,"{'model__batch_size': 64, 'model__callbacks__early_stopping__patience': 10, 'model__lr': 3e-05, 'model__max_epochs': 500, 'model__module__d_model': 128, 'model__module__dim_feedforward': 384, 'model__module__dropout': 0.1, 'model__module__nhead': 4, 'model__module__num_layers': 3, 'model__module__patch_size': 32, 'model__optimizer__weight_decay': 0.0001}",0.8629659426119602,0.9289805269186713,0.8228228228228228,0.8787248787248787,0.7550200803212852,0.8497028502799235,0.05829322528328773,199,0.870633242726266,0.9137770787159505,0.8876633324321889,0.8852272949648734,0.9247973161867487,0.8964196530052055,0.019866821479559132
44,6.606351709365844,0.29351808378855937,0.025256967544555663,0.003370501130688485,64,10,3e-05,500,128,384,0.25,4,2,16,0.0001,"{'model__batch_size': 64, 'model__callbacks__early_stopping__patience': 10, 'model__lr': 3e-05, 'model__max_epochs': 500, 'model__module__d_model': 128, 'model__module__dim_feedforward': 384, 'model__module__dropout': 0.25, 'model__module__nhead': 4, 'model__module__num_layers': 2, 'model__module__patch_size': 16, 'model__optimizer__weight_decay': 0.0001}",0.8684684684684685,0.9289805269186713,0.8447368421052632,0.8636363636363636,0.7706766917293233,0.855299778571618,0.0508810537914335,163,0.9120306050538609,0.9246926589392344,0.9185193045754408,0.9121631965707286,0.9103097306308677,0.9155430991540265,0.005361375669527731
45,4.8192055225372314,0.5776967747755438,0.023511362075805665,0.0028928250382381786,64,10,3e-05,500,128,384,0.25,4,2,32,0.0001,"{'model__batch_size': 64, 'model__callbacks__early_stopping__patience': 10, 'model__lr': 3e-05, 'model__max_epochs': 500, 'model__module__d_model': 128, 'model__module__dim_feedforward': 384, 'model__module__dropout': 0.25, 'model__module__nhead': 4, 'model__module__num_layers': 2, 'model__module__patch_size': 32, 'model__optimizer__weight_decay': 0.0001}",0.8849789915966386,0.902668759811617,0.805921052631579,0.8977272727272727,0.7550200803212852,0.8492632314176785,0.058714300266219044,202,0.8616985231100392,0.9137770787159505,0.8993473762402504,0.9357171944385193,0.9285651057802957,0.9078210556570111,0.02624147723173236
46,6.866002321243286,0.9977021420996975,0.02746095657348633,0.0024636680097299643,64,10,3e-05,500,128,384,0.25,4,3,16,0.0001,"{'model__batch_size': 64, 'model__callbacks__early_stopping__patience': 10, 'model__lr': 3e-05, 'model__max_epochs': 500, 'model__module__d_model': 128, 'model__module__dim_feedforward': 384, 'model__module__dropout': 0.25, 'model__module__nhead': 4, 'model__module__num_layers': 3, 'model__module__patch_size': 16, 'model__optimizer__weight_decay': 0.0001}",0.9456979915695513,0.9289805269186713,0.8487179487179488,0.8787248787248787,0.7866454689984101,0.877753362985892,0.05724568516376349,22,0.8809825833081647,0.9145408163265306,0.8959729201563372,0.9351284710671024,0.9086946424424317,0.9070638866601133,0.01816275674075596
47,4.668809127807617,0.745817381983926,0.02523651123046875,0.003075562900500842,64,10,3e-05,500,128,384,0.25,4,3,32,0.0001,"{'model__batch_size': 64, 'model__callbacks__early_stopping__patience': 10, 'model__lr': 3e-05, 'model__max_epochs': 500, 'model__module__d_model': 128, 'model__module__dim_feedforward': 384, 'model__module__dropout': 0.25, 'model__module__nhead': 4, 'model__module__num_layers': 3, 'model__module__patch_size': 32, 'model__optimizer__weight_decay': 0.0001}",0.9060489060489061,0.932486388384755,0.8487179487179488,0.894266917293233,0.7706766917293233,0.8704393704348332,0.05676272663697299,48,0.8719430769537401,0.9152792413066386,0.9027837566365332,0.893556466302368,0.9247973161867487,0.9016719714772059,0.018280284572275374
48,3.1502824783325196,0.2892730999942603,0.023860931396484375,0.0027122252055088517,64,10,0.0001,500,96,128,0.1,4,2,16,0.0001,"{'model__batch_size': 64, 'model__callbacks__early_stopping__patience': 10, 'model__lr': 0.0001, 'model__max_epochs': 500, 'model__module__d_model': 96, 'model__module__dim_feedforward': 128, 'model__module__dropout': 0.1, 'model__module__nhead': 4, 'model__module__num_layers': 2, 'model__module__patch_size': 16, 'model__optimizer__weight_decay': 0.0001}",0.8893939393939394,0.902668759811617,0.831802343997466,0.8977272727272727,0.819704433497537,0.8682593498855665,0.035173086374455945,62,0.9111070418523266,0.9101860834288737,0.890758364442575,0.9076808749833273,0.9471390035193026,0.913374273645281,0.01843505366259401
49,2.6924696445465086,0.31974946820213396,0.022628402709960936,0.0024757257576570606,64,10,0.0001,500,96,128,0.1,4,2,32,0.0001,"{'model__batch_size': 64, 'model__callbacks__early_stopping__patience': 10, 'model__lr': 0.0001, 'model__max_epochs': 500, 'model__module__d_model': 96, 'model__module__dim_feedforward': 128, 'model__module__dropout': 0.1, 'model__module__nhead': 4, 'model__module__num_layers': 2, 'model__module__patch_size': 32, 'model__optimizer__weight_decay': 0.0001}",0.9644249512670565,0.845,0.805921052631579,0.8636363636363636,0.7396341463414634,0.8437233027752926,0.07379784617497138,228,0.8543340173947034,0.8898026315789473,0.8897614120726552,0.9298128342245989,0.9341976516634051,0.899581709386862,0.029501208793463757
50,3.474312114715576,0.29065959027298277,0.026500177383422852,0.0028148344576280895,64,10,0.0001,500,96,128,0.1,4,3,16,0.0001,"{'model__batch_size': 64, 'model__callbacks__early_stopping__patience': 10, 'model__lr': 0.0001, 'model__max_epochs': 500, 'model__module__d_model': 96, 'model__module__dim_feedforward': 128, 'model__module__dropout': 0.1, 'model__module__nhead': 4, 'model__module__num_layers': 3, 'model__module__patch_size': 16, 'model__optimizer__weight_decay': 0.0001}",0.9475197699496765,0.902668759811617,0.8487179487179488,0.8346560846560847,0.8029715762273901,0.8673068278725434,0.051449439981771664,70,0.8990573448546739,0.9219284829946837,0.8959729201563372,0.9159378696503713,0.9103097306308677,0.9086412696573868,0.009847973044777159
51,2.745477819442749,0.42350196100831516,0.02514500617980957,0.003903879639375202,64,10,0.0001,500,96,128,0.1,4,3,32,0.0001,"{'model__batch_size': 64, 'model__callbacks__early_stopping__patience': 10, 'model__lr': 0.0001, 'model__max_epochs': 500, 'model__module__d_model': 96, 'model__module__dim_feedforward': 128, 'model__module__dropout': 0.1, 'model__module__nhead': 4, 'model__module__num_layers': 3, 'model__module__patch_size': 32, 'model__optimizer__weight_decay': 0.0001}",0.8629659426119602,0.902668759811617,0.831802343997466,0.8787248787248787,0.7550200803212852,0.8462364010934416,0.05108571038594622,217,0.8543555699481865,0.9351986183074266,0.9148869346733668,0.9032331511839709,0.9033317932132039,0.9022012134652309,0.02661317327367138
52,3.0001063346862793,0.0531018194370149,0.024721097946166993,0.0028033525461086907,64,10,0.0001,500,96,128,0.25,4,2,16,0.0001,"{'model__batch_size': 64, 'model__callbacks__early_stopping__patience': 10, 'model__lr': 0.0001, 'model__max_epochs': 500, 'model__module__d_model': 96, 'model__module__dim_feedforward': 128, 'model__module__dropout': 0.25, 'model__module__nhead': 4, 'model__module__num_layers': 2, 'model__module__patch_size': 16, 'model__optimizer__weight_decay': 0.0001}",0.8684684684684685,0.902668759811617,0.831802343997466,0.8977272727272727,0.7866454689984101,0.8574624628006469,0.04349594159645441,147,0.8970352564102564,0.9116938071206839,0.8959729201563372,0.9076808749833273,0.9190404532176684,0.9062846623776546,0.008784099212031944
53,2.8714935779571533,0.37868424517058286,0.023085546493530274,0.0028183787654346005,64,10,0.0001,500,96,128,0.25,4,2,32,0.0001,"{'model__batch_size': 64, 'model__callbacks__early_stopping__patience': 10, 'model__lr': 0.0001, 'model__max_epochs': 500, 'model__module__d_model': 96, 'model__module__dim_feedforward': 128, 'model__module__dropout': 0.25, 'model__module__nhead': 4, 'model__module__num_layers': 2, 'model__module__patch_size': 32, 'model__optimizer__weight_decay': 0.0001}",0.9475197699496765,0.845,0.751054852320675,0.8489594987692997,0.7396341463414634,0.8264336534762228,0.07580249156131498,280,0.8719430769537401,0.9425180524773004,0.890758364442575,0.9159378696503713,0.9341976516634051,0.9110710030374782,0.026423637418292834
54,3.892256498336792,0.474114332865771,0.02551412582397461,0.002821581771785408,64,10,0.0001,500,96,128,0.25,4,3,16,0.0001,"{'model__batch_size': 64, 'model__callbacks__early_stopping__patience': 10, 'model__lr': 0.0001, 'model__max_epochs': 500, 'model__module__d_model': 96, 'model__module__dim_feedforward': 128, 'model__module__dropout': 0.25, 'model__module__nhead': 4, 'model__module__num_layers': 3, 'model__module__patch_size': 16, 'model__optimizer__weight_decay': 0.0001}",0.9475197699496765,0.9289805269186713,0.831802343997466,0.894266917293233,0.819704433497537,0.8844547983313167,0.05103116601346259,9,0.8945177367340955,0.903190848886213,0.9002576370997424,0.9244444444444444,0.942067480258435,0.912895629484586,0.01775398864750801
55,2.8692482471466065,0.36337002978669386,0.02350893020629883,0.00333217053719642,64,10,0.0001,500,96,128,0.25,4,3,32,0.0001,"{'model__batch_size': 64, 'model__callbacks__early_stopping__patience': 10, 'model__lr': 0.0001, 'model__max_epochs': 500, 'model__module__d_model': 96, 'model__module__dim_feedforward': 128, 'model__module__dropout': 0.25, 'model__module__nhead': 4, 'model__module__num_layers': 3, 'model__module__patch_size': 32, 'model__optimizer__weight_decay': 0.0001}",0.9262626262626262,0.8246464646464646,0.8276533592989289,0.8787248787248787,0.7173308619091752,0.8349236381684146,0.06963892259240614,262,0.8900171179582944,0.9058658236740429,0.8823069573525579,0.8926439069197796,0.9285651057802957,0.8998797823369941,0.016230309248869115
56,3.163676691055298,0.3442830630318395,0.02545819282531738,0.004128098402411901,64,10,0.0001,500,96,256,0.1,4,2,16,0.0001,"{'model__batch_size': 64, 'model__callbacks__early_stopping__patience': 10, 'model__lr': 0.0001, 'model__max_epochs': 500, 'model__module__d_model': 96, 'model__module__dim_feedforward': 256, 'model__module__dropout': 0.1, 'model__module__nhead': 4, 'model__module__num_layers': 2, 'model__module__patch_size': 16, 'model__optimizer__weight_decay': 0.0001}",0.9475197699496765,0.902668759811617,0.8659526127880558,0.8787248787248787,0.7866454689984101,0.8763022980545276,0.052760687045074806,24,0.8756026254138511,0.9015791406536908,0.914119718309859,0.9121631965707286,0.9146573604060914,0.9036244082708442,0.01479318698167633
57,2.608394956588745,0.3241373123932256,0.023174858093261717,0.0031077040382331924,64,10,0.0001,500,96,256,0.1,4,2,32,0.0001,"{'model__batch_size': 64, 'model__callbacks__early_stopping__patience': 10, 'model__lr': 0.0001, 'model__max_epochs': 500, 'model__module__d_model': 96, 'model__module__dim_feedforward': 256, 'model__module__dropout': 0.1, 'model__module__nhead': 4, 'model__module__num_layers': 2, 'model__module__patch_size': 32, 'model__optimizer__weight_decay': 0.0001}",0.9475197699496765,0.8816342115311187,0.831802343997466,0.8636363636363636,0.7478537360890303,0.854489285040731,0.06536210644942206,171,0.8643799472295515,0.9623463294696171,0.9019891500904159,0.8872744046589403,0.9247973161867487,0.9081574295270546,0.03347816918587829
58,3.1906216621398924,0.347541922622672,0.025887680053710938,0.0029274437187626137,64,10,0.0001,500,96,256,0.1,4,3,16,0.0001,"{'model__batch_size': 64, 'model__callbacks__early_stopping__patience': 10, 'model__lr': 0.0001, 'model__max_epochs': 500, 'model__module__d_model': 96, 'model__module__dim_feedforward': 256, 'model__module__dropout': 0.1, 'model__module__nhead': 4, 'model__module__num_layers': 3, 'model__module__patch_size': 16, 'model__optimizer__weight_decay': 0.0001}",0.928849902534113,0.8816342115311187,0.8487179487179488,0.8440748440748441,0.7866454689984101,0.857984475171287,0.04679704900245062,138,0.8756026254138511,0.8865464397595462,0.8917224007643534,0.8942222222222223,0.9086946424424317,0.891357666120481,0.010772916668869773
59,2.534686279296875,0.3545648598437907,0.02477431297302246,0.0032963575923880806,64,10,0.0001,500,96,256,0.1,4,3,32,0.0001,"{'model__batch_size': 64, 'model__callbacks__early_stopping__patience': 10, 'model__lr': 0.0001, 'model__max_epochs': 500, 'model__module__d_model': 96, 'model__module__dim_feedforward': 256, 'model__module__dropout': 0.1, 'model__module__nhead': 4, 'model__module__num_layers': 3, 'model__module__patch_size': 32, 'model__optimizer__weight_decay': 0.0001}",0.9456979915695513,0.8816342115311187,0.7987596899224807,0.8489594987692997,0.7706766917293233,0.8491456167043546,0.06176409690138487,203,0.8395852209805699,0.8964524060414472,0.914119718309859,0.8909628362676384,0.9067914067914068,0.8895823176781843,0.026256619743415647
60,3.0876144886016847,0.11619244121718787,0.024223852157592773,0.0032724533525655946,64,10,0.0001,500,96,256,0.25,4,2,16,0.0001,"{'model__batch_size': 64, 'model__callbacks__early_stopping__patience': 10, 'model__lr': 0.0001, 'model__max_epochs': 500, 'model__module__d_model': 96, 'model__module__dim_feedforward': 256, 'model__module__dropout': 0.25, 'model__module__nhead': 4, 'model__module__num_layers': 2, 'model__module__patch_size': 16, 'model__optimizer__weight_decay': 0.0001}",0.9456979915695513,0.932486388384755,0.8659526127880558,0.8977272727272727,0.7706766917293233,0.8825081914397916,0.06245440410015895,13,0.8900171179582944,0.907426597582038,0.890758364442575,0.8979630723499934,0.9234599516289657,0.9019250207923732,0.012459614702789381
61,2.3555124759674073,0.1623436301190159,0.02256927490234375,0.002933228970491421,64,10,0.0001,500,96,256,0.25,4,2,32,0.0001,"{'model__batch_size': 64, 'model__callbacks__early_stopping__patience': 10, 'model__lr': 0.0001, 'model__max_epochs': 500, 'model__module__d_model': 96, 'model__module__dim_feedforward': 256, 'model__module__dropout': 0.25, 'model__module__nhead': 4, 'model__module__num_layers': 2, 'model__module__patch_size': 32, 'model__optimizer__weight_decay': 0.0001}",0.9665750915750915,0.813172621609987,0.831802343997466,0.894266917293233,0.7706766917293233,0.85529873324102,0.06839375233259541,164,0.8582891259293062,0.93410607657183,0.8959729201563372,0.8818532818532818,0.9204377403135167,0.8981318289648546,0.027014045015393135
62,3.4054004192352294,0.4861708367597308,0.02713303565979004,0.003045695756311596,64,10,0.0001,500,96,256,0.25,4,3,16,0.0001,"{'model__batch_size': 64, 'model__callbacks__early_stopping__patience': 10, 'model__lr': 0.0001, 'model__max_epochs': 500, 'model__module__d_model': 96, 'model__module__dim_feedforward': 256, 'model__module__dropout': 0.25, 'model__module__nhead': 4, 'model__module__num_layers': 3, 'model__module__patch_size': 16, 'model__optimizer__weight_decay': 0.0001}",0.8684684684684685,0.9077380952380952,0.831802343997466,0.8489594987692997,0.8029715762273901,0.851987996540144,0.03521057025215547,181,0.89806441377122,0.8865464397595462,0.8926547834323604,0.9076808749833273,0.8947574334898278,0.8959407890872564,0.006968376591007204
63,2.8375924587249757,0.48108722077554855,0.024411392211914063,0.003550175815825486,64,10,0.0001,500,96,256,0.25,4,3,32,0.0001,"{'model__batch_size': 64, 'model__callbacks__early_stopping__patience': 10, 'model__lr': 0.0001, 'model__max_epochs': 500, 'model__module__d_model': 96, 'model__module__dim_feedforward': 256, 'model__module__dropout': 0.25, 'model__module__nhead': 4, 'model__module__num_layers': 3, 'model__module__patch_size': 32, 'model__optimizer__weight_decay': 0.0001}",0.9262626262626262,0.845,0.8447368421052632,0.8636363636363636,0.7396341463414634,0.8438539956691434,0.06007727393336693,227,0.8572956298200514,0.925327389244915,0.8940653873489695,0.9113899613899614,0.9006913679688549,0.8977539471545504,0.022826935619822925
64,3.171648931503296,0.32418547391972624,0.02489337921142578,0.003368332116373912,64,10,0.0001,500,96,384,0.1,4,2,16,0.0001,"{'model__batch_size': 64, 'model__callbacks__early_stopping__patience': 10, 'model__lr': 0.0001, 'model__max_epochs': 500, 'model__module__d_model': 96, 'model__module__dim_feedforward': 384, 'model__module__dropout': 0.1, 'model__module__nhead': 4, 'model__module__num_layers': 2, 'model__module__patch_size': 16, 'model__optimizer__weight_decay': 0.0001}",0.928849902534113,0.9289805269186713,0.8487179487179488,0.8346560846560847,0.7866454689984101,0.8655699863650457,0.055666838201848715,81,0.8945177367340955,0.93410607657183,0.9011378441761487,0.9092033507617923,0.9197508116170923,0.9117431639721918,0.013999007703397756
65,2.400180625915527,0.3185406569517886,0.023527145385742188,0.0034137710797369123,64,10,0.0001,500,96,384,0.1,4,2,32,0.0001,"{'model__batch_size': 64, 'model__callbacks__early_stopping__patience': 10, 'model__lr': 0.0001, 'model__max_epochs': 500, 'model__module__d_model': 96, 'model__module__dim_feedforward': 384, 'model__module__dropout': 0.1, 'model__module__nhead': 4, 'model__module__num_layers': 2, 'model__module__patch_size': 32, 'model__optimizer__weight_decay': 0.0001}",0.9456979915695513,0.902668759811617,0.8487179487179488,0.8787248787248787,0.7324561403508771,0.8616531438349746,0.07196727909099825,106,0.8529197008268703,0.9240362811791383,0.8950352112676057,0.905187765405765,0.9017172086225794,0.8957792334603918,0.023493547517395637
66,3.2729544639587402,0.48171109768624615,0.027330827713012696,0.0038441934682524365,64,10,0.0001,500,96,384,0.1,4,3,16,0.0001,"{'model__batch_size': 64, 'model__callbacks__early_stopping__patience': 10, 'model__lr': 0.0001, 'model__max_epochs': 500, 'model__module__d_model': 96, 'model__module__dim_feedforward': 384, 'model__module__dropout': 0.1, 'model__module__nhead': 4, 'model__module__num_layers': 3, 'model__module__patch_size': 16, 'model__optimizer__weight_decay': 0.0001}",0.928849902534113,0.902668759811617,0.8835526315789474,0.8489594987692997,0.7706766917293233,0.86694149688466,0.054727109863314846,74,0.870633242726266,0.9181973247149655,0.890758364442575,0.8916988416988417,0.9067914067914068,0.8956158360748109,0.016111392590742617
67,2.1481268882751463,0.19063646955694105,0.023856925964355468,0.003454077779127418,64,10,0.0001,500,96,384,0.1,4,3,32,0.0001,"{'model__batch_size': 64, 'model__callbacks__early_stopping__patience': 10, 'model__lr': 0.0001, 'model__max_epochs': 500, 'model__module__d_model': 96, 'model__module__dim_feedforward': 384, 'model__module__dropout': 0.1, 'model__module__nhead': 4, 'model__module__num_layers': 3, 'model__module__patch_size': 32, 'model__optimizer__weight_decay': 0.0001}",0.8849789915966386,0.8816342115311187,0.8487179487179488,0.894266917293233,0.7478537360890303,0.8514903610455938,0.05405221580136633,187,0.8495316159250585,0.8970418747598924,0.9097569097569097,0.8886551286122579,0.9204377403135167,0.8930846538735271,0.024324073917660158
68,3.147040033340454,0.40140683072773053,0.025002193450927735,0.003627577175358598,64,10,0.0001,500,96,384,0.25,4,2,16,0.0001,"{'model__batch_size': 64, 'model__callbacks__early_stopping__patience': 10, 'model__lr': 0.0001, 'model__max_epochs': 500, 'model__module__d_model': 96, 'model__module__dim_feedforward': 384, 'model__module__dropout': 0.25, 'model__module__nhead': 4, 'model__module__num_layers': 2, 'model__module__patch_size': 16, 'model__optimizer__weight_decay': 0.0001}",0.9456979915695513,0.9289805269186713,0.831802343997466,0.9103085386271228,0.819704433497537,0.8872987669220697,0.05162583659039988,3,0.9016812644719621,0.9116938071206839,0.9148869346733668,0.9151680006262108,0.9425949637217244,0.9172049941227896,0.01360538615986444
69,2.385648584365845,0.1958844803441922,0.023815631866455078,0.002779142036768209,64,10,0.0001,500,96,384,0.25,4,2,32,0.0001,"{'model__batch_size': 64, 'model__callbacks__early_stopping__patience': 10, 'model__lr': 0.0001, 'model__max_epochs': 500, 'model__module__d_model': 96, 'model__module__dim_feedforward': 384, 'model__module__dropout': 0.25, 'model__module__nhead': 4, 'model__module__num_layers': 2, 'model__module__patch_size': 32, 'model__optimizer__weight_decay': 0.0001}",0.9456979915695513,0.902668759811617,0.8108974358974359,0.8977272727272727,0.7396341463414634,0.859325121269468,0.07414153916967789,122,0.8800186741363212,0.9203259710053687,0.8875051888750519,0.9032331511839709,0.9260481099656357,0.9034262190332697,0.017881729226617325
70,3.4859392166137697,0.7417994986501195,0.025865507125854493,0.003391530959991535,64,10,0.0001,500,96,384,0.25,4,3,16,0.0001,"{'model__batch_size': 64, 'model__callbacks__early_stopping__patience': 10, 'model__lr': 0.0001, 'model__max_epochs': 500, 'model__module__d_model': 96, 'model__module__dim_feedforward': 384, 'model__module__dropout': 0.25, 'model__module__nhead': 4, 'model__module__num_layers': 3, 'model__module__patch_size': 16, 'model__optimizer__weight_decay': 0.0001}",0.9125329499161274,0.932486388384755,0.831802343997466,0.8636363636363636,0.7706766917293233,0.8622269475328072,0.05792439071123315,100,0.8934935764608372,0.93410607657183,0.9089333404078457,0.8997326203208555,0.9075601374570447,0.9087651502436828,0.013845219055887368
71,2.2796468257904055,0.09542691903728405,0.02418484687805176,0.004288552020405742,64,10,0.0001,500,96,384,0.25,4,3,32,0.0001,"{'model__batch_size': 64, 'model__callbacks__early_stopping__patience': 10, 'model__lr': 0.0001, 'model__max_epochs': 500, 'model__module__d_model': 96, 'model__module__dim_feedforward': 384, 'model__module__dropout': 0.25, 'model__module__nhead': 4, 'model__module__num_layers': 3, 'model__module__patch_size': 32, 'model__optimizer__weight_decay': 0.0001}",0.9094966526159187,0.9077380952380952,0.831802343997466,0.8787248787248787,0.7706766917293233,0.8596877324611365,0.0526359935591231,119,0.8744258770643994,0.872369697504189,0.8959729201563372,0.8852272949648734,0.9303842238746743,0.8916760027128946,0.02111244169841549
72,3.03848614692688,0.2762827659631315,0.024304819107055665,0.0031209657908213726,64,10,0.0001,500,128,128,0.1,4,2,16,0.0001,"{'model__batch_size': 64, 'model__callbacks__early_stopping__patience': 10, 'model__lr': 0.0001, 'model__max_epochs': 500, 'model__module__d_model': 128, 'model__module__dim_feedforward': 128, 'model__module__dropout': 0.1, 'model__module__nhead': 4, 'model__module__num_layers': 2, 'model__module__patch_size': 16, 'model__optimizer__weight_decay': 0.0001}",0.8629659426119602,0.932486388384755,0.8521303258145363,0.9295112781954887,0.7866454689984101,0.87274788080103,0.054268163371678266,35,0.8830851943755169,0.925327389244915,0.923661971830986,0.9264833073862653,0.933027457675345,0.9183170641026056,0.0179001706702766
73,2.257656383514404,0.141047391404876,0.022801733016967772,0.0027898218650864452,64,10,0.0001,500,128,128,0.1,4,2,32,0.0001,"{'model__batch_size': 64, 'model__callbacks__early_stopping__patience': 10, 'model__lr': 0.0001, 'model__max_epochs': 500, 'model__module__d_model': 128, 'model__module__dim_feedforward': 128, 'model__module__dropout': 0.1, 'model__module__nhead': 4, 'model__module__num_layers': 2, 'model__module__patch_size': 32, 'model__optimizer__weight_decay': 0.0001}",0.9094966526159187,0.902668759811617,0.789354105809802,0.8977272727272727,0.7458333333333333,0.8490160248595888,0.06799341201287808,205,0.8945177367340955,0.9284684780867987,0.9054299274148521,0.8970766303407716,0.9386329735895411,0.9128251492332119,0.017599000205066755
74,3.241780233383179,0.18289066694396472,0.02659473419189453,0.00266471974305698,64,10,0.0001,500,128,128,0.1,4,3,16,0.0001,"{'model__batch_size': 64, 'model__callbacks__early_stopping__patience': 10, 'model__lr': 0.0001, 'model__max_epochs': 500, 'model__module__d_model': 128, 'model__module__dim_feedforward': 128, 'model__module__dropout': 0.1, 'model__module__nhead': 4, 'model__module__num_layers': 3, 'model__module__patch_size': 16, 'model__optimizer__weight_decay': 0.0001}",0.8849789915966386,0.9077380952380952,0.8276533592989289,0.8787248787248787,0.7866454689984101,0.8571481587713903,0.043909051988284174,150,0.908257972394098,0.9066592365561438,0.9185193045754408,0.9060482072562974,0.9197508116170923,0.9118471064798145,0.006006827654577698
75,2.4720361709594725,0.7924142591786648,0.023592376708984376,0.003234634394830928,64,10,0.0001,500,128,128,0.1,4,3,32,0.0001,"{'model__batch_size': 64, 'model__callbacks__early_stopping__patience': 10, 'model__lr': 0.0001, 'model__max_epochs': 500, 'model__module__d_model': 128, 'model__module__dim_feedforward': 128, 'model__module__dropout': 0.1, 'model__module__nhead': 4, 'model__module__num_layers': 3, 'model__module__patch_size': 32, 'model__optimizer__weight_decay': 0.0001}",0.8629659426119602,0.9289805269186713,0.8447368421052632,0.8903508771929824,0.7173308619091752,0.8488730101476104,0.07163334850830455,206,0.8540786070279478,0.9066592365561438,0.8887302069014764,0.8773448773448773,0.9761883685934318,0.9006002592847755,0.04146383613678393
76,3.108832359313965,0.29119476968646407,0.024602413177490234,0.0033715350224524238,64,10,0.0001,500,128,128,0.25,4,2,16,0.0001,"{'model__batch_size': 64, 'model__callbacks__early_stopping__patience': 10, 'model__lr': 0.0001, 'model__max_epochs': 500, 'model__module__d_model': 128, 'model__module__dim_feedforward': 128, 'model__module__dropout': 0.25, 'model__module__nhead': 4, 'model__module__num_layers': 2, 'model__module__patch_size': 16, 'model__optimizer__weight_decay': 0.0001}",0.8849789915966386,0.932486388384755,0.8353488372093023,0.9103085386271228,0.7866454689984101,0.8699536449632458,0.05273019511849379,52,0.879733056623736,0.9159933129005294,0.9192561824140771,0.905187765405765,0.933027457675345,0.9106395550038904,0.017827287115616017
77,2.436955451965332,0.1996125878947297,0.023403358459472657,0.0032410068417444114,64,10,0.0001,500,128,128,0.25,4,2,32,0.0001,"{'model__batch_size': 64, 'model__callbacks__early_stopping__patience': 10, 'model__lr': 0.0001, 'model__max_epochs': 500, 'model__module__d_model': 128, 'model__module__dim_feedforward': 128, 'model__module__dropout': 0.25, 'model__module__nhead': 4, 'model__module__num_layers': 2, 'model__module__patch_size': 32, 'model__optimizer__weight_decay': 0.0001}",0.8893939393939394,0.8747474747474748,0.805921052631579,0.8977272727272727,0.7306446864880778,0.8396868851976688,0.06340197995227073,246,0.8855544153807431,0.9810090702947846,0.9192561824140771,0.893556466302368,0.9341976516634051,0.9227147572110755,0.03397982482649149
78,3.2383103370666504,0.19157922296619742,0.0263519287109375,0.003421837851853089,64,10,0.0001,500,128,128,0.25,4,3,16,0.0001,"{'model__batch_size': 64, 'model__callbacks__early_stopping__patience': 10, 'model__lr': 0.0001, 'model__max_epochs': 500, 'model__module__d_model': 128, 'model__module__dim_feedforward': 128, 'model__module__dropout': 0.25, 'model__module__nhead': 4, 'model__module__num_layers': 3, 'model__module__patch_size': 16, 'model__optimizer__weight_decay': 0.0001}",0.9060489060489061,0.9077380952380952,0.8228228228228228,0.8636363636363636,0.7706766917293233,0.8541845758951021,0.052161960740449036,174,0.9036370453693288,0.9066592365561438,0.9185193045754408,0.9113899613899614,0.9153969807100922,0.9111205057201934,0.005459087296878011
79,2.7286531925201416,0.6449414583575986,0.023665475845336913,0.003846560946969246,64,10,0.0001,500,128,128,0.25,4,3,32,0.0001,"{'model__batch_size': 64, 'model__callbacks__early_stopping__patience': 10, 'model__lr': 0.0001, 'model__max_epochs': 500, 'model__module__d_model': 128, 'model__module__dim_feedforward': 128, 'model__module__dropout': 0.25, 'model__module__nhead': 4, 'model__module__num_layers': 3, 'model__module__patch_size': 32, 'model__optimizer__weight_decay': 0.0001}",0.9262626262626262,0.9077380952380952,0.7834501167834501,0.8787248787248787,0.7478537360890303,0.8488058906196162,0.07047043516965061,207,0.8889630793401414,0.9390728013570466,0.8854929577464788,0.9362855330680966,0.9051748448956571,0.9109978432814841,0.022793015789905023
80,3.015567684173584,0.6559579456436035,0.02521681785583496,0.0028830044359587467,64,10,0.0001,500,128,256,0.1,4,2,16,0.0001,"{'model__batch_size': 64, 'model__callbacks__early_stopping__patience': 10, 'model__lr': 0.0001, 'model__max_epochs': 500, 'model__module__d_model': 128, 'model__module__dim_feedforward': 256, 'model__module__dropout': 0.1, 'model__module__nhead': 4, 'model__module__num_layers': 2, 'model__module__patch_size': 16, 'model__optimizer__weight_decay': 0.0001}",0.9456979915695513,0.9538690476190477,0.8621955288621955,0.8977272727272727,0.7706766917293233,0.8860333065014782,0.06659384277514477,7,0.89806441377122,0.9152792413066386,0.9287554550712445,0.9368342828833292,0.9110774744680481,0.9180021735000959,0.013587946774928573
81,2.2809473514556884,0.2558907556524856,0.024421310424804686,0.00381256231408192,64,10,0.0001,500,128,256,0.1,4,2,32,0.0001,"{'model__batch_size': 64, 'model__callbacks__early_stopping__patience': 10, 'model__lr': 0.0001, 'model__max_epochs': 500, 'model__module__d_model': 128, 'model__module__dim_feedforward': 256, 'model__module__dropout': 0.1, 'model__module__nhead': 4, 'model__module__num_layers': 2, 'model__module__patch_size': 32, 'model__optimizer__weight_decay': 0.0001}",0.8893939393939394,0.9289805269186713,0.789354105809802,0.8636363636363636,0.7173308619091752,0.8377391595335905,0.07550250346276573,252,0.8618279569892473,0.9101860834288737,0.928105268743036,0.9251482358466566,0.9247973161867487,0.9100129722389123,0.024886984089405047
82,3.049022102355957,0.2944455255060527,0.02696833610534668,0.0033261558147688157,64,10,0.0001,500,128,256,0.1,4,3,16,0.0001,"{'model__batch_size': 64, 'model__callbacks__early_stopping__patience': 10, 'model__lr': 0.0001, 'model__max_epochs': 500, 'model__module__d_model': 128, 'model__module__dim_feedforward': 256, 'model__module__dropout': 0.1, 'model__module__nhead': 4, 'model__module__num_layers': 3, 'model__module__patch_size': 16, 'model__optimizer__weight_decay': 0.0001}",0.8932748538011696,0.902668759811617,0.8487179487179488,0.8903508771929824,0.7550200803212852,0.8580065039690006,0.054730636375774695,137,0.8945177367340955,0.9152792413066386,0.8884620661270408,0.907085020242915,0.9291918926033167,0.9069071914028013,0.014563323684594702
83,2.6133625984191893,0.4594997509063591,0.02394566535949707,0.0034393006975694603,64,10,0.0001,500,128,256,0.1,4,3,32,0.0001,"{'model__batch_size': 64, 'model__callbacks__early_stopping__patience': 10, 'model__lr': 0.0001, 'model__max_epochs': 500, 'model__module__d_model': 128, 'model__module__dim_feedforward': 256, 'model__module__dropout': 0.1, 'model__module__nhead': 4, 'model__module__num_layers': 3, 'model__module__patch_size': 32, 'model__optimizer__weight_decay': 0.0001}",0.9262626262626262,0.902668759811617,0.8487179487179488,0.9295112781954887,0.7324561403508771,0.8679233506677114,0.07365324145719715,67,0.867483737902586,0.905045351473923,0.9002576370997424,0.9351284710671024,0.9435979871400615,0.910302636936683,0.027154747548412184
84,2.649929475784302,0.20594189954191508,0.025551986694335938,0.0028218969833524797,64,10,0.0001,500,128,256,0.25,4,2,16,0.0001,"{'model__batch_size': 64, 'model__callbacks__early_stopping__patience': 10, 'model__lr': 0.0001, 'model__max_epochs': 500, 'model__module__d_model': 128, 'model__module__dim_feedforward': 256, 'model__module__dropout': 0.25, 'model__module__nhead': 4, 'model__module__num_layers': 2, 'model__module__patch_size': 16, 'model__optimizer__weight_decay': 0.0001}",0.9456979915695513,0.9538690476190477,0.8621955288621955,0.9007936507936507,0.7706766917293233,0.8866465821147538,0.06671272421427228,6,0.8692750615475391,0.907426597582038,0.914119718309859,0.9166810817044341,0.9146573604060914,0.9044319639099923,0.01785176641181203
85,2.3205822944641112,0.14824352366601917,0.023198366165161133,0.0029350466709958485,64,10,0.0001,500,128,256,0.25,4,2,32,0.0001,"{'model__batch_size': 64, 'model__callbacks__early_stopping__patience': 10, 'model__lr': 0.0001, 'model__max_epochs': 500, 'model__module__d_model': 128, 'model__module__dim_feedforward': 256, 'model__module__dropout': 0.25, 'model__module__nhead': 4, 'model__module__num_layers': 2, 'model__module__patch_size': 32, 'model__optimizer__weight_decay': 0.0001}",0.8849789915966386,0.8747474747474748,0.8228228228228228,0.8787248787248787,0.7324561403508771,0.8387460616485385,0.057589909316986244,248,0.8529197008268703,0.9390728013570466,0.9097569097569097,0.9135438064657665,0.9247973161867487,0.9080181069186682,0.029377974930123556
86,3.261538600921631,0.4188335896175853,0.02659268379211426,0.0039861222686456595,64,10,0.0001,500,128,256,0.25,4,3,16,0.0001,"{'model__batch_size': 64, 'model__callbacks__early_stopping__patience': 10, 'model__lr': 0.0001, 'model__max_epochs': 500, 'model__module__d_model': 128, 'model__module__dim_feedforward': 256, 'model__module__dropout': 0.25, 'model__module__nhead': 4, 'model__module__num_layers': 3, 'model__module__patch_size': 16, 'model__optimizer__weight_decay': 0.0001}",0.8629659426119602,0.932486388384755,0.8487179487179488,0.8787248787248787,0.7706766917293233,0.8587143700337732,0.05236672275291489,125,0.8984675524504606,0.9066592365561438,0.8959729201563372,0.9105890603085554,0.9103097306308677,0.904399700020473,0.006075247182107615
87,2.4513041973114014,0.33283270481633703,0.023963356018066408,0.0031508583000253837,64,10,0.0001,500,128,256,0.25,4,3,32,0.0001,"{'model__batch_size': 64, 'model__callbacks__early_stopping__patience': 10, 'model__lr': 0.0001, 'model__max_epochs': 500, 'model__module__d_model': 128, 'model__module__dim_feedforward': 256, 'model__module__dropout': 0.25, 'model__module__nhead': 4, 'model__module__num_layers': 3, 'model__module__patch_size': 32, 'model__optimizer__weight_decay': 0.0001}",0.9262626262626262,0.932486388384755,0.8487179487179488,0.9103085386271228,0.7324561403508771,0.8700463284686659,0.07492134333540353,51,0.8788688138256089,0.93410607657183,0.8865159128978224,0.8907199625993455,0.9336223914269599,0.9047666314643135,0.02406055907530731
88,2.6276551723480224,0.1586596795285787,0.026251745223999024,0.004010882488029543,64,10,0.0001,500,128,384,0.1,4,2,16,0.0001,"{'model__batch_size': 64, 'model__callbacks__early_stopping__patience': 10, 'model__lr': 0.0001, 'model__max_epochs': 500, 'model__module__d_model': 128, 'model__module__dim_feedforward': 384, 'model__module__dropout': 0.1, 'model__module__nhead': 4, 'model__module__num_layers': 2, 'model__module__patch_size': 16, 'model__optimizer__weight_decay': 0.0001}",0.8629659426119602,0.932486388384755,0.8447368421052632,0.8787248787248787,0.7866454689984101,0.8611119041650535,0.047373756348691516,113,0.9053755522827688,0.8981692573402418,0.9133262260127932,0.9197860962566845,0.9103097306308677,0.9093933725046712,0.0072998547448200396
89,1.9953179836273194,0.20960468782339614,0.024129676818847656,0.0029125000903558757,64,10,0.0001,500,128,384,0.1,4,2,32,0.0001,"{'model__batch_size': 64, 'model__callbacks__early_stopping__patience': 10, 'model__lr': 0.0001, 'model__max_epochs': 500, 'model__module__d_model': 128, 'model__module__dim_feedforward': 384, 'model__module__dropout': 0.1, 'model__module__nhead': 4, 'model__module__num_layers': 2, 'model__module__patch_size': 32, 'model__optimizer__weight_decay': 0.0001}",0.8157082748948107,0.8747474747474748,0.8447368421052632,0.894266917293233,0.7478537360890303,0.8354626490259625,0.0512889989744299,260,0.8618279569892473,0.933531746031746,0.9089333404078457,0.9015444015444015,0.9241398759165256,0.9059954641779532,0.024765614316001605
90,3.277681493759155,0.39438667733683547,0.02721061706542969,0.0036330391080743023,64,10,0.0001,500,128,384,0.1,4,3,16,0.0001,"{'model__batch_size': 64, 'model__callbacks__early_stopping__patience': 10, 'model__lr': 0.0001, 'model__max_epochs': 500, 'model__module__d_model': 128, 'model__module__dim_feedforward': 384, 'model__module__dropout': 0.1, 'model__module__nhead': 4, 'model__module__num_layers': 3, 'model__module__patch_size': 16, 'model__optimizer__weight_decay': 0.0001}",0.8629659426119602,0.8747474747474748,0.8835526315789474,0.8636363636363636,0.7706766917293233,0.8511158208608138,0.04093469097801262,189,0.9043424317617866,0.912169543369019,0.914119718309859,0.9159378696503713,0.9380897583429229,0.9169318642867917,0.011293592723742005
91,2.1488813400268554,0.2466833225302672,0.024375486373901366,0.00266800984793554,64,10,0.0001,500,128,384,0.1,4,3,32,0.0001,"{'model__batch_size': 64, 'model__callbacks__early_stopping__patience': 10, 'model__lr': 0.0001, 'model__max_epochs': 500, 'model__module__d_model': 128, 'model__module__dim_feedforward': 384, 'model__module__dropout': 0.1, 'model__module__nhead': 4, 'model__module__num_layers': 3, 'model__module__patch_size': 32, 'model__optimizer__weight_decay': 0.0001}",0.9262626262626262,0.8747474747474748,0.8659526127880558,0.894266917293233,0.7478537360890303,0.8618166734360841,0.06062699376969914,102,0.8833501075523453,0.9233574033030671,0.908081475266437,0.9097593582887701,0.9285651057802957,0.9106226900381831,0.01571687038996081
92,2.9809582233428955,0.3281803673971979,0.025584602355957033,0.003465244901575442,64,10,0.0001,500,128,384,0.25,4,2,16,0.0001,"{'model__batch_size': 64, 'model__callbacks__early_stopping__patience': 10, 'model__lr': 0.0001, 'model__max_epochs': 500, 'model__module__d_model': 128, 'model__module__dim_feedforward': 384, 'model__module__dropout': 0.25, 'model__module__nhead': 4, 'model__module__num_layers': 2, 'model__module__patch_size': 16, 'model__optimizer__weight_decay': 0.0001}",0.9456979915695513,0.932486388384755,0.8447368421052632,0.894266917293233,0.7550200803212852,0.8744416439348175,0.06925833669367248,28,0.9073317307692308,0.919640179910045,0.923661971830986,0.9212355212355212,0.9336223914269599,0.9210983590345485,0.008427201807957207
93,2.25772385597229,0.3941767315777901,0.024098968505859374,0.002718636467458024,64,10,0.0001,500,128,384,0.25,4,2,32,0.0001,"{'model__batch_size': 64, 'model__callbacks__early_stopping__patience': 10, 'model__lr': 0.0001, 'model__max_epochs': 500, 'model__module__d_model': 128, 'model__module__dim_feedforward': 384, 'model__module__dropout': 0.25, 'model__module__nhead': 4, 'model__module__num_layers': 2, 'model__module__patch_size': 32, 'model__optimizer__weight_decay': 0.0001}",0.8238133547868061,0.9077380952380952,0.8659526127880558,0.9160886104273886,0.7706766917293233,0.8568538729939339,0.05421978914041213,152,0.8833501075523453,0.9066592365561438,0.8865159128978224,0.9414421310471525,0.9075601374570447,0.9051055051021019,0.02072515354524109
94,3.3017274856567385,0.28294937465487546,0.02710862159729004,0.003614233781859791,64,10,0.0001,500,128,384,0.25,4,3,16,0.0001,"{'model__batch_size': 64, 'model__callbacks__early_stopping__patience': 10, 'model__lr': 0.0001, 'model__max_epochs': 500, 'model__module__d_model': 128, 'model__module__dim_feedforward': 384, 'model__module__dropout': 0.25, 'model__module__nhead': 4, 'model__module__num_layers': 3, 'model__module__patch_size': 16, 'model__optimizer__weight_decay': 0.0001}",0.8399122807017544,0.902668759811617,0.8659526127880558,0.894266917293233,0.7706766917293233,0.8546954524647967,0.04748001058951978,169,0.877092300334768,0.9189309418317052,0.914119718309859,0.9033724895793861,0.9110774744680481,0.9049185849047532,0.01480291489514571
95,2.0809402465820312,0.23710748035044354,0.02508683204650879,0.0022063318297405703,64,10,0.0001,500,128,384,0.25,4,3,32,0.0001,"{'model__batch_size': 64, 'model__callbacks__early_stopping__patience': 10, 'model__lr': 0.0001, 'model__max_epochs': 500, 'model__module__d_model': 128, 'model__module__dim_feedforward': 384, 'model__module__dropout': 0.25, 'model__module__nhead': 4, 'model__module__num_layers': 3, 'model__module__patch_size': 32, 'model__optimizer__weight_decay': 0.0001}",0.8629659426119602,0.8747474747474748,0.8108974358974359,0.8590225563909775,0.7478537360890303,0.8310974291473758,0.04698572873584942,270,0.870633242726266,0.9145408163265306,0.8940653873489695,0.8961585448622235,0.9234599516289657,0.8997715885785912,0.018297139933092767
96,1.9704460620880127,0.07231658906838588,0.02486906051635742,0.0034119774384070794,64,10,0.0002,500,96,128,0.1,4,2,16,0.0001,"{'model__batch_size': 64, 'model__callbacks__early_stopping__patience': 10, 'model__lr': 0.0002, 'model__max_epochs': 500, 'model__module__d_model': 96, 'model__module__dim_feedforward': 128, 'model__module__dropout': 0.1, 'model__module__nhead': 4, 'model__module__num_layers': 2, 'model__module__patch_size': 16, 'model__optimizer__weight_decay': 0.0001}",0.965566037735849,0.902668759811617,0.8659526127880558,0.9007936507936507,0.7866454689984101,0.8843253060255165,0.05845793630205408,10,0.8680622896583194,0.8956227245787824,0.8950352112676057,0.8970766303407716,0.9146573604060914,0.8940908432503141,0.014917242680310284
97,1.7233040809631348,0.2973178089107927,0.023906755447387695,0.002964305846236968,64,10,0.0002,500,96,128,0.1,4,2,32,0.0001,"{'model__batch_size': 64, 'model__callbacks__early_stopping__patience': 10, 'model__lr': 0.0002, 'model__max_epochs': 500, 'model__module__d_model': 96, 'model__module__dim_feedforward': 128, 'model__module__dropout': 0.1, 'model__module__nhead': 4, 'model__module__num_layers': 2, 'model__module__patch_size': 32, 'model__optimizer__weight_decay': 0.0001}",0.9825065899832255,0.845,0.8276533592989289,0.9133749133749134,0.7866454689984101,0.8710360663310956,0.06913749279498545,43,0.8427762319183786,0.9400705255009891,0.8897614120726552,0.8979630723499934,0.933027457675345,0.9007197399034723,0.034863755498326335
98,2.813362646102905,0.7161684214413826,0.025610685348510742,0.002963237159740532,64,10,0.0002,500,96,128,0.1,4,3,16,0.0001,"{'model__batch_size': 64, 'model__callbacks__early_stopping__patience': 10, 'model__lr': 0.0002, 'model__max_epochs': 500, 'model__module__d_model': 96, 'model__module__dim_feedforward': 128, 'model__module__dropout': 0.1, 'model__module__nhead': 4, 'model__module__num_layers': 3, 'model__module__patch_size': 16, 'model__optimizer__weight_decay': 0.0001}",0.9262626262626262,0.9538690476190477,0.831802343997466,0.8636363636363636,0.7866454689984101,0.8724431701027828,0.06101997950194659,37,0.8924321846411416,0.9302845845689611,0.97083512699096,0.8882452697166594,0.9153969807100922,0.9194388293255628,0.02992638761670035
99,1.7859399795532227,0.2217974011410383,0.02405867576599121,0.003518878842384677,64,10,0.0002,500,96,128,0.1,4,3,32,0.0001,"{'model__batch_size': 64, 'model__callbacks__early_stopping__patience': 10, 'model__lr': 0.0002, 'model__max_epochs': 500, 'model__module__d_model': 96, 'model__module__dim_feedforward': 128, 'model__module__dropout': 0.1, 'model__module__nhead': 4, 'model__module__num_layers': 3, 'model__module__patch_size': 32, 'model__optimizer__weight_decay': 0.0001}",0.8849789915966386,0.9289805269186713,0.8276533592989289,0.894266917293233,0.7478537360890303,0.8567467062393004,0.0634454959919296,153,0.8618279569892473,0.9109525558295297,0.9148869346733668,0.8997326203208555,0.9380897583429229,0.9050979652311846,0.024978547218787818
100,2.184728193283081,0.15468164234891474,0.02459716796875,0.0030933645682183525,64,10,0.0002,500,96,128,0.25,4,2,16,0.0001,"{'model__batch_size': 64, 'model__callbacks__early_stopping__patience': 10, 'model__lr': 0.0002, 'model__max_epochs': 500, 'model__module__d_model': 96, 'model__module__dim_feedforward': 128, 'model__module__dropout': 0.25, 'model__module__nhead': 4, 'model__module__num_layers': 2, 'model__module__patch_size': 16, 'model__optimizer__weight_decay': 0.0001}",0.9825065899832255,0.8747474747474748,0.831802343997466,0.8253968253968254,0.7866454689984101,0.8602197406246803,0.06722869310964345,117,0.8788688138256089,0.9023984183965454,0.9192561824140771,0.9166810817044341,0.9138924455825864,0.9062193883846504,0.014838696525001032
101,1.7118952751159668,0.18296521420968634,0.023941612243652342,0.003947154742708634,64,10,0.0002,500,96,128,0.25,4,2,32,0.0001,"{'model__batch_size': 64, 'model__callbacks__early_stopping__patience': 10, 'model__lr': 0.0002, 'model__max_epochs': 500, 'model__module__d_model': 96, 'model__module__dim_feedforward': 128, 'model__module__dropout': 0.25, 'model__module__nhead': 4, 'model__module__num_layers': 2, 'model__module__patch_size': 32, 'model__optimizer__weight_decay': 0.0001}",0.9456979915695513,0.8540031397174255,0.8108974358974359,0.894266917293233,0.7324561403508771,0.8474643249657046,0.07272841522527375,211,0.8661458333333334,0.9209891958448225,0.9097569097569097,0.9097593582887701,0.9297980061589853,0.9072898606765643,0.021905725885038196
102,2.909544658660889,0.6819027989497711,0.025279951095581055,0.003058059620905894,64,10,0.0002,500,96,128,0.25,4,3,16,0.0001,"{'model__batch_size': 64, 'model__callbacks__early_stopping__patience': 10, 'model__lr': 0.0002, 'model__max_epochs': 500, 'model__module__d_model': 96, 'model__module__dim_feedforward': 128, 'model__module__dropout': 0.25, 'model__module__nhead': 4, 'model__module__num_layers': 3, 'model__module__patch_size': 16, 'model__optimizer__weight_decay': 0.0001}",0.9456979915695513,0.9538690476190477,0.831802343997466,0.8787248787248787,0.7866454689984101,0.8793479461818707,0.06451425401946603,17,0.8889630793401414,0.9302845845689611,0.9568631612458216,0.8997326203208555,0.9204377403135167,0.9192562371578592,0.02381658313298464
103,1.8111284255981446,0.20776617951973714,0.024384164810180665,0.003324598556967722,64,10,0.0002,500,96,128,0.25,4,3,32,0.0001,"{'model__batch_size': 64, 'model__callbacks__early_stopping__patience': 10, 'model__lr': 0.0002, 'model__max_epochs': 500, 'model__module__d_model': 96, 'model__module__dim_feedforward': 128, 'model__module__dropout': 0.25, 'model__module__nhead': 4, 'model__module__num_layers': 3, 'model__module__patch_size': 32, 'model__optimizer__weight_decay': 0.0001}",0.9060489060489061,0.8246464646464646,0.831802343997466,0.8636363636363636,0.7550200803212852,0.8362308317300972,0.04974861181854703,258,0.871222633364169,0.872369697504189,0.9028126440903734,0.8988190836088805,0.9254331254331254,0.8941314368001475,0.02037409961666407
104,2.0306215286254883,0.3296511963565272,0.025492525100708006,0.0030588850992575678,64,10,0.0002,500,96,256,0.1,4,2,16,0.0001,"{'model__batch_size': 64, 'model__callbacks__early_stopping__patience': 10, 'model__lr': 0.0002, 'model__max_epochs': 500, 'model__module__d_model': 96, 'model__module__dim_feedforward': 256, 'model__module__dropout': 0.1, 'model__module__nhead': 4, 'model__module__num_layers': 2, 'model__module__patch_size': 16, 'model__optimizer__weight_decay': 0.0001}",0.928849902534113,0.9289805269186713,0.831802343997466,0.894266917293233,0.7706766917293233,0.8709152764945612,0.0614017730906977,44,0.8990573448546739,0.9435194942044257,0.8977568939497873,0.9105890603085554,0.9118200169079208,0.9125485620450726,0.016518931262107267
105,1.7175588130950927,0.2475490890399802,0.024636554718017577,0.003558595086036676,64,10,0.0002,500,96,256,0.1,4,2,32,0.0001,"{'model__batch_size': 64, 'model__callbacks__early_stopping__patience': 10, 'model__lr': 0.0002, 'model__max_epochs': 500, 'model__module__d_model': 96, 'model__module__dim_feedforward': 256, 'model__module__dropout': 0.1, 'model__module__nhead': 4, 'model__module__num_layers': 2, 'model__module__patch_size': 32, 'model__optimizer__weight_decay': 0.0001}",0.8849789915966386,0.7933333333333333,0.831802343997466,0.8636363636363636,0.7706766917293233,0.8288855448586249,0.04246135234977248,274,0.8274430812427516,0.9101860834288737,0.9177571094489173,0.8926439069197796,0.9431049069373942,0.8982270175955434,0.03893585870531296
106,2.922201061248779,0.9351592726791467,0.026297283172607423,0.0028117172665403107,64,10,0.0002,500,96,256,0.1,4,3,16,0.0001,"{'model__batch_size': 64, 'model__callbacks__early_stopping__patience': 10, 'model__lr': 0.0002, 'model__max_epochs': 500, 'model__module__d_model': 96, 'model__module__dim_feedforward': 256, 'model__module__dropout': 0.1, 'model__module__nhead': 4, 'model__module__num_layers': 3, 'model__module__patch_size': 16, 'model__optimizer__weight_decay': 0.0001}",0.8849789915966386,0.9077380952380952,0.8659526127880558,0.8636363636363636,0.7706766917293233,0.8585965509976953,0.046734008072397935,127,0.9149710504549214,0.9484462165328857,0.9522887323943662,0.9105890603085554,0.9153969807100922,0.9283384080801642,0.018106066022746597
107,1.7978797912597657,0.2096007621461149,0.023555994033813477,0.0034495130531996235,64,10,0.0002,500,96,256,0.1,4,3,32,0.0001,"{'model__batch_size': 64, 'model__callbacks__early_stopping__patience': 10, 'model__lr': 0.0002, 'model__max_epochs': 500, 'model__module__d_model': 96, 'model__module__dim_feedforward': 256, 'model__module__dropout': 0.1, 'model__module__nhead': 4, 'model__module__num_layers': 3, 'model__module__patch_size': 32, 'model__optimizer__weight_decay': 0.0001}",0.9262626262626262,0.9077380952380952,0.8151629072681704,0.8538011695906433,0.7478537360890303,0.8501637068897132,0.0645158475999503,195,0.8361542416452442,0.8745122522241299,0.8843007667742542,0.8886551286122579,0.9247973161867487,0.8816839410885269,0.028420397594276704
108,2.2718204975128176,0.20082190613362216,0.025003910064697266,0.0027908011878104854,64,10,0.0002,500,96,256,0.25,4,2,16,0.0001,"{'model__batch_size': 64, 'model__callbacks__early_stopping__patience': 10, 'model__lr': 0.0002, 'model__max_epochs': 500, 'model__module__d_model': 96, 'model__module__dim_feedforward': 256, 'model__module__dropout': 0.25, 'model__module__nhead': 4, 'model__module__num_layers': 2, 'model__module__patch_size': 16, 'model__optimizer__weight_decay': 0.0001}",0.9125329499161274,0.8747474747474748,0.8151629072681704,0.8206911540969355,0.7866454689984101,0.8419559910054236,0.04535571629832951,235,0.882200152788388,0.9159933129005294,0.9156288916562889,0.8961585448622235,0.9025379134245441,0.9025037631263949,0.012702255751287236
109,1.898511791229248,0.37700541001290394,0.022773075103759765,0.0034014646421441836,64,10,0.0002,500,96,256,0.25,4,2,32,0.0001,"{'model__batch_size': 64, 'model__callbacks__early_stopping__patience': 10, 'model__lr': 0.0002, 'model__max_epochs': 500, 'model__module__d_model': 96, 'model__module__dim_feedforward': 256, 'model__module__dropout': 0.25, 'model__module__nhead': 4, 'model__module__num_layers': 2, 'model__module__patch_size': 32, 'model__optimizer__weight_decay': 0.0001}",0.9644249512670565,0.8747474747474748,0.8151629072681704,0.8489594987692997,0.7324561403508771,0.8471501944805755,0.07575772519734517,213,0.8471558752997602,0.966910662315901,0.9002576370997424,0.893556466302368,0.9341976516634051,0.9084156585362353,0.04031497634024791
110,2.8579538345336912,0.6375648820963837,0.02578577995300293,0.002990649353042538,64,10,0.0002,500,96,256,0.25,4,3,16,0.0001,"{'model__batch_size': 64, 'model__callbacks__early_stopping__patience': 10, 'model__lr': 0.0002, 'model__max_epochs': 500, 'model__module__d_model': 96, 'model__module__dim_feedforward': 256, 'model__module__dropout': 0.25, 'model__module__nhead': 4, 'model__module__num_layers': 3, 'model__module__patch_size': 16, 'model__optimizer__weight_decay': 0.0001}",0.9094966526159187,0.9289805269186713,0.8487179487179488,0.8590225563909775,0.7706766917293233,0.863378875274568,0.055241363489890484,94,0.8959682642487047,0.933531746031746,0.9148869346733668,0.9097593582887701,0.9247973161867487,0.9157887238858672,0.012852911449382018
111,1.8416808605194093,0.24107070929197935,0.02400054931640625,0.0040378068984803705,64,10,0.0002,500,96,256,0.25,4,3,32,0.0001,"{'model__batch_size': 64, 'model__callbacks__early_stopping__patience': 10, 'model__lr': 0.0002, 'model__max_epochs': 500, 'model__module__d_model': 96, 'model__module__dim_feedforward': 256, 'model__module__dropout': 0.25, 'model__module__nhead': 4, 'model__module__num_layers': 3, 'model__module__patch_size': 32, 'model__optimizer__weight_decay': 0.0001}",0.9456979915695513,0.8816342115311187,0.7944250871080138,0.8787248787248787,0.7396341463414634,0.8480232630550051,0.0724342498261441,210,0.8700202303143479,0.9290942763912162,0.8781306212813063,0.8763792200740755,0.9217447849821174,0.8950738266086127,0.025031876603612013
112,2.348306131362915,0.5393111602476374,0.024156475067138673,0.003182096424317202,64,10,0.0002,500,96,384,0.1,4,2,16,0.0001,"{'model__batch_size': 64, 'model__callbacks__early_stopping__patience': 10, 'model__lr': 0.0002, 'model__max_epochs': 500, 'model__module__d_model': 96, 'model__module__dim_feedforward': 384, 'model__module__dropout': 0.1, 'model__module__nhead': 4, 'model__module__num_layers': 2, 'model__module__patch_size': 16, 'model__optimizer__weight_decay': 0.0001}",0.928849902534113,0.8816342115311187,0.831802343997466,0.8787248787248787,0.7866454689984101,0.8615313611571972,0.04842156329224213,108,0.8934935764608372,0.925327389244915,0.9387996178233302,0.9105890603085554,0.9153969807100922,0.9167213249095459,0.015102332376312274
113,1.6999679565429688,0.23298376357543837,0.023764419555664062,0.004117793361291943,64,10,0.0002,500,96,384,0.1,4,2,32,0.0001,"{'model__batch_size': 64, 'model__callbacks__early_stopping__patience': 10, 'model__lr': 0.0002, 'model__max_epochs': 500, 'model__module__d_model': 96, 'model__module__dim_feedforward': 384, 'model__module__dropout': 0.1, 'model__module__nhead': 4, 'model__module__num_layers': 2, 'model__module__patch_size': 32, 'model__optimizer__weight_decay': 0.0001}",0.9060489060489061,0.845,0.8151629072681704,0.8636363636363636,0.7796387520525452,0.841897385801197,0.042868395680170576,238,0.870633242726266,0.933531746031746,0.9206578834065271,0.9258275320444453,0.9425949637217244,0.9186490735861419,0.02512363504513154
114,2.706828498840332,0.6183494954711355,0.027028942108154298,0.0035600417955348887,64,10,0.0002,500,96,384,0.1,4,3,16,0.0001,"{'model__batch_size': 64, 'model__callbacks__early_stopping__patience': 10, 'model__lr': 0.0002, 'model__max_epochs': 500, 'model__module__d_model': 96, 'model__module__dim_feedforward': 384, 'model__module__dropout': 0.1, 'model__module__nhead': 4, 'model__module__num_layers': 3, 'model__module__patch_size': 16, 'model__optimizer__weight_decay': 0.0001}",0.8893939393939394,0.8816342115311187,0.8659526127880558,0.8489594987692997,0.7866454689984101,0.8545171462961647,0.03666046328914106,170,0.8855544153807431,0.9390728013570466,0.9192561824140771,0.8961585448622235,0.9103097306308677,0.9100703349289917,0.018548036971010224
115,1.585073709487915,0.1693150018804382,0.024267148971557618,0.0032757992833706887,64,10,0.0002,500,96,384,0.1,4,3,32,0.0001,"{'model__batch_size': 64, 'model__callbacks__early_stopping__patience': 10, 'model__lr': 0.0002, 'model__max_epochs': 500, 'model__module__d_model': 96, 'model__module__dim_feedforward': 384, 'model__module__dropout': 0.1, 'model__module__nhead': 4, 'model__module__num_layers': 3, 'model__module__patch_size': 32, 'model__optimizer__weight_decay': 0.0001}",0.9060489060489061,0.7933333333333333,0.831802343997466,0.8590225563909775,0.7478537360890303,0.8276121751719426,0.05420874083856903,277,0.8514539692663384,0.8903183330664246,0.9192561824140771,0.8942222222222223,0.9234599516289657,0.8957421317196055,0.025746289716335292
116,2.025351572036743,0.42183658011901154,0.024369096755981444,0.0026873444608551005,64,10,0.0002,500,96,384,0.25,4,2,16,0.0001,"{'model__batch_size': 64, 'model__callbacks__early_stopping__patience': 10, 'model__lr': 0.0002, 'model__max_epochs': 500, 'model__module__d_model': 96, 'model__module__dim_feedforward': 384, 'model__module__dropout': 0.25, 'model__module__nhead': 4, 'model__module__num_layers': 2, 'model__module__patch_size': 16, 'model__optimizer__weight_decay': 0.0001}",0.928849902534113,0.8747474747474748,0.8487179487179488,0.8489594987692997,0.7866454689984101,0.8575840587534491,0.04595362400696921,142,0.8959682642487047,0.9290942763912162,0.8993473762402504,0.8952075301853193,0.9110774744680481,0.9061389843067078,0.012809373876918481
117,1.658567762374878,0.2546622382363086,0.02323627471923828,0.0031715742440612997,64,10,0.0002,500,96,384,0.25,4,2,32,0.0001,"{'model__batch_size': 64, 'model__callbacks__early_stopping__patience': 10, 'model__lr': 0.0002, 'model__max_epochs': 500, 'model__module__d_model': 96, 'model__module__dim_feedforward': 384, 'model__module__dropout': 0.25, 'model__module__nhead': 4, 'model__module__num_layers': 2, 'model__module__patch_size': 32, 'model__optimizer__weight_decay': 0.0001}",0.9060489060489061,0.9077380952380952,0.8151629072681704,0.8489594987692997,0.7796387520525452,0.8515096318754033,0.05025770280175306,186,0.8661458333333334,0.8989857456140351,0.9148869346733668,0.9258275320444453,0.9425949637217244,0.909688201877381,0.02600323135496972
118,2.809458112716675,0.6857596802230286,0.026861906051635742,0.0030954953271206897,64,10,0.0002,500,96,384,0.25,4,3,16,0.0001,"{'model__batch_size': 64, 'model__callbacks__early_stopping__patience': 10, 'model__lr': 0.0002, 'model__max_epochs': 500, 'model__module__d_model': 96, 'model__module__dim_feedforward': 384, 'model__module__dropout': 0.25, 'model__module__nhead': 4, 'model__module__num_layers': 3, 'model__module__patch_size': 16, 'model__optimizer__weight_decay': 0.0001}",0.8849789915966386,0.902668759811617,0.8487179487179488,0.8489594987692997,0.7866454689984101,0.8543941335787828,0.03979323801955023,172,0.8821876307974409,0.93410607657183,0.9293841744115348,0.8952075301853193,0.9153969807100922,0.9112564785352435,0.01985158884532368
119,1.9358732223510742,0.3598890283603768,0.024089813232421875,0.00304273180650539,64,10,0.0002,500,96,384,0.25,4,3,32,0.0001,"{'model__batch_size': 64, 'model__callbacks__early_stopping__patience': 10, 'model__lr': 0.0002, 'model__max_epochs': 500, 'model__module__d_model': 96, 'model__module__dim_feedforward': 384, 'model__module__dropout': 0.25, 'model__module__nhead': 4, 'model__module__num_layers': 3, 'model__module__patch_size': 32, 'model__optimizer__weight_decay': 0.0001}",0.9262626262626262,0.7789661319073083,0.8151629072681704,0.8787248787248787,0.7706766917293233,0.8339586471784614,0.059843299544272116,263,0.8833501075523453,0.8893257922614238,0.907051721772534,0.9304581580177653,0.9174734115080447,0.9055318382224226,0.01744074389635562
120,2.0663274765014648,0.18183531749638523,0.02436347007751465,0.0028036652883384333,64,10,0.0002,500,128,128,0.1,4,2,16,0.0001,"{'model__batch_size': 64, 'model__callbacks__early_stopping__patience': 10, 'model__lr': 0.0002, 'model__max_epochs': 500, 'model__module__d_model': 128, 'model__module__dim_feedforward': 128, 'model__module__dropout': 0.1, 'model__module__nhead': 4, 'model__module__num_layers': 2, 'model__module__patch_size': 16, 'model__optimizer__weight_decay': 0.0001}",0.9262626262626262,0.932486388384755,0.8151629072681704,0.8713550600343054,0.7706766917293233,0.863188734735836,0.06278873731434977,95,0.8964604316546763,0.8964085844411207,0.9243439419318816,0.8996458087367178,0.9161122661122661,0.9065942065753326,0.011492319935533256
121,1.6514356136322021,0.23311263961851628,0.02380518913269043,0.0023390770434808333,64,10,0.0002,500,128,128,0.1,4,2,32,0.0001,"{'model__batch_size': 64, 'model__callbacks__early_stopping__patience': 10, 'model__lr': 0.0002, 'model__max_epochs': 500, 'model__module__d_model': 128, 'model__module__dim_feedforward': 128, 'model__module__dropout': 0.1, 'model__module__nhead': 4, 'model__module__num_layers': 2, 'model__module__patch_size': 32, 'model__optimizer__weight_decay': 0.0001}",0.8932748538011696,0.8246464646464646,0.8228228228228228,0.8977272727272727,0.7550200803212852,0.8386982988638028,0.05275329211917346,249,0.8412094154226377,0.9620181405895691,0.8887302069014764,0.8882452697166594,0.9297980061589853,0.9020002077578656,0.041074764840059556
122,2.6553648948669433,0.32551012087602826,0.02735414505004883,0.003781444085074775,64,10,0.0002,500,128,128,0.1,4,3,16,0.0001,"{'model__batch_size': 64, 'model__callbacks__early_stopping__patience': 10, 'model__lr': 0.0002, 'model__max_epochs': 500, 'model__module__d_model': 128, 'model__module__dim_feedforward': 128, 'model__module__dropout': 0.1, 'model__module__nhead': 4, 'model__module__num_layers': 3, 'model__module__patch_size': 16, 'model__optimizer__weight_decay': 0.0001}",0.9311320754716981,0.9538690476190477,0.8353488372093023,0.8677248677248677,0.7706766917293233,0.8717503039508478,0.06607091471419231,40,0.8607046070460704,0.9390728013570466,0.9062543240625432,0.8909628362676384,0.9211021203912977,0.9036193378249193,0.026726017528431525
123,1.8206417560577393,0.5010811235808719,0.025666475296020508,0.004265170377649246,64,10,0.0002,500,128,128,0.1,4,3,32,0.0001,"{'model__batch_size': 64, 'model__callbacks__early_stopping__patience': 10, 'model__lr': 0.0002, 'model__max_epochs': 500, 'model__module__d_model': 128, 'model__module__dim_feedforward': 128, 'model__module__dropout': 0.1, 'model__module__nhead': 4, 'model__module__num_layers': 3, 'model__module__patch_size': 32, 'model__optimizer__weight_decay': 0.0001}",0.8629659426119602,0.845,0.8001355013550135,0.8677248677248677,0.7478537360890303,0.8247360095561742,0.045246586598410854,282,0.834341796103383,0.8774308032855862,0.8833405079638399,0.9456068568325933,0.9146573604060914,0.8910754649182987,0.037401855639170235
124,2.0528242111206056,0.21253577713098062,0.02729659080505371,0.0038986761371227817,64,10,0.0002,500,128,128,0.25,4,2,16,0.0001,"{'model__batch_size': 64, 'model__callbacks__early_stopping__patience': 10, 'model__lr': 0.0002, 'model__max_epochs': 500, 'model__module__d_model': 128, 'model__module__dim_feedforward': 128, 'model__module__dropout': 0.25, 'model__module__nhead': 4, 'model__module__num_layers': 2, 'model__module__patch_size': 16, 'model__optimizer__weight_decay': 0.0001}",0.965566037735849,0.902668759811617,0.8108974358974359,0.8489594987692997,0.7927092987333951,0.8641602061895192,0.06314945408352246,89,0.8833501075523453,0.919640179910045,0.8875051888750519,0.9015444015444015,0.92275664034458,0.9029593036452848,0.016096821773527024
125,1.6698604106903077,0.25911225107824093,0.023133182525634767,0.0030300741486576324,64,10,0.0002,500,128,128,0.25,4,2,32,0.0001,"{'model__batch_size': 64, 'model__callbacks__early_stopping__patience': 10, 'model__lr': 0.0002, 'model__max_epochs': 500, 'model__module__d_model': 128, 'model__module__dim_feedforward': 128, 'model__module__dropout': 0.25, 'model__module__nhead': 4, 'model__module__num_layers': 2, 'model__module__patch_size': 32, 'model__optimizer__weight_decay': 0.0001}",0.8525252525252525,0.8246464646464646,0.776592082616179,0.9133749133749134,0.7396341463414634,0.8213545719008545,0.060219763423660005,285,0.841504779525131,0.9529329118370213,0.8854929577464788,0.8862688824681495,0.9254331254331254,0.8983265314019813,0.03809310494334286
126,2.4845759868621826,0.17309890923954066,0.02697157859802246,0.003461388826159305,64,10,0.0002,500,128,128,0.25,4,3,16,0.0001,"{'model__batch_size': 64, 'model__callbacks__early_stopping__patience': 10, 'model__lr': 0.0002, 'model__max_epochs': 500, 'model__module__d_model': 128, 'model__module__dim_feedforward': 128, 'model__module__dropout': 0.25, 'model__module__nhead': 4, 'model__module__num_layers': 3, 'model__module__patch_size': 16, 'model__optimizer__weight_decay': 0.0001}",0.928849902534113,0.902668759811617,0.831802343997466,0.8825240545983442,0.7866454689984101,0.8664981059879902,0.05105513351997466,77,0.8800186741363212,0.9093934055766116,0.8977568939497873,0.9076808749833273,0.9110774744680481,0.901185464622819,0.011551628678153758
127,2.0040283203125,0.4127115460430235,0.025275182723999024,0.0040373262984339355,64,10,0.0002,500,128,128,0.25,4,3,32,0.0001,"{'model__batch_size': 64, 'model__callbacks__early_stopping__patience': 10, 'model__lr': 0.0002, 'model__max_epochs': 500, 'model__module__d_model': 128, 'model__module__dim_feedforward': 128, 'model__module__dropout': 0.25, 'model__module__nhead': 4, 'model__module__num_layers': 3, 'model__module__patch_size': 32, 'model__optimizer__weight_decay': 0.0001}",0.928849902534113,0.902668759811617,0.8447368421052632,0.894266917293233,0.7173308619091752,0.8575706567306802,0.07522378901982692,145,0.8767386091127098,0.8989496364126044,0.8844349680170576,0.9403927068723703,0.9347539847539847,0.9070539810337455,0.025981080704783208
128,2.2181183815002443,0.5553132758420374,0.025789546966552734,0.0027246900205665824,64,10,0.0002,500,128,256,0.1,4,2,16,0.0001,"{'model__batch_size': 64, 'model__callbacks__early_stopping__patience': 10, 'model__lr': 0.0002, 'model__max_epochs': 500, 'model__module__d_model': 128, 'model__module__dim_feedforward': 256, 'model__module__dropout': 0.1, 'model__module__nhead': 4, 'model__module__num_layers': 2, 'model__module__patch_size': 16, 'model__optimizer__weight_decay': 0.0001}",0.9262626262626262,0.9289805269186713,0.8691796008869179,0.8787248787248787,0.7866454689984101,0.8779586203583009,0.0516764199253351,20,0.8913319238900634,0.907426597582038,0.9019891500904159,0.9113899613899614,0.9571390634681773,0.9138553392841311,0.022667149244087345
129,1.3419620037078857,0.12158081589102428,0.023547840118408204,0.003115495426538063,64,10,0.0002,500,128,256,0.1,4,2,32,0.0001,"{'model__batch_size': 64, 'model__callbacks__early_stopping__patience': 10, 'model__lr': 0.0002, 'model__max_epochs': 500, 'model__module__d_model': 128, 'model__module__dim_feedforward': 256, 'model__module__dropout': 0.1, 'model__module__nhead': 4, 'model__module__num_layers': 2, 'model__module__patch_size': 32, 'model__optimizer__weight_decay': 0.0001}",0.8893939393939394,0.8747474747474748,0.7834501167834501,0.9068322981366459,0.7478537360890303,0.840455513030108,0.06293089878327911,244,0.8800186741363212,0.8893257922614238,0.8693789385365157,0.8952075301853193,0.9386329735895411,0.8945127817418242,0.023730857942762213
130,2.6198923587799072,0.3996529352205916,0.026401758193969727,0.003505620287963348,64,10,0.0002,500,128,256,0.1,4,3,16,0.0001,"{'model__batch_size': 64, 'model__callbacks__early_stopping__patience': 10, 'model__lr': 0.0002, 'model__max_epochs': 500, 'model__module__d_model': 128, 'model__module__dim_feedforward': 256, 'model__module__dropout': 0.1, 'model__module__nhead': 4, 'model__module__num_layers': 3, 'model__module__patch_size': 16, 'model__optimizer__weight_decay': 0.0001}",0.9060489060489061,0.9077380952380952,0.8487179487179488,0.8787248787248787,0.7706766917293233,0.8623813040918303,0.050651028823083505,99,0.8817748410839745,0.9216306871936011,0.8993473762402504,0.9166810817044341,0.9204377403135167,0.9079743453071554,0.015352379387688325
131,1.9443890571594238,0.4446105149119909,0.02493143081665039,0.004165721820522533,64,10,0.0002,500,128,256,0.1,4,3,32,0.0001,"{'model__batch_size': 64, 'model__callbacks__early_stopping__patience': 10, 'model__lr': 0.0002, 'model__max_epochs': 500, 'model__module__d_model': 128, 'model__module__dim_feedforward': 256, 'model__module__dropout': 0.1, 'model__module__nhead': 4, 'model__module__num_layers': 3, 'model__module__patch_size': 32, 'model__optimizer__weight_decay': 0.0001}",0.965566037735849,0.902668759811617,0.8447368421052632,0.8825240545983442,0.7550200803212852,0.8701031549144718,0.06959241805139028,50,0.8607046070460704,0.9137770787159505,0.8887302069014764,0.9143273107361505,0.9666637160308047,0.9088405838860906,0.03498424586171246
132,2.2182165145874024,0.15211138656159706,0.026313972473144532,0.0035929892007142026,64,10,0.0002,500,128,256,0.25,4,2,16,0.0001,"{'model__batch_size': 64, 'model__callbacks__early_stopping__patience': 10, 'model__lr': 0.0002, 'model__max_epochs': 500, 'model__module__d_model': 128, 'model__module__dim_feedforward': 256, 'model__module__dropout': 0.25, 'model__module__nhead': 4, 'model__module__num_layers': 2, 'model__module__patch_size': 16, 'model__optimizer__weight_decay': 0.0001}",0.9825065899832255,0.9077380952380952,0.8621955288621955,0.9269005847953216,0.7550200803212852,0.8868721758400244,0.07639046181701445,5,0.8900171179582944,0.9296993861812077,0.9287554550712445,0.9097593582887701,0.9197508116170923,0.9155964258233219,0.014681177140706651
133,1.5488794803619386,0.15618154176342244,0.02390594482421875,0.003710133337755346,64,10,0.0002,500,128,256,0.25,4,2,32,0.0001,"{'model__batch_size': 64, 'model__callbacks__early_stopping__patience': 10, 'model__lr': 0.0002, 'model__max_epochs': 500, 'model__module__d_model': 128, 'model__module__dim_feedforward': 256, 'model__module__dropout': 0.25, 'model__module__nhead': 4, 'model__module__num_layers': 2, 'model__module__patch_size': 32, 'model__optimizer__weight_decay': 0.0001}",0.9475197699496765,0.845,0.8659526127880558,0.894266917293233,0.7396341463414634,0.8584746892744857,0.06865955318050285,130,0.8744258770643994,0.8828927244920253,0.923661971830986,0.8699102503542748,0.9297980061589853,0.8961377659801342,0.025398084560980725
134,2.7633984088897705,0.9066506541265439,0.02581343650817871,0.0031745702328407573,64,10,0.0002,500,128,256,0.25,4,3,16,0.0001,"{'model__batch_size': 64, 'model__callbacks__early_stopping__patience': 10, 'model__lr': 0.0002, 'model__max_epochs': 500, 'model__module__d_model': 128, 'model__module__dim_feedforward': 256, 'model__module__dropout': 0.25, 'model__module__nhead': 4, 'model__module__num_layers': 3, 'model__module__patch_size': 16, 'model__optimizer__weight_decay': 0.0001}",0.9262626262626262,0.9077380952380952,0.8447368421052632,0.894266917293233,0.7396341463414634,0.8625277254481363,0.06713097456930793,96,0.879733056623736,0.9302845845689611,0.9125053809728798,0.9197860962566845,0.9431049069373942,0.9170828050719312,0.021329327561553993
135,1.6572656631469727,0.2149030049139516,0.023811149597167968,0.0030497605053765938,64,10,0.0002,500,128,256,0.25,4,3,32,0.0001,"{'model__batch_size': 64, 'model__callbacks__early_stopping__patience': 10, 'model__lr': 0.0002, 'model__max_epochs': 500, 'model__module__d_model': 128, 'model__module__dim_feedforward': 256, 'model__module__dropout': 0.25, 'model__module__nhead': 4, 'model__module__num_layers': 3, 'model__module__patch_size': 32, 'model__optimizer__weight_decay': 0.0001}",0.7902298850574713,0.8747474747474748,0.8276533592989289,0.894266917293233,0.7550200803212852,0.8283835433436787,0.051630738158950855,275,0.8602793576446972,0.9041967541288338,0.8801754479050601,0.8907199625993455,0.9234599516289657,0.8917662947813805,0.021381646131933274
136,2.2341729640960692,0.5467935384469021,0.025694608688354492,0.003021342377098017,64,10,0.0002,500,128,384,0.1,4,2,16,0.0001,"{'model__batch_size': 64, 'model__callbacks__early_stopping__patience': 10, 'model__lr': 0.0002, 'model__max_epochs': 500, 'model__module__d_model': 128, 'model__module__dim_feedforward': 384, 'model__module__dropout': 0.1, 'model__module__nhead': 4, 'model__module__num_layers': 2, 'model__module__patch_size': 16, 'model__optimizer__weight_decay': 0.0001}",0.9262626262626262,0.845,0.8353488372093023,0.8787248787248787,0.7706766917293233,0.8512026067852261,0.05131416824417399,188,0.9016812644719621,0.9856936956173598,0.8884620661270408,0.9212355212355212,0.9110774744680481,0.9216300043839863,0.03380453339811198
137,1.6402670383453368,0.32966237413201926,0.02493128776550293,0.0035578252345308758,64,10,0.0002,500,128,384,0.1,4,2,32,0.0001,"{'model__batch_size': 64, 'model__callbacks__early_stopping__patience': 10, 'model__lr': 0.0002, 'model__max_epochs': 500, 'model__module__d_model': 128, 'model__module__dim_feedforward': 384, 'model__module__dropout': 0.1, 'model__module__nhead': 4, 'model__module__num_layers': 2, 'model__module__patch_size': 32, 'model__optimizer__weight_decay': 0.0001}",0.9262626262626262,0.902668759811617,0.8001355013550135,0.9133749133749134,0.7173308619091752,0.8519545325426691,0.08083914090268528,182,0.84709662065683,0.9226551226551226,0.9089333404078457,0.9602618045815802,0.9285651057802957,0.9135023988163349,0.037222851019178216
138,2.5176077365875242,0.4543587580935188,0.027936601638793947,0.0026806731790298445,64,10,0.0002,500,128,384,0.1,4,3,16,0.0001,"{'model__batch_size': 64, 'model__callbacks__early_stopping__patience': 10, 'model__lr': 0.0002, 'model__max_epochs': 500, 'model__module__d_model': 128, 'model__module__dim_feedforward': 384, 'model__module__dropout': 0.1, 'model__module__nhead': 4, 'model__module__num_layers': 3, 'model__module__patch_size': 16, 'model__optimizer__weight_decay': 0.0001}",0.928849902534113,0.9289805269186713,0.8447368421052632,0.8346560846560847,0.7550200803212852,0.8584486873070833,0.06539518466555011,132,0.8844718068992475,0.9346614655893006,0.9027837566365332,0.9032331511839709,0.9075601374570447,0.9065420635532193,0.016148729027759344
139,1.636141300201416,0.2780829468843103,0.02488679885864258,0.0034756149059787644,64,10,0.0002,500,128,384,0.1,4,3,32,0.0001,"{'model__batch_size': 64, 'model__callbacks__early_stopping__patience': 10, 'model__lr': 0.0002, 'model__max_epochs': 500, 'model__module__d_model': 128, 'model__module__dim_feedforward': 384, 'model__module__dropout': 0.1, 'model__module__nhead': 4, 'model__module__num_layers': 3, 'model__module__patch_size': 32, 'model__optimizer__weight_decay': 0.0001}",0.8157082748948107,0.845,0.8228228228228228,0.8977272727272727,0.7550200803212852,0.8272556901532383,0.04615643166914146,278,0.8540786070279478,0.9226551226551226,0.8844349680170576,0.893556466302368,0.942067480258435,0.8993585288521861,0.030572647027306183
140,2.0540817737579347,0.2227194683346554,0.02540907859802246,0.0030332807510722055,64,10,0.0002,500,128,384,0.25,4,2,16,0.0001,"{'model__batch_size': 64, 'model__callbacks__early_stopping__patience': 10, 'model__lr': 0.0002, 'model__max_epochs': 500, 'model__module__d_model': 128, 'model__module__dim_feedforward': 384, 'model__module__dropout': 0.25, 'model__module__nhead': 4, 'model__module__num_layers': 2, 'model__module__patch_size': 16, 'model__optimizer__weight_decay': 0.0001}",0.8849789915966386,0.9077380952380952,0.8447368421052632,0.9318181818181819,0.7706766917293233,0.8679897604975004,0.05648568495312195,65,0.9043424317617866,0.9131043191863342,0.8854929577464788,0.8979630723499934,0.9067914067914068,0.9015388375672,0.009375141012861037
141,1.5029909133911132,0.15383115008626058,0.024343156814575197,0.0042823568721277044,64,10,0.0002,500,128,384,0.25,4,2,32,0.0001,"{'model__batch_size': 64, 'model__callbacks__early_stopping__patience': 10, 'model__lr': 0.0002, 'model__max_epochs': 500, 'model__module__d_model': 128, 'model__module__dim_feedforward': 384, 'model__module__dropout': 0.25, 'model__module__nhead': 4, 'model__module__num_layers': 2, 'model__module__patch_size': 32, 'model__optimizer__weight_decay': 0.0001}",0.9094966526159187,0.845,0.805921052631579,0.8825240545983442,0.7173308619091752,0.8320545243510035,0.06716624021268737,267,0.8543340173947034,0.9077252052262472,0.8801754479050601,0.9084553613604156,0.9241398759165256,0.8949659815605904,0.02476123448303318
142,2.6072476863861085,0.5228904182582069,0.026442289352416992,0.0029163721145050257,64,10,0.0002,500,128,384,0.25,4,3,16,0.0001,"{'model__batch_size': 64, 'model__callbacks__early_stopping__patience': 10, 'model__lr': 0.0002, 'model__max_epochs': 500, 'model__module__d_model': 128, 'model__module__dim_feedforward': 384, 'model__module__dropout': 0.25, 'model__module__nhead': 4, 'model__module__num_layers': 3, 'model__module__patch_size': 16, 'model__optimizer__weight_decay': 0.0001}",0.8399122807017544,0.8816342115311187,0.8447368421052632,0.8532927624429472,0.7706766917293233,0.8380505577020813,0.03665861403330666,251,0.8830851943755169,0.9430272108843537,0.9054299274148521,0.8988190836088805,0.9110774744680481,0.9082877781503302,0.019736282873423085
143,1.7262367725372314,0.27003160467774145,0.023603200912475586,0.0032824028587225902,64,10,0.0002,500,128,384,0.25,4,3,32,0.0001,"{'model__batch_size': 64, 'model__callbacks__early_stopping__patience': 10, 'model__lr': 0.0002, 'model__max_epochs': 500, 'model__module__d_model': 128, 'model__module__dim_feedforward': 384, 'model__module__dropout': 0.25, 'model__module__nhead': 4, 'model__module__num_layers': 3, 'model__module__patch_size': 32, 'model__optimizer__weight_decay': 0.0001}",0.9060489060489061,0.845,0.831802343997466,0.8787248787248787,0.7396341463414634,0.8402420550225427,0.05661675973399884,245,0.8572901792797081,0.9068474104970454,0.8959729201563372,0.9212355212355212,0.9303842238746743,0.9023460510086572,0.025431719699919055
144,10.50707778930664,0.42613377224597215,0.024292755126953124,0.0031179195106701314,128,10,3e-05,500,96,128,0.1,4,2,16,0.0001,"{'model__batch_size': 128, 'model__callbacks__early_stopping__patience': 10, 'model__lr': 3e-05, 'model__max_epochs': 500, 'model__module__d_model': 96, 'model__module__dim_feedforward': 128, 'model__module__dropout': 0.1, 'model__module__nhead': 4, 'model__module__num_layers': 2, 'model__module__patch_size': 16, 'model__optimizer__weight_decay': 0.0001}",0.9456979915695513,0.902668759811617,0.8487179487179488,0.894266917293233,0.7866454689984101,0.875599417278152,0.054093351248008494,26,0.908257972394098,0.9290942763912162,0.9185193045754408,0.9060482072562974,0.9190404532176684,0.9161920427669441,0.00831677934857853
145,6.843494081497193,0.1651198383562296,0.023460531234741212,0.0024779286454480833,128,10,3e-05,500,96,128,0.1,4,2,32,0.0001,"{'model__batch_size': 128, 'model__callbacks__early_stopping__patience': 10, 'model__lr': 3e-05, 'model__max_epochs': 500, 'model__module__d_model': 96, 'model__module__dim_feedforward': 128, 'model__module__dropout': 0.1, 'model__module__nhead': 4, 'model__module__num_layers': 2, 'model__module__patch_size': 32, 'model__optimizer__weight_decay': 0.0001}",0.9456979915695513,0.813172621609987,0.8447368421052632,0.9133749133749134,0.7324561403508771,0.8498877018021183,0.07533251323647215,197,0.8900171179582944,0.8964524060414472,0.9018400463633729,0.9151680006262108,0.9375279132500849,0.908201096847882,0.016838953030005495
146,11.15261197090149,1.9142513112299948,0.02587723731994629,0.0026474028696914773,128,10,3e-05,500,96,128,0.1,4,3,16,0.0001,"{'model__batch_size': 128, 'model__callbacks__early_stopping__patience': 10, 'model__lr': 3e-05, 'model__max_epochs': 500, 'model__module__d_model': 96, 'model__module__dim_feedforward': 128, 'model__module__dropout': 0.1, 'model__module__nhead': 4, 'model__module__num_layers': 3, 'model__module__patch_size': 16, 'model__optimizer__weight_decay': 0.0001}",0.8893939393939394,0.8540031397174255,0.8487179487179488,0.8787248787248787,0.8029715762273901,0.8547622965563164,0.029976474782415812,168,0.8913319238900634,0.9189309418317052,0.9125053809728798,0.9015444015444015,0.899083552173214,0.9046792400824529,0.009835133647931071
147,6.15764045715332,0.778174771357606,0.023482370376586913,0.002020599167747112,128,10,3e-05,500,96,128,0.1,4,3,32,0.0001,"{'model__batch_size': 128, 'model__callbacks__early_stopping__patience': 10, 'model__lr': 3e-05, 'model__max_epochs': 500, 'model__module__d_model': 96, 'model__module__dim_feedforward': 128, 'model__module__dropout': 0.1, 'model__module__nhead': 4, 'model__module__num_layers': 3, 'model__module__patch_size': 32, 'model__optimizer__weight_decay': 0.0001}",0.7902298850574713,0.8747474747474748,0.8276533592989289,0.8744319540779718,0.7478537360890303,0.8229832818541756,0.049123397299913475,284,0.8913319238900634,0.8882989326422992,0.8886855862584018,0.905187765405765,0.9095158006550411,0.896604001770314,0.008942771731457251
148,10.910229587554932,0.8676591681513584,0.02434115409851074,0.0028412169970290216,128,10,3e-05,500,96,128,0.25,4,2,16,0.0001,"{'model__batch_size': 128, 'model__callbacks__early_stopping__patience': 10, 'model__lr': 3e-05, 'model__max_epochs': 500, 'model__module__d_model': 96, 'model__module__dim_feedforward': 128, 'model__module__dropout': 0.25, 'model__module__nhead': 4, 'model__module__num_layers': 2, 'model__module__patch_size': 16, 'model__optimizer__weight_decay': 0.0001}",0.8732953136622862,0.902668759811617,0.8487179487179488,0.8787248787248787,0.7866454689984101,0.8580104739830281,0.03958886293702927,136,0.9045636665689436,0.9145408163265306,0.9089333404078457,0.9251482358466566,0.9138924455825864,0.9134157009465126,0.006893411548279087
149,7.386592388153076,0.9182784970277523,0.02222867012023926,0.0018753207801056342,128,10,3e-05,500,96,128,0.25,4,2,32,0.0001,"{'model__batch_size': 128, 'model__callbacks__early_stopping__patience': 10, 'model__lr': 3e-05, 'model__max_epochs': 500, 'model__module__d_model': 96, 'model__module__dim_feedforward': 128, 'model__module__dropout': 0.25, 'model__module__nhead': 4, 'model__module__num_layers': 2, 'model__module__patch_size': 32, 'model__optimizer__weight_decay': 0.0001}",0.9456979915695513,0.845,0.8001355013550135,0.9007936507936507,0.7324561403508771,0.8448166568138185,0.07474194603406191,222,0.8744258770643994,0.8912778904665315,0.8876633324321889,0.9159378696503713,0.9431049069373942,0.902481975310177,0.024345644412049217
150,12.269392347335815,1.7858624150540068,0.02562413215637207,0.0031713193453993373,128,10,3e-05,500,96,128,0.25,4,3,16,0.0001,"{'model__batch_size': 128, 'model__callbacks__early_stopping__patience': 10, 'model__lr': 3e-05, 'model__max_epochs': 500, 'model__module__d_model': 96, 'model__module__dim_feedforward': 128, 'model__module__dropout': 0.25, 'model__module__nhead': 4, 'model__module__num_layers': 3, 'model__module__patch_size': 16, 'model__optimizer__weight_decay': 0.0001}",0.8684684684684685,0.902668759811617,0.8659526127880558,0.8787248787248787,0.8029715762273901,0.8637572592040821,0.03304557107596697,91,0.9120306050538609,0.9240362811791383,0.9089333404078457,0.9159378696503713,0.907845152449469,0.913756649748137,0.005858632710967158
151,8.019541501998901,1.215837812844152,0.02477402687072754,0.0014597166350731534,128,10,3e-05,500,96,128,0.25,4,3,32,0.0001,"{'model__batch_size': 128, 'model__callbacks__early_stopping__patience': 10, 'model__lr': 3e-05, 'model__max_epochs': 500, 'model__module__d_model': 96, 'model__module__dim_feedforward': 128, 'model__module__dropout': 0.25, 'model__module__nhead': 4, 'model__module__num_layers': 3, 'model__module__patch_size': 32, 'model__optimizer__weight_decay': 0.0001}",0.9262626262626262,0.8747474747474748,0.8108974358974359,0.8903508771929824,0.7478537360890303,0.8500224300379099,0.06327635608333443,196,0.8776772965254641,0.9093934055766116,0.8844349680170576,0.9015444015444015,0.8947574334898278,0.8935615010306727,0.011414094043966611
152,9.262216424942016,0.9514028570112341,0.02608513832092285,0.0023515055027420683,128,10,3e-05,500,96,256,0.1,4,2,16,0.0001,"{'model__batch_size': 128, 'model__callbacks__early_stopping__patience': 10, 'model__lr': 3e-05, 'model__max_epochs': 500, 'model__module__d_model': 96, 'model__module__dim_feedforward': 256, 'model__module__dropout': 0.1, 'model__module__nhead': 4, 'model__module__num_layers': 2, 'model__module__patch_size': 16, 'model__optimizer__weight_decay': 0.0001}",0.9060489060489061,0.8747474747474748,0.8659526127880558,0.8787248787248787,0.7866454689984101,0.862423868261545,0.04018844603542392,98,0.908257972394098,0.9101860834288737,0.9089333404078457,0.9251482358466566,0.9095158006550411,0.9124082865465031,0.0064017392594359
153,7.37098240852356,0.5558507778346057,0.023671627044677734,0.0020192536777873145,128,10,3e-05,500,96,256,0.1,4,2,32,0.0001,"{'model__batch_size': 128, 'model__callbacks__early_stopping__patience': 10, 'model__lr': 3e-05, 'model__max_epochs': 500, 'model__module__d_model': 96, 'model__module__dim_feedforward': 256, 'model__module__dropout': 0.1, 'model__module__nhead': 4, 'model__module__num_layers': 2, 'model__module__patch_size': 32, 'model__optimizer__weight_decay': 0.0001}",0.9262626262626262,0.7789661319073083,0.831802343997466,0.8636363636363636,0.7396341463414634,0.8280603224290456,0.06504272145610596,276,0.8661458333333334,0.9475435505969858,0.8940653873489695,0.9205236091631603,0.9297980061589853,0.9116152773202868,0.028552687437008787
154,10.680753564834594,1.8153180268836613,0.026496696472167968,0.002435416231708957,128,10,3e-05,500,96,256,0.1,4,3,16,0.0001,"{'model__batch_size': 128, 'model__callbacks__early_stopping__patience': 10, 'model__lr': 3e-05, 'model__max_epochs': 500, 'model__module__d_model': 96, 'model__module__dim_feedforward': 256, 'model__module__dropout': 0.1, 'model__module__nhead': 4, 'model__module__num_layers': 3, 'model__module__patch_size': 16, 'model__optimizer__weight_decay': 0.0001}",0.9060489060489061,0.9077380952380952,0.8659526127880558,0.8787248787248787,0.8029715762273901,0.8722872138054651,0.03816502369974549,38,0.8970352564102564,0.9093934055766116,0.9214720370906984,0.9006545114539505,0.9086946424424317,0.9074499705947897,0.008444987067283177
155,6.377664852142334,0.4550725849119872,0.02451329231262207,0.0029862886778890116,128,10,3e-05,500,96,256,0.1,4,3,32,0.0001,"{'model__batch_size': 128, 'model__callbacks__early_stopping__patience': 10, 'model__lr': 3e-05, 'model__max_epochs': 500, 'model__module__d_model': 96, 'model__module__dim_feedforward': 256, 'model__module__dropout': 0.1, 'model__module__nhead': 4, 'model__module__num_layers': 3, 'model__module__patch_size': 32, 'model__optimizer__weight_decay': 0.0001}",0.9060489060489061,0.8540031397174255,0.8001355013550135,0.894266917293233,0.7478537360890303,0.8404616401007218,0.05930006892368135,243,0.8821876307974409,0.9041967541288338,0.8778949265567271,0.8872744046589403,0.9138924455825864,0.8930892323449056,0.013708937135275573
156,10.394810676574707,1.047605406857213,0.02557034492492676,0.001560383467442208,128,10,3e-05,500,96,256,0.25,4,2,16,0.0001,"{'model__batch_size': 128, 'model__callbacks__early_stopping__patience': 10, 'model__lr': 3e-05, 'model__max_epochs': 500, 'model__module__d_model': 96, 'model__module__dim_feedforward': 256, 'model__module__dropout': 0.25, 'model__module__nhead': 4, 'model__module__num_layers': 2, 'model__module__patch_size': 16, 'model__optimizer__weight_decay': 0.0001}",0.965566037735849,0.902668759811617,0.8659526127880558,0.8787248787248787,0.7866454689984101,0.8799115516117622,0.05787815451428626,16,0.8934935764608372,0.9058658236740429,0.928105268743036,0.9060482072562974,0.9146573604060914,0.9096340473080611,0.01143671502822039
157,6.886562395095825,0.7707236133454444,0.022643518447875977,0.002565011691456023,128,10,3e-05,500,96,256,0.25,4,2,32,0.0001,"{'model__batch_size': 128, 'model__callbacks__early_stopping__patience': 10, 'model__lr': 3e-05, 'model__max_epochs': 500, 'model__module__d_model': 96, 'model__module__dim_feedforward': 256, 'model__module__dropout': 0.25, 'model__module__nhead': 4, 'model__module__num_layers': 2, 'model__module__patch_size': 32, 'model__optimizer__weight_decay': 0.0001}",0.8849789915966386,0.813172621609987,0.8487179487179488,0.8489594987692997,0.7396341463414634,0.8270926414070674,0.04927351868042576,279,0.8764423076923077,0.9101860834288737,0.9133262260127932,0.9068788560226029,0.9247973161867487,0.9063261578686653,0.01611479845096947
158,11.66678524017334,1.9971708340425216,0.026687002182006835,0.0031514356153435727,128,10,3e-05,500,96,256,0.25,4,3,16,0.0001,"{'model__batch_size': 128, 'model__callbacks__early_stopping__patience': 10, 'model__lr': 3e-05, 'model__max_epochs': 500, 'model__module__d_model': 96, 'model__module__dim_feedforward': 256, 'model__module__dropout': 0.25, 'model__module__nhead': 4, 'model__module__num_layers': 3, 'model__module__patch_size': 16, 'model__optimizer__weight_decay': 0.0001}",0.9060489060489061,0.9077380952380952,0.8228228228228228,0.8489594987692997,0.8029715762273901,0.8577081798213027,0.04273041440211341,140,0.8970352564102564,0.9085734805637848,0.9027837566365332,0.9244444444444444,0.9138924455825864,0.9093458767275211,0.009421755929491283
159,7.541834783554077,1.1388080158377432,0.024686431884765624,0.0021518779929325317,128,10,3e-05,500,96,256,0.25,4,3,32,0.0001,"{'model__batch_size': 128, 'model__callbacks__early_stopping__patience': 10, 'model__lr': 3e-05, 'model__max_epochs': 500, 'model__module__d_model': 96, 'model__module__dim_feedforward': 256, 'model__module__dropout': 0.25, 'model__module__nhead': 4, 'model__module__num_layers': 3, 'model__module__patch_size': 32, 'model__optimizer__weight_decay': 0.0001}",0.8849789915966386,0.8816342115311187,0.8659526127880558,0.8636363636363636,0.7866454689984101,0.8565695297101173,0.0359518913429402,155,0.8719430769537401,0.9240362811791383,0.9027837566365332,0.8961585448622235,0.9059966452334358,0.9001836609730143,0.016871460634005502
160,10.056550359725952,1.2859754996832473,0.024683523178100585,0.002815369456990187,128,10,3e-05,500,96,384,0.1,4,2,16,0.0001,"{'model__batch_size': 128, 'model__callbacks__early_stopping__patience': 10, 'model__lr': 3e-05, 'model__max_epochs': 500, 'model__module__d_model': 96, 'model__module__dim_feedforward': 384, 'model__module__dropout': 0.1, 'model__module__nhead': 4, 'model__module__num_layers': 2, 'model__module__patch_size': 16, 'model__optimizer__weight_decay': 0.0001}",0.9094966526159187,0.932486388384755,0.8659526127880558,0.8346560846560847,0.7866454689984101,0.8658474414886449,0.052138022831438716,80,0.8889630793401414,0.9329377278901838,0.922956645344705,0.9105890603085554,0.9241398759165256,0.9159172777600222,0.015243216542038328
161,6.4991991996765135,0.4460340580413807,0.023585176467895506,0.002173273385567011,128,10,3e-05,500,96,384,0.1,4,2,32,0.0001,"{'model__batch_size': 128, 'model__callbacks__early_stopping__patience': 10, 'model__lr': 3e-05, 'model__max_epochs': 500, 'model__module__d_model': 96, 'model__module__dim_feedforward': 384, 'model__module__dropout': 0.1, 'model__module__nhead': 4, 'model__module__num_layers': 2, 'model__module__patch_size': 32, 'model__optimizer__weight_decay': 0.0001}",0.9456979915695513,0.9289805269186713,0.8228228228228228,0.8787248787248787,0.7324561403508771,0.8617364720773601,0.07757265226479618,104,0.8586802827965436,0.9058658236740429,0.908081475266437,0.905187765405765,0.9146573604060914,0.898494541509776,0.02018641254547708
162,9.757322788238525,1.4148470822423453,0.02675619125366211,0.0030944061406562393,128,10,3e-05,500,96,384,0.1,4,3,16,0.0001,"{'model__batch_size': 128, 'model__callbacks__early_stopping__patience': 10, 'model__lr': 3e-05, 'model__max_epochs': 500, 'model__module__d_model': 96, 'model__module__dim_feedforward': 384, 'model__module__dropout': 0.1, 'model__module__nhead': 4, 'model__module__num_layers': 3, 'model__module__patch_size': 16, 'model__optimizer__weight_decay': 0.0001}",0.8849789915966386,0.9289805269186713,0.9042518662771828,0.8206911540969355,0.8029715762273901,0.8683748230233637,0.04855353532963811,60,0.879733056623736,0.9058658236740429,0.8950352112676057,0.9042962962962964,0.9086946424424317,0.8987250060608225,0.010542608118407612
163,5.5350658893585205,0.46439253391888136,0.023458576202392577,0.002335355840488793,128,10,3e-05,500,96,384,0.1,4,3,32,0.0001,"{'model__batch_size': 128, 'model__callbacks__early_stopping__patience': 10, 'model__lr': 3e-05, 'model__max_epochs': 500, 'model__module__d_model': 96, 'model__module__dim_feedforward': 384, 'model__module__dropout': 0.1, 'model__module__nhead': 4, 'model__module__num_layers': 3, 'model__module__patch_size': 32, 'model__optimizer__weight_decay': 0.0001}",0.9456979915695513,0.902668759811617,0.8401084010840109,0.9103085386271228,0.7635658914728682,0.8724699165130338,0.06420815647152636,36,0.8844718068992475,0.8807807968113313,0.8810359964881476,0.8997326203208555,0.9291918926033167,0.8950426226245798,0.01843635601101201
164,9.752082777023315,0.4639768770321059,0.024806880950927736,0.002093392615089691,128,10,3e-05,500,96,384,0.25,4,2,16,0.0001,"{'model__batch_size': 128, 'model__callbacks__early_stopping__patience': 10, 'model__lr': 3e-05, 'model__max_epochs': 500, 'model__module__d_model': 96, 'model__module__dim_feedforward': 384, 'model__module__dropout': 0.25, 'model__module__nhead': 4, 'model__module__num_layers': 2, 'model__module__patch_size': 16, 'model__optimizer__weight_decay': 0.0001}",0.8893939393939394,0.902668759811617,0.8276533592989289,0.8677248677248677,0.7866454689984101,0.8548172790455526,0.042513973512180205,167,0.908257972394098,0.9284684780867987,0.9177571094489173,0.9212355212355212,0.9190404532176684,0.9189519068766007,0.00650500788935436
165,7.254465866088867,0.7693122303702238,0.023611927032470705,0.0023037684941237123,128,10,3e-05,500,96,384,0.25,4,2,32,0.0001,"{'model__batch_size': 128, 'model__callbacks__early_stopping__patience': 10, 'model__lr': 3e-05, 'model__max_epochs': 500, 'model__module__d_model': 96, 'model__module__dim_feedforward': 384, 'model__module__dropout': 0.25, 'model__module__nhead': 4, 'model__module__num_layers': 2, 'model__module__patch_size': 32, 'model__optimizer__weight_decay': 0.0001}",0.9456979915695513,0.8540031397174255,0.8447368421052632,0.8489594987692997,0.7324561403508771,0.8451707225024834,0.06767992837961893,221,0.8586802827965436,0.9296993861812077,0.9036958066808813,0.9105890603085554,0.9285651057802957,0.9062459283494967,0.025830473933162894
166,9.448701190948487,0.8571795999561009,0.025981855392456055,0.002764653556292835,128,10,3e-05,500,96,384,0.25,4,3,16,0.0001,"{'model__batch_size': 128, 'model__callbacks__early_stopping__patience': 10, 'model__lr': 3e-05, 'model__max_epochs': 500, 'model__module__d_model': 96, 'model__module__dim_feedforward': 384, 'model__module__dropout': 0.25, 'model__module__nhead': 4, 'model__module__num_layers': 3, 'model__module__patch_size': 16, 'model__optimizer__weight_decay': 0.0001}",0.8849789915966386,0.902668759811617,0.8659526127880558,0.8489594987692997,0.7866454689984101,0.8578410663928041,0.03989857540899884,139,0.8809825833081647,0.8946164295417174,0.9036958066808813,0.8961585448622235,0.9190404532176684,0.8988987635221312,0.012454203972486219
167,5.173699617385864,2.3348327106706126,0.02387399673461914,0.002606917270587628,128,10,3e-05,500,96,384,0.25,4,3,32,0.0001,"{'model__batch_size': 128, 'model__callbacks__early_stopping__patience': 10, 'model__lr': 3e-05, 'model__max_epochs': 500, 'model__module__d_model': 96, 'model__module__dim_feedforward': 384, 'model__module__dropout': 0.25, 'model__module__nhead': 4, 'model__module__num_layers': 3, 'model__module__patch_size': 32, 'model__optimizer__weight_decay': 0.0001}",0.9060489060489061,0.902668759811617,0.41,0.8636363636363636,0.7478537360890303,0.7660415531171834,0.18702416087697965,288,0.8692750615475391,0.9093934055766116,0.4282700421940928,0.905187765405765,0.9153969807100922,0.8055046510868202,0.1893032150263547
168,8.828413248062134,1.2955324665675259,0.025261354446411134,0.0028075483675872037,128,10,3e-05,500,128,128,0.1,4,2,16,0.0001,"{'model__batch_size': 128, 'model__callbacks__early_stopping__patience': 10, 'model__lr': 3e-05, 'model__max_epochs': 500, 'model__module__d_model': 128, 'model__module__dim_feedforward': 128, 'model__module__dropout': 0.1, 'model__module__nhead': 4, 'model__module__num_layers': 2, 'model__module__patch_size': 16, 'model__optimizer__weight_decay': 0.0001}",0.9262626262626262,0.9077380952380952,0.8447368421052632,0.9269005847953216,0.7866454689984101,0.8784567234799432,0.0548743065950639,19,0.908257972394098,0.9380060143418922,0.9274327436313976,0.9060482072562974,0.9220289855072463,0.9203547846261865,0.011962252170600918
169,6.056889629364013,1.1199342219280288,0.025016641616821288,0.0033493397092783307,128,10,3e-05,500,128,128,0.1,4,2,32,0.0001,"{'model__batch_size': 128, 'model__callbacks__early_stopping__patience': 10, 'model__lr': 3e-05, 'model__max_epochs': 500, 'model__module__d_model': 128, 'model__module__dim_feedforward': 128, 'model__module__dropout': 0.1, 'model__module__nhead': 4, 'model__module__num_layers': 2, 'model__module__patch_size': 32, 'model__optimizer__weight_decay': 0.0001}",0.8849789915966386,0.9538690476190477,0.8401084010840109,0.8903508771929824,0.7706766917293233,0.8679968018444006,0.060681313066932495,64,0.8809825833081647,0.9296993861812077,0.8974317383076507,0.9398395721925134,0.9183057327116495,0.9132518025402373,0.021422192488433352
170,9.4215012550354,1.9013809559813761,0.026993703842163087,0.0018094199763709446,128,10,3e-05,500,128,128,0.1,4,3,16,0.0001,"{'model__batch_size': 128, 'model__callbacks__early_stopping__patience': 10, 'model__lr': 3e-05, 'model__max_epochs': 500, 'model__module__d_model': 128, 'model__module__dim_feedforward': 128, 'model__module__dropout': 0.1, 'model__module__nhead': 4, 'model__module__num_layers': 3, 'model__module__patch_size': 16, 'model__optimizer__weight_decay': 0.0001}",0.8684684684684685,0.8816342115311187,0.8659526127880558,0.8787248787248787,0.7866454689984101,0.8562851281021864,0.035320516987773415,157,0.8990573448546739,0.9380060143418922,0.922956645344705,0.9190219117180057,0.9190404532176684,0.9196164738953891,0.012431371879733264
171,6.188648462295532,1.2819912224580279,0.025008678436279297,0.0023875338173419934,128,10,3e-05,500,128,128,0.1,4,3,32,0.0001,"{'model__batch_size': 128, 'model__callbacks__early_stopping__patience': 10, 'model__lr': 3e-05, 'model__max_epochs': 500, 'model__module__d_model': 128, 'model__module__dim_feedforward': 128, 'model__module__dropout': 0.1, 'model__module__nhead': 4, 'model__module__num_layers': 3, 'model__module__patch_size': 32, 'model__optimizer__weight_decay': 0.0001}",0.9060489060489061,0.8747474747474748,0.8447368421052632,0.894266917293233,0.7635658914728682,0.8566732063335489,0.050969353294614723,154,0.8878708551483421,0.9390728013570466,0.8930621323001865,0.9015444015444015,0.9190404532176684,0.908118128713529,0.018747468814521526
172,9.845247316360474,3.559515300901389,0.024256134033203126,0.0028076650837967026,128,10,3e-05,500,128,128,0.25,4,2,16,0.0001,"{'model__batch_size': 128, 'model__callbacks__early_stopping__patience': 10, 'model__lr': 3e-05, 'model__max_epochs': 500, 'model__module__d_model': 128, 'model__module__dim_feedforward': 128, 'model__module__dropout': 0.25, 'model__module__nhead': 4, 'model__module__num_layers': 2, 'model__module__patch_size': 16, 'model__optimizer__weight_decay': 0.0001}",0.9060489060489061,0.8816342115311187,0.8151629072681704,0.9269005847953216,0.7706766917293233,0.860084660274568,0.05840070470650291,118,0.8970352564102564,0.9715136054421769,0.9214720370906984,0.9113899613899614,0.9138924455825864,0.9230606611831359,0.025486445960273038
173,6.977741861343384,0.9410371273891788,0.02404327392578125,0.0023975395520896272,128,10,3e-05,500,128,128,0.25,4,2,32,0.0001,"{'model__batch_size': 128, 'model__callbacks__early_stopping__patience': 10, 'model__lr': 3e-05, 'model__max_epochs': 500, 'model__module__d_model': 128, 'model__module__dim_feedforward': 128, 'model__module__dropout': 0.25, 'model__module__nhead': 4, 'model__module__num_layers': 2, 'model__module__patch_size': 32, 'model__optimizer__weight_decay': 0.0001}",0.9262626262626262,0.813172621609987,0.776592082616179,0.894266917293233,0.7173308619091752,0.8255250219382401,0.07632365781456525,281,0.8744258770643994,0.925327389244915,0.9125053809728798,0.9451087062875482,0.9386329735895411,0.9192000654318567,0.02504390716934594
174,9.663937854766846,0.9079146885351207,0.026773738861083984,0.002878703597673575,128,10,3e-05,500,128,128,0.25,4,3,16,0.0001,"{'model__batch_size': 128, 'model__callbacks__early_stopping__patience': 10, 'model__lr': 3e-05, 'model__max_epochs': 500, 'model__module__d_model': 128, 'model__module__dim_feedforward': 128, 'model__module__dropout': 0.25, 'model__module__nhead': 4, 'model__module__num_layers': 3, 'model__module__patch_size': 16, 'model__optimizer__weight_decay': 0.0001}",0.9475197699496765,0.902668759811617,0.8835526315789474,0.8636363636363636,0.7706766917293233,0.8736108433411856,0.05848189618817454,31,0.8934935764608372,0.9246926589392344,0.8940653873489695,0.9310810810810811,0.9336223914269599,0.9153910190514164,0.017884977211666934
175,6.322054195404053,0.34909002657422233,0.02736349105834961,0.0026291436831747026,128,10,3e-05,500,128,128,0.25,4,3,32,0.0001,"{'model__batch_size': 128, 'model__callbacks__early_stopping__patience': 10, 'model__lr': 3e-05, 'model__max_epochs': 500, 'model__module__d_model': 128, 'model__module__dim_feedforward': 128, 'model__module__dropout': 0.25, 'model__module__nhead': 4, 'model__module__num_layers': 3, 'model__module__patch_size': 32, 'model__optimizer__weight_decay': 0.0001}",0.8893939393939394,0.902668759811617,0.7834501167834501,0.8440748440748441,0.7866454689984101,0.8412466258124521,0.04984087469143429,239,0.8602839021443672,0.9152792413066386,0.8920240509997102,0.8916988416988417,0.8947574334898278,0.8908086939278771,0.017597912390037444
176,7.861559343338013,0.9215697641667354,0.024932718276977538,0.0028588820418366727,128,10,3e-05,500,128,256,0.1,4,2,16,0.0001,"{'model__batch_size': 128, 'model__callbacks__early_stopping__patience': 10, 'model__lr': 3e-05, 'model__max_epochs': 500, 'model__module__d_model': 128, 'model__module__dim_feedforward': 256, 'model__module__dropout': 0.1, 'model__module__nhead': 4, 'model__module__num_layers': 2, 'model__module__patch_size': 16, 'model__optimizer__weight_decay': 0.0001}",0.8684684684684685,0.9289805269186713,0.8447368421052632,0.8787248787248787,0.7866454689984101,0.8615112370431384,0.046439382329700504,109,0.8990573448546739,0.905045351473923,0.9169685500585745,0.9258275320444453,0.9285651057802957,0.9150927768423825,0.011474693695130378
177,5.6325122833251955,1.1675648542546528,0.02507672309875488,0.004077035380621759,128,10,3e-05,500,128,256,0.1,4,2,32,0.0001,"{'model__batch_size': 128, 'model__callbacks__early_stopping__patience': 10, 'model__lr': 3e-05, 'model__max_epochs': 500, 'model__module__d_model': 128, 'model__module__dim_feedforward': 256, 'model__module__dropout': 0.1, 'model__module__nhead': 4, 'model__module__num_layers': 2, 'model__module__patch_size': 32, 'model__optimizer__weight_decay': 0.0001}",0.9262626262626262,0.8540031397174255,0.8228228228228228,0.8787248787248787,0.7706766917293233,0.8504980318514154,0.052319552684495674,193,0.8616985231100392,0.9189309418317052,0.8984058410839566,0.9129098360655737,0.9336223914269599,0.9051135067036469,0.02447167485769492
178,10.157949829101563,2.2070097121044436,0.02819666862487793,0.0044855575765598,128,10,3e-05,500,128,256,0.1,4,3,16,0.0001,"{'model__batch_size': 128, 'model__callbacks__early_stopping__patience': 10, 'model__lr': 3e-05, 'model__max_epochs': 500, 'model__module__d_model': 128, 'model__module__dim_feedforward': 256, 'model__module__dropout': 0.1, 'model__module__nhead': 4, 'model__module__num_layers': 3, 'model__module__patch_size': 16, 'model__optimizer__weight_decay': 0.0001}",0.8525252525252525,0.9289805269186713,0.8447368421052632,0.8787248787248787,0.8029715762273901,0.861587815300291,0.04156297714750241,107,0.9215650369285235,0.9240362811791383,0.8993473762402504,0.8970766303407716,0.899083552173214,0.9082217753723796,0.011955062223488036
179,5.543179559707641,0.4656624172018982,0.027368927001953126,0.0019372263033958287,128,10,3e-05,500,128,256,0.1,4,3,32,0.0001,"{'model__batch_size': 128, 'model__callbacks__early_stopping__patience': 10, 'model__lr': 3e-05, 'model__max_epochs': 500, 'model__module__d_model': 128, 'model__module__dim_feedforward': 256, 'model__module__dropout': 0.1, 'model__module__nhead': 4, 'model__module__num_layers': 3, 'model__module__patch_size': 32, 'model__optimizer__weight_decay': 0.0001}",0.8849789915966386,0.8816342115311187,0.8228228228228228,0.894266917293233,0.7635658914728682,0.8494537669433363,0.04978308022289886,201,0.8809825833081647,0.9007319869477026,0.8865592865592866,0.9060482072562974,0.9043249395362072,0.8957294007215317,0.010069225812728441
180,9.200902509689332,0.8768931646974736,0.026554346084594727,0.002822780430310878,128,10,3e-05,500,128,256,0.25,4,2,16,0.0001,"{'model__batch_size': 128, 'model__callbacks__early_stopping__patience': 10, 'model__lr': 3e-05, 'model__max_epochs': 500, 'model__module__d_model': 128, 'model__module__dim_feedforward': 256, 'model__module__dropout': 0.25, 'model__module__nhead': 4, 'model__module__num_layers': 2, 'model__module__patch_size': 16, 'model__optimizer__weight_decay': 0.0001}",0.8466386554621849,0.8816342115311187,0.8447368421052632,0.894266917293233,0.7550200803212852,0.8444593413426169,0.048717498754257224,224,0.8913319238900634,0.93410607657183,0.9036958066808813,0.9351284710671024,0.9279168229808672,0.9184358202381488,0.017697345197425843
181,6.200803661346436,0.7876357927675885,0.023671293258666994,0.002533410070580304,128,10,3e-05,500,128,256,0.25,4,2,32,0.0001,"{'model__batch_size': 128, 'model__callbacks__early_stopping__patience': 10, 'model__lr': 3e-05, 'model__max_epochs': 500, 'model__module__d_model': 128, 'model__module__dim_feedforward': 256, 'model__module__dropout': 0.25, 'model__module__nhead': 4, 'model__module__num_layers': 2, 'model__module__patch_size': 32, 'model__optimizer__weight_decay': 0.0001}",0.9060489060489061,0.9077380952380952,0.8447368421052632,0.8636363636363636,0.7706766917293233,0.8585673797515903,0.050227494485023914,128,0.89806441377122,0.933531746031746,0.8930621323001865,0.9113899613899614,0.9279168229808672,0.9127930152947963,0.01591874692525834
182,9.154708528518677,0.824740810508916,0.027727079391479493,0.00552440956254702,128,10,3e-05,500,128,256,0.25,4,3,16,0.0001,"{'model__batch_size': 128, 'model__callbacks__early_stopping__patience': 10, 'model__lr': 3e-05, 'model__max_epochs': 500, 'model__module__d_model': 128, 'model__module__dim_feedforward': 256, 'model__module__dropout': 0.25, 'model__module__nhead': 4, 'model__module__num_layers': 3, 'model__module__patch_size': 16, 'model__optimizer__weight_decay': 0.0001}",0.8684684684684685,0.8747474747474748,0.8447368421052632,0.8489594987692997,0.7866454689984101,0.8447115506177832,0.03116492715176406,223,0.8809825833081647,0.8955498866213152,0.8812590917854075,0.9166810817044341,0.9059966452334358,0.8960938577305514,0.013932808698619646
183,6.024448394775391,1.1473458086262913,0.026406145095825194,0.0027006340115426192,128,10,3e-05,500,128,256,0.25,4,3,32,0.0001,"{'model__batch_size': 128, 'model__callbacks__early_stopping__patience': 10, 'model__lr': 3e-05, 'model__max_epochs': 500, 'model__module__d_model': 128, 'model__module__dim_feedforward': 256, 'model__module__dropout': 0.25, 'model__module__nhead': 4, 'model__module__num_layers': 3, 'model__module__patch_size': 32, 'model__optimizer__weight_decay': 0.0001}",0.8849789915966386,0.932486388384755,0.8228228228228228,0.8977272727272727,0.7706766917293233,0.8617384334521626,0.057701401679044285,103,0.870633242726266,0.919640179910045,0.8668304668304668,0.9219228413962033,0.9247973161867487,0.9007648094099459,0.026233391805632257
184,8.620385837554931,1.0687309903262336,0.028200149536132812,0.004370607286993439,128,10,3e-05,500,128,384,0.1,4,2,16,0.0001,"{'model__batch_size': 128, 'model__callbacks__early_stopping__patience': 10, 'model__lr': 3e-05, 'model__max_epochs': 500, 'model__module__d_model': 128, 'model__module__dim_feedforward': 384, 'model__module__dropout': 0.1, 'model__module__nhead': 4, 'model__module__num_layers': 2, 'model__module__patch_size': 16, 'model__optimizer__weight_decay': 0.0001}",0.8684684684684685,0.902668759811617,0.8659526127880558,0.894266917293233,0.7866454689984101,0.8636004454719568,0.04103185207208965,92,0.9137805142778206,0.9284684780867987,0.908081475266437,0.9205236091631603,0.9220289855072463,0.9185766124602927,0.007024373906376638
185,6.000943326950074,0.7809281419342331,0.02293844223022461,0.0025924722654708586,128,10,3e-05,500,128,384,0.1,4,2,32,0.0001,"{'model__batch_size': 128, 'model__callbacks__early_stopping__patience': 10, 'model__lr': 3e-05, 'model__max_epochs': 500, 'model__module__d_model': 128, 'model__module__dim_feedforward': 384, 'model__module__dropout': 0.1, 'model__module__nhead': 4, 'model__module__num_layers': 2, 'model__module__patch_size': 32, 'model__optimizer__weight_decay': 0.0001}",0.9262626262626262,0.8540031397174255,0.8001355013550135,0.8744319540779718,0.7550200803212852,0.8419706603468644,0.059353577083613517,234,0.864758743523316,0.9007319869477026,0.8801754479050601,0.9015444015444015,0.933027457675345,0.896047607519165,0.023024273859239358
186,9.353818368911742,1.2764370465433301,0.027449607849121094,0.0027648999933341783,128,10,3e-05,500,128,384,0.1,4,3,16,0.0001,"{'model__batch_size': 128, 'model__callbacks__early_stopping__patience': 10, 'model__lr': 3e-05, 'model__max_epochs': 500, 'model__module__d_model': 128, 'model__module__dim_feedforward': 384, 'model__module__dropout': 0.1, 'model__module__nhead': 4, 'model__module__num_layers': 3, 'model__module__patch_size': 16, 'model__optimizer__weight_decay': 0.0001}",0.9060489060489061,0.8816342115311187,0.8659526127880558,0.8636363636363636,0.7706766917293233,0.8575897571467536,0.04601479032601316,141,0.8889630793401414,0.9240362811791383,0.9045774647887324,0.9166810817044341,0.9380897583429229,0.9144695330710739,0.01674969167145754
187,11.24120602607727,3.4608599173152994,0.03793182373046875,0.004538961384281742,128,10,3e-05,500,128,384,0.1,4,3,32,0.0001,"{'model__batch_size': 128, 'model__callbacks__early_stopping__patience': 10, 'model__lr': 3e-05, 'model__max_epochs': 500, 'model__module__d_model': 128, 'model__module__dim_feedforward': 384, 'model__module__dropout': 0.1, 'model__module__nhead': 4, 'model__module__num_layers': 3, 'model__module__patch_size': 32, 'model__optimizer__weight_decay': 0.0001}",0.9060489060489061,0.8540031397174255,0.831802343997466,0.8636363636363636,0.7478537360890303,0.8406688978978384,0.05229363631045497,242,0.8602839021443672,0.9181973247149655,0.8887302069014764,0.8852272949648734,0.9291918926033167,0.8963261242657999,0.024651295647127067
188,9.588193416595459,1.9854267063082713,0.027328348159790038,0.007938222246171862,128,10,3e-05,500,128,384,0.25,4,2,16,0.0001,"{'model__batch_size': 128, 'model__callbacks__early_stopping__patience': 10, 'model__lr': 3e-05, 'model__max_epochs': 500, 'model__module__d_model': 128, 'model__module__dim_feedforward': 384, 'model__module__dropout': 0.25, 'model__module__nhead': 4, 'model__module__num_layers': 2, 'model__module__patch_size': 16, 'model__optimizer__weight_decay': 0.0001}",0.8849789915966386,0.902668759811617,0.8659526127880558,0.8636363636363636,0.7706766917293233,0.8575826839123997,0.04570047295078746,143,0.9006490467761297,0.933531746031746,0.9222270053092265,0.9258275320444453,0.9285651057802957,0.9221600871883687,0.011371177401107907
189,6.04597659111023,1.1671454979632088,0.02481832504272461,0.0032259221685940792,128,10,3e-05,500,128,384,0.25,4,2,32,0.0001,"{'model__batch_size': 128, 'model__callbacks__early_stopping__patience': 10, 'model__lr': 3e-05, 'model__max_epochs': 500, 'model__module__d_model': 128, 'model__module__dim_feedforward': 384, 'model__module__dropout': 0.25, 'model__module__nhead': 4, 'model__module__num_layers': 2, 'model__module__patch_size': 32, 'model__optimizer__weight_decay': 0.0001}",0.9456979915695513,0.9077380952380952,0.8447368421052632,0.8825240545983442,0.7706766917293233,0.8702747350481154,0.05968948151786655,49,0.8821876307974409,0.93410607657183,0.8801754479050601,0.9105890603085554,0.9197508116170923,0.9053618054399957,0.02112816031445731
190,9.089770603179932,0.8110579845857135,0.0274688720703125,0.002534350394901009,128,10,3e-05,500,128,384,0.25,4,3,16,0.0001,"{'model__batch_size': 128, 'model__callbacks__early_stopping__patience': 10, 'model__lr': 3e-05, 'model__max_epochs': 500, 'model__module__d_model': 128, 'model__module__dim_feedforward': 384, 'model__module__dropout': 0.25, 'model__module__nhead': 4, 'model__module__num_layers': 3, 'model__module__patch_size': 16, 'model__optimizer__weight_decay': 0.0001}",0.8849789915966386,0.932486388384755,0.8659526127880558,0.894266917293233,0.8029715762273901,0.8761312972580144,0.042518299834053856,25,0.8913319238900634,0.9109525558295297,0.908081475266437,0.9024035517452541,0.899083552173214,0.9023706117808997,0.006912629046336643
191,5.895117616653442,1.0100240424464744,0.023508262634277344,0.0024678434355330926,128,10,3e-05,500,128,384,0.25,4,3,32,0.0001,"{'model__batch_size': 128, 'model__callbacks__early_stopping__patience': 10, 'model__lr': 3e-05, 'model__max_epochs': 500, 'model__module__d_model': 128, 'model__module__dim_feedforward': 384, 'model__module__dropout': 0.25, 'model__module__nhead': 4, 'model__module__num_layers': 3, 'model__module__patch_size': 32, 'model__optimizer__weight_decay': 0.0001}",0.8849789915966386,0.9289805269186713,0.805921052631579,0.8903508771929824,0.7478537360890303,0.8516170368857804,0.06550326032548222,185,0.8616985231100392,0.9380060143418922,0.8876633324321889,0.905187765405765,0.9095158006550411,0.9004142871889853,0.02522006672244919
192,3.758686351776123,0.262711915462945,0.02395329475402832,0.0023294217284927305,128,10,0.0001,500,96,128,0.1,4,2,16,0.0001,"{'model__batch_size': 128, 'model__callbacks__early_stopping__patience': 10, 'model__lr': 0.0001, 'model__max_epochs': 500, 'model__module__d_model': 96, 'model__module__dim_feedforward': 128, 'model__module__dropout': 0.1, 'model__module__nhead': 4, 'model__module__num_layers': 2, 'model__module__patch_size': 16, 'model__optimizer__weight_decay': 0.0001}",0.8893939393939394,0.8816342115311187,0.8487179487179488,0.894266917293233,0.8029715762273901,0.8633969186327259,0.03414116260639478,93,0.89806441377122,0.9137770787159505,0.9054299274148521,0.9068788560226029,0.9153969807100922,0.9079094513269436,0.006239023600296895
193,3.0508712768554687,0.537729054804815,0.023629093170166017,0.0017390055337613475,128,10,0.0001,500,96,128,0.1,4,2,32,0.0001,"{'model__batch_size': 128, 'model__callbacks__early_stopping__patience': 10, 'model__lr': 0.0001, 'model__max_epochs': 500, 'model__module__d_model': 96, 'model__module__dim_feedforward': 128, 'model__module__dropout': 0.1, 'model__module__nhead': 4, 'model__module__num_layers': 2, 'model__module__patch_size': 32, 'model__optimizer__weight_decay': 0.0001}",0.9644249512670565,0.845,0.8276533592989289,0.8744319540779718,0.7324561403508771,0.8487932809989669,0.07486473173749382,208,0.8543340173947034,0.9671930468845635,0.9027837566365332,0.8818532818532818,0.9234599516289657,0.9059248108796094,0.03824184254997134
194,5.787557220458984,1.6733655816976363,0.04260129928588867,0.0221589181537404,128,10,0.0001,500,96,128,0.1,4,3,16,0.0001,"{'model__batch_size': 128, 'model__callbacks__early_stopping__patience': 10, 'model__lr': 0.0001, 'model__max_epochs': 500, 'model__module__d_model': 96, 'model__module__dim_feedforward': 128, 'model__module__dropout': 0.1, 'model__module__nhead': 4, 'model__module__num_layers': 3, 'model__module__patch_size': 16, 'model__optimizer__weight_decay': 0.0001}",0.928849902534113,0.9289805269186713,0.8659526127880558,0.8787248787248787,0.7706766917293233,0.8746369225390085,0.05795193309727298,27,0.9026767384848424,0.9525226757369615,0.9192561824140771,0.9105890603085554,0.9197508116170923,0.9209590937123057,0.01698470881820747
195,7.51764817237854,2.6960455481000314,0.039273977279663086,0.004368803504199145,128,10,0.0001,500,96,128,0.1,4,3,32,0.0001,"{'model__batch_size': 128, 'model__callbacks__early_stopping__patience': 10, 'model__lr': 0.0001, 'model__max_epochs': 500, 'model__module__d_model': 96, 'model__module__dim_feedforward': 128, 'model__module__dropout': 0.1, 'model__module__nhead': 4, 'model__module__num_layers': 3, 'model__module__patch_size': 32, 'model__optimizer__weight_decay': 0.0001}",0.9060489060489061,0.8246464646464646,0.8447368421052632,0.8440748440748441,0.7324561403508771,0.8303926394452711,0.05610954629929099,272,0.8661458333333334,0.9380060143418922,0.8993473762402504,0.9015444015444015,0.9380897583429229,0.9086266767605601,0.02710020203511045
196,4.36843056678772,0.22997972004592843,0.024696493148803712,0.003255724781125488,128,10,0.0001,500,96,128,0.25,4,2,16,0.0001,"{'model__batch_size': 128, 'model__callbacks__early_stopping__patience': 10, 'model__lr': 0.0001, 'model__max_epochs': 500, 'model__module__d_model': 96, 'model__module__dim_feedforward': 128, 'model__module__dropout': 0.25, 'model__module__nhead': 4, 'model__module__num_layers': 2, 'model__module__patch_size': 16, 'model__optimizer__weight_decay': 0.0001}",0.965566037735849,0.902668759811617,0.8487179487179488,0.8206911540969355,0.7866454689984101,0.864857873872152,0.06308751692711385,86,0.9120306050538609,0.9066592365561438,0.890758364442575,0.8979630723499934,0.9043249395362072,0.902347243587756,0.0073456807879301225
197,2.806411027908325,0.20755641706971428,0.022807979583740236,0.002145037524874483,128,10,0.0001,500,96,128,0.25,4,2,32,0.0001,"{'model__batch_size': 128, 'model__callbacks__early_stopping__patience': 10, 'model__lr': 0.0001, 'model__max_epochs': 500, 'model__module__d_model': 96, 'model__module__dim_feedforward': 128, 'model__module__dropout': 0.25, 'model__module__nhead': 4, 'model__module__num_layers': 2, 'model__module__patch_size': 32, 'model__optimizer__weight_decay': 0.0001}",0.9262626262626262,0.902668759811617,0.789354105809802,0.8744319540779718,0.7173308619091752,0.8420096615742384,0.07764882993031506,233,0.867483737902586,0.9145408163265306,0.8930621323001865,0.8818532818532818,0.9291918926033167,0.8972263721971803,0.022180539063633552
198,4.401308679580689,0.47628782270956793,0.025389814376831056,0.0023302887591591607,128,10,0.0001,500,96,128,0.25,4,3,16,0.0001,"{'model__batch_size': 128, 'model__callbacks__early_stopping__patience': 10, 'model__lr': 0.0001, 'model__max_epochs': 500, 'model__module__d_model': 96, 'model__module__dim_feedforward': 128, 'model__module__dropout': 0.25, 'model__module__nhead': 4, 'model__module__num_layers': 3, 'model__module__patch_size': 16, 'model__optimizer__weight_decay': 0.0001}",0.9644249512670565,0.902668759811617,0.8659526127880558,0.8489594987692997,0.8029715762273901,0.876995479772684,0.05420429730544998,23,0.8924321846411416,0.9116938071206839,0.9002576370997424,0.9068788560226029,0.9190404532176684,0.9060605876203679,0.009168284883770065
199,3.0674674987792967,0.29155301484231533,0.024265575408935546,0.0018802314201779437,128,10,0.0001,500,96,128,0.25,4,3,32,0.0001,"{'model__batch_size': 128, 'model__callbacks__early_stopping__patience': 10, 'model__lr': 0.0001, 'model__max_epochs': 500, 'model__module__d_model': 96, 'model__module__dim_feedforward': 128, 'model__module__dropout': 0.25, 'model__module__nhead': 4, 'model__module__num_layers': 3, 'model__module__patch_size': 32, 'model__optimizer__weight_decay': 0.0001}",0.9456979915695513,0.8246464646464646,0.831802343997466,0.9103085386271228,0.7396341463414634,0.8504178970364136,0.07204016980103099,194,0.8602839021443672,0.8765589569160998,0.9036958066808813,0.8886551286122579,0.9211021203912977,0.8900591829489809,0.021073283039744765
200,4.156233596801758,0.6024362332097591,0.024666690826416017,0.002850899981358777,128,10,0.0001,500,96,256,0.1,4,2,16,0.0001,"{'model__batch_size': 128, 'model__callbacks__early_stopping__patience': 10, 'model__lr': 0.0001, 'model__max_epochs': 500, 'model__module__d_model': 96, 'model__module__dim_feedforward': 256, 'model__module__dropout': 0.1, 'model__module__nhead': 4, 'model__module__num_layers': 2, 'model__module__patch_size': 16, 'model__optimizer__weight_decay': 0.0001}",0.8684684684684685,0.8747474747474748,0.8276533592989289,0.8636363636363636,0.7866454689984101,0.8442302270299292,0.03312458239916162,225,0.8661458333333334,0.9152792413066386,0.8993473762402504,0.9105890603085554,0.933027457675345,0.9048777937728245,0.02219893029691575
201,2.678462266921997,0.32327733419758037,0.023769426345825195,0.0017800352792448208,128,10,0.0001,500,96,256,0.1,4,2,32,0.0001,"{'model__batch_size': 128, 'model__callbacks__early_stopping__patience': 10, 'model__lr': 0.0001, 'model__max_epochs': 500, 'model__module__d_model': 96, 'model__module__dim_feedforward': 256, 'model__module__dropout': 0.1, 'model__module__nhead': 4, 'model__module__num_layers': 2, 'model__module__patch_size': 32, 'model__optimizer__weight_decay': 0.0001}",0.8893939393939394,0.8747474747474748,0.8276533592989289,0.894266917293233,0.7478537360890303,0.8467830853645213,0.05478205694701262,215,0.8878708551483421,0.919640179910045,0.8865592865592866,0.8807854137447405,0.9197508116170923,0.8989213093959012,0.01712882142428152
202,4.612622022628784,0.9677979177310225,0.025623893737792967,0.002462233071160872,128,10,0.0001,500,96,256,0.1,4,3,16,0.0001,"{'model__batch_size': 128, 'model__callbacks__early_stopping__patience': 10, 'model__lr': 0.0001, 'model__max_epochs': 500, 'model__module__d_model': 96, 'model__module__dim_feedforward': 256, 'model__module__dropout': 0.1, 'model__module__nhead': 4, 'model__module__num_layers': 3, 'model__module__patch_size': 16, 'model__optimizer__weight_decay': 0.0001}",0.8684684684684685,0.902668759811617,0.8659526127880558,0.8677248677248677,0.8368983957219251,0.8683426209029868,0.020847698697938517,61,0.867483737902586,0.9475435505969858,0.9002576370997424,0.8970766303407716,0.9051748448956571,0.9035072801671487,0.025657680799461475
203,2.5429903507232665,0.2686974780704924,0.023598909378051758,0.0025350664065576984,128,10,0.0001,500,96,256,0.1,4,3,32,0.0001,"{'model__batch_size': 128, 'model__callbacks__early_stopping__patience': 10, 'model__lr': 0.0001, 'model__max_epochs': 500, 'model__module__d_model': 96, 'model__module__dim_feedforward': 256, 'model__module__dropout': 0.1, 'model__module__nhead': 4, 'model__module__num_layers': 3, 'model__module__patch_size': 32, 'model__optimizer__weight_decay': 0.0001}",0.9456979915695513,0.813172621609987,0.805921052631579,0.8489594987692997,0.7706766917293233,0.836885571261948,0.05981746176966021,255,0.8643799472295515,0.872369697504189,0.9089333404078457,0.8961585448622235,0.9254331254331254,0.8934549310873869,0.022624930310347385
204,4.131972312927246,0.42775713827938305,0.024979400634765624,0.003624995449545008,128,10,0.0001,500,96,256,0.25,4,2,16,0.0001,"{'model__batch_size': 128, 'model__callbacks__early_stopping__patience': 10, 'model__lr': 0.0001, 'model__max_epochs': 500, 'model__module__d_model': 96, 'model__module__dim_feedforward': 256, 'model__module__dropout': 0.25, 'model__module__nhead': 4, 'model__module__num_layers': 2, 'model__module__patch_size': 16, 'model__optimizer__weight_decay': 0.0001}",0.8893939393939394,0.8540031397174255,0.8659526127880558,0.894266917293233,0.7866454689984101,0.8580524156382128,0.0386562880275924,135,0.9036370453693288,0.9152792413066386,0.9125053809728798,0.9113899613899614,0.9190404532176684,0.9123704164512955,0.005102978160026607
205,2.734057140350342,0.18593725325701138,0.023241853713989256,0.002719103270644673,128,10,0.0001,500,96,256,0.25,4,2,32,0.0001,"{'model__batch_size': 128, 'model__callbacks__early_stopping__patience': 10, 'model__lr': 0.0001, 'model__max_epochs': 500, 'model__module__d_model': 96, 'model__module__dim_feedforward': 256, 'model__module__dropout': 0.25, 'model__module__nhead': 4, 'model__module__num_layers': 2, 'model__module__patch_size': 32, 'model__optimizer__weight_decay': 0.0001}",0.9644249512670565,0.9077380952380952,0.8276533592989289,0.9103085386271228,0.7324561403508771,0.8685162169564162,0.08082766455302402,59,0.8543340173947034,0.9246926589392344,0.8974317383076507,0.9105890603085554,0.9103097306308677,0.8994714411162024,0.024160824540350685
206,4.578823518753052,0.9486644257476278,0.025476932525634766,0.003073100764113982,128,10,0.0001,500,96,256,0.25,4,3,16,0.0001,"{'model__batch_size': 128, 'model__callbacks__early_stopping__patience': 10, 'model__lr': 0.0001, 'model__max_epochs': 500, 'model__module__d_model': 96, 'model__module__dim_feedforward': 256, 'model__module__dropout': 0.25, 'model__module__nhead': 4, 'model__module__num_layers': 3, 'model__module__patch_size': 16, 'model__optimizer__weight_decay': 0.0001}",0.8684684684684685,0.9289805269186713,0.8659526127880558,0.8636363636363636,0.8368983957219251,0.8727872735066968,0.030314343447367546,34,0.8602839021443672,0.9302845845689611,0.8950352112676057,0.8862688824681495,0.9153969807100922,0.8974539122318351,0.024134503962561636
207,2.48803825378418,0.2978784128974678,0.02392582893371582,0.001560234057123515,128,10,0.0001,500,96,256,0.25,4,3,32,0.0001,"{'model__batch_size': 128, 'model__callbacks__early_stopping__patience': 10, 'model__lr': 0.0001, 'model__max_epochs': 500, 'model__module__d_model': 96, 'model__module__dim_feedforward': 256, 'model__module__dropout': 0.25, 'model__module__nhead': 4, 'model__module__num_layers': 3, 'model__module__patch_size': 32, 'model__optimizer__weight_decay': 0.0001}",0.9060489060489061,0.8816342115311187,0.8108974358974359,0.8489594987692997,0.7706766917293233,0.8436433487952166,0.04850247113908595,229,0.8616985231100392,0.905045351473923,0.8940653873489695,0.8872744046589403,0.9125382890976608,0.8921243911379065,0.01753112504263706
208,3.6817426681518555,0.31175317507272726,0.023608303070068358,0.0021885135612402067,128,10,0.0001,500,96,384,0.1,4,2,16,0.0001,"{'model__batch_size': 128, 'model__callbacks__early_stopping__patience': 10, 'model__lr': 0.0001, 'model__max_epochs': 500, 'model__module__d_model': 96, 'model__module__dim_feedforward': 384, 'model__module__dropout': 0.1, 'model__module__nhead': 4, 'model__module__num_layers': 2, 'model__module__patch_size': 16, 'model__optimizer__weight_decay': 0.0001}",0.9060489060489061,0.9077380952380952,0.8659526127880558,0.8636363636363636,0.8029715762273901,0.8692695107877622,0.03813320388199502,55,0.9036370453693288,0.93410607657183,0.8984058410839566,0.9251482358466566,0.9153969807100922,0.9153388359163728,0.013206780422424359
209,2.5115760803222655,0.40679767877049744,0.022764825820922853,0.002199885816501457,128,10,0.0001,500,96,384,0.1,4,2,32,0.0001,"{'model__batch_size': 128, 'model__callbacks__early_stopping__patience': 10, 'model__lr': 0.0001, 'model__max_epochs': 500, 'model__module__d_model': 96, 'model__module__dim_feedforward': 384, 'model__module__dropout': 0.1, 'model__module__nhead': 4, 'model__module__num_layers': 2, 'model__module__patch_size': 32, 'model__optimizer__weight_decay': 0.0001}",0.8399122807017544,0.813172621609987,0.8487179487179488,0.8489594987692997,0.7706766917293233,0.8242878083056627,0.029823974934254958,283,0.8602839021443672,0.9109525558295297,0.8801754479050601,0.9060482072562974,0.933027457675345,0.8980975141621199,0.025296783524935786
210,4.128379154205322,0.8140652700509464,0.02520885467529297,0.002481735610636748,128,10,0.0001,500,96,384,0.1,4,3,16,0.0001,"{'model__batch_size': 128, 'model__callbacks__early_stopping__patience': 10, 'model__lr': 0.0001, 'model__max_epochs': 500, 'model__module__d_model': 96, 'model__module__dim_feedforward': 384, 'model__module__dropout': 0.1, 'model__module__nhead': 4, 'model__module__num_layers': 3, 'model__module__patch_size': 16, 'model__optimizer__weight_decay': 0.0001}",0.928849902534113,0.9077380952380952,0.8659526127880558,0.8489594987692997,0.8029715762273901,0.8708943371113907,0.04435170638172376,45,0.9016812644719621,0.933531746031746,0.9036958066808813,0.8891828058573453,0.9051748448956571,0.9066532935875184,0.014583022733233813
211,2.5645785331726074,0.5372507211146542,0.02320828437805176,0.002309259522713723,128,10,0.0001,500,96,384,0.1,4,3,32,0.0001,"{'model__batch_size': 128, 'model__callbacks__early_stopping__patience': 10, 'model__lr': 0.0001, 'model__max_epochs': 500, 'model__module__d_model': 96, 'model__module__dim_feedforward': 384, 'model__module__dropout': 0.1, 'model__module__nhead': 4, 'model__module__num_layers': 3, 'model__module__patch_size': 32, 'model__optimizer__weight_decay': 0.0001}",0.8849789915966386,0.902668759811617,0.8487179487179488,0.8744319540779718,0.7706766917293233,0.8562948691867,0.04623884188295795,156,0.8529197008268703,0.9145408163265306,0.9169685500585745,0.9006545114539505,0.9386329735895411,0.9047433104510934,0.028622933686818054
212,3.7910712718963624,0.34416776669358373,0.024706459045410155,0.002905857659237748,128,10,0.0001,500,96,384,0.25,4,2,16,0.0001,"{'model__batch_size': 128, 'model__callbacks__early_stopping__patience': 10, 'model__lr': 0.0001, 'model__max_epochs': 500, 'model__module__d_model': 96, 'model__module__dim_feedforward': 384, 'model__module__dropout': 0.25, 'model__module__nhead': 4, 'model__module__num_layers': 2, 'model__module__patch_size': 16, 'model__optimizer__weight_decay': 0.0001}",0.9456979915695513,0.8747474747474748,0.8487179487179488,0.8636363636363636,0.7866454689984101,0.8638890495339497,0.05100471601564824,90,0.9073317307692308,0.9015791406536908,0.9036958066808813,0.9159378696503713,0.9095158006550411,0.907612069681843,0.004995099101951956
213,2.538601207733154,0.24922001899620824,0.022013235092163085,0.0023215540146650816,128,10,0.0001,500,96,384,0.25,4,2,32,0.0001,"{'model__batch_size': 128, 'model__callbacks__early_stopping__patience': 10, 'model__lr': 0.0001, 'model__max_epochs': 500, 'model__module__d_model': 96, 'model__module__dim_feedforward': 384, 'model__module__dropout': 0.25, 'model__module__nhead': 4, 'model__module__num_layers': 2, 'model__module__patch_size': 32, 'model__optimizer__weight_decay': 0.0001}",0.9644249512670565,0.8540031397174255,0.8487179487179488,0.8489594987692997,0.7324561403508771,0.8497123357645215,0.07338660107406149,198,0.84709662065683,0.919640179910045,0.8812590917854075,0.9113899613899614,0.9197508116170923,0.8958273330718672,0.028172667204462824
214,4.00798921585083,0.44038507304908886,0.025223684310913087,0.002505750167779353,128,10,0.0001,500,96,384,0.25,4,3,16,0.0001,"{'model__batch_size': 128, 'model__callbacks__early_stopping__patience': 10, 'model__lr': 0.0001, 'model__max_epochs': 500, 'model__module__d_model': 96, 'model__module__dim_feedforward': 384, 'model__module__dropout': 0.25, 'model__module__nhead': 4, 'model__module__num_layers': 3, 'model__module__patch_size': 16, 'model__optimizer__weight_decay': 0.0001}",0.9456979915695513,0.932486388384755,0.8447368421052632,0.8636363636363636,0.8029715762273901,0.8779058323846647,0.05384005263850658,21,0.8821876307974409,0.8948104916466151,0.8844349680170576,0.8970766303407716,0.8947574334898278,0.8906534308583428,0.006094596530818299
215,2.6814791679382326,0.3848596676962179,0.02317361831665039,0.002496215841119765,128,10,0.0001,500,96,384,0.25,4,3,32,0.0001,"{'model__batch_size': 128, 'model__callbacks__early_stopping__patience': 10, 'model__lr': 0.0001, 'model__max_epochs': 500, 'model__module__d_model': 96, 'model__module__dim_feedforward': 384, 'model__module__dropout': 0.25, 'model__module__nhead': 4, 'model__module__num_layers': 3, 'model__module__patch_size': 32, 'model__optimizer__weight_decay': 0.0001}",0.8849789915966386,0.8540031397174255,0.831802343997466,0.9269005847953216,0.7396341463414634,0.8474638412896629,0.06266238226451556,212,0.8751619170984456,0.9145408163265306,0.8940653873489695,0.8897058823529411,0.9204377403135167,0.8987823486880806,0.016612296907118528
216,3.7721023082733156,0.2032272046126875,0.02403678894042969,0.002954868319387307,128,10,0.0001,500,128,128,0.1,4,2,16,0.0001,"{'model__batch_size': 128, 'model__callbacks__early_stopping__patience': 10, 'model__lr': 0.0001, 'model__max_epochs': 500, 'model__module__d_model': 128, 'model__module__dim_feedforward': 128, 'model__module__dropout': 0.1, 'model__module__nhead': 4, 'model__module__num_layers': 2, 'model__module__patch_size': 16, 'model__optimizer__weight_decay': 0.0001}",0.8629659426119602,0.9289805269186713,0.8447368421052632,0.9103085386271228,0.776829268292683,0.8647642237111401,0.053544195637161104,87,0.8948617247586319,0.9233574033030671,0.922956645344705,0.9113899613899614,0.9190404532176684,0.9143212376028067,0.01063727948132934
217,2.3894248962402345,0.36924161172595116,0.022278785705566406,0.002769078068976048,128,10,0.0001,500,128,128,0.1,4,2,32,0.0001,"{'model__batch_size': 128, 'model__callbacks__early_stopping__patience': 10, 'model__lr': 0.0001, 'model__max_epochs': 500, 'model__module__d_model': 128, 'model__module__dim_feedforward': 128, 'model__module__dropout': 0.1, 'model__module__nhead': 4, 'model__module__num_layers': 2, 'model__module__patch_size': 32, 'model__optimizer__weight_decay': 0.0001}",0.8849789915966386,0.8816342115311187,0.7834501167834501,0.8636363636363636,0.7478537360890303,0.8323106839273203,0.05605067399603058,266,0.8661458333333334,0.9761561593622663,0.8822080556360474,0.9015444015444015,0.9476144109055502,0.9147337721563197,0.04110113279703258
218,3.7404666423797606,0.5334874383546327,0.02601480484008789,0.003008312584485966,128,10,0.0001,500,128,128,0.1,4,3,16,0.0001,"{'model__batch_size': 128, 'model__callbacks__early_stopping__patience': 10, 'model__lr': 0.0001, 'model__max_epochs': 500, 'model__module__d_model': 128, 'model__module__dim_feedforward': 128, 'model__module__dropout': 0.1, 'model__module__nhead': 4, 'model__module__num_layers': 3, 'model__module__patch_size': 16, 'model__optimizer__weight_decay': 0.0001}",0.8849789915966386,0.8747474747474748,0.8447368421052632,0.8636363636363636,0.819704433497537,0.8575608211166555,0.023158626356748948,146,0.870633242726266,0.9152792413066386,0.9133262260127932,0.9121631965707286,0.8937903804737976,0.9010384574180449,0.01705614671523359
219,2.5625447273254394,0.1907711378921878,0.023179340362548827,0.0027302302330978233,128,10,0.0001,500,128,128,0.1,4,3,32,0.0001,"{'model__batch_size': 128, 'model__callbacks__early_stopping__patience': 10, 'model__lr': 0.0001, 'model__max_epochs': 500, 'model__module__d_model': 128, 'model__module__dim_feedforward': 128, 'model__module__dropout': 0.1, 'model__module__nhead': 4, 'model__module__num_layers': 3, 'model__module__patch_size': 32, 'model__optimizer__weight_decay': 0.0001}",0.9456979915695513,0.9289805269186713,0.805921052631579,0.894266917293233,0.7324561403508771,0.8614645257527822,0.0805703729395396,110,0.8661458333333334,0.9015791406536908,0.8897614120726552,0.8796791443850267,0.9204377403135167,0.8915206541516445,0.018571854191823566
220,3.722030210494995,0.1835200461085856,0.02422323226928711,0.0028635547942904107,128,10,0.0001,500,128,128,0.25,4,2,16,0.0001,"{'model__batch_size': 128, 'model__callbacks__early_stopping__patience': 10, 'model__lr': 0.0001, 'model__max_epochs': 500, 'model__module__d_model': 128, 'model__module__dim_feedforward': 128, 'model__module__dropout': 0.25, 'model__module__nhead': 4, 'model__module__num_layers': 2, 'model__module__patch_size': 16, 'model__optimizer__weight_decay': 0.0001}",0.9262626262626262,0.8747474747474748,0.8447368421052632,0.9103085386271228,0.7866454689984101,0.8685401901481795,0.04977619848480228,58,0.8945177367340955,0.9066592365561438,0.9002576370997424,0.9113899613899614,0.9190404532176684,0.9063730049995223,0.008528319113188482
221,2.398154592514038,0.19563557354064112,0.023385906219482423,0.001624525327766307,128,10,0.0001,500,128,128,0.25,4,2,32,0.0001,"{'model__batch_size': 128, 'model__callbacks__early_stopping__patience': 10, 'model__lr': 0.0001, 'model__max_epochs': 500, 'model__module__d_model': 128, 'model__module__dim_feedforward': 128, 'model__module__dropout': 0.25, 'model__module__nhead': 4, 'model__module__num_layers': 2, 'model__module__patch_size': 32, 'model__optimizer__weight_decay': 0.0001}",0.8849789915966386,0.9538690476190477,0.8228228228228228,0.894266917293233,0.7024390243902439,0.8516753607443972,0.08540570845927693,184,0.8719430769537401,0.905045351473923,0.8748045486851457,0.9006545114539505,0.9241398759165256,0.895317472896657,0.019600964075367596
222,4.097548627853394,0.860032119861351,0.02551379203796387,0.0022526295405463736,128,10,0.0001,500,128,128,0.25,4,3,16,0.0001,"{'model__batch_size': 128, 'model__callbacks__early_stopping__patience': 10, 'model__lr': 0.0001, 'model__max_epochs': 500, 'model__module__d_model': 128, 'model__module__dim_feedforward': 128, 'model__module__dropout': 0.25, 'model__module__nhead': 4, 'model__module__num_layers': 3, 'model__module__patch_size': 16, 'model__optimizer__weight_decay': 0.0001}",0.8684684684684685,0.9289805269186713,0.8659526127880558,0.9269005847953216,0.8029715762273901,0.8786547538395816,0.04659053940673148,18,0.8924321846411416,0.9380060143418922,0.9089333404078457,0.9159378696503713,0.9138924455825864,0.9138403709247674,0.014634000976397062
223,2.5354416370391846,0.4219005449206629,0.023150825500488283,0.0021767605178846894,128,10,0.0001,500,128,128,0.25,4,3,32,0.0001,"{'model__batch_size': 128, 'model__callbacks__early_stopping__patience': 10, 'model__lr': 0.0001, 'model__max_epochs': 500, 'model__module__d_model': 128, 'model__module__dim_feedforward': 128, 'model__module__dropout': 0.25, 'model__module__nhead': 4, 'model__module__num_layers': 3, 'model__module__patch_size': 32, 'model__optimizer__weight_decay': 0.0001}",0.8849789915966386,0.8816342115311187,0.805921052631579,0.8825240545983442,0.7324561403508771,0.8375028901417115,0.06043292329202586,253,0.855849358974359,0.9449013157894737,0.8822080556360474,0.8961585448622235,0.9197508116170923,0.8997736173758393,0.030615537357681126
224,3.3675115585327147,0.2531883307112602,0.023980712890625,0.002859939173626445,128,10,0.0001,500,128,256,0.1,4,2,16,0.0001,"{'model__batch_size': 128, 'model__callbacks__early_stopping__patience': 10, 'model__lr': 0.0001, 'model__max_epochs': 500, 'model__module__d_model': 128, 'model__module__dim_feedforward': 256, 'model__module__dropout': 0.1, 'model__module__nhead': 4, 'model__module__num_layers': 2, 'model__module__patch_size': 16, 'model__optimizer__weight_decay': 0.0001}",0.8466386554621849,0.9289805269186713,0.8447368421052632,0.894266917293233,0.7866454689984101,0.8602536821555524,0.048424352709808424,116,0.8913319238900634,0.9246926589392344,0.9177571094489173,0.9151680006262108,0.9183057327116495,0.9134510851232152,0.011495107855649092
225,2.5027645587921143,0.3393756624983542,0.022389984130859374,0.001920942735827103,128,10,0.0001,500,128,256,0.1,4,2,32,0.0001,"{'model__batch_size': 128, 'model__callbacks__early_stopping__patience': 10, 'model__lr': 0.0001, 'model__max_epochs': 500, 'model__module__d_model': 128, 'model__module__dim_feedforward': 256, 'model__module__dropout': 0.1, 'model__module__nhead': 4, 'model__module__num_layers': 2, 'model__module__patch_size': 32, 'model__optimizer__weight_decay': 0.0001}",0.9060489060489061,0.9077380952380952,0.8001355013550135,0.894266917293233,0.7706766917293233,0.8557732223329142,0.05838960944764532,160,0.8643799472295515,0.9346614655893006,0.9107769973661106,0.9151680006262108,0.9324120603015076,0.911479694222536,0.025329990237533066
226,3.7489696025848387,0.4661653182735168,0.025974178314208986,0.002708420193490351,128,10,0.0001,500,128,256,0.1,4,3,16,0.0001,"{'model__batch_size': 128, 'model__callbacks__early_stopping__patience': 10, 'model__lr': 0.0001, 'model__max_epochs': 500, 'model__module__d_model': 128, 'model__module__dim_feedforward': 256, 'model__module__dropout': 0.1, 'model__module__nhead': 4, 'model__module__num_layers': 3, 'model__module__patch_size': 16, 'model__optimizer__weight_decay': 0.0001}",0.8893939393939394,0.932486388384755,0.8487179487179488,0.894266917293233,0.7706766917293233,0.8671083771038399,0.055037795652149064,72,0.8945177367340955,0.9284684780867987,0.8897614120726552,0.9151680006262108,0.9291918926033167,0.9114215040246154,0.016585048710691035
227,2.618973731994629,0.5948752990536041,0.02358698844909668,0.0027662774734952267,128,10,0.0001,500,128,256,0.1,4,3,32,0.0001,"{'model__batch_size': 128, 'model__callbacks__early_stopping__patience': 10, 'model__lr': 0.0001, 'model__max_epochs': 500, 'model__module__d_model': 128, 'model__module__dim_feedforward': 256, 'model__module__dropout': 0.1, 'model__module__nhead': 4, 'model__module__num_layers': 3, 'model__module__patch_size': 32, 'model__optimizer__weight_decay': 0.0001}",0.8629659426119602,0.9077380952380952,0.8447368421052632,0.8787248787248787,0.7706766917293233,0.8529684900819042,0.046049430759775765,178,0.8467249357326478,0.9390728013570466,0.9509200231816866,0.8862688824681495,0.9247973161867487,0.909556791785256,0.03822186330362934
228,3.402419900894165,0.37638898689473943,0.023670196533203125,0.00234001938128093,128,10,0.0001,500,128,256,0.25,4,2,16,0.0001,"{'model__batch_size': 128, 'model__callbacks__early_stopping__patience': 10, 'model__lr': 0.0001, 'model__max_epochs': 500, 'model__module__d_model': 128, 'model__module__dim_feedforward': 256, 'model__module__dropout': 0.25, 'model__module__nhead': 4, 'model__module__num_layers': 2, 'model__module__patch_size': 16, 'model__optimizer__weight_decay': 0.0001}",0.9094966526159187,0.902668759811617,0.8447368421052632,0.894266917293233,0.7866454689984101,0.8675629281648884,0.046416861376164215,68,0.908257972394098,0.9246926589392344,0.8993473762402504,0.9113899613899614,0.9146573604060914,0.9116690658739272,0.00827141310794522
229,2.5926374912261965,0.5421551471393402,0.022455358505249025,0.0026266827932244752,128,10,0.0001,500,128,256,0.25,4,2,32,0.0001,"{'model__batch_size': 128, 'model__callbacks__early_stopping__patience': 10, 'model__lr': 0.0001, 'model__max_epochs': 500, 'model__module__d_model': 128, 'model__module__dim_feedforward': 256, 'model__module__dropout': 0.25, 'model__module__nhead': 4, 'model__module__num_layers': 2, 'model__module__patch_size': 32, 'model__optimizer__weight_decay': 0.0001}",0.9262626262626262,0.845,0.8172117039586919,0.8787248787248787,0.7173308619091752,0.8369060141710744,0.06997859252206533,254,0.8821876307974409,0.9715136054421769,0.8754526904057209,0.9024035517452541,0.9431049069373942,0.9149324770655973,0.03683194910608339
230,4.955762481689453,1.4524102369268348,0.025356292724609375,0.002462280676135974,128,10,0.0001,500,128,256,0.25,4,3,16,0.0001,"{'model__batch_size': 128, 'model__callbacks__early_stopping__patience': 10, 'model__lr': 0.0001, 'model__max_epochs': 500, 'model__module__d_model': 128, 'model__module__dim_feedforward': 256, 'model__module__dropout': 0.25, 'model__module__nhead': 4, 'model__module__num_layers': 3, 'model__module__patch_size': 16, 'model__optimizer__weight_decay': 0.0001}",0.8893939393939394,0.8816342115311187,0.8659526127880558,0.8977272727272727,0.8029715762273901,0.8675359225335555,0.0339385148877789,69,0.8878708551483421,0.9152792413066386,0.9185193045754408,0.9750494119488855,0.9336223914269599,0.9260682408812535,0.028595977121346663
231,2.6804171085357664,0.7272346971945098,0.024060487747192383,0.0022254504859306736,128,10,0.0001,500,128,256,0.25,4,3,32,0.0001,"{'model__batch_size': 128, 'model__callbacks__early_stopping__patience': 10, 'model__lr': 0.0001, 'model__max_epochs': 500, 'model__module__d_model': 128, 'model__module__dim_feedforward': 256, 'model__module__dropout': 0.25, 'model__module__nhead': 4, 'model__module__num_layers': 3, 'model__module__patch_size': 32, 'model__optimizer__weight_decay': 0.0001}",0.9262626262626262,0.8747474747474748,0.8621955288621955,0.8787248787248787,0.7324561403508771,0.8548773297896105,0.06496136153848245,166,0.8788688138256089,0.93410607657183,0.8833405079638399,0.8872744046589403,0.9386329735895411,0.9044445553219521,0.02624106411054366
232,3.3689544677734373,0.38748925001875556,0.02438178062438965,0.0020138144004427567,128,10,0.0001,500,128,384,0.1,4,2,16,0.0001,"{'model__batch_size': 128, 'model__callbacks__early_stopping__patience': 10, 'model__lr': 0.0001, 'model__max_epochs': 500, 'model__module__d_model': 128, 'model__module__dim_feedforward': 384, 'model__module__dropout': 0.1, 'model__module__nhead': 4, 'model__module__num_layers': 2, 'model__module__patch_size': 16, 'model__optimizer__weight_decay': 0.0001}",0.8849789915966386,0.902668759811617,0.8447368421052632,0.8346560846560847,0.7866454689984101,0.8507372294336027,0.040673686197737834,191,0.8764423076923077,0.8912778904665315,0.9133262260127932,0.9032331511839709,0.9138924455825864,0.8996344041876378,0.014222611368347435
233,2.31367712020874,0.24447282131779213,0.022727298736572265,0.0022003541951929302,128,10,0.0001,500,128,384,0.1,4,2,32,0.0001,"{'model__batch_size': 128, 'model__callbacks__early_stopping__patience': 10, 'model__lr': 0.0001, 'model__max_epochs': 500, 'model__module__d_model': 128, 'model__module__dim_feedforward': 384, 'model__module__dropout': 0.1, 'model__module__nhead': 4, 'model__module__num_layers': 2, 'model__module__patch_size': 32, 'model__optimizer__weight_decay': 0.0001}",0.8399122807017544,0.8816342115311187,0.8228228228228228,0.8977272727272727,0.7173308619091752,0.8318854899384288,0.06337097090789666,269,0.8572956298200514,0.9233574033030671,0.9027837566365332,0.8970766303407716,0.9241398759165256,0.9009306592033898,0.024347196508859657
234,4.45539665222168,0.7729934185871092,0.02663397789001465,0.0029056192608167115,128,10,0.0001,500,128,384,0.1,4,3,16,0.0001,"{'model__batch_size': 128, 'model__callbacks__early_stopping__patience': 10, 'model__lr': 0.0001, 'model__max_epochs': 500, 'model__module__d_model': 128, 'model__module__dim_feedforward': 384, 'model__module__dropout': 0.1, 'model__module__nhead': 4, 'model__module__num_layers': 3, 'model__module__patch_size': 16, 'model__optimizer__weight_decay': 0.0001}",0.8849789915966386,0.9538690476190477,0.8487179487179488,0.8787248787248787,0.7550200803212852,0.8642621893959598,0.06456501549600756,88,0.8776772965254641,0.9066592365561438,0.9125053809728798,0.9113899613899614,0.9336223914269599,0.9083708533742818,0.017938079996830742
235,2.2217670917510985,0.3443592883431529,0.0248873233795166,0.004262901957878473,128,10,0.0001,500,128,384,0.1,4,3,32,0.0001,"{'model__batch_size': 128, 'model__callbacks__early_stopping__patience': 10, 'model__lr': 0.0001, 'model__max_epochs': 500, 'model__module__d_model': 128, 'model__module__dim_feedforward': 384, 'model__module__dropout': 0.1, 'model__module__nhead': 4, 'model__module__num_layers': 3, 'model__module__patch_size': 32, 'model__optimizer__weight_decay': 0.0001}",0.9060489060489061,0.9077380952380952,0.8228228228228228,0.8787248787248787,0.7706766917293233,0.8572022789128052,0.053050369000407036,148,0.879733056623736,0.9203259710053687,0.9002576370997424,0.8897058823529411,0.9075601374570447,0.8995165369077667,0.014042195851761101
236,3.609642267227173,0.3316132391434903,0.02436041831970215,0.0024720220818537143,128,10,0.0001,500,128,384,0.25,4,2,16,0.0001,"{'model__batch_size': 128, 'model__callbacks__early_stopping__patience': 10, 'model__lr': 0.0001, 'model__max_epochs': 500, 'model__module__d_model': 128, 'model__module__dim_feedforward': 384, 'model__module__dropout': 0.25, 'model__module__nhead': 4, 'model__module__num_layers': 2, 'model__module__patch_size': 16, 'model__optimizer__weight_decay': 0.0001}",0.9060489060489061,0.8747474747474748,0.8621955288621955,0.8636363636363636,0.7866454689984101,0.8586547484586701,0.0393137939078002,126,0.8990573448546739,0.9152792413066386,0.9089333404078457,0.9212355212355212,0.9146573604060914,0.9118325616421542,0.007481796383401348
237,2.4416197776794433,0.2916104100753919,0.022147130966186524,0.0022097414257724224,128,10,0.0001,500,128,384,0.25,4,2,32,0.0001,"{'model__batch_size': 128, 'model__callbacks__early_stopping__patience': 10, 'model__lr': 0.0001, 'model__max_epochs': 500, 'model__module__d_model': 128, 'model__module__dim_feedforward': 384, 'model__module__dropout': 0.25, 'model__module__nhead': 4, 'model__module__num_layers': 2, 'model__module__patch_size': 32, 'model__optimizer__weight_decay': 0.0001}",0.9060489060489061,0.8747474747474748,0.8447368421052632,0.9133749133749134,0.7324561403508771,0.8542728553254868,0.06560986256655121,173,0.867483737902586,0.8860544217687075,0.922956645344705,0.9015444015444015,0.9197508116170923,0.8995580036354985,0.020834092013852865
238,4.1548686027526855,0.5817307716524273,0.02588205337524414,0.002436996979389474,128,10,0.0001,500,128,384,0.25,4,3,16,0.0001,"{'model__batch_size': 128, 'model__callbacks__early_stopping__patience': 10, 'model__lr': 0.0001, 'model__max_epochs': 500, 'model__module__d_model': 128, 'model__module__dim_feedforward': 384, 'model__module__dropout': 0.25, 'model__module__nhead': 4, 'model__module__num_layers': 3, 'model__module__patch_size': 16, 'model__optimizer__weight_decay': 0.0001}",0.8849789915966386,0.9538690476190477,0.831802343997466,0.8787248787248787,0.8029715762273901,0.8704693676330841,0.05154663875403644,47,0.8764423076923077,0.9189309418317052,0.9002576370997424,0.9024035517452541,0.9103097306308677,0.9016688337999754,0.014223602762928523
239,2.317754030227661,0.24125651465283002,0.02366800308227539,0.001792480967086408,128,10,0.0001,500,128,384,0.25,4,3,32,0.0001,"{'model__batch_size': 128, 'model__callbacks__early_stopping__patience': 10, 'model__lr': 0.0001, 'model__max_epochs': 500, 'model__module__d_model': 128, 'model__module__dim_feedforward': 384, 'model__module__dropout': 0.25, 'model__module__nhead': 4, 'model__module__num_layers': 3, 'model__module__patch_size': 32, 'model__optimizer__weight_decay': 0.0001}",0.9262626262626262,0.9538690476190477,0.8447368421052632,0.8489594987692997,0.7706766917293233,0.868900941297112,0.06502231927118172,56,0.8687745483110763,0.9137770787159505,0.8854929577464788,0.9105890603085554,0.9291918926033167,0.9015651075370755,0.02157469809771159
240,2.3561174869537354,0.14344261867740393,0.023987436294555665,0.0026832740135887107,128,10,0.0002,500,96,128,0.1,4,2,16,0.0001,"{'model__batch_size': 128, 'model__callbacks__early_stopping__patience': 10, 'model__lr': 0.0002, 'model__max_epochs': 500, 'model__module__d_model': 96, 'model__module__dim_feedforward': 128, 'model__module__dropout': 0.1, 'model__module__nhead': 4, 'model__module__num_layers': 2, 'model__module__patch_size': 16, 'model__optimizer__weight_decay': 0.0001}",0.8893939393939394,0.902668759811617,0.8447368421052632,0.894266917293233,0.7796387520525452,0.8621410421313195,0.045884250481595244,101,0.89806441377122,0.9023984183965454,0.9002576370997424,0.9068788560226029,0.9146573604060914,0.9044513371392405,0.005876225733358836
241,2.0193345069885256,0.20009707711123,0.022507476806640624,0.002338501947269847,128,10,0.0002,500,96,128,0.1,4,2,32,0.0001,"{'model__batch_size': 128, 'model__callbacks__early_stopping__patience': 10, 'model__lr': 0.0002, 'model__max_epochs': 500, 'model__module__d_model': 96, 'model__module__dim_feedforward': 128, 'model__module__dropout': 0.1, 'model__module__nhead': 4, 'model__module__num_layers': 2, 'model__module__patch_size': 32, 'model__optimizer__weight_decay': 0.0001}",0.8893939393939394,0.813172621609987,0.805921052631579,0.8590225563909775,0.7324561403508771,0.819993262075472,0.053379838369645,286,0.8572901792797081,0.8955498866213152,0.9027837566365332,0.9647407407407407,0.9431049069373942,0.9126938940431384,0.037670687224692835
242,2.7756224632263184,0.3974203778255167,0.025472259521484374,0.0025428695352048606,128,10,0.0002,500,96,128,0.1,4,3,16,0.0001,"{'model__batch_size': 128, 'model__callbacks__early_stopping__patience': 10, 'model__lr': 0.0002, 'model__max_epochs': 500, 'model__module__d_model': 96, 'model__module__dim_feedforward': 128, 'model__module__dropout': 0.1, 'model__module__nhead': 4, 'model__module__num_layers': 3, 'model__module__patch_size': 16, 'model__optimizer__weight_decay': 0.0001}",0.8684684684684685,0.9077380952380952,0.8659526127880558,0.894266917293233,0.819704433497537,0.871226105457078,0.03017913642248878,42,0.8945177367340955,0.9380060143418922,0.9089333404078457,0.8907199625993455,0.9103097306308677,0.9084973569428094,0.01664752937997889
243,1.9225008487701416,0.48057571019867984,0.024177026748657227,0.0033232106033108306,128,10,0.0002,500,96,128,0.1,4,3,32,0.0001,"{'model__batch_size': 128, 'model__callbacks__early_stopping__patience': 10, 'model__lr': 0.0002, 'model__max_epochs': 500, 'model__module__d_model': 96, 'model__module__dim_feedforward': 128, 'model__module__dropout': 0.1, 'model__module__nhead': 4, 'model__module__num_layers': 3, 'model__module__patch_size': 32, 'model__optimizer__weight_decay': 0.0001}",0.8849789915966386,0.8816342115311187,0.7987596899224807,0.9068322981366459,0.7706766917293233,0.8485763765832415,0.05359437731233995,209,0.8844718068992475,0.9346614655893006,0.9148869346733668,0.8862688824681495,0.9341976516634051,0.9108973482586938,0.022038261158042423
244,2.4388333320617677,0.2263122423395718,0.023596477508544923,0.0021626793495275486,128,10,0.0002,500,96,128,0.25,4,2,16,0.0001,"{'model__batch_size': 128, 'model__callbacks__early_stopping__patience': 10, 'model__lr': 0.0002, 'model__max_epochs': 500, 'model__module__d_model': 96, 'model__module__dim_feedforward': 128, 'model__module__dropout': 0.25, 'model__module__nhead': 4, 'model__module__num_layers': 2, 'model__module__patch_size': 16, 'model__optimizer__weight_decay': 0.0001}",0.928849902534113,0.9289805269186713,0.8659526127880558,0.8532927624429472,0.7706766917293233,0.8695504992826221,0.058483563546123246,53,0.8889630793401414,0.9203259710053687,0.9011378441761487,0.8979630723499934,0.9008686496446434,0.9018517233032591,0.010237310533823181
245,1.9367703914642334,0.2812861163642747,0.023938608169555665,0.0029258530616405125,128,10,0.0002,500,96,128,0.25,4,2,32,0.0001,"{'model__batch_size': 128, 'model__callbacks__early_stopping__patience': 10, 'model__lr': 0.0002, 'model__max_epochs': 500, 'model__module__d_model': 96, 'model__module__dim_feedforward': 128, 'model__module__dropout': 0.25, 'model__module__nhead': 4, 'model__module__num_layers': 2, 'model__module__patch_size': 32, 'model__optimizer__weight_decay': 0.0001}",0.9475197699496765,0.8747474747474748,0.7570478302185619,0.894266917293233,0.7324561403508771,0.8412076265119646,0.08264652279991593,240,0.8687745483110763,0.9240362811791383,0.8940653873489695,0.8961585448622235,0.9425949637217244,0.9051259450846263,0.02563475149243783
246,2.9360114097595216,0.4229887259349395,0.027121973037719727,0.0032281513768510823,128,10,0.0002,500,96,128,0.25,4,3,16,0.0001,"{'model__batch_size': 128, 'model__callbacks__early_stopping__patience': 10, 'model__lr': 0.0002, 'model__max_epochs': 500, 'model__module__d_model': 96, 'model__module__dim_feedforward': 128, 'model__module__dropout': 0.25, 'model__module__nhead': 4, 'model__module__num_layers': 3, 'model__module__patch_size': 16, 'model__optimizer__weight_decay': 0.0001}",0.8629659426119602,0.8747474747474748,0.8659526127880558,0.8206911540969355,0.8029715762273901,0.8454657520943634,0.028294604076806226,220,0.8738340697103584,0.8922057254778518,0.9045774647887324,0.8785274670833254,0.9204377403135167,0.8939164934747568,0.017088507529378454
247,2.0770230293273926,0.4023561253683819,0.023809528350830077,0.001618788782122886,128,10,0.0002,500,96,128,0.25,4,3,32,0.0001,"{'model__batch_size': 128, 'model__callbacks__early_stopping__patience': 10, 'model__lr': 0.0002, 'model__max_epochs': 500, 'model__module__d_model': 96, 'model__module__dim_feedforward': 128, 'model__module__dropout': 0.25, 'model__module__nhead': 4, 'model__module__num_layers': 3, 'model__module__patch_size': 32, 'model__optimizer__weight_decay': 0.0001}",0.9262626262626262,0.902668759811617,0.8276533592989289,0.8744319540779718,0.7324561403508771,0.8526945679604042,0.06850771433058354,179,0.8586802827965436,0.9357182017543859,0.8865159128978224,0.8952075301853193,0.933027457675345,0.9018298770618832,0.02919578068294471
248,2.3560790061950683,0.41215572989418925,0.023766279220581055,0.00216690371644235,128,10,0.0002,500,96,256,0.1,4,2,16,0.0001,"{'model__batch_size': 128, 'model__callbacks__early_stopping__patience': 10, 'model__lr': 0.0002, 'model__max_epochs': 500, 'model__module__d_model': 96, 'model__module__dim_feedforward': 256, 'model__module__dropout': 0.1, 'model__module__nhead': 4, 'model__module__num_layers': 2, 'model__module__patch_size': 16, 'model__optimizer__weight_decay': 0.0001}",0.9644249512670565,0.902668759811617,0.8659526127880558,0.8787248787248787,0.8029715762273901,0.8829485557637996,0.05240287826641167,12,0.8844718068992475,0.8981692573402418,0.9054299274148521,0.9151680006262108,0.8884441319125151,0.8983366248386135,0.011168999570288935
249,1.920130205154419,0.5378616121534319,0.023248004913330077,0.0018168925269145663,128,10,0.0002,500,96,256,0.1,4,2,32,0.0001,"{'model__batch_size': 128, 'model__callbacks__early_stopping__patience': 10, 'model__lr': 0.0002, 'model__max_epochs': 500, 'model__module__d_model': 96, 'model__module__dim_feedforward': 256, 'model__module__dropout': 0.1, 'model__module__nhead': 4, 'model__module__num_layers': 2, 'model__module__patch_size': 32, 'model__optimizer__weight_decay': 0.0001}",0.9456979915695513,0.805337519623234,0.8276533592989289,0.8636363636363636,0.7173308619091752,0.8319312192074506,0.07457460896687713,268,0.8586802827965436,0.9952312318724532,0.9133262260127932,0.8818532818532818,0.9241398759165256,0.9146461796903195,0.04646155172746311
250,2.902048397064209,0.5094936507801405,0.025362205505371094,0.0023500456621131593,128,10,0.0002,500,96,256,0.1,4,3,16,0.0001,"{'model__batch_size': 128, 'model__callbacks__early_stopping__patience': 10, 'model__lr': 0.0002, 'model__max_epochs': 500, 'model__module__d_model': 96, 'model__module__dim_feedforward': 256, 'model__module__dropout': 0.1, 'model__module__nhead': 4, 'model__module__num_layers': 3, 'model__module__patch_size': 16, 'model__optimizer__weight_decay': 0.0001}",0.9644249512670565,0.902668759811617,0.8447368421052632,0.8489594987692997,0.7866454689984101,0.8694871041903293,0.0600181833383946,54,0.89806441377122,0.9189309418317052,0.8950352112676057,0.8961585448622235,0.9241398759165256,0.906465797529856,0.012451778011168533
251,1.7944806098937989,0.1323172802681238,0.02376585006713867,0.00329505711955994,128,10,0.0002,500,96,256,0.1,4,3,32,0.0001,"{'model__batch_size': 128, 'model__callbacks__early_stopping__patience': 10, 'model__lr': 0.0002, 'model__max_epochs': 500, 'model__module__d_model': 96, 'model__module__dim_feedforward': 256, 'model__module__dropout': 0.1, 'model__module__nhead': 4, 'model__module__num_layers': 3, 'model__module__patch_size': 32, 'model__optimizer__weight_decay': 0.0001}",0.9644249512670565,0.845,0.8447368421052632,0.9103085386271228,0.7478537360890303,0.8624648136176948,0.07271848660854062,97,0.8788688138256089,0.8903183330664246,0.9089333404078457,0.8961585448622235,0.9247973161867487,0.8998152696697703,0.015808600923285503
252,2.7995815753936766,0.6145040716806832,0.02429203987121582,0.0022338872734721203,128,10,0.0002,500,96,256,0.25,4,2,16,0.0001,"{'model__batch_size': 128, 'model__callbacks__early_stopping__patience': 10, 'model__lr': 0.0002, 'model__max_epochs': 500, 'model__module__d_model': 96, 'model__module__dim_feedforward': 256, 'model__module__dropout': 0.25, 'model__module__nhead': 4, 'model__module__num_layers': 2, 'model__module__patch_size': 16, 'model__optimizer__weight_decay': 0.0001}",0.8893939393939394,0.902668759811617,0.8659526127880558,0.8636363636363636,0.7706766917293233,0.8584656734718598,0.04626049305271185,131,0.8844718068992475,0.9203259710053687,0.9560421735604216,0.8897058823529411,0.9103097306308677,0.9121711128897694,0.025560025643949432
253,1.7838361740112305,0.15012236224625036,0.023169994354248047,0.0023101678425324107,128,10,0.0002,500,96,256,0.25,4,2,32,0.0001,"{'model__batch_size': 128, 'model__callbacks__early_stopping__patience': 10, 'model__lr': 0.0002, 'model__max_epochs': 500, 'model__module__d_model': 96, 'model__module__dim_feedforward': 256, 'model__module__dropout': 0.25, 'model__module__nhead': 4, 'model__module__num_layers': 2, 'model__module__patch_size': 32, 'model__optimizer__weight_decay': 0.0001}",0.8466386554621849,0.845,0.773076923076923,0.8787248787248787,0.7550200803212852,0.8196921075170543,0.0473432581611377,287,0.867483737902586,0.919640179910045,0.8993473762402504,0.8763792200740755,0.9291918926033167,0.8984084813460548,0.023836581405066025
254,3.184219169616699,0.37769404941821544,0.026931571960449218,0.0020246884833895694,128,10,0.0002,500,96,256,0.25,4,3,16,0.0001,"{'model__batch_size': 128, 'model__callbacks__early_stopping__patience': 10, 'model__lr': 0.0002, 'model__max_epochs': 500, 'model__module__d_model': 96, 'model__module__dim_feedforward': 256, 'model__module__dropout': 0.25, 'model__module__nhead': 4, 'model__module__num_layers': 3, 'model__module__patch_size': 16, 'model__optimizer__weight_decay': 0.0001}",0.8684684684684685,0.902668759811617,0.8487179487179488,0.8787248787248787,0.7706766917293233,0.8538513494904473,0.04507741712083863,176,0.89806441377122,0.9023984183965454,0.9002576370997424,0.8997326203208555,0.9059966452334358,0.9012899469643598,0.0027304472828932587
255,2.129300117492676,0.692556931525116,0.024398994445800782,0.002628752980235029,128,10,0.0002,500,96,256,0.25,4,3,32,0.0001,"{'model__batch_size': 128, 'model__callbacks__early_stopping__patience': 10, 'model__lr': 0.0002, 'model__max_epochs': 500, 'model__module__d_model': 96, 'model__module__dim_feedforward': 256, 'model__module__dropout': 0.25, 'model__module__nhead': 4, 'model__module__num_layers': 3, 'model__module__patch_size': 32, 'model__optimizer__weight_decay': 0.0001}",0.9060489060489061,0.813172621609987,0.8108974358974359,0.894266917293233,0.7866454689984101,0.8422062699695945,0.0483660864943579,232,0.8586802827965436,0.9810090702947846,0.8844349680170576,0.8891828058573453,0.9110774744680481,0.9048769202867557,0.04155203747765509
256,2.5435041427612304,0.30045281730566026,0.024387359619140625,0.0029744778238756965,128,10,0.0002,500,96,384,0.1,4,2,16,0.0001,"{'model__batch_size': 128, 'model__callbacks__early_stopping__patience': 10, 'model__lr': 0.0002, 'model__max_epochs': 500, 'model__module__d_model': 96, 'model__module__dim_feedforward': 384, 'model__module__dropout': 0.1, 'model__module__nhead': 4, 'model__module__num_layers': 2, 'model__module__patch_size': 16, 'model__optimizer__weight_decay': 0.0001}",0.9094966526159187,0.9289805269186713,0.8659526127880558,0.8636363636363636,0.8029715762273901,0.8742075464372799,0.043588662959099606,29,0.908257972394098,0.919640179910045,0.9133262260127932,0.905187765405765,0.9247973161867487,0.91424189198189,0.007199742197556747
257,1.6916739463806152,0.27985861199862194,0.023884963989257813,0.0021946332657787346,128,10,0.0002,500,96,384,0.1,4,2,32,0.0001,"{'model__batch_size': 128, 'model__callbacks__early_stopping__patience': 10, 'model__lr': 0.0002, 'model__max_epochs': 500, 'model__module__d_model': 96, 'model__module__dim_feedforward': 384, 'model__module__dropout': 0.1, 'model__module__nhead': 4, 'model__module__num_layers': 2, 'model__module__patch_size': 32, 'model__optimizer__weight_decay': 0.0001}",0.9060489060489061,0.8747474747474748,0.8487179487179488,0.8787248787248787,0.7796387520525452,0.8575755920583508,0.04299869050670098,144,0.855849358974359,0.9240362811791383,0.8854929577464788,0.8862688824681495,0.9291918926033167,0.8961678745942885,0.02722043514587755
258,2.8293529510498048,0.7623386316176377,0.025876522064208984,0.0026937215757185102,128,10,0.0002,500,96,384,0.1,4,3,16,0.0001,"{'model__batch_size': 128, 'model__callbacks__early_stopping__patience': 10, 'model__lr': 0.0002, 'model__max_epochs': 500, 'model__module__d_model': 96, 'model__module__dim_feedforward': 384, 'model__module__dropout': 0.1, 'model__module__nhead': 4, 'model__module__num_layers': 3, 'model__module__patch_size': 16, 'model__optimizer__weight_decay': 0.0001}",0.9094966526159187,0.9077380952380952,0.8659526127880558,0.8015873015873016,0.819704433497537,0.8608958191453817,0.04426294502639431,114,0.8668776978417266,0.93410607657183,0.8984058410839566,0.8645264116575593,0.9034458004307251,0.8934723655171595,0.025768397904513123
259,1.9180429935455323,0.3868386920634214,0.024428892135620116,0.0020467426953947447,128,10,0.0002,500,96,384,0.1,4,3,32,0.0001,"{'model__batch_size': 128, 'model__callbacks__early_stopping__patience': 10, 'model__lr': 0.0002, 'model__max_epochs': 500, 'model__module__d_model': 96, 'model__module__dim_feedforward': 384, 'model__module__dropout': 0.1, 'model__module__nhead': 4, 'model__module__num_layers': 3, 'model__module__patch_size': 32, 'model__optimizer__weight_decay': 0.0001}",0.9262626262626262,0.8540031397174255,0.8487179487179488,0.8787248787248787,0.7961229946524064,0.8607663176150572,0.04238381609907776,115,0.8833501075523453,0.9475435505969858,0.9097569097569097,0.8926439069197796,0.898144642180992,0.9062878234014026,0.02232790295704635
260,2.71358060836792,0.44163139941838914,0.02575345039367676,0.0024500147772535774,128,10,0.0002,500,96,384,0.25,4,2,16,0.0001,"{'model__batch_size': 128, 'model__callbacks__early_stopping__patience': 10, 'model__lr': 0.0002, 'model__max_epochs': 500, 'model__module__d_model': 96, 'model__module__dim_feedforward': 384, 'model__module__dropout': 0.25, 'model__module__nhead': 4, 'model__module__num_layers': 2, 'model__module__patch_size': 16, 'model__optimizer__weight_decay': 0.0001}",0.9644249512670565,0.8816342115311187,0.831802343997466,0.8636363636363636,0.819704433497537,0.8722404607859083,0.05109897998733643,39,0.8878708551483421,0.9066592365561438,0.928105268743036,0.8916988416988417,0.9241398759165256,0.9076948156125779,0.016352122916060415
261,1.8222218036651612,0.1907187697416765,0.023405170440673827,0.0031662212422731107,128,10,0.0002,500,96,384,0.25,4,2,32,0.0001,"{'model__batch_size': 128, 'model__callbacks__early_stopping__patience': 10, 'model__lr': 0.0002, 'model__max_epochs': 500, 'model__module__d_model': 96, 'model__module__dim_feedforward': 384, 'model__module__dropout': 0.25, 'model__module__nhead': 4, 'model__module__num_layers': 2, 'model__module__patch_size': 32, 'model__optimizer__weight_decay': 0.0001}",0.9456979915695513,0.8747474747474748,0.7944250871080138,0.9133749133749134,0.7478537360890303,0.8552198405777969,0.07371990129908455,165,0.8889630793401414,0.8922057254778518,0.8993473762402504,0.8818532818532818,0.9247973161867487,0.8974333558196548,0.014793662214407427
262,3.1077844142913817,0.5644436244193197,0.025910139083862305,0.002387983363786363,128,10,0.0002,500,96,384,0.25,4,3,16,0.0001,"{'model__batch_size': 128, 'model__callbacks__early_stopping__patience': 10, 'model__lr': 0.0002, 'model__max_epochs': 500, 'model__module__d_model': 96, 'model__module__dim_feedforward': 384, 'model__module__dropout': 0.25, 'model__module__nhead': 4, 'model__module__num_layers': 3, 'model__module__patch_size': 16, 'model__optimizer__weight_decay': 0.0001}",0.9475197699496765,0.8816342115311187,0.8659526127880558,0.8489594987692997,0.7866454689984101,0.8661423124073121,0.05191786343247419,78,0.895506205347635,0.8973251602117581,0.8974317383076507,0.8944377540267952,0.9336223914269599,0.9036646498641598,0.01502132097247432
263,1.7241089820861817,0.24635251518574083,0.023795127868652344,0.003222720575526028,128,10,0.0002,500,96,384,0.25,4,3,32,0.0001,"{'model__batch_size': 128, 'model__callbacks__early_stopping__patience': 10, 'model__lr': 0.0002, 'model__max_epochs': 500, 'model__module__d_model': 96, 'model__module__dim_feedforward': 384, 'model__module__dropout': 0.25, 'model__module__nhead': 4, 'model__module__num_layers': 3, 'model__module__patch_size': 32, 'model__optimizer__weight_decay': 0.0001}",0.9456979915695513,0.845,0.8447368421052632,0.894266917293233,0.7478537360890303,0.8555110974114155,0.0655017017270478,161,0.8735044676662123,0.8955498866213152,0.8940653873489695,0.8961585448622235,0.9211021203912977,0.8960760813780038,0.015100377120296262
264,2.510650062561035,0.2728595683568626,0.02474637031555176,0.0034885921306315433,128,10,0.0002,500,128,128,0.1,4,2,16,0.0001,"{'model__batch_size': 128, 'model__callbacks__early_stopping__patience': 10, 'model__lr': 0.0002, 'model__max_epochs': 500, 'model__module__d_model': 128, 'model__module__dim_feedforward': 128, 'model__module__dropout': 0.1, 'model__module__nhead': 4, 'model__module__num_layers': 2, 'model__module__patch_size': 16, 'model__optimizer__weight_decay': 0.0001}",0.8238133547868061,0.932486388384755,0.8108974358974359,0.9103085386271228,0.7550200803212852,0.8465051596034812,0.0657510313260652,216,0.9063213429256595,0.9152792413066386,0.923661971830986,0.9105890603085554,0.9043249395362072,0.9120353111816094,0.006926661912348102
265,1.7476617336273192,0.20753675862823368,0.022502803802490236,0.0023129353241644764,128,10,0.0002,500,128,128,0.1,4,2,32,0.0001,"{'model__batch_size': 128, 'model__callbacks__early_stopping__patience': 10, 'model__lr': 0.0002, 'model__max_epochs': 500, 'model__module__d_model': 128, 'model__module__dim_feedforward': 128, 'model__module__dropout': 0.1, 'model__module__nhead': 4, 'model__module__num_layers': 2, 'model__module__patch_size': 32, 'model__optimizer__weight_decay': 0.0001}",0.9060489060489061,0.9077380952380952,0.805921052631579,0.8977272727272727,0.7635658914728682,0.8562002436237443,0.05995774126166703,158,0.863063169735362,0.9480024693535585,0.9089333404078457,0.8944377540267952,0.8999911480924139,0.9028855763231951,0.02734109350380203
266,3.0607627391815186,0.21786268344260232,0.026767826080322264,0.002704641027835662,128,10,0.0002,500,128,128,0.1,4,3,16,0.0001,"{'model__batch_size': 128, 'model__callbacks__early_stopping__patience': 10, 'model__lr': 0.0002, 'model__max_epochs': 500, 'model__module__d_model': 128, 'model__module__dim_feedforward': 128, 'model__module__dropout': 0.1, 'model__module__nhead': 4, 'model__module__num_layers': 3, 'model__module__patch_size': 16, 'model__optimizer__weight_decay': 0.0001}",0.9475197699496765,0.932486388384755,0.8447368421052632,0.894266917293233,0.7866454689984101,0.8811310773462676,0.05910913180246223,14,0.8889630793401414,0.9152792413066386,0.9089333404078457,0.9258275320444453,0.933027457675345,0.9144061301548833,0.015200426607219509
267,1.9370485305786134,0.3166733005118882,0.023897218704223632,0.0030572624606686285,128,10,0.0002,500,128,128,0.1,4,3,32,0.0001,"{'model__batch_size': 128, 'model__callbacks__early_stopping__patience': 10, 'model__lr': 0.0002, 'model__max_epochs': 500, 'model__module__d_model': 128, 'model__module__dim_feedforward': 128, 'model__module__dropout': 0.1, 'model__module__nhead': 4, 'model__module__num_layers': 3, 'model__module__patch_size': 32, 'model__optimizer__weight_decay': 0.0001}",0.9456979915695513,0.8816342115311187,0.776592082616179,0.894266917293233,0.7173308619091752,0.8431044129838513,0.08351103619425788,230,0.8889630793401414,0.8964524060414472,0.9133262260127932,0.9068788560226029,0.9204377403135167,0.9052116615461003,0.011324311451366606
268,2.7616183757781982,0.34165916626274506,0.024847984313964844,0.0017353628321730436,128,10,0.0002,500,128,128,0.25,4,2,16,0.0001,"{'model__batch_size': 128, 'model__callbacks__early_stopping__patience': 10, 'model__lr': 0.0002, 'model__max_epochs': 500, 'model__module__d_model': 128, 'model__module__dim_feedforward': 128, 'model__module__dropout': 0.25, 'model__module__nhead': 4, 'model__module__num_layers': 2, 'model__module__patch_size': 16, 'model__optimizer__weight_decay': 0.0001}",0.8849789915966386,0.902668759811617,0.8659526127880558,0.9103085386271228,0.7706766917293233,0.8669171189105516,0.050498270214240866,75,0.9026767384848424,0.9159933129005294,0.9097569097569097,0.8916988416988417,0.9425949637217244,0.9125441533125696,0.017056432958884545
269,1.8628904819488525,0.2138544282444337,0.02430729866027832,0.0011194522504135592,128,10,0.0002,500,128,128,0.25,4,2,32,0.0001,"{'model__batch_size': 128, 'model__callbacks__early_stopping__patience': 10, 'model__lr': 0.0002, 'model__max_epochs': 500, 'model__module__d_model': 128, 'model__module__dim_feedforward': 128, 'model__module__dropout': 0.25, 'model__module__nhead': 4, 'model__module__num_layers': 2, 'model__module__patch_size': 32, 'model__optimizer__weight_decay': 0.0001}",0.9094966526159187,0.8874773139745916,0.8621955288621955,0.8636363636363636,0.7396341463414634,0.8524880010861067,0.0590402455608992,180,0.8756026254138511,0.9529329118370213,0.9072001441831126,0.8979630723499934,0.9303842238746743,0.9128165955317306,0.02666455192984933
270,3.0446385860443117,0.4402166440867216,0.02718043327331543,0.003158906688849692,128,10,0.0002,500,128,128,0.25,4,3,16,0.0001,"{'model__batch_size': 128, 'model__callbacks__early_stopping__patience': 10, 'model__lr': 0.0002, 'model__max_epochs': 500, 'model__module__d_model': 128, 'model__module__dim_feedforward': 128, 'model__module__dropout': 0.25, 'model__module__nhead': 4, 'model__module__num_layers': 3, 'model__module__patch_size': 16, 'model__optimizer__weight_decay': 0.0001}",0.8629659426119602,0.932486388384755,0.8659526127880558,0.8787248787248787,0.7866454689984101,0.865355058301612,0.04666183016192959,84,0.8995784061696658,0.907426597582038,0.9105532875879441,0.9159378696503713,0.9051748448956571,0.9077342011771353,0.005448106852136727
271,2.2275978088378907,0.3414694039315464,0.025373458862304688,0.003149919327998538,128,10,0.0002,500,128,128,0.25,4,3,32,0.0001,"{'model__batch_size': 128, 'model__callbacks__early_stopping__patience': 10, 'model__lr': 0.0002, 'model__max_epochs': 500, 'model__module__d_model': 128, 'model__module__dim_feedforward': 128, 'model__module__dropout': 0.25, 'model__module__nhead': 4, 'model__module__num_layers': 3, 'model__module__patch_size': 32, 'model__optimizer__weight_decay': 0.0001}",0.9060489060489061,0.8874773139745916,0.776592082616179,0.894266917293233,0.7324561403508771,0.8393682720567573,0.07091643248108595,247,0.84709662065683,0.9444559585492228,0.8681265206812652,0.874074074074074,0.9291918926033167,0.8925890133129417,0.037525258402416856
272,2.472894382476807,0.18535920615321372,0.027669286727905272,0.0024690358072781446,128,10,0.0002,500,128,256,0.1,4,2,16,0.0001,"{'model__batch_size': 128, 'model__callbacks__early_stopping__patience': 10, 'model__lr': 0.0002, 'model__max_epochs': 500, 'model__module__d_model': 128, 'model__module__dim_feedforward': 256, 'model__module__dropout': 0.1, 'model__module__nhead': 4, 'model__module__num_layers': 2, 'model__module__patch_size': 16, 'model__optimizer__weight_decay': 0.0001}",0.965566037735849,0.9289805269186713,0.8447368421052632,0.9103085386271228,0.7866454689984101,0.8872474828770633,0.0637733095702654,4,0.9036370453693288,0.9023984183965454,0.9054299274148521,0.8952075301853193,0.9146573604060914,0.9042660563544274,0.00624939066560788
273,1.7760899066925049,0.29760094868975473,0.024866628646850585,0.002462797488990381,128,10,0.0002,500,128,256,0.1,4,2,32,0.0001,"{'model__batch_size': 128, 'model__callbacks__early_stopping__patience': 10, 'model__lr': 0.0002, 'model__max_epochs': 500, 'model__module__d_model': 128, 'model__module__dim_feedforward': 256, 'model__module__dropout': 0.1, 'model__module__nhead': 4, 'model__module__num_layers': 2, 'model__module__patch_size': 32, 'model__optimizer__weight_decay': 0.0001}",0.9262626262626262,0.9077380952380952,0.8447368421052632,0.8636363636363636,0.7550200803212852,0.8594788015127268,0.0598920258499096,121,0.8661458333333334,0.9566927013196875,0.9072001441831126,0.8862688824681495,0.9059966452334358,0.9044608413075437,0.030123136877652994
274,2.870749807357788,0.44715759119809656,0.028474903106689452,0.003510913309202515,128,10,0.0002,500,128,256,0.1,4,3,16,0.0001,"{'model__batch_size': 128, 'model__callbacks__early_stopping__patience': 10, 'model__lr': 0.0002, 'model__max_epochs': 500, 'model__module__d_model': 128, 'model__module__dim_feedforward': 256, 'model__module__dropout': 0.1, 'model__module__nhead': 4, 'model__module__num_layers': 3, 'model__module__patch_size': 16, 'model__optimizer__weight_decay': 0.0001}",0.8684684684684685,0.932486388384755,0.8447368421052632,0.8636363636363636,0.7706766917293233,0.8560009508648347,0.05190543327855674,159,0.9073317307692308,0.893103029672407,0.9002576370997424,0.9205236091631603,0.9153969807100922,0.9073225974829265,0.009915364150969434
275,2.0366469383239747,0.3549043239763247,0.026146745681762694,0.0031995710800666968,128,10,0.0002,500,128,256,0.1,4,3,32,0.0001,"{'model__batch_size': 128, 'model__callbacks__early_stopping__patience': 10, 'model__lr': 0.0002, 'model__max_epochs': 500, 'model__module__d_model': 128, 'model__module__dim_feedforward': 256, 'model__module__dropout': 0.1, 'model__module__nhead': 4, 'model__module__num_layers': 3, 'model__module__patch_size': 32, 'model__optimizer__weight_decay': 0.0001}",0.9456979915695513,0.9077380952380952,0.805921052631579,0.8636363636363636,0.7478537360890303,0.8541694478329239,0.07066489227517797,175,0.8700202303143479,0.9475435505969858,0.8887302069014764,0.9113899613899614,0.9197508116170923,0.9074869521639727,0.02655461371109366
276,2.6580682754516602,0.4102722521072209,0.026137876510620116,0.0020604975662645952,128,10,0.0002,500,128,256,0.25,4,2,16,0.0001,"{'model__batch_size': 128, 'model__callbacks__early_stopping__patience': 10, 'model__lr': 0.0002, 'model__max_epochs': 500, 'model__module__d_model': 128, 'model__module__dim_feedforward': 256, 'model__module__dropout': 0.25, 'model__module__nhead': 4, 'model__module__num_layers': 2, 'model__module__patch_size': 16, 'model__optimizer__weight_decay': 0.0001}",0.9644249512670565,0.9289805269186713,0.8659526127880558,0.9103085386271228,0.7866454689984101,0.8912624197198633,0.06119388692290204,2,0.8732066386438537,0.9131043191863342,0.9105532875879441,0.9151680006262108,0.9146573604060914,0.9053379212900868,0.01614570352500744
277,1.9102375030517578,0.2884965197589157,0.024114274978637697,0.0016160420277255456,128,10,0.0002,500,128,256,0.25,4,2,32,0.0001,"{'model__batch_size': 128, 'model__callbacks__early_stopping__patience': 10, 'model__lr': 0.0002, 'model__max_epochs': 500, 'model__module__d_model': 128, 'model__module__dim_feedforward': 256, 'model__module__dropout': 0.25, 'model__module__nhead': 4, 'model__module__num_layers': 2, 'model__module__patch_size': 32, 'model__optimizer__weight_decay': 0.0001}",0.9060489060489061,0.9077380952380952,0.8447368421052632,0.8977272727272727,0.7024390243902439,0.8517380281019561,0.07815356513748807,183,0.8700202303143479,0.9533296182780719,0.9133262260127932,0.8774721789771089,0.9197508116170923,0.9067798130398828,0.030292543739765747
278,3.5224703788757323,0.7355841983202029,0.028206396102905273,0.0032708885627287035,128,10,0.0002,500,128,256,0.25,4,3,16,0.0001,"{'model__batch_size': 128, 'model__callbacks__early_stopping__patience': 10, 'model__lr': 0.0002, 'model__max_epochs': 500, 'model__module__d_model': 128, 'model__module__dim_feedforward': 256, 'model__module__dropout': 0.25, 'model__module__nhead': 4, 'model__module__num_layers': 3, 'model__module__patch_size': 16, 'model__optimizer__weight_decay': 0.0001}",0.8849789915966386,0.9289805269186713,0.8487179487179488,0.8590225563909775,0.7866454689984101,0.8616690985245292,0.04664217182195187,105,0.9053755522827688,0.9290942763912162,0.9036958066808813,0.9015444015444015,0.9291918926033167,0.9137803859005169,0.01260229391939268
279,2.2694010734558105,0.41834130261198943,0.025963973999023438,0.004261984890729842,128,10,0.0002,500,128,256,0.25,4,3,32,0.0001,"{'model__batch_size': 128, 'model__callbacks__early_stopping__patience': 10, 'model__lr': 0.0002, 'model__max_epochs': 500, 'model__module__d_model': 128, 'model__module__dim_feedforward': 256, 'model__module__dropout': 0.25, 'model__module__nhead': 4, 'model__module__num_layers': 3, 'model__module__patch_size': 32, 'model__optimizer__weight_decay': 0.0001}",0.9060489060489061,0.8540031397174255,0.8228228228228228,0.894266917293233,0.7324561403508771,0.841919585246653,0.0622025037295511,236,0.8788688138256089,0.9623463294696171,0.9045774647887324,0.8818532818532818,0.9197508116170923,0.9094793403108664,0.030412673301592908
280,2.406856822967529,0.23627870347915103,0.027199935913085938,0.0024618326919681527,128,10,0.0002,500,128,384,0.1,4,2,16,0.0001,"{'model__batch_size': 128, 'model__callbacks__early_stopping__patience': 10, 'model__lr': 0.0002, 'model__max_epochs': 500, 'model__module__d_model': 128, 'model__module__dim_feedforward': 384, 'model__module__dropout': 0.1, 'model__module__nhead': 4, 'model__module__num_layers': 2, 'model__module__patch_size': 16, 'model__optimizer__weight_decay': 0.0001}",0.9060489060489061,0.932486388384755,0.8228228228228228,0.8787248787248787,0.7866454689984101,0.8653456929959547,0.053564067967097825,85,0.9073317307692308,0.8948104916466151,0.8940653873489695,0.9006545114539505,0.9103097306308677,0.9014343703699268,0.00651669762186179
281,1.8398076057434083,0.30153631928764413,0.027247142791748048,0.0020494695061243746,128,10,0.0002,500,128,384,0.1,4,2,32,0.0001,"{'model__batch_size': 128, 'model__callbacks__early_stopping__patience': 10, 'model__lr': 0.0002, 'model__max_epochs': 500, 'model__module__d_model': 128, 'model__module__dim_feedforward': 384, 'model__module__dropout': 0.1, 'model__module__nhead': 4, 'model__module__num_layers': 2, 'model__module__patch_size': 32, 'model__optimizer__weight_decay': 0.0001}",0.9456979915695513,0.8816342115311187,0.831802343997466,0.8590225563909775,0.7173308619091752,0.8470975930796577,0.07500716033761375,214,0.8500233426704015,0.9380060143418922,0.923661971830986,0.8807854137447405,0.933027457675345,0.9051008400526731,0.03415240183111388
282,3.0779348850250243,0.39150870539365223,0.028803253173828126,0.004210724873262116,128,10,0.0002,500,128,384,0.1,4,3,16,0.0001,"{'model__batch_size': 128, 'model__callbacks__early_stopping__patience': 10, 'model__lr': 0.0002, 'model__max_epochs': 500, 'model__module__d_model': 128, 'model__module__dim_feedforward': 384, 'model__module__dropout': 0.1, 'model__module__nhead': 4, 'model__module__num_layers': 3, 'model__module__patch_size': 16, 'model__optimizer__weight_decay': 0.0001}",0.9094966526159187,0.9289805269186713,0.8835526315789474,0.8636363636363636,0.7550200803212852,0.8681372510142372,0.06077152388142632,63,0.8900171179582944,0.8998558693215182,0.914119718309859,0.8926439069197796,0.9161122661122661,0.9025497757243436,0.010772702503234246
283,2.0894179344177246,0.3809652878173925,0.02673640251159668,0.004220632349710724,128,10,0.0002,500,128,384,0.1,4,3,32,0.0001,"{'model__batch_size': 128, 'model__callbacks__early_stopping__patience': 10, 'model__lr': 0.0002, 'model__max_epochs': 500, 'model__module__d_model': 128, 'model__module__dim_feedforward': 384, 'model__module__dropout': 0.1, 'model__module__nhead': 4, 'model__module__num_layers': 3, 'model__module__patch_size': 32, 'model__optimizer__weight_decay': 0.0001}",0.9262626262626262,0.902668759811617,0.8487179487179488,0.8787248787248787,0.7396341463414634,0.8592016719717067,0.06507536639346512,123,0.8800186741363212,0.9152792413066386,0.8930621323001865,0.9456068568325933,0.9118200169079208,0.9091573842967321,0.02227668000604733
284,2.753034830093384,0.1893229701289318,0.02841219902038574,0.005369271967970013,128,10,0.0002,500,128,384,0.25,4,2,16,0.0001,"{'model__batch_size': 128, 'model__callbacks__early_stopping__patience': 10, 'model__lr': 0.0002, 'model__max_epochs': 500, 'model__module__d_model': 128, 'model__module__dim_feedforward': 384, 'model__module__dropout': 0.25, 'model__module__nhead': 4, 'model__module__num_layers': 2, 'model__module__patch_size': 16, 'model__optimizer__weight_decay': 0.0001}",0.9825065899832255,0.932486388384755,0.8621955288621955,0.9269005847953216,0.7927092987333951,0.8993596781517784,0.0656121434480202,1,0.8744258770643994,0.9116938071206839,0.9148869346733668,0.9006545114539505,0.9241398759165256,0.9051602012457852,0.017102194729879814
285,1.785879898071289,0.3409972689367211,0.02440304756164551,0.003289124318550923,128,10,0.0002,500,128,384,0.25,4,2,32,0.0001,"{'model__batch_size': 128, 'model__callbacks__early_stopping__patience': 10, 'model__lr': 0.0002, 'model__max_epochs': 500, 'model__module__d_model': 128, 'model__module__dim_feedforward': 384, 'model__module__dropout': 0.25, 'model__module__nhead': 4, 'model__module__num_layers': 2, 'model__module__patch_size': 32, 'model__optimizer__weight_decay': 0.0001}",0.928849902534113,0.845,0.7834501167834501,0.8787248787248787,0.7478537360890303,0.8367757268262945,0.06489339715200626,256,0.8572901792797081,0.9284684780867987,0.9125053809728798,0.8900882667116434,0.9620699379582629,0.9100844486018586,0.03530837498588504
286,3.002723741531372,0.31261667297064233,0.02790513038635254,0.002778362709711943,128,10,0.0002,500,128,384,0.25,4,3,16,0.0001,"{'model__batch_size': 128, 'model__callbacks__early_stopping__patience': 10, 'model__lr': 0.0002, 'model__max_epochs': 500, 'model__module__d_model': 128, 'model__module__dim_feedforward': 384, 'model__module__dropout': 0.25, 'model__module__nhead': 4, 'model__module__num_layers': 3, 'model__module__patch_size': 16, 'model__optimizer__weight_decay': 0.0001}",0.9475197699496765,0.902668759811617,0.8659526127880558,0.8787248787248787,0.7706766917293233,0.8731085426007101,0.05828528430576084,32,0.8668776978417266,0.8893257922614238,0.8897614120726552,0.9173986776166613,0.9247973161867487,0.8976321791958431,0.02100210603690647
287,1.8874812602996827,0.21313201133421866,0.025386810302734375,0.0039093557156964194,128,10,0.0002,500,128,384,0.25,4,3,32,0.0001,"{'model__batch_size': 128, 'model__callbacks__early_stopping__patience': 10, 'model__lr': 0.0002, 'model__max_epochs': 500, 'model__module__d_model': 128, 'model__module__dim_feedforward': 384, 'model__module__dropout': 0.25, 'model__module__nhead': 4, 'model__module__num_layers': 3, 'model__module__patch_size': 32, 'model__optimizer__weight_decay': 0.0001}",0.8629659426119602,0.902668759811617,0.7834501167834501,0.8636363636363636,0.7550200803212852,0.8335482526329352,0.05518122231755386,264,0.8483590713951454,0.9152792413066386,0.8736188836274932,0.8828842620943049,0.9254331254331254,0.8891149167713415,0.02808405665860027
