,mean_fit_time,std_fit_time,mean_score_time,std_score_time,param_averaging_method,param_init_algorithm,param_metric,param_n_clusters,params,split0_test_score,split1_test_score,split2_test_score,split3_test_score,split4_test_score,mean_test_score,std_test_score,rank_test_score,split0_train_score,split1_train_score,split2_train_score,split3_train_score,split4_train_score,mean_train_score,std_train_score
0,0.5346627235412598,0.05356941278950801,0.003288555145263672,0.0004254472331178959,mean,kmeans++,euclidean,2,"{'averaging_method': 'mean', 'init_algorithm': 'kmeans++', 'metric': 'euclidean', 'n_clusters': 2}",0.5333333333333333,0.5333333333333333,0.5333333333333333,0.5333333333333333,0.5333333333333333,0.5333333333333333,0.0,1,0.49122807017543857,0.40625,0.5925925925925926,0.40625,0.40625,0.4605141325536062,0.07378597944852933
1,0.2398221492767334,0.02013797664004176,0.003939247131347657,0.0006505952381856381,mean,forgy,euclidean,2,"{'averaging_method': 'mean', 'init_algorithm': 'forgy', 'metric': 'euclidean', 'n_clusters': 2}",0.5333333333333333,0.5333333333333333,0.5333333333333333,0.5333333333333333,0.5333333333333333,0.5333333333333333,0.0,1,0.49122807017543857,0.5925925925925926,0.5925925925925926,0.40625,0.40625,0.4977826510721247,0.08339935848379523
