,mean_fit_time,std_fit_time,mean_score_time,std_score_time,param_model__batch_size,param_model__callbacks__early_stopping__patience,param_model__lr,param_model__max_epochs,param_model__module__d_model,param_model__module__dim_feedforward,param_model__module__dropout,param_model__module__nhead,param_model__module__num_layers,param_model__module__patch_size,param_model__optimizer__weight_decay,params,split0_test_score,split1_test_score,split2_test_score,split3_test_score,split4_test_score,mean_test_score,std_test_score,rank_test_score,split0_train_score,split1_train_score,split2_train_score,split3_train_score,split4_train_score,mean_train_score,std_train_score
0,16.428732347488403,6.556683136167216,0.052930593490600586,0.0072439517673178995,64,10,3e-05,500,96,128,0.1,4,2,16,0.0001,"{'model__batch_size': 64, 'model__callbacks__early_stopping__patience': 10, 'model__lr': 3e-05, 'model__max_epochs': 500, 'model__module__d_model': 96, 'model__module__dim_feedforward': 128, 'model__module__dropout': 0.1, 'model__module__nhead': 4, 'model__module__num_layers': 2, 'model__module__patch_size': 16, 'model__optimizer__weight_decay': 0.0001}",1.0,0.7244817633167148,0.894927536231884,0.43951786482996125,0.5816430020283976,0.7281140332813915,0.2032257013723335,107,0.8688518349322369,0.973009729051156,0.97207666850524,0.5334821428571428,0.936092490041776,0.8567025730775104,0.16598816007022427
1,9.835561084747315,4.108047363531335,0.046976900100708006,0.010557547754365564,64,10,3e-05,500,96,128,0.1,4,2,32,0.0001,"{'model__batch_size': 64, 'model__callbacks__early_stopping__patience': 10, 'model__lr': 3e-05, 'model__max_epochs': 500, 'model__module__d_model': 96, 'model__module__dim_feedforward': 128, 'model__module__dropout': 0.1, 'model__module__nhead': 4, 'model__module__num_layers': 2, 'model__module__patch_size': 32, 'model__optimizer__weight_decay': 0.0001}",1.0,0.6938775510204082,0.894927536231884,0.39215686274509803,0.613716454323665,0.7189356808642111,0.2137539127704588,156,0.9046419575386829,0.9406214039125431,0.9331162856536201,0.42795698924731185,0.91568815792053,0.8244049588545377,0.1986282989262055
2,18.169230508804322,7.190694645886512,0.05218715667724609,0.004836781712062417,64,10,3e-05,500,96,128,0.1,4,3,16,0.0001,"{'model__batch_size': 64, 'model__callbacks__early_stopping__patience': 10, 'model__lr': 3e-05, 'model__max_epochs': 500, 'model__module__d_model': 96, 'model__module__dim_feedforward': 128, 'model__module__dropout': 0.1, 'model__module__nhead': 4, 'model__module__num_layers': 3, 'model__module__patch_size': 16, 'model__optimizer__weight_decay': 0.0001}",0.9597186700767264,0.755,0.9186535764375876,0.7942684766214179,0.6309246309246309,0.8117130708120726,0.1179381833177678,1,0.8646471790036147,1.0,0.9205483720205639,0.9272030651340997,0.9256071981651736,0.9276011628646904,0.04303178345884048
3,9.978168249130249,3.9613055094949905,0.044317626953125,0.008462030302549588,64,10,3e-05,500,96,128,0.1,4,3,32,0.0001,"{'model__batch_size': 64, 'model__callbacks__early_stopping__patience': 10, 'model__lr': 3e-05, 'model__max_epochs': 500, 'model__module__d_model': 96, 'model__module__dim_feedforward': 128, 'model__module__dropout': 0.1, 'model__module__nhead': 4, 'model__module__num_layers': 3, 'model__module__patch_size': 32, 'model__optimizer__weight_decay': 0.0001}",0.9384164222873901,0.7619047619047619,0.9186535764375876,0.4928971157985364,0.5816430020283976,0.7387029756913346,0.17770445038228327,68,0.8428322715184908,0.9785304152450695,0.9627688913403198,0.46377942515281567,0.9262605654328184,0.8348343137379028,0.19137412725089062
4,12.763149166107178,6.162332277223434,0.04390640258789062,0.0074319021045349465,64,10,3e-05,500,96,128,0.25,4,2,16,0.0001,"{'model__batch_size': 64, 'model__callbacks__early_stopping__patience': 10, 'model__lr': 3e-05, 'model__max_epochs': 500, 'model__module__d_model': 96, 'model__module__dim_feedforward': 128, 'model__module__dropout': 0.25, 'model__module__nhead': 4, 'model__module__num_layers': 2, 'model__module__patch_size': 16, 'model__optimizer__weight_decay': 0.0001}",0.9358234295415959,0.6978928662096979,0.8512820512820514,0.4316666666666667,0.4608010955152345,0.6754932218430493,0.20234592745098443,288,0.8801447308909995,0.9281537176274017,0.9624504554620681,0.583898216706643,0.7803819444444444,0.8270058130263113,0.13614329426852972
5,9.890706539154053,4.187785074110487,0.04688262939453125,0.009468844965437054,64,10,3e-05,500,96,128,0.25,4,2,32,0.0001,"{'model__batch_size': 64, 'model__callbacks__early_stopping__patience': 10, 'model__lr': 3e-05, 'model__max_epochs': 500, 'model__module__d_model': 96, 'model__module__dim_feedforward': 128, 'model__module__dropout': 0.25, 'model__module__nhead': 4, 'model__module__num_layers': 2, 'model__module__patch_size': 32, 'model__optimizer__weight_decay': 0.0001}",0.9794721407624634,0.7068243409706825,0.8725274725274725,0.39805825242718446,0.6459627329192547,0.7205689879214114,0.19994519584580264,145,0.8248989427860697,0.9565656565656566,0.9053030303030303,0.43162393162393164,0.929610492845787,0.809600410824895,0.19404146903515435
6,15.287083959579467,6.124333861094551,0.05152587890625,0.009687541092578068,64,10,3e-05,500,96,128,0.25,4,3,16,0.0001,"{'model__batch_size': 64, 'model__callbacks__early_stopping__patience': 10, 'model__lr': 3e-05, 'model__max_epochs': 500, 'model__module__d_model': 96, 'model__module__dim_feedforward': 128, 'model__module__dropout': 0.25, 'model__module__nhead': 4, 'model__module__num_layers': 3, 'model__module__patch_size': 16, 'model__optimizer__weight_decay': 0.0001}",0.9794721407624634,0.6938775510204082,0.8644226273959794,0.4373865698729582,0.5436105476673428,0.7037538873438304,0.19926363359966473,254,0.8901326699834162,0.9514175122920807,0.9044518366480289,0.6091533180778033,0.9164286408238609,0.8543167955650379,0.12424802647023528
7,10.646403551101685,4.408349611977731,0.05199785232543945,0.010543310851261055,64,10,3e-05,500,96,128,0.25,4,3,32,0.0001,"{'model__batch_size': 64, 'model__callbacks__early_stopping__patience': 10, 'model__lr': 3e-05, 'model__max_epochs': 500, 'model__module__d_model': 96, 'model__module__dim_feedforward': 128, 'model__module__dropout': 0.25, 'model__module__nhead': 4, 'model__module__num_layers': 3, 'model__module__patch_size': 32, 'model__optimizer__weight_decay': 0.0001}",0.9794721407624634,0.7146967154159674,0.9186535764375876,0.39805825242718446,0.5630296610169492,0.7147820692120304,0.2167797048770163,181,0.8514372982273,0.9677956228676041,0.896738752520687,0.430406852248394,0.8949023796807312,0.8082561811089433,0.1925742905183337
8,13.20557074546814,6.250989575399817,0.054687213897705075,0.011560508481657013,64,10,3e-05,500,96,256,0.1,4,2,16,0.0001,"{'model__batch_size': 64, 'model__callbacks__early_stopping__patience': 10, 'model__lr': 3e-05, 'model__max_epochs': 500, 'model__module__d_model': 96, 'model__module__dim_feedforward': 256, 'model__module__dropout': 0.1, 'model__module__nhead': 4, 'model__module__num_layers': 2, 'model__module__patch_size': 16, 'model__optimizer__weight_decay': 0.0001}",0.9794721407624634,0.7017045454545454,0.8512820512820514,0.4160125588697017,0.6196754563894523,0.7136293505516429,0.19347658515765961,192,0.8385868737627531,0.9733134735927512,0.9198603230030554,0.4850663716814159,0.9262605654328184,0.8286175214945588,0.17715705570641554
9,8.51657681465149,3.6973777354658828,0.045763826370239256,0.0069286723808087754,64,10,3e-05,500,96,256,0.1,4,2,32,0.0001,"{'model__batch_size': 64, 'model__callbacks__early_stopping__patience': 10, 'model__lr': 3e-05, 'model__max_epochs': 500, 'model__module__d_model': 96, 'model__module__dim_feedforward': 256, 'model__module__dropout': 0.1, 'model__module__nhead': 4, 'model__module__num_layers': 2, 'model__module__patch_size': 32, 'model__optimizer__weight_decay': 0.0001}",0.9794721407624634,0.6723330869672333,0.8725274725274725,0.39805825242718446,0.6027542372881356,0.7050290379944977,0.20451648612902684,250,0.8675,0.9348484848484848,0.9001250638530236,0.49209628447115533,0.9149209740272586,0.8218981614399844,0.16636061626063275
10,13.966771268844605,6.318433481605242,0.062358665466308597,0.010499310914869045,64,10,3e-05,500,96,256,0.1,4,3,16,0.0001,"{'model__batch_size': 64, 'model__callbacks__early_stopping__patience': 10, 'model__lr': 3e-05, 'model__max_epochs': 500, 'model__module__d_model': 96, 'model__module__dim_feedforward': 256, 'model__module__dropout': 0.1, 'model__module__nhead': 4, 'model__module__num_layers': 3, 'model__module__patch_size': 16, 'model__optimizer__weight_decay': 0.0001}",0.9597186700767264,0.7278911564625851,0.9186535764375876,0.38,0.5532245532245532,0.7078975912402905,0.2189393809817367,235,0.8845665801784057,0.973009729051156,0.9454949195881839,0.6967624259005928,0.9065967162149033,0.8812860741866484,0.09719709027099728
11,8.048890638351441,4.547085112297048,0.05812997817993164,0.016518490895039952,64,10,3e-05,500,96,256,0.1,4,3,32,0.0001,"{'model__batch_size': 64, 'model__callbacks__early_stopping__patience': 10, 'model__lr': 3e-05, 'model__max_epochs': 500, 'model__module__d_model': 96, 'model__module__dim_feedforward': 256, 'model__module__dropout': 0.1, 'model__module__nhead': 4, 'model__module__num_layers': 3, 'model__module__patch_size': 32, 'model__optimizer__weight_decay': 0.0001}",0.9794721407624634,0.7471620227038184,0.9439071566731141,0.39215686274509803,0.44029850746268656,0.7005993380694361,0.24577636227866745,265,0.886796307646589,0.9508498613551214,0.9001250638530236,0.7017268445839875,0.5793065793065794,0.8037609313490602,0.14043274838386802
12,16.497394132614136,5.647566653098413,0.059575462341308595,0.013897969396983133,64,10,3e-05,500,96,256,0.25,4,2,16,0.0001,"{'model__batch_size': 64, 'model__callbacks__early_stopping__patience': 10, 'model__lr': 3e-05, 'model__max_epochs': 500, 'model__module__d_model': 96, 'model__module__dim_feedforward': 256, 'model__module__dropout': 0.25, 'model__module__nhead': 4, 'model__module__num_layers': 2, 'model__module__patch_size': 16, 'model__optimizer__weight_decay': 0.0001}",0.9794721407624634,0.7482618077199712,0.8725274725274725,0.48384948384948384,0.625,0.7418221809718781,0.17538539269242653,55,0.8901326699834162,0.9355912457352085,0.9310509201722876,0.7288481141692151,0.9256071981651736,0.8822460296450603,0.07835935160868808
13,10.785196495056152,5.525684677892655,0.05103344917297363,0.010300718286772622,64,10,3e-05,500,96,256,0.25,4,2,32,0.0001,"{'model__batch_size': 64, 'model__callbacks__early_stopping__patience': 10, 'model__lr': 3e-05, 'model__max_epochs': 500, 'model__module__d_model': 96, 'model__module__dim_feedforward': 256, 'model__module__dropout': 0.25, 'model__module__nhead': 4, 'model__module__num_layers': 2, 'model__module__patch_size': 32, 'model__optimizer__weight_decay': 0.0001}",0.9794721407624634,0.7758068489775807,0.894927536231884,0.39805825242718446,0.6309246309246309,0.7358378818647486,0.20560474549638305,73,0.8369230769230769,0.9674242424242424,0.9104321257092972,0.43162393162393164,0.9149209740272586,0.8122648701415613,0.19480506552711085
14,14.013766479492187,5.286582090913568,0.056769943237304686,0.01959765459448857,64,10,3e-05,500,96,256,0.25,4,3,16,0.0001,"{'model__batch_size': 64, 'model__callbacks__early_stopping__patience': 10, 'model__lr': 3e-05, 'model__max_epochs': 500, 'model__module__d_model': 96, 'model__module__dim_feedforward': 256, 'model__module__dropout': 0.25, 'model__module__nhead': 4, 'model__module__num_layers': 3, 'model__module__patch_size': 16, 'model__optimizer__weight_decay': 0.0001}",0.9794721407624634,0.6723330869672333,0.8725274725274725,0.42836879432624114,0.592074592074592,0.7089552173316005,0.19680766768609356,224,0.8956399437412096,0.9150757077024358,0.896738752520687,0.5994365102496843,0.9268912905276542,0.8467564409483341,0.12421279544645968
15,7.700735139846802,4.389113318834166,0.04711618423461914,0.008988225594813484,64,10,3e-05,500,96,256,0.25,4,3,32,0.0001,"{'model__batch_size': 64, 'model__callbacks__early_stopping__patience': 10, 'model__lr': 3e-05, 'model__max_epochs': 500, 'model__module__d_model': 96, 'model__module__dim_feedforward': 256, 'model__module__dropout': 0.25, 'model__module__nhead': 4, 'model__module__num_layers': 3, 'model__module__patch_size': 32, 'model__optimizer__weight_decay': 0.0001}",0.9794721407624634,0.72,0.9186535764375876,0.39805825242718446,0.5293466223698782,0.7091061183994227,0.22189675581841,223,0.861683001797831,0.9348484848484848,0.9010039284155391,0.43162393162393164,0.704093567251462,0.7666505827874497,0.1852181166002778
16,14.011576938629151,6.2118718622724876,0.0509282112121582,0.006349290348875769,64,10,3e-05,500,96,384,0.1,4,2,16,0.0001,"{'model__batch_size': 64, 'model__callbacks__early_stopping__patience': 10, 'model__lr': 3e-05, 'model__max_epochs': 500, 'model__module__d_model': 96, 'model__module__dim_feedforward': 384, 'model__module__dropout': 0.1, 'model__module__nhead': 4, 'model__module__num_layers': 2, 'model__module__patch_size': 16, 'model__optimizer__weight_decay': 0.0001}",0.9794721407624634,0.6888888888888889,0.8512820512820514,0.47393939393939394,0.5532245532245532,0.7093614056194701,0.18618412558826927,221,0.8315588749404099,0.9565656565656566,0.9723076923076923,0.5192590082457924,0.920999219359875,0.8401380902838852,0.16769000704299022
17,9.473026704788207,4.115243311817058,0.047805070877075195,0.0069091022908696585,64,10,3e-05,500,96,384,0.1,4,2,32,0.0001,"{'model__batch_size': 64, 'model__callbacks__early_stopping__patience': 10, 'model__lr': 3e-05, 'model__max_epochs': 500, 'model__module__d_model': 96, 'model__module__dim_feedforward': 384, 'model__module__dropout': 0.1, 'model__module__nhead': 4, 'model__module__num_layers': 2, 'model__module__patch_size': 32, 'model__optimizer__weight_decay': 0.0001}",0.9794721407624634,0.7278911564625851,0.894927536231884,0.39215686274509803,0.592074592074592,0.7173044576553245,0.2106169072081767,169,0.8401929745213328,0.973009729051156,0.924900910924136,0.47730730223123735,0.9256071981651736,0.8282036229786073,0.1805982296566032
18,14.273288869857788,5.626457158288984,0.049560928344726564,0.005393416377688515,64,10,3e-05,500,96,384,0.1,4,3,16,0.0001,"{'model__batch_size': 64, 'model__callbacks__early_stopping__patience': 10, 'model__lr': 3e-05, 'model__max_epochs': 500, 'model__module__d_model': 96, 'model__module__dim_feedforward': 384, 'model__module__dropout': 0.1, 'model__module__nhead': 4, 'model__module__num_layers': 3, 'model__module__patch_size': 16, 'model__optimizer__weight_decay': 0.0001}",0.9222222222222223,0.6978928662096979,0.8512820512820514,0.41935483870967744,0.573055028462998,0.6927614013773293,0.18269546294661995,279,0.8701567917985829,0.9514175122920807,0.9255377826806398,0.5895363362480711,0.961172498465316,0.8595641842969381,0.13866581490129637
19,10.908131647109986,2.5880205358282815,0.04753403663635254,0.009942184794327858,64,10,3e-05,500,96,384,0.1,4,3,32,0.0001,"{'model__batch_size': 64, 'model__callbacks__early_stopping__patience': 10, 'model__lr': 3e-05, 'model__max_epochs': 500, 'model__module__d_model': 96, 'model__module__dim_feedforward': 384, 'model__module__dropout': 0.1, 'model__module__nhead': 4, 'model__module__num_layers': 3, 'model__module__patch_size': 32, 'model__optimizer__weight_decay': 0.0001}",0.9794721407624634,0.685,0.9186535764375876,0.6352941176470588,0.5511541749786264,0.7539148019651473,0.16610055113331978,49,0.8601688527061662,0.9617721143873166,0.8982758930013097,0.9079903147699757,0.9371668736268985,0.9130748096983334,0.03462876069872765
20,13.155436992645264,5.118209858667178,0.04638419151306152,0.005825654613193724,64,10,3e-05,500,96,384,0.25,4,2,16,0.0001,"{'model__batch_size': 64, 'model__callbacks__early_stopping__patience': 10, 'model__lr': 3e-05, 'model__max_epochs': 500, 'model__module__d_model': 96, 'model__module__dim_feedforward': 384, 'model__module__dropout': 0.25, 'model__module__nhead': 4, 'model__module__num_layers': 2, 'model__module__patch_size': 16, 'model__optimizer__weight_decay': 0.0001}",0.9794721407624634,0.6978928662096979,0.8512820512820514,0.4160125588697017,0.6309246309246309,0.7151168496097091,0.1924957423618974,180,0.8824312333629104,0.9033868686028126,0.9498404012767898,0.5589419660481643,0.941262962389723,0.8471726863360798,0.14620108568888873
21,10.265709733963012,4.675655070637846,0.045876502990722656,0.006344094378198292,64,10,3e-05,500,96,384,0.25,4,2,32,0.0001,"{'model__batch_size': 64, 'model__callbacks__early_stopping__patience': 10, 'model__lr': 3e-05, 'model__max_epochs': 500, 'model__module__d_model': 96, 'model__module__dim_feedforward': 384, 'model__module__dropout': 0.25, 'model__module__nhead': 4, 'model__module__num_layers': 2, 'model__module__patch_size': 32, 'model__optimizer__weight_decay': 0.0001}",0.9794721407624634,0.768976897689769,0.894927536231884,0.39805825242718446,0.6196754563894523,0.7322220567001506,0.20653754177016898,89,0.9366133691512264,0.9785304152450695,0.9292885202968136,0.43162393162393164,0.9103260869565217,0.8372764646547125,0.20404751525492457
22,12.918998575210571,5.514967032846816,0.048716163635253905,0.010796477016680498,64,10,3e-05,500,96,384,0.25,4,3,16,0.0001,"{'model__batch_size': 64, 'model__callbacks__early_stopping__patience': 10, 'model__lr': 3e-05, 'model__max_epochs': 500, 'model__module__d_model': 96, 'model__module__dim_feedforward': 384, 'model__module__dropout': 0.25, 'model__module__nhead': 4, 'model__module__num_layers': 3, 'model__module__patch_size': 16, 'model__optimizer__weight_decay': 0.0001}",0.9794721407624634,0.6598639455782314,0.8725274725274725,0.41032608695652173,0.573055028462998,0.6990489348575375,0.20469625701294294,269,0.8083413693346191,0.9340771654884592,0.9218577095285926,0.5589419660481643,0.9510524686581024,0.8348541358115875,0.14679736797634999
23,7.933874702453613,4.772574541985825,0.04627361297607422,0.008682357751760862,64,10,3e-05,500,96,384,0.25,4,3,32,0.0001,"{'model__batch_size': 64, 'model__callbacks__early_stopping__patience': 10, 'model__lr': 3e-05, 'model__max_epochs': 500, 'model__module__d_model': 96, 'model__module__dim_feedforward': 384, 'model__module__dropout': 0.25, 'model__module__nhead': 4, 'model__module__num_layers': 3, 'model__module__patch_size': 32, 'model__optimizer__weight_decay': 0.0001}",0.9597186700767264,0.7068243409706825,0.894927536231884,0.39805825242718446,0.5812655086848635,0.7081588616782681,0.205149197821149,233,0.8615258286055538,0.973009729051156,0.90612613865517,0.4450329000160488,0.7407786885245902,0.7852946569705038,0.18623003059314516
24,11.981361484527588,4.935026646213272,0.0480710506439209,0.008588651270359451,64,10,3e-05,500,128,128,0.1,4,2,16,0.0001,"{'model__batch_size': 64, 'model__callbacks__early_stopping__patience': 10, 'model__lr': 3e-05, 'model__max_epochs': 500, 'model__module__d_model': 128, 'model__module__dim_feedforward': 128, 'model__module__dropout': 0.1, 'model__module__nhead': 4, 'model__module__num_layers': 2, 'model__module__patch_size': 16, 'model__optimizer__weight_decay': 0.0001}",0.9794721407624634,0.72,0.8725274725274725,0.4238383838383838,0.592074592074592,0.7175825178405824,0.19730069107221165,168,0.8878544223444773,0.945064304573716,0.915513524789653,0.48713219884315534,0.9459244146507335,0.836297773040347,0.17589654945433283
25,8.24518632888794,3.317751673539064,0.0435676097869873,0.005070442784769967,64,10,3e-05,500,128,128,0.1,4,2,32,0.0001,"{'model__batch_size': 64, 'model__callbacks__early_stopping__patience': 10, 'model__lr': 3e-05, 'model__max_epochs': 500, 'model__module__d_model': 128, 'model__module__dim_feedforward': 128, 'model__module__dropout': 0.1, 'model__module__nhead': 4, 'model__module__num_layers': 2, 'model__module__patch_size': 32, 'model__optimizer__weight_decay': 0.0001}",1.0,0.7334348819497334,0.8644226273959794,0.46467817896389324,0.642478813559322,0.7410029003737856,0.18353830601853632,58,0.9453352086263478,1.0,0.9191488612143524,0.45879112279713274,0.9407494145199062,0.8528049214315478,0.19880184653464317
26,13.496986627578735,7.452404023793852,0.05101180076599121,0.0071171705459766406,64,10,3e-05,500,128,128,0.1,4,3,16,0.0001,"{'model__batch_size': 64, 'model__callbacks__early_stopping__patience': 10, 'model__lr': 3e-05, 'model__max_epochs': 500, 'model__module__d_model': 128, 'model__module__dim_feedforward': 128, 'model__module__dropout': 0.1, 'model__module__nhead': 4, 'model__module__num_layers': 3, 'model__module__patch_size': 16, 'model__optimizer__weight_decay': 0.0001}",0.9794721407624634,0.755,0.8512820512820514,0.43951786482996125,0.5341614906832298,0.7118867095115411,0.1993302892701214,204,0.8833916853201706,0.9892652076225348,0.8863636363636365,0.4932245686532321,0.9262605654328184,0.8357011326784786,0.17545039810252294
27,8.259430742263794,3.4872620759180726,0.044828033447265624,0.005388148577983587,64,10,3e-05,500,128,128,0.1,4,3,32,0.0001,"{'model__batch_size': 64, 'model__callbacks__early_stopping__patience': 10, 'model__lr': 3e-05, 'model__max_epochs': 500, 'model__module__d_model': 128, 'model__module__dim_feedforward': 128, 'model__module__dropout': 0.1, 'model__module__nhead': 4, 'model__module__num_layers': 3, 'model__module__patch_size': 32, 'model__optimizer__weight_decay': 0.0001}",0.9794721407624634,0.7017045454545454,0.894927536231884,0.4373865698729582,0.5939013964092335,0.721478437746217,0.19698753170995564,138,0.8658227848101265,0.9892652076225348,0.8958333333333333,0.4450329000160488,0.9407494145199062,0.8273407280603898,0.1956591159638063
28,13.028815650939942,5.614299581779515,0.04774913787841797,0.006539900848431717,64,10,3e-05,500,128,128,0.25,4,2,16,0.0001,"{'model__batch_size': 64, 'model__callbacks__early_stopping__patience': 10, 'model__lr': 3e-05, 'model__max_epochs': 500, 'model__module__d_model': 128, 'model__module__dim_feedforward': 128, 'model__module__dropout': 0.25, 'model__module__nhead': 4, 'model__module__num_layers': 2, 'model__module__patch_size': 16, 'model__optimizer__weight_decay': 0.0001}",0.9794721407624634,0.6258503401360545,0.8512820512820514,0.47393939393939394,0.613716454323665,0.7088520760887257,0.18146380364798043,226,0.8801447308909995,0.9626388630298517,0.9198603230030554,0.47730730223123735,0.9614916286149162,0.8402885695540121,0.18403008113352995
29,8.871539163589478,3.2997650314725866,0.04515714645385742,0.009242932042899565,64,10,3e-05,500,128,128,0.25,4,2,32,0.0001,"{'model__batch_size': 64, 'model__callbacks__early_stopping__patience': 10, 'model__lr': 3e-05, 'model__max_epochs': 500, 'model__module__d_model': 128, 'model__module__dim_feedforward': 128, 'model__module__dropout': 0.25, 'model__module__nhead': 4, 'model__module__num_layers': 2, 'model__module__patch_size': 32, 'model__optimizer__weight_decay': 0.0001}",0.9597186700767264,0.7068243409706825,0.8725274725274725,0.46467817896389324,0.6366486178398404,0.7280794560757229,0.17476473660474823,108,0.9055789967182373,0.9348484848484848,0.943675683193102,0.520515719043109,0.9126381215469613,0.843451401069979,0.16206938563952406
30,14.246707010269166,5.752803351323456,0.047535133361816403,0.008548885338419535,64,10,3e-05,500,128,128,0.25,4,3,16,0.0001,"{'model__batch_size': 64, 'model__callbacks__early_stopping__patience': 10, 'model__lr': 3e-05, 'model__max_epochs': 500, 'model__module__d_model': 128, 'model__module__dim_feedforward': 128, 'model__module__dropout': 0.25, 'model__module__nhead': 4, 'model__module__num_layers': 3, 'model__module__patch_size': 16, 'model__optimizer__weight_decay': 0.0001}",0.9597186700767264,0.7068243409706825,0.894927536231884,0.5741414141414142,0.6027542372881356,0.7476732397417685,0.15455130970644967,53,0.8976062117058272,0.9082330787739303,0.915513524789653,0.5530623306233062,0.9711187214611872,0.8491067734707809,0.15019134442565465
31,8.193595361709594,3.565273319145064,0.04460210800170898,0.007061396903299787,64,10,3e-05,500,128,128,0.25,4,3,32,0.0001,"{'model__batch_size': 64, 'model__callbacks__early_stopping__patience': 10, 'model__lr': 3e-05, 'model__max_epochs': 500, 'model__module__d_model': 128, 'model__module__dim_feedforward': 128, 'model__module__dropout': 0.25, 'model__module__nhead': 4, 'model__module__num_layers': 3, 'model__module__patch_size': 32, 'model__optimizer__weight_decay': 0.0001}",0.9794721407624634,0.7413155949741316,0.894927536231884,0.4373865698729582,0.5416666666666666,0.7189537017016207,0.20496216446867363,155,0.8701567917985829,0.9281537176274017,0.9205483720205639,0.460446247464503,0.9103260869565217,0.8179262431735147,0.17985500055683604
32,11.869725847244263,4.532779581473681,0.044383811950683597,0.0065140239164924365,64,10,3e-05,500,128,256,0.1,4,2,16,0.0001,"{'model__batch_size': 64, 'model__callbacks__early_stopping__patience': 10, 'model__lr': 3e-05, 'model__max_epochs': 500, 'model__module__d_model': 128, 'model__module__dim_feedforward': 256, 'model__module__dropout': 0.1, 'model__module__nhead': 4, 'model__module__num_layers': 2, 'model__module__patch_size': 16, 'model__optimizer__weight_decay': 0.0001}",0.9794721407624634,0.6938775510204082,0.8310445276737412,0.5386904761904762,0.5608899297423888,0.7207949250778956,0.1664482259748371,144,0.8471153846153847,0.9392069918385708,0.9490207521584648,0.6967624259005928,0.9510524686581024,0.8766316046342231,0.09789633442334023
33,8.396118021011352,4.2342975532393945,0.04018034934997559,0.005299135923820227,64,10,3e-05,500,128,256,0.1,4,2,32,0.0001,"{'model__batch_size': 64, 'model__callbacks__early_stopping__patience': 10, 'model__lr': 3e-05, 'model__max_epochs': 500, 'model__module__d_model': 128, 'model__module__dim_feedforward': 256, 'model__module__dropout': 0.1, 'model__module__nhead': 4, 'model__module__num_layers': 2, 'model__module__patch_size': 32, 'model__optimizer__weight_decay': 0.0001}",0.9794721407624634,0.7543859649122806,0.894927536231884,0.43951786482996125,0.6277915632754343,0.7392190140024046,0.19205915797148038,65,0.8824312333629104,1.0,0.9579373734226515,0.475443703634144,0.9308743169398908,0.8493373254719193,0.19080520961387323
34,12.698290252685547,1.219627531841325,0.045095396041870114,0.007132565215440966,64,10,3e-05,500,128,256,0.1,4,3,16,0.0001,"{'model__batch_size': 64, 'model__callbacks__early_stopping__patience': 10, 'model__lr': 3e-05, 'model__max_epochs': 500, 'model__module__d_model': 128, 'model__module__dim_feedforward': 256, 'model__module__dropout': 0.1, 'model__module__nhead': 4, 'model__module__num_layers': 3, 'model__module__patch_size': 16, 'model__optimizer__weight_decay': 0.0001}",0.9794721407624634,0.6749226006191951,0.8725274725274725,0.7568627450980392,0.5233050847457628,0.7614180087505866,0.15753913041598733,42,0.8966401069816683,0.9082330787739303,0.8863636363636365,0.9418371200826923,0.920999219359875,0.9108146323123604,0.019347110123713675
35,7.504604434967041,4.035570863841061,0.046342325210571286,0.010379040971395024,64,10,3e-05,500,128,256,0.1,4,3,32,0.0001,"{'model__batch_size': 64, 'model__callbacks__early_stopping__patience': 10, 'model__lr': 3e-05, 'model__max_epochs': 500, 'model__module__d_model': 128, 'model__module__dim_feedforward': 256, 'model__module__dropout': 0.1, 'model__module__nhead': 4, 'model__module__num_layers': 3, 'model__module__patch_size': 32, 'model__optimizer__weight_decay': 0.0001}",0.9794721407624634,0.7146967154159674,0.9186535764375876,0.39805825242718446,0.5816430020283976,0.71850473741432,0.21428725055757802,160,0.8334119126198334,1.0,0.9119449355464392,0.430406852248394,0.895850077431243,0.8143227555691819,0.19920273596135918
36,12.152893161773681,5.229596192327581,0.04410462379455567,0.008431926373058318,64,10,3e-05,500,128,256,0.25,4,2,16,0.0001,"{'model__batch_size': 64, 'model__callbacks__early_stopping__patience': 10, 'model__lr': 3e-05, 'model__max_epochs': 500, 'model__module__d_model': 128, 'model__module__dim_feedforward': 256, 'model__module__dropout': 0.25, 'model__module__nhead': 4, 'model__module__num_layers': 2, 'model__module__patch_size': 16, 'model__optimizer__weight_decay': 0.0001}",0.9794721407624634,0.7068243409706825,0.8725274725274725,0.38613861386138615,0.573055028462998,0.7036035193170005,0.2109388757999807,255,0.8813078530904748,0.973009729051156,0.9292885202968136,0.4349108934261773,0.9514656230816452,0.8339965237892535,0.20184743117844872
37,7.815523719787597,3.1393360238697983,0.03999314308166504,0.006727397126178601,64,10,3e-05,500,128,256,0.25,4,2,32,0.0001,"{'model__batch_size': 64, 'model__callbacks__early_stopping__patience': 10, 'model__lr': 3e-05, 'model__max_epochs': 500, 'model__module__d_model': 128, 'model__module__dim_feedforward': 256, 'model__module__dropout': 0.25, 'model__module__nhead': 4, 'model__module__num_layers': 2, 'model__module__patch_size': 32, 'model__optimizer__weight_decay': 0.0001}",0.9597186700767264,0.7068243409706825,0.894927536231884,0.39215686274509803,0.6543778801843317,0.7216010580417446,0.2000064249099721,136,0.9109808898178561,0.9892652076225348,0.9627688913403198,0.43924719684702573,0.8804347826086957,0.8365393936472865,0.20227134819583376
38,13.495564031600953,5.9718810753332425,0.04582209587097168,0.00823596214761996,64,10,3e-05,500,128,256,0.25,4,3,16,0.0001,"{'model__batch_size': 64, 'model__callbacks__early_stopping__patience': 10, 'model__lr': 3e-05, 'model__max_epochs': 500, 'model__module__d_model': 128, 'model__module__dim_feedforward': 256, 'model__module__dropout': 0.25, 'model__module__nhead': 4, 'model__module__num_layers': 3, 'model__module__patch_size': 16, 'model__optimizer__weight_decay': 0.0001}",0.9794721407624634,0.7679924242424242,0.894927536231884,0.4373865698729582,0.5323936026023313,0.7224344547424122,0.2074924509142044,131,0.8688518349322369,0.9946019458102312,0.934288297058619,0.4363565822067031,0.9661667781067915,0.8400530876229164,0.20614098259380884
39,8.152050638198853,4.00651596291001,0.04197540283203125,0.00523774335488768,64,10,3e-05,500,128,256,0.25,4,3,32,0.0001,"{'model__batch_size': 64, 'model__callbacks__early_stopping__patience': 10, 'model__lr': 3e-05, 'model__max_epochs': 500, 'model__module__d_model': 128, 'model__module__dim_feedforward': 256, 'model__module__dropout': 0.25, 'model__module__nhead': 4, 'model__module__num_layers': 3, 'model__module__patch_size': 32, 'model__optimizer__weight_decay': 0.0001}",0.9794721407624634,0.6811316231119635,0.9186535764375876,0.49255952380952384,0.5833333333333334,0.7310300394909743,0.18873178063955023,94,0.841191594656769,0.9782828282828283,0.9218577095285926,0.5576367614879649,0.9308743169398908,0.8459686421792091,0.15075361461667883
40,11.435109663009644,5.300446710292012,0.04598302841186523,0.004815511718610072,64,10,3e-05,500,128,384,0.1,4,2,16,0.0001,"{'model__batch_size': 64, 'model__callbacks__early_stopping__patience': 10, 'model__lr': 3e-05, 'model__max_epochs': 500, 'model__module__d_model': 128, 'model__module__dim_feedforward': 384, 'model__module__dropout': 0.1, 'model__module__nhead': 4, 'model__module__num_layers': 2, 'model__module__patch_size': 16, 'model__optimizer__weight_decay': 0.0001}",0.9794721407624634,0.685,0.894927536231884,0.4555173730431462,0.5511541749786264,0.7132142450032241,0.1986857694948372,194,0.9118234250221828,0.9677956228676041,0.9018538713195201,0.5309382813528095,0.9565001432801605,0.8537822687684553,0.1633755805857602
41,6.764705324172974,3.070519417499572,0.043439483642578124,0.008534769899955599,64,10,3e-05,500,128,384,0.1,4,2,32,0.0001,"{'model__batch_size': 64, 'model__callbacks__early_stopping__patience': 10, 'model__lr': 3e-05, 'model__max_epochs': 500, 'model__module__d_model': 128, 'model__module__dim_feedforward': 384, 'model__module__dropout': 0.1, 'model__module__nhead': 4, 'model__module__num_layers': 2, 'model__module__patch_size': 32, 'model__optimizer__weight_decay': 0.0001}",0.9794721407624634,0.7017045454545454,0.9186535764375876,0.4238383838383838,0.6196754563894523,0.7286688205764865,0.20224971377359893,103,0.9010898775753956,0.9726943674195119,0.9494373414596775,0.44648198725451943,0.8903985507246377,0.8320204248867483,0.19513809067845225
42,12.224585247039794,5.738835043830328,0.04834699630737305,0.006817406117541152,64,10,3e-05,500,128,384,0.1,4,3,16,0.0001,"{'model__batch_size': 64, 'model__callbacks__early_stopping__patience': 10, 'model__lr': 3e-05, 'model__max_epochs': 500, 'model__module__d_model': 128, 'model__module__dim_feedforward': 384, 'model__module__dropout': 0.1, 'model__module__nhead': 4, 'model__module__num_layers': 3, 'model__module__patch_size': 16, 'model__optimizer__weight_decay': 0.0001}",0.9794721407624634,0.668560606060606,0.8512820512820514,0.49255952380952384,0.5323936026023313,0.7048535849033952,0.1860027102880064,251,0.8911988653329352,0.9892652076225348,0.9261538461538461,0.4932245686532321,0.9407494145199062,0.8481183804564909,0.18022098381195137
43,6.629041576385498,2.836808349616409,0.043621158599853514,0.009583235968670261,64,10,3e-05,500,128,384,0.1,4,3,32,0.0001,"{'model__batch_size': 64, 'model__callbacks__early_stopping__patience': 10, 'model__lr': 3e-05, 'model__max_epochs': 500, 'model__module__d_model': 128, 'model__module__dim_feedforward': 384, 'model__module__dropout': 0.1, 'model__module__nhead': 4, 'model__module__num_layers': 3, 'model__module__patch_size': 32, 'model__optimizer__weight_decay': 0.0001}",0.9794721407624634,0.7146967154159674,0.8512820512820514,0.41935483870967744,0.592074592074592,0.7113760676489503,0.1954325743586502,208,0.8542354235423543,0.9839880841556508,0.934288297058619,0.6752136752136753,0.8949023796807312,0.8685255719302061,0.10575988037618407
44,11.299294042587281,4.6462799075948675,0.04477601051330567,0.007515968391601832,64,10,3e-05,500,128,384,0.25,4,2,16,0.0001,"{'model__batch_size': 64, 'model__callbacks__early_stopping__patience': 10, 'model__lr': 3e-05, 'model__max_epochs': 500, 'model__module__d_model': 128, 'model__module__dim_feedforward': 384, 'model__module__dropout': 0.25, 'model__module__nhead': 4, 'model__module__num_layers': 2, 'model__module__patch_size': 16, 'model__optimizer__weight_decay': 0.0001}",0.9794721407624634,0.7068243409706825,0.8512820512820514,0.4160125588697017,0.5630296610169492,0.7033241505803696,0.20019590341842922,256,0.8738095238095238,0.9399276083229262,0.9348455598455598,0.471754605725459,0.9514656230816452,0.8343605841570227,0.18330004446585713
45,7.1836741924285885,2.9668089242197637,0.04060235023498535,0.0073868497245533436,64,10,3e-05,500,128,384,0.25,4,2,32,0.0001,"{'model__batch_size': 64, 'model__callbacks__early_stopping__patience': 10, 'model__lr': 3e-05, 'model__max_epochs': 500, 'model__module__d_model': 128, 'model__module__dim_feedforward': 384, 'model__module__dropout': 0.25, 'model__module__nhead': 4, 'model__module__num_layers': 2, 'model__module__patch_size': 32, 'model__optimizer__weight_decay': 0.0001}",0.9794721407624634,0.7413155949741316,0.9186535764375876,0.39215686274509803,0.6309246309246309,0.7325045611687823,0.21065474769078046,87,0.8572649096413514,0.9677956228676041,0.9431818181818181,0.48200165230732916,0.920999219359875,0.8342486444715955,0.17990807984516413
46,11.541957426071168,5.01097611290446,0.044438648223876956,0.006270169816346586,64,10,3e-05,500,128,384,0.25,4,3,16,0.0001,"{'model__batch_size': 64, 'model__callbacks__early_stopping__patience': 10, 'model__lr': 3e-05, 'model__max_epochs': 500, 'model__module__d_model': 128, 'model__module__dim_feedforward': 384, 'model__module__dropout': 0.25, 'model__module__nhead': 4, 'model__module__num_layers': 3, 'model__module__patch_size': 16, 'model__optimizer__weight_decay': 0.0001}",0.9597186700767264,0.65,0.9186535764375876,0.39215686274509803,0.5833333333333334,0.7007724885185491,0.21266814460509428,264,0.8587635145424091,0.8507807981492193,0.9205483720205639,0.5042358522534733,0.961172498465316,0.8191002070861962,0.16259930251938942
47,6.920836162567139,2.869407880299382,0.04331355094909668,0.00878635410890303,64,10,3e-05,500,128,384,0.25,4,3,32,0.0001,"{'model__batch_size': 64, 'model__callbacks__early_stopping__patience': 10, 'model__lr': 3e-05, 'model__max_epochs': 500, 'model__module__d_model': 128, 'model__module__dim_feedforward': 384, 'model__module__dropout': 0.25, 'model__module__nhead': 4, 'model__module__num_layers': 3, 'model__module__patch_size': 32, 'model__optimizer__weight_decay': 0.0001}",0.9794721407624634,0.685,0.894927536231884,0.39215686274509803,0.625,0.7153113079478891,0.2076278585562889,178,0.8326924180680709,0.9290053552907309,0.934288297058619,0.430406852248394,0.921683949852964,0.8096153745037558,0.19322956502680996
48,4.984564208984375,1.631481603533689,0.0430241584777832,0.0071661791989685,64,10,0.0001,500,96,128,0.1,4,2,16,0.0001,"{'model__batch_size': 64, 'model__callbacks__early_stopping__patience': 10, 'model__lr': 0.0001, 'model__max_epochs': 500, 'model__module__d_model': 96, 'model__module__dim_feedforward': 128, 'model__module__dropout': 0.1, 'model__module__nhead': 4, 'model__module__num_layers': 2, 'model__module__patch_size': 16, 'model__optimizer__weight_decay': 0.0001}",0.9581117021276595,0.6938775510204082,0.8512820512820514,0.4464285714285714,0.592074592074592,0.7083548935866565,0.18173757785678205,232,0.8302050354289161,0.9355912457352085,0.9402441308159826,0.5758928571428572,0.9463869463869464,0.8456640431019821,0.14155767143013218
49,4.407788562774658,1.7529601587373016,0.039868831634521484,0.006638788553561384,64,10,0.0001,500,96,128,0.1,4,2,32,0.0001,"{'model__batch_size': 64, 'model__callbacks__early_stopping__patience': 10, 'model__lr': 0.0001, 'model__max_epochs': 500, 'model__module__d_model': 96, 'model__module__dim_feedforward': 128, 'model__module__dropout': 0.1, 'model__module__nhead': 4, 'model__module__num_layers': 2, 'model__module__patch_size': 32, 'model__optimizer__weight_decay': 0.0001}",0.9794721407624634,0.7758068489775807,0.894927536231884,0.4316666666666667,0.5816430020283976,0.7327032389333985,0.20125195539852486,86,0.9055789967182373,0.9946019458102312,0.9162300055157198,0.5447893308155317,0.9706314811948614,0.8663663520109163,0.16416539263041657
50,7.017421245574951,1.8204935277712055,0.0440399169921875,0.007088433304298641,64,10,0.0001,500,96,128,0.1,4,3,16,0.0001,"{'model__batch_size': 64, 'model__callbacks__early_stopping__patience': 10, 'model__lr': 0.0001, 'model__max_epochs': 500, 'model__module__d_model': 96, 'model__module__dim_feedforward': 128, 'model__module__dropout': 0.1, 'model__module__nhead': 4, 'model__module__num_layers': 3, 'model__module__patch_size': 16, 'model__optimizer__weight_decay': 0.0001}",0.9794721407624634,0.7482618077199712,0.8725274725274725,0.7785714285714285,0.613716454323665,0.7985098607810002,0.12271671818480688,7,0.8888767343069153,0.9838058374306935,0.9126644988848975,0.8995368437791957,0.961799788615431,0.9293367406034265,0.0369425001849563
51,4.197696924209595,1.9215950425323778,0.04165654182434082,0.008863578530805747,64,10,0.0001,500,96,128,0.1,4,3,32,0.0001,"{'model__batch_size': 64, 'model__callbacks__early_stopping__patience': 10, 'model__lr': 0.0001, 'model__max_epochs': 500, 'model__module__d_model': 96, 'model__module__dim_feedforward': 128, 'model__module__dropout': 0.1, 'model__module__nhead': 4, 'model__module__num_layers': 3, 'model__module__patch_size': 32, 'model__optimizer__weight_decay': 0.0001}",0.9794721407624634,0.72,0.9186535764375876,0.39805825242718446,0.5416666666666666,0.7115701272587803,0.21994680634151093,207,0.8444158254578511,0.9839880841556508,0.8811012664916947,0.4941683569979716,0.9553643188991041,0.8318075704004546,0.17607626408084046
52,5.735572814941406,2.9260983423737614,0.04589138031005859,0.008135968365386947,64,10,0.0001,500,96,128,0.25,4,2,16,0.0001,"{'model__batch_size': 64, 'model__callbacks__early_stopping__patience': 10, 'model__lr': 0.0001, 'model__max_epochs': 500, 'model__module__d_model': 96, 'model__module__dim_feedforward': 128, 'model__module__dropout': 0.25, 'model__module__nhead': 4, 'model__module__num_layers': 2, 'model__module__patch_size': 16, 'model__optimizer__weight_decay': 0.0001}",0.9794721407624634,0.7017045454545454,0.8725274725274725,0.4316666666666667,0.6822033898305084,0.7335148430483314,0.1868564075983533,82,0.8769525083115098,0.9733134735927512,0.9104321257092972,0.43162393162393164,0.9561347743165924,0.8296913627108164,0.2019037461058457
53,4.043679094314575,1.3966050901512557,0.040506744384765626,0.006436170854151037,64,10,0.0001,500,96,128,0.25,4,2,32,0.0001,"{'model__batch_size': 64, 'model__callbacks__early_stopping__patience': 10, 'model__lr': 0.0001, 'model__max_epochs': 500, 'model__module__d_model': 96, 'model__module__dim_feedforward': 128, 'model__module__dropout': 0.25, 'model__module__nhead': 4, 'model__module__num_layers': 2, 'model__module__patch_size': 32, 'model__optimizer__weight_decay': 0.0001}",0.9794721407624634,0.7334348819497334,0.9186535764375876,0.4928971157985364,0.625,0.7498915429896641,0.1806115885636423,52,0.9064839063167474,0.9626388630298517,0.9298956223710859,0.49209628447115533,0.9655882638686486,0.8513405880114977,0.18094639320194122
54,6.281362915039063,2.384915186900715,0.04261183738708496,0.008545668904079649,64,10,0.0001,500,96,128,0.25,4,3,16,0.0001,"{'model__batch_size': 64, 'model__callbacks__early_stopping__patience': 10, 'model__lr': 0.0001, 'model__max_epochs': 500, 'model__module__d_model': 96, 'model__module__dim_feedforward': 128, 'model__module__dropout': 0.25, 'model__module__nhead': 4, 'model__module__num_layers': 3, 'model__module__patch_size': 16, 'model__optimizer__weight_decay': 0.0001}",0.9406593406593406,0.7244817633167148,0.8215384615384616,0.5502100038182512,0.573055028462998,0.7219889195591532,0.147934024789826,134,0.8941846958036881,0.9508498613551214,0.9069222283507998,0.6892523364485981,0.9614916286149162,0.8805401501146246,0.09896445089258497
55,3.7033711433410645,1.3919401177335795,0.04171223640441894,0.006218642732650081,64,10,0.0001,500,96,128,0.25,4,3,32,0.0001,"{'model__batch_size': 64, 'model__callbacks__early_stopping__patience': 10, 'model__lr': 0.0001, 'model__max_epochs': 500, 'model__module__d_model': 96, 'model__module__dim_feedforward': 128, 'model__module__dropout': 0.25, 'model__module__nhead': 4, 'model__module__num_layers': 3, 'model__module__patch_size': 32, 'model__optimizer__weight_decay': 0.0001}",0.9794721407624634,0.7068243409706825,0.9186535764375876,0.39805825242718446,0.6048009367681498,0.7215618494732136,0.21159761311744812,137,0.8486751941525811,0.9412896419040526,0.9292885202968136,0.5168636655768855,0.9355262384098171,0.83432865206803,0.16228913846572698
56,5.995491790771484,2.7212664385084913,0.04366621971130371,0.0076138195332796366,64,10,0.0001,500,96,256,0.1,4,2,16,0.0001,"{'model__batch_size': 64, 'model__callbacks__early_stopping__patience': 10, 'model__lr': 0.0001, 'model__max_epochs': 500, 'model__module__d_model': 96, 'model__module__dim_feedforward': 256, 'model__module__dropout': 0.1, 'model__module__nhead': 4, 'model__module__num_layers': 2, 'model__module__patch_size': 16, 'model__optimizer__weight_decay': 0.0001}",0.9794721407624634,0.6888888888888889,0.8725274725274725,0.42836879432624114,0.642478813559322,0.7223472220128775,0.19109634750881782,132,0.8801447308909995,0.9892652076225348,0.9446153846153846,0.47612387612387613,0.9614916286149162,0.8503281655735423,0.19050919907089975
57,3.2656912803649902,0.9564133316122364,0.04130911827087402,0.005321457682781597,64,10,0.0001,500,96,256,0.1,4,2,32,0.0001,"{'model__batch_size': 64, 'model__callbacks__early_stopping__patience': 10, 'model__lr': 0.0001, 'model__max_epochs': 500, 'model__module__d_model': 96, 'model__module__dim_feedforward': 256, 'model__module__dropout': 0.1, 'model__module__nhead': 4, 'model__module__num_layers': 2, 'model__module__patch_size': 32, 'model__optimizer__weight_decay': 0.0001}",0.9406593406593406,0.7068243409706825,0.9439071566731141,0.39805825242718446,0.6309246309246309,0.7240747443309905,0.205181115076338,124,0.8757618377871542,0.9230900264032025,0.94814491488433,0.430406852248394,0.9065967162149033,0.8168000695075968,0.19462202833510608
58,5.9456711769104,2.477941479559665,0.045305633544921876,0.008435798073241605,64,10,0.0001,500,96,256,0.1,4,3,16,0.0001,"{'model__batch_size': 64, 'model__callbacks__early_stopping__patience': 10, 'model__lr': 0.0001, 'model__max_epochs': 500, 'model__module__d_model': 96, 'model__module__dim_feedforward': 256, 'model__module__dropout': 0.1, 'model__module__nhead': 4, 'model__module__num_layers': 3, 'model__module__patch_size': 16, 'model__optimizer__weight_decay': 0.0001}",0.9597186700767264,0.7543859649122806,0.9186535764375876,0.48333333333333334,0.5608899297423888,0.7353962949004633,0.18881343960795288,74,0.9046488198042603,0.9841636828644501,0.9044518366480289,0.5087719298245614,0.9565001432801605,0.8517072824842922,0.17419281968384218
59,3.8963410377502443,1.4474262559869284,0.04212121963500977,0.006721366968417989,64,10,0.0001,500,96,256,0.1,4,3,32,0.0001,"{'model__batch_size': 64, 'model__callbacks__early_stopping__patience': 10, 'model__lr': 0.0001, 'model__max_epochs': 500, 'model__module__d_model': 96, 'model__module__dim_feedforward': 256, 'model__module__dropout': 0.1, 'model__module__nhead': 4, 'model__module__num_layers': 3, 'model__module__patch_size': 32, 'model__optimizer__weight_decay': 0.0001}",0.9597186700767264,0.72,0.894927536231884,0.39805825242718446,0.5341614906832298,0.7013731898838049,0.21190202161154825,261,0.8857008907641819,0.9785304152450695,0.8853422039776346,0.43162393162393164,0.9568529361605367,0.827610075554271,0.20149105865965358
60,6.022305536270141,2.477937414942965,0.04393014907836914,0.004790429323127561,64,10,0.0001,500,96,256,0.25,4,2,16,0.0001,"{'model__batch_size': 64, 'model__callbacks__early_stopping__patience': 10, 'model__lr': 0.0001, 'model__max_epochs': 500, 'model__module__d_model': 96, 'model__module__dim_feedforward': 256, 'model__module__dropout': 0.25, 'model__module__nhead': 4, 'model__module__num_layers': 2, 'model__module__patch_size': 16, 'model__optimizer__weight_decay': 0.0001}",0.9794721407624634,0.6811316231119635,0.8512820512820514,0.5274047186932849,0.613716454323665,0.7306013976346856,0.16364516848761038,95,0.8781026329831276,0.9838058374306935,0.9255377826806398,0.7057713579282973,0.9661667781067915,0.89187687782591,0.09992794781316192
61,3.891952323913574,1.4817122066334163,0.04514636993408203,0.006278025157963957,64,10,0.0001,500,96,256,0.25,4,2,32,0.0001,"{'model__batch_size': 64, 'model__callbacks__early_stopping__patience': 10, 'model__lr': 0.0001, 'model__max_epochs': 500, 'model__module__d_model': 96, 'model__module__dim_feedforward': 256, 'model__module__dropout': 0.25, 'model__module__nhead': 4, 'model__module__num_layers': 2, 'model__module__patch_size': 32, 'model__optimizer__weight_decay': 0.0001}",1.0,0.7334348819497334,0.9186535764375876,0.39805825242718446,0.613716454323665,0.7327726330276341,0.21548583230640792,85,0.8486751941525811,0.9839880841556508,0.9132142857142858,0.43162393162393164,0.9149209740272586,0.8184844939347415,0.19810993895830686
62,6.231446313858032,2.727420616676123,0.046392965316772464,0.0051727936335964255,64,10,0.0001,500,96,256,0.25,4,3,16,0.0001,"{'model__batch_size': 64, 'model__callbacks__early_stopping__patience': 10, 'model__lr': 0.0001, 'model__max_epochs': 500, 'model__module__d_model': 96, 'model__module__dim_feedforward': 256, 'model__module__dropout': 0.25, 'model__module__nhead': 4, 'model__module__num_layers': 3, 'model__module__patch_size': 16, 'model__optimizer__weight_decay': 0.0001}",0.9597186700767264,0.7979532930989242,0.8725274725274725,0.39215686274509803,0.5833333333333334,0.7211379263563109,0.2063777180825936,141,0.8757618377871542,0.9892652076225348,0.9010039284155391,0.49004329004329006,0.9561347743165924,0.8424418076370221,0.18066967817387117
63,3.709740400314331,1.5986477302523374,0.0402165412902832,0.007009334804748401,64,10,0.0001,500,96,256,0.25,4,3,32,0.0001,"{'model__batch_size': 64, 'model__callbacks__early_stopping__patience': 10, 'model__lr': 0.0001, 'model__max_epochs': 500, 'model__module__d_model': 96, 'model__module__dim_feedforward': 256, 'model__module__dropout': 0.25, 'model__module__nhead': 4, 'model__module__num_layers': 3, 'model__module__patch_size': 32, 'model__optimizer__weight_decay': 0.0001}",0.9406593406593406,0.72,0.894927536231884,0.39805825242718446,0.573055028462998,0.7053400315562813,0.20172006725597072,249,0.8732518318697506,0.9508498613551214,0.8908168517020807,0.43162393162393164,0.9057691176758865,0.8104623188453541,0.1911595906692873
64,5.743376064300537,1.0751767878193201,0.04143533706665039,0.004760336840987958,64,10,0.0001,500,96,384,0.1,4,2,16,0.0001,"{'model__batch_size': 64, 'model__callbacks__early_stopping__patience': 10, 'model__lr': 0.0001, 'model__max_epochs': 500, 'model__module__d_model': 96, 'model__module__dim_feedforward': 384, 'model__module__dropout': 0.1, 'model__module__nhead': 4, 'model__module__num_layers': 2, 'model__module__patch_size': 16, 'model__optimizer__weight_decay': 0.0001}",0.9406593406593406,0.7413155949741316,0.8725274725274725,0.7014446227929374,0.592074592074592,0.7696043246056948,0.12394821176860743,35,0.8745288914982671,0.9674242424242424,0.9450623982637005,0.932029484029484,0.9614916286149162,0.936107328966122,0.03320794418098595
65,3.374921464920044,1.2255903109488209,0.041929435729980466,0.00644640001839561,64,10,0.0001,500,96,384,0.1,4,2,32,0.0001,"{'model__batch_size': 64, 'model__callbacks__early_stopping__patience': 10, 'model__lr': 0.0001, 'model__max_epochs': 500, 'model__module__d_model': 96, 'model__module__dim_feedforward': 384, 'model__module__dropout': 0.1, 'model__module__nhead': 4, 'model__module__num_layers': 2, 'model__module__patch_size': 32, 'model__optimizer__weight_decay': 0.0001}",0.9597186700767264,0.72,0.894927536231884,0.37373737373737376,0.6027542372881356,0.710227563466824,0.2103480717081641,215,0.8631119784193307,0.9437025399319193,0.9764295067656046,0.676964927620713,0.9268912905276542,0.8774200486530443,0.10679945846341411
66,5.129001617431641,2.346794374449217,0.04336848258972168,0.008167514962067184,64,10,0.0001,500,96,384,0.1,4,3,16,0.0001,"{'model__batch_size': 64, 'model__callbacks__early_stopping__patience': 10, 'model__lr': 0.0001, 'model__max_epochs': 500, 'model__module__d_model': 96, 'model__module__dim_feedforward': 384, 'model__module__dropout': 0.1, 'model__module__nhead': 4, 'model__module__num_layers': 3, 'model__module__patch_size': 16, 'model__optimizer__weight_decay': 0.0001}",0.9794721407624634,0.6378418329637842,0.894927536231884,0.4373865698729582,0.6196754563894523,0.7138607072441083,0.19719143466991043,189,0.8745288914982671,0.973009729051156,0.909636962533688,0.5422880383773073,0.9376764633429974,0.847428016960683,0.15596817965589382
67,3.8419695854187013,1.8950613854311376,0.044096183776855466,0.006871558263961619,64,10,0.0001,500,96,384,0.1,4,3,32,0.0001,"{'model__batch_size': 64, 'model__callbacks__early_stopping__patience': 10, 'model__lr': 0.0001, 'model__max_epochs': 500, 'model__module__d_model': 96, 'model__module__dim_feedforward': 384, 'model__module__dropout': 0.1, 'model__module__nhead': 4, 'model__module__num_layers': 3, 'model__module__patch_size': 32, 'model__optimizer__weight_decay': 0.0001}",0.9794721407624634,0.7277510867078472,0.894927536231884,0.447415329768271,0.6027542372881356,0.7304640661517203,0.19260685451263393,96,0.8956399437412096,0.9946019458102312,0.9242424242424242,0.49004329004329006,0.91568815792053,0.844043152351537,0.18011719058352782
68,5.638442134857177,2.937301777106254,0.04242868423461914,0.005824924845961072,64,10,0.0001,500,96,384,0.25,4,2,16,0.0001,"{'model__batch_size': 64, 'model__callbacks__early_stopping__patience': 10, 'model__lr': 0.0001, 'model__max_epochs': 500, 'model__module__d_model': 96, 'model__module__dim_feedforward': 384, 'model__module__dropout': 0.25, 'model__module__nhead': 4, 'model__module__num_layers': 2, 'model__module__patch_size': 16, 'model__optimizer__weight_decay': 0.0001}",0.9597186700767264,0.755,0.894927536231884,0.47393939393939394,0.5608899297423888,0.7288951059980787,0.1869523497976,101,0.8675,0.9946626947185502,0.9298956223710859,0.46811114095562123,0.9459244146507335,0.8412187745391982,0.19093030147288392
69,3.4809458255767822,1.2396514716430584,0.04167613983154297,0.006124025802041869,64,10,0.0001,500,96,384,0.25,4,2,32,0.0001,"{'model__batch_size': 64, 'model__callbacks__early_stopping__patience': 10, 'model__lr': 0.0001, 'model__max_epochs': 500, 'model__module__d_model': 96, 'model__module__dim_feedforward': 384, 'model__module__dropout': 0.25, 'model__module__nhead': 4, 'model__module__num_layers': 2, 'model__module__patch_size': 32, 'model__optimizer__weight_decay': 0.0001}",0.9794721407624634,0.7334348819497334,0.894927536231884,0.39805825242718446,0.6309246309246309,0.7273634884591792,0.20465372521003633,115,0.8781026329831276,0.9565656565656566,0.9298956223710859,0.430406852248394,0.9262605654328184,0.8242462659202164,0.1985382164717364
70,5.426282548904419,2.111887800369874,0.04461336135864258,0.006778076076298351,64,10,0.0001,500,96,384,0.25,4,3,16,0.0001,"{'model__batch_size': 64, 'model__callbacks__early_stopping__patience': 10, 'model__lr': 0.0001, 'model__max_epochs': 500, 'model__module__d_model': 96, 'model__module__dim_feedforward': 384, 'model__module__dropout': 0.25, 'model__module__nhead': 4, 'model__module__num_layers': 3, 'model__module__patch_size': 16, 'model__optimizer__weight_decay': 0.0001}",0.9597186700767264,0.7146967154159674,0.8725274725274725,0.5240404040404041,0.573055028462998,0.7288076581047138,0.1675487446617033,102,0.8542354235423543,0.9508498613551214,0.9267498643516007,0.5854198089492207,0.920999219359875,0.8476508355116344,0.13497788619113205
71,3.88501353263855,2.367143162211604,0.040749406814575194,0.00835221790024971,64,10,0.0001,500,96,384,0.25,4,3,32,0.0001,"{'model__batch_size': 64, 'model__callbacks__early_stopping__patience': 10, 'model__lr': 0.0001, 'model__max_epochs': 500, 'model__module__d_model': 96, 'model__module__dim_feedforward': 384, 'model__module__dropout': 0.25, 'model__module__nhead': 4, 'model__module__num_layers': 3, 'model__module__patch_size': 32, 'model__optimizer__weight_decay': 0.0001}",0.9794721407624634,0.6957218027911233,0.894927536231884,0.46467817896389324,0.592074592074592,0.7253748501647911,0.18969689657046673,119,0.8781026329831276,0.9946019458102312,0.8800191969284914,0.460446247464503,0.9355262384098171,0.829739252319234,0.18953364186076452
72,4.534322690963745,1.6719108563566232,0.041382646560668944,0.006417263790010607,64,10,0.0001,500,128,128,0.1,4,2,16,0.0001,"{'model__batch_size': 64, 'model__callbacks__early_stopping__patience': 10, 'model__lr': 0.0001, 'model__max_epochs': 500, 'model__module__d_model': 128, 'model__module__dim_feedforward': 128, 'model__module__dropout': 0.1, 'model__module__nhead': 4, 'model__module__num_layers': 2, 'model__module__patch_size': 16, 'model__optimizer__weight_decay': 0.0001}",0.9581117021276595,0.7017045454545454,0.894927536231884,0.38613861386138615,0.625,0.713176479535095,0.20390545469704083,195,0.8542354235423543,0.9733134735927512,0.9198603230030554,0.47035398230088493,0.9565001432801605,0.8348526691438412,0.18677836460647487
73,3.1037100315093995,1.1117304769105907,0.040109443664550784,0.007156435365653688,64,10,0.0001,500,128,128,0.1,4,2,32,0.0001,"{'model__batch_size': 64, 'model__callbacks__early_stopping__patience': 10, 'model__lr': 0.0001, 'model__max_epochs': 500, 'model__module__d_model': 128, 'model__module__dim_feedforward': 128, 'model__module__dropout': 0.1, 'model__module__nhead': 4, 'model__module__num_layers': 2, 'model__module__patch_size': 32, 'model__optimizer__weight_decay': 0.0001}",1.0,0.755,0.894927536231884,0.39805825242718446,0.625,0.7345971577318136,0.21063273567665514,78,0.886796307646589,0.944396551724138,0.8918899242865463,0.4291845493562232,0.8825259247794459,0.8069586515585885,0.1902105327764848
74,5.230684566497803,2.130389966824168,0.04274439811706543,0.006708994885285596,64,10,0.0001,500,128,128,0.1,4,3,16,0.0001,"{'model__batch_size': 64, 'model__callbacks__early_stopping__patience': 10, 'model__lr': 0.0001, 'model__max_epochs': 500, 'model__module__d_model': 128, 'model__module__dim_feedforward': 128, 'model__module__dropout': 0.1, 'model__module__nhead': 4, 'model__module__num_layers': 3, 'model__module__patch_size': 16, 'model__optimizer__weight_decay': 0.0001}",0.9597186700767264,0.65,0.8512820512820514,0.47393939393939394,0.5323936026023313,0.6934667435801007,0.1853763369421252,277,0.8732518318697506,0.9782828282828283,0.9053030303030303,0.5185520361990951,0.9463869463869464,0.84435533460833,0.16675997228524905
75,2.9888778209686278,1.0702547895031926,0.04193334579467774,0.007122284106562859,64,10,0.0001,500,128,128,0.1,4,3,32,0.0001,"{'model__batch_size': 64, 'model__callbacks__early_stopping__patience': 10, 'model__lr': 0.0001, 'model__max_epochs': 500, 'model__module__d_model': 128, 'model__module__dim_feedforward': 128, 'model__module__dropout': 0.1, 'model__module__nhead': 4, 'model__module__num_layers': 3, 'model__module__patch_size': 32, 'model__optimizer__weight_decay': 0.0001}",0.9794721407624634,0.685,0.8725274725274725,0.39805825242718446,0.6196754563894523,0.7109466644213145,0.20254239564243146,211,0.8334119126198334,0.9726943674195119,0.909636962533688,0.430406852248394,0.9249302712005223,0.8142160732043899,0.1970564121450341
76,4.730399799346924,1.8059056150048836,0.04171428680419922,0.008492540253449152,64,10,0.0001,500,128,128,0.25,4,2,16,0.0001,"{'model__batch_size': 64, 'model__callbacks__early_stopping__patience': 10, 'model__lr': 0.0001, 'model__max_epochs': 500, 'model__module__d_model': 128, 'model__module__dim_feedforward': 128, 'model__module__dropout': 0.25, 'model__module__nhead': 4, 'model__module__num_layers': 2, 'model__module__patch_size': 16, 'model__optimizer__weight_decay': 0.0001}",0.9794721407624634,0.6811316231119635,0.8512820512820514,0.447415329768271,0.613716454323665,0.7146035198496828,0.18521582226116612,186,0.9254571026722925,0.9785304152450695,0.9723076923076923,0.46811114095562123,0.9314734561213435,0.8551759614604038,0.19468748568604813
77,3.2920729637146,1.1973354987031937,0.04093022346496582,0.007940358827249965,64,10,0.0001,500,128,128,0.25,4,2,32,0.0001,"{'model__batch_size': 64, 'model__callbacks__early_stopping__patience': 10, 'model__lr': 0.0001, 'model__max_epochs': 500, 'model__module__d_model': 128, 'model__module__dim_feedforward': 128, 'model__module__dropout': 0.25, 'model__module__nhead': 4, 'model__module__num_layers': 2, 'model__module__patch_size': 32, 'model__optimizer__weight_decay': 0.0001}",0.9794721407624634,0.6140014385039558,0.8725274725274725,0.47393939393939394,0.6543778801843317,0.7188636651835235,0.18257696729141065,157,0.8935315387705905,0.9560514436589729,0.9147727272727273,0.44648198725451943,0.9407494145199062,0.8303174222953433,0.19311273043924534
78,5.786054229736328,2.4812778769383455,0.04407391548156738,0.007290625209771166,64,10,0.0001,500,128,128,0.25,4,3,16,0.0001,"{'model__batch_size': 64, 'model__callbacks__early_stopping__patience': 10, 'model__lr': 0.0001, 'model__max_epochs': 500, 'model__module__d_model': 128, 'model__module__dim_feedforward': 128, 'model__module__dropout': 0.25, 'model__module__nhead': 4, 'model__module__num_layers': 3, 'model__module__patch_size': 16, 'model__optimizer__weight_decay': 0.0001}",0.9597186700767264,0.7068243409706825,0.894927536231884,0.38613861386138615,0.5323936026023313,0.696000552748602,0.2154149483501244,274,0.9326629882387106,0.9946626947185502,0.9310509201722876,0.48097560975609754,0.941262962389723,0.8561230350550737,0.18902390729014354
79,3.340194749832153,1.1748079028235143,0.0435546875,0.004767924761341467,64,10,0.0001,500,128,128,0.25,4,3,32,0.0001,"{'model__batch_size': 64, 'model__callbacks__early_stopping__patience': 10, 'model__lr': 0.0001, 'model__max_epochs': 500, 'model__module__d_model': 128, 'model__module__dim_feedforward': 128, 'model__module__dropout': 0.25, 'model__module__nhead': 4, 'model__module__num_layers': 3, 'model__module__patch_size': 32, 'model__optimizer__weight_decay': 0.0001}",0.9794721407624634,0.7334348819497334,0.8725274725274725,0.5053763440860215,0.6086956521739131,0.7399012982999207,0.17160569973823014,62,0.9010898775753956,0.9733134735927512,0.8906131651723591,0.6197910940076965,0.9118944435845844,0.8593404107865574,0.12317196411684497
80,4.85645318031311,1.8901830308488012,0.042480754852294925,0.005929678477653542,64,10,0.0001,500,128,256,0.1,4,2,16,0.0001,"{'model__batch_size': 64, 'model__callbacks__early_stopping__patience': 10, 'model__lr': 0.0001, 'model__max_epochs': 500, 'model__module__d_model': 128, 'model__module__dim_feedforward': 256, 'model__module__dropout': 0.1, 'model__module__nhead': 4, 'model__module__num_layers': 2, 'model__module__patch_size': 16, 'model__optimizer__weight_decay': 0.0001}",0.9794721407624634,0.6938775510204082,0.8725274725274725,0.46467817896389324,0.6277915632754343,0.7276693813099342,0.18147745595536763,112,0.8658227848101265,0.9782828282828283,0.9441533370104799,0.48800831016467566,0.980586249232658,0.8513707019001536,0.18636150530707263
81,3.1684578895568847,1.3267018848488592,0.04177560806274414,0.008866881360297429,64,10,0.0001,500,128,256,0.1,4,2,32,0.0001,"{'model__batch_size': 64, 'model__callbacks__early_stopping__patience': 10, 'model__lr': 0.0001, 'model__max_epochs': 500, 'model__module__d_model': 128, 'model__module__dim_feedforward': 256, 'model__module__dropout': 0.1, 'model__module__nhead': 4, 'model__module__num_layers': 2, 'model__module__patch_size': 32, 'model__optimizer__weight_decay': 0.0001}",0.9794721407624634,0.7017045454545454,0.9186535764375876,0.36082474226804123,0.6027542372881356,0.7126818484421547,0.22343205537698152,199,0.8394912174439734,0.9838058374306935,0.9571964559370101,0.4291845493562232,0.9111241217798595,0.8241604363895518,0.2034644457062641
82,5.353883409500122,0.48661048203668866,0.04530344009399414,0.007966239114248423,64,10,0.0001,500,128,256,0.1,4,3,16,0.0001,"{'model__batch_size': 64, 'model__callbacks__early_stopping__patience': 10, 'model__lr': 0.0001, 'model__max_epochs': 500, 'model__module__d_model': 128, 'model__module__dim_feedforward': 256, 'model__module__dropout': 0.1, 'model__module__nhead': 4, 'model__module__num_layers': 3, 'model__module__patch_size': 16, 'model__optimizer__weight_decay': 0.0001}",0.9597186700767264,0.6978928662096979,0.8725274725274725,0.7110904007455732,0.5608899297423888,0.7604238678603717,0.14031631834942654,44,0.8514372982273,0.8986645718774549,0.9218577095285926,0.9255497800879648,0.9522497357692888,0.9099518190981202,0.03383936013362643
83,3.2691540718078613,1.4470039405018984,0.040091085433959964,0.00478114548205518,64,10,0.0001,500,128,256,0.1,4,3,32,0.0001,"{'model__batch_size': 64, 'model__callbacks__early_stopping__patience': 10, 'model__lr': 0.0001, 'model__max_epochs': 500, 'model__module__d_model': 128, 'model__module__dim_feedforward': 256, 'model__module__dropout': 0.1, 'model__module__nhead': 4, 'model__module__num_layers': 3, 'model__module__patch_size': 32, 'model__optimizer__weight_decay': 0.0001}",0.9406593406593406,0.7216374269005847,0.8725274725274725,0.4555173730431462,0.5939013964092335,0.7168486019079555,0.17762889230221274,173,0.9216208222419402,1.0,0.8939285714285714,0.6155975212481937,0.9314734561213435,0.8725240742080098,0.13312027499150875
84,5.450138664245605,2.5109015138872293,0.04041647911071777,0.005964369976366874,64,10,0.0001,500,128,256,0.25,4,2,16,0.0001,"{'model__batch_size': 64, 'model__callbacks__early_stopping__patience': 10, 'model__lr': 0.0001, 'model__max_epochs': 500, 'model__module__d_model': 128, 'model__module__dim_feedforward': 256, 'model__module__dropout': 0.25, 'model__module__nhead': 4, 'model__module__num_layers': 2, 'model__module__patch_size': 16, 'model__optimizer__weight_decay': 0.0001}",0.9794721407624634,0.6762257169287696,0.8725274725274725,0.39805825242718446,0.6277915632754343,0.7108150291842648,0.20210575239456788,212,0.9055789967182373,1.0,0.9392428727216078,0.45714285714285713,0.9756304301758847,0.8555190313517175,0.2017526982979708
85,3.116653299331665,1.1572069188594039,0.03738842010498047,0.0050426865995113765,64,10,0.0001,500,128,256,0.25,4,2,32,0.0001,"{'model__batch_size': 64, 'model__callbacks__early_stopping__patience': 10, 'model__lr': 0.0001, 'model__max_epochs': 500, 'model__module__d_model': 128, 'model__module__dim_feedforward': 256, 'model__module__dropout': 0.25, 'model__module__nhead': 4, 'model__module__num_layers': 2, 'model__module__patch_size': 32, 'model__optimizer__weight_decay': 0.0001}",0.9794721407624634,0.72,0.894927536231884,0.39805825242718446,0.5833333333333334,0.715158252550973,0.20982492167529965,179,0.9422825613474662,1.0,0.9441533370104799,0.43162393162393164,0.9308743169398908,0.8497868293843537,0.21045659149611423
86,5.054286670684815,2.1409912859508107,0.04719653129577637,0.006077985655593816,64,10,0.0001,500,128,256,0.25,4,3,16,0.0001,"{'model__batch_size': 64, 'model__callbacks__early_stopping__patience': 10, 'model__lr': 0.0001, 'model__max_epochs': 500, 'model__module__d_model': 128, 'model__module__dim_feedforward': 256, 'model__module__dropout': 0.25, 'model__module__nhead': 4, 'model__module__num_layers': 3, 'model__module__patch_size': 16, 'model__optimizer__weight_decay': 0.0001}",0.9794721407624634,0.685,0.9186535764375876,0.40817105765559375,0.544,0.707059354971129,0.21697466353383976,241,0.8573076923076923,0.8832290980908493,0.9053030303030303,0.5042358522534733,0.980586249232658,0.8261323844375408,0.16611640465639876
87,3.4471909046173095,1.256031620253531,0.044855356216430664,0.008835137681888193,64,10,0.0001,500,128,256,0.25,4,3,32,0.0001,"{'model__batch_size': 64, 'model__callbacks__early_stopping__patience': 10, 'model__lr': 0.0001, 'model__max_epochs': 500, 'model__module__d_model': 128, 'model__module__dim_feedforward': 256, 'model__module__dropout': 0.25, 'model__module__nhead': 4, 'model__module__num_layers': 3, 'model__module__patch_size': 32, 'model__optimizer__weight_decay': 0.0001}",0.9794721407624634,0.7523809523809524,0.894927536231884,0.4928971157985364,0.5511541749786264,0.7341663840304925,0.1887088558061783,79,0.8671087089764307,0.9263488438481302,0.9255377826806398,0.43162393162393164,0.9371668736268985,0.817557228151206,0.19452595801775854
88,4.544734716415405,1.7014701801852619,0.04317078590393066,0.008206941078639306,64,10,0.0001,500,128,384,0.1,4,2,16,0.0001,"{'model__batch_size': 64, 'model__callbacks__early_stopping__patience': 10, 'model__lr': 0.0001, 'model__max_epochs': 500, 'model__module__d_model': 128, 'model__module__dim_feedforward': 384, 'model__module__dropout': 0.1, 'model__module__nhead': 4, 'model__module__num_layers': 2, 'model__module__patch_size': 16, 'model__optimizer__weight_decay': 0.0001}",0.9794721407624634,0.6623508504696624,0.8725274725274725,0.447415329768271,0.5812655086848635,0.7086062604425465,0.19329481170964752,230,0.871928705368362,0.9399276083229262,0.9261538461538461,0.49130869130869126,0.961172498465316,0.8380982699238284,0.17588506167012133
89,3.122385597229004,1.1842105459395194,0.039304590225219725,0.004949245149614601,64,10,0.0001,500,128,384,0.1,4,2,32,0.0001,"{'model__batch_size': 64, 'model__callbacks__early_stopping__patience': 10, 'model__lr': 0.0001, 'model__max_epochs': 500, 'model__module__d_model': 128, 'model__module__dim_feedforward': 384, 'model__module__dropout': 0.1, 'model__module__nhead': 4, 'model__module__num_layers': 2, 'model__module__patch_size': 32, 'model__optimizer__weight_decay': 0.0001}",0.9794721407624634,0.72,0.8725274725274725,0.39805825242718446,0.5833333333333334,0.7106782398100908,0.20614568258893992,213,0.9200964872606663,0.9946019458102312,0.943675683193102,0.44648198725451943,0.9608419749264819,0.8531396156890001,0.20477393289302026
90,5.0864073753356935,1.7924276813341287,0.04497847557067871,0.006825814815199572,64,10,0.0001,500,128,384,0.1,4,3,16,0.0001,"{'model__batch_size': 64, 'model__callbacks__early_stopping__patience': 10, 'model__lr': 0.0001, 'model__max_epochs': 500, 'model__module__d_model': 128, 'model__module__dim_feedforward': 384, 'model__module__dropout': 0.1, 'model__module__nhead': 4, 'model__module__num_layers': 3, 'model__module__patch_size': 16, 'model__optimizer__weight_decay': 0.0001}",0.9794721407624634,0.68774599842561,0.8725274725274725,0.39805825242718446,0.573055028462998,0.7021717785211455,0.20749979682389508,260,0.8802876709853454,0.8729064039408867,0.9255377826806398,0.460446247464503,0.9661667781067915,0.8210689766356334,0.18341746310162468
91,7.323362588882446,7.5725946318389195,0.04264364242553711,0.0069516022395890165,64,10,0.0001,500,128,384,0.1,4,3,32,0.0001,"{'model__batch_size': 64, 'model__callbacks__early_stopping__patience': 10, 'model__lr': 0.0001, 'model__max_epochs': 500, 'model__module__d_model': 128, 'model__module__dim_feedforward': 384, 'model__module__dropout': 0.1, 'model__module__nhead': 4, 'model__module__num_layers': 3, 'model__module__patch_size': 32, 'model__optimizer__weight_decay': 0.0001}",0.9794721407624634,0.6811316231119635,0.894927536231884,0.7723378212974297,0.573055028462998,0.7801848299733477,0.1453665634797021,24,0.8824312333629104,1.0,0.9431818181818181,0.9485612623762376,0.920999219359875,0.9390347066561683,0.038350887294216617
92,4.473631572723389,1.5944881786950365,0.042452096939086914,0.006397776924405244,64,10,0.0001,500,128,384,0.25,4,2,16,0.0001,"{'model__batch_size': 64, 'model__callbacks__early_stopping__patience': 10, 'model__lr': 0.0001, 'model__max_epochs': 500, 'model__module__d_model': 128, 'model__module__dim_feedforward': 384, 'model__module__dropout': 0.25, 'model__module__nhead': 4, 'model__module__num_layers': 2, 'model__module__patch_size': 16, 'model__optimizer__weight_decay': 0.0001}",0.9384164222873901,0.7068243409706825,0.894927536231884,0.5724137931034483,0.5436105476673428,0.7312385280521496,0.16170490360175796,93,0.9163277056518266,0.9239898989898989,0.9267498643516007,0.5348294957738269,0.9262605654328184,0.8456315060399945,0.15544588334496368
93,3.0075497150421144,1.0980780792448934,0.04147953987121582,0.004761313950361694,64,10,0.0001,500,128,384,0.25,4,2,32,0.0001,"{'model__batch_size': 64, 'model__callbacks__early_stopping__patience': 10, 'model__lr': 0.0001, 'model__max_epochs': 500, 'model__module__d_model': 128, 'model__module__dim_feedforward': 384, 'model__module__dropout': 0.25, 'model__module__nhead': 4, 'model__module__num_layers': 2, 'model__module__patch_size': 32, 'model__optimizer__weight_decay': 0.0001}",0.9597186700767264,0.6978928662096979,0.9186535764375876,0.39805825242718446,0.642478813559322,0.7233604357421036,0.20347804309789594,127,0.8471153846153847,0.944396551724138,0.9088145896656534,0.4450329000160488,0.961172498465316,0.8213063848973082,0.19215579340055783
94,5.02336802482605,1.747364324159775,0.04677138328552246,0.0073138342826805395,64,10,0.0001,500,128,384,0.25,4,3,16,0.0001,"{'model__batch_size': 64, 'model__callbacks__early_stopping__patience': 10, 'model__lr': 0.0001, 'model__max_epochs': 500, 'model__module__d_model': 128, 'model__module__dim_feedforward': 384, 'model__module__dropout': 0.25, 'model__module__nhead': 4, 'model__module__num_layers': 3, 'model__module__patch_size': 16, 'model__optimizer__weight_decay': 0.0001}",0.9597186700767264,0.6978928662096979,0.8512820512820514,0.39805825242718446,0.5833333333333334,0.6980570346657987,0.1975376121685824,272,0.8705574334225592,0.9131313131313131,0.9175935973955507,0.4479327952561357,0.9661667781067915,0.8230763834624699,0.19000285103357575
95,3.5522461891174317,0.27633894835213735,0.04021787643432617,0.008213104025736986,64,10,0.0001,500,128,384,0.25,4,3,32,0.0001,"{'model__batch_size': 64, 'model__callbacks__early_stopping__patience': 10, 'model__lr': 0.0001, 'model__max_epochs': 500, 'model__module__d_model': 128, 'model__module__dim_feedforward': 384, 'model__module__dropout': 0.25, 'model__module__nhead': 4, 'model__module__num_layers': 3, 'model__module__patch_size': 32, 'model__optimizer__weight_decay': 0.0001}",0.9794721407624634,0.6888888888888889,0.8725274725274725,0.7496116806461635,0.6027542372881356,0.7786508840226247,0.13340323269204737,27,0.8572649096413514,0.9892652076225348,0.8831593706184764,0.9149140343862454,0.9111241217798595,0.9111455288096935,0.04427918807437792
96,3.8054858207702638,0.8378082754089621,0.04145722389221192,0.007875481006588714,64,10,0.0002,500,96,128,0.1,4,2,16,0.0001,"{'model__batch_size': 64, 'model__callbacks__early_stopping__patience': 10, 'model__lr': 0.0002, 'model__max_epochs': 500, 'model__module__d_model': 96, 'model__module__dim_feedforward': 128, 'model__module__dropout': 0.1, 'model__module__nhead': 4, 'model__module__num_layers': 2, 'model__module__patch_size': 16, 'model__optimizer__weight_decay': 0.0001}",0.9406593406593406,0.65,0.894927536231884,0.7568627450980392,0.6309246309246309,0.7746748505827791,0.12532898664969908,31,0.8557064033686657,0.9011157482326888,0.9586305521033726,0.9019896831245394,0.9713498414615733,0.917758445658168,0.04223424201086504
97,2.3838887214660645,0.7471333265925056,0.040325260162353514,0.005791201229479146,64,10,0.0002,500,96,128,0.1,4,2,32,0.0001,"{'model__batch_size': 64, 'model__callbacks__early_stopping__patience': 10, 'model__lr': 0.0002, 'model__max_epochs': 500, 'model__module__d_model': 96, 'model__module__dim_feedforward': 128, 'model__module__dropout': 0.1, 'model__module__nhead': 4, 'model__module__num_layers': 2, 'model__module__patch_size': 32, 'model__optimizer__weight_decay': 0.0001}",1.0,0.7068243409706825,0.894927536231884,0.39805825242718446,0.592074592074592,0.7183769443408685,0.21408945242480829,164,0.8557991293532339,0.9630485933503836,0.896738752520687,0.4479327952561357,0.8976478067387158,0.8122334154438311,0.18536175518121814
98,4.648115539550782,0.5270305855099129,0.04590849876403809,0.008639161617643804,64,10,0.0002,500,96,128,0.1,4,3,16,0.0001,"{'model__batch_size': 64, 'model__callbacks__early_stopping__patience': 10, 'model__lr': 0.0002, 'model__max_epochs': 500, 'model__module__d_model': 96, 'model__module__dim_feedforward': 128, 'model__module__dropout': 0.1, 'model__module__nhead': 4, 'model__module__num_layers': 3, 'model__module__patch_size': 16, 'model__optimizer__weight_decay': 0.0001}",1.0,0.7334348819497334,0.8725274725274725,0.8154761904761905,0.6366486178398404,0.8116174325586474,0.1232392080802903,2,0.9314182194616978,0.9677956228676041,0.9589603283173734,0.9341722030800861,0.9661667781067915,0.9517026303667107,0.015745750942008394
99,2.696096658706665,0.9184597521762059,0.04123678207397461,0.0062103917825285515,64,10,0.0002,500,96,128,0.1,4,3,32,0.0001,"{'model__batch_size': 64, 'model__callbacks__early_stopping__patience': 10, 'model__lr': 0.0002, 'model__max_epochs': 500, 'model__module__d_model': 96, 'model__module__dim_feedforward': 128, 'model__module__dropout': 0.1, 'model__module__nhead': 4, 'model__module__num_layers': 3, 'model__module__patch_size': 32, 'model__optimizer__weight_decay': 0.0001}",0.9794721407624634,0.768976897689769,0.9186535764375876,0.39805825242718446,0.6048009367681498,0.7339923608170308,0.21219149557141945,80,0.9046419575386829,0.9946626947185502,0.9228571428571428,0.5064935064935064,0.920999219359875,0.8499309041935514,0.17450431421135915
100,3.8127501964569093,0.43490557102188576,0.04141631126403809,0.006831980531522156,64,10,0.0002,500,96,128,0.25,4,2,16,0.0001,"{'model__batch_size': 64, 'model__callbacks__early_stopping__patience': 10, 'model__lr': 0.0002, 'model__max_epochs': 500, 'model__module__d_model': 96, 'model__module__dim_feedforward': 128, 'model__module__dropout': 0.25, 'model__module__nhead': 4, 'model__module__num_layers': 2, 'model__module__patch_size': 16, 'model__optimizer__weight_decay': 0.0001}",0.9794721407624634,0.6623508504696624,0.894927536231884,0.7316017316017316,0.625,0.7786704518131483,0.13652644417983484,26,0.8628364389233955,0.9565656565656566,0.9348455598455598,0.8802096127077704,0.9463869463869464,0.9161688428858656,0.037500047035948225
101,2.5033515453338624,0.8998017406867199,0.0404879093170166,0.006190348733934253,64,10,0.0002,500,96,128,0.25,4,2,32,0.0001,"{'model__batch_size': 64, 'model__callbacks__early_stopping__patience': 10, 'model__lr': 0.0002, 'model__max_epochs': 500, 'model__module__d_model': 96, 'model__module__dim_feedforward': 128, 'model__module__dropout': 0.25, 'model__module__nhead': 4, 'model__module__num_layers': 2, 'model__module__patch_size': 32, 'model__optimizer__weight_decay': 0.0001}",0.9794721407624634,0.7482618077199712,0.9186535764375876,0.39805825242718446,0.6196754563894523,0.7328242467473317,0.20998902894990565,84,0.9254571026722925,0.9892652076225348,0.8982758930013097,0.460446247464503,0.8967647916059458,0.8340418484733171,0.18978139692320237
102,4.368274068832397,0.45895258561424374,0.046433305740356444,0.006290667584473412,64,10,0.0002,500,96,128,0.25,4,3,16,0.0001,"{'model__batch_size': 64, 'model__callbacks__early_stopping__patience': 10, 'model__lr': 0.0002, 'model__max_epochs': 500, 'model__module__d_model': 96, 'model__module__dim_feedforward': 128, 'model__module__dropout': 0.25, 'model__module__nhead': 4, 'model__module__num_layers': 3, 'model__module__patch_size': 16, 'model__optimizer__weight_decay': 0.0001}",1.0,0.6938775510204082,0.8725274725274725,0.6964504283965729,0.5630296610169492,0.7651770225922805,0.15319038155703638,38,0.9307629143027769,0.957060830490139,0.9261538461538461,0.9369070208728653,0.9249302712005223,0.93516297660403,0.011728520237671519
103,4.320328617095948,4.153165865244868,0.04061570167541504,0.007937955630752863,64,10,0.0002,500,96,128,0.25,4,3,32,0.0001,"{'model__batch_size': 64, 'model__callbacks__early_stopping__patience': 10, 'model__lr': 0.0002, 'model__max_epochs': 500, 'model__module__d_model': 96, 'model__module__dim_feedforward': 128, 'model__module__dropout': 0.25, 'model__module__nhead': 4, 'model__module__num_layers': 3, 'model__module__patch_size': 32, 'model__optimizer__weight_decay': 0.0001}",0.9794721407624634,0.7278911564625851,0.894927536231884,0.39805825242718446,0.597953216374269,0.7196604604516772,0.20810047328270534,149,0.8084250014653875,1.0,0.916923076923077,0.43162393162393164,0.9314734561213435,0.817689093226748,0.2025653790200237
104,3.506125020980835,0.2994193758767968,0.04037971496582031,0.005526830643497927,64,10,0.0002,500,96,256,0.1,4,2,16,0.0001,"{'model__batch_size': 64, 'model__callbacks__early_stopping__patience': 10, 'model__lr': 0.0002, 'model__max_epochs': 500, 'model__module__d_model': 96, 'model__module__dim_feedforward': 256, 'model__module__dropout': 0.1, 'model__module__nhead': 4, 'model__module__num_layers': 2, 'model__module__patch_size': 16, 'model__optimizer__weight_decay': 0.0001}",0.9794721407624634,0.7110423116615068,0.8512820512820514,0.726010101010101,0.613716454323665,0.7763046118079575,0.12658773703839535,29,0.9046419575386829,0.9502602660497397,0.9212138896994456,0.9424864864864866,0.9661667781067915,0.9369538755762292,0.021692720842920645
105,2.3554819583892823,0.7348985717893383,0.041685628890991214,0.006086629330188793,64,10,0.0002,500,96,256,0.1,4,2,32,0.0001,"{'model__batch_size': 64, 'model__callbacks__early_stopping__patience': 10, 'model__lr': 0.0002, 'model__max_epochs': 500, 'model__module__d_model': 96, 'model__module__dim_feedforward': 256, 'model__module__dropout': 0.1, 'model__module__nhead': 4, 'model__module__num_layers': 2, 'model__module__patch_size': 32, 'model__optimizer__weight_decay': 0.0001}",0.9794721407624634,0.7146967154159674,0.894927536231884,0.39805825242718446,0.597953216374269,0.7170215722423536,0.20806302442071672,172,0.8956399437412096,0.9496476200802342,0.9280115181570948,0.43162393162393164,0.9202898550724639,0.8250425737349868,0.1974655829781924
106,4.251084709167481,0.8504575711658575,0.04340085983276367,0.008461290045487837,64,10,0.0002,500,96,256,0.1,4,3,16,0.0001,"{'model__batch_size': 64, 'model__callbacks__early_stopping__patience': 10, 'model__lr': 0.0002, 'model__max_epochs': 500, 'model__module__d_model': 96, 'model__module__dim_feedforward': 256, 'model__module__dropout': 0.1, 'model__module__nhead': 4, 'model__module__num_layers': 3, 'model__module__patch_size': 16, 'model__optimizer__weight_decay': 0.0001}",0.9794721407624634,0.6811316231119635,0.8725274725274725,0.6585067319461444,0.6822033898305084,0.7747682716357105,0.12830694470356463,30,0.9126373626373627,0.9681533903884134,0.916923076923077,0.9042782886845262,0.9664411725693063,0.9336866582405371,0.027747996460237703
107,2.620015811920166,0.3600253044861683,0.04154834747314453,0.008230784130082772,64,10,0.0002,500,96,256,0.1,4,3,32,0.0001,"{'model__batch_size': 64, 'model__callbacks__early_stopping__patience': 10, 'model__lr': 0.0002, 'model__max_epochs': 500, 'model__module__d_model': 96, 'model__module__dim_feedforward': 256, 'model__module__dropout': 0.1, 'model__module__nhead': 4, 'model__module__num_layers': 3, 'model__module__patch_size': 32, 'model__optimizer__weight_decay': 0.0001}",0.9794721407624634,0.7244817633167148,0.9186535764375876,0.8154761904761905,0.4730679156908665,0.7822303173367645,0.17750336148684837,22,0.8454990671641791,0.9082330787739303,0.8596256684491979,0.9361855257896841,0.9608419749264819,0.9020770630206947,0.04394949180574756
108,3.924539852142334,0.7711938052029603,0.04197812080383301,0.006343770680874665,64,10,0.0002,500,96,256,0.25,4,2,16,0.0001,"{'model__batch_size': 64, 'model__callbacks__early_stopping__patience': 10, 'model__lr': 0.0002, 'model__max_epochs': 500, 'model__module__d_model': 96, 'model__module__dim_feedforward': 256, 'model__module__dropout': 0.25, 'model__module__nhead': 4, 'model__module__num_layers': 2, 'model__module__patch_size': 16, 'model__optimizer__weight_decay': 0.0001}",1.0,0.7110423116615068,0.8725274725274725,0.7886363636363636,0.6027542372881356,0.7949920770226957,0.13570801837931964,12,0.8946042688585443,0.9836166204517072,0.9310509201722876,0.9327695149217459,0.9661667781067915,0.9416416205022153,0.03087644285486537
109,2.354269027709961,0.76301477314915,0.041086864471435544,0.00802455020041393,64,10,0.0002,500,96,256,0.25,4,2,32,0.0001,"{'model__batch_size': 64, 'model__callbacks__early_stopping__patience': 10, 'model__lr': 0.0002, 'model__max_epochs': 500, 'model__module__d_model': 96, 'model__module__dim_feedforward': 256, 'model__module__dropout': 0.25, 'model__module__nhead': 4, 'model__module__num_layers': 2, 'model__module__patch_size': 32, 'model__optimizer__weight_decay': 0.0001}",0.9597186700767264,0.7146967154159674,0.894927536231884,0.39805825242718446,0.5874192776847644,0.7109640903673053,0.20440582525373766,210,0.8901326699834162,0.9490107380487055,0.9198603230030554,0.43162393162393164,0.9202898550724639,0.8221835035463145,0.1961655592198455
110,4.490194034576416,0.7901876583819217,0.04358067512512207,0.006749221393907908,64,10,0.0002,500,96,256,0.25,4,3,16,0.0001,"{'model__batch_size': 64, 'model__callbacks__early_stopping__patience': 10, 'model__lr': 0.0002, 'model__max_epochs': 500, 'model__module__d_model': 96, 'model__module__dim_feedforward': 256, 'model__module__dropout': 0.25, 'model__module__nhead': 4, 'model__module__num_layers': 3, 'model__module__patch_size': 16, 'model__optimizer__weight_decay': 0.0001}",0.9794721407624634,0.7278911564625851,0.8310445276737412,0.7785714285714285,0.625,0.7883958506940436,0.11728989691575765,17,0.8701567917985829,0.973009729051156,0.9070781232075256,0.9485612623762376,0.9664411725693063,0.9330494158005618,0.03894212020982758
111,2.620351266860962,0.8517111003544667,0.04353575706481934,0.003847690523392691,64,10,0.0002,500,96,256,0.25,4,3,32,0.0001,"{'model__batch_size': 64, 'model__callbacks__early_stopping__patience': 10, 'model__lr': 0.0002, 'model__max_epochs': 500, 'model__module__d_model': 96, 'model__module__dim_feedforward': 256, 'model__module__dropout': 0.25, 'model__module__nhead': 4, 'model__module__num_layers': 3, 'model__module__patch_size': 32, 'model__optimizer__weight_decay': 0.0001}",0.9794721407624634,0.7244817633167148,0.8725274725274725,0.39805825242718446,0.6366486178398404,0.722237649374735,0.20058884030500188,133,0.8438236680810938,0.9622136206716183,0.9273265594509117,0.43162393162393164,0.921683949852964,0.8173343459361039,0.19669841840541064
112,3.3784934520721435,1.1395542992441858,0.04448866844177246,0.007740289458775624,64,10,0.0002,500,96,384,0.1,4,2,16,0.0001,"{'model__batch_size': 64, 'model__callbacks__early_stopping__patience': 10, 'model__lr': 0.0002, 'model__max_epochs': 500, 'model__module__d_model': 96, 'model__module__dim_feedforward': 384, 'model__module__dropout': 0.1, 'model__module__nhead': 4, 'model__module__num_layers': 2, 'model__module__patch_size': 16, 'model__optimizer__weight_decay': 0.0001}",0.9794721407624634,0.72,0.8725274725274725,0.4373865698729582,0.592074592074592,0.7202921550474972,0.19330041687263377,147,0.9109808898178561,0.9560514436589729,0.9446153846153846,0.5671445176288261,0.9510524686581024,0.8659689408758284,0.15024076583730175
113,2.801500940322876,0.3803633619722858,0.04175138473510742,0.006222951652883026,64,10,0.0002,500,96,384,0.1,4,2,32,0.0001,"{'model__batch_size': 64, 'model__callbacks__early_stopping__patience': 10, 'model__lr': 0.0002, 'model__max_epochs': 500, 'model__module__d_model': 96, 'model__module__dim_feedforward': 384, 'model__module__dropout': 0.1, 'model__module__nhead': 4, 'model__module__num_layers': 2, 'model__module__patch_size': 32, 'model__optimizer__weight_decay': 0.0001}",0.9794721407624634,0.7277510867078472,0.8725274725274725,0.6344086021505376,0.6697746697746698,0.7767867943845981,0.1299040200704369,28,0.9101085481682496,0.9946019458102312,0.9278846153846154,0.9064039408866995,0.9561347743165924,0.9390267649132777,0.03288143585907888
114,4.858015298843384,1.2385007472950504,0.04532923698425293,0.008008794523699674,64,10,0.0002,500,96,384,0.1,4,3,16,0.0001,"{'model__batch_size': 64, 'model__callbacks__early_stopping__patience': 10, 'model__lr': 0.0002, 'model__max_epochs': 500, 'model__module__d_model': 96, 'model__module__dim_feedforward': 384, 'model__module__dropout': 0.1, 'model__module__nhead': 4, 'model__module__num_layers': 3, 'model__module__patch_size': 16, 'model__optimizer__weight_decay': 0.0001}",0.9222222222222223,0.7277510867078472,0.8725274725274725,0.6868686868686869,0.5939013964092335,0.7606541729470925,0.1207917788829614,43,0.8813078530904748,0.9892652076225348,0.9010039284155391,0.9418371200826923,0.9568529361605367,0.9340534090743555,0.03873786039317535
115,3.4003798961639404,1.4206134590668682,0.04292449951171875,0.007654088663020799,64,10,0.0002,500,96,384,0.1,4,3,32,0.0001,"{'model__batch_size': 64, 'model__callbacks__early_stopping__patience': 10, 'model__lr': 0.0002, 'model__max_epochs': 500, 'model__module__d_model': 96, 'model__module__dim_feedforward': 384, 'model__module__dropout': 0.1, 'model__module__nhead': 4, 'model__module__num_layers': 3, 'model__module__patch_size': 32, 'model__optimizer__weight_decay': 0.0001}",0.9794721407624634,0.7413155949741316,0.894927536231884,0.7942684766214179,0.573055028462998,0.7966077554105789,0.13866843886591848,8,0.8318527918781726,0.9946626947185502,0.896738752520687,0.9634004914004914,0.9463869463869464,0.9266083353809694,0.05700360870593521
116,3.9374735832214354,1.042415785065338,0.042771530151367185,0.007845221807339993,64,10,0.0002,500,96,384,0.25,4,2,16,0.0001,"{'model__batch_size': 64, 'model__callbacks__early_stopping__patience': 10, 'model__lr': 0.0002, 'model__max_epochs': 500, 'model__module__d_model': 96, 'model__module__dim_feedforward': 384, 'model__module__dropout': 0.25, 'model__module__nhead': 4, 'model__module__num_layers': 2, 'model__module__patch_size': 16, 'model__optimizer__weight_decay': 0.0001}",0.9794721407624634,0.6475665308079597,0.8512820512820514,0.7416666666666667,0.6196754563894523,0.7679325691817187,0.13330729824970644,37,0.8701567917985829,0.9946626947185502,0.8906131651723591,0.9437166984053705,0.9711187214611872,0.93405361431121,0.04713922896838429
117,2.7426818370819093,1.2674525255543017,0.040534019470214844,0.007962397526888106,64,10,0.0002,500,96,384,0.25,4,2,32,0.0001,"{'model__batch_size': 64, 'model__callbacks__early_stopping__patience': 10, 'model__lr': 0.0002, 'model__max_epochs': 500, 'model__module__d_model': 96, 'model__module__dim_feedforward': 384, 'model__module__dropout': 0.25, 'model__module__nhead': 4, 'model__module__num_layers': 2, 'model__module__patch_size': 32, 'model__optimizer__weight_decay': 0.0001}",0.9794721407624634,0.7086031452358927,0.8725274725274725,0.46467817896389324,0.613716454323665,0.7277994783626773,0.18270280516240936,111,0.8966401069816683,0.9946019458102312,0.9255377826806398,0.49004329004329006,0.9454452786544607,0.850453680834058,0.1830128870066066
118,4.557450628280639,0.9165450657474771,0.046103715896606445,0.006233439015057193,64,10,0.0002,500,96,384,0.25,4,3,16,0.0001,"{'model__batch_size': 64, 'model__callbacks__early_stopping__patience': 10, 'model__lr': 0.0002, 'model__max_epochs': 500, 'model__module__d_model': 96, 'model__module__dim_feedforward': 384, 'model__module__dropout': 0.25, 'model__module__nhead': 4, 'model__module__num_layers': 3, 'model__module__patch_size': 16, 'model__optimizer__weight_decay': 0.0001}",0.9406593406593406,0.6888888888888889,0.894927536231884,0.7110904007455732,0.625,0.7721132333051374,0.12311256988483023,34,0.8824312333629104,0.9622136206716183,0.8958333333333333,0.9272030651340997,0.9568529361605367,0.9249068377324996,0.031834156319684115
119,3.174068975448608,0.488426532121523,0.043744468688964845,0.00736606638248206,64,10,0.0002,500,96,384,0.25,4,3,32,0.0001,"{'model__batch_size': 64, 'model__callbacks__early_stopping__patience': 10, 'model__lr': 0.0002, 'model__max_epochs': 500, 'model__module__d_model': 96, 'model__module__dim_feedforward': 384, 'model__module__dropout': 0.25, 'model__module__nhead': 4, 'model__module__num_layers': 3, 'model__module__patch_size': 32, 'model__optimizer__weight_decay': 0.0001}",0.9406593406593406,0.7413155949741316,0.9186535764375876,0.7110904007455732,0.6196754563894523,0.7862788738412171,0.12392585853000976,18,0.8771047374429224,0.9560514436589729,0.9205483720205639,0.9592805204745503,0.961799788615431,0.9349569724424882,0.032593365415155263
120,3.041334390640259,0.9777566732544476,0.04557638168334961,0.00986571739965288,64,10,0.0002,500,128,128,0.1,4,2,16,0.0001,"{'model__batch_size': 64, 'model__callbacks__early_stopping__patience': 10, 'model__lr': 0.0002, 'model__max_epochs': 500, 'model__module__d_model': 128, 'model__module__dim_feedforward': 128, 'model__module__dropout': 0.1, 'model__module__nhead': 4, 'model__module__num_layers': 2, 'model__module__patch_size': 16, 'model__optimizer__weight_decay': 0.0001}",0.9794721407624634,0.6938775510204082,0.9186535764375876,0.38613861386138615,0.6366486178398404,0.7229580999843371,0.2125269601197977,129,0.9223443223443224,0.9565656565656566,0.8958333333333333,0.4450329000160488,0.9463869463869464,0.8332326317292613,0.19522997049057397
121,2.1147705554962157,0.6169408244112902,0.03943114280700684,0.005090390704234058,64,10,0.0002,500,128,128,0.1,4,2,32,0.0001,"{'model__batch_size': 64, 'model__callbacks__early_stopping__patience': 10, 'model__lr': 0.0002, 'model__max_epochs': 500, 'model__module__d_model': 128, 'model__module__dim_feedforward': 128, 'model__module__dropout': 0.1, 'model__module__nhead': 4, 'model__module__num_layers': 2, 'model__module__patch_size': 32, 'model__optimizer__weight_decay': 0.0001}",0.9794721407624634,0.7482618077199712,0.8310445276737412,0.39805825242718446,0.642478813559322,0.7198631084285363,0.19499299383036184,148,0.8745288914982671,0.9785304152450695,0.9133606931144551,0.43162393162393164,0.9568529361605367,0.8309793735284519,0.2028711290411928
122,4.30398473739624,0.4868702325250287,0.0452171802520752,0.007556169713874015,64,10,0.0002,500,128,128,0.1,4,3,16,0.0001,"{'model__batch_size': 64, 'model__callbacks__early_stopping__patience': 10, 'model__lr': 0.0002, 'model__max_epochs': 500, 'model__module__d_model': 128, 'model__module__dim_feedforward': 128, 'model__module__dropout': 0.1, 'model__module__nhead': 4, 'model__module__num_layers': 3, 'model__module__patch_size': 16, 'model__optimizer__weight_decay': 0.0001}",1.0,0.7068243409706825,0.8725274725274725,0.6964504283965729,0.5939013964092335,0.7739407276607922,0.14404558827943545,32,0.9134238420211993,0.9785304152450695,0.90612613865517,0.9491006505931879,0.9565001432801605,0.9407362379589574,0.027168694823655002
123,2.421571969985962,0.7617319388919805,0.04123992919921875,0.005744812737012299,64,10,0.0002,500,128,128,0.1,4,3,32,0.0001,"{'model__batch_size': 64, 'model__callbacks__early_stopping__patience': 10, 'model__lr': 0.0002, 'model__max_epochs': 500, 'model__module__d_model': 128, 'model__module__dim_feedforward': 128, 'model__module__dropout': 0.1, 'model__module__nhead': 4, 'model__module__num_layers': 3, 'model__module__patch_size': 32, 'model__optimizer__weight_decay': 0.0001}",0.9794721407624634,0.6475665308079597,0.9186535764375876,0.39805825242718446,0.625,0.713750100087039,0.2119017816386274,190,0.9314182194616978,0.978768926925609,0.9337121212121212,0.43162393162393164,0.9565001432801605,0.846404668500704,0.20810298667019705
124,3.3543614864349367,1.3852247161032178,0.04251208305358887,0.005800557207828083,64,10,0.0002,500,128,128,0.25,4,2,16,0.0001,"{'model__batch_size': 64, 'model__callbacks__early_stopping__patience': 10, 'model__lr': 0.0002, 'model__max_epochs': 500, 'model__module__d_model': 128, 'model__module__dim_feedforward': 128, 'model__module__dropout': 0.25, 'model__module__nhead': 4, 'model__module__num_layers': 2, 'model__module__patch_size': 16, 'model__optimizer__weight_decay': 0.0001}",0.9794721407624634,0.6723330869672333,0.8512820512820514,0.39805825242718446,0.5532245532245532,0.690874016932697,0.20690665888170753,282,0.8845665801784057,0.9892652076225348,0.9411813992459154,0.4741895402688354,0.918499990525458,0.8415405435682299,0.18680023148676927
125,2.320517158508301,0.7471544970264372,0.04399394989013672,0.009147716009453072,64,10,0.0002,500,128,128,0.25,4,2,32,0.0001,"{'model__batch_size': 64, 'model__callbacks__early_stopping__patience': 10, 'model__lr': 0.0002, 'model__max_epochs': 500, 'model__module__d_model': 128, 'model__module__dim_feedforward': 128, 'model__module__dropout': 0.25, 'model__module__nhead': 4, 'model__module__num_layers': 2, 'model__module__patch_size': 32, 'model__optimizer__weight_decay': 0.0001}",0.9794721407624634,0.685,0.894927536231884,0.39805825242718446,0.5833333333333334,0.7081582525509731,0.2101302293620774,234,0.8732518318697506,0.9892652076225348,0.9132142857142858,0.46377942515281567,0.961172498465316,0.8401366497649405,0.1923386181289796
126,3.9543822765350343,1.6524155016658255,0.046729326248168945,0.005295278477485953,64,10,0.0002,500,128,128,0.25,4,3,16,0.0001,"{'model__batch_size': 64, 'model__callbacks__early_stopping__patience': 10, 'model__lr': 0.0002, 'model__max_epochs': 500, 'model__module__d_model': 128, 'model__module__dim_feedforward': 128, 'model__module__dropout': 0.25, 'model__module__nhead': 4, 'model__module__num_layers': 3, 'model__module__patch_size': 16, 'model__optimizer__weight_decay': 0.0001}",0.9406593406593406,0.6978928662096979,0.8310445276737412,0.41032608695652173,0.642478813559322,0.7044803270117246,0.18011847358304844,252,0.8776923076923077,0.9782828282828283,0.9255377826806398,0.5267033478415593,0.918499990525458,0.8453432514045586,0.16250160122984178
127,2.795982313156128,0.5213902157811237,0.04094743728637695,0.006090650834344664,64,10,0.0002,500,128,128,0.25,4,3,32,0.0001,"{'model__batch_size': 64, 'model__callbacks__early_stopping__patience': 10, 'model__lr': 0.0002, 'model__max_epochs': 500, 'model__module__d_model': 128, 'model__module__dim_feedforward': 128, 'model__module__dropout': 0.25, 'model__module__nhead': 4, 'model__module__num_layers': 3, 'model__module__patch_size': 32, 'model__optimizer__weight_decay': 0.0001}",0.9794721407624634,0.7758068489775807,0.9186535764375876,0.7651515151515151,0.573055028462998,0.8024278219584289,0.14111215005983152,5,0.8763992537313433,1.0,0.9242424242424242,0.9369070208728653,0.920999219359875,0.9317095836413015,0.039800244440198994
128,3.2853049278259276,0.3528261945510788,0.04364356994628906,0.0027527428513206007,64,10,0.0002,500,128,256,0.1,4,2,16,0.0001,"{'model__batch_size': 64, 'model__callbacks__early_stopping__patience': 10, 'model__lr': 0.0002, 'model__max_epochs': 500, 'model__module__d_model': 128, 'model__module__dim_feedforward': 256, 'model__module__dropout': 0.1, 'model__module__nhead': 4, 'model__module__num_layers': 2, 'model__module__patch_size': 16, 'model__optimizer__weight_decay': 0.0001}",0.9794721407624634,0.6354166666666667,0.8725274725274725,0.810281517747858,0.6793958392704474,0.7954187273949815,0.12578099227726552,10,0.8991167961017208,0.9306150313411531,0.9088145896656534,0.9215724815724815,0.9126381215469613,0.9145514040455941,0.010790129406635832
129,2.01177339553833,0.5571874347304748,0.040211725234985354,0.0048308974939027085,64,10,0.0002,500,128,256,0.1,4,2,32,0.0001,"{'model__batch_size': 64, 'model__callbacks__early_stopping__patience': 10, 'model__lr': 0.0002, 'model__max_epochs': 500, 'model__module__d_model': 128, 'model__module__dim_feedforward': 256, 'model__module__dropout': 0.1, 'model__module__nhead': 4, 'model__module__num_layers': 2, 'model__module__patch_size': 32, 'model__optimizer__weight_decay': 0.0001}",0.9794721407624634,0.7068243409706825,0.894927536231884,0.39805825242718446,0.613716454323665,0.7185997449431759,0.20641313431829905,159,0.9118234250221828,0.9891414141414141,0.9359061313076507,0.43162393162393164,0.9320518723143032,0.8401093548818965,0.20583695122248158
130,4.216376781463623,0.7353775007045973,0.04540576934814453,0.009018454953010744,64,10,0.0002,500,128,256,0.1,4,3,16,0.0001,"{'model__batch_size': 64, 'model__callbacks__early_stopping__patience': 10, 'model__lr': 0.0002, 'model__max_epochs': 500, 'model__module__d_model': 128, 'model__module__dim_feedforward': 256, 'model__module__dropout': 0.1, 'model__module__nhead': 4, 'model__module__num_layers': 3, 'model__module__patch_size': 16, 'model__optimizer__weight_decay': 0.0001}",0.9794721407624634,0.685,0.8725274725274725,0.6820512820512821,0.5511541749786264,0.754041014063969,0.1522960842149643,48,0.8878544223444773,0.9838058374306935,0.9230833682446586,0.9376026272577997,0.9417587476979742,0.9348210005951205,0.03098068917028732
131,2.655530309677124,0.5453522003640213,0.04201374053955078,0.008155958249638858,64,10,0.0002,500,128,256,0.1,4,3,32,0.0001,"{'model__batch_size': 64, 'model__callbacks__early_stopping__patience': 10, 'model__lr': 0.0002, 'model__max_epochs': 500, 'model__module__d_model': 128, 'model__module__dim_feedforward': 256, 'model__module__dropout': 0.1, 'model__module__nhead': 4, 'model__module__num_layers': 3, 'model__module__patch_size': 32, 'model__optimizer__weight_decay': 0.0001}",0.9794721407624634,0.79,0.8512820512820514,0.7723378212974297,0.5511541749786264,0.7888492376641143,0.13928951242023957,15,0.8586666666666667,0.9785304152450695,0.9053030303030303,0.932029484029484,0.9223449969306323,0.9193749186349767,0.03886345858995946
132,3.2558210849761964,0.5435636495835398,0.04423537254333496,0.00613345258377781,64,10,0.0002,500,128,256,0.25,4,2,16,0.0001,"{'model__batch_size': 64, 'model__callbacks__early_stopping__patience': 10, 'model__lr': 0.0002, 'model__max_epochs': 500, 'model__module__d_model': 128, 'model__module__dim_feedforward': 256, 'model__module__dropout': 0.25, 'model__module__nhead': 4, 'model__module__num_layers': 2, 'model__module__patch_size': 16, 'model__optimizer__weight_decay': 0.0001}",0.9794721407624634,0.7068243409706825,0.8725274725274725,0.8154761904761905,0.625,0.7998600289473619,0.12411011363205646,6,0.8792138416379515,0.9463260381126737,0.9035714285714285,0.9224263633712453,0.917143462598008,0.9137362268582614,0.02211036739228996
133,2.4146798133850096,0.32949072253140543,0.04306817054748535,0.006164595927177018,64,10,0.0002,500,128,256,0.25,4,2,32,0.0001,"{'model__batch_size': 64, 'model__callbacks__early_stopping__patience': 10, 'model__lr': 0.0002, 'model__max_epochs': 500, 'model__module__d_model': 128, 'model__module__dim_feedforward': 256, 'model__module__dropout': 0.25, 'model__module__nhead': 4, 'model__module__num_layers': 2, 'model__module__patch_size': 32, 'model__optimizer__weight_decay': 0.0001}",1.0,0.6938775510204082,0.894927536231884,0.726010101010101,0.642478813559322,0.791458800364343,0.1343099997666706,14,0.8776923076923077,0.9836166204517072,0.9397517980054584,0.9224263633712453,0.8605072463768115,0.916798867179506,0.04409350851713634
134,4.237481164932251,0.9308464117389628,0.043655014038085936,0.007418558116615383,64,10,0.0002,500,128,256,0.25,4,3,16,0.0001,"{'model__batch_size': 64, 'model__callbacks__early_stopping__patience': 10, 'model__lr': 0.0002, 'model__max_epochs': 500, 'model__module__d_model': 128, 'model__module__dim_feedforward': 256, 'model__module__dropout': 0.25, 'model__module__nhead': 4, 'model__module__num_layers': 3, 'model__module__patch_size': 16, 'model__optimizer__weight_decay': 0.0001}",0.9794721407624634,0.6938775510204082,0.8725274725274725,0.6964504283965729,0.5511541749786264,0.7586963535371087,0.15023265964008933,45,0.9064839063167474,0.9892652076225348,0.9034712882412026,0.920686981930944,0.9417587476979742,0.9323332263618805,0.03151800999728038
135,2.6367384433746337,0.33456500557399826,0.03854808807373047,0.006327640204646244,64,10,0.0002,500,128,256,0.25,4,3,32,0.0001,"{'model__batch_size': 64, 'model__callbacks__early_stopping__patience': 10, 'model__lr': 0.0002, 'model__max_epochs': 500, 'model__module__d_model': 128, 'model__module__dim_feedforward': 256, 'model__module__dropout': 0.25, 'model__module__nhead': 4, 'model__module__num_layers': 3, 'model__module__patch_size': 32, 'model__optimizer__weight_decay': 0.0001}",0.9794721407624634,0.8102981029810298,0.8725274725274725,0.7416666666666667,0.613716454323665,0.8035361674522594,0.12297833083300938,3,0.8514372982273,0.9733134735927512,0.9104321257092972,0.9792008757525998,0.936092490041776,0.930095252664745,0.04666659630428195
136,3.5428608894348144,0.30569459891546374,0.04316096305847168,0.006026176405381205,64,10,0.0002,500,128,384,0.1,4,2,16,0.0001,"{'model__batch_size': 64, 'model__callbacks__early_stopping__patience': 10, 'model__lr': 0.0002, 'model__max_epochs': 500, 'model__module__d_model': 128, 'model__module__dim_feedforward': 384, 'model__module__dropout': 0.1, 'model__module__nhead': 4, 'model__module__num_layers': 2, 'model__module__patch_size': 16, 'model__optimizer__weight_decay': 0.0001}",0.9794721407624634,0.6378418329637842,0.8725274725274725,0.6964504283965729,0.5939013964092335,0.7560386542119053,0.14649361984840506,47,0.9268615797898765,0.8973656294200849,0.9494373414596775,0.9418371200826923,0.9758334129334225,0.9382670167371507,0.0258911698920643
137,2.435476875305176,0.198767233933376,0.04214401245117187,0.006539615900793162,64,10,0.0002,500,128,384,0.1,4,2,32,0.0001,"{'model__batch_size': 64, 'model__callbacks__early_stopping__patience': 10, 'model__lr': 0.0002, 'model__max_epochs': 500, 'model__module__d_model': 128, 'model__module__dim_feedforward': 384, 'model__module__dropout': 0.1, 'model__module__nhead': 4, 'model__module__num_layers': 2, 'model__module__patch_size': 32, 'model__optimizer__weight_decay': 0.0001}",0.9222222222222223,0.7348484848484849,0.8725274725274725,0.6758169934640523,0.6366486178398404,0.7684127581804145,0.11095904626464355,36,0.8994416436276902,0.9348484848484848,0.916923076923077,0.9312620510068181,0.9417587476979742,0.924846800820809,0.015069243364742501
138,4.284381341934204,0.6842213909732681,0.04520869255065918,0.007448437274110568,64,10,0.0002,500,128,384,0.1,4,3,16,0.0001,"{'model__batch_size': 64, 'model__callbacks__early_stopping__patience': 10, 'model__lr': 0.0002, 'model__max_epochs': 500, 'model__module__d_model': 128, 'model__module__dim_feedforward': 384, 'model__module__dropout': 0.1, 'model__module__nhead': 4, 'model__module__num_layers': 3, 'model__module__patch_size': 16, 'model__optimizer__weight_decay': 0.0001}",0.9794721407624634,0.7008547008547008,0.894927536231884,0.7568627450980392,0.5833333333333334,0.7830900912560842,0.14030453943034868,20,0.9118234250221828,0.9502602660497397,0.9353846153846154,0.9327695149217459,0.9568529361605367,0.9374181515077641,0.01564267161039698
139,2.6593630790710447,0.3920594847533188,0.04521346092224121,0.005636787452064617,64,10,0.0002,500,128,384,0.1,4,3,32,0.0001,"{'model__batch_size': 64, 'model__callbacks__early_stopping__patience': 10, 'model__lr': 0.0002, 'model__max_epochs': 500, 'model__module__d_model': 128, 'model__module__dim_feedforward': 384, 'model__module__dropout': 0.1, 'model__module__nhead': 4, 'model__module__num_layers': 3, 'model__module__patch_size': 32, 'model__optimizer__weight_decay': 0.0001}",0.9597186700767264,0.7142857142857142,0.9186535764375876,0.7496116806461635,0.6309246309246309,0.7946388544741645,0.12483382337856148,13,0.8514372982273,0.9555172413793103,0.8992161254199328,0.9539500259680305,0.9089117541166885,0.9138064890222524,0.03867310052470496
140,3.6547543525695803,0.24087966569865715,0.04317431449890137,0.006414932355613082,64,10,0.0002,500,128,384,0.25,4,2,16,0.0001,"{'model__batch_size': 64, 'model__callbacks__early_stopping__patience': 10, 'model__lr': 0.0002, 'model__max_epochs': 500, 'model__module__d_model': 128, 'model__module__dim_feedforward': 384, 'model__module__dropout': 0.25, 'model__module__nhead': 4, 'model__module__num_layers': 2, 'model__module__patch_size': 16, 'model__optimizer__weight_decay': 0.0001}",0.9794721407624634,0.65,0.8725274725274725,0.7651515151515151,0.5939013964092335,0.7722105049701369,0.14128004438653735,33,0.8946042688585443,0.8844603672189879,0.9534611141753999,0.9376026272577997,0.9661667781067915,0.9272590311235047,0.03226580556302959
141,2.079566240310669,0.6109453296595599,0.041349029541015624,0.007183251589248243,64,10,0.0002,500,128,384,0.25,4,2,32,0.0001,"{'model__batch_size': 64, 'model__callbacks__early_stopping__patience': 10, 'model__lr': 0.0002, 'model__max_epochs': 500, 'model__module__d_model': 128, 'model__module__dim_feedforward': 384, 'model__module__dropout': 0.25, 'model__module__nhead': 4, 'model__module__num_layers': 2, 'model__module__patch_size': 32, 'model__optimizer__weight_decay': 0.0001}",0.9794721407624634,0.7068243409706825,0.894927536231884,0.38613861386138615,0.5833333333333334,0.71013919303195,0.21342636112567642,216,0.8824312333629104,0.8999137931034482,0.9132142857142858,0.43924719684702573,0.9459244146507335,0.8161461847356808,0.1895933396204304
142,4.548822641372681,0.9352593967159275,0.04533376693725586,0.005962538452956332,64,10,0.0002,500,128,384,0.25,4,3,16,0.0001,"{'model__batch_size': 64, 'model__callbacks__early_stopping__patience': 10, 'model__lr': 0.0002, 'model__max_epochs': 500, 'model__module__d_model': 128, 'model__module__dim_feedforward': 384, 'model__module__dropout': 0.25, 'model__module__nhead': 4, 'model__module__num_layers': 3, 'model__module__patch_size': 16, 'model__optimizer__weight_decay': 0.0001}",0.9597186700767264,0.6354166666666667,0.894927536231884,0.6585067319461444,0.5511541749786264,0.7399447559800096,0.15844266608516172,61,0.9101085481682496,0.9892652076225348,0.9119449355464392,0.9480021893814997,0.961172498465316,0.9440986758368078,0.030119628896385163
143,2.846194362640381,0.5273680769970942,0.044266796112060545,0.0063830581353432345,64,10,0.0002,500,128,384,0.25,4,3,32,0.0001,"{'model__batch_size': 64, 'model__callbacks__early_stopping__patience': 10, 'model__lr': 0.0002, 'model__max_epochs': 500, 'model__module__d_model': 128, 'model__module__dim_feedforward': 384, 'model__module__dropout': 0.25, 'model__module__nhead': 4, 'model__module__num_layers': 3, 'model__module__patch_size': 32, 'model__optimizer__weight_decay': 0.0001}",1.0,0.668560606060606,0.8512820512820514,0.6482269503546099,0.5939013964092335,0.7523942008213002,0.15105382847605195,50,0.9216208222419402,0.9946626947185502,0.896738752520687,0.9411634594116346,0.9103260869565217,0.9329023631698667,0.03413898771983214
144,19.5307656288147,6.600502682657024,0.044047975540161134,0.00819029980955941,128,10,3e-05,500,96,128,0.1,4,2,16,0.0001,"{'model__batch_size': 128, 'model__callbacks__early_stopping__patience': 10, 'model__lr': 3e-05, 'model__max_epochs': 500, 'model__module__d_model': 96, 'model__module__dim_feedforward': 128, 'model__module__dropout': 0.1, 'model__module__nhead': 4, 'model__module__num_layers': 2, 'model__module__patch_size': 16, 'model__optimizer__weight_decay': 0.0001}",0.9794721407624634,0.6811316231119635,0.894927536231884,0.4555173730431462,0.625,0.7272097346298914,0.188760347573718,116,0.8857008907641819,0.8962385961941451,0.924900910924136,0.6568233944954128,0.9202898550724639,0.8567907294900678,0.10104454704928226
145,13.911711835861206,5.324876895187137,0.039284038543701175,0.0039024346134645706,128,10,3e-05,500,96,128,0.1,4,2,32,0.0001,"{'model__batch_size': 128, 'model__callbacks__early_stopping__patience': 10, 'model__lr': 3e-05, 'model__max_epochs': 500, 'model__module__d_model': 96, 'model__module__dim_feedforward': 128, 'model__module__dropout': 0.1, 'model__module__nhead': 4, 'model__module__num_layers': 2, 'model__module__patch_size': 32, 'model__optimizer__weight_decay': 0.0001}",0.9794721407624634,0.6888888888888889,0.894927536231884,0.39805825242718446,0.6309246309246309,0.7184542898470103,0.2051644706596866,162,0.8660991915422885,0.9469223173140224,0.930482843852452,0.43162393162393164,0.9256071981651736,0.8201470964995735,0.19617829211387744
146,26.554613304138183,5.289194379530993,0.046459102630615236,0.0067153002106392955,128,10,3e-05,500,96,128,0.1,4,3,16,0.0001,"{'model__batch_size': 128, 'model__callbacks__early_stopping__patience': 10, 'model__lr': 3e-05, 'model__max_epochs': 500, 'model__module__d_model': 96, 'model__module__dim_feedforward': 128, 'model__module__dropout': 0.1, 'model__module__nhead': 4, 'model__module__num_layers': 3, 'model__module__patch_size': 16, 'model__optimizer__weight_decay': 0.0001}",0.9406593406593406,0.68774599842561,0.894927536231884,0.7785714285714285,0.6086956521739131,0.7821199912124353,0.12398008849702932,23,0.8601688527061662,0.957060830490139,0.9450623982637005,0.932029484029484,0.9514656230816452,0.9291574377142269,0.03548773237141431
147,13.412463808059693,4.740671238318556,0.04130105972290039,0.005279435167653825,128,10,3e-05,500,96,128,0.1,4,3,32,0.0001,"{'model__batch_size': 128, 'model__callbacks__early_stopping__patience': 10, 'model__lr': 3e-05, 'model__max_epochs': 500, 'model__module__d_model': 96, 'model__module__dim_feedforward': 128, 'model__module__dropout': 0.1, 'model__module__nhead': 4, 'model__module__num_layers': 3, 'model__module__patch_size': 32, 'model__optimizer__weight_decay': 0.0001}",0.9794721407624634,0.6723330869672333,0.9186535764375876,0.447415329768271,0.5416666666666666,0.7119081601204443,0.20728673894936445,203,0.8529721249689108,0.9519642524669522,0.915513524789653,0.5064935064935064,0.936092490041776,0.8326071797521596,0.16648942379634285
148,25.10429902076721,3.839207405338805,0.04357576370239258,0.006668433401824613,128,10,3e-05,500,96,128,0.25,4,2,16,0.0001,"{'model__batch_size': 128, 'model__callbacks__early_stopping__patience': 10, 'model__lr': 3e-05, 'model__max_epochs': 500, 'model__module__d_model': 96, 'model__module__dim_feedforward': 128, 'model__module__dropout': 0.25, 'model__module__nhead': 4, 'model__module__num_layers': 2, 'model__module__patch_size': 16, 'model__optimizer__weight_decay': 0.0001}",0.9581117021276595,0.7278911564625851,0.8310445276737412,0.7942684766214179,0.6309246309246309,0.7884480987620069,0.10873348798014765,16,0.8444158254578511,0.9457070707070707,0.9450623982637005,0.9534558180227471,0.9565001432801605,0.9290282511463059,0.042534575012627654
149,15.399940490722656,5.272795767438954,0.042439508438110354,0.004715217668286886,128,10,3e-05,500,96,128,0.25,4,2,32,0.0001,"{'model__batch_size': 128, 'model__callbacks__early_stopping__patience': 10, 'model__lr': 3e-05, 'model__max_epochs': 500, 'model__module__d_model': 96, 'model__module__dim_feedforward': 128, 'model__module__dropout': 0.25, 'model__module__nhead': 4, 'model__module__num_layers': 2, 'model__module__patch_size': 32, 'model__optimizer__weight_decay': 0.0001}",1.0,0.6938775510204082,0.8512820512820514,0.38613861386138615,0.642478813559322,0.7147554059446335,0.2067137102357043,182,0.8572649096413514,0.9617721143873166,0.9298956223710859,0.43924719684702573,0.9756304301758847,0.8327620546845329,0.2009697646072564
150,22.554424905776976,8.51782427335897,0.046166610717773435,0.006476535346720571,128,10,3e-05,500,96,128,0.25,4,3,16,0.0001,"{'model__batch_size': 128, 'model__callbacks__early_stopping__patience': 10, 'model__lr': 3e-05, 'model__max_epochs': 500, 'model__module__d_model': 96, 'model__module__dim_feedforward': 128, 'model__module__dropout': 0.25, 'model__module__nhead': 4, 'model__module__num_layers': 3, 'model__module__patch_size': 16, 'model__optimizer__weight_decay': 0.0001}",0.9794721407624634,0.685,0.894927536231884,0.47393939393939394,0.6612466124661247,0.7389171366799733,0.17964349521470976,67,0.8757618377871542,0.9239898989898989,0.9359061313076507,0.5646013899696782,0.9459244146507335,0.849236734541023,0.14433917548432623
151,13.780723333358765,5.935958796878315,0.04309678077697754,0.006079873339799415,128,10,3e-05,500,96,128,0.25,4,3,32,0.0001,"{'model__batch_size': 128, 'model__callbacks__early_stopping__patience': 10, 'model__lr': 3e-05, 'model__max_epochs': 500, 'model__module__d_model': 96, 'model__module__dim_feedforward': 128, 'model__module__dropout': 0.25, 'model__module__nhead': 4, 'model__module__num_layers': 3, 'model__module__patch_size': 32, 'model__optimizer__weight_decay': 0.0001}",0.9794721407624634,0.6723330869672333,0.894927536231884,0.39805825242718446,0.5833333333333334,0.7056248699444196,0.2104702421481612,248,0.8060975609756098,0.945064304573716,0.9348455598455598,0.6429530201342282,0.9355262384098171,0.852897336787786,0.11687996552672483
152,24.371566390991212,2.1573751760767874,0.04280290603637695,0.0061277487210597125,128,10,3e-05,500,96,256,0.1,4,2,16,0.0001,"{'model__batch_size': 128, 'model__callbacks__early_stopping__patience': 10, 'model__lr': 3e-05, 'model__max_epochs': 500, 'model__module__d_model': 96, 'model__module__dim_feedforward': 256, 'model__module__dropout': 0.1, 'model__module__nhead': 4, 'model__module__num_layers': 2, 'model__module__patch_size': 16, 'model__optimizer__weight_decay': 0.0001}",0.9794721407624634,0.7679924242424242,0.9186535764375876,0.7568627450980392,0.5939013964092335,0.8033764565899496,0.13534685831905408,4,0.8732518318697506,0.9733134735927512,0.9292885202968136,0.932029484029484,0.980586249232658,0.9376939118042916,0.03837713852483141
153,13.991639709472656,5.45286882988294,0.042391061782836914,0.006803561351289523,128,10,3e-05,500,96,256,0.1,4,2,32,0.0001,"{'model__batch_size': 128, 'model__callbacks__early_stopping__patience': 10, 'model__lr': 3e-05, 'model__max_epochs': 500, 'model__module__d_model': 96, 'model__module__dim_feedforward': 256, 'model__module__dropout': 0.1, 'model__module__nhead': 4, 'model__module__num_layers': 2, 'model__module__patch_size': 32, 'model__optimizer__weight_decay': 0.0001}",0.9794721407624634,0.7482618077199712,0.894927536231884,0.47393939393939394,0.6309246309246309,0.7455051019156687,0.1810811180945137,54,0.9254571026722925,0.9839880841556508,0.9298956223710859,0.6790346907993967,0.9256071981651736,0.8887965396327198,0.10719106253838656
154,18.50218505859375,7.917221800811069,0.04662413597106933,0.005882125131509114,128,10,3e-05,500,96,256,0.1,4,3,16,0.0001,"{'model__batch_size': 128, 'model__callbacks__early_stopping__patience': 10, 'model__lr': 3e-05, 'model__max_epochs': 500, 'model__module__d_model': 96, 'model__module__dim_feedforward': 256, 'model__module__dropout': 0.1, 'model__module__nhead': 4, 'model__module__num_layers': 3, 'model__module__patch_size': 16, 'model__optimizer__weight_decay': 0.0001}",0.9794721407624634,0.7348484848484849,0.8725274725274725,0.46467817896389324,0.5511541749786264,0.720536090416188,0.19209768721639547,146,0.8675,0.9892652076225348,0.90612613865517,0.5503260257063891,0.9407494145199062,0.8507933573008,0.15549147341258746
155,11.658808994293214,5.128530329853946,0.04334573745727539,0.004924451007035361,128,10,3e-05,500,96,256,0.1,4,3,32,0.0001,"{'model__batch_size': 128, 'model__callbacks__early_stopping__patience': 10, 'model__lr': 3e-05, 'model__max_epochs': 500, 'model__module__d_model': 96, 'model__module__dim_feedforward': 256, 'model__module__dropout': 0.1, 'model__module__nhead': 4, 'model__module__num_layers': 3, 'model__module__patch_size': 32, 'model__optimizer__weight_decay': 0.0001}",0.9794721407624634,0.72,0.894927536231884,0.38613861386138615,0.5630296610169492,0.7087135903745365,0.2160516753129651,227,0.8267307692307693,0.9519642524669522,0.8863636363636365,0.5421152443471918,0.9141259858240991,0.8242599776465298,0.14686926227011496
156,15.613121795654298,6.428067723466937,0.042110347747802736,0.006970866496065789,128,10,3e-05,500,96,256,0.25,4,2,16,0.0001,"{'model__batch_size': 128, 'model__callbacks__early_stopping__patience': 10, 'model__lr': 3e-05, 'model__max_epochs': 500, 'model__module__d_model': 96, 'model__module__dim_feedforward': 256, 'model__module__dropout': 0.25, 'model__module__nhead': 4, 'model__module__num_layers': 2, 'model__module__patch_size': 16, 'model__optimizer__weight_decay': 0.0001}",0.9794721407624634,0.7413155949741316,0.9186535764375876,0.4160125588697017,0.6196754563894523,0.7350258654866673,0.20424881155095884,76,0.8631119784193307,0.9839880841556508,0.9298956223710859,0.6123579131448558,0.9195548489666137,0.8617816894115073,0.13048037291525813
157,10.948544454574584,4.944257165004977,0.04239721298217773,0.007306146614390696,128,10,3e-05,500,96,256,0.25,4,2,32,0.0001,"{'model__batch_size': 128, 'model__callbacks__early_stopping__patience': 10, 'model__lr': 3e-05, 'model__max_epochs': 500, 'model__module__d_model': 96, 'model__module__dim_feedforward': 256, 'model__module__dropout': 0.25, 'model__module__nhead': 4, 'model__module__num_layers': 2, 'model__module__patch_size': 32, 'model__optimizer__weight_decay': 0.0001}",1.0,0.7068243409706825,0.894927536231884,0.39215686274509803,0.6309246309246309,0.7249666741744591,0.21187989318587427,121,0.8631119784193307,0.9514175122920807,0.9337121212121212,0.47730730223123735,0.9355262384098171,0.8322150305129175,0.18005455492368141
158,18.65152244567871,8.147800855966368,0.04532094001770019,0.00556573284221287,128,10,3e-05,500,96,256,0.25,4,3,16,0.0001,"{'model__batch_size': 128, 'model__callbacks__early_stopping__patience': 10, 'model__lr': 3e-05, 'model__max_epochs': 500, 'model__module__d_model': 96, 'model__module__dim_feedforward': 256, 'model__module__dropout': 0.25, 'model__module__nhead': 4, 'model__module__num_layers': 3, 'model__module__patch_size': 16, 'model__optimizer__weight_decay': 0.0001}",0.9794721407624634,0.7068243409706825,0.894927536231884,0.49255952380952384,0.625,0.7397567083549108,0.17714489286429633,64,0.8688518349322369,0.9839880841556508,0.9162300055157198,0.5561580978204193,0.9658826022462386,0.8582221249340531,0.15628719480133021
159,11.228550338745118,4.723667770873905,0.03978662490844727,0.007300714793006617,128,10,3e-05,500,96,256,0.25,4,3,32,0.0001,"{'model__batch_size': 128, 'model__callbacks__early_stopping__patience': 10, 'model__lr': 3e-05, 'model__max_epochs': 500, 'model__module__d_model': 96, 'model__module__dim_feedforward': 256, 'model__module__dropout': 0.25, 'model__module__nhead': 4, 'model__module__num_layers': 3, 'model__module__patch_size': 32, 'model__optimizer__weight_decay': 0.0001}",0.9794721407624634,0.7334348819497334,0.894927536231884,0.39805825242718446,0.5532245532245532,0.7118234729191636,0.2141178139804748,205,0.8369230769230769,0.9463260381126737,0.9397517980054584,0.4291845493562232,0.9195548489666137,0.8143480622728092,0.19650613933291375
160,15.50681791305542,5.146855044915367,0.04325704574584961,0.006919744490533294,128,10,3e-05,500,96,384,0.1,4,2,16,0.0001,"{'model__batch_size': 128, 'model__callbacks__early_stopping__patience': 10, 'model__lr': 3e-05, 'model__max_epochs': 500, 'model__module__d_model': 96, 'model__module__dim_feedforward': 384, 'model__module__dropout': 0.1, 'model__module__nhead': 4, 'model__module__num_layers': 2, 'model__module__patch_size': 16, 'model__optimizer__weight_decay': 0.0001}",0.9794721407624634,0.7110423116615068,0.8725274725274725,0.5724137931034483,0.573055028462998,0.7417021493035778,0.16229002347155674,57,0.8745288914982671,0.9560514436589729,0.9348455598455598,0.6025669287481323,0.9407494145199062,0.8617484476541677,0.13252606922354299
161,10.353280544281006,4.192943997734047,0.04371819496154785,0.007711600562961256,128,10,3e-05,500,96,384,0.1,4,2,32,0.0001,"{'model__batch_size': 128, 'model__callbacks__early_stopping__patience': 10, 'model__lr': 3e-05, 'model__max_epochs': 500, 'model__module__d_model': 96, 'model__module__dim_feedforward': 384, 'model__module__dropout': 0.1, 'model__module__nhead': 4, 'model__module__num_layers': 2, 'model__module__patch_size': 32, 'model__optimizer__weight_decay': 0.0001}",0.9597186700767264,0.6938775510204082,0.894927536231884,0.38,0.5532245532245532,0.6963496621107144,0.2141795617195842,273,0.8660991915422885,0.9565656565656566,0.9119449355464392,0.5265937272064187,0.8984914138982507,0.8319389849518106,0.1554121175125482
162,16.756141948699952,2.318552701585359,0.048907232284545896,0.006298602428286688,128,10,3e-05,500,96,384,0.1,4,3,16,0.0001,"{'model__batch_size': 128, 'model__callbacks__early_stopping__patience': 10, 'model__lr': 3e-05, 'model__max_epochs': 500, 'model__module__d_model': 96, 'model__module__dim_feedforward': 384, 'model__module__dropout': 0.1, 'model__module__nhead': 4, 'model__module__num_layers': 3, 'model__module__patch_size': 16, 'model__optimizer__weight_decay': 0.0001}",0.9794721407624634,0.6598639455782314,0.894927536231884,0.7995885982956215,0.5608899297423888,0.7789484301221178,0.1521956321135159,25,0.8991167961017208,0.9281537176274017,0.8915757311217809,0.9376026272577997,0.9040231606269342,0.9120944065471275,0.017681347352422414
163,9.80216088294983,4.317210402597577,0.04016585350036621,0.006535580124643338,128,10,3e-05,500,96,384,0.1,4,3,32,0.0001,"{'model__batch_size': 128, 'model__callbacks__early_stopping__patience': 10, 'model__lr': 3e-05, 'model__max_epochs': 500, 'model__module__d_model': 96, 'model__module__dim_feedforward': 384, 'model__module__dropout': 0.1, 'model__module__nhead': 4, 'model__module__num_layers': 3, 'model__module__patch_size': 32, 'model__optimizer__weight_decay': 0.0001}",0.9794721407624634,0.7278911564625851,0.8725274725274725,0.39805825242718446,0.5233050847457628,0.7002508213850935,0.2149594939960011,266,0.8454990671641791,0.9838058374306935,0.8821475338280227,0.42548596112311016,0.9094992050874404,0.8092875209266891,0.19719154104893982
164,17.775730085372924,8.117175851179224,0.04671025276184082,0.008701781868828015,128,10,3e-05,500,96,384,0.25,4,2,16,0.0001,"{'model__batch_size': 128, 'model__callbacks__early_stopping__patience': 10, 'model__lr': 3e-05, 'model__max_epochs': 500, 'model__module__d_model': 96, 'model__module__dim_feedforward': 384, 'model__module__dropout': 0.25, 'model__module__nhead': 4, 'model__module__num_layers': 2, 'model__module__patch_size': 16, 'model__optimizer__weight_decay': 0.0001}",0.9794721407624634,0.79,0.8423913043478262,0.4464285714285714,0.6027542372881356,0.7322092507653993,0.1871085190979047,90,0.8813078530904748,0.9733134735927512,0.9212138896994456,0.6286281137482548,0.9355262384098171,0.8679979137081487,0.12325456381873116
165,11.540790462493897,4.766431137873529,0.03995480537414551,0.007083543971795138,128,10,3e-05,500,96,384,0.25,4,2,32,0.0001,"{'model__batch_size': 128, 'model__callbacks__early_stopping__patience': 10, 'model__lr': 3e-05, 'model__max_epochs': 500, 'model__module__d_model': 96, 'model__module__dim_feedforward': 384, 'model__module__dropout': 0.25, 'model__module__nhead': 4, 'model__module__num_layers': 2, 'model__module__patch_size': 32, 'model__optimizer__weight_decay': 0.0001}",0.9794721407624634,0.7413155949741316,0.9186535764375876,0.39805825242718446,0.6196754563894523,0.7314350041981638,0.2099052625010837,92,0.8369230769230769,0.957060830490139,0.9667083546176745,0.5229437229437229,0.9249302712005223,0.8417132512350272,0.16582573398516293
166,17.476188516616823,7.934618239996456,0.04319262504577637,0.006895997377173716,128,10,3e-05,500,96,384,0.25,4,3,16,0.0001,"{'model__batch_size': 128, 'model__callbacks__early_stopping__patience': 10, 'model__lr': 3e-05, 'model__max_epochs': 500, 'model__module__d_model': 96, 'model__module__dim_feedforward': 384, 'model__module__dropout': 0.25, 'model__module__nhead': 4, 'model__module__num_layers': 3, 'model__module__patch_size': 16, 'model__optimizer__weight_decay': 0.0001}",0.9597186700767264,0.7413155949741316,0.8310445276737412,0.4555173730431462,0.6048009367681498,0.718479420507179,0.17519166979069756,161,0.8359002017538603,0.9785304152450695,0.9026759813934327,0.567479674796748,0.9407494145199062,0.8450671375418033,0.1465777307082578
167,10.550890159606933,4.736281116333672,0.04301199913024902,0.008505254421163554,128,10,3e-05,500,96,384,0.25,4,3,32,0.0001,"{'model__batch_size': 128, 'model__callbacks__early_stopping__patience': 10, 'model__lr': 3e-05, 'model__max_epochs': 500, 'model__module__d_model': 96, 'model__module__dim_feedforward': 384, 'model__module__dropout': 0.25, 'model__module__nhead': 4, 'model__module__num_layers': 3, 'model__module__patch_size': 32, 'model__optimizer__weight_decay': 0.0001}",0.9794721407624634,0.72,0.894927536231884,0.4464285714285714,0.5323936026023313,0.7146443702050501,0.20387226774951722,184,0.8377283950617285,0.9565656565656566,0.9175935973955507,0.5133954915614305,0.9249302712005223,0.8300426823569778,0.16309591893222508
168,16.97249698638916,8.075954675333703,0.04408597946166992,0.007636681121414541,128,10,3e-05,500,128,128,0.1,4,2,16,0.0001,"{'model__batch_size': 128, 'model__callbacks__early_stopping__patience': 10, 'model__lr': 3e-05, 'model__max_epochs': 500, 'model__module__d_model': 128, 'model__module__dim_feedforward': 128, 'model__module__dropout': 0.1, 'model__module__nhead': 4, 'model__module__num_layers': 2, 'model__module__patch_size': 16, 'model__optimizer__weight_decay': 0.0001}",0.9794721407624634,0.6723330869672333,0.8512820512820514,0.47393939393939394,0.6027542372881356,0.7159561820478555,0.17946784214972958,176,0.8801447308909995,0.9892652076225348,0.953063069327585,0.5019979322100204,0.9514656230816452,0.8551873126265569,0.18010645180330487
169,9.940114498138428,3.3709647157337104,0.04016056060791016,0.006036722687454276,128,10,3e-05,500,128,128,0.1,4,2,32,0.0001,"{'model__batch_size': 128, 'model__callbacks__early_stopping__patience': 10, 'model__lr': 3e-05, 'model__max_epochs': 500, 'model__module__d_model': 128, 'model__module__dim_feedforward': 128, 'model__module__dropout': 0.1, 'model__module__nhead': 4, 'model__module__num_layers': 2, 'model__module__patch_size': 32, 'model__optimizer__weight_decay': 0.0001}",0.9794721407624634,0.7146967154159674,0.8512820512820514,0.46467817896389324,0.5608899297423888,0.7142038032333529,0.18704339652489482,188,0.8401929745213328,0.9340771654884592,0.9292885202968136,0.5643284762227494,0.9314734561213435,0.8398721185301398,0.14225687371118925
170,20.810467576980592,6.89688439152604,0.043019437789916994,0.0048507661536707014,128,10,3e-05,500,128,128,0.1,4,3,16,0.0001,"{'model__batch_size': 128, 'model__callbacks__early_stopping__patience': 10, 'model__lr': 3e-05, 'model__max_epochs': 500, 'model__module__d_model': 128, 'model__module__dim_feedforward': 128, 'model__module__dropout': 0.1, 'model__module__nhead': 4, 'model__module__num_layers': 3, 'model__module__patch_size': 16, 'model__optimizer__weight_decay': 0.0001}",0.9794721407624634,0.72,0.894927536231884,0.7047619047619047,0.5257452574525745,0.7649813678417653,0.1586038600085657,39,0.8660991915422885,0.9892652076225348,0.9446153846153846,0.9369070208728653,0.9012490241998439,0.9276271657705835,0.041606397245964016
171,11.147327995300293,5.0618013903800945,0.042633342742919925,0.008180646137811392,128,10,3e-05,500,128,128,0.1,4,3,32,0.0001,"{'model__batch_size': 128, 'model__callbacks__early_stopping__patience': 10, 'model__lr': 3e-05, 'model__max_epochs': 500, 'model__module__d_model': 128, 'model__module__dim_feedforward': 128, 'model__module__dropout': 0.1, 'model__module__nhead': 4, 'model__module__num_layers': 3, 'model__module__patch_size': 32, 'model__optimizer__weight_decay': 0.0001}",0.9794721407624634,0.6438482886216466,0.894927536231884,0.452445652173913,0.5630296610169492,0.7067446557613712,0.19953496611698843,243,0.956116947873926,0.9946019458102312,0.9035714285714285,0.6822438837920489,0.8949023796807312,0.8862873171456732,0.10827272843646366
172,16.967362499237062,5.858284949492404,0.042663192749023436,0.008638901578804942,128,10,3e-05,500,128,128,0.25,4,2,16,0.0001,"{'model__batch_size': 128, 'model__callbacks__early_stopping__patience': 10, 'model__lr': 3e-05, 'model__max_epochs': 500, 'model__module__d_model': 128, 'model__module__dim_feedforward': 128, 'model__module__dropout': 0.25, 'model__module__nhead': 4, 'model__module__num_layers': 2, 'model__module__patch_size': 16, 'model__optimizer__weight_decay': 0.0001}",0.9794721407624634,0.7543859649122806,0.8512820512820514,0.4238383838383838,0.5233050847457628,0.7064567251081882,0.20553668991398277,244,0.9101085481682496,0.9838058374306935,0.963076923076923,0.5479747381236209,0.9407494145199062,0.8691430922638788,0.16243512881519975
173,10.739435768127441,4.38419623929223,0.04336690902709961,0.007660063388803397,128,10,3e-05,500,128,128,0.25,4,2,32,0.0001,"{'model__batch_size': 128, 'model__callbacks__early_stopping__patience': 10, 'model__lr': 3e-05, 'model__max_epochs': 500, 'model__module__d_model': 128, 'model__module__dim_feedforward': 128, 'model__module__dropout': 0.25, 'model__module__nhead': 4, 'model__module__num_layers': 2, 'model__module__patch_size': 32, 'model__optimizer__weight_decay': 0.0001}",0.9597186700767264,0.668560606060606,0.8725274725274725,0.447415329768271,0.625,0.7146444156866151,0.18251557354728776,183,0.8857008907641819,0.9785304152450695,0.943675683193102,0.5394736842105263,0.9308743169398908,0.855650998070554,0.16085853033546665
174,18.38386297225952,7.075004298135562,0.04426665306091308,0.006223942870214386,128,10,3e-05,500,128,128,0.25,4,3,16,0.0001,"{'model__batch_size': 128, 'model__callbacks__early_stopping__patience': 10, 'model__lr': 3e-05, 'model__max_epochs': 500, 'model__module__d_model': 128, 'model__module__dim_feedforward': 128, 'model__module__dropout': 0.25, 'model__module__nhead': 4, 'model__module__num_layers': 3, 'model__module__patch_size': 16, 'model__optimizer__weight_decay': 0.0001}",0.9794721407624634,0.7413155949741316,0.8512820512820514,0.5724137931034483,0.5511541749786264,0.7391275510201443,0.16338690795954183,66,0.8688518349322369,0.973009729051156,0.9292885202968136,0.6338908717661604,0.9308743169398908,0.8671830545972515,0.12127735006375487
175,9.807854890823364,4.073984857684132,0.04220848083496094,0.007128350059365844,128,10,3e-05,500,128,128,0.25,4,3,32,0.0001,"{'model__batch_size': 128, 'model__callbacks__early_stopping__patience': 10, 'model__lr': 3e-05, 'model__max_epochs': 500, 'model__module__d_model': 128, 'model__module__dim_feedforward': 128, 'model__module__dropout': 0.25, 'model__module__nhead': 4, 'model__module__num_layers': 3, 'model__module__patch_size': 32, 'model__optimizer__weight_decay': 0.0001}",0.9794721407624634,0.7959183673469388,0.894927536231884,0.41935483870967744,0.6666666666666667,0.751267909943526,0.19597580450411917,51,0.8351990049751243,0.9839880841556508,0.9044518366480289,0.5854198089492207,0.91568815792053,0.844949378529711,0.13807747561789388
176,13.682132673263549,5.853084258555028,0.040674448013305664,0.007427108294689868,128,10,3e-05,500,128,256,0.1,4,2,16,0.0001,"{'model__batch_size': 128, 'model__callbacks__early_stopping__patience': 10, 'model__lr': 3e-05, 'model__max_epochs': 500, 'model__module__d_model': 128, 'model__module__dim_feedforward': 256, 'model__module__dropout': 0.1, 'model__module__nhead': 4, 'model__module__num_layers': 2, 'model__module__patch_size': 16, 'model__optimizer__weight_decay': 0.0001}",0.9794721407624634,0.6938775510204082,0.8512820512820514,0.5502100038182512,0.573055028462998,0.7295793550692344,0.1644419644780896,99,0.9307629143027769,0.9839880841556508,0.930482843852452,0.5098102981029811,0.9463869463869464,0.8602862173601613,0.17631981655482623
177,9.007422161102294,3.507229132073517,0.039589548110961915,0.0068223868678376825,128,10,3e-05,500,128,256,0.1,4,2,32,0.0001,"{'model__batch_size': 128, 'model__callbacks__early_stopping__patience': 10, 'model__lr': 3e-05, 'model__max_epochs': 500, 'model__module__d_model': 128, 'model__module__dim_feedforward': 256, 'model__module__dropout': 0.1, 'model__module__nhead': 4, 'model__module__num_layers': 2, 'model__module__patch_size': 32, 'model__optimizer__weight_decay': 0.0001}",1.0,0.6938775510204082,0.894927536231884,0.447415329768271,0.625,0.7322440834041126,0.1960917335463964,88,0.9001206090758329,0.9560514436589729,0.963076923076923,0.5586283185840708,0.936092490041776,0.8627939568875151,0.15364655648427022
178,17.423028993606568,7.5302496051066194,0.04374699592590332,0.008193072560112941,128,10,3e-05,500,128,256,0.1,4,3,16,0.0001,"{'model__batch_size': 128, 'model__callbacks__early_stopping__patience': 10, 'model__lr': 3e-05, 'model__max_epochs': 500, 'model__module__d_model': 128, 'model__module__dim_feedforward': 256, 'model__module__dropout': 0.1, 'model__module__nhead': 4, 'model__module__num_layers': 3, 'model__module__patch_size': 16, 'model__optimizer__weight_decay': 0.0001}",0.9794721407624634,0.7334348819497334,0.8512820512820514,0.5028636884306987,0.625,0.7384105524849893,0.16686503555963422,69,0.8351990049751243,0.9785304152450695,0.9310509201722876,0.6551851851851852,0.961172498465316,0.8722276048085966,0.11928972559804678
179,8.814047861099244,3.488221255747187,0.04130992889404297,0.010327944938580198,128,10,3e-05,500,128,256,0.1,4,3,32,0.0001,"{'model__batch_size': 128, 'model__callbacks__early_stopping__patience': 10, 'model__lr': 3e-05, 'model__max_epochs': 500, 'model__module__d_model': 128, 'model__module__dim_feedforward': 256, 'model__module__dropout': 0.1, 'model__module__nhead': 4, 'model__module__num_layers': 3, 'model__module__patch_size': 32, 'model__optimizer__weight_decay': 0.0001}",0.9794721407624634,0.6978928662096979,0.894927536231884,0.39215686274509803,0.625,0.7178898811898287,0.20731522846458061,166,0.8486751941525811,0.9782828282828283,0.924900910924136,0.4450329000160488,0.8781896966779008,0.8150163060106991,0.19012737963931373
180,14.699882411956787,4.628253265237781,0.04719333648681641,0.015989242574441575,128,10,3e-05,500,128,256,0.25,4,2,16,0.0001,"{'model__batch_size': 128, 'model__callbacks__early_stopping__patience': 10, 'model__lr': 3e-05, 'model__max_epochs': 500, 'model__module__d_model': 128, 'model__module__dim_feedforward': 256, 'model__module__dropout': 0.25, 'model__module__nhead': 4, 'model__module__num_layers': 2, 'model__module__patch_size': 16, 'model__optimizer__weight_decay': 0.0001}",0.9794721407624634,0.6723330869672333,0.894927536231884,0.40817105765559375,0.6543778801843317,0.7218563403603013,0.2008600962148294,135,0.9412156166814551,0.9457070707070707,0.9402441308159826,0.5614680295229157,0.9314734561213435,0.8640216607697535,0.15134709937271598
181,9.274748754501342,3.6111341147086784,0.039485931396484375,0.008183146003901225,128,10,3e-05,500,128,256,0.25,4,2,32,0.0001,"{'model__batch_size': 128, 'model__callbacks__early_stopping__patience': 10, 'model__lr': 3e-05, 'model__max_epochs': 500, 'model__module__d_model': 128, 'model__module__dim_feedforward': 256, 'model__module__dropout': 0.25, 'model__module__nhead': 4, 'model__module__num_layers': 2, 'model__module__patch_size': 32, 'model__optimizer__weight_decay': 0.0001}",0.9794721407624634,0.6938775510204082,0.8310445276737412,0.47393939393939394,0.6366486178398404,0.7229964462471694,0.1719229144769202,128,0.8776923076923077,0.9230900264032025,0.953063069327585,0.6140811913169637,0.9256071981651736,0.8587067585810464,0.12468047690319176
182,18.31821565628052,7.745368616251247,0.0481564998626709,0.009098648901732289,128,10,3e-05,500,128,256,0.25,4,3,16,0.0001,"{'model__batch_size': 128, 'model__callbacks__early_stopping__patience': 10, 'model__lr': 3e-05, 'model__max_epochs': 500, 'model__module__d_model': 128, 'model__module__dim_feedforward': 256, 'model__module__dropout': 0.25, 'model__module__nhead': 4, 'model__module__num_layers': 3, 'model__module__patch_size': 16, 'model__optimizer__weight_decay': 0.0001}",0.9794721407624634,0.6723330869672333,0.894927536231884,0.44255744255744256,0.5608899297423888,0.7100360272522824,0.2009933097071385,217,0.8671087089764307,0.9891414141414141,0.9119449355464392,0.534481446724326,0.9561347743165924,0.8517622559410405,0.1638848596682225
183,8.309131526947022,3.60019604601828,0.03935818672180176,0.007008143560796594,128,10,3e-05,500,128,256,0.25,4,3,32,0.0001,"{'model__batch_size': 128, 'model__callbacks__early_stopping__patience': 10, 'model__lr': 3e-05, 'model__max_epochs': 500, 'model__module__d_model': 128, 'model__module__dim_feedforward': 256, 'model__module__dropout': 0.25, 'model__module__nhead': 4, 'model__module__num_layers': 3, 'model__module__patch_size': 32, 'model__optimizer__weight_decay': 0.0001}",0.9794721407624634,0.7334348819497334,0.894927536231884,0.447415329768271,0.613716454323665,0.7337932686072033,0.1911822450174376,81,0.8644912028181284,0.9626388630298517,0.914006652983226,0.45879112279713274,0.8725029732508214,0.8144861629758321,0.18123960182942822
184,14.343018198013306,5.059853663794174,0.04410233497619629,0.012246316430559921,128,10,3e-05,500,128,384,0.1,4,2,16,0.0001,"{'model__batch_size': 128, 'model__callbacks__early_stopping__patience': 10, 'model__lr': 3e-05, 'model__max_epochs': 500, 'model__module__d_model': 128, 'model__module__dim_feedforward': 384, 'model__module__dropout': 0.1, 'model__module__nhead': 4, 'model__module__num_layers': 2, 'model__module__patch_size': 16, 'model__optimizer__weight_decay': 0.0001}",0.9794721407624634,0.7348484848484849,0.8725274725274725,0.5620094191522763,0.5347394540942928,0.736719394276998,0.17245039982018212,70,0.8845665801784057,0.9622136206716183,0.9298956223710859,0.5700281572635312,0.9510524686581024,0.8595512898285488,0.14717999460778172
185,9.775506019592285,3.7838405760628278,0.042746877670288085,0.006675538187610686,128,10,3e-05,500,128,384,0.1,4,2,32,0.0001,"{'model__batch_size': 128, 'model__callbacks__early_stopping__patience': 10, 'model__lr': 3e-05, 'model__max_epochs': 500, 'model__module__d_model': 128, 'model__module__dim_feedforward': 384, 'model__module__dropout': 0.1, 'model__module__nhead': 4, 'model__module__num_layers': 2, 'model__module__patch_size': 32, 'model__optimizer__weight_decay': 0.0001}",0.9794721407624634,0.6938775510204082,0.9186535764375876,0.42836879432624114,0.592074592074592,0.7224893309242585,0.20437911041853146,130,0.9155180496952648,0.9674242424242424,0.9337121212121212,0.5977682761497549,0.9003623188405797,0.8629570016643926,0.13446677879492946
186,19.712572860717774,6.238330983255522,0.046717596054077146,0.012350660840226242,128,10,3e-05,500,128,384,0.1,4,3,16,0.0001,"{'model__batch_size': 128, 'model__callbacks__early_stopping__patience': 10, 'model__lr': 3e-05, 'model__max_epochs': 500, 'model__module__d_model': 128, 'model__module__dim_feedforward': 384, 'model__module__dropout': 0.1, 'model__module__nhead': 4, 'model__module__num_layers': 3, 'model__module__patch_size': 16, 'model__optimizer__weight_decay': 0.0001}",0.9794721407624634,0.7348484848484849,0.9186535764375876,0.7496116806461635,0.5939013964092335,0.7952974558207865,0.13815837865175667,11,0.8542354235423543,0.9946626947185502,0.9348455598455598,0.9246763754045307,0.9708793738489871,0.9358598854719965,0.04790153960089786
187,10.179101085662841,4.260925425553446,0.03892197608947754,0.006433427343451585,128,10,3e-05,500,128,384,0.1,4,3,32,0.0001,"{'model__batch_size': 128, 'model__callbacks__early_stopping__patience': 10, 'model__lr': 3e-05, 'model__max_epochs': 500, 'model__module__d_model': 128, 'model__module__dim_feedforward': 384, 'model__module__dropout': 0.1, 'model__module__nhead': 4, 'model__module__num_layers': 3, 'model__module__patch_size': 32, 'model__optimizer__weight_decay': 0.0001}",0.9794721407624634,0.6723330869672333,0.894927536231884,0.4464285714285714,0.592,0.7170322670780304,0.1956419478022122,171,0.8675,0.9946626947185502,0.9053030303030303,0.6393784544790906,0.9459244146507335,0.870553718830281,0.12307934219751215
188,13.99064507484436,5.248743792138513,0.04121999740600586,0.006686116545250114,128,10,3e-05,500,128,384,0.25,4,2,16,0.0001,"{'model__batch_size': 128, 'model__callbacks__early_stopping__patience': 10, 'model__lr': 3e-05, 'model__max_epochs': 500, 'model__module__d_model': 128, 'model__module__dim_feedforward': 384, 'model__module__dropout': 0.25, 'model__module__nhead': 4, 'model__module__num_layers': 2, 'model__module__patch_size': 16, 'model__optimizer__weight_decay': 0.0001}",0.9794721407624634,0.7068243409706825,0.8512820512820514,0.39805825242718446,0.5169789227166276,0.6905231416318018,0.21225173147316426,283,0.8745288914982671,0.9519642524669522,0.9446153846153846,0.5192590082457924,0.9118944435845844,0.8404523960821961,0.16292034150193835
189,10.188290023803711,4.604521051618894,0.039595842361450195,0.006537830311762787,128,10,3e-05,500,128,384,0.25,4,2,32,0.0001,"{'model__batch_size': 128, 'model__callbacks__early_stopping__patience': 10, 'model__lr': 3e-05, 'model__max_epochs': 500, 'model__module__d_model': 128, 'model__module__dim_feedforward': 384, 'model__module__dropout': 0.25, 'model__module__nhead': 4, 'model__module__num_layers': 2, 'model__module__patch_size': 32, 'model__optimizer__weight_decay': 0.0001}",0.9794721407624634,0.7482618077199712,0.894927536231884,0.39215686274509803,0.625,0.7279636694918833,0.20732254437270928,110,0.8631119784193307,0.9946019458102312,0.909636962533688,0.5614608656774807,0.9118944435845844,0.8481412392050629,0.1494701931718754
190,16.659029245376587,8.234514843511267,0.04396233558654785,0.0072549617521819616,128,10,3e-05,500,128,384,0.25,4,3,16,0.0001,"{'model__batch_size': 128, 'model__callbacks__early_stopping__patience': 10, 'model__lr': 3e-05, 'model__max_epochs': 500, 'model__module__d_model': 128, 'model__module__dim_feedforward': 384, 'model__module__dropout': 0.25, 'model__module__nhead': 4, 'model__module__num_layers': 3, 'model__module__patch_size': 16, 'model__optimizer__weight_decay': 0.0001}",0.9794721407624634,0.7409805735430157,0.894927536231884,0.4464285714285714,0.5709123757904246,0.7265442395512718,0.19759551113158022,117,0.7976936676309868,0.9946626947185502,0.9261538461538461,0.5956741671027386,0.9614916286149162,0.8551352008442075,0.14590600880340343
191,9.085876846313477,4.426661283799541,0.03967289924621582,0.005663939928995744,128,10,3e-05,500,128,384,0.25,4,3,32,0.0001,"{'model__batch_size': 128, 'model__callbacks__early_stopping__patience': 10, 'model__lr': 3e-05, 'model__max_epochs': 500, 'model__module__d_model': 128, 'model__module__dim_feedforward': 384, 'model__module__dropout': 0.25, 'model__module__nhead': 4, 'model__module__num_layers': 3, 'model__module__patch_size': 32, 'model__optimizer__weight_decay': 0.0001}",0.9222222222222223,0.72,0.894927536231884,0.38613861386138615,0.5416666666666666,0.6929910077964317,0.2054810184545343,278,0.9268615797898765,0.9891414141414141,0.8800191969284914,0.4267241379310345,0.8883405552880758,0.8222173768157784,0.20146576413690806
192,6.842765140533447,2.65007946142445,0.038889312744140626,0.0053097541166163996,128,10,0.0001,500,96,128,0.1,4,2,16,0.0001,"{'model__batch_size': 128, 'model__callbacks__early_stopping__patience': 10, 'model__lr': 0.0001, 'model__max_epochs': 500, 'model__module__d_model': 96, 'model__module__dim_feedforward': 128, 'model__module__dropout': 0.1, 'model__module__nhead': 4, 'model__module__num_layers': 2, 'model__module__patch_size': 16, 'model__optimizer__weight_decay': 0.0001}",1.0,0.7348484848484849,0.894927536231884,0.4316666666666667,0.613716454323665,0.7350318284141402,0.20125736970344055,75,0.8757618377871542,0.9892652076225348,0.9392428727216078,0.47612387612387613,0.961172498465316,0.8483132585440977,0.18981634050201504
193,4.821729850769043,1.809609333889956,0.04103093147277832,0.011372074632796235,128,10,0.0001,500,96,128,0.1,4,2,32,0.0001,"{'model__batch_size': 128, 'model__callbacks__early_stopping__patience': 10, 'model__lr': 0.0001, 'model__max_epochs': 500, 'model__module__d_model': 96, 'model__module__dim_feedforward': 128, 'model__module__dropout': 0.1, 'model__module__nhead': 4, 'model__module__num_layers': 2, 'model__module__patch_size': 32, 'model__optimizer__weight_decay': 0.0001}",0.9794721407624634,0.685,0.894927536231884,0.39805825242718446,0.625,0.7164915858843064,0.20579619955004766,174,0.8660991915422885,0.973009729051156,0.896738752520687,0.4621088107847857,0.9256071981651736,0.8247127364128183,0.18469103009257762
194,7.427860689163208,2.9824098605871816,0.04111084938049316,0.006132365339239112,128,10,0.0001,500,96,128,0.1,4,3,16,0.0001,"{'model__batch_size': 128, 'model__callbacks__early_stopping__patience': 10, 'model__lr': 0.0001, 'model__max_epochs': 500, 'model__module__d_model': 96, 'model__module__dim_feedforward': 128, 'model__module__dropout': 0.1, 'model__module__nhead': 4, 'model__module__num_layers': 3, 'model__module__patch_size': 16, 'model__optimizer__weight_decay': 0.0001}",0.9794721407624634,0.7413155949741316,0.9186535764375876,0.4316666666666667,0.6027542372881356,0.7347724432257969,0.20151175868574134,77,0.9010898775753956,0.9677956228676041,0.9397517980054584,0.5617559523809524,0.941262962389723,0.8623312426438267,0.1517857906188214
195,4.221793842315674,1.7474088550356834,0.03852396011352539,0.00682707263815523,128,10,0.0001,500,96,128,0.1,4,3,32,0.0001,"{'model__batch_size': 128, 'model__callbacks__early_stopping__patience': 10, 'model__lr': 0.0001, 'model__max_epochs': 500, 'model__module__d_model': 96, 'model__module__dim_feedforward': 128, 'model__module__dropout': 0.1, 'model__module__nhead': 4, 'model__module__num_layers': 3, 'model__module__patch_size': 32, 'model__optimizer__weight_decay': 0.0001}",0.9794721407624634,0.7482618077199712,0.8725274725274725,0.38613861386138615,0.6027542372881356,0.7178308544318858,0.2081228577301783,167,0.8801447308909995,0.9022727272727273,0.9242424242424242,0.4291845493562232,0.9111241217798595,0.8093937107084466,0.19064654651377733
196,8.119118356704712,0.47660461054081305,0.03984413146972656,0.00716996173603678,128,10,0.0001,500,96,128,0.25,4,2,16,0.0001,"{'model__batch_size': 128, 'model__callbacks__early_stopping__patience': 10, 'model__lr': 0.0001, 'model__max_epochs': 500, 'model__module__d_model': 96, 'model__module__dim_feedforward': 128, 'model__module__dropout': 0.25, 'model__module__nhead': 4, 'model__module__num_layers': 2, 'model__module__patch_size': 16, 'model__optimizer__weight_decay': 0.0001}",1.0,0.6598639455782314,0.8725274725274725,0.6725691208449829,0.6160794941282746,0.7642080066157921,0.14734883474963778,41,0.8688518349322369,0.9399276083229262,0.924900910924136,0.9376026272577997,0.961172498465316,0.926491095980483,0.031085748413932985
197,4.537465047836304,1.8146982574517176,0.04006485939025879,0.0077676727808335564,128,10,0.0001,500,96,128,0.25,4,2,32,0.0001,"{'model__batch_size': 128, 'model__callbacks__early_stopping__patience': 10, 'model__lr': 0.0001, 'model__max_epochs': 500, 'model__module__d_model': 96, 'model__module__dim_feedforward': 128, 'model__module__dropout': 0.25, 'model__module__nhead': 4, 'model__module__num_layers': 2, 'model__module__patch_size': 32, 'model__optimizer__weight_decay': 0.0001}",0.9794721407624634,0.7413155949741316,0.9186535764375876,0.39805825242718446,0.642478813559322,0.7359956756321377,0.2076632393251956,72,0.8267307692307693,0.9785304152450695,0.9119449355464392,0.460446247464503,0.91568815792053,0.8186681050814621,0.18550327317492943
198,7.260353374481201,2.3104186566031126,0.04139275550842285,0.008214471266966427,128,10,0.0001,500,96,128,0.25,4,3,16,0.0001,"{'model__batch_size': 128, 'model__callbacks__early_stopping__patience': 10, 'model__lr': 0.0001, 'model__max_epochs': 500, 'model__module__d_model': 96, 'model__module__dim_feedforward': 128, 'model__module__dropout': 0.25, 'model__module__nhead': 4, 'model__module__num_layers': 3, 'model__module__patch_size': 16, 'model__optimizer__weight_decay': 0.0001}",0.9794721407624634,0.7278911564625851,0.8725274725274725,0.41935483870967744,0.5939013964092335,0.7186294009742864,0.1984599053633607,158,0.8922286305826679,0.9622136206716183,0.9069222283507998,0.587228439763002,0.9658826022462386,0.8628951043228653,0.14089822268630656
199,4.617505311965942,1.9584313260726143,0.03889155387878418,0.007256471060973959,128,10,0.0001,500,96,128,0.25,4,3,32,0.0001,"{'model__batch_size': 128, 'model__callbacks__early_stopping__patience': 10, 'model__lr': 0.0001, 'model__max_epochs': 500, 'model__module__d_model': 96, 'model__module__dim_feedforward': 128, 'model__module__dropout': 0.25, 'model__module__nhead': 4, 'model__module__num_layers': 3, 'model__module__patch_size': 32, 'model__optimizer__weight_decay': 0.0001}",0.9597186700767264,0.7482618077199712,0.8512820512820514,0.39805825242718446,0.5,0.6914641563011867,0.21141133578878932,281,0.841191594656769,0.9399276083229262,0.9205483720205639,0.43162393162393164,0.9561347743165924,0.8178852561881567,0.19712329978806317
200,7.024220418930054,2.4468927802929286,0.03925027847290039,0.006896073850960231,128,10,0.0001,500,96,256,0.1,4,2,16,0.0001,"{'model__batch_size': 128, 'model__callbacks__early_stopping__patience': 10, 'model__lr': 0.0001, 'model__max_epochs': 500, 'model__module__d_model': 96, 'model__module__dim_feedforward': 256, 'model__module__dropout': 0.1, 'model__module__nhead': 4, 'model__module__num_layers': 2, 'model__module__patch_size': 16, 'model__optimizer__weight_decay': 0.0001}",0.9794721407624634,0.7348484848484849,0.8725274725274725,0.39215686274509803,0.648711943793911,0.725543380935486,0.20160375167717967,118,0.8976062117058272,0.9348484848484848,0.9402441308159826,0.5805619266055047,0.9902104937316205,0.868694249541484,0.14704972154900645
201,4.196060514450073,1.5141371939774522,0.0384028434753418,0.006958707929903123,128,10,0.0001,500,96,256,0.1,4,2,32,0.0001,"{'model__batch_size': 128, 'model__callbacks__early_stopping__patience': 10, 'model__lr': 0.0001, 'model__max_epochs': 500, 'model__module__d_model': 96, 'model__module__dim_feedforward': 256, 'model__module__dropout': 0.1, 'model__module__nhead': 4, 'model__module__num_layers': 2, 'model__module__patch_size': 32, 'model__optimizer__weight_decay': 0.0001}",0.9597186700767264,0.7110423116615068,0.8725274725274725,0.447415329768271,0.6309246309246309,0.7243256829917215,0.18052876612544175,123,0.8911988653329352,0.9340771654884592,0.9286607598950168,0.4479327952561357,0.8994435612082671,0.8202626294361629,0.1868876551534648
202,6.896454334259033,2.626429620557062,0.043149137496948244,0.007424620662482122,128,10,0.0001,500,96,256,0.1,4,3,16,0.0001,"{'model__batch_size': 128, 'model__callbacks__early_stopping__patience': 10, 'model__lr': 0.0001, 'model__max_epochs': 500, 'model__module__d_model': 96, 'model__module__dim_feedforward': 256, 'model__module__dropout': 0.1, 'model__module__nhead': 4, 'model__module__num_layers': 3, 'model__module__patch_size': 16, 'model__optimizer__weight_decay': 0.0001}",0.9794721407624634,0.7017045454545454,0.8725274725274725,0.447415329768271,0.5939013964092335,0.7190041769843971,0.190327847316145,153,0.8675,0.9626388630298517,0.90612613865517,0.5561580978204193,0.9514656230816452,0.8487777445174173,0.1501830706215147
203,4.285042381286621,1.5533689933559933,0.03725619316101074,0.005590482472145696,128,10,0.0001,500,96,256,0.1,4,3,32,0.0001,"{'model__batch_size': 128, 'model__callbacks__early_stopping__patience': 10, 'model__lr': 0.0001, 'model__max_epochs': 500, 'model__module__d_model': 96, 'model__module__dim_feedforward': 256, 'model__module__dropout': 0.1, 'model__module__nhead': 4, 'model__module__num_layers': 3, 'model__module__patch_size': 32, 'model__optimizer__weight_decay': 0.0001}",0.9794721407624634,0.7110423116615068,0.9186535764375876,0.39805825242718446,0.5416666666666666,0.7097785895910818,0.21990732406991279,219,0.8776923076923077,0.9392069918385708,0.9123945489941596,0.5520479520479521,0.9459244146507335,0.8454532430447447,0.14865489043637373
204,6.417083263397217,2.4961499216105407,0.04053211212158203,0.008073033888753085,128,10,0.0001,500,96,256,0.25,4,2,16,0.0001,"{'model__batch_size': 128, 'model__callbacks__early_stopping__patience': 10, 'model__lr': 0.0001, 'model__max_epochs': 500, 'model__module__d_model': 96, 'model__module__dim_feedforward': 256, 'model__module__dropout': 0.25, 'model__module__nhead': 4, 'model__module__num_layers': 2, 'model__module__patch_size': 16, 'model__optimizer__weight_decay': 0.0001}",0.9794721407624634,0.7334348819497334,0.8512820512820514,0.4464285714285714,0.6309246309246309,0.7283084552694901,0.18285068259942697,104,0.8845665801784057,0.9892652076225348,0.9212138896994456,0.567479674796748,0.9262605654328184,0.8577571835459905,0.1489923508880615
205,4.437801647186279,1.6930342420135378,0.03852963447570801,0.006649460742875989,128,10,0.0001,500,96,256,0.25,4,2,32,0.0001,"{'model__batch_size': 128, 'model__callbacks__early_stopping__patience': 10, 'model__lr': 0.0001, 'model__max_epochs': 500, 'model__module__d_model': 96, 'model__module__dim_feedforward': 256, 'model__module__dropout': 0.25, 'model__module__nhead': 4, 'model__module__num_layers': 2, 'model__module__patch_size': 32, 'model__optimizer__weight_decay': 0.0001}",0.9794721407624634,0.7413155949741316,0.894927536231884,0.4160125588697017,0.573055028462998,0.7209565718602358,0.2060953193206735,142,0.8454990671641791,0.973009729051156,0.916923076923077,0.5703922695792614,0.9510524686581024,0.8513753222751552,0.1469782139220735
206,9.614336347579956,2.487045708553703,0.041106462478637695,0.0066620288964084826,128,10,0.0001,500,96,256,0.25,4,3,16,0.0001,"{'model__batch_size': 128, 'model__callbacks__early_stopping__patience': 10, 'model__lr': 0.0001, 'model__max_epochs': 500, 'model__module__d_model': 96, 'model__module__dim_feedforward': 256, 'model__module__dropout': 0.25, 'model__module__nhead': 4, 'model__module__num_layers': 3, 'model__module__patch_size': 16, 'model__optimizer__weight_decay': 0.0001}",0.9794721407624634,0.79,0.8310445276737412,0.7995885982956215,0.5812655086848635,0.7962741550833379,0.12731814430699653,9,0.8922286305826679,0.9946626947185502,0.9359061313076507,0.9272030651340997,0.9608419749264819,0.94216849933389,0.034238899528938174
207,4.408964204788208,1.7371748774182976,0.04232783317565918,0.011461154768573586,128,10,0.0001,500,96,256,0.25,4,3,32,0.0001,"{'model__batch_size': 128, 'model__callbacks__early_stopping__patience': 10, 'model__lr': 0.0001, 'model__max_epochs': 500, 'model__module__d_model': 96, 'model__module__dim_feedforward': 256, 'model__module__dropout': 0.25, 'model__module__nhead': 4, 'model__module__num_layers': 3, 'model__module__patch_size': 32, 'model__optimizer__weight_decay': 0.0001}",0.9794721407624634,0.7068243409706825,0.894927536231884,0.39805825242718446,0.5323936026023313,0.702335174598909,0.21697071306855445,259,0.8351990049751243,0.945064304573716,0.8853422039776346,0.4621088107847857,0.8994435612082671,0.8054315771039056,0.17520153062021496
208,8.04092354774475,1.5691516408419355,0.03921957015991211,0.006443961016306952,128,10,0.0001,500,96,384,0.1,4,2,16,0.0001,"{'model__batch_size': 128, 'model__callbacks__early_stopping__patience': 10, 'model__lr': 0.0001, 'model__max_epochs': 500, 'model__module__d_model': 96, 'model__module__dim_feedforward': 384, 'model__module__dropout': 0.1, 'model__module__nhead': 4, 'model__module__num_layers': 2, 'model__module__patch_size': 16, 'model__optimizer__weight_decay': 0.0001}",0.9597186700767264,0.7216374269005847,0.8725274725274725,0.7785714285714285,0.5833333333333334,0.7831576662819091,0.12876046582520487,19,0.8976062117058272,0.9946626947185502,0.9198603230030554,0.9431126664722466,0.9268912905276542,0.9364266372854667,0.032583837774318565
209,3.7487627506256103,1.5082692900917631,0.03930473327636719,0.006601220869530472,128,10,0.0001,500,96,384,0.1,4,2,32,0.0001,"{'model__batch_size': 128, 'model__callbacks__early_stopping__patience': 10, 'model__lr': 0.0001, 'model__max_epochs': 500, 'model__module__d_model': 96, 'model__module__dim_feedforward': 384, 'model__module__dropout': 0.1, 'model__module__nhead': 4, 'model__module__num_layers': 2, 'model__module__patch_size': 32, 'model__optimizer__weight_decay': 0.0001}",0.9794721407624634,0.685,0.894927536231884,0.39805825242718446,0.592074592074592,0.7099065042992247,0.20911835897874934,218,0.8813078530904748,0.8949938949938949,0.914006652983226,0.43162393162393164,0.9164286408238609,0.8076721947030776,0.18846462123338842
210,6.319132232666016,2.766600537168307,0.04254298210144043,0.007450798798074361,128,10,0.0001,500,96,384,0.1,4,3,16,0.0001,"{'model__batch_size': 128, 'model__callbacks__early_stopping__patience': 10, 'model__lr': 0.0001, 'model__max_epochs': 500, 'model__module__d_model': 96, 'model__module__dim_feedforward': 384, 'model__module__dropout': 0.1, 'model__module__nhead': 4, 'model__module__num_layers': 3, 'model__module__patch_size': 16, 'model__optimizer__weight_decay': 0.0001}",0.9794721407624634,0.7277510867078472,0.9186535764375876,0.48333333333333334,0.592,0.7402420274482464,0.1882527701488007,60,0.8763992537313433,0.9733134735927512,0.9119449355464392,0.47612387612387613,0.9557563392596911,0.8387075756508201,0.18442910478922264
211,4.803778457641601,1.9278020801127664,0.042615222930908206,0.0067900816947597895,128,10,0.0001,500,96,384,0.1,4,3,32,0.0001,"{'model__batch_size': 128, 'model__callbacks__early_stopping__patience': 10, 'model__lr': 0.0001, 'model__max_epochs': 500, 'model__module__d_model': 96, 'model__module__dim_feedforward': 384, 'model__module__dropout': 0.1, 'model__module__nhead': 4, 'model__module__num_layers': 3, 'model__module__patch_size': 32, 'model__optimizer__weight_decay': 0.0001}",0.9794721407624634,0.7278911564625851,0.894927536231884,0.39805825242718446,0.5608899297423888,0.7122478031253012,0.21290830214908468,200,0.8587635145424091,0.9617721143873166,0.8906131651723591,0.46377942515281567,0.936092490041776,0.8222041418593353,0.1827207894877136
212,8.802669620513916,0.5698875072399184,0.044900703430175784,0.012408457176029331,128,10,0.0001,500,96,384,0.25,4,2,16,0.0001,"{'model__batch_size': 128, 'model__callbacks__early_stopping__patience': 10, 'model__lr': 0.0001, 'model__max_epochs': 500, 'model__module__d_model': 96, 'model__module__dim_feedforward': 384, 'model__module__dropout': 0.25, 'model__module__nhead': 4, 'model__module__num_layers': 2, 'model__module__patch_size': 16, 'model__optimizer__weight_decay': 0.0001}",0.9794721407624634,0.7216374269005847,0.8310445276737412,0.7496116806461635,0.6309246309246309,0.7825380813815167,0.11740151192995103,21,0.8769525083115098,0.9248564533577432,0.9542186652197504,0.9376026272577997,0.9664411725693063,0.9320142853432218,0.030959678498832185
213,3.8783616065979003,1.6186531660643988,0.03749537467956543,0.006666895467843804,128,10,0.0001,500,96,384,0.25,4,2,32,0.0001,"{'model__batch_size': 128, 'model__callbacks__early_stopping__patience': 10, 'model__lr': 0.0001, 'model__max_epochs': 500, 'model__module__d_model': 96, 'model__module__dim_feedforward': 384, 'model__module__dropout': 0.25, 'model__module__nhead': 4, 'model__module__num_layers': 2, 'model__module__patch_size': 32, 'model__optimizer__weight_decay': 0.0001}",0.9597186700767264,0.685,0.894927536231884,0.39805825242718446,0.592074592074592,0.7059558101620773,0.20411510781792414,247,0.8334119126198334,0.9946626947185502,0.9147727272727273,0.43162393162393164,0.9103260869565217,0.8169594706383128,0.19930747830390685
214,7.31690034866333,3.055182044917683,0.04152064323425293,0.006728897323313416,128,10,0.0001,500,96,384,0.25,4,3,16,0.0001,"{'model__batch_size': 128, 'model__callbacks__early_stopping__patience': 10, 'model__lr': 0.0001, 'model__max_epochs': 500, 'model__module__d_model': 96, 'model__module__dim_feedforward': 384, 'model__module__dropout': 0.25, 'model__module__nhead': 4, 'model__module__num_layers': 3, 'model__module__patch_size': 16, 'model__optimizer__weight_decay': 0.0001}",0.9794721407624634,0.7482618077199712,0.894927536231884,0.4373865698729582,0.648711943793911,0.7417519996762375,0.19042623502860784,56,0.9146796462188216,0.973009729051156,0.8958333333333333,0.4997787610619469,0.9565001432801605,0.8479603225890836,0.1762906349316218
215,4.140959405899048,1.6310032262969123,0.0393064022064209,0.007180666340852835,128,10,0.0001,500,96,384,0.25,4,3,32,0.0001,"{'model__batch_size': 128, 'model__callbacks__early_stopping__patience': 10, 'model__lr': 0.0001, 'model__max_epochs': 500, 'model__module__d_model': 96, 'model__module__dim_feedforward': 384, 'model__module__dropout': 0.25, 'model__module__nhead': 4, 'model__module__num_layers': 3, 'model__module__patch_size': 32, 'model__optimizer__weight_decay': 0.0001}",0.9794721407624634,0.768976897689769,0.894927536231884,0.39805825242718446,0.5630296610169492,0.72089289762565,0.21382533109581273,143,0.8315588749404099,0.978768926925609,0.8925066209689982,0.5855263157894737,0.941262962389723,0.8459247402028426,0.13922682478114906
216,6.0919982433319095,2.2114608948771677,0.03904170989990234,0.005821114276275182,128,10,0.0001,500,128,128,0.1,4,2,16,0.0001,"{'model__batch_size': 128, 'model__callbacks__early_stopping__patience': 10, 'model__lr': 0.0001, 'model__max_epochs': 500, 'model__module__d_model': 128, 'model__module__dim_feedforward': 128, 'model__module__dropout': 0.1, 'model__module__nhead': 4, 'model__module__num_layers': 2, 'model__module__patch_size': 16, 'model__optimizer__weight_decay': 0.0001}",0.9358234295415959,0.7068243409706825,0.8725274725274725,0.447415329768271,0.6048009367681498,0.7134783019152343,0.17741394786817863,193,0.9155180496952648,0.9131313131313131,0.9205483720205639,0.4850663716814159,0.9561347743165924,0.8380797761690302,0.1771925139752836
217,4.116687297821045,1.3827080152646145,0.043288803100585936,0.009000279991932947,128,10,0.0001,500,128,128,0.1,4,2,32,0.0001,"{'model__batch_size': 128, 'model__callbacks__early_stopping__patience': 10, 'model__lr': 0.0001, 'model__max_epochs': 500, 'model__module__d_model': 128, 'model__module__dim_feedforward': 128, 'model__module__dropout': 0.1, 'model__module__nhead': 4, 'model__module__num_layers': 2, 'model__module__patch_size': 32, 'model__optimizer__weight_decay': 0.0001}",0.9794721407624634,0.6978928662096979,0.8725274725274725,0.39805825242718446,0.573055028462998,0.7042011520779632,0.20739838118164153,253,0.8631119784193307,0.9626388630298517,0.924900910924136,0.430406852248394,0.9202898550724639,0.8202696919388354,0.1975090889954902
218,12.33977255821228,11.150991635136734,0.043426895141601564,0.003319146221782864,128,10,0.0001,500,128,128,0.1,4,3,16,0.0001,"{'model__batch_size': 128, 'model__callbacks__early_stopping__patience': 10, 'model__lr': 0.0001, 'model__max_epochs': 500, 'model__module__d_model': 128, 'model__module__dim_feedforward': 128, 'model__module__dropout': 0.1, 'model__module__nhead': 4, 'model__module__num_layers': 3, 'model__module__patch_size': 16, 'model__optimizer__weight_decay': 0.0001}",0.9794721407624634,0.7086031452358927,0.8725274725274725,0.47393939393939394,0.6027542372881356,0.7274592779506717,0.1815128075905727,114,0.8615258286055538,1.0,0.9292885202968136,0.5087719298245614,0.961172498465316,0.8521517554384491,0.17759070032478788
219,4.21477427482605,1.7670567247268099,0.04090890884399414,0.006042090300855933,128,10,0.0001,500,128,128,0.1,4,3,32,0.0001,"{'model__batch_size': 128, 'model__callbacks__early_stopping__patience': 10, 'model__lr': 0.0001, 'model__max_epochs': 500, 'model__module__d_model': 128, 'model__module__dim_feedforward': 128, 'model__module__dropout': 0.1, 'model__module__nhead': 4, 'model__module__num_layers': 3, 'model__module__patch_size': 32, 'model__optimizer__weight_decay': 0.0001}",0.9794721407624634,0.7278911564625851,0.9186535764375876,0.47393939393939394,0.5511541749786264,0.7302220885161314,0.19767831678134049,97,0.8935315387705905,0.9838058374306935,0.887351366386204,0.4291845493562232,0.9164286408238609,0.8220603865535143,0.19939379097339832
220,6.6056914806365965,2.3007625411885977,0.04045686721801758,0.005827912521168431,128,10,0.0001,500,128,128,0.25,4,2,16,0.0001,"{'model__batch_size': 128, 'model__callbacks__early_stopping__patience': 10, 'model__lr': 0.0001, 'model__max_epochs': 500, 'model__module__d_model': 128, 'model__module__dim_feedforward': 128, 'model__module__dropout': 0.25, 'model__module__nhead': 4, 'model__module__num_layers': 2, 'model__module__patch_size': 16, 'model__optimizer__weight_decay': 0.0001}",0.9794721407624634,0.7068243409706825,0.8423913043478262,0.46467817896389324,0.6048009367681498,0.7196333803626029,0.17940925595942456,150,0.9208719020603164,0.9121028873179458,0.943675683193102,0.4934210526315789,0.9561347743165924,0.8452412599039072,0.17660953356241071
221,4.2297426700592045,1.3491441220841127,0.03930473327636719,0.0066127061066355705,128,10,0.0001,500,128,128,0.25,4,2,32,0.0001,"{'model__batch_size': 128, 'model__callbacks__early_stopping__patience': 10, 'model__lr': 0.0001, 'model__max_epochs': 500, 'model__module__d_model': 128, 'model__module__dim_feedforward': 128, 'model__module__dropout': 0.25, 'model__module__nhead': 4, 'model__module__num_layers': 2, 'model__module__patch_size': 32, 'model__optimizer__weight_decay': 0.0001}",0.9794721407624634,0.7086031452358927,0.894927536231884,0.39805825242718446,0.642478813559322,0.7247079776433493,0.2037648257047738,122,0.9360153043219851,0.957060830490139,0.8976144511858797,0.4735930735930736,0.9561347743165924,0.8440836867815339,0.18649372146022655
222,7.111787271499634,2.9442593851403935,0.04622149467468262,0.014165389705141623,128,10,0.0001,500,128,128,0.25,4,3,16,0.0001,"{'model__batch_size': 128, 'model__callbacks__early_stopping__patience': 10, 'model__lr': 0.0001, 'model__max_epochs': 500, 'model__module__d_model': 128, 'model__module__dim_feedforward': 128, 'model__module__dropout': 0.25, 'model__module__nhead': 4, 'model__module__num_layers': 3, 'model__module__patch_size': 16, 'model__optimizer__weight_decay': 0.0001}",0.9794721407624634,0.6623508504696624,0.8725274725274725,0.39805825242718446,0.5833333333333334,0.6991484099040232,0.20691262344739086,268,0.8701567917985829,0.9674242424242424,0.9273265594509117,0.48398842033008027,0.9468335084535294,0.8391459044914693,0.18051387405204192
223,6.086652612686157,3.044120971007554,0.044532060623168945,0.007249525773327044,128,10,0.0001,500,128,128,0.25,4,3,32,0.0001,"{'model__batch_size': 128, 'model__callbacks__early_stopping__patience': 10, 'model__lr': 0.0001, 'model__max_epochs': 500, 'model__module__d_model': 128, 'model__module__dim_feedforward': 128, 'model__module__dropout': 0.25, 'model__module__nhead': 4, 'model__module__num_layers': 3, 'model__module__patch_size': 32, 'model__optimizer__weight_decay': 0.0001}",0.9794721407624634,0.7017045454545454,0.9186535764375876,0.39215686274509803,0.5511541749786264,0.7086282600756642,0.22021226661931256,228,0.8745288914982671,1.0,0.9104321257092972,0.4291845493562232,0.9302536231884058,0.8288798379504385,0.20398514144234672
224,6.701289176940918,2.729173276774152,0.04586806297302246,0.00905225769958096,128,10,0.0001,500,128,256,0.1,4,2,16,0.0001,"{'model__batch_size': 128, 'model__callbacks__early_stopping__patience': 10, 'model__lr': 0.0001, 'model__max_epochs': 500, 'model__module__d_model': 128, 'model__module__dim_feedforward': 256, 'model__module__dropout': 0.1, 'model__module__nhead': 4, 'model__module__num_layers': 2, 'model__module__patch_size': 16, 'model__optimizer__weight_decay': 0.0001}",0.9794721407624634,0.6723330869672333,0.8423913043478262,0.38613861386138615,0.5416666666666666,0.6844003625211151,0.2104790202366618,286,0.8631119784193307,0.9785304152450695,0.9441533370104799,0.420479302832244,0.920999219359875,0.8254548505733998,0.20594826492819215
225,4.560079526901245,1.6620018292434684,0.04245314598083496,0.006475278431126773,128,10,0.0001,500,128,256,0.1,4,2,32,0.0001,"{'model__batch_size': 128, 'model__callbacks__early_stopping__patience': 10, 'model__lr': 0.0001, 'model__max_epochs': 500, 'model__module__d_model': 128, 'model__module__dim_feedforward': 256, 'model__module__dropout': 0.1, 'model__module__nhead': 4, 'model__module__num_layers': 2, 'model__module__patch_size': 32, 'model__optimizer__weight_decay': 0.0001}",1.0,0.6811316231119635,0.894927536231884,0.447415329768271,0.5939013964092335,0.7234751771042702,0.20032636853266178,126,0.9101085481682496,0.9892652076225348,0.9348455598455598,0.460446247464503,0.9256071981651736,0.8440545522532041,0.19364836039939745
226,6.561039113998413,2.393470301064825,0.046634483337402347,0.005370030699676098,128,10,0.0001,500,128,256,0.1,4,3,16,0.0001,"{'model__batch_size': 128, 'model__callbacks__early_stopping__patience': 10, 'model__lr': 0.0001, 'model__max_epochs': 500, 'model__module__d_model': 128, 'model__module__dim_feedforward': 256, 'model__module__dropout': 0.1, 'model__module__nhead': 4, 'model__module__num_layers': 3, 'model__module__patch_size': 16, 'model__optimizer__weight_decay': 0.0001}",0.9794721407624634,0.623391812865497,0.8725274725274725,0.39805825242718446,0.642478813559322,0.7031856984283879,0.20404214418575045,258,0.8646471790036147,0.9565656565656566,0.9198603230030554,0.4421385419601215,0.9561347743165924,0.8278692949698081,0.1957641246449959
227,4.462187671661377,1.9311487585296119,0.04061999320983887,0.006528095845369942,128,10,0.0001,500,128,256,0.1,4,3,32,0.0001,"{'model__batch_size': 128, 'model__callbacks__early_stopping__patience': 10, 'model__lr': 0.0001, 'model__max_epochs': 500, 'model__module__d_model': 128, 'model__module__dim_feedforward': 256, 'model__module__dropout': 0.1, 'model__module__nhead': 4, 'model__module__num_layers': 3, 'model__module__patch_size': 32, 'model__optimizer__weight_decay': 0.0001}",0.9794721407624634,0.7334348819497334,0.8512820512820514,0.447415329768271,0.5833333333333334,0.7189875474191705,0.1885292124821287,154,0.8660991915422885,1.0,0.9441533370104799,0.4850663716814159,0.936092490041776,0.8462822780551921,0.1855496685394989
228,6.423480224609375,2.7039559402058986,0.04113588333129883,0.00616889802063236,128,10,0.0001,500,128,256,0.25,4,2,16,0.0001,"{'model__batch_size': 128, 'model__callbacks__early_stopping__patience': 10, 'model__lr': 0.0001, 'model__max_epochs': 500, 'model__module__d_model': 128, 'model__module__dim_feedforward': 256, 'model__module__dropout': 0.25, 'model__module__nhead': 4, 'model__module__num_layers': 2, 'model__module__patch_size': 16, 'model__optimizer__weight_decay': 0.0001}",0.9794721407624634,0.7068243409706825,0.8512820512820514,0.39805825242718446,0.5709123757904246,0.7013098322465613,0.2043826624158572,262,0.8377283950617285,0.9893844634628045,0.9267498643516007,0.4850663716814159,0.9853782581055308,0.8448614705326161,0.18806433263146008
229,4.634680271148682,2.264012545165128,0.04003067016601562,0.006030825972656948,128,10,0.0001,500,128,256,0.25,4,2,32,0.0001,"{'model__batch_size': 128, 'model__callbacks__early_stopping__patience': 10, 'model__lr': 0.0001, 'model__max_epochs': 500, 'model__module__d_model': 128, 'model__module__dim_feedforward': 256, 'model__module__dropout': 0.25, 'model__module__nhead': 4, 'model__module__num_layers': 2, 'model__module__patch_size': 32, 'model__optimizer__weight_decay': 0.0001}",0.9597186700767264,0.6811316231119635,0.894927536231884,0.39805825242718446,0.6086956521739131,0.7085063468043342,0.20245990259492855,231,0.8976062117058272,1.0,0.9387167175905718,0.49209628447115533,0.917143462598008,0.8491125352731125,0.18178909954330058
230,8.276222372055054,5.016842341141706,0.04599251747131348,0.012588723985907447,128,10,0.0001,500,128,256,0.25,4,3,16,0.0001,"{'model__batch_size': 128, 'model__callbacks__early_stopping__patience': 10, 'model__lr': 0.0001, 'model__max_epochs': 500, 'model__module__d_model': 128, 'model__module__dim_feedforward': 256, 'model__module__dropout': 0.25, 'model__module__nhead': 4, 'model__module__num_layers': 3, 'model__module__patch_size': 16, 'model__optimizer__weight_decay': 0.0001}",0.9794721407624634,0.6636925188743994,0.8725274725274725,0.447415329768271,0.6027542372881356,0.7131723398441483,0.1905659154945567,196,0.8369230769230769,0.9946626947185502,0.9119449355464392,0.430406852248394,0.9314734561213435,0.8210822031115608,0.20171792930143673
231,5.2190004825592045,2.244938967328909,0.03929886817932129,0.006342355955412533,128,10,0.0001,500,128,256,0.25,4,3,32,0.0001,"{'model__batch_size': 128, 'model__callbacks__early_stopping__patience': 10, 'model__lr': 0.0001, 'model__max_epochs': 500, 'model__module__d_model': 128, 'model__module__dim_feedforward': 256, 'model__module__dropout': 0.25, 'model__module__nhead': 4, 'model__module__num_layers': 3, 'model__module__patch_size': 32, 'model__optimizer__weight_decay': 0.0001}",0.9794721407624634,0.7348484848484849,0.9186535764375876,0.39805825242718446,0.5608899297423888,0.7183844768436218,0.21723672179347223,163,0.8878846153846154,1.0,0.8958333333333333,0.5168636655768855,0.9565001432801605,0.8514163515149991,0.17224866101121275
232,5.574492979049682,1.9913435721558976,0.040222549438476564,0.006631253999429884,128,10,0.0001,500,128,384,0.1,4,2,16,0.0001,"{'model__batch_size': 128, 'model__callbacks__early_stopping__patience': 10, 'model__lr': 0.0001, 'model__max_epochs': 500, 'model__module__d_model': 128, 'model__module__dim_feedforward': 384, 'model__module__dropout': 0.1, 'model__module__nhead': 4, 'model__module__num_layers': 2, 'model__module__patch_size': 16, 'model__optimizer__weight_decay': 0.0001}",0.9794721407624634,0.6598639455782314,0.8512820512820514,0.39805825242718446,0.5511541749786264,0.6879661130057114,0.20746164259432115,285,0.9118234250221828,0.9298252955330055,0.9261538461538461,0.4699275362318841,0.9355262384098171,0.8346512682701471,0.18252973418879045
233,4.160683107376099,1.8652743583106328,0.03992319107055664,0.00849132936205683,128,10,0.0001,500,128,384,0.1,4,2,32,0.0001,"{'model__batch_size': 128, 'model__callbacks__early_stopping__patience': 10, 'model__lr': 0.0001, 'model__max_epochs': 500, 'model__module__d_model': 128, 'model__module__dim_feedforward': 384, 'model__module__dropout': 0.1, 'model__module__nhead': 4, 'model__module__num_layers': 2, 'model__module__patch_size': 32, 'model__optimizer__weight_decay': 0.0001}",0.9794721407624634,0.6723330869672333,0.9186535764375876,0.39805825242718446,0.613716454323665,0.7164467021836267,0.21163209640613886,175,0.9155180496952648,0.9946626947185502,0.924900910924136,0.430406852248394,0.8976478067387158,0.8326272628650122,0.2037889691252562
234,6.882348203659058,2.596681815769426,0.04607677459716797,0.0075517034081278986,128,10,0.0001,500,128,384,0.1,4,3,16,0.0001,"{'model__batch_size': 128, 'model__callbacks__early_stopping__patience': 10, 'model__lr': 0.0001, 'model__max_epochs': 500, 'model__module__d_model': 128, 'model__module__dim_feedforward': 384, 'model__module__dropout': 0.1, 'model__module__nhead': 4, 'model__module__num_layers': 3, 'model__module__patch_size': 16, 'model__optimizer__weight_decay': 0.0001}",0.9794721407624634,0.7334348819497334,0.894927536231884,0.4160125588697017,0.5833333333333334,0.7214360902294232,0.20453936598317946,139,0.8615258286055538,0.9399276083229262,0.9310509201722876,0.4789492043899428,0.9355262384098171,0.8293959599801056,0.17757244672425
235,4.2051262855529785,1.6094311665803105,0.041593503952026364,0.006100230229427288,128,10,0.0001,500,128,384,0.1,4,3,32,0.0001,"{'model__batch_size': 128, 'model__callbacks__early_stopping__patience': 10, 'model__lr': 0.0001, 'model__max_epochs': 500, 'model__module__d_model': 128, 'model__module__dim_feedforward': 384, 'model__module__dropout': 0.1, 'model__module__nhead': 4, 'model__module__num_layers': 3, 'model__module__patch_size': 32, 'model__optimizer__weight_decay': 0.0001}",0.9794721407624634,0.7068243409706825,0.894927536231884,0.3673469387755102,0.6366486178398404,0.7170439149160761,0.21418075313097826,170,0.8824312333629104,0.9892652076225348,0.9044518366480289,0.5447893308155317,0.9518645357686453,0.8545604288435301,0.15927180173598773
236,5.93386025428772,2.685475961179785,0.044258642196655276,0.014805971326853596,128,10,0.0001,500,128,384,0.25,4,2,16,0.0001,"{'model__batch_size': 128, 'model__callbacks__early_stopping__patience': 10, 'model__lr': 0.0001, 'model__max_epochs': 500, 'model__module__d_model': 128, 'model__module__dim_feedforward': 384, 'model__module__dropout': 0.25, 'model__module__nhead': 4, 'model__module__num_layers': 2, 'model__module__patch_size': 16, 'model__optimizer__weight_decay': 0.0001}",0.9794721407624634,0.7017045454545454,0.8725274725274725,0.39805825242718446,0.5833333333333334,0.7070191489009998,0.2061101159556432,242,0.8745288914982671,0.9838058374306935,0.9224806201550387,0.42795698924731185,0.9468335084535294,0.8311211693569682,0.2046822361608813
237,4.383959007263184,1.5323421868656117,0.0409797191619873,0.009359419964665971,128,10,0.0001,500,128,384,0.25,4,2,32,0.0001,"{'model__batch_size': 128, 'model__callbacks__early_stopping__patience': 10, 'model__lr': 0.0001, 'model__max_epochs': 500, 'model__module__d_model': 128, 'model__module__dim_feedforward': 384, 'model__module__dropout': 0.25, 'model__module__nhead': 4, 'model__module__num_layers': 2, 'model__module__patch_size': 32, 'model__optimizer__weight_decay': 0.0001}",0.9794721407624634,0.7619047619047619,0.9186535764375876,0.4928971157985364,0.6366486178398404,0.7579152425486378,0.17881856121030443,46,0.8857008907641819,0.9508498613551214,0.934288297058619,0.47730730223123735,0.9417587476979742,0.8379810198214267,0.18173992433383443
238,6.488019847869873,2.340916243557196,0.04214057922363281,0.0070565236663110865,128,10,0.0001,500,128,384,0.25,4,3,16,0.0001,"{'model__batch_size': 128, 'model__callbacks__early_stopping__patience': 10, 'model__lr': 0.0001, 'model__max_epochs': 500, 'model__module__d_model': 128, 'model__module__dim_feedforward': 384, 'model__module__dropout': 0.25, 'model__module__nhead': 4, 'model__module__num_layers': 3, 'model__module__patch_size': 16, 'model__optimizer__weight_decay': 0.0001}",0.9794721407624634,0.7068243409706825,0.8725274725274725,0.39805825242718446,0.573055028462998,0.7059874470301601,0.2073748176538884,246,0.9020260278024254,0.9514175122920807,0.9084373304395008,0.46271929824561403,0.9568529361605367,0.8362906209880314,0.18808046018145366
239,4.504307222366333,1.883607434992919,0.04226918220520019,0.012092538467793902,128,10,0.0001,500,128,384,0.25,4,3,32,0.0001,"{'model__batch_size': 128, 'model__callbacks__early_stopping__patience': 10, 'model__lr': 0.0001, 'model__max_epochs': 500, 'model__module__d_model': 128, 'model__module__dim_feedforward': 384, 'model__module__dropout': 0.25, 'model__module__nhead': 4, 'model__module__num_layers': 3, 'model__module__patch_size': 32, 'model__optimizer__weight_decay': 0.0001}",0.9794721407624634,0.7413155949741316,0.8725274725274725,0.38,0.573055028462998,0.709274047345413,0.2133833970368097,222,0.861683001797831,1.0,0.90612613865517,0.49986569970453937,0.9320518723143032,0.8399453424943687,0.17584521220507782
240,4.244639587402344,1.612531060137693,0.04065346717834473,0.006386894398254795,128,10,0.0002,500,96,128,0.1,4,2,16,0.0001,"{'model__batch_size': 128, 'model__callbacks__early_stopping__patience': 10, 'model__lr': 0.0002, 'model__max_epochs': 500, 'model__module__d_model': 96, 'model__module__dim_feedforward': 128, 'model__module__dropout': 0.1, 'model__module__nhead': 4, 'model__module__num_layers': 2, 'model__module__patch_size': 16, 'model__optimizer__weight_decay': 0.0001}",0.9794721407624634,0.7068243409706825,0.8512820512820514,0.39805825242718446,0.6366486178398404,0.7144570806564443,0.19757261387932146,187,0.8878544223444773,0.9838058374306935,0.9411813992459154,0.47730730223123735,0.9459244146507335,0.8472146751806114,0.18746389365128574
241,2.8022932529449465,0.899088328158871,0.03763136863708496,0.005966846639991382,128,10,0.0002,500,96,128,0.1,4,2,32,0.0001,"{'model__batch_size': 128, 'model__callbacks__early_stopping__patience': 10, 'model__lr': 0.0002, 'model__max_epochs': 500, 'model__module__d_model': 96, 'model__module__dim_feedforward': 128, 'model__module__dropout': 0.1, 'model__module__nhead': 4, 'model__module__num_layers': 2, 'model__module__patch_size': 32, 'model__optimizer__weight_decay': 0.0001}",0.9581117021276595,0.768976897689769,0.8725274725274725,0.39805825242718446,0.5630296610169492,0.7121407971578069,0.2051038224300966,201,0.830945891086238,0.9392069918385708,0.897303073662857,0.43162393162393164,0.9454452786544607,0.8089050333732116,0.19300926487311332
242,5.189635705947876,2.1732283380579154,0.042317771911621095,0.011084852484624829,128,10,0.0002,500,96,128,0.1,4,3,16,0.0001,"{'model__batch_size': 128, 'model__callbacks__early_stopping__patience': 10, 'model__lr': 0.0002, 'model__max_epochs': 500, 'model__module__d_model': 96, 'model__module__dim_feedforward': 128, 'model__module__dropout': 0.1, 'model__module__nhead': 4, 'model__module__num_layers': 3, 'model__module__patch_size': 16, 'model__optimizer__weight_decay': 0.0001}",0.9597186700767264,0.7017045454545454,0.9186535764375876,0.4464285714285714,0.613716454323665,0.7280443635442191,0.19135149205575153,109,0.8985396269758792,0.9892652076225348,0.9049853372434018,0.5042358522534733,0.9463869463869464,0.8486825940964471,0.17527629175788964
243,3.6088330268859865,1.3154451717981805,0.04483952522277832,0.010338792470794722,128,10,0.0002,500,96,128,0.1,4,3,32,0.0001,"{'model__batch_size': 128, 'model__callbacks__early_stopping__patience': 10, 'model__lr': 0.0002, 'model__max_epochs': 500, 'model__module__d_model': 96, 'model__module__dim_feedforward': 128, 'model__module__dropout': 0.1, 'model__module__nhead': 4, 'model__module__num_layers': 3, 'model__module__patch_size': 32, 'model__optimizer__weight_decay': 0.0001}",0.9794721407624634,0.72,0.9186535764375876,0.4316666666666667,0.5233050847457628,0.714619493722496,0.2137612157629496,185,0.8890284757118928,0.9839880841556508,0.8939285714285714,0.529092411188481,0.9557563392596911,0.8503587763488575,0.16466401443420597
244,5.09830870628357,2.0158731123980447,0.04566497802734375,0.007278869429754452,128,10,0.0002,500,96,128,0.25,4,2,16,0.0001,"{'model__batch_size': 128, 'model__callbacks__early_stopping__patience': 10, 'model__lr': 0.0002, 'model__max_epochs': 500, 'model__module__d_model': 96, 'model__module__dim_feedforward': 128, 'model__module__dropout': 0.25, 'model__module__nhead': 4, 'model__module__num_layers': 2, 'model__module__patch_size': 16, 'model__optimizer__weight_decay': 0.0001}",0.9794721407624634,0.7068243409706825,0.8725274725274725,0.42836879432624114,0.6027542372881356,0.7179893971749991,0.19469932515360647,165,0.8701567917985829,0.9838058374306935,0.9126644988848975,0.4997787610619469,0.9407494145199062,0.8414310607392054,0.17479151961429398
245,3.4072723388671875,1.2651004922032918,0.03933229446411133,0.0060493251311460145,128,10,0.0002,500,96,128,0.25,4,2,32,0.0001,"{'model__batch_size': 128, 'model__callbacks__early_stopping__patience': 10, 'model__lr': 0.0002, 'model__max_epochs': 500, 'model__module__d_model': 96, 'model__module__dim_feedforward': 128, 'model__module__dropout': 0.25, 'model__module__nhead': 4, 'model__module__num_layers': 2, 'model__module__patch_size': 32, 'model__optimizer__weight_decay': 0.0001}",0.9794721407624634,0.7146967154159674,0.894927536231884,0.39805825242718446,0.6543778801843317,0.7283065050043661,0.20276159444223874,105,0.8454990671641791,0.9168814432989691,0.9353846153846154,0.43162393162393164,0.9118944435845844,0.808256700211256,0.19075683985048694
246,5.267743253707886,2.1397406068226195,0.041761350631713864,0.008543259502602445,128,10,0.0002,500,96,128,0.25,4,3,16,0.0001,"{'model__batch_size': 128, 'model__callbacks__early_stopping__patience': 10, 'model__lr': 0.0002, 'model__max_epochs': 500, 'model__module__d_model': 96, 'model__module__dim_feedforward': 128, 'model__module__dropout': 0.25, 'model__module__nhead': 4, 'model__module__num_layers': 3, 'model__module__patch_size': 16, 'model__optimizer__weight_decay': 0.0001}",0.9794721407624634,0.7619047619047619,0.9439071566731141,0.4373865698729582,0.5812655086848635,0.7407872275796322,0.2079294503085091,59,0.8763992537313433,0.9838058374306935,0.9261538461538461,0.544940123700487,0.9459244146507335,0.8554446951334207,0.15906924840496686
247,3.383640193939209,1.3961224719576517,0.043564891815185545,0.005024878584962276,128,10,0.0002,500,96,128,0.25,4,3,32,0.0001,"{'model__batch_size': 128, 'model__callbacks__early_stopping__patience': 10, 'model__lr': 0.0002, 'model__max_epochs': 500, 'model__module__d_model': 96, 'model__module__dim_feedforward': 128, 'model__module__dropout': 0.25, 'model__module__nhead': 4, 'model__module__num_layers': 3, 'model__module__patch_size': 32, 'model__optimizer__weight_decay': 0.0001}",0.9597186700767264,0.7278911564625851,0.894927536231884,0.39805825242718446,0.5714285714285714,0.7104048373253903,0.20658488645109593,214,0.8351990049751243,0.9412896419040526,0.9010039284155391,0.43162393162393164,0.9057691176758865,0.8029771249189068,0.18881061625778198
248,3.9646758079528808,1.3080727975954995,0.0414339542388916,0.006940893617953492,128,10,0.0002,500,96,256,0.1,4,2,16,0.0001,"{'model__batch_size': 128, 'model__callbacks__early_stopping__patience': 10, 'model__lr': 0.0002, 'model__max_epochs': 500, 'model__module__d_model': 96, 'model__module__dim_feedforward': 256, 'model__module__dropout': 0.1, 'model__module__nhead': 4, 'model__module__num_layers': 2, 'model__module__patch_size': 16, 'model__optimizer__weight_decay': 0.0001}",0.9597186700767264,0.7471620227038184,0.894927536231884,0.41935483870967744,0.6196754563894523,0.7281677048223117,0.19438180431331578,106,0.9020260278024254,0.9733134735927512,0.9212138896994456,0.5342821642381114,0.9463869463869464,0.855444500343936,0.1623602911776947
249,2.8658869743347166,0.8444622096015788,0.040651559829711914,0.0059591599333810525,128,10,0.0002,500,96,256,0.1,4,2,32,0.0001,"{'model__batch_size': 128, 'model__callbacks__early_stopping__patience': 10, 'model__lr': 0.0002, 'model__max_epochs': 500, 'model__module__d_model': 96, 'model__module__dim_feedforward': 256, 'model__module__dropout': 0.1, 'model__module__nhead': 4, 'model__module__num_layers': 2, 'model__module__patch_size': 32, 'model__optimizer__weight_decay': 0.0001}",1.0,0.7471620227038184,0.894927536231884,0.39805825242718446,0.5233050847457628,0.7126905792217298,0.2244128600441877,198,0.8845665801784057,0.9340771654884592,0.9018538713195201,0.430406852248394,0.9308743169398908,0.816355757234934,0.19385150585798747
250,4.928295278549195,2.10618869095055,0.04668879508972168,0.007556343950634134,128,10,0.0002,500,96,256,0.1,4,3,16,0.0001,"{'model__batch_size': 128, 'model__callbacks__early_stopping__patience': 10, 'model__lr': 0.0002, 'model__max_epochs': 500, 'model__module__d_model': 96, 'model__module__dim_feedforward': 256, 'model__module__dropout': 0.1, 'model__module__nhead': 4, 'model__module__num_layers': 3, 'model__module__patch_size': 16, 'model__optimizer__weight_decay': 0.0001}",0.9597186700767264,0.7017045454545454,0.9186535764375876,0.39805825242718446,0.5608899297423888,0.7078049948276866,0.2123590922958941,236,0.8644912028181284,0.9893844634628045,0.9119449355464392,0.4267241379310345,0.961172498465316,0.8307434476447444,0.20646690022179132
251,2.990196371078491,0.8759828908224144,0.042438936233520505,0.007450482281455823,128,10,0.0002,500,96,256,0.1,4,3,32,0.0001,"{'model__batch_size': 128, 'model__callbacks__early_stopping__patience': 10, 'model__lr': 0.0002, 'model__max_epochs': 500, 'model__module__d_model': 96, 'model__module__dim_feedforward': 256, 'model__module__dropout': 0.1, 'model__module__nhead': 4, 'model__module__num_layers': 3, 'model__module__patch_size': 32, 'model__optimizer__weight_decay': 0.0001}",0.9794721407624634,0.7068243409706825,0.9186535764375876,0.39805825242718446,0.5416666666666666,0.7089349954529169,0.21990894853736095,225,0.8428322715184908,0.9199404207782536,0.94814491488433,0.5520479520479521,0.9249302712005223,0.8375791660859097,0.14710135686204417
252,4.367691326141357,1.7148613014315135,0.04337000846862793,0.00676857207810024,128,10,0.0002,500,96,256,0.25,4,2,16,0.0001,"{'model__batch_size': 128, 'model__callbacks__early_stopping__patience': 10, 'model__lr': 0.0002, 'model__max_epochs': 500, 'model__module__d_model': 96, 'model__module__dim_feedforward': 256, 'model__module__dropout': 0.25, 'model__module__nhead': 4, 'model__module__num_layers': 2, 'model__module__patch_size': 16, 'model__optimizer__weight_decay': 0.0001}",0.9794721407624634,0.7017045454545454,0.8725274725274725,0.42836879432624114,0.625,0.7214145906141445,0.192348069995101,140,0.8745288914982671,0.9946626947185502,0.9441533370104799,0.5763265990443457,0.9510524686581024,0.868144798185949,0.15090154136923997
253,2.816095972061157,1.0052393903554944,0.04313778877258301,0.006969858890675897,128,10,0.0002,500,96,256,0.25,4,2,32,0.0001,"{'model__batch_size': 128, 'model__callbacks__early_stopping__patience': 10, 'model__lr': 0.0002, 'model__max_epochs': 500, 'model__module__d_model': 96, 'model__module__dim_feedforward': 256, 'model__module__dropout': 0.25, 'model__module__nhead': 4, 'model__module__num_layers': 2, 'model__module__patch_size': 32, 'model__optimizer__weight_decay': 0.0001}",0.9794721407624634,0.6938775510204082,0.8512820512820514,0.39215686274509803,0.6196754563894523,0.7072928124398946,0.20098851946254684,238,0.8587635145424091,0.9785304152450695,0.9053030303030303,0.44648198725451943,0.9417587476979742,0.8261675390086005,0.19393907053274867
254,5.186616373062134,1.9262464667527428,0.04660739898681641,0.010572099374570832,128,10,0.0002,500,96,256,0.25,4,3,16,0.0001,"{'model__batch_size': 128, 'model__callbacks__early_stopping__patience': 10, 'model__lr': 0.0002, 'model__max_epochs': 500, 'model__module__d_model': 96, 'model__module__dim_feedforward': 256, 'model__module__dropout': 0.25, 'model__module__nhead': 4, 'model__module__num_layers': 3, 'model__module__patch_size': 16, 'model__optimizer__weight_decay': 0.0001}",0.9222222222222223,0.7543859649122806,0.8512820512820514,0.3737373737373737,0.6027542372881356,0.7008763698884127,0.19551317490605055,263,0.8683508436217777,0.9839880841556508,0.9198603230030554,0.587228439763002,0.9463869463869464,0.8611629273860866,0.14204668700921896
255,3.065033292770386,1.1489681174821076,0.03857169151306152,0.005937311290720818,128,10,0.0002,500,96,256,0.25,4,3,32,0.0001,"{'model__batch_size': 128, 'model__callbacks__early_stopping__patience': 10, 'model__lr': 0.0002, 'model__max_epochs': 500, 'model__module__d_model': 96, 'model__module__dim_feedforward': 256, 'model__module__dropout': 0.25, 'model__module__nhead': 4, 'model__module__num_layers': 3, 'model__module__patch_size': 32, 'model__optimizer__weight_decay': 0.0001}",0.9406593406593406,0.7348484848484849,0.9186535764375876,0.39805825242718446,0.5630296610169492,0.7110498630779093,0.20797111191222042,209,0.8757618377871542,0.9565656565656566,0.9053030303030303,0.43162393162393164,0.9565001432801605,0.8251509199119866,0.1991842201624154
256,4.3610845565795895,1.503737789938732,0.04052677154541016,0.006296057135858031,128,10,0.0002,500,96,384,0.1,4,2,16,0.0001,"{'model__batch_size': 128, 'model__callbacks__early_stopping__patience': 10, 'model__lr': 0.0002, 'model__max_epochs': 500, 'model__module__d_model': 96, 'model__module__dim_feedforward': 384, 'model__module__dropout': 0.1, 'model__module__nhead': 4, 'model__module__num_layers': 2, 'model__module__patch_size': 16, 'model__optimizer__weight_decay': 0.0001}",0.9794721407624634,0.7086031452358927,0.8725274725274725,0.4555173730431462,0.6027542372881356,0.723774873771422,0.18673333418643973,125,0.8658227848101265,0.9785304152450695,0.9490207521584648,0.6025669287481323,0.9565001432801605,0.8704882048483906,0.13931411278009426
257,2.6860827445983886,0.9741190414031178,0.037769412994384764,0.005671802858388271,128,10,0.0002,500,96,384,0.1,4,2,32,0.0001,"{'model__batch_size': 128, 'model__callbacks__early_stopping__patience': 10, 'model__lr': 0.0002, 'model__max_epochs': 500, 'model__module__d_model': 96, 'model__module__dim_feedforward': 384, 'model__module__dropout': 0.1, 'model__module__nhead': 4, 'model__module__num_layers': 2, 'model__module__patch_size': 32, 'model__optimizer__weight_decay': 0.0001}",0.9794721407624634,0.72,0.8725274725274725,0.39805825242718446,0.573055028462998,0.7086225788360236,0.20745240737866158,229,0.8631119784193307,0.9230900264032025,0.976827614617484,0.43162393162393164,0.91568815792053,0.8220683417968958,0.19852047793524213
258,4.837795925140381,2.0929187073616,0.041881990432739255,0.007429670475282395,128,10,0.0002,500,96,384,0.1,4,3,16,0.0001,"{'model__batch_size': 128, 'model__callbacks__early_stopping__patience': 10, 'model__lr': 0.0002, 'model__max_epochs': 500, 'model__module__d_model': 96, 'model__module__dim_feedforward': 384, 'model__module__dropout': 0.1, 'model__module__nhead': 4, 'model__module__num_layers': 3, 'model__module__patch_size': 16, 'model__optimizer__weight_decay': 0.0001}",0.9406593406593406,0.7334348819497334,0.894927536231884,0.4928971157985364,0.6027542372881356,0.7329346223855261,0.16967996358474666,83,0.8763992537313433,0.9892652076225348,0.9119449355464392,0.46811114095562123,0.9661667781067915,0.8423774631925459,0.19129673251396484
259,2.8828940868377684,1.0648963929097202,0.03790912628173828,0.005792432324932371,128,10,0.0002,500,96,384,0.1,4,3,32,0.0001,"{'model__batch_size': 128, 'model__callbacks__early_stopping__patience': 10, 'model__lr': 0.0002, 'model__max_epochs': 500, 'model__module__d_model': 96, 'model__module__dim_feedforward': 384, 'model__module__dropout': 0.1, 'model__module__nhead': 4, 'model__module__num_layers': 3, 'model__module__patch_size': 32, 'model__optimizer__weight_decay': 0.0001}",0.9794721407624634,0.7959183673469388,0.9439071566731141,0.447415329768271,0.5323936026023313,0.7398213194306237,0.2148292086341786,63,0.8438236680810938,0.9841636828644501,0.8777417543605441,0.44358519269776875,0.9506245120999219,0.8199877620207557,0.19473174456054623
260,4.195035314559936,1.357353810025045,0.039280128479003903,0.007155489742312809,128,10,0.0002,500,96,384,0.25,4,2,16,0.0001,"{'model__batch_size': 128, 'model__callbacks__early_stopping__patience': 10, 'model__lr': 0.0002, 'model__max_epochs': 500, 'model__module__d_model': 96, 'model__module__dim_feedforward': 384, 'model__module__dropout': 0.25, 'model__module__nhead': 4, 'model__module__num_layers': 2, 'model__module__patch_size': 16, 'model__optimizer__weight_decay': 0.0001}",0.9162234042553192,0.7068243409706825,0.9186535764375876,0.36439888164026096,0.625,0.70622004066077,0.2062368467474184,245,0.8701567917985829,0.9392069918385708,0.9088145896656534,0.5747202106649112,0.9514656230816452,0.8488728414098727,0.13992228003954074
261,2.8274065494537353,0.9159347213431248,0.03755102157592773,0.006407931752538446,128,10,0.0002,500,96,384,0.25,4,2,32,0.0001,"{'model__batch_size': 128, 'model__callbacks__early_stopping__patience': 10, 'model__lr': 0.0002, 'model__max_epochs': 500, 'model__module__d_model': 96, 'model__module__dim_feedforward': 384, 'model__module__dropout': 0.25, 'model__module__nhead': 4, 'model__module__num_layers': 2, 'model__module__patch_size': 32, 'model__optimizer__weight_decay': 0.0001}",0.9794721407624634,0.7068243409706825,0.9186535764375876,0.39805825242718446,0.5614035087719298,0.7128823638739695,0.21702933690823362,197,0.8369230769230769,0.9272687845603382,0.9035714285714285,0.43162393162393164,0.91568815792053,0.8030150759198611,0.18832255423634334
262,4.999959230422974,1.764900508879701,0.040683650970458986,0.00696467225099841,128,10,0.0002,500,96,384,0.25,4,3,16,0.0001,"{'model__batch_size': 128, 'model__callbacks__early_stopping__patience': 10, 'model__lr': 0.0002, 'model__max_epochs': 500, 'model__module__d_model': 96, 'model__module__dim_feedforward': 384, 'model__module__dropout': 0.25, 'model__module__nhead': 4, 'model__module__num_layers': 3, 'model__module__patch_size': 16, 'model__optimizer__weight_decay': 0.0001}",0.9406593406593406,0.6723330869672333,0.894927536231884,0.4373865698729582,0.613716454323665,0.7118045976110163,0.18568416303958962,206,0.8675,0.9239898989898989,0.9348455598455598,0.5779074529074529,0.9514656230816452,0.8511417069649113,0.13950099179197953
263,2.7748992919921873,0.9050878741681113,0.03881831169128418,0.006522019303187125,128,10,0.0002,500,96,384,0.25,4,3,32,0.0001,"{'model__batch_size': 128, 'model__callbacks__early_stopping__patience': 10, 'model__lr': 0.0002, 'model__max_epochs': 500, 'model__module__d_model': 96, 'model__module__dim_feedforward': 384, 'model__module__dropout': 0.25, 'model__module__nhead': 4, 'model__module__num_layers': 3, 'model__module__patch_size': 32, 'model__optimizer__weight_decay': 0.0001}",0.9794721407624634,0.7348484848484849,0.9186535764375876,0.39805825242718446,0.6160794941282746,0.729422389720799,0.21024346172769154,100,0.8187804067915828,0.9502602660497397,0.8915757311217809,0.43162393162393164,0.9506245120999219,0.8085729695373913,0.1945960729959311
264,4.080076789855957,1.6374690558809333,0.039114189147949216,0.007063870236217758,128,10,0.0002,500,128,128,0.1,4,2,16,0.0001,"{'model__batch_size': 128, 'model__callbacks__early_stopping__patience': 10, 'model__lr': 0.0002, 'model__max_epochs': 500, 'model__module__d_model': 128, 'model__module__dim_feedforward': 128, 'model__module__dropout': 0.1, 'model__module__nhead': 4, 'model__module__num_layers': 2, 'model__module__patch_size': 16, 'model__optimizer__weight_decay': 0.0001}",0.9597186700767264,0.6938775510204082,0.8310445276737412,0.39805825242718446,0.6543778801843317,0.7074153762764783,0.18848830091990182,237,0.8351990049751243,0.9892652076225348,0.9494373414596775,0.464507658643326,0.941262962389723,0.835934435018077,0.19258542278269017
265,2.7906994342803957,0.9008638162967695,0.03762803077697754,0.005094840490676847,128,10,0.0002,500,128,128,0.1,4,2,32,0.0001,"{'model__batch_size': 128, 'model__callbacks__early_stopping__patience': 10, 'model__lr': 0.0002, 'model__max_epochs': 500, 'model__module__d_model': 128, 'model__module__dim_feedforward': 128, 'model__module__dropout': 0.1, 'model__module__nhead': 4, 'model__module__num_layers': 2, 'model__module__patch_size': 32, 'model__optimizer__weight_decay': 0.0001}",0.9786078098471986,0.6938775510204082,0.8725274725274725,0.39805825242718446,0.6822033898305084,0.7250548951305544,0.19787487171286486,120,0.9510130139012127,0.9946626947185502,0.9053030303030303,0.43162393162393164,0.9118944435845844,0.8388994228262618,0.20612748096740924
266,5.321535873413086,2.3460372601912014,0.042448997497558594,0.006114172388404302,128,10,0.0002,500,128,128,0.1,4,3,16,0.0001,"{'model__batch_size': 128, 'model__callbacks__early_stopping__patience': 10, 'model__lr': 0.0002, 'model__max_epochs': 500, 'model__module__d_model': 128, 'model__module__dim_feedforward': 128, 'model__module__dropout': 0.1, 'model__module__nhead': 4, 'model__module__num_layers': 3, 'model__module__patch_size': 16, 'model__optimizer__weight_decay': 0.0001}",0.9794721407624634,0.7017045454545454,0.8512820512820514,0.39805825242718446,0.6048009367681498,0.7070635853388788,0.20048743170384298,240,0.8801447308909995,0.9946019458102312,0.963076923076923,0.4421385419601215,0.961172498465316,0.8482269280407182,0.20654267961547926
267,2.9681546211242678,1.080858322200804,0.03855137825012207,0.005849951239098991,128,10,0.0002,500,128,128,0.1,4,3,32,0.0001,"{'model__batch_size': 128, 'model__callbacks__early_stopping__patience': 10, 'model__lr': 0.0002, 'model__max_epochs': 500, 'model__module__d_model': 128, 'model__module__dim_feedforward': 128, 'model__module__dropout': 0.1, 'model__module__nhead': 4, 'model__module__num_layers': 3, 'model__module__patch_size': 32, 'model__optimizer__weight_decay': 0.0001}",0.9794721407624634,0.755,0.894927536231884,0.447415329768271,0.5833333333333334,0.7320296680191902,0.19565635712844665,91,0.8824312333629104,0.9946019458102312,0.90612613865517,0.460446247464503,0.961172498465316,0.8409556127516261,0.19432657918869417
268,3.7891278743743895,1.2009032339922008,0.0397681713104248,0.0077627694995527985,128,10,0.0002,500,128,128,0.25,4,2,16,0.0001,"{'model__batch_size': 128, 'model__callbacks__early_stopping__patience': 10, 'model__lr': 0.0002, 'model__max_epochs': 500, 'model__module__d_model': 128, 'model__module__dim_feedforward': 128, 'model__module__dropout': 0.25, 'model__module__nhead': 4, 'model__module__num_layers': 2, 'model__module__patch_size': 16, 'model__optimizer__weight_decay': 0.0001}",0.9581117021276595,0.65,0.8512820512820514,0.39805825242718446,0.6366486178398404,0.6988201247353472,0.19348548567583593,270,0.8454990671641791,0.9230900264032025,0.9273265594509117,0.5019979322100204,0.9510524686581024,0.8297932107772832,0.16770049260933648
269,2.6234052181243896,0.9951380926239933,0.03832974433898926,0.007424208302732597,128,10,0.0002,500,128,128,0.25,4,2,32,0.0001,"{'model__batch_size': 128, 'model__callbacks__early_stopping__patience': 10, 'model__lr': 0.0002, 'model__max_epochs': 500, 'model__module__d_model': 128, 'model__module__dim_feedforward': 128, 'model__module__dropout': 0.25, 'model__module__nhead': 4, 'model__module__num_layers': 2, 'model__module__patch_size': 32, 'model__optimizer__weight_decay': 0.0001}",0.9786078098471986,0.6938775510204082,0.8725274725274725,0.447415329768271,0.6048009367681498,0.7194458199863,0.18888975756650941,151,0.9406539265452374,0.9946626947185502,0.896738752520687,0.430406852248394,0.8967647916059458,0.8318454035277629,0.2039251574167305
270,5.143481826782226,2.202824544177138,0.03967609405517578,0.005957148572969385,128,10,0.0002,500,128,128,0.25,4,3,16,0.0001,"{'model__batch_size': 128, 'model__callbacks__early_stopping__patience': 10, 'model__lr': 0.0002, 'model__max_epochs': 500, 'model__module__d_model': 128, 'model__module__dim_feedforward': 128, 'model__module__dropout': 0.25, 'model__module__nhead': 4, 'model__module__num_layers': 3, 'model__module__patch_size': 16, 'model__optimizer__weight_decay': 0.0001}",0.9597186700767264,0.7017045454545454,0.8725274725274725,0.39805825242718446,0.5608899297423888,0.6985797740456634,0.20382971677552045,271,0.8845665801784057,0.9946626947185502,0.9348455598455598,0.4997787610619469,0.9510524686581024,0.8529812128925129,0.18007942259326484
271,3.000454330444336,0.991798808256519,0.04078874588012695,0.007137126318747806,128,10,0.0002,500,128,128,0.25,4,3,32,0.0001,"{'model__batch_size': 128, 'model__callbacks__early_stopping__patience': 10, 'model__lr': 0.0002, 'model__max_epochs': 500, 'model__module__d_model': 128, 'model__module__dim_feedforward': 128, 'model__module__dropout': 0.25, 'model__module__nhead': 4, 'model__module__num_layers': 3, 'model__module__patch_size': 32, 'model__optimizer__weight_decay': 0.0001}",0.9597186700767264,0.7348484848484849,0.8725274725274725,0.39805825242718446,0.5511541749786264,0.7032614109716988,0.20576911712177023,257,0.8401929745213328,0.9892652076225348,0.8692118624302553,0.46377942515281567,0.9073956346683619,0.8139690208790601,0.18211507652752507
272,4.34346570968628,1.5846763812325324,0.04719400405883789,0.00610393075164564,128,10,0.0002,500,128,256,0.1,4,2,16,0.0001,"{'model__batch_size': 128, 'model__callbacks__early_stopping__patience': 10, 'model__lr': 0.0002, 'model__max_epochs': 500, 'model__module__d_model': 128, 'model__module__dim_feedforward': 256, 'model__module__dropout': 0.1, 'model__module__nhead': 4, 'model__module__num_layers': 2, 'model__module__patch_size': 16, 'model__optimizer__weight_decay': 0.0001}",0.9358234295415959,0.7409805735430157,0.8512820512820514,0.447415329768271,0.573055028462998,0.7097112825195865,0.17867336273910847,220,0.8757618377871542,0.9733134735927512,0.9359061313076507,0.4780701754385965,0.9366391184573002,0.8399381473166905,0.18362008348770592
273,2.705650520324707,0.9519814489321345,0.042931222915649415,0.005972049569683119,128,10,0.0002,500,128,256,0.1,4,2,32,0.0001,"{'model__batch_size': 128, 'model__callbacks__early_stopping__patience': 10, 'model__lr': 0.0002, 'model__max_epochs': 500, 'model__module__d_model': 128, 'model__module__dim_feedforward': 256, 'model__module__dropout': 0.1, 'model__module__nhead': 4, 'model__module__num_layers': 2, 'model__module__patch_size': 32, 'model__optimizer__weight_decay': 0.0001}",0.9794721407624634,0.7334348819497334,0.8310445276737412,0.39805825242718446,0.6543778801843317,0.7192775365994908,0.19379748021254464,152,0.8334119126198334,0.9575378538512178,0.9397517980054584,0.43162393162393164,0.9012490241998439,0.8127149040600571,0.19524807045093662
274,5.468951654434204,2.2246574308558884,0.05163593292236328,0.009196799736485246,128,10,0.0002,500,128,256,0.1,4,3,16,0.0001,"{'model__batch_size': 128, 'model__callbacks__early_stopping__patience': 10, 'model__lr': 0.0002, 'model__max_epochs': 500, 'model__module__d_model': 128, 'model__module__dim_feedforward': 256, 'model__module__dropout': 0.1, 'model__module__nhead': 4, 'model__module__num_layers': 3, 'model__module__patch_size': 16, 'model__optimizer__weight_decay': 0.0001}",0.9384164222873901,0.6598639455782314,0.8725274725274725,0.3431781701444623,0.5939013964092335,0.6815774813893579,0.21217955040161232,287,0.9010898775753956,0.9946626947185502,0.930482843852452,0.5634751512479487,0.9708793738489871,0.8721179882486668,0.15765610926453044
275,3.5135036945343017,1.3606907767098775,0.04268412590026856,0.006446905584380047,128,10,0.0002,500,128,256,0.1,4,3,32,0.0001,"{'model__batch_size': 128, 'model__callbacks__early_stopping__patience': 10, 'model__lr': 0.0002, 'model__max_epochs': 500, 'model__module__d_model': 128, 'model__module__dim_feedforward': 256, 'model__module__dropout': 0.1, 'model__module__nhead': 4, 'model__module__num_layers': 3, 'model__module__patch_size': 32, 'model__optimizer__weight_decay': 0.0001}",0.9794721407624634,0.7334348819497334,0.9186535764375876,0.4464285714285714,0.6048009367681498,0.736558021469301,0.19683030337908958,71,0.8732518318697506,0.9893844634628045,0.9485901230721296,0.4663047326802785,0.9514656230816452,0.8457993548333217,0.19345169548975685
276,3.989063596725464,1.380071664243545,0.04104180335998535,0.005710325570853491,128,10,0.0002,500,128,256,0.25,4,2,16,0.0001,"{'model__batch_size': 128, 'model__callbacks__early_stopping__patience': 10, 'model__lr': 0.0002, 'model__max_epochs': 500, 'model__module__d_model': 128, 'model__module__dim_feedforward': 256, 'model__module__dropout': 0.25, 'model__module__nhead': 4, 'model__module__num_layers': 2, 'model__module__patch_size': 16, 'model__optimizer__weight_decay': 0.0001}",0.9597186700767264,0.6598639455782314,0.894927536231884,0.38,0.5630296610169492,0.6915079625807582,0.21347680674765862,280,0.8401929745213328,0.9190291871534679,0.9542186652197504,0.48713219884315534,0.9320518723143032,0.8265249796104019,0.1739959221149852
277,2.7554624557495115,1.0903517959638773,0.039814186096191403,0.006142578207427229,128,10,0.0002,500,128,256,0.25,4,2,32,0.0001,"{'model__batch_size': 128, 'model__callbacks__early_stopping__patience': 10, 'model__lr': 0.0002, 'model__max_epochs': 500, 'model__module__d_model': 128, 'model__module__dim_feedforward': 256, 'model__module__dropout': 0.25, 'model__module__nhead': 4, 'model__module__num_layers': 2, 'model__module__patch_size': 32, 'model__optimizer__weight_decay': 0.0001}",0.9794721407624634,0.7482618077199712,0.894927536231884,0.4316666666666667,0.5939013964092335,0.7296459095580436,0.19864335660789462,98,0.8369230769230769,0.9838058374306935,0.934288297058619,0.4941683569979716,0.9012490241998439,0.830086918522041,0.1746078415432428
278,5.702323770523071,2.175631105852405,0.04973955154418945,0.013162848745038789,128,10,0.0002,500,128,256,0.25,4,3,16,0.0001,"{'model__batch_size': 128, 'model__callbacks__early_stopping__patience': 10, 'model__lr': 0.0002, 'model__max_epochs': 500, 'model__module__d_model': 128, 'model__module__dim_feedforward': 256, 'model__module__dropout': 0.25, 'model__module__nhead': 4, 'model__module__num_layers': 3, 'model__module__patch_size': 16, 'model__optimizer__weight_decay': 0.0001}",0.9794721407624634,0.6978928662096979,0.8512820512820514,0.35997335997336,0.5833333333333334,0.6943907503121812,0.2145074754612927,275,0.8732518318697506,0.9946626947185502,0.9273265594509117,0.5634751512479487,0.9510524686581024,0.8619537411890528,0.1542990411229152
279,3.148041248321533,1.0645577272176752,0.046515369415283205,0.00951439523630357,128,10,0.0002,500,128,256,0.25,4,3,32,0.0001,"{'model__batch_size': 128, 'model__callbacks__early_stopping__patience': 10, 'model__lr': 0.0002, 'model__max_epochs': 500, 'model__module__d_model': 128, 'model__module__dim_feedforward': 256, 'model__module__dropout': 0.25, 'model__module__nhead': 4, 'model__module__num_layers': 3, 'model__module__patch_size': 32, 'model__optimizer__weight_decay': 0.0001}",0.9794721407624634,0.685,0.894927536231884,0.39805825242718446,0.6027542372881356,0.7120424333419335,0.2079552250521973,202,0.823000157158573,0.9399276083229262,0.9079639031916611,0.43162393162393164,0.8976478067387158,0.8000326814071617,0.18814938945709667
280,5.180934429168701,2.285946634278855,0.046615314483642575,0.010306341060369092,128,10,0.0002,500,128,384,0.1,4,2,16,0.0001,"{'model__batch_size': 128, 'model__callbacks__early_stopping__patience': 10, 'model__lr': 0.0002, 'model__max_epochs': 500, 'model__module__d_model': 128, 'model__module__dim_feedforward': 384, 'model__module__dropout': 0.1, 'model__module__nhead': 4, 'model__module__num_layers': 2, 'model__module__patch_size': 16, 'model__optimizer__weight_decay': 0.0001}",0.9794721407624634,0.656140350877193,0.8512820512820514,0.39215686274509803,0.592,0.6942102811333613,0.20453772182939847,276,0.8688518349322369,0.9892652076225348,0.9359061313076507,0.4741895402688354,0.9658826022462386,0.8468190632754993,0.19065242746169803
281,3.6583102703094483,1.9044409885407447,0.04531350135803223,0.004165296453370876,128,10,0.0002,500,128,384,0.1,4,2,32,0.0001,"{'model__batch_size': 128, 'model__callbacks__early_stopping__patience': 10, 'model__lr': 0.0002, 'model__max_epochs': 500, 'model__module__d_model': 128, 'model__module__dim_feedforward': 384, 'model__module__dropout': 0.1, 'model__module__nhead': 4, 'model__module__num_layers': 2, 'model__module__patch_size': 32, 'model__optimizer__weight_decay': 0.0001}",0.9794721407624634,0.7086031452358927,0.8512820512820514,0.39805825242718446,0.5630296610169492,0.7000890501449082,0.20542375892248949,267,0.871928705368362,0.9946019458102312,0.9162300055157198,0.430406852248394,0.9708793738489871,0.8368093765583389,0.2076426133577477
282,6.847419881820679,2.7581524035805454,0.05006113052368164,0.007874599557994128,128,10,0.0002,500,128,384,0.1,4,3,16,0.0001,"{'model__batch_size': 128, 'model__callbacks__early_stopping__patience': 10, 'model__lr': 0.0002, 'model__max_epochs': 500, 'model__module__d_model': 128, 'model__module__dim_feedforward': 384, 'model__module__dropout': 0.1, 'model__module__nhead': 4, 'model__module__num_layers': 3, 'model__module__patch_size': 16, 'model__optimizer__weight_decay': 0.0001}",0.9597186700767264,0.6938775510204082,0.8725274725274725,0.6309523809523809,0.6666666666666667,0.7647485482487311,0.12819813809124841,40,0.8502251636310598,1.0,0.9188701923076923,0.9691367574257426,0.9711187214611872,0.9418701669651364,0.05273675730353919
283,3.0603638648986817,1.1901001152313795,0.04362530708312988,0.006240816770245559,128,10,0.0002,500,128,384,0.1,4,3,32,0.0001,"{'model__batch_size': 128, 'model__callbacks__early_stopping__patience': 10, 'model__lr': 0.0002, 'model__max_epochs': 500, 'model__module__d_model': 128, 'model__module__dim_feedforward': 384, 'model__module__dropout': 0.1, 'model__module__nhead': 4, 'model__module__num_layers': 3, 'model__module__patch_size': 32, 'model__optimizer__weight_decay': 0.0001}",0.9597186700767264,0.7619047619047619,0.9186535764375876,0.4555173730431462,0.5416666666666666,0.7274922096257777,0.20007871700882468,113,0.8573076923076923,0.9946626947185502,0.8842857142857143,0.4892126962611544,0.9268912905276542,0.8304720176201531,0.17682151816631037
284,4.2114866256713865,1.5933756817264488,0.047501564025878906,0.00669908370485627,128,10,0.0002,500,128,384,0.25,4,2,16,0.0001,"{'model__batch_size': 128, 'model__callbacks__early_stopping__patience': 10, 'model__lr': 0.0002, 'model__max_epochs': 500, 'model__module__d_model': 128, 'model__module__dim_feedforward': 384, 'model__module__dropout': 0.25, 'model__module__nhead': 4, 'model__module__num_layers': 2, 'model__module__patch_size': 16, 'model__optimizer__weight_decay': 0.0001}",0.9794721407624634,0.6938775510204082,0.8725274725274725,0.39805825242718446,0.592,0.7071870833475057,0.2051742862605768,239,0.855883731833099,0.9674242424242424,0.9397517980054584,0.45550090128624243,0.9661667781067915,0.8369454903311666,0.19501313512818305
285,2.738880157470703,0.9903864117821963,0.042191696166992185,0.007657598465109338,128,10,0.0002,500,128,384,0.25,4,2,32,0.0001,"{'model__batch_size': 128, 'model__callbacks__early_stopping__patience': 10, 'model__lr': 0.0002, 'model__max_epochs': 500, 'model__module__d_model': 128, 'model__module__dim_feedforward': 384, 'model__module__dropout': 0.25, 'model__module__nhead': 4, 'model__module__num_layers': 2, 'model__module__patch_size': 32, 'model__optimizer__weight_decay': 0.0001}",0.9794721407624634,0.668560606060606,0.8512820512820514,0.400297619047619,0.5511541749786264,0.6901533184262731,0.2066258372413689,284,0.8757618377871542,0.9893844634628045,0.8958333333333333,0.42795698924731185,0.9314734561213435,0.8240820159903895,0.2017879644019276
286,4.917671346664429,2.0430341541194528,0.04830689430236816,0.007079412036490298,128,10,0.0002,500,128,384,0.25,4,3,16,0.0001,"{'model__batch_size': 128, 'model__callbacks__early_stopping__patience': 10, 'model__lr': 0.0002, 'model__max_epochs': 500, 'model__module__d_model': 128, 'model__module__dim_feedforward': 384, 'model__module__dropout': 0.25, 'model__module__nhead': 4, 'model__module__num_layers': 3, 'model__module__patch_size': 16, 'model__optimizer__weight_decay': 0.0001}",0.9794721407624634,0.7543859649122806,0.894927536231884,0.39805825242718446,0.5416666666666666,0.7137021122000957,0.21649885865808932,191,0.886699315920398,0.9892652076225348,0.9119449355464392,0.45550090128624243,0.9275002388002674,0.8341821198351763,0.1923349225276301
287,3.358478546142578,1.3949129532717266,0.040673446655273435,0.006259486668015229,128,10,0.0002,500,128,384,0.25,4,3,32,0.0001,"{'model__batch_size': 128, 'model__callbacks__early_stopping__patience': 10, 'model__lr': 0.0002, 'model__max_epochs': 500, 'model__module__d_model': 128, 'model__module__dim_feedforward': 384, 'model__module__dropout': 0.25, 'model__module__nhead': 4, 'model__module__num_layers': 3, 'model__module__patch_size': 32, 'model__optimizer__weight_decay': 0.0001}",0.9597186700767264,0.7733580018501387,0.8725274725274725,0.39805825242718446,0.573055028462998,0.715343485068904,0.20430743738500753,177,0.8781026329831276,0.9946019458102312,0.9010039284155391,0.43162393162393164,0.980586249232658,0.8371837376130976,0.20763954420925107
