,mean_fit_time,std_fit_time,mean_score_time,std_score_time,param_model__batch_size,param_model__callbacks__early_stopping__patience,param_model__lr,param_model__max_epochs,param_model__module__d_model,param_model__module__dim_feedforward,param_model__module__dropout,param_model__module__nhead,param_model__module__num_layers,param_model__module__patch_size,param_model__optimizer__weight_decay,params,split0_test_score,split1_test_score,split2_test_score,split3_test_score,split4_test_score,mean_test_score,std_test_score,rank_test_score,split0_train_score,split1_train_score,split2_train_score,split3_train_score,split4_train_score,mean_train_score,std_train_score
0,11.094624280929565,5.083407715538295,0.050563812255859375,0.005780040687912474,64,10,3e-05,500,96,128,0.1,4,2,16,0.0001,"{'model__batch_size': 64, 'model__callbacks__early_stopping__patience': 10, 'model__lr': 3e-05, 'model__max_epochs': 500, 'model__module__d_model': 96, 'model__module__dim_feedforward': 128, 'model__module__dropout': 0.1, 'model__module__nhead': 4, 'model__module__num_layers': 2, 'model__module__patch_size': 16, 'model__optimizer__weight_decay': 0.0001}",0.6510178645616951,0.8791666666666667,0.849438202247191,0.4369747899159664,0.8934679001962433,0.7420130847175525,0.1758512515941161,33,0.845338649598657,0.913915857605178,0.9198428045661531,0.45956500841143955,0.8895635980892236,0.8056451836541303,0.17501599622650557
1,6.4842671871185305,4.419612370754459,0.04386734962463379,0.0067884664382970835,64,10,3e-05,500,96,128,0.1,4,2,32,0.0001,"{'model__batch_size': 64, 'model__callbacks__early_stopping__patience': 10, 'model__lr': 3e-05, 'model__max_epochs': 500, 'model__module__d_model': 96, 'model__module__dim_feedforward': 128, 'model__module__dropout': 0.1, 'model__module__nhead': 4, 'model__module__num_layers': 2, 'model__module__patch_size': 32, 'model__optimizer__weight_decay': 0.0001}",0.5349291646311676,0.8567901234567901,0.8230492196878751,0.42735042735042733,0.8416666666666667,0.6967571203585854,0.17962588150784406,260,0.7430593802908838,0.7921304412106365,0.9418611825192802,0.4377091377091377,0.7514883583849101,0.7332497000229697,0.16416990879615895
2,9.674053382873534,5.859135419893787,0.050860118865966794,0.00606632305079892,64,10,3e-05,500,96,128,0.1,4,3,16,0.0001,"{'model__batch_size': 64, 'model__callbacks__early_stopping__patience': 10, 'model__lr': 3e-05, 'model__max_epochs': 500, 'model__module__d_model': 96, 'model__module__dim_feedforward': 128, 'model__module__dropout': 0.1, 'model__module__nhead': 4, 'model__module__num_layers': 3, 'model__module__patch_size': 16, 'model__optimizer__weight_decay': 0.0001}",0.6339869281045751,0.8791666666666667,0.7774086378737541,0.4369747899159664,0.88125,0.7217574045121926,0.1685926556568815,165,0.7512437810945274,0.9006584766584766,0.8912859560067682,0.45956500841143955,0.9274896204900298,0.7860485685322484,0.17436673891532825
3,6.8228577136993405,4.07276323090385,0.04474325180053711,0.006234883765937984,64,10,3e-05,500,96,128,0.1,4,3,32,0.0001,"{'model__batch_size': 64, 'model__callbacks__early_stopping__patience': 10, 'model__lr': 3e-05, 'model__max_epochs': 500, 'model__module__d_model': 96, 'model__module__dim_feedforward': 128, 'model__module__dropout': 0.1, 'model__module__nhead': 4, 'model__module__num_layers': 3, 'model__module__patch_size': 32, 'model__optimizer__weight_decay': 0.0001}",0.5349291646311676,0.8094194961664841,0.8853020298361458,0.4224137931034483,0.8508550602747407,0.7005839088023974,0.18620821454186737,257,0.7414909742317762,0.779262753319357,0.9468569065343259,0.45085470085470086,0.8761362501248626,0.7589203170130044,0.17010688241211647
4,8.98193325996399,4.694737782616664,0.04654059410095215,0.006190473426707005,64,10,3e-05,500,96,128,0.25,4,2,16,0.0001,"{'model__batch_size': 64, 'model__callbacks__early_stopping__patience': 10, 'model__lr': 3e-05, 'model__max_epochs': 500, 'model__module__d_model': 96, 'model__module__dim_feedforward': 128, 'model__module__dropout': 0.25, 'model__module__nhead': 4, 'model__module__num_layers': 2, 'model__module__patch_size': 16, 'model__optimizer__weight_decay': 0.0001}",0.6044869131699211,0.9007868628121793,0.796969696969697,0.4322033898305085,0.9169398907103825,0.7302773506985377,0.18602988304960796,103,0.7873015873015873,0.8572365674756992,0.8851824274013402,0.5012350035285815,0.8650625717913065,0.7792036314997028,0.14284574682510429
5,7.854841518402099,4.575431332685869,0.04667377471923828,0.008921328781362007,64,10,3e-05,500,96,128,0.25,4,2,32,0.0001,"{'model__batch_size': 64, 'model__callbacks__early_stopping__patience': 10, 'model__lr': 3e-05, 'model__max_epochs': 500, 'model__module__d_model': 96, 'model__module__dim_feedforward': 128, 'model__module__dropout': 0.25, 'model__module__nhead': 4, 'model__module__num_layers': 2, 'model__module__patch_size': 32, 'model__optimizer__weight_decay': 0.0001}",0.5349291646311676,0.8567901234567901,0.8230492196878751,0.4322033898305085,0.9208333333333334,0.7135610461879349,0.19315046447243134,217,0.72911051212938,0.8102073365231259,0.9369170348551792,0.42247191011235957,0.8436317780580076,0.7484677143356105,0.17608469100107582
6,10.980320405960082,5.908513543473321,0.049532413482666016,0.011064454222924867,64,10,3e-05,500,96,128,0.25,4,3,16,0.0001,"{'model__batch_size': 64, 'model__callbacks__early_stopping__patience': 10, 'model__lr': 3e-05, 'model__max_epochs': 500, 'model__module__d_model': 96, 'model__module__dim_feedforward': 128, 'model__module__dropout': 0.25, 'model__module__nhead': 4, 'model__module__num_layers': 3, 'model__module__patch_size': 16, 'model__optimizer__weight_decay': 0.0001}",0.5902439024390245,0.8567901234567901,0.8266045548654244,0.4322033898305085,0.8986936816848841,0.7209071304553264,0.1798148604084026,171,0.7853033282353798,0.8830067972810876,0.8804145516074451,0.48612091272641733,0.9189542483660131,0.7907599676432685,0.15862907949572186
7,6.074259281158447,3.9877023963029146,0.04614381790161133,0.006584609303894808,64,10,3e-05,500,96,128,0.25,4,3,32,0.0001,"{'model__batch_size': 64, 'model__callbacks__early_stopping__patience': 10, 'model__lr': 3e-05, 'model__max_epochs': 500, 'model__module__d_model': 96, 'model__module__dim_feedforward': 128, 'model__module__dropout': 0.25, 'model__module__nhead': 4, 'model__module__num_layers': 3, 'model__module__patch_size': 32, 'model__optimizer__weight_decay': 0.0001}",0.5349291646311676,0.8335724533715925,0.8230492196878751,0.41739130434782606,0.8423703703703703,0.6902625024817663,0.1788261694399882,274,0.7491586179428458,0.7655502392344498,0.9418611825192802,0.46513217159009723,0.7058760107816712,0.7255156444136689,0.1530701923738484
8,9.83408260345459,4.640953809982388,0.050475120544433594,0.004513042379535623,64,10,3e-05,500,96,256,0.1,4,2,16,0.0001,"{'model__batch_size': 64, 'model__callbacks__early_stopping__patience': 10, 'model__lr': 3e-05, 'model__max_epochs': 500, 'model__module__d_model': 96, 'model__module__dim_feedforward': 256, 'model__module__dropout': 0.1, 'model__module__nhead': 4, 'model__module__num_layers': 2, 'model__module__patch_size': 16, 'model__optimizer__weight_decay': 0.0001}",0.6190476190476191,0.8791666666666667,0.796969696969697,0.4322033898305085,0.8754098360655738,0.720559441716013,0.17229468148793803,177,0.7849959887311331,0.8960043787629994,0.8724565756823821,0.42247191011235957,0.8825757575757576,0.7717009221729263,0.17890441124776618
9,6.576894855499267,4.648792291484423,0.045484399795532225,0.008486798833958382,64,10,3e-05,500,96,256,0.1,4,2,32,0.0001,"{'model__batch_size': 64, 'model__callbacks__early_stopping__patience': 10, 'model__lr': 3e-05, 'model__max_epochs': 500, 'model__module__d_model': 96, 'model__module__dim_feedforward': 256, 'model__module__dropout': 0.1, 'model__module__nhead': 4, 'model__module__num_layers': 2, 'model__module__patch_size': 32, 'model__optimizer__weight_decay': 0.0001}",0.5349291646311676,0.7842261904761905,0.7800187617260788,0.4369747899159664,0.8581711543588376,0.6788640122216483,0.16291848231173447,284,0.7100961538461539,0.7937096079276174,0.9625933087975381,0.42247191011235957,0.7514883583849101,0.7280718678137157,0.17525490673802757
10,9.585479593276977,4.920196804166567,0.05148482322692871,0.005294273670935561,64,10,3e-05,500,96,256,0.1,4,3,16,0.0001,"{'model__batch_size': 64, 'model__callbacks__early_stopping__patience': 10, 'model__lr': 3e-05, 'model__max_epochs': 500, 'model__module__d_model': 96, 'model__module__dim_feedforward': 256, 'model__module__dropout': 0.1, 'model__module__nhead': 4, 'model__module__num_layers': 3, 'model__module__patch_size': 16, 'model__optimizer__weight_decay': 0.0001}",0.6190476190476191,0.8791666666666667,0.8266045548654244,0.4369747899159664,0.8581711543588376,0.7239929569709029,0.17088286106505557,142,0.7889288928892889,0.8948450347881087,0.8900017120356103,0.43319976392383436,0.9468257216926885,0.7907602250659063,0.18595257284474526
11,7.382895994186401,3.510378273839855,0.0458183765411377,0.006634794744041673,64,10,3e-05,500,96,256,0.1,4,3,32,0.0001,"{'model__batch_size': 64, 'model__callbacks__early_stopping__patience': 10, 'model__lr': 3e-05, 'model__max_epochs': 500, 'model__module__d_model': 96, 'model__module__dim_feedforward': 256, 'model__module__dropout': 0.1, 'model__module__nhead': 4, 'model__module__num_layers': 3, 'model__module__patch_size': 32, 'model__optimizer__weight_decay': 0.0001}",0.5902439024390245,0.8567901234567901,0.8085714285714285,0.4322033898305085,0.9124423963133641,0.7200502481222232,0.18069534182610913,181,0.8423529411764705,0.8520852641334569,0.9101491002570694,0.4362064032047817,0.8750579368438023,0.7831703291231162,0.17504442664473518
12,10.756827020645142,6.922495241400097,0.046814918518066406,0.008676898753290368,64,10,3e-05,500,96,256,0.25,4,2,16,0.0001,"{'model__batch_size': 64, 'model__callbacks__early_stopping__patience': 10, 'model__lr': 3e-05, 'model__max_epochs': 500, 'model__module__d_model': 96, 'model__module__dim_feedforward': 256, 'model__module__dropout': 0.25, 'model__module__nhead': 4, 'model__module__num_layers': 2, 'model__module__patch_size': 16, 'model__optimizer__weight_decay': 0.0001}",0.5902439024390245,0.8825910931174089,0.8308080808080808,0.4369747899159664,0.8754098360655738,0.7232055404692108,0.17874845365948128,147,0.7969696969696969,0.7863453815261043,0.9684585174275896,0.42117117117117114,0.8959544501048846,0.7737798434398894,0.188602735098192
13,6.034731197357178,3.3788177525204226,0.04217524528503418,0.006066992504844212,64,10,3e-05,500,96,256,0.25,4,2,32,0.0001,"{'model__batch_size': 64, 'model__callbacks__early_stopping__patience': 10, 'model__lr': 3e-05, 'model__max_epochs': 500, 'model__module__d_model': 96, 'model__module__dim_feedforward': 256, 'model__module__dropout': 0.25, 'model__module__nhead': 4, 'model__module__num_layers': 2, 'model__module__patch_size': 32, 'model__optimizer__weight_decay': 0.0001}",0.5349291646311676,0.8335724533715925,0.7800187617260788,0.42735042735042733,0.8416666666666667,0.6835074947491866,0.17002364746143042,278,0.6957262184737654,0.8058596600980086,0.9412180566818455,0.4670060331825038,0.7494403613383783,0.7318500659549003,0.1556078970424897
14,10.55747709274292,6.079883079180063,0.04701457023620605,0.006060755850358217,64,10,3e-05,500,96,256,0.25,4,3,16,0.0001,"{'model__batch_size': 64, 'model__callbacks__early_stopping__patience': 10, 'model__lr': 3e-05, 'model__max_epochs': 500, 'model__module__d_model': 96, 'model__module__dim_feedforward': 256, 'model__module__dropout': 0.25, 'model__module__nhead': 4, 'model__module__num_layers': 3, 'model__module__patch_size': 16, 'model__optimizer__weight_decay': 0.0001}",0.6044869131699211,0.8791666666666667,0.8801431127012522,0.4369747899159664,0.8754098360655738,0.7352362637038761,0.182985182778938,62,0.783235294117647,0.8783867056274475,0.9369170348551792,0.42117117117117114,0.9171627861283034,0.7873745983799496,0.19058499499740847
15,6.084109210968018,3.1706427261918515,0.04538908004760742,0.007436752256047087,64,10,3e-05,500,96,256,0.25,4,3,32,0.0001,"{'model__batch_size': 64, 'model__callbacks__early_stopping__patience': 10, 'model__lr': 3e-05, 'model__max_epochs': 500, 'model__module__d_model': 96, 'model__module__dim_feedforward': 256, 'model__module__dropout': 0.25, 'model__module__nhead': 4, 'model__module__num_layers': 3, 'model__module__patch_size': 32, 'model__optimizer__weight_decay': 0.0001}",0.5902439024390245,0.8567901234567901,0.7869894839814136,0.4947209653092006,0.8144078144078144,0.7086304579188486,0.140750076483444,236,0.8208955223880596,0.8257594366658478,0.8925225828036133,0.45085470085470086,0.7428379724701625,0.7465740430364768,0.15527966555934128
16,10.420434713363647,6.063791290291749,0.0486691951751709,0.007227560721073299,64,10,3e-05,500,96,384,0.1,4,2,16,0.0001,"{'model__batch_size': 64, 'model__callbacks__early_stopping__patience': 10, 'model__lr': 3e-05, 'model__max_epochs': 500, 'model__module__d_model': 96, 'model__module__dim_feedforward': 384, 'model__module__dropout': 0.1, 'model__module__nhead': 4, 'model__module__num_layers': 2, 'model__module__patch_size': 16, 'model__optimizer__weight_decay': 0.0001}",0.6044869131699211,0.8791666666666667,0.849438202247191,0.4369747899159664,0.8986936816848841,0.733752050736926,0.18249419504610603,78,0.7793754459140552,0.9272030651340997,0.9149710504549214,0.42247191011235957,0.9088640891244222,0.7905771121479717,0.19170770925093394
17,7.037151050567627,4.6127181676673255,0.045725774765014646,0.0074614837906165484,64,10,3e-05,500,96,384,0.1,4,2,32,0.0001,"{'model__batch_size': 64, 'model__callbacks__early_stopping__patience': 10, 'model__lr': 3e-05, 'model__max_epochs': 500, 'model__module__d_model': 96, 'model__module__dim_feedforward': 384, 'model__module__dropout': 0.1, 'model__module__nhead': 4, 'model__module__num_layers': 2, 'model__module__patch_size': 32, 'model__optimizer__weight_decay': 0.0001}",0.5349291646311676,0.8094194961664841,0.8344861660079052,0.4322033898305085,0.8581711543588376,0.6938418741989807,0.17541440168969546,267,0.7176907983063101,0.7511904761904762,0.9355135496821679,0.47905405405405405,0.9557835931773608,0.7678464942820739,0.17298941292347944
18,10.694340991973878,6.746777551418296,0.04716567993164063,0.008249720420422098,64,10,3e-05,500,96,384,0.1,4,3,16,0.0001,"{'model__batch_size': 64, 'model__callbacks__early_stopping__patience': 10, 'model__lr': 3e-05, 'model__max_epochs': 500, 'model__module__d_model': 96, 'model__module__dim_feedforward': 384, 'model__module__dropout': 0.1, 'model__module__nhead': 4, 'model__module__num_layers': 3, 'model__module__patch_size': 16, 'model__optimizer__weight_decay': 0.0001}",0.5714285714285714,0.8791666666666667,0.8013833992094861,0.4369747899159664,0.8248847926267281,0.7027676439694838,0.16949930597384416,251,0.7788778877887789,0.9263915243516762,0.8865055832439594,0.42247191011235957,0.9752272500249726,0.7978948311043493,0.19855178977269877
19,7.727409934997558,3.1842603314451976,0.044050073623657225,0.007241237206865665,64,10,3e-05,500,96,384,0.1,4,3,32,0.0001,"{'model__batch_size': 64, 'model__callbacks__early_stopping__patience': 10, 'model__lr': 3e-05, 'model__max_epochs': 500, 'model__module__d_model': 96, 'model__module__dim_feedforward': 384, 'model__module__dropout': 0.1, 'model__module__nhead': 4, 'model__module__num_layers': 3, 'model__module__patch_size': 32, 'model__optimizer__weight_decay': 0.0001}",0.6827886710239651,0.8791666666666667,0.8230492196878751,0.4224137931034483,0.9032340208810797,0.742130474272607,0.17721248259978362,32,0.901470588235294,0.9263915243516762,0.9369170348551792,0.5792118337850045,0.8555452003727866,0.8399072363199881,0.13333200531742398
20,8.798711824417115,4.426733969874917,0.04679226875305176,0.007962392329706943,64,10,3e-05,500,96,384,0.25,4,2,16,0.0001,"{'model__batch_size': 64, 'model__callbacks__early_stopping__patience': 10, 'model__lr': 3e-05, 'model__max_epochs': 500, 'model__module__d_model': 96, 'model__module__dim_feedforward': 384, 'model__module__dropout': 0.25, 'model__module__nhead': 4, 'model__module__num_layers': 2, 'model__module__patch_size': 16, 'model__optimizer__weight_decay': 0.0001}",0.6339869281045751,0.9007868628121793,0.8266045548654244,0.4369747899159664,0.8508550602747407,0.7298416391945773,0.1721561479894626,106,0.8008807060145334,0.8588304668304668,0.8900017120356103,0.42247191011235957,0.8684350132625995,0.7681239616511139,0.1753239905034561
21,6.082923507690429,3.263246932263781,0.04017043113708496,0.005535967548071569,64,10,3e-05,500,96,384,0.25,4,2,32,0.0001,"{'model__batch_size': 64, 'model__callbacks__early_stopping__patience': 10, 'model__lr': 3e-05, 'model__max_epochs': 500, 'model__module__d_model': 96, 'model__module__dim_feedforward': 384, 'model__module__dropout': 0.25, 'model__module__nhead': 4, 'model__module__num_layers': 2, 'model__module__patch_size': 32, 'model__optimizer__weight_decay': 0.0001}",0.6339869281045751,0.8791666666666667,0.7908763505402161,0.4369747899159664,0.8508550602747407,0.7183719591004329,0.16429777669666074,194,0.7949429705154896,0.870873786407767,0.9519056827396919,0.42247191011235957,0.7457787749260197,0.7571946249402656,0.18134492153258872
22,11.063879203796386,6.619994531564435,0.04941372871398926,0.008015260939402281,64,10,3e-05,500,96,384,0.25,4,3,16,0.0001,"{'model__batch_size': 64, 'model__callbacks__early_stopping__patience': 10, 'model__lr': 3e-05, 'model__max_epochs': 500, 'model__module__d_model': 96, 'model__module__dim_feedforward': 384, 'model__module__dropout': 0.25, 'model__module__nhead': 4, 'model__module__num_layers': 3, 'model__module__patch_size': 16, 'model__optimizer__weight_decay': 0.0001}",0.6044869131699211,0.8791666666666667,0.8197603325996576,0.41739130434782606,0.88125,0.7204110433568143,0.18231959048236673,180,0.7805077805077805,0.8948450347881087,0.8925225828036133,0.45956500841143955,0.9561450044208665,0.7967170821863617,0.17785348674118368
23,7.661242866516114,5.504033209376552,0.04308905601501465,0.006964510784999852,64,10,3e-05,500,96,384,0.25,4,3,32,0.0001,"{'model__batch_size': 64, 'model__callbacks__early_stopping__patience': 10, 'model__lr': 3e-05, 'model__max_epochs': 500, 'model__module__d_model': 96, 'model__module__dim_feedforward': 384, 'model__module__dropout': 0.25, 'model__module__nhead': 4, 'model__module__num_layers': 3, 'model__module__patch_size': 32, 'model__optimizer__weight_decay': 0.0001}",0.6339869281045751,0.8567901234567901,0.8873949579831932,0.4322033898305085,0.8508550602747407,0.7322460919299616,0.1751176519698556,87,0.7054945054945054,0.7997436262640649,0.943078626799557,0.42247191011235957,0.9598413083960813,0.7661259954133136,0.195827633012481
24,7.383543586730957,3.760486074597589,0.04233231544494629,0.005927242238244836,64,10,3e-05,500,128,128,0.1,4,2,16,0.0001,"{'model__batch_size': 64, 'model__callbacks__early_stopping__patience': 10, 'model__lr': 3e-05, 'model__max_epochs': 500, 'model__module__d_model': 128, 'model__module__dim_feedforward': 128, 'model__module__dropout': 0.1, 'model__module__nhead': 4, 'model__module__num_layers': 2, 'model__module__patch_size': 16, 'model__optimizer__weight_decay': 0.0001}",0.5491949910554561,0.8043184885290149,0.815980024968789,0.4369747899159664,0.8754098360655738,0.69637562610696,0.1714415674573829,261,0.770298840066282,0.7738095238095238,0.9070524412296563,0.42117117117117114,0.872781368626244,0.7490226689805755,0.17253596314932873
25,6.670412635803222,3.5114622372383315,0.04336915016174316,0.00503683255114425,64,10,3e-05,500,128,128,0.1,4,2,32,0.0001,"{'model__batch_size': 64, 'model__callbacks__early_stopping__patience': 10, 'model__lr': 3e-05, 'model__max_epochs': 500, 'model__module__d_model': 128, 'model__module__dim_feedforward': 128, 'model__module__dropout': 0.1, 'model__module__nhead': 4, 'model__module__num_layers': 2, 'model__module__patch_size': 32, 'model__optimizer__weight_decay': 0.0001}",0.6493738819320215,0.9007868628121793,0.8376937984496124,0.4369747899159664,0.9208333333333334,0.7491325332886227,0.1831488702417492,14,0.7412935323383085,0.9529434889434889,0.9468569065343259,0.4474815724815725,0.8581699346405229,0.7893490869876437,0.1873450743673373
26,8.91314344406128,5.066234001311613,0.04417209625244141,0.0044737465071087125,64,10,3e-05,500,128,128,0.1,4,3,16,0.0001,"{'model__batch_size': 64, 'model__callbacks__early_stopping__patience': 10, 'model__lr': 3e-05, 'model__max_epochs': 500, 'model__module__d_model': 128, 'model__module__dim_feedforward': 128, 'model__module__dropout': 0.1, 'model__module__nhead': 4, 'model__module__num_layers': 3, 'model__module__patch_size': 16, 'model__optimizer__weight_decay': 0.0001}",0.6190476190476191,0.8791666666666667,0.796969696969697,0.4369747899159664,0.9169398907103825,0.7298197326620663,0.17880503326120098,107,0.7726887192536047,0.8913969087197433,0.9101491002570694,0.42247191011235957,0.8750579368438023,0.7743529150373158,0.1822659666361322
27,5.892893266677857,2.8703649425248727,0.04118351936340332,0.0035526554962038237,64,10,3e-05,500,128,128,0.1,4,3,32,0.0001,"{'model__batch_size': 64, 'model__callbacks__early_stopping__patience': 10, 'model__lr': 3e-05, 'model__max_epochs': 500, 'model__module__d_model': 128, 'model__module__dim_feedforward': 128, 'model__module__dropout': 0.1, 'model__module__nhead': 4, 'model__module__num_layers': 3, 'model__module__patch_size': 32, 'model__optimizer__weight_decay': 0.0001}",0.5992844364937389,0.7842261904761905,0.8308080808080808,0.4322033898305085,0.9208333333333334,0.7134710861883704,0.1754556722440844,218,0.8029411764705883,0.7471856717426659,0.9043424317617866,0.42247191011235957,0.8976716769820219,0.7549225734138845,0.17640447276349044
28,7.8221958637237545,4.4707123082780145,0.04019465446472168,0.005646346433051983,64,10,3e-05,500,128,128,0.25,4,2,16,0.0001,"{'model__batch_size': 64, 'model__callbacks__early_stopping__patience': 10, 'model__lr': 3e-05, 'model__max_epochs': 500, 'model__module__d_model': 128, 'model__module__dim_feedforward': 128, 'model__module__dropout': 0.25, 'model__module__nhead': 4, 'model__module__num_layers': 2, 'model__module__patch_size': 16, 'model__optimizer__weight_decay': 0.0001}",0.6493738819320215,0.861101607937051,0.8218085106382979,0.4369747899159664,0.8581711543588376,0.7254859889564348,0.1638943209632208,133,0.735364649456905,0.8913969087197433,0.8973145753159633,0.42117117117117114,0.8895635980892236,0.7669621805506013,0.1833448565501279
29,6.93843355178833,3.9077867699343614,0.04397926330566406,0.0029738926468138283,64,10,3e-05,500,128,128,0.25,4,2,32,0.0001,"{'model__batch_size': 64, 'model__callbacks__early_stopping__patience': 10, 'model__lr': 3e-05, 'model__max_epochs': 500, 'model__module__d_model': 128, 'model__module__dim_feedforward': 128, 'model__module__dropout': 0.25, 'model__module__nhead': 4, 'model__module__num_layers': 2, 'model__module__patch_size': 32, 'model__optimizer__weight_decay': 0.0001}",0.5622988505747126,0.9007868628121793,0.7682806324110671,0.4369747899159664,0.9032340208810797,0.714315031319001,0.18622617612375483,213,0.7586908863138115,0.9382735148514851,0.9738550123095078,0.42247191011235957,0.8537706117967591,0.7894123870767846,0.197944347076753
30,8.680730152130128,5.180261974772067,0.049713659286499026,0.010559433253960764,64,10,3e-05,500,128,128,0.25,4,3,16,0.0001,"{'model__batch_size': 64, 'model__callbacks__early_stopping__patience': 10, 'model__lr': 3e-05, 'model__max_epochs': 500, 'model__module__d_model': 128, 'model__module__dim_feedforward': 128, 'model__module__dropout': 0.25, 'model__module__nhead': 4, 'model__module__num_layers': 3, 'model__module__patch_size': 16, 'model__optimizer__weight_decay': 0.0001}",0.6190476190476191,0.8825910931174089,0.8013833992094861,0.4369747899159664,0.8934679001962433,0.7266929602973449,0.17505479587937897,123,0.7664266767715044,0.7872850859656138,0.9140180662428905,0.42247191011235957,0.8750579368438023,0.7530519351872341,0.17402844887570262
31,6.600087594985962,4.1919840415423355,0.04292178153991699,0.005602078778168889,64,10,3e-05,500,128,128,0.25,4,3,32,0.0001,"{'model__batch_size': 64, 'model__callbacks__early_stopping__patience': 10, 'model__lr': 3e-05, 'model__max_epochs': 500, 'model__module__d_model': 128, 'model__module__dim_feedforward': 128, 'model__module__dropout': 0.25, 'model__module__nhead': 4, 'model__module__num_layers': 3, 'model__module__patch_size': 32, 'model__optimizer__weight_decay': 0.0001}",0.5492260061919505,0.8791666666666667,0.8230492196878751,0.4369747899159664,0.8754098360655738,0.7127653037056065,0.1839079709821675,223,0.5407363885624755,0.8630419112346823,0.963397017233311,0.4377091377091377,0.880577849117175,0.7370924607713563,0.2077744711158145
32,7.482648849487305,4.186982922635733,0.04176139831542969,0.005430881110894196,64,10,3e-05,500,128,256,0.1,4,2,16,0.0001,"{'model__batch_size': 64, 'model__callbacks__early_stopping__patience': 10, 'model__lr': 3e-05, 'model__max_epochs': 500, 'model__module__d_model': 128, 'model__module__dim_feedforward': 256, 'model__module__dropout': 0.1, 'model__module__nhead': 4, 'model__module__num_layers': 2, 'model__module__patch_size': 16, 'model__optimizer__weight_decay': 0.0001}",0.5851851851851853,0.7749559082892417,0.8458982877587529,0.4369747899159664,0.9208333333333334,0.7127695008964959,0.17732538551741223,222,0.7611940298507462,0.7655502392344498,0.9010015408320493,0.42247191011235957,0.8976716769820219,0.7495778794023253,0.17449886217241364
33,5.64358434677124,2.7282925058282825,0.043106365203857425,0.0033466475801559436,64,10,3e-05,500,128,256,0.1,4,2,32,0.0001,"{'model__batch_size': 64, 'model__callbacks__early_stopping__patience': 10, 'model__lr': 3e-05, 'model__max_epochs': 500, 'model__module__d_model': 128, 'model__module__dim_feedforward': 256, 'model__module__dropout': 0.1, 'model__module__nhead': 4, 'model__module__num_layers': 2, 'model__module__patch_size': 32, 'model__optimizer__weight_decay': 0.0001}",0.6493738819320215,0.9007868628121793,0.8085714285714285,0.4369747899159664,0.9208333333333334,0.7433080593129858,0.1806863611090811,26,0.7029556650246305,0.8783867056274475,0.9312904884318767,0.43470336852689795,0.8771766477148913,0.7649025750651488,0.18222951937347184
34,8.353143310546875,5.203127931452651,0.046230411529541014,0.005494977604082876,64,10,3e-05,500,128,256,0.1,4,3,16,0.0001,"{'model__batch_size': 64, 'model__callbacks__early_stopping__patience': 10, 'model__lr': 3e-05, 'model__max_epochs': 500, 'model__module__d_model': 128, 'model__module__dim_feedforward': 256, 'model__module__dropout': 0.1, 'model__module__nhead': 4, 'model__module__num_layers': 3, 'model__module__patch_size': 16, 'model__optimizer__weight_decay': 0.0001}",0.5579559617781471,0.8567901234567901,0.8458982877587529,0.4369747899159664,0.88125,0.7157738325819314,0.18266675485541345,204,0.6957406827435013,0.8520852641334569,0.9120013696284883,0.42247191011235957,0.9263059886289349,0.7617210430493482,0.18829840969317513
35,7.474334478378296,3.5899104299337603,0.04374842643737793,0.0051512974018350505,64,10,3e-05,500,128,256,0.1,4,3,32,0.0001,"{'model__batch_size': 64, 'model__callbacks__early_stopping__patience': 10, 'model__lr': 3e-05, 'model__max_epochs': 500, 'model__module__d_model': 128, 'model__module__dim_feedforward': 256, 'model__module__dropout': 0.1, 'model__module__nhead': 4, 'model__module__num_layers': 3, 'model__module__patch_size': 32, 'model__optimizer__weight_decay': 0.0001}",0.6666666666666667,0.8791666666666667,0.8675889328063241,0.4369747899159664,0.8581711543588376,0.7417136420828924,0.1713464860956169,35,0.9077252052262472,0.8983732480746416,0.9070524412296563,0.42247191011235957,0.9752272500249726,0.8221700109335754,0.20175070846595378
36,8.035291147232055,4.880058759736228,0.04196629524230957,0.005969788882711509,64,10,3e-05,500,128,256,0.25,4,2,16,0.0001,"{'model__batch_size': 64, 'model__callbacks__early_stopping__patience': 10, 'model__lr': 3e-05, 'model__max_epochs': 500, 'model__module__d_model': 128, 'model__module__dim_feedforward': 256, 'model__module__dropout': 0.25, 'model__module__nhead': 4, 'model__module__num_layers': 2, 'model__module__patch_size': 16, 'model__optimizer__weight_decay': 0.0001}",0.6339869281045751,0.8567901234567901,0.8458982877587529,0.4369747899159664,0.8986936816848841,0.7344687621841939,0.1748989086840129,69,0.7793754459140552,0.7863453815261043,0.8912859560067682,0.42247191011235957,0.8941097533700668,0.7547176893858708,0.17324930745131079
37,6.140513801574707,3.162509066538864,0.039796304702758786,0.004517591428279558,64,10,3e-05,500,128,256,0.25,4,2,32,0.0001,"{'model__batch_size': 64, 'model__callbacks__early_stopping__patience': 10, 'model__lr': 3e-05, 'model__max_epochs': 500, 'model__module__d_model': 128, 'model__module__dim_feedforward': 256, 'model__module__dropout': 0.25, 'model__module__nhead': 4, 'model__module__num_layers': 2, 'model__module__patch_size': 32, 'model__optimizer__weight_decay': 0.0001}",0.6493738819320215,0.9007868628121793,0.8258918025041342,0.47105263157894733,0.9169398907103825,0.752809013907533,0.16986051217705522,8,0.7487248724872487,0.8723710515793682,0.9369170348551792,0.4904470079307858,0.880577849117175,0.7858075631939514,0.15995105538668483
38,11.817725276947021,7.21639864390804,0.04296078681945801,0.004091839053959692,64,10,3e-05,500,128,256,0.25,4,3,16,0.0001,"{'model__batch_size': 64, 'model__callbacks__early_stopping__patience': 10, 'model__lr': 3e-05, 'model__max_epochs': 500, 'model__module__d_model': 128, 'model__module__dim_feedforward': 256, 'model__module__dropout': 0.25, 'model__module__nhead': 4, 'model__module__num_layers': 3, 'model__module__patch_size': 16, 'model__optimizer__weight_decay': 0.0001}",0.6190476190476191,0.8791666666666667,0.8646464646464647,0.4369747899159664,0.88125,0.7362171080553433,0.179576095183725,56,0.7949429705154896,0.9120832118207447,0.9140180662428905,0.4614123006833713,0.9510732323232323,0.8067059563171457,0.18045954768396658
39,6.152304697036743,3.0212423309969143,0.04175200462341309,0.005577321978787729,64,10,3e-05,500,128,256,0.25,4,3,32,0.0001,"{'model__batch_size': 64, 'model__callbacks__early_stopping__patience': 10, 'model__lr': 3e-05, 'model__max_epochs': 500, 'model__module__d_model': 128, 'model__module__dim_feedforward': 256, 'model__module__dropout': 0.25, 'model__module__nhead': 4, 'model__module__num_layers': 3, 'model__module__patch_size': 32, 'model__optimizer__weight_decay': 0.0001}",0.6339869281045751,0.8567901234567901,0.8525311812179017,0.4369747899159664,0.9169398907103825,0.7394445826811231,0.17926094472870396,43,0.8213435422737748,0.8863409770687936,0.8961174343154983,0.42247191011235957,0.8563180501448406,0.7765183827830534,0.17893636968939072
40,8.462031412124634,4.9354439920990485,0.039632320404052734,0.0051922782282599585,64,10,3e-05,500,128,384,0.1,4,2,16,0.0001,"{'model__batch_size': 64, 'model__callbacks__early_stopping__patience': 10, 'model__lr': 3e-05, 'model__max_epochs': 500, 'model__module__d_model': 128, 'model__module__dim_feedforward': 384, 'model__module__dropout': 0.1, 'model__module__nhead': 4, 'model__module__num_layers': 2, 'model__module__patch_size': 16, 'model__optimizer__weight_decay': 0.0001}",0.5491949910554561,0.9007868628121793,0.8308080808080808,0.4224137931034483,0.9208333333333334,0.7248074122224997,0.20145108283146831,137,0.7162274031149529,0.9369070208728653,0.918932559459971,0.4441240086517664,0.9036968002485244,0.783977558469616,0.1876291493823627
41,5.264818429946899,2.956340723768933,0.037990903854370116,0.0055011075186621955,64,10,3e-05,500,128,384,0.1,4,2,32,0.0001,"{'model__batch_size': 64, 'model__callbacks__early_stopping__patience': 10, 'model__lr': 3e-05, 'model__max_epochs': 500, 'model__module__d_model': 128, 'model__module__dim_feedforward': 384, 'model__module__dropout': 0.1, 'model__module__nhead': 4, 'model__module__num_layers': 2, 'model__module__patch_size': 32, 'model__optimizer__weight_decay': 0.0001}",0.6339869281045751,0.8791666666666667,0.8376937984496124,0.4369747899159664,0.8934679001962433,0.7362580166666127,0.17632746406621355,55,0.7403975741239892,0.8595475954125922,0.9198428045661531,0.42247191011235957,0.8829588591361445,0.7650437486702477,0.18152718613157934
42,7.975218629837036,4.777861566249484,0.041901350021362305,0.005755336607915373,64,10,3e-05,500,128,384,0.1,4,3,16,0.0001,"{'model__batch_size': 64, 'model__callbacks__early_stopping__patience': 10, 'model__lr': 3e-05, 'model__max_epochs': 500, 'model__module__d_model': 128, 'model__module__dim_feedforward': 384, 'model__module__dropout': 0.1, 'model__module__nhead': 4, 'model__module__num_layers': 3, 'model__module__patch_size': 16, 'model__optimizer__weight_decay': 0.0001}",0.5491949910554561,0.8791666666666667,0.815980024968789,0.4369747899159664,0.8508550602747407,0.7064343065763238,0.17890037462432792,241,0.7026569343065694,0.876978142406145,0.9198428045661531,0.42247191011235957,0.9004815409309791,0.7644862664644412,0.1876600527694045
43,7.244237232208252,2.970983463671397,0.03940949440002441,0.004607459003114082,64,10,3e-05,500,128,384,0.1,4,3,32,0.0001,"{'model__batch_size': 64, 'model__callbacks__early_stopping__patience': 10, 'model__lr': 3e-05, 'model__max_epochs': 500, 'model__module__d_model': 128, 'model__module__dim_feedforward': 384, 'model__module__dropout': 0.1, 'model__module__nhead': 4, 'model__module__num_layers': 3, 'model__module__patch_size': 32, 'model__optimizer__weight_decay': 0.0001}",0.7142857142857142,0.8791666666666667,0.849438202247191,0.4369747899159664,0.9208333333333334,0.7601397412897744,0.17578522816597877,3,0.9368646141021691,0.9272030651340997,0.9355135496821679,0.42247191011235957,0.8968283840805087,0.823776304622261,0.2011731074625568
44,7.470326089859009,4.481774083225438,0.040898895263671874,0.006687135212506373,64,10,3e-05,500,128,384,0.25,4,2,16,0.0001,"{'model__batch_size': 64, 'model__callbacks__early_stopping__patience': 10, 'model__lr': 3e-05, 'model__max_epochs': 500, 'model__module__d_model': 128, 'model__module__dim_feedforward': 384, 'model__module__dropout': 0.25, 'model__module__nhead': 4, 'model__module__num_layers': 2, 'model__module__patch_size': 16, 'model__optimizer__weight_decay': 0.0001}",0.6044869131699211,0.8567901234567901,0.8013833992094861,0.4322033898305085,0.9208333333333334,0.7231394318000078,0.179883131623797,149,0.7434129901960784,0.791397719732159,0.918932559459971,0.4474815724815725,0.9081535192873711,0.7618756722314304,0.17095037071579405
45,5.486286878585815,2.9826188428711102,0.03975963592529297,0.006033176473182617,64,10,3e-05,500,128,384,0.25,4,2,32,0.0001,"{'model__batch_size': 64, 'model__callbacks__early_stopping__patience': 10, 'model__lr': 3e-05, 'model__max_epochs': 500, 'model__module__d_model': 128, 'model__module__dim_feedforward': 384, 'model__module__dropout': 0.25, 'model__module__nhead': 4, 'model__module__num_layers': 2, 'model__module__patch_size': 32, 'model__optimizer__weight_decay': 0.0001}",0.6339869281045751,0.9007868628121793,0.796969696969697,0.4369747899159664,0.8754098360655738,0.7288256227735983,0.1731314536162016,113,0.7403975741239892,0.8910996479161549,0.918932559459971,0.4377091377091377,0.8959544501048846,0.7768186738628275,0.1809815486216481
46,8.699253273010253,4.767359439101892,0.04434671401977539,0.005319095227657825,64,10,3e-05,500,128,384,0.25,4,3,16,0.0001,"{'model__batch_size': 64, 'model__callbacks__early_stopping__patience': 10, 'model__lr': 3e-05, 'model__max_epochs': 500, 'model__module__d_model': 128, 'model__module__dim_feedforward': 384, 'model__module__dropout': 0.25, 'model__module__nhead': 4, 'model__module__num_layers': 3, 'model__module__patch_size': 16, 'model__optimizer__weight_decay': 0.0001}",0.6044869131699211,0.9007868628121793,0.8266045548654244,0.4369747899159664,0.833879781420765,0.7205465804368514,0.17347165446909255,178,0.7401533029654428,0.905360531309298,0.9207197943444729,0.42247191011235957,0.901328877218111,0.7780068831899368,0.18954274004966973
47,5.697891092300415,3.3836001165542,0.040601348876953124,0.006713633896624465,64,10,3e-05,500,128,384,0.25,4,3,32,0.0001,"{'model__batch_size': 64, 'model__callbacks__early_stopping__patience': 10, 'model__lr': 3e-05, 'model__max_epochs': 500, 'model__module__d_model': 128, 'model__module__dim_feedforward': 384, 'model__module__dropout': 0.25, 'model__module__nhead': 4, 'model__module__num_layers': 3, 'model__module__patch_size': 32, 'model__optimizer__weight_decay': 0.0001}",0.6493738819320215,0.8791666666666667,0.8376937984496124,0.4322033898305085,0.8754098360655738,0.7347695145888766,0.17324105731012576,67,0.7663303617502091,0.8959118525383586,0.9140180662428905,0.42247191011235957,0.8393652335843251,0.7676194848456286,0.18009299758070896
48,4.279993867874145,2.041674844992595,0.04027590751647949,0.00449427126652008,64,10,0.0001,500,96,128,0.1,4,2,16,0.0001,"{'model__batch_size': 64, 'model__callbacks__early_stopping__patience': 10, 'model__lr': 0.0001, 'model__max_epochs': 500, 'model__module__d_model': 96, 'model__module__dim_feedforward': 128, 'model__module__dropout': 0.1, 'model__module__nhead': 4, 'model__module__num_layers': 2, 'model__module__patch_size': 16, 'model__optimizer__weight_decay': 0.0001}",0.6190476190476191,0.8791666666666667,0.8116534628162535,0.4369747899159664,0.8508550602747407,0.7195395197442493,0.16801846587576647,185,0.7854054342603961,0.9263915243516762,0.8790018832391714,0.4948402948402948,0.9210631017744888,0.8013404476932054,0.16136843098743384
49,3.34218807220459,1.4602171212332749,0.041054296493530276,0.0048067567743577885,64,10,0.0001,500,96,128,0.1,4,2,32,0.0001,"{'model__batch_size': 64, 'model__callbacks__early_stopping__patience': 10, 'model__lr': 0.0001, 'model__max_epochs': 500, 'model__module__d_model': 96, 'model__module__dim_feedforward': 128, 'model__module__dropout': 0.1, 'model__module__nhead': 4, 'model__module__num_layers': 2, 'model__module__patch_size': 32, 'model__optimizer__weight_decay': 0.0001}",0.5992844364937389,0.8791666666666667,0.7542186353631695,0.4369747899159664,0.9124423963133641,0.7164173849505812,0.17784845225388335,202,0.8185975888626675,0.8125828912466844,0.9271777849740932,0.42247191011235957,0.8931363496460449,0.7747933049683698,0.1814956414694634
50,5.589274501800537,3.00351312582788,0.040102672576904294,0.005720831989430354,64,10,0.0001,500,96,128,0.1,4,3,16,0.0001,"{'model__batch_size': 64, 'model__callbacks__early_stopping__patience': 10, 'model__lr': 0.0001, 'model__max_epochs': 500, 'model__module__d_model': 96, 'model__module__dim_feedforward': 128, 'model__module__dropout': 0.1, 'model__module__nhead': 4, 'model__module__num_layers': 3, 'model__module__patch_size': 16, 'model__optimizer__weight_decay': 0.0001}",0.620868180007965,0.8791666666666667,0.8612836438923395,0.4322033898305085,0.88125,0.7349543760794959,0.18046190625704012,64,0.802711194900799,0.9411634594116346,0.9468569065343259,0.49215221318879854,0.9754353295429783,0.8316638207157073,0.1800201382248709
51,3.642982006072998,1.525687485341984,0.041128349304199216,0.005070570661833473,64,10,0.0001,500,96,128,0.1,4,3,32,0.0001,"{'model__batch_size': 64, 'model__callbacks__early_stopping__patience': 10, 'model__lr': 0.0001, 'model__max_epochs': 500, 'model__module__d_model': 96, 'model__module__dim_feedforward': 128, 'model__module__dropout': 0.1, 'model__module__nhead': 4, 'model__module__num_layers': 3, 'model__module__patch_size': 32, 'model__optimizer__weight_decay': 0.0001}",0.5851851851851853,0.8567901234567901,0.8525311812179017,0.4369747899159664,0.8645276292335116,0.719201781801871,0.1763175575814278,189,0.8578249336870026,0.7964285714285715,0.9519056827396919,0.42247191011235957,0.9210631017744888,0.7899388399484228,0.19136844727598762
52,4.616428852081299,2.275371784447777,0.040059471130371095,0.005122669306162208,64,10,0.0001,500,96,128,0.25,4,2,16,0.0001,"{'model__batch_size': 64, 'model__callbacks__early_stopping__patience': 10, 'model__lr': 0.0001, 'model__max_epochs': 500, 'model__module__d_model': 96, 'model__module__dim_feedforward': 128, 'model__module__dropout': 0.25, 'model__module__nhead': 4, 'model__module__num_layers': 2, 'model__module__patch_size': 16, 'model__optimizer__weight_decay': 0.0001}",0.6357723577235772,0.8791666666666667,0.815980024968789,0.4369747899159664,0.8986936816848841,0.7333175041919768,0.1748075573434545,80,0.769569910176902,0.9529434889434889,0.9167746113989637,0.4362064032047817,0.887926122408881,0.7926841072266035,0.18855406846840092
53,3.394254541397095,1.4011136016015142,0.03850431442260742,0.006074764847439575,64,10,0.0001,500,96,128,0.25,4,2,32,0.0001,"{'model__batch_size': 64, 'model__callbacks__early_stopping__patience': 10, 'model__lr': 0.0001, 'model__max_epochs': 500, 'model__module__d_model': 96, 'model__module__dim_feedforward': 128, 'model__module__dropout': 0.25, 'model__module__nhead': 4, 'model__module__num_layers': 2, 'model__module__patch_size': 32, 'model__optimizer__weight_decay': 0.0001}",0.5714285714285714,0.8791666666666667,0.8258918025041342,0.4369747899159664,0.9169398907103825,0.7260803442451442,0.1883211661861401,128,0.8226470588235295,0.8125828912466844,0.9684585174275896,0.42117117117117114,0.8923611111111112,0.7834441499560172,0.1895894860288886
54,5.315110921859741,2.6515033316441845,0.04097175598144531,0.0061311031834014275,64,10,0.0001,500,96,128,0.25,4,3,16,0.0001,"{'model__batch_size': 64, 'model__callbacks__early_stopping__patience': 10, 'model__lr': 0.0001, 'model__max_epochs': 500, 'model__module__d_model': 96, 'model__module__dim_feedforward': 128, 'model__module__dropout': 0.25, 'model__module__nhead': 4, 'model__module__num_layers': 3, 'model__module__patch_size': 16, 'model__optimizer__weight_decay': 0.0001}",0.620868180007965,0.8791666666666667,0.8959627329192547,0.4369747899159664,0.8645276292335116,0.7394999997486729,0.1817769424834203,42,0.7988131836705512,0.9255497800879648,0.9418611825192802,0.42247191011235957,0.9150393970537856,0.8007470906887881,0.1957792030452301
55,3.0825345516204834,1.2072213384897268,0.04147329330444336,0.005392696424793564,64,10,0.0001,500,96,128,0.25,4,3,32,0.0001,"{'model__batch_size': 64, 'model__callbacks__early_stopping__patience': 10, 'model__lr': 0.0001, 'model__max_epochs': 500, 'model__module__d_model': 96, 'model__module__dim_feedforward': 128, 'model__module__dropout': 0.25, 'model__module__nhead': 4, 'model__module__num_layers': 3, 'model__module__patch_size': 32, 'model__optimizer__weight_decay': 0.0001}",0.6493738819320215,0.8791666666666667,0.8525311812179017,0.4224137931034483,0.9392162090109304,0.7485403463861937,0.18996164365214557,15,0.736508630107057,0.834187931069152,0.9312904884318767,0.5035513685399269,0.8563180501448406,0.7723712936585706,0.1481039822763147
56,4.7408088684082035,2.3277860645477957,0.04107680320739746,0.005142166477700909,64,10,0.0001,500,96,256,0.1,4,2,16,0.0001,"{'model__batch_size': 64, 'model__callbacks__early_stopping__patience': 10, 'model__lr': 0.0001, 'model__max_epochs': 500, 'model__module__d_model': 96, 'model__module__dim_feedforward': 256, 'model__module__dropout': 0.1, 'model__module__nhead': 4, 'model__module__num_layers': 2, 'model__module__patch_size': 16, 'model__optimizer__weight_decay': 0.0001}",0.5714285714285714,0.9007868628121793,0.8308080808080808,0.4369747899159664,0.8508550602747407,0.7181706730479078,0.18124313729502925,196,0.7776334776334777,0.9738574938574938,0.9207197943444729,0.42247191011235957,0.9250347621062813,0.8039434876108171,0.2016845820365324
57,2.9651537895202638,1.3062804361287885,0.039585018157958986,0.0051740139635748856,64,10,0.0001,500,96,256,0.1,4,2,32,0.0001,"{'model__batch_size': 64, 'model__callbacks__early_stopping__patience': 10, 'model__lr': 0.0001, 'model__max_epochs': 500, 'model__module__d_model': 96, 'model__module__dim_feedforward': 256, 'model__module__dropout': 0.1, 'model__module__nhead': 4, 'model__module__num_layers': 2, 'model__module__patch_size': 32, 'model__optimizer__weight_decay': 0.0001}",0.6137931034482759,0.8567901234567901,0.8525311812179017,0.4369747899159664,0.9169398907103825,0.7354058177498634,0.1818009079949292,60,0.8308457711442787,0.803366633577629,0.9255996691480562,0.42247191011235957,0.8996032709902032,0.7763774509945053,0.1824259953229285
58,5.256435966491699,3.278496712509019,0.0417020320892334,0.0046509348131348015,64,10,0.0001,500,96,256,0.1,4,3,16,0.0001,"{'model__batch_size': 64, 'model__callbacks__early_stopping__patience': 10, 'model__lr': 0.0001, 'model__max_epochs': 500, 'model__module__d_model': 96, 'model__module__dim_feedforward': 256, 'model__module__dropout': 0.1, 'model__module__nhead': 4, 'model__module__num_layers': 3, 'model__module__patch_size': 16, 'model__optimizer__weight_decay': 0.0001}",0.5604395604395604,0.8791666666666667,0.8675889328063241,0.4369747899159664,0.88125,0.7250839899657036,0.18897177144254249,135,0.5714047022317699,0.8863409770687936,0.9574855252274607,0.42247191011235957,0.9754353295429783,0.7626276888366724,0.22397938763945655
59,3.335526466369629,1.5412606753499827,0.03914222717285156,0.006146693545164144,64,10,0.0001,500,96,256,0.1,4,3,32,0.0001,"{'model__batch_size': 64, 'model__callbacks__early_stopping__patience': 10, 'model__lr': 0.0001, 'model__max_epochs': 500, 'model__module__d_model': 96, 'model__module__dim_feedforward': 256, 'model__module__dropout': 0.1, 'model__module__nhead': 4, 'model__module__num_layers': 3, 'model__module__patch_size': 32, 'model__optimizer__weight_decay': 0.0001}",0.6044869131699211,0.8791666666666667,0.8701550387596899,0.4224137931034483,0.9208333333333334,0.7394111490066119,0.19402651955636668,44,0.7967369256548196,0.8739985583359078,0.9741266485452532,0.5341020535528544,0.9284241774552651,0.82147767270882,0.15536702299942004
60,3.744681882858276,1.7021234731510697,0.04037961959838867,0.0033187508909998708,64,10,0.0001,500,96,256,0.25,4,2,16,0.0001,"{'model__batch_size': 64, 'model__callbacks__early_stopping__patience': 10, 'model__lr': 0.0001, 'model__max_epochs': 500, 'model__module__d_model': 96, 'model__module__dim_feedforward': 256, 'model__module__dropout': 0.25, 'model__module__nhead': 4, 'model__module__num_layers': 2, 'model__module__patch_size': 16, 'model__optimizer__weight_decay': 0.0001}",0.5902439024390245,0.8567901234567901,0.8052325581395349,0.4369747899159664,0.8645276292335116,0.7107538006369655,0.1693380145379367,231,0.7758678980053026,0.8876756952403932,0.8937138130686517,0.4474815724815725,0.8996032709902032,0.7808684499572246,0.172865055427204
61,3.1890149116516113,1.5486037644852668,0.03882293701171875,0.002301917591675952,64,10,0.0001,500,96,256,0.25,4,2,32,0.0001,"{'model__batch_size': 64, 'model__callbacks__early_stopping__patience': 10, 'model__lr': 0.0001, 'model__max_epochs': 500, 'model__module__d_model': 96, 'model__module__dim_feedforward': 256, 'model__module__dropout': 0.25, 'model__module__nhead': 4, 'model__module__num_layers': 2, 'model__module__patch_size': 32, 'model__optimizer__weight_decay': 0.0001}",0.5992844364937389,0.8791666666666667,0.8525311812179017,0.4369747899159664,0.8986936816848841,0.7333301511958317,0.18363933446193692,79,0.7471844136842307,0.9474225173940544,0.8912859560067682,0.42247191011235957,0.8860453501148736,0.7788820294624573,0.19003022290637206
62,5.445759725570679,2.9826590565228543,0.04216361045837402,0.004749443722698336,64,10,0.0001,500,96,256,0.25,4,3,16,0.0001,"{'model__batch_size': 64, 'model__callbacks__early_stopping__patience': 10, 'model__lr': 0.0001, 'model__max_epochs': 500, 'model__module__d_model': 96, 'model__module__dim_feedforward': 256, 'model__module__dropout': 0.25, 'model__module__nhead': 4, 'model__module__num_layers': 3, 'model__module__patch_size': 16, 'model__optimizer__weight_decay': 0.0001}",0.6044869131699211,0.9217273954116059,0.815980024968789,0.4369747899159664,0.88125,0.7320838246932564,0.1836431966769244,90,0.7911675697225595,0.9424864864864866,0.8973145753159633,0.42247191011235957,0.9608585858585859,0.8028598254991909,0.1991042880070648
63,3.2848986625671386,1.619255271968458,0.03825640678405762,0.00526382065257719,64,10,0.0001,500,96,256,0.25,4,3,32,0.0001,"{'model__batch_size': 64, 'model__callbacks__early_stopping__patience': 10, 'model__lr': 0.0001, 'model__max_epochs': 500, 'model__module__d_model': 96, 'model__module__dim_feedforward': 256, 'model__module__dropout': 0.25, 'model__module__nhead': 4, 'model__module__num_layers': 3, 'model__module__patch_size': 32, 'model__optimizer__weight_decay': 0.0001}",0.6044869131699211,0.8791666666666667,0.8675889328063241,0.4369747899159664,0.8754098360655738,0.7327254277248902,0.18105557060131214,83,0.80231822971549,0.8555830367376485,0.969110576923077,0.42247191011235957,0.9203852327447832,0.7939737972466716,0.19418121572817149
64,4.781637907028198,2.4219083271631705,0.03926587104797363,0.004270739570476352,64,10,0.0001,500,96,384,0.1,4,2,16,0.0001,"{'model__batch_size': 64, 'model__callbacks__early_stopping__patience': 10, 'model__lr': 0.0001, 'model__max_epochs': 500, 'model__module__d_model': 96, 'model__module__dim_feedforward': 384, 'model__module__dropout': 0.1, 'model__module__nhead': 4, 'model__module__num_layers': 2, 'model__module__patch_size': 16, 'model__optimizer__weight_decay': 0.0001}",0.6044869131699211,0.8791666666666667,0.8404761904761905,0.4369747899159664,0.8508550602747407,0.7223919241006971,0.1734298263370787,158,0.7930873507496184,0.9246763754045307,0.9529390221571141,0.42247191011235957,0.9608585858585859,0.8108066488564416,0.20337224628898934
65,3.166520023345947,1.573612238736578,0.04005904197692871,0.00582305177932532,64,10,0.0001,500,96,384,0.1,4,2,32,0.0001,"{'model__batch_size': 64, 'model__callbacks__early_stopping__patience': 10, 'model__lr': 0.0001, 'model__max_epochs': 500, 'model__module__d_model': 96, 'model__module__dim_feedforward': 384, 'model__module__dropout': 0.1, 'model__module__nhead': 4, 'model__module__num_layers': 2, 'model__module__patch_size': 32, 'model__optimizer__weight_decay': 0.0001}",0.5851851851851853,0.8567901234567901,0.8525311812179017,0.4369747899159664,0.8754098360655738,0.7213782231682835,0.1781555923104413,168,0.825974025974026,0.8146028259446216,0.9043424317617866,0.42247191011235957,0.9656094613601696,0.7866001310305928,0.19017434396945387
66,5.577980375289917,3.0521282550571525,0.04446077346801758,0.004747466168258561,64,10,0.0001,500,96,384,0.1,4,3,16,0.0001,"{'model__batch_size': 64, 'model__callbacks__early_stopping__patience': 10, 'model__lr': 0.0001, 'model__max_epochs': 500, 'model__module__d_model': 96, 'model__module__dim_feedforward': 384, 'model__module__dropout': 0.1, 'model__module__nhead': 4, 'model__module__num_layers': 3, 'model__module__patch_size': 16, 'model__optimizer__weight_decay': 0.0001}",0.6190476190476191,0.9007868628121793,0.8308080808080808,0.4369747899159664,0.88125,0.7337734705167691,0.17905864589598816,77,0.7970259536344324,0.9588490099009901,0.9255996691480562,0.42247191011235957,0.9706439393939394,0.8149180964379555,0.20569452811771277
67,3.426561784744263,1.46527291108016,0.04405570030212402,0.008736876231866385,64,10,0.0001,500,96,384,0.1,4,3,32,0.0001,"{'model__batch_size': 64, 'model__callbacks__early_stopping__patience': 10, 'model__lr': 0.0001, 'model__max_epochs': 500, 'model__module__d_model': 96, 'model__module__dim_feedforward': 384, 'model__module__dropout': 0.1, 'model__module__nhead': 4, 'model__module__num_layers': 3, 'model__module__patch_size': 32, 'model__optimizer__weight_decay': 0.0001}",0.6137931034482759,0.7578747628083491,0.8376937984496124,0.4369747899159664,0.8754098360655738,0.7043492581375554,0.1609950252717461,247,0.8719117647058824,0.8442318953738044,0.9681141439205956,0.4362064032047817,0.9514677103718199,0.8143863835153768,0.1947529389040658
68,3.9694424152374266,1.912080078318996,0.03996610641479492,0.00565524930481918,64,10,0.0001,500,96,384,0.25,4,2,16,0.0001,"{'model__batch_size': 64, 'model__callbacks__early_stopping__patience': 10, 'model__lr': 0.0001, 'model__max_epochs': 500, 'model__module__d_model': 96, 'model__module__dim_feedforward': 384, 'model__module__dropout': 0.25, 'model__module__nhead': 4, 'model__module__num_layers': 2, 'model__module__patch_size': 16, 'model__optimizer__weight_decay': 0.0001}",0.6190476190476191,0.8791666666666667,0.7869894839814136,0.4947209653092006,0.8508550602747407,0.7261559590559281,0.14676321955657798,125,0.7322778248986901,0.9376026272577997,0.8890077120822621,0.48992256729935985,0.8761362501248626,0.7849893963325949,0.1626415079737128
69,2.7494202613830567,1.4288434144712803,0.03834528923034668,0.0034830898606760794,64,10,0.0001,500,96,384,0.25,4,2,32,0.0001,"{'model__batch_size': 64, 'model__callbacks__early_stopping__patience': 10, 'model__lr': 0.0001, 'model__max_epochs': 500, 'model__module__d_model': 96, 'model__module__dim_feedforward': 384, 'model__module__dropout': 0.25, 'model__module__nhead': 4, 'model__module__num_layers': 2, 'model__module__patch_size': 32, 'model__optimizer__weight_decay': 0.0001}",0.6493738819320215,0.8567901234567901,0.8344861660079052,0.4369747899159664,0.8754098360655738,0.7306069594756514,0.16763031788928567,102,0.6813200885425241,0.8082586757285553,0.8984675524504606,0.42247191011235957,0.8825757575757576,0.7386187968819314,0.1757025554203698
70,5.586318445205689,3.018971172212558,0.0425933837890625,0.006370782515080147,64,10,0.0001,500,96,384,0.25,4,3,16,0.0001,"{'model__batch_size': 64, 'model__callbacks__early_stopping__patience': 10, 'model__lr': 0.0001, 'model__max_epochs': 500, 'model__module__d_model': 96, 'model__module__dim_feedforward': 384, 'model__module__dropout': 0.25, 'model__module__nhead': 4, 'model__module__num_layers': 3, 'model__module__patch_size': 16, 'model__optimizer__weight_decay': 0.0001}",0.6357723577235772,0.9007868628121793,0.815980024968789,0.4369747899159664,0.88125,0.7341528070841025,0.17555265476957982,73,0.7969696969696969,0.9263915243516762,0.9264032073310424,0.42247191011235957,0.9564937722940179,0.8057460222117585,0.19940634220239958
71,3.8762014865875245,2.1191980509424377,0.038619709014892575,0.004947652547461882,64,10,0.0001,500,96,384,0.25,4,3,32,0.0001,"{'model__batch_size': 64, 'model__callbacks__early_stopping__patience': 10, 'model__lr': 0.0001, 'model__max_epochs': 500, 'model__module__d_model': 96, 'model__module__dim_feedforward': 384, 'model__module__dropout': 0.25, 'model__module__nhead': 4, 'model__module__num_layers': 3, 'model__module__patch_size': 32, 'model__optimizer__weight_decay': 0.0001}",0.6137931034482759,0.7578747628083491,0.8552220888355342,0.48659003831417624,0.8581711543588376,0.7143302295530346,0.1445061676665792,212,0.85781973181128,0.837351502445842,0.9479841321243523,0.5730897009966778,0.9851363500149835,0.8402762834786269,0.14442327812280245
72,3.298546075820923,1.6223855121573725,0.04431581497192383,0.004932095719674627,64,10,0.0001,500,128,128,0.1,4,2,16,0.0001,"{'model__batch_size': 64, 'model__callbacks__early_stopping__patience': 10, 'model__lr': 0.0001, 'model__max_epochs': 500, 'model__module__d_model': 128, 'model__module__dim_feedforward': 128, 'model__module__dropout': 0.1, 'model__module__nhead': 4, 'model__module__num_layers': 2, 'model__module__patch_size': 16, 'model__optimizer__weight_decay': 0.0001}",0.5363834422657952,0.8791666666666667,0.8458982877587529,0.4369747899159664,0.8986936816848841,0.7194233736584131,0.19335588216552557,186,0.6734070019622018,0.8678116365515733,0.9032703245232518,0.4458010630220198,0.8510325400277553,0.7482645132173604,0.17086097814654505
73,2.9391730785369874,1.4399059604483526,0.039913511276245116,0.004829385152971171,64,10,0.0001,500,128,128,0.1,4,2,32,0.0001,"{'model__batch_size': 64, 'model__callbacks__early_stopping__patience': 10, 'model__lr': 0.0001, 'model__max_epochs': 500, 'model__module__d_model': 128, 'model__module__dim_feedforward': 128, 'model__module__dropout': 0.1, 'model__module__nhead': 4, 'model__module__num_layers': 2, 'model__module__patch_size': 32, 'model__optimizer__weight_decay': 0.0001}",0.6510178645616951,0.8791666666666667,0.7727713178294574,0.4322033898305085,0.9032340208810797,0.7276786519538815,0.1726175897914335,120,0.7286228622862286,0.9579380139152435,0.9468569065343259,0.42247191011235957,0.8870025158977,0.7885784417491715,0.2005246615690392
74,4.584557247161865,2.7326379954379867,0.04233818054199219,0.00492330803153977,64,10,0.0001,500,128,128,0.1,4,3,16,0.0001,"{'model__batch_size': 64, 'model__callbacks__early_stopping__patience': 10, 'model__lr': 0.0001, 'model__max_epochs': 500, 'model__module__d_model': 128, 'model__module__dim_feedforward': 128, 'model__module__dropout': 0.1, 'model__module__nhead': 4, 'model__module__num_layers': 3, 'model__module__patch_size': 16, 'model__optimizer__weight_decay': 0.0001}",0.7440797673452431,0.8825910931174089,0.8308080808080808,0.4369747899159664,0.9032340208810797,0.7595375504135558,0.17038545478809047,4,0.6576074332171893,0.9006584766584766,0.9468569065343259,0.42247191011235957,0.9510732323232323,0.7757335917691167,0.20706569504951525
75,3.2886585712432863,1.2940585604514716,0.042983722686767575,0.010145413164176604,64,10,0.0001,500,128,128,0.1,4,3,32,0.0001,"{'model__batch_size': 64, 'model__callbacks__early_stopping__patience': 10, 'model__lr': 0.0001, 'model__max_epochs': 500, 'model__module__d_model': 128, 'model__module__dim_feedforward': 128, 'model__module__dropout': 0.1, 'model__module__nhead': 4, 'model__module__num_layers': 3, 'model__module__patch_size': 32, 'model__optimizer__weight_decay': 0.0001}",0.5714285714285714,0.8791666666666667,0.8853020298361458,0.42735042735042733,0.8863409770687936,0.7299177344701209,0.1936768153252021,105,0.8375142099280031,0.9480021893814997,0.9579446899034527,0.5277937748525984,0.90293542074364,0.8348380569618387,0.15929969734134708
76,3.6452971935272216,1.9971964323200684,0.04171137809753418,0.00896894078822985,64,10,0.0001,500,128,128,0.25,4,2,16,0.0001,"{'model__batch_size': 64, 'model__callbacks__early_stopping__patience': 10, 'model__lr': 0.0001, 'model__max_epochs': 500, 'model__module__d_model': 128, 'model__module__dim_feedforward': 128, 'model__module__dropout': 0.25, 'model__module__nhead': 4, 'model__module__num_layers': 2, 'model__module__patch_size': 16, 'model__optimizer__weight_decay': 0.0001}",0.5349291646311676,0.9007868628121793,0.7919254658385093,0.4369747899159664,0.8986936816848841,0.7126619929765414,0.19176748743595834,224,0.6246498599439776,0.8868347772277227,0.9198428045661531,0.42117117117117114,0.9256817500749175,0.7556360725967884,0.20105553538297077
77,2.940672445297241,1.3755763733710282,0.03879923820495605,0.006160971083085967,64,10,0.0001,500,128,128,0.25,4,2,32,0.0001,"{'model__batch_size': 64, 'model__callbacks__early_stopping__patience': 10, 'model__lr': 0.0001, 'model__max_epochs': 500, 'model__module__d_model': 128, 'model__module__dim_feedforward': 128, 'model__module__dropout': 0.25, 'model__module__nhead': 4, 'model__module__num_layers': 2, 'model__module__patch_size': 32, 'model__optimizer__weight_decay': 0.0001}",0.43434343434343436,0.8791666666666667,0.8458982877587529,0.4322033898305085,0.9032340208810797,0.6989691598960885,0.2177035572502131,259,0.43272311212814646,0.9263915243516762,0.9524318766066838,0.42247191011235957,0.863855397190086,0.7195747640777904,0.24015265325930016
78,3.9770600318908693,2.1567296069837463,0.041602468490600585,0.0062142650321713256,64,10,0.0001,500,128,128,0.25,4,3,16,0.0001,"{'model__batch_size': 64, 'model__callbacks__early_stopping__patience': 10, 'model__lr': 0.0001, 'model__max_epochs': 500, 'model__module__d_model': 128, 'model__module__dim_feedforward': 128, 'model__module__dropout': 0.25, 'model__module__nhead': 4, 'model__module__num_layers': 3, 'model__module__patch_size': 16, 'model__optimizer__weight_decay': 0.0001}",0.7142857142857142,0.8825910931174089,0.8308080808080808,0.5031779661016949,0.8508550602747407,0.756343582917528,0.13876419457597575,5,0.5913821677162745,0.8876756952403932,0.9468569065343259,0.4770235383447229,0.8524263876064431,0.751072939088432,0.18323122710557876
79,3.0019882678985597,1.20394906772883,0.041364192962646484,0.006067140415290222,64,10,0.0001,500,128,128,0.25,4,3,32,0.0001,"{'model__batch_size': 64, 'model__callbacks__early_stopping__patience': 10, 'model__lr': 0.0001, 'model__max_epochs': 500, 'model__module__d_model': 128, 'model__module__dim_feedforward': 128, 'model__module__dropout': 0.25, 'model__module__nhead': 4, 'model__module__num_layers': 3, 'model__module__patch_size': 32, 'model__optimizer__weight_decay': 0.0001}",0.6339869281045751,0.8567901234567901,0.8344861660079052,0.4369747899159664,0.8986936816848841,0.7321863378340241,0.1734987238498233,88,0.8828927244920253,0.832535885167464,0.9570090331214454,0.42247191011235957,0.8706260032102728,0.7931071112207133,0.18966262440666692
80,3.8684730529785156,2.0505312297671665,0.04042725563049317,0.006921536175520321,64,10,0.0001,500,128,256,0.1,4,2,16,0.0001,"{'model__batch_size': 64, 'model__callbacks__early_stopping__patience': 10, 'model__lr': 0.0001, 'model__max_epochs': 500, 'model__module__d_model': 128, 'model__module__dim_feedforward': 256, 'model__module__dropout': 0.1, 'model__module__nhead': 4, 'model__module__num_layers': 2, 'model__module__patch_size': 16, 'model__optimizer__weight_decay': 0.0001}",0.6493738819320215,0.8825910931174089,0.8344861660079052,0.4369747899159664,0.9032340208810797,0.7413319903708764,0.1765976790374659,38,0.680952380952381,0.8936627895909082,0.9247658079625293,0.43319976392383436,0.9510732323232323,0.7767307949505771,0.1965552419974396
81,2.899634265899658,1.1957761292677698,0.03896241188049317,0.004410398762075844,64,10,0.0001,500,128,256,0.1,4,2,32,0.0001,"{'model__batch_size': 64, 'model__callbacks__early_stopping__patience': 10, 'model__lr': 0.0001, 'model__max_epochs': 500, 'model__module__d_model': 128, 'model__module__dim_feedforward': 256, 'model__module__dropout': 0.1, 'model__module__nhead': 4, 'model__module__num_layers': 2, 'model__module__patch_size': 32, 'model__optimizer__weight_decay': 0.0001}",0.6339869281045751,0.8791666666666667,0.8085714285714285,0.4369747899159664,0.9032340208810797,0.7323867668279432,0.17520730022630854,85,0.8069271266278748,0.9263915243516762,0.9789723449517265,0.42247191011235957,0.8875237074297023,0.8044573226946679,0.19906904438270015
82,3.6601410865783692,1.7294102667460423,0.041513252258300784,0.00552511651717231,64,10,0.0001,500,128,256,0.1,4,3,16,0.0001,"{'model__batch_size': 64, 'model__callbacks__early_stopping__patience': 10, 'model__lr': 0.0001, 'model__max_epochs': 500, 'model__module__d_model': 128, 'model__module__dim_feedforward': 256, 'model__module__dropout': 0.1, 'model__module__nhead': 4, 'model__module__num_layers': 3, 'model__module__patch_size': 16, 'model__optimizer__weight_decay': 0.0001}",0.7619047619047619,0.9007868628121793,0.7774086378737541,0.4369747899159664,0.8986936816848841,0.7551537468383092,0.16946469978826548,6,0.6564102564102564,0.8983732480746416,0.8925225828036133,0.42247191011235957,0.8641095890410959,0.7467775172883934,0.1851108173289
83,3.2653111457824706,1.3433519189937115,0.04004349708557129,0.0034043767373923557,64,10,0.0001,500,128,256,0.1,4,3,32,0.0001,"{'model__batch_size': 64, 'model__callbacks__early_stopping__patience': 10, 'model__lr': 0.0001, 'model__max_epochs': 500, 'model__module__d_model': 128, 'model__module__dim_feedforward': 256, 'model__module__dropout': 0.1, 'model__module__nhead': 4, 'model__module__num_layers': 3, 'model__module__patch_size': 32, 'model__optimizer__weight_decay': 0.0001}",0.6654719235364397,0.8791666666666667,0.8769997377393128,0.4369747899159664,0.88125,0.747972623571677,0.17615263281966823,16,0.8629156010230179,0.8678116365515733,0.9579446899034527,0.42247191011235957,0.9463994498477257,0.8115086574876258,0.19839421743421745
84,3.577169990539551,1.5027328869256924,0.04356842041015625,0.00609043354269977,64,10,0.0001,500,128,256,0.25,4,2,16,0.0001,"{'model__batch_size': 64, 'model__callbacks__early_stopping__patience': 10, 'model__lr': 0.0001, 'model__max_epochs': 500, 'model__module__d_model': 128, 'model__module__dim_feedforward': 256, 'model__module__dropout': 0.25, 'model__module__nhead': 4, 'model__module__num_layers': 2, 'model__module__patch_size': 16, 'model__optimizer__weight_decay': 0.0001}",0.5902439024390245,0.861101607937051,0.8646464646464647,0.4369747899159664,0.8581711543588376,0.722227583859469,0.1771093645983215,159,0.759764374439749,0.8913969087197433,0.9070524412296563,0.42247191011235957,0.8706260032102728,0.7702623275423562,0.1813981095980088
85,2.702463960647583,1.3234835807044523,0.04183139801025391,0.002790946545710419,64,10,0.0001,500,128,256,0.25,4,2,32,0.0001,"{'model__batch_size': 64, 'model__callbacks__early_stopping__patience': 10, 'model__lr': 0.0001, 'model__max_epochs': 500, 'model__module__d_model': 128, 'model__module__dim_feedforward': 256, 'model__module__dropout': 0.25, 'model__module__nhead': 4, 'model__module__num_layers': 2, 'model__module__patch_size': 32, 'model__optimizer__weight_decay': 0.0001}",0.6443575964826576,0.9007868628121793,0.8230492196878751,0.4369747899159664,0.8645276292335116,0.7339392196264379,0.17265271535057336,75,0.6648224695283519,0.9101119128550699,0.9369170348551792,0.42247191011235957,0.8683006535947713,0.7605247961891464,0.1941879769124192
86,3.6432293891906737,1.7451186408991808,0.043900680541992185,0.007061284216918524,64,10,0.0001,500,128,256,0.25,4,3,16,0.0001,"{'model__batch_size': 64, 'model__callbacks__early_stopping__patience': 10, 'model__lr': 0.0001, 'model__max_epochs': 500, 'model__module__d_model': 128, 'model__module__dim_feedforward': 256, 'model__module__dropout': 0.25, 'model__module__nhead': 4, 'model__module__num_layers': 3, 'model__module__patch_size': 16, 'model__optimizer__weight_decay': 0.0001}",0.5739130434782609,0.9007868628121793,0.7869894839814136,0.4369747899159664,0.8754098360655738,0.7148148032506787,0.18035184221833958,209,0.6182336182336182,0.9224263633712453,0.9101491002570694,0.42247191011235957,0.8673507795320826,0.7481263543012749,0.1968599841733192
87,3.1674840450286865,1.2543067836577462,0.041764116287231444,0.004999993940087699,64,10,0.0001,500,128,256,0.25,4,3,32,0.0001,"{'model__batch_size': 64, 'model__callbacks__early_stopping__patience': 10, 'model__lr': 0.0001, 'model__max_epochs': 500, 'model__module__d_model': 128, 'model__module__dim_feedforward': 256, 'model__module__dropout': 0.25, 'model__module__nhead': 4, 'model__module__num_layers': 3, 'model__module__patch_size': 32, 'model__optimizer__weight_decay': 0.0001}",0.6190476190476191,0.8791666666666667,0.900691699604743,0.4369747899159664,0.8508550602747407,0.7373471671019471,0.18105059879165608,49,0.8494463874744034,0.8771929824561403,0.963397017233311,0.42247191011235957,0.8336010410101051,0.7892218676572638,0.18877390441619368
88,3.583956575393677,1.6277975872084005,0.040285921096801756,0.00379712017372956,64,10,0.0001,500,128,384,0.1,4,2,16,0.0001,"{'model__batch_size': 64, 'model__callbacks__early_stopping__patience': 10, 'model__lr': 0.0001, 'model__max_epochs': 500, 'model__module__d_model': 128, 'model__module__dim_feedforward': 384, 'model__module__dropout': 0.1, 'model__module__nhead': 4, 'model__module__num_layers': 2, 'model__module__patch_size': 16, 'model__optimizer__weight_decay': 0.0001}",0.6190476190476191,0.8791666666666667,0.8574468085106384,0.4369747899159664,0.88125,0.7347771768281782,0.17856653854266627,66,0.7683746362113061,0.8948450347881087,0.8998007277768152,0.42247191011235957,0.8750579368438023,0.7721100491464783,0.18123346008279267
89,2.4690896034240724,1.0718243616396126,0.03963923454284668,0.004418360942524943,64,10,0.0001,500,128,384,0.1,4,2,32,0.0001,"{'model__batch_size': 64, 'model__callbacks__early_stopping__patience': 10, 'model__lr': 0.0001, 'model__max_epochs': 500, 'model__module__d_model': 128, 'model__module__dim_feedforward': 384, 'model__module__dropout': 0.1, 'model__module__nhead': 4, 'model__module__num_layers': 2, 'model__module__patch_size': 32, 'model__optimizer__weight_decay': 0.0001}",0.6044869131699211,0.8567901234567901,0.8376937984496124,0.510551948051948,0.868663594470046,0.7356372755196634,0.1487638196303349,59,0.7738396624472574,0.832535885167464,0.9681141439205956,0.555503144654088,0.8594445793862845,0.7978874831151379,0.13659822043142913
90,4.685419273376465,3.1292571086594676,0.042395401000976565,0.006274329891030466,64,10,0.0001,500,128,384,0.1,4,3,16,0.0001,"{'model__batch_size': 64, 'model__callbacks__early_stopping__patience': 10, 'model__lr': 0.0001, 'model__max_epochs': 500, 'model__module__d_model': 128, 'model__module__dim_feedforward': 384, 'model__module__dropout': 0.1, 'model__module__nhead': 4, 'model__module__num_layers': 3, 'model__module__patch_size': 16, 'model__optimizer__weight_decay': 0.0001}",0.5739130434782609,0.8791666666666667,0.8308080808080808,0.4369747899159664,0.88125,0.7204225161737949,0.18169083458416838,179,0.515393466876453,0.9083811710677383,0.9111070418523266,0.4577253410205355,0.9752272500249726,0.7535668541684052,0.22007656752118152
91,3.296956729888916,2.0802379662435464,0.04103355407714844,0.005534793828938427,64,10,0.0001,500,128,384,0.1,4,3,32,0.0001,"{'model__batch_size': 64, 'model__callbacks__early_stopping__patience': 10, 'model__lr': 0.0001, 'model__max_epochs': 500, 'model__module__d_model': 128, 'model__module__dim_feedforward': 384, 'model__module__dropout': 0.1, 'model__module__nhead': 4, 'model__module__num_layers': 3, 'model__module__patch_size': 32, 'model__optimizer__weight_decay': 0.0001}",0.42857142857142855,0.8567901234567901,0.8675889328063241,0.4369747899159664,0.7771260997067448,0.6734102748914509,0.19896647536180406,286,0.5048706751763521,0.8707837877795848,0.947430862379316,0.42247191011235957,0.9851363500149835,0.7461387170925191,0.23500862109040968
92,3.781758260726929,1.712871629026054,0.04216890335083008,0.006058604062856347,64,10,0.0001,500,128,384,0.25,4,2,16,0.0001,"{'model__batch_size': 64, 'model__callbacks__early_stopping__patience': 10, 'model__lr': 0.0001, 'model__max_epochs': 500, 'model__module__d_model': 128, 'model__module__dim_feedforward': 384, 'model__module__dropout': 0.25, 'model__module__nhead': 4, 'model__module__num_layers': 2, 'model__module__patch_size': 16, 'model__optimizer__weight_decay': 0.0001}",0.5714285714285714,0.8791666666666667,0.8218085106382979,0.4369747899159664,0.88125,0.7181257077299004,0.1810302390151788,197,0.7930882352941176,0.9431126664722466,0.918932559459971,0.4316953316953317,0.8694842522872642,0.7912626090417862,0.18695916211996352
93,2.5230730056762694,1.2737185427004347,0.038682174682617185,0.005359878852040137,64,10,0.0001,500,128,384,0.25,4,2,32,0.0001,"{'model__batch_size': 64, 'model__callbacks__early_stopping__patience': 10, 'model__lr': 0.0001, 'model__max_epochs': 500, 'model__module__d_model': 128, 'model__module__dim_feedforward': 384, 'model__module__dropout': 0.25, 'model__module__nhead': 4, 'model__module__num_layers': 2, 'model__module__patch_size': 32, 'model__optimizer__weight_decay': 0.0001}",0.6990718124084025,0.8567901234567901,0.8701550387596899,0.4369747899159664,0.8986936816848841,0.7523370892451468,0.17233822982094488,9,0.6482148214821482,0.8213929639652471,0.9519056827396919,0.42247191011235957,0.8895635980892236,0.7467097952777341,0.19127028150432554
94,5.64119963645935,3.8370973192147786,0.04326610565185547,0.005001358547368483,64,10,0.0001,500,128,384,0.25,4,3,16,0.0001,"{'model__batch_size': 64, 'model__callbacks__early_stopping__patience': 10, 'model__lr': 0.0001, 'model__max_epochs': 500, 'model__module__d_model': 128, 'model__module__dim_feedforward': 384, 'model__module__dropout': 0.25, 'model__module__nhead': 4, 'model__module__num_layers': 3, 'model__module__patch_size': 16, 'model__optimizer__weight_decay': 0.0001}",0.6044869131699211,0.9007868628121793,0.782521847690387,0.4369747899159664,0.8581711543588376,0.7165883135894583,0.17266874867922613,201,0.8029411764705883,0.8876756952403932,0.9063714378238341,0.42247191011235957,0.9850069524212564,0.8008934344136863,0.1978694523228792
95,3.4304813861846926,1.8857769817590624,0.043016672134399414,0.009681143883879403,64,10,0.0001,500,128,384,0.25,4,3,32,0.0001,"{'model__batch_size': 64, 'model__callbacks__early_stopping__patience': 10, 'model__lr': 0.0001, 'model__max_epochs': 500, 'model__module__d_model': 128, 'model__module__dim_feedforward': 384, 'model__module__dropout': 0.25, 'model__module__nhead': 4, 'model__module__num_layers': 3, 'model__module__patch_size': 32, 'model__optimizer__weight_decay': 0.0001}",0.5902439024390245,0.8791666666666667,0.900691699604743,0.4369747899159664,0.7771260997067448,0.716840631666629,0.17784089277079593,199,0.794996175301778,0.8192153228297807,0.9271777849740932,0.42247191011235957,0.9851363500149835,0.789799508646599,0.1963930408725353
96,2.7689295768737794,1.153282511115295,0.040526533126831056,0.004198068996709414,64,10,0.0002,500,96,128,0.1,4,2,16,0.0001,"{'model__batch_size': 64, 'model__callbacks__early_stopping__patience': 10, 'model__lr': 0.0002, 'model__max_epochs': 500, 'model__module__d_model': 96, 'model__module__dim_feedforward': 128, 'model__module__dropout': 0.1, 'model__module__nhead': 4, 'model__module__num_layers': 2, 'model__module__patch_size': 16, 'model__optimizer__weight_decay': 0.0001}",0.6357723577235772,0.8825910931174089,0.8067138735903487,0.4369747899159664,0.9032340208810797,0.7330572270456762,0.17542803380209765,81,0.7620281608466375,0.8995368437791957,0.9247658079625293,0.43319976392383436,0.9164801204461261,0.7872021393916647,0.18665854180223232
97,2.4656320095062254,1.1339428754385932,0.03707308769226074,0.004777948847615983,64,10,0.0002,500,96,128,0.1,4,2,32,0.0001,"{'model__batch_size': 64, 'model__callbacks__early_stopping__patience': 10, 'model__lr': 0.0002, 'model__max_epochs': 500, 'model__module__d_model': 96, 'model__module__dim_feedforward': 128, 'model__module__dropout': 0.1, 'model__module__nhead': 4, 'model__module__num_layers': 2, 'model__module__patch_size': 32, 'model__optimizer__weight_decay': 0.0001}",0.5851851851851853,0.8791666666666667,0.8552220888355342,0.4369747899159664,0.8581711543588376,0.7229439769924381,0.17941308637759995,153,0.7988131836705512,0.9019896831245394,0.963397017233311,0.42247191011235957,0.9703986631654333,0.8114140914612389,0.2039674703872832
98,3.423477125167847,1.675015315881147,0.04113669395446777,0.005853300470868615,64,10,0.0002,500,96,128,0.1,4,3,16,0.0001,"{'model__batch_size': 64, 'model__callbacks__early_stopping__patience': 10, 'model__lr': 0.0002, 'model__max_epochs': 500, 'model__module__d_model': 96, 'model__module__dim_feedforward': 128, 'model__module__dropout': 0.1, 'model__module__nhead': 4, 'model__module__num_layers': 3, 'model__module__patch_size': 16, 'model__optimizer__weight_decay': 0.0001}",0.6357723577235772,0.8567901234567901,0.8612836438923395,0.4369747899159664,0.88125,0.7344141829977346,0.17368528453263782,70,0.767965367965368,0.8678116365515733,0.9424810270809172,0.43319976392383436,0.9850069524212564,0.7992929495885899,0.19732864202023004
99,2.7524791240692137,0.9775060858591731,0.04013042449951172,0.008332508061572094,64,10,0.0002,500,96,128,0.1,4,3,32,0.0001,"{'model__batch_size': 64, 'model__callbacks__early_stopping__patience': 10, 'model__lr': 0.0002, 'model__max_epochs': 500, 'model__module__d_model': 96, 'model__module__dim_feedforward': 128, 'model__module__dropout': 0.1, 'model__module__nhead': 4, 'model__module__num_layers': 3, 'model__module__patch_size': 32, 'model__optimizer__weight_decay': 0.0001}",0.7171717171717171,0.8791666666666667,0.8052325581395349,0.4369747899159664,0.8754098360655738,0.7427911135918916,0.16386880625902603,29,0.9113235294117648,0.9068684996395839,0.9681141439205956,0.42117117117117114,0.8931363496460449,0.820122738757832,0.20111549313948698
100,3.03441481590271,1.5516896992591473,0.040950775146484375,0.005508379460531082,64,10,0.0002,500,96,128,0.25,4,2,16,0.0001,"{'model__batch_size': 64, 'model__callbacks__early_stopping__patience': 10, 'model__lr': 0.0002, 'model__max_epochs': 500, 'model__module__d_model': 96, 'model__module__dim_feedforward': 128, 'model__module__dropout': 0.25, 'model__module__nhead': 4, 'model__module__num_layers': 2, 'model__module__patch_size': 16, 'model__optimizer__weight_decay': 0.0001}",0.7100756670649144,0.8567901234567901,0.8218085106382979,0.4369747899159664,0.9032340208810797,0.7457766223914096,0.16705137397802594,18,0.657079863776846,0.8755163082182025,0.8886674753075723,0.42247191011235957,0.9506644386090555,0.7588799992048072,0.19532729389974113
101,1.8482134342193604,0.8911221508654606,0.03724393844604492,0.005364836311139444,64,10,0.0002,500,96,128,0.25,4,2,32,0.0001,"{'model__batch_size': 64, 'model__callbacks__early_stopping__patience': 10, 'model__lr': 0.0002, 'model__max_epochs': 500, 'model__module__d_model': 96, 'model__module__dim_feedforward': 128, 'model__module__dropout': 0.25, 'model__module__nhead': 4, 'model__module__num_layers': 2, 'model__module__patch_size': 32, 'model__optimizer__weight_decay': 0.0001}",0.42857142857142855,0.7578747628083491,0.8308080808080808,0.4369747899159664,0.9032340208810797,0.671492616596981,0.2002781492841287,287,0.44645332880627,0.7478672985781991,0.9159856162144491,0.42247191011235957,0.8757610789980732,0.6817078465418702,0.2095078816344156
102,3.3718451023101808,1.6059732853225948,0.04015183448791504,0.005094090032819051,64,10,0.0002,500,96,128,0.25,4,3,16,0.0001,"{'model__batch_size': 64, 'model__callbacks__early_stopping__patience': 10, 'model__lr': 0.0002, 'model__max_epochs': 500, 'model__module__d_model': 96, 'model__module__dim_feedforward': 128, 'model__module__dropout': 0.25, 'model__module__nhead': 4, 'model__module__num_layers': 3, 'model__module__patch_size': 16, 'model__optimizer__weight_decay': 0.0001}",0.6652873563218391,0.8791666666666667,0.8612836438923395,0.4224137931034483,0.88125,0.7418802919968587,0.1791390221773396,34,0.5669056560828497,0.932029484029484,0.9424810270809172,0.5090525475436946,0.9463994498477257,0.7793736329169342,0.1980008004067638
103,2.173682689666748,1.156367762261319,0.03816323280334473,0.0057716657455984775,64,10,0.0002,500,96,128,0.25,4,3,32,0.0001,"{'model__batch_size': 64, 'model__callbacks__early_stopping__patience': 10, 'model__lr': 0.0002, 'model__max_epochs': 500, 'model__module__d_model': 96, 'model__module__dim_feedforward': 128, 'model__module__dropout': 0.25, 'model__module__nhead': 4, 'model__module__num_layers': 3, 'model__module__patch_size': 32, 'model__optimizer__weight_decay': 0.0001}",0.5714285714285714,0.7011494252873562,0.8552220888355342,0.4369747899159664,0.8581711543588376,0.6845892059652532,0.16348623344667645,277,0.7635294117647059,0.7519248704101329,0.9637773079633545,0.42117117117117114,0.901328877218111,0.760346327705495,0.1878196383624138
104,3.1023627281188966,1.4991849221563556,0.03938503265380859,0.005876351700595389,64,10,0.0002,500,96,256,0.1,4,2,16,0.0001,"{'model__batch_size': 64, 'model__callbacks__early_stopping__patience': 10, 'model__lr': 0.0002, 'model__max_epochs': 500, 'model__module__d_model': 96, 'model__module__dim_feedforward': 256, 'model__module__dropout': 0.1, 'model__module__nhead': 4, 'model__module__num_layers': 2, 'model__module__patch_size': 16, 'model__optimizer__weight_decay': 0.0001}",0.6777905638665132,0.8791666666666667,0.8612836438923395,0.4369747899159664,0.808242220353238,0.7326915769389448,0.16380556198003599,84,0.7704221491228069,0.9688013136288998,0.9355135496821679,0.42247191011235957,0.9703986631654333,0.8135215171423335,0.2089888326329625
105,1.9622066974639893,0.8125019578715114,0.037433290481567384,0.004122888927586861,64,10,0.0002,500,96,256,0.1,4,2,32,0.0001,"{'model__batch_size': 64, 'model__callbacks__early_stopping__patience': 10, 'model__lr': 0.0002, 'model__max_epochs': 500, 'model__module__d_model': 96, 'model__module__dim_feedforward': 256, 'model__module__dropout': 0.1, 'model__module__nhead': 4, 'model__module__num_layers': 2, 'model__module__patch_size': 32, 'model__optimizer__weight_decay': 0.0001}",0.6510178645616951,0.8791666666666667,0.8525311812179017,0.4369747899159664,0.8986936816848841,0.7436768368094228,0.1771376951374995,24,0.7153234649122806,0.8936425429828069,0.8925225828036133,0.42247191011235957,0.9142793241567209,0.7676479649935561,0.18700450343135402
106,3.4623701095581056,1.728654741802751,0.042010498046875,0.0034238082844331506,64,10,0.0002,500,96,256,0.1,4,3,16,0.0001,"{'model__batch_size': 64, 'model__callbacks__early_stopping__patience': 10, 'model__lr': 0.0002, 'model__max_epochs': 500, 'model__module__d_model': 96, 'model__module__dim_feedforward': 256, 'model__module__dropout': 0.1, 'model__module__nhead': 4, 'model__module__num_layers': 3, 'model__module__patch_size': 16, 'model__optimizer__weight_decay': 0.0001}",0.7207518220176448,0.861101607937051,0.849438202247191,0.4369747899159664,0.88125,0.7499032844235706,0.16631192208995646,13,0.6987706357569372,0.9287409108304632,0.9524318766066838,0.43319976392383436,0.9703986631654333,0.7967083700566704,0.20667899107941562
107,2.0858145713806153,0.9999818644822603,0.038042545318603516,0.0056761997657476275,64,10,0.0002,500,96,256,0.1,4,3,32,0.0001,"{'model__batch_size': 64, 'model__callbacks__early_stopping__patience': 10, 'model__lr': 0.0002, 'model__max_epochs': 500, 'model__module__d_model': 96, 'model__module__dim_feedforward': 256, 'model__module__dropout': 0.1, 'model__module__nhead': 4, 'model__module__num_layers': 3, 'model__module__patch_size': 32, 'model__optimizer__weight_decay': 0.0001}",0.43434343434343436,0.8094194961664841,0.900691699604743,0.4369747899159664,0.8986936816848841,0.6960246203431024,0.21513048011482264,264,0.4236559139784946,0.7725784589719529,0.9369170348551792,0.42247191011235957,0.9402889245585875,0.6991824484953147,0.23346118905731011
108,2.6591623783111573,1.1302953497076784,0.04234180450439453,0.004902368024120721,64,10,0.0002,500,96,256,0.25,4,2,16,0.0001,"{'model__batch_size': 64, 'model__callbacks__early_stopping__patience': 10, 'model__lr': 0.0002, 'model__max_epochs': 500, 'model__module__d_model': 96, 'model__module__dim_feedforward': 256, 'model__module__dropout': 0.25, 'model__module__nhead': 4, 'model__module__num_layers': 2, 'model__module__patch_size': 16, 'model__optimizer__weight_decay': 0.0001}",0.604040404040404,0.861101607937051,0.8612836438923395,0.4369747899159664,0.8645276292335116,0.7255856150038544,0.17558637154924395,130,0.5425059747354046,0.9111154791154792,0.9081235673879671,0.42247191011235957,0.8986928104575163,0.7365819483617453,0.21094976259430998
109,2.1860623359680176,0.8277181342599388,0.03893685340881348,0.0057366174570991375,64,10,0.0002,500,96,256,0.25,4,2,32,0.0001,"{'model__batch_size': 64, 'model__callbacks__early_stopping__patience': 10, 'model__lr': 0.0002, 'model__max_epochs': 500, 'model__module__d_model': 96, 'model__module__dim_feedforward': 256, 'model__module__dropout': 0.25, 'model__module__nhead': 4, 'model__module__num_layers': 2, 'model__module__patch_size': 32, 'model__optimizer__weight_decay': 0.0001}",0.6044869131699211,0.9007868628121793,0.8675889328063241,0.4369747899159664,0.8934679001962433,0.7406610797801267,0.18754713377420307,41,0.7911675697225595,0.9090708009088899,0.9574855252274607,0.42247191011235957,0.8825757575757576,0.7925543127094054,0.1927927203962617
110,3.2603094577789307,1.6448475171154513,0.041211414337158206,0.0059273080722778175,64,10,0.0002,500,96,256,0.25,4,3,16,0.0001,"{'model__batch_size': 64, 'model__callbacks__early_stopping__patience': 10, 'model__lr': 0.0002, 'model__max_epochs': 500, 'model__module__d_model': 96, 'model__module__dim_feedforward': 256, 'model__module__dropout': 0.25, 'model__module__nhead': 4, 'model__module__num_layers': 3, 'model__module__patch_size': 16, 'model__optimizer__weight_decay': 0.0001}",0.65,0.8791666666666667,0.7572463768115942,0.4369747899159664,0.88125,0.7209275666788455,0.1659649664879681,170,0.7913706004140787,0.9304659065773864,0.8395444465973434,0.42247191011235957,0.9703986631654333,0.7908503053733202,0.19483539774739736
111,2.2738925933837892,1.1989150943515223,0.040180397033691403,0.005171371616857639,64,10,0.0002,500,96,256,0.25,4,3,32,0.0001,"{'model__batch_size': 64, 'model__callbacks__early_stopping__patience': 10, 'model__lr': 0.0002, 'model__max_epochs': 500, 'model__module__d_model': 96, 'model__module__dim_feedforward': 256, 'model__module__dropout': 0.25, 'model__module__nhead': 4, 'model__module__num_layers': 3, 'model__module__patch_size': 32, 'model__optimizer__weight_decay': 0.0001}",0.6621417797888386,0.8335724533715925,0.8828963795255931,0.4369747899159664,0.8986936816848841,0.7428558168573749,0.17447307291929753,28,0.7431638129312548,0.8007746463803471,0.9787427626137304,0.42117117117117114,0.8895635980892236,0.7666831982371454,0.1903485228102912
112,3.0931896686553957,1.4953171647598684,0.040050077438354495,0.007558170004844774,64,10,0.0002,500,96,384,0.1,4,2,16,0.0001,"{'model__batch_size': 64, 'model__callbacks__early_stopping__patience': 10, 'model__lr': 0.0002, 'model__max_epochs': 500, 'model__module__d_model': 96, 'model__module__dim_feedforward': 384, 'model__module__dropout': 0.1, 'model__module__nhead': 4, 'model__module__num_layers': 2, 'model__module__patch_size': 16, 'model__optimizer__weight_decay': 0.0001}",0.6044869131699211,0.8791666666666667,0.8801431127012522,0.4369747899159664,0.808242220353238,0.7218027405614089,0.17446880935041606,164,0.7967369256548196,0.9369070208728653,0.936228287841191,0.42247191011235957,0.9752272500249726,0.8135142789012416,0.20475897809914445
113,2.445588541030884,0.7912147873077497,0.04614686965942383,0.014282967965178216,64,10,0.0002,500,96,384,0.1,4,2,32,0.0001,"{'model__batch_size': 64, 'model__callbacks__early_stopping__patience': 10, 'model__lr': 0.0002, 'model__max_epochs': 500, 'model__module__d_model': 96, 'model__module__dim_feedforward': 384, 'model__module__dropout': 0.1, 'model__module__nhead': 4, 'model__module__num_layers': 2, 'model__module__patch_size': 32, 'model__optimizer__weight_decay': 0.0001}",0.6666666666666667,0.8791666666666667,0.8404761904761905,0.4369747899159664,0.8508550602747407,0.7348278748000462,0.16662531121115165,65,0.9516594516594516,0.8995215311004785,0.9424810270809172,0.42247191011235957,0.9229574401988194,0.8278182720304053,0.20346138551033735
114,3.401838541030884,1.5989668100335823,0.042876482009887695,0.004881629567725747,64,10,0.0002,500,96,384,0.1,4,3,16,0.0001,"{'model__batch_size': 64, 'model__callbacks__early_stopping__patience': 10, 'model__lr': 0.0002, 'model__max_epochs': 500, 'model__module__d_model': 96, 'model__module__dim_feedforward': 384, 'model__module__dropout': 0.1, 'model__module__nhead': 4, 'model__module__num_layers': 3, 'model__module__patch_size': 16, 'model__optimizer__weight_decay': 0.0001}",0.43434343434343436,0.861101607937051,0.849438202247191,0.4369747899159664,0.833879781420765,0.6831475631728816,0.20225970885234587,279,0.43128766658178425,0.9263915243516762,0.9418611825192802,0.43319976392383436,0.9510732323232323,0.7367626739399615,0.24876452119320247
115,2.6899234771728517,1.0425675412716318,0.040678787231445315,0.005737165820471544,64,10,0.0002,500,96,384,0.1,4,3,32,0.0001,"{'model__batch_size': 64, 'model__callbacks__early_stopping__patience': 10, 'model__lr': 0.0002, 'model__max_epochs': 500, 'model__module__d_model': 96, 'model__module__dim_feedforward': 384, 'model__module__dropout': 0.1, 'model__module__nhead': 4, 'model__module__num_layers': 3, 'model__module__patch_size': 32, 'model__optimizer__weight_decay': 0.0001}",0.5714285714285714,0.9007868628121793,0.8701550387596899,0.4369747899159664,0.88125,0.7321190525832815,0.19114097921883652,89,0.8179738328447845,0.9529434889434889,0.9264032073310424,0.42247191011235957,0.9561450044208665,0.8151874887305084,0.20270567939306486
116,3.058162498474121,1.5341267729890826,0.03992152214050293,0.006380809167204183,64,10,0.0002,500,96,384,0.25,4,2,16,0.0001,"{'model__batch_size': 64, 'model__callbacks__early_stopping__patience': 10, 'model__lr': 0.0002, 'model__max_epochs': 500, 'model__module__d_model': 96, 'model__module__dim_feedforward': 384, 'model__module__dropout': 0.25, 'model__module__nhead': 4, 'model__module__num_layers': 2, 'model__module__patch_size': 16, 'model__optimizer__weight_decay': 0.0001}",0.5714285714285714,0.8791666666666667,0.8801431127012522,0.4369747899159664,0.808242220353238,0.7151910722131388,0.17934750836009036,206,0.8029968900197908,0.9272030651340997,0.9247658079625293,0.42247191011235957,0.9800963081861958,0.811506796282995,0.20300552457450965
117,2.4665364742279055,0.8138038392779358,0.04071540832519531,0.0061339471601772584,64,10,0.0002,500,96,384,0.25,4,2,32,0.0001,"{'model__batch_size': 64, 'model__callbacks__early_stopping__patience': 10, 'model__lr': 0.0002, 'model__max_epochs': 500, 'model__module__d_model': 96, 'model__module__dim_feedforward': 384, 'model__module__dropout': 0.25, 'model__module__nhead': 4, 'model__module__num_layers': 2, 'model__module__patch_size': 32, 'model__optimizer__weight_decay': 0.0001}",0.6666666666666667,0.9007868628121793,0.8404761904761905,0.4369747899159664,0.8754098360655738,0.7440628691873152,0.17401334719094402,22,0.9425180524773004,0.9246763754045307,0.9369170348551792,0.42247191011235957,0.9126418786692759,0.8278450503037291,0.20294865638960832
118,3.877533483505249,2.5889610583444855,0.04227733612060547,0.003597842638987806,64,10,0.0002,500,96,384,0.25,4,3,16,0.0001,"{'model__batch_size': 64, 'model__callbacks__early_stopping__patience': 10, 'model__lr': 0.0002, 'model__max_epochs': 500, 'model__module__d_model': 96, 'model__module__dim_feedforward': 384, 'model__module__dropout': 0.25, 'model__module__nhead': 4, 'model__module__num_layers': 3, 'model__module__patch_size': 16, 'model__optimizer__weight_decay': 0.0001}",0.7043740573152337,0.8567901234567901,0.7715709415158668,0.4369747899159664,0.8581711543588376,0.725576213312539,0.15534113211533823,131,0.7501767920282867,0.9524121891585664,0.8599760270240819,0.41855203619909503,0.9900481540930979,0.7942330397006255,0.2053112330491784
119,2.5743313789367677,1.416181244220203,0.04084515571594238,0.005461010143821485,64,10,0.0002,500,96,384,0.25,4,3,32,0.0001,"{'model__batch_size': 64, 'model__callbacks__early_stopping__patience': 10, 'model__lr': 0.0002, 'model__max_epochs': 500, 'model__module__d_model': 96, 'model__module__dim_feedforward': 384, 'model__module__dropout': 0.25, 'model__module__nhead': 4, 'model__module__num_layers': 3, 'model__module__patch_size': 32, 'model__optimizer__weight_decay': 0.0001}",0.6510178645616951,0.8791666666666667,0.8646464646464647,0.4369747899159664,0.8508550602747407,0.7365321692131067,0.17139131586535578,53,0.7211041538054501,0.8816343042071197,0.9684585174275896,0.42247191011235957,0.9701444622792937,0.7927626695663625,0.20614639856351027
120,2.4075436115264894,0.9879382347581419,0.04056711196899414,0.004604524768801331,64,10,0.0002,500,128,128,0.1,4,2,16,0.0001,"{'model__batch_size': 64, 'model__callbacks__early_stopping__patience': 10, 'model__lr': 0.0002, 'model__max_epochs': 500, 'model__module__d_model': 128, 'model__module__dim_feedforward': 128, 'model__module__dropout': 0.1, 'model__module__nhead': 4, 'model__module__num_layers': 2, 'model__module__patch_size': 16, 'model__optimizer__weight_decay': 0.0001}",0.5757575757575758,0.8825910931174089,0.8010796221322537,0.4369747899159664,0.8754098360655738,0.7143625833977557,0.17771450700314706,211,0.6001755155770074,0.8992424242424242,0.8948739477706732,0.4377091377091377,0.9096429438911828,0.7483287938380851,0.19427126685306118
121,2.093774127960205,0.8222247506996887,0.03894872665405273,0.0044949835737263175,64,10,0.0002,500,128,128,0.1,4,2,32,0.0001,"{'model__batch_size': 64, 'model__callbacks__early_stopping__patience': 10, 'model__lr': 0.0002, 'model__max_epochs': 500, 'model__module__d_model': 128, 'model__module__dim_feedforward': 128, 'model__module__dropout': 0.1, 'model__module__nhead': 4, 'model__module__num_layers': 2, 'model__module__patch_size': 32, 'model__optimizer__weight_decay': 0.0001}",0.5992844364937389,0.8791666666666667,0.8828963795255931,0.4369747899159664,0.9124423963133641,0.7421529337830657,0.19032870964671345,31,0.8029411764705883,0.8995368437791957,0.9130287648054145,0.42247191011235957,0.9750115873687605,0.8025980565072637,0.19789618507766227
122,3.406922960281372,1.7817637416603358,0.03946595191955567,0.004465658941248129,64,10,0.0002,500,128,128,0.1,4,3,16,0.0001,"{'model__batch_size': 64, 'model__callbacks__early_stopping__patience': 10, 'model__lr': 0.0002, 'model__max_epochs': 500, 'model__module__d_model': 128, 'model__module__dim_feedforward': 128, 'model__module__dropout': 0.1, 'model__module__nhead': 4, 'model__module__num_layers': 3, 'model__module__patch_size': 16, 'model__optimizer__weight_decay': 0.0001}",0.5366430260047281,0.8791666666666667,0.815980024968789,0.4369747899159664,0.9032340208810797,0.714399705687446,0.19062378254190274,210,0.4776654024441635,0.9369070208728653,0.9247658079625293,0.42247191011235957,0.9454999500549396,0.7414620182893714,0.238651984944077
123,2.4521817207336425,1.2549453531607835,0.03836531639099121,0.0049374389981477855,64,10,0.0002,500,128,128,0.1,4,3,32,0.0001,"{'model__batch_size': 64, 'model__callbacks__early_stopping__patience': 10, 'model__lr': 0.0002, 'model__max_epochs': 500, 'model__module__d_model': 128, 'model__module__dim_feedforward': 128, 'model__module__dropout': 0.1, 'model__module__nhead': 4, 'model__module__num_layers': 3, 'model__module__patch_size': 32, 'model__optimizer__weight_decay': 0.0001}",0.6354166666666667,0.8791666666666667,0.8525311812179017,0.4369747899159664,0.8508550602747407,0.7309888729483885,0.1712748795064858,98,0.5860488290981565,0.8849552054371331,0.9895968264248705,0.41855203619909503,0.9851363500149835,0.7728578494348477,0.23023204926757604
124,2.5026383876800535,1.092602034270885,0.042280960083007815,0.004584026698263401,64,10,0.0002,500,128,128,0.25,4,2,16,0.0001,"{'model__batch_size': 64, 'model__callbacks__early_stopping__patience': 10, 'model__lr': 0.0002, 'model__max_epochs': 500, 'model__module__d_model': 128, 'model__module__dim_feedforward': 128, 'model__module__dropout': 0.25, 'model__module__nhead': 4, 'model__module__num_layers': 2, 'model__module__patch_size': 16, 'model__optimizer__weight_decay': 0.0001}",0.6818181818181819,0.8791666666666667,0.8067138735903487,0.4369747899159664,0.8986936816848841,0.7406734387352095,0.1698286907221556,40,0.6182336182336182,0.932029484029484,0.9070524412296563,0.4377091377091377,0.8996032709902032,0.7589255904384199,0.19731749656530975
125,1.9988800048828126,0.6991863982272811,0.0384425163269043,0.005410814990618901,64,10,0.0002,500,128,128,0.25,4,2,32,0.0001,"{'model__batch_size': 64, 'model__callbacks__early_stopping__patience': 10, 'model__lr': 0.0002, 'model__max_epochs': 500, 'model__module__d_model': 128, 'model__module__dim_feedforward': 128, 'model__module__dropout': 0.25, 'model__module__nhead': 4, 'model__module__num_layers': 2, 'model__module__patch_size': 32, 'model__optimizer__weight_decay': 0.0001}",0.6137931034482759,0.8791666666666667,0.8197603325996576,0.4369747899159664,0.9392162090109304,0.7377822203282994,0.18608817031210506,48,0.794996175301778,0.8889617747033216,0.9021573604060913,0.42247191011235957,0.9088235294117647,0.783482149987063,0.18513842619386675
126,3.298531675338745,1.6498280544120378,0.040931081771850585,0.0052488234128897195,64,10,0.0002,500,128,128,0.25,4,3,16,0.0001,"{'model__batch_size': 64, 'model__callbacks__early_stopping__patience': 10, 'model__lr': 0.0002, 'model__max_epochs': 500, 'model__module__d_model': 128, 'model__module__dim_feedforward': 128, 'model__module__dropout': 0.25, 'model__module__nhead': 4, 'model__module__num_layers': 3, 'model__module__patch_size': 16, 'model__optimizer__weight_decay': 0.0001}",0.5896433805569126,0.8791666666666667,0.8418568056648308,0.5031779661016949,0.8986936816848841,0.7425077001349978,0.16345409173728603,30,0.6467708529467144,0.8982013011863759,0.9305304306239993,0.5042909456852933,0.9454999500549396,0.7850586960994644,0.17757180397726924
127,2.512962484359741,1.3698907779819534,0.036905860900878905,0.004372466553920468,64,10,0.0002,500,128,128,0.25,4,3,32,0.0001,"{'model__batch_size': 64, 'model__callbacks__early_stopping__patience': 10, 'model__lr': 0.0002, 'model__max_epochs': 500, 'model__module__d_model': 128, 'model__module__dim_feedforward': 128, 'model__module__dropout': 0.25, 'model__module__nhead': 4, 'model__module__num_layers': 3, 'model__module__patch_size': 32, 'model__optimizer__weight_decay': 0.0001}",0.42857142857142855,0.8791666666666667,0.815980024968789,0.4369747899159664,0.8754098360655738,0.6872205492376848,0.20897838641511698,275,0.5567958656330749,0.8787301061007957,0.9947710024619016,0.42247191011235957,0.9800963081861958,0.7665730384988655,0.2335199152450762
128,2.3573333263397216,0.9778382026231844,0.039770317077636716,0.0026996978444919647,64,10,0.0002,500,128,256,0.1,4,2,16,0.0001,"{'model__batch_size': 64, 'model__callbacks__early_stopping__patience': 10, 'model__lr': 0.0002, 'model__max_epochs': 500, 'model__module__d_model': 128, 'model__module__dim_feedforward': 256, 'model__module__dropout': 0.1, 'model__module__nhead': 4, 'model__module__num_layers': 2, 'model__module__patch_size': 16, 'model__optimizer__weight_decay': 0.0001}",0.4166666666666667,0.8791666666666667,0.8458982877587529,0.4369747899159664,0.8986936816848841,0.6954800185385874,0.2201018272129264,265,0.48754521963824293,0.905700158596884,0.9010015408320493,0.42247191011235957,0.8489439041163179,0.7131325466591708,0.21269462461638297
129,2.0861106872558595,0.9117958102464229,0.037151145935058597,0.004510246413887661,64,10,0.0002,500,128,256,0.1,4,2,32,0.0001,"{'model__batch_size': 64, 'model__callbacks__early_stopping__patience': 10, 'model__lr': 0.0002, 'model__max_epochs': 500, 'model__module__d_model': 128, 'model__module__dim_feedforward': 256, 'model__module__dropout': 0.1, 'model__module__nhead': 4, 'model__module__num_layers': 2, 'model__module__patch_size': 32, 'model__optimizer__weight_decay': 0.0001}",0.6339869281045751,0.8791666666666667,0.8984848484848484,0.4369747899159664,0.9032340208810797,0.7503694508106273,0.18636285879540931,11,0.6783584978706929,0.9424864864864866,0.9579446899034527,0.42247191011235957,0.9653181500349616,0.7933159468815907,0.21432673444765568
130,3.2196950912475586,1.4588830413329785,0.04205999374389648,0.006916926858715228,64,10,0.0002,500,128,256,0.1,4,3,16,0.0001,"{'model__batch_size': 64, 'model__callbacks__early_stopping__patience': 10, 'model__lr': 0.0002, 'model__max_epochs': 500, 'model__module__d_model': 128, 'model__module__dim_feedforward': 256, 'model__module__dropout': 0.1, 'model__module__nhead': 4, 'model__module__num_layers': 3, 'model__module__patch_size': 16, 'model__optimizer__weight_decay': 0.0001}",0.620868180007965,0.8791666666666667,0.815980024968789,0.4322033898305085,0.9208333333333334,0.7338103189614525,0.18252704060465297,76,0.7764663298868483,0.9287409108304632,0.9140180662428905,0.4316953316953317,0.9366538952745849,0.7975149067860238,0.19205203072476912
131,2.6909393787384035,0.9394344871606926,0.03955411911010742,0.006483327508186813,64,10,0.0002,500,128,256,0.1,4,3,32,0.0001,"{'model__batch_size': 64, 'model__callbacks__early_stopping__patience': 10, 'model__lr': 0.0002, 'model__max_epochs': 500, 'model__module__d_model': 128, 'model__module__dim_feedforward': 256, 'model__module__dropout': 0.1, 'model__module__nhead': 4, 'model__module__num_layers': 3, 'model__module__patch_size': 32, 'model__optimizer__weight_decay': 0.0001}",0.6190476190476191,0.8791666666666667,0.900691699604743,0.7912772585669782,0.88125,0.8142866487772012,0.10469675324901945,2,0.7329476052716168,0.8889617747033216,0.9789723449517265,0.8811285846438484,0.9658905589940072,0.8895801737129041,0.087658209486828
132,2.4005218982696532,0.9920667771902605,0.040548515319824216,0.004502916491330952,64,10,0.0002,500,128,256,0.25,4,2,16,0.0001,"{'model__batch_size': 64, 'model__callbacks__early_stopping__patience': 10, 'model__lr': 0.0002, 'model__max_epochs': 500, 'model__module__d_model': 128, 'model__module__dim_feedforward': 256, 'model__module__dropout': 0.25, 'model__module__nhead': 4, 'model__module__num_layers': 2, 'model__module__patch_size': 16, 'model__optimizer__weight_decay': 0.0001}",0.43434343434343436,0.8791666666666667,0.8574468085106384,0.4369747899159664,0.9208333333333334,0.7057530065540079,0.22147132530414862,244,0.4691629358296025,0.9102227555688892,0.8948739477706732,0.42247191011235957,0.8544031311154598,0.7102269360793969,0.21716096755199446
133,2.015390968322754,0.9511952483159957,0.03731846809387207,0.0042912671933154544,64,10,0.0002,500,128,256,0.25,4,2,32,0.0001,"{'model__batch_size': 64, 'model__callbacks__early_stopping__patience': 10, 'model__lr': 0.0002, 'model__max_epochs': 500, 'model__module__d_model': 128, 'model__module__dim_feedforward': 256, 'model__module__dropout': 0.25, 'model__module__nhead': 4, 'model__module__num_layers': 2, 'model__module__patch_size': 32, 'model__optimizer__weight_decay': 0.0001}",0.422680412371134,0.8791666666666667,0.8769997377393128,0.4322033898305085,0.9208333333333334,0.7063767079881911,0.2283045460749403,242,0.44645332880627,0.8336070060207992,0.9843130073857047,0.4474815724815725,0.9498016354951015,0.7323313100378895,0.2382899401941019
134,2.8906115531921386,1.1668634938558435,0.04360876083374023,0.009211641189254072,64,10,0.0002,500,128,256,0.25,4,3,16,0.0001,"{'model__batch_size': 64, 'model__callbacks__early_stopping__patience': 10, 'model__lr': 0.0002, 'model__max_epochs': 500, 'model__module__d_model': 128, 'model__module__dim_feedforward': 256, 'model__module__dropout': 0.25, 'model__module__nhead': 4, 'model__module__num_layers': 3, 'model__module__patch_size': 16, 'model__optimizer__weight_decay': 0.0001}",0.6883116883116883,0.8791666666666667,0.8344861660079052,0.4322033898305085,0.8508550602747407,0.7370045942183019,0.16610202502349797,50,0.7693379027588689,0.9193939393939394,0.9032703245232518,0.4301898253606682,0.8495869497019763,0.774355788347741,0.17988337321139838
135,2.5627402782440187,0.7746815176083257,0.03817362785339355,0.003938078345591314,64,10,0.0002,500,128,256,0.25,4,3,32,0.0001,"{'model__batch_size': 64, 'model__callbacks__early_stopping__patience': 10, 'model__lr': 0.0002, 'model__max_epochs': 500, 'model__module__d_model': 128, 'model__module__dim_feedforward': 256, 'model__module__dropout': 0.25, 'model__module__nhead': 4, 'model__module__num_layers': 3, 'model__module__patch_size': 32, 'model__optimizer__weight_decay': 0.0001}",0.7996422182468694,0.861101607937051,0.849438202247191,0.7742587601078168,0.8986936816848841,0.8366268940447625,0.044436646454436665,1,0.6180618061806181,0.9185610409491006,0.9529390221571141,0.8723834988540871,0.8761362501248626,0.8476163236531565,0.1185310924591451
136,2.5778548240661623,1.1606880198889087,0.04268951416015625,0.0054718991837787775,64,10,0.0002,500,128,384,0.1,4,2,16,0.0001,"{'model__batch_size': 64, 'model__callbacks__early_stopping__patience': 10, 'model__lr': 0.0002, 'model__max_epochs': 500, 'model__module__d_model': 128, 'model__module__dim_feedforward': 384, 'model__module__dropout': 0.1, 'model__module__nhead': 4, 'model__module__num_layers': 2, 'model__module__patch_size': 16, 'model__optimizer__weight_decay': 0.0001}",0.45217391304347826,0.9217273954116059,0.8013833992094861,0.4369747899159664,0.8934679001962433,0.701145479555356,0.21329084828773176,253,0.5969924812030075,0.9287409108304632,0.9264032073310424,0.42247191011235957,0.8717275403835443,0.7492672099720833,0.20423871543698216
137,2.2415656089782714,1.2102438898647243,0.038359546661376955,0.005517179529678072,64,10,0.0002,500,128,384,0.1,4,2,32,0.0001,"{'model__batch_size': 64, 'model__callbacks__early_stopping__patience': 10, 'model__lr': 0.0002, 'model__max_epochs': 500, 'model__module__d_model': 128, 'model__module__dim_feedforward': 384, 'model__module__dropout': 0.1, 'model__module__nhead': 4, 'model__module__num_layers': 2, 'model__module__patch_size': 32, 'model__optimizer__weight_decay': 0.0001}",0.6493738819320215,0.8791666666666667,0.8052325581395349,0.4369747899159664,0.8508550602747407,0.724320591385786,0.16414605940511745,141,0.6978998664654978,0.8804647878282083,0.9895968264248705,0.42247191011235957,0.9800963081861958,0.7941059398034264,0.2133702955366035
138,3.7317362785339356,2.3065701867439286,0.042761039733886716,0.006838612794980661,64,10,0.0002,500,128,384,0.1,4,3,16,0.0001,"{'model__batch_size': 64, 'model__callbacks__early_stopping__patience': 10, 'model__lr': 0.0002, 'model__max_epochs': 500, 'model__module__d_model': 128, 'model__module__dim_feedforward': 384, 'model__module__dropout': 0.1, 'model__module__nhead': 4, 'model__module__num_layers': 3, 'model__module__patch_size': 16, 'model__optimizer__weight_decay': 0.0001}",0.43434343434343436,0.9007868628121793,0.8013833992094861,0.4369747899159664,0.88125,0.6909476972562133,0.21108835662091469,271,0.44645332880627,0.9193939393939394,0.9271777849740932,0.42247191011235957,0.9752272500249726,0.7381448426623269,0.24880759466956429
139,2.5317180156707764,1.1758499700313532,0.049723482131958006,0.024708968999071816,64,10,0.0002,500,128,384,0.1,4,3,32,0.0001,"{'model__batch_size': 64, 'model__callbacks__early_stopping__patience': 10, 'model__lr': 0.0002, 'model__max_epochs': 500, 'model__module__d_model': 128, 'model__module__dim_feedforward': 384, 'model__module__dropout': 0.1, 'model__module__nhead': 4, 'model__module__num_layers': 3, 'model__module__patch_size': 32, 'model__optimizer__weight_decay': 0.0001}",0.6339869281045751,0.8791666666666667,0.815980024968789,0.4369747899159664,0.8645276292335116,0.7261272077779017,0.168966406890173,126,0.8044805067705831,0.9688013136288998,0.9738550123095078,0.4525482465901504,0.8694813168820537,0.8138332792362389,0.19148529969687336
140,2.5138316631317137,1.1123964739644394,0.04135231971740723,0.0047364115328432784,64,10,0.0002,500,128,384,0.25,4,2,16,0.0001,"{'model__batch_size': 64, 'model__callbacks__early_stopping__patience': 10, 'model__lr': 0.0002, 'model__max_epochs': 500, 'model__module__d_model': 128, 'model__module__dim_feedforward': 384, 'model__module__dropout': 0.25, 'model__module__nhead': 4, 'model__module__num_layers': 2, 'model__module__patch_size': 16, 'model__optimizer__weight_decay': 0.0001}",0.4166666666666667,0.9007868628121793,0.8013833992094861,0.4369747899159664,0.8986936816848841,0.6909010800578367,0.21868663619511788,272,0.5316029737837485,0.919768353743138,0.9081235673879671,0.42247191011235957,0.872790404040404,0.7309514418135235,0.21074131664255505
141,3.0725794315338133,2.532204767803981,0.041538333892822264,0.00431438517280211,64,10,0.0002,500,128,384,0.25,4,2,32,0.0001,"{'model__batch_size': 64, 'model__callbacks__early_stopping__patience': 10, 'model__lr': 0.0002, 'model__max_epochs': 500, 'model__module__d_model': 128, 'model__module__dim_feedforward': 384, 'model__module__dropout': 0.25, 'model__module__nhead': 4, 'model__module__num_layers': 2, 'model__module__patch_size': 32, 'model__optimizer__weight_decay': 0.0001}",0.6493738819320215,0.8791666666666667,0.7908763505402161,0.4369747899159664,0.868663594470046,0.7250110567049834,0.16578547211043088,136,0.6813200885425241,0.8739336492890996,0.9947710024619016,0.42247191011235957,0.9850069524212564,0.7915007205654283,0.21627791918022915
142,3.773610782623291,1.7543166163012727,0.04573922157287598,0.004531845895406195,64,10,0.0002,500,128,384,0.25,4,3,16,0.0001,"{'model__batch_size': 64, 'model__callbacks__early_stopping__patience': 10, 'model__lr': 0.0002, 'model__max_epochs': 500, 'model__module__d_model': 128, 'model__module__dim_feedforward': 384, 'model__module__dropout': 0.25, 'model__module__nhead': 4, 'model__module__num_layers': 3, 'model__module__patch_size': 16, 'model__optimizer__weight_decay': 0.0001}",0.5762644364794902,0.8567901234567901,0.8308080808080808,0.4369747899159664,0.9032340208810797,0.7208142903082815,0.18183758768531938,174,0.7929048120828943,0.8971656459193846,0.9529390221571141,0.42247191011235957,0.9706439393939394,0.8072250659331385,0.20212256368564413
143,2.285053253173828,1.1510077225160382,0.04205508232116699,0.005245752459001651,64,10,0.0002,500,128,384,0.25,4,3,32,0.0001,"{'model__batch_size': 64, 'model__callbacks__early_stopping__patience': 10, 'model__lr': 0.0002, 'model__max_epochs': 500, 'model__module__d_model': 128, 'model__module__dim_feedforward': 384, 'model__module__dropout': 0.25, 'model__module__nhead': 4, 'model__module__num_layers': 3, 'model__module__patch_size': 32, 'model__optimizer__weight_decay': 0.0001}",0.6606060606060606,0.8791666666666667,0.7774086378737541,0.4322033898305085,0.8248847926267281,0.7148539095207437,0.15865227185913672,208,0.6327904791731913,0.8527830487033523,0.8912859560067682,0.42247191011235957,0.9900481540930979,0.7578759096177539,0.2043779657523614
144,16.844447565078735,7.819928945031133,0.043328380584716795,0.009436432725264848,128,10,3e-05,500,96,128,0.1,4,2,16,0.0001,"{'model__batch_size': 128, 'model__callbacks__early_stopping__patience': 10, 'model__lr': 3e-05, 'model__max_epochs': 500, 'model__module__d_model': 96, 'model__module__dim_feedforward': 128, 'model__module__dropout': 0.1, 'model__module__nhead': 4, 'model__module__num_layers': 2, 'model__module__patch_size': 16, 'model__optimizer__weight_decay': 0.0001}",0.5579559617781471,0.8791666666666667,0.8344861660079052,0.5031779661016949,0.8508550602747407,0.7251283641658309,0.16043859940577246,134,0.7717412971386115,0.9111154791154792,0.9149710504549214,0.5330277024571605,0.9800963081861958,0.8221903674704738,0.15975629706800618
145,12.589756679534911,5.626781869845164,0.041546201705932616,0.008124782950393577,128,10,3e-05,500,96,128,0.1,4,2,32,0.0001,"{'model__batch_size': 128, 'model__callbacks__early_stopping__patience': 10, 'model__lr': 3e-05, 'model__max_epochs': 500, 'model__module__d_model': 96, 'model__module__dim_feedforward': 128, 'model__module__dropout': 0.1, 'model__module__nhead': 4, 'model__module__num_layers': 2, 'model__module__patch_size': 32, 'model__optimizer__weight_decay': 0.0001}",0.6190476190476191,0.9007868628121793,0.8197603325996576,0.4322033898305085,0.8874074074074074,0.7318411223394745,0.18054277328901686,94,0.8731337848663608,0.8646916393676114,0.9305304306239993,0.42247191011235957,0.8581699346405229,0.7897995399221708,0.18545226072126003
146,16.3275484085083,7.870671175087191,0.042388916015625,0.0073964851212522395,128,10,3e-05,500,96,128,0.1,4,3,16,0.0001,"{'model__batch_size': 128, 'model__callbacks__early_stopping__patience': 10, 'model__lr': 3e-05, 'model__max_epochs': 500, 'model__module__d_model': 96, 'model__module__dim_feedforward': 128, 'model__module__dropout': 0.1, 'model__module__nhead': 4, 'model__module__num_layers': 3, 'model__module__patch_size': 16, 'model__optimizer__weight_decay': 0.0001}",0.6190476190476191,0.9007868628121793,0.8646464646464647,0.4224137931034483,0.8986936816848841,0.7411176842589191,0.19081775189275463,39,0.8208955223880596,0.9215724815724815,0.9140180662428905,0.5090525475436946,0.9506644386090555,0.8232406112712363,0.16301298945312415
147,9.25567135810852,4.024430182606554,0.039160537719726565,0.008167831426941224,128,10,3e-05,500,96,128,0.1,4,3,32,0.0001,"{'model__batch_size': 128, 'model__callbacks__early_stopping__patience': 10, 'model__lr': 3e-05, 'model__max_epochs': 500, 'model__module__d_model': 96, 'model__module__dim_feedforward': 128, 'model__module__dropout': 0.1, 'model__module__nhead': 4, 'model__module__num_layers': 3, 'model__module__patch_size': 32, 'model__optimizer__weight_decay': 0.0001}",0.5902439024390245,0.8825910931174089,0.8525311812179017,0.540045766590389,0.8986936816848841,0.7528211250099217,0.1547681163366244,7,0.8109452736318408,0.8411286170322314,0.9149710504549214,0.5262672811059907,0.8750579368438023,0.7936740318137574,0.13812524063722462
148,18.369093275070192,9.542718980690937,0.042470788955688475,0.007473707299645172,128,10,3e-05,500,96,128,0.25,4,2,16,0.0001,"{'model__batch_size': 128, 'model__callbacks__early_stopping__patience': 10, 'model__lr': 3e-05, 'model__max_epochs': 500, 'model__module__d_model': 96, 'model__module__dim_feedforward': 128, 'model__module__dropout': 0.25, 'model__module__nhead': 4, 'model__module__num_layers': 2, 'model__module__patch_size': 16, 'model__optimizer__weight_decay': 0.0001}",0.620868180007965,0.8825910931174089,0.8646464646464647,0.4322033898305085,0.8176486270327913,0.7235915509270276,0.1729064649033693,143,0.7810945273631842,0.9369070208728653,0.9255996691480562,0.4966589861751152,0.9802657754436221,0.8241051958005686,0.17690813677820832
149,11.110916757583619,6.169180370654779,0.0409395694732666,0.00974745786221698,128,10,3e-05,500,96,128,0.25,4,2,32,0.0001,"{'model__batch_size': 128, 'model__callbacks__early_stopping__patience': 10, 'model__lr': 3e-05, 'model__max_epochs': 500, 'model__module__d_model': 96, 'model__module__dim_feedforward': 128, 'model__module__dropout': 0.25, 'model__module__nhead': 4, 'model__module__num_layers': 2, 'model__module__patch_size': 32, 'model__optimizer__weight_decay': 0.0001}",0.6137931034482759,0.8791666666666667,0.8197603325996576,0.4322033898305085,0.8934679001962433,0.7276782785482704,0.17843165527985255,121,0.8009950248756219,0.8411286170322314,0.9247658079625293,0.44244999851407174,0.872781368626244,0.7764241634021396,0.17182496377143877
150,15.029597949981689,8.062331356661833,0.04153428077697754,0.007500207086210611,128,10,3e-05,500,96,128,0.25,4,3,16,0.0001,"{'model__batch_size': 128, 'model__callbacks__early_stopping__patience': 10, 'model__lr': 3e-05, 'model__max_epochs': 500, 'model__module__d_model': 96, 'model__module__dim_feedforward': 128, 'model__module__dropout': 0.25, 'model__module__nhead': 4, 'model__module__num_layers': 3, 'model__module__patch_size': 16, 'model__optimizer__weight_decay': 0.0001}",0.6044869131699211,0.8791666666666667,0.796969696969697,0.4322033898305085,0.88125,0.7188153333273587,0.17517024256866348,191,0.7873015873015873,0.9006584766584766,0.8984675524504606,0.48185483870967744,0.9407973263308665,0.8018159562902136,0.16793628539536926
151,9.213552379608155,5.656286412230414,0.03758254051208496,0.002938524625709504,128,10,3e-05,500,96,128,0.25,4,3,32,0.0001,"{'model__batch_size': 128, 'model__callbacks__early_stopping__patience': 10, 'model__lr': 3e-05, 'model__max_epochs': 500, 'model__module__d_model': 96, 'model__module__dim_feedforward': 128, 'model__module__dropout': 0.25, 'model__module__nhead': 4, 'model__module__num_layers': 3, 'model__module__patch_size': 32, 'model__optimizer__weight_decay': 0.0001}",0.6137931034482759,0.7842261904761905,0.8052325581395349,0.4273504273504274,0.8508550602747407,0.6962914679378338,0.15660513662968492,262,0.7620281608466375,0.7625,0.9375809585492227,0.52606658692185,0.9799206541980406,0.7936192721031501,0.16061383432895115
152,15.46974458694458,7.951958665820664,0.04391980171203613,0.007822717981071831,128,10,3e-05,500,96,256,0.1,4,2,16,0.0001,"{'model__batch_size': 128, 'model__callbacks__early_stopping__patience': 10, 'model__lr': 3e-05, 'model__max_epochs': 500, 'model__module__d_model': 96, 'model__module__dim_feedforward': 256, 'model__module__dropout': 0.1, 'model__module__nhead': 4, 'model__module__num_layers': 2, 'model__module__patch_size': 16, 'model__optimizer__weight_decay': 0.0001}",0.6044869131699211,0.9007868628121793,0.8013833992094861,0.4224137931034483,0.833879781420765,0.71259014994316,0.17544346463950597,226,0.7891809816512083,0.9424864864864866,0.9053755522827688,0.42117117117117114,0.9650162223162646,0.80464608278158,0.20107568811841986
153,9.923996543884277,4.828945822152337,0.0384270191192627,0.007500479832697182,128,10,3e-05,500,96,256,0.1,4,2,32,0.0001,"{'model__batch_size': 128, 'model__callbacks__early_stopping__patience': 10, 'model__lr': 3e-05, 'model__max_epochs': 500, 'model__module__d_model': 96, 'model__module__dim_feedforward': 256, 'model__module__dropout': 0.1, 'model__module__nhead': 4, 'model__module__num_layers': 2, 'model__module__patch_size': 32, 'model__optimizer__weight_decay': 0.0001}",0.5714285714285714,0.8791666666666667,0.8230492196878751,0.4322033898305085,0.9169398907103825,0.7245575476648008,0.18949142039590913,140,0.8029411764705883,0.870873786407767,0.9574855252274607,0.42247191011235957,0.8288403220746627,0.7765225440585677,0.1846275726532444
154,14.97593288421631,8.753065673374689,0.04118261337280273,0.0036138734062198955,128,10,3e-05,500,96,256,0.1,4,3,16,0.0001,"{'model__batch_size': 128, 'model__callbacks__early_stopping__patience': 10, 'model__lr': 3e-05, 'model__max_epochs': 500, 'model__module__d_model': 96, 'model__module__dim_feedforward': 256, 'model__module__dropout': 0.1, 'model__module__nhead': 4, 'model__module__num_layers': 3, 'model__module__patch_size': 16, 'model__optimizer__weight_decay': 0.0001}",0.5491949910554561,0.8567901234567901,0.8308080808080808,0.4369747899159664,0.88125,0.7110035970472587,0.18213427763104376,229,0.7834635065984379,0.905360531309298,0.918932559459971,0.42247191011235957,0.9747880365166826,0.8010033087993499,0.19929502457027382
155,11.060877513885497,5.069667354639843,0.04133462905883789,0.005761991073729438,128,10,3e-05,500,96,256,0.1,4,3,32,0.0001,"{'model__batch_size': 128, 'model__callbacks__early_stopping__patience': 10, 'model__lr': 3e-05, 'model__max_epochs': 500, 'model__module__d_model': 96, 'model__module__dim_feedforward': 256, 'model__module__dropout': 0.1, 'model__module__nhead': 4, 'model__module__num_layers': 3, 'model__module__patch_size': 32, 'model__optimizer__weight_decay': 0.0001}",0.5579559617781471,0.8791666666666667,0.8552220888355342,0.42735042735042733,0.8508550602747407,0.7141100409811031,0.18572596614115663,215,0.8267294726147594,0.8995368437791957,0.973573264781491,0.4926347760060744,0.9703986631654333,0.8325746040693908,0.17829934795209307
156,16.859196138381957,8.92896471499202,0.04092988967895508,0.004438160559197831,128,10,3e-05,500,96,256,0.25,4,2,16,0.0001,"{'model__batch_size': 128, 'model__callbacks__early_stopping__patience': 10, 'model__lr': 3e-05, 'model__max_epochs': 500, 'model__module__d_model': 96, 'model__module__dim_feedforward': 256, 'model__module__dropout': 0.25, 'model__module__nhead': 4, 'model__module__num_layers': 2, 'model__module__patch_size': 16, 'model__optimizer__weight_decay': 0.0001}",0.6510178645616951,0.8791666666666667,0.8612836438923395,0.42735042735042733,0.8581711543588376,0.7353979513659932,0.1752730364639054,61,0.7989865173883615,0.9263915243516762,0.8912859560067682,0.48398079441292013,0.9800963081861958,0.8161482200691843,0.17624299350850023
157,11.501176404953004,5.57559379670246,0.03749971389770508,0.0047634024224526925,128,10,3e-05,500,96,256,0.25,4,2,32,0.0001,"{'model__batch_size': 128, 'model__callbacks__early_stopping__patience': 10, 'model__lr': 3e-05, 'model__max_epochs': 500, 'model__module__d_model': 96, 'model__module__dim_feedforward': 256, 'model__module__dropout': 0.25, 'model__module__nhead': 4, 'model__module__num_layers': 2, 'model__module__patch_size': 32, 'model__optimizer__weight_decay': 0.0001}",0.5851851851851853,0.8791666666666667,0.7908763505402161,0.4369747899159664,0.9169398907103825,0.7218285766036835,0.18297780781908018,162,0.8029411764705883,0.8843295382669196,0.9789723449517265,0.42247191011235957,0.9402889245585875,0.8058007788720364,0.2005948242758356
158,15.420905256271363,9.049534604564453,0.04101719856262207,0.005175933226873133,128,10,3e-05,500,96,256,0.25,4,3,16,0.0001,"{'model__batch_size': 128, 'model__callbacks__early_stopping__patience': 10, 'model__lr': 3e-05, 'model__max_epochs': 500, 'model__module__d_model': 96, 'model__module__dim_feedforward': 256, 'model__module__dropout': 0.25, 'model__module__nhead': 4, 'model__module__num_layers': 3, 'model__module__patch_size': 16, 'model__optimizer__weight_decay': 0.0001}",0.6044869131699211,0.8791666666666667,0.8197603325996576,0.4369747899159664,0.8754098360655738,0.7231597076835572,0.17483420311426345,148,0.7853033282353798,0.901740060270244,0.8973145753159633,0.42247191011235957,0.9366538952745849,0.7886967538417062,0.1900526703169565
159,9.821994256973266,5.095939380615849,0.041704320907592775,0.006551530494131603,128,10,3e-05,500,96,256,0.25,4,3,32,0.0001,"{'model__batch_size': 128, 'model__callbacks__early_stopping__patience': 10, 'model__lr': 3e-05, 'model__max_epochs': 500, 'model__module__d_model': 96, 'model__module__dim_feedforward': 256, 'model__module__dropout': 0.25, 'model__module__nhead': 4, 'model__module__num_layers': 3, 'model__module__patch_size': 32, 'model__optimizer__weight_decay': 0.0001}",0.5992844364937389,0.7578747628083491,0.8085714285714285,0.4369747899159664,0.8508550602747407,0.6907120956128449,0.1528326225092458,273,0.8087920531255145,0.743853116774732,0.9149710504549214,0.42247191011235957,0.9703986631654333,0.7720973587265922,0.19189501882508392
160,16.063074827194214,8.911498862941828,0.04062366485595703,0.007610795147010241,128,10,3e-05,500,96,384,0.1,4,2,16,0.0001,"{'model__batch_size': 128, 'model__callbacks__early_stopping__patience': 10, 'model__lr': 3e-05, 'model__max_epochs': 500, 'model__module__d_model': 96, 'model__module__dim_feedforward': 384, 'model__module__dropout': 0.1, 'model__module__nhead': 4, 'model__module__num_layers': 2, 'model__module__patch_size': 16, 'model__optimizer__weight_decay': 0.0001}",0.6190476190476191,0.9007868628121793,0.849438202247191,0.4369747899159664,0.9169398907103825,0.7446374729466677,0.18734091166456351,20,0.8123350390519796,0.9485612623762376,0.947430862379316,0.42117117117117114,0.9601926163723916,0.8179381902702193,0.20568058906486308
161,10.86619930267334,4.738225094186769,0.04178013801574707,0.00692339051365376,128,10,3e-05,500,96,384,0.1,4,2,32,0.0001,"{'model__batch_size': 128, 'model__callbacks__early_stopping__patience': 10, 'model__lr': 3e-05, 'model__max_epochs': 500, 'model__module__d_model': 96, 'model__module__dim_feedforward': 384, 'model__module__dropout': 0.1, 'model__module__nhead': 4, 'model__module__num_layers': 2, 'model__module__patch_size': 32, 'model__optimizer__weight_decay': 0.0001}",0.5714285714285714,0.8791666666666667,0.7908763505402161,0.41228070175438597,0.8508550602747407,0.7009214701329162,0.18023607631895763,254,0.9059388565622979,0.8555830367376485,0.947430862379316,0.48109837542322864,0.9605315508872443,0.8301165363979471,0.17831543435694977
162,16.701748085021972,9.68125278544035,0.04228463172912598,0.002609198450996292,128,10,3e-05,500,96,384,0.1,4,3,16,0.0001,"{'model__batch_size': 128, 'model__callbacks__early_stopping__patience': 10, 'model__lr': 3e-05, 'model__max_epochs': 500, 'model__module__d_model': 96, 'model__module__dim_feedforward': 384, 'model__module__dropout': 0.1, 'model__module__nhead': 4, 'model__module__num_layers': 3, 'model__module__patch_size': 16, 'model__optimizer__weight_decay': 0.0001}",0.6044869131699211,0.8791666666666667,0.8525311812179017,0.4369747899159664,0.8754098360655738,0.7297138774072058,0.1788996951475503,108,0.8163059163059163,0.9382735148514851,0.9369170348551792,0.45956500841143955,0.9701444622792937,0.8242411873406628,0.18975703832705731
163,10.077809810638428,5.427336664534368,0.0379213809967041,0.004538633620950621,128,10,3e-05,500,96,384,0.1,4,3,32,0.0001,"{'model__batch_size': 128, 'model__callbacks__early_stopping__patience': 10, 'model__lr': 3e-05, 'model__max_epochs': 500, 'model__module__d_model': 96, 'model__module__dim_feedforward': 384, 'model__module__dropout': 0.1, 'model__module__nhead': 4, 'model__module__num_layers': 3, 'model__module__patch_size': 32, 'model__optimizer__weight_decay': 0.0001}",0.6044869131699211,0.9007868628121793,0.8853020298361458,0.42735042735042733,0.8581711543588376,0.7352194775055022,0.18811103202819443,63,0.7814544334305855,0.8995368437791957,0.9529390221571141,0.4198645598194131,0.9703986631654333,0.8048387044703483,0.20350108490736718
164,14.34980354309082,7.984818535470609,0.043564462661743165,0.0073100541478292955,128,10,3e-05,500,96,384,0.25,4,2,16,0.0001,"{'model__batch_size': 128, 'model__callbacks__early_stopping__patience': 10, 'model__lr': 3e-05, 'model__max_epochs': 500, 'model__module__d_model': 96, 'model__module__dim_feedforward': 384, 'model__module__dropout': 0.25, 'model__module__nhead': 4, 'model__module__num_layers': 2, 'model__module__patch_size': 16, 'model__optimizer__weight_decay': 0.0001}",0.6190476190476191,0.9007868628121793,0.815980024968789,0.4369747899159664,0.8423703703703703,0.7230319334229848,0.17153381717009603,151,0.8087920531255145,0.9327695149217459,0.877092300334768,0.4362064032047817,0.8860453501148736,0.7881811243403367,0.18038814888895766
165,9.979361629486084,4.731390328009317,0.03605728149414063,0.0034077014711240672,128,10,3e-05,500,96,384,0.25,4,2,32,0.0001,"{'model__batch_size': 128, 'model__callbacks__early_stopping__patience': 10, 'model__lr': 3e-05, 'model__max_epochs': 500, 'model__module__d_model': 96, 'model__module__dim_feedforward': 384, 'model__module__dropout': 0.25, 'model__module__nhead': 4, 'model__module__num_layers': 2, 'model__module__patch_size': 32, 'model__optimizer__weight_decay': 0.0001}",0.5714285714285714,0.9007868628121793,0.8344861660079052,0.4369747899159664,0.8986936816848841,0.7284740143699013,0.1894941150431422,115,0.8069271266278748,0.8830067972810876,0.9149710504549214,0.42247191011235957,0.8750579368438023,0.7804869642640091,0.1824356410574307
166,16.777867603302003,10.181959636753303,0.04460573196411133,0.008522750669903862,128,10,3e-05,500,96,384,0.25,4,3,16,0.0001,"{'model__batch_size': 128, 'model__callbacks__early_stopping__patience': 10, 'model__lr': 3e-05, 'model__max_epochs': 500, 'model__module__d_model': 96, 'model__module__dim_feedforward': 384, 'model__module__dropout': 0.25, 'model__module__nhead': 4, 'model__module__num_layers': 3, 'model__module__patch_size': 16, 'model__optimizer__weight_decay': 0.0001}",0.6044869131699211,0.8791666666666667,0.815980024968789,0.4369747899159664,0.8176486270327913,0.7108514043508268,0.1655955954079339,230,0.7438235294117648,0.9312620510068181,0.9158893798069057,0.42247191011235957,0.9800963081861958,0.7987086357048088,0.20433779435145602
167,11.664499473571777,6.746741023341869,0.04545702934265137,0.011499576664602237,128,10,3e-05,500,96,384,0.25,4,3,32,0.0001,"{'model__batch_size': 128, 'model__callbacks__early_stopping__patience': 10, 'model__lr': 3e-05, 'model__max_epochs': 500, 'model__module__d_model': 96, 'model__module__dim_feedforward': 384, 'model__module__dropout': 0.25, 'model__module__nhead': 4, 'model__module__num_layers': 3, 'model__module__patch_size': 32, 'model__optimizer__weight_decay': 0.0001}",0.5579559617781471,0.8567901234567901,0.8404761904761905,0.4369747899159664,0.833879781420765,0.7052153694095719,0.17404784877803,245,0.8438569659893671,0.827831715210356,0.9738550123095078,0.42117117117117114,0.9608585858585859,0.8055146901077975,0.20107625931661
168,13.597381734848023,7.218041778078916,0.04237837791442871,0.007570694116067062,128,10,3e-05,500,128,128,0.1,4,2,16,0.0001,"{'model__batch_size': 128, 'model__callbacks__early_stopping__patience': 10, 'model__lr': 3e-05, 'model__max_epochs': 500, 'model__module__d_model': 128, 'model__module__dim_feedforward': 128, 'model__module__dropout': 0.1, 'model__module__nhead': 4, 'model__module__num_layers': 2, 'model__module__patch_size': 16, 'model__optimizer__weight_decay': 0.0001}",0.5714285714285714,0.861101607937051,0.796969696969697,0.4369747899159664,0.8986936816848841,0.7130336695872341,0.17871738584810054,220,0.7711442786069651,0.9376026272577997,0.963397017233311,0.4730006835269993,0.9250347621062813,0.8140358737462712,0.1833264502878851
169,8.571466493606568,3.28651389423731,0.037454748153686525,0.005087506508169719,128,10,3e-05,500,128,128,0.1,4,2,32,0.0001,"{'model__batch_size': 128, 'model__callbacks__early_stopping__patience': 10, 'model__lr': 3e-05, 'model__max_epochs': 500, 'model__module__d_model': 128, 'model__module__dim_feedforward': 128, 'model__module__dropout': 0.1, 'model__module__nhead': 4, 'model__module__num_layers': 2, 'model__module__patch_size': 32, 'model__optimizer__weight_decay': 0.0001}",0.5851851851851853,0.8791666666666667,0.7908763505402161,0.48659003831417624,0.9169398907103825,0.7317516262833255,0.16799258692151306,96,0.8407960199004976,0.8475395070826168,0.9637773079633545,0.4926347760060744,0.8885620915032679,0.8066619404911624,0.16299818667324723
170,12.003100919723511,7.092970990756451,0.038331794738769534,0.003303552566489684,128,10,3e-05,500,128,128,0.1,4,3,16,0.0001,"{'model__batch_size': 128, 'model__callbacks__early_stopping__patience': 10, 'model__lr': 3e-05, 'model__max_epochs': 500, 'model__module__d_model': 128, 'model__module__dim_feedforward': 128, 'model__module__dropout': 0.1, 'model__module__nhead': 4, 'model__module__num_layers': 3, 'model__module__patch_size': 16, 'model__optimizer__weight_decay': 0.0001}",0.5491949910554561,0.8388888888888889,0.8308080808080808,0.4369747899159664,0.8581711543588376,0.7028075810054459,0.17510225060786286,250,0.7302361595044522,0.8301719699310062,0.9130287648054145,0.4441240086517664,0.9752272500249726,0.7785576305835223,0.18633640396985357
171,9.030982446670532,4.462432528877651,0.036369848251342776,0.003360578634729785,128,10,3e-05,500,128,128,0.1,4,3,32,0.0001,"{'model__batch_size': 128, 'model__callbacks__early_stopping__patience': 10, 'model__lr': 3e-05, 'model__max_epochs': 500, 'model__module__d_model': 128, 'model__module__dim_feedforward': 128, 'model__module__dropout': 0.1, 'model__module__nhead': 4, 'model__module__num_layers': 3, 'model__module__patch_size': 32, 'model__optimizer__weight_decay': 0.0001}",0.6339869281045751,0.8791666666666667,0.8013833992094861,0.4369747899159664,0.8416666666666667,0.7186356901126721,0.16386108421165882,193,0.8105938423065074,0.9111154791154792,0.9524318766066838,0.42117117117117114,0.9900481540930979,0.8170721046585878,0.20681714379536334
172,14.699920654296875,7.753008399886863,0.038214588165283205,0.00426961052168806,128,10,3e-05,500,128,128,0.25,4,2,16,0.0001,"{'model__batch_size': 128, 'model__callbacks__early_stopping__patience': 10, 'model__lr': 3e-05, 'model__max_epochs': 500, 'model__module__d_model': 128, 'model__module__dim_feedforward': 128, 'model__module__dropout': 0.25, 'model__module__nhead': 4, 'model__module__num_layers': 2, 'model__module__patch_size': 16, 'model__optimizer__weight_decay': 0.0001}",0.5851851851851853,0.8791666666666667,0.8052325581395349,0.42735042735042733,0.9392162090109304,0.7272302092705488,0.19194363238876228,122,0.786737400530504,0.9480021893814997,0.9305304306239993,0.48612091272641733,0.871579775885996,0.8045941418296833,0.16891237549281155
173,8.921284341812134,4.5427688814288905,0.03502984046936035,0.0036704318075941695,128,10,3e-05,500,128,128,0.25,4,2,32,0.0001,"{'model__batch_size': 128, 'model__callbacks__early_stopping__patience': 10, 'model__lr': 3e-05, 'model__max_epochs': 500, 'model__module__d_model': 128, 'model__module__dim_feedforward': 128, 'model__module__dropout': 0.25, 'model__module__nhead': 4, 'model__module__num_layers': 2, 'model__module__patch_size': 32, 'model__optimizer__weight_decay': 0.0001}",0.6339869281045751,0.8791666666666667,0.8197603325996576,0.4322033898305085,0.9169398907103825,0.7364114415823582,0.18052696894318673,54,0.7449952424485531,0.8830067972810876,0.9794070512820513,0.4525482465901504,0.8568483549105301,0.7833611385024745,0.18147878093144715
174,11.264128494262696,5.750647886416619,0.03958873748779297,0.0035999284004573687,128,10,3e-05,500,128,128,0.25,4,3,16,0.0001,"{'model__batch_size': 128, 'model__callbacks__early_stopping__patience': 10, 'model__lr': 3e-05, 'model__max_epochs': 500, 'model__module__d_model': 128, 'model__module__dim_feedforward': 128, 'model__module__dropout': 0.25, 'model__module__nhead': 4, 'model__module__num_layers': 3, 'model__module__patch_size': 16, 'model__optimizer__weight_decay': 0.0001}",0.6357723577235772,0.8791666666666667,0.8308080808080808,0.4322033898305085,0.9169398907103825,0.7389780771478431,0.181393564709729,45,0.779652534496318,0.8738140417457305,0.9091551785083068,0.4577253410205355,0.863855397190086,0.7768404985921954,0.16512118368578038
175,10.685686445236206,5.637052709906145,0.03609452247619629,0.0026530859221104257,128,10,3e-05,500,128,128,0.25,4,3,32,0.0001,"{'model__batch_size': 128, 'model__callbacks__early_stopping__patience': 10, 'model__lr': 3e-05, 'model__max_epochs': 500, 'model__module__d_model': 128, 'model__module__dim_feedforward': 128, 'model__module__dropout': 0.25, 'model__module__nhead': 4, 'model__module__num_layers': 3, 'model__module__patch_size': 32, 'model__optimizer__weight_decay': 0.0001}",0.5579559617781471,0.8791666666666667,0.8230492196878751,0.4322033898305085,0.8986936816848841,0.7182137839296164,0.18812432465749956,195,0.7911675697225595,0.8662805895718968,0.9529390221571141,0.4670060331825038,0.9309302140526776,0.8016646857373504,0.17656461699484946
176,12.148350954055786,6.154388512799651,0.03909168243408203,0.0035775312919418207,128,10,3e-05,500,128,256,0.1,4,2,16,0.0001,"{'model__batch_size': 128, 'model__callbacks__early_stopping__patience': 10, 'model__lr': 3e-05, 'model__max_epochs': 500, 'model__module__d_model': 128, 'model__module__dim_feedforward': 256, 'model__module__dropout': 0.1, 'model__module__nhead': 4, 'model__module__num_layers': 2, 'model__module__patch_size': 16, 'model__optimizer__weight_decay': 0.0001}",0.6339869281045751,0.9007868628121793,0.8344861660079052,0.4369747899159664,0.8581711543588376,0.7328811802398927,0.17410004820656944,82,0.8145801471123735,0.8876756952403932,0.9369170348551792,0.42247191011235957,0.880577849117175,0.788444527287496,0.18708206024830523
177,9.391136121749877,4.131250382149113,0.037072038650512694,0.004659326052858628,128,10,3e-05,500,128,256,0.1,4,2,32,0.0001,"{'model__batch_size': 128, 'model__callbacks__early_stopping__patience': 10, 'model__lr': 3e-05, 'model__max_epochs': 500, 'model__module__d_model': 128, 'model__module__dim_feedforward': 256, 'model__module__dropout': 0.1, 'model__module__nhead': 4, 'model__module__num_layers': 2, 'model__module__patch_size': 32, 'model__optimizer__weight_decay': 0.0001}",0.5579559617781471,0.8791666666666667,0.8344861660079052,0.4322033898305085,0.8423703703703703,0.7092365109307195,0.17995639093576088,235,0.8029411764705883,0.9042782886845262,0.9418611825192802,0.42247191011235957,0.9799206541980406,0.8102946423969589,0.20267027866296922
178,14.640121507644654,8.68824579665617,0.041073942184448244,0.005306299894131337,128,10,3e-05,500,128,256,0.1,4,3,16,0.0001,"{'model__batch_size': 128, 'model__callbacks__early_stopping__patience': 10, 'model__lr': 3e-05, 'model__max_epochs': 500, 'model__module__d_model': 128, 'model__module__dim_feedforward': 256, 'model__module__dropout': 0.1, 'model__module__nhead': 4, 'model__module__num_layers': 3, 'model__module__patch_size': 16, 'model__optimizer__weight_decay': 0.0001}",0.5363834422657952,0.8791666666666667,0.8197603325996576,0.4369747899159664,0.808242220353238,0.6961054903602648,0.1755200347844624,263,0.7587758775877588,0.8948450347881087,0.9149710504549214,0.42247191011235957,0.9802657754436221,0.7942659296773542,0.19938513584191805
179,8.218726205825806,4.182102404957965,0.038263368606567386,0.005338581175372564,128,10,3e-05,500,128,256,0.1,4,3,32,0.0001,"{'model__batch_size': 128, 'model__callbacks__early_stopping__patience': 10, 'model__lr': 3e-05, 'model__max_epochs': 500, 'model__module__d_model': 128, 'model__module__dim_feedforward': 256, 'model__module__dropout': 0.1, 'model__module__nhead': 4, 'model__module__num_layers': 3, 'model__module__patch_size': 32, 'model__optimizer__weight_decay': 0.0001}",0.5851851851851853,0.8094194961664841,0.8230492196878751,0.4369747899159664,0.8754098360655738,0.706007705404217,0.1673717941681122,243,0.8249967350137128,0.7921304412106365,0.9468569065343259,0.42247191011235957,0.8875237074297023,0.7747959400601474,0.18399203925328333
180,11.834445190429687,6.689670381266471,0.03938412666320801,0.004009861475349667,128,10,3e-05,500,128,256,0.25,4,2,16,0.0001,"{'model__batch_size': 128, 'model__callbacks__early_stopping__patience': 10, 'model__lr': 3e-05, 'model__max_epochs': 500, 'model__module__d_model': 128, 'model__module__dim_feedforward': 256, 'model__module__dropout': 0.25, 'model__module__nhead': 4, 'model__module__num_layers': 2, 'model__module__patch_size': 16, 'model__optimizer__weight_decay': 0.0001}",0.4991055456171736,0.8791666666666667,0.8013833992094861,0.4369747899159664,0.9392162090109304,0.7111693220840447,0.2042159430092144,228,0.6851140097580404,0.9074102722772277,0.9320230320047203,0.42247191011235957,0.9021464646464648,0.7698331377597626,0.19523165692639996
181,8.580167818069459,4.127026627335415,0.03674273490905762,0.0028524760351118466,128,10,3e-05,500,128,256,0.25,4,2,32,0.0001,"{'model__batch_size': 128, 'model__callbacks__early_stopping__patience': 10, 'model__lr': 3e-05, 'model__max_epochs': 500, 'model__module__d_model': 128, 'model__module__dim_feedforward': 256, 'model__module__dropout': 0.25, 'model__module__nhead': 4, 'model__module__num_layers': 2, 'model__module__patch_size': 32, 'model__optimizer__weight_decay': 0.0001}",0.6190476190476191,0.8335724533715925,0.8013833992094861,0.4369747899159664,0.8423703703703703,0.706669726383007,0.15741832114837281,240,0.8100907029478458,0.8058596600980086,0.9264032073310424,0.42247191011235957,0.9799206541980406,0.7889492269374594,0.19514211808878304
182,13.614664697647095,6.379757499043136,0.03908724784851074,0.0036433832872980617,128,10,3e-05,500,128,256,0.25,4,3,16,0.0001,"{'model__batch_size': 128, 'model__callbacks__early_stopping__patience': 10, 'model__lr': 3e-05, 'model__max_epochs': 500, 'model__module__d_model': 128, 'model__module__dim_feedforward': 256, 'model__module__dropout': 0.25, 'model__module__nhead': 4, 'model__module__num_layers': 3, 'model__module__patch_size': 16, 'model__optimizer__weight_decay': 0.0001}",0.6190476190476191,0.8791666666666667,0.8197603325996576,0.40707964601769914,0.88125,0.7212608528663286,0.18405993406756538,169,0.8083935082576679,0.8843295382669196,0.9091551785083068,0.4491659677569658,0.8996032709902032,0.7901294927560126,0.17413498798687752
183,7.894248962402344,4.341346088383994,0.04448437690734863,0.014759356895923217,128,10,3e-05,500,128,256,0.25,4,3,32,0.0001,"{'model__batch_size': 128, 'model__callbacks__early_stopping__patience': 10, 'model__lr': 3e-05, 'model__max_epochs': 500, 'model__module__d_model': 128, 'model__module__dim_feedforward': 256, 'model__module__dropout': 0.25, 'model__module__nhead': 4, 'model__module__num_layers': 3, 'model__module__patch_size': 32, 'model__optimizer__weight_decay': 0.0001}",0.6287878787878788,0.8791666666666667,0.8344861660079052,0.4947209653092006,0.8423703703703703,0.7359064094284042,0.1491447905575397,58,0.6354541465555068,0.9006584766584766,0.9140180662428905,0.45085470085470086,0.8662271501348516,0.7534425080892853,0.1820209116029876
184,13.46960883140564,6.867312682272554,0.039400768280029294,0.003930244516889685,128,10,3e-05,500,128,384,0.1,4,2,16,0.0001,"{'model__batch_size': 128, 'model__callbacks__early_stopping__patience': 10, 'model__lr': 3e-05, 'model__max_epochs': 500, 'model__module__d_model': 128, 'model__module__dim_feedforward': 384, 'model__module__dropout': 0.1, 'model__module__nhead': 4, 'model__module__num_layers': 2, 'model__module__patch_size': 16, 'model__optimizer__weight_decay': 0.0001}",0.6190476190476191,0.8791666666666667,0.849438202247191,0.4369747899159664,0.8248847926267281,0.7219024141008343,0.1693314221100886,161,0.7950622678610444,0.932029484029484,0.9032703245232518,0.42247191011235957,0.9750115873687605,0.80556911477898,0.20056039736166356
185,8.886759376525879,4.15558946308318,0.036075401306152347,0.004178868670464504,128,10,3e-05,500,128,384,0.1,4,2,32,0.0001,"{'model__batch_size': 128, 'model__callbacks__early_stopping__patience': 10, 'model__lr': 3e-05, 'model__max_epochs': 500, 'model__module__d_model': 128, 'model__module__dim_feedforward': 384, 'model__module__dropout': 0.1, 'model__module__nhead': 4, 'model__module__num_layers': 2, 'model__module__patch_size': 32, 'model__optimizer__weight_decay': 0.0001}",0.5851851851851853,0.8567901234567901,0.8230492196878751,0.4369747899159664,0.9208333333333334,0.7245665303158301,0.18321503495751587,139,0.8731337848663608,0.870873786407767,0.9630025706940875,0.42247191011235957,0.9459577249945522,0.8150879554150254,0.19981709951267965
186,12.424159240722656,5.9715491086508745,0.0390927791595459,0.005091065781493354,128,10,3e-05,500,128,384,0.1,4,3,16,0.0001,"{'model__batch_size': 128, 'model__callbacks__early_stopping__patience': 10, 'model__lr': 3e-05, 'model__max_epochs': 500, 'model__module__d_model': 128, 'model__module__dim_feedforward': 384, 'model__module__dropout': 0.1, 'model__module__nhead': 4, 'model__module__num_layers': 3, 'model__module__patch_size': 16, 'model__optimizer__weight_decay': 0.0001}",0.5902439024390245,0.8791666666666667,0.8308080808080808,0.4369747899159664,0.9169398907103825,0.7308266661080242,0.1858771691227607,101,0.8145801471123735,0.8810537571692427,0.936228287841191,0.42247191011235957,0.9263059886289349,0.7961280181728203,0.1917008809842064
187,8.727372550964356,4.891252846689369,0.03717761039733887,0.004388986238500753,128,10,3e-05,500,128,384,0.1,4,3,32,0.0001,"{'model__batch_size': 128, 'model__callbacks__early_stopping__patience': 10, 'model__lr': 3e-05, 'model__max_epochs': 500, 'model__module__d_model': 128, 'model__module__dim_feedforward': 384, 'model__module__dropout': 0.1, 'model__module__nhead': 4, 'model__module__num_layers': 3, 'model__module__patch_size': 32, 'model__optimizer__weight_decay': 0.0001}",0.5851851851851853,0.8791666666666667,0.8525311812179017,0.48659003831417624,0.8581711543588376,0.7323288451485536,0.16363682474546445,86,0.8412065715055211,0.8995368437791957,0.9895968264248705,0.4926347760060744,0.9752272500249726,0.8396404535481269,0.18158946207299054
188,11.37888035774231,5.009281970423803,0.03779792785644531,0.004667616246351542,128,10,3e-05,500,128,384,0.25,4,2,16,0.0001,"{'model__batch_size': 128, 'model__callbacks__early_stopping__patience': 10, 'model__lr': 3e-05, 'model__max_epochs': 500, 'model__module__d_model': 128, 'model__module__dim_feedforward': 384, 'model__module__dropout': 0.25, 'model__module__nhead': 4, 'model__module__num_layers': 2, 'model__module__patch_size': 16, 'model__optimizer__weight_decay': 0.0001}",0.5902439024390245,0.8791666666666667,0.8116534628162535,0.4369747899159664,0.8754098360655738,0.718689731580697,0.17596473086992648,192,0.8105938423065074,0.9279857673267327,0.9239001692047377,0.42247191011235957,0.8706260032102728,0.7911155384321219,0.1891902009930232
189,7.880399131774903,4.571168503796546,0.03546404838562012,0.003067086310033356,128,10,3e-05,500,128,384,0.25,4,2,32,0.0001,"{'model__batch_size': 128, 'model__callbacks__early_stopping__patience': 10, 'model__lr': 3e-05, 'model__max_epochs': 500, 'model__module__d_model': 128, 'model__module__dim_feedforward': 384, 'model__module__dropout': 0.25, 'model__module__nhead': 4, 'model__module__num_layers': 2, 'model__module__patch_size': 32, 'model__optimizer__weight_decay': 0.0001}",0.6339869281045751,0.8567901234567901,0.8853020298361458,0.4369747899159664,0.9032340208810797,0.7432575784389115,0.18133281482253022,27,0.7810945273631842,0.8529761904761906,0.9255996691480562,0.42247191011235957,0.9263059886289349,0.7816896571457451,0.18747985954957047
190,11.793603038787841,4.97986905665635,0.03904480934143066,0.004751328136915046,128,10,3e-05,500,128,384,0.25,4,3,16,0.0001,"{'model__batch_size': 128, 'model__callbacks__early_stopping__patience': 10, 'model__lr': 3e-05, 'model__max_epochs': 500, 'model__module__d_model': 128, 'model__module__dim_feedforward': 384, 'model__module__dropout': 0.25, 'model__module__nhead': 4, 'model__module__num_layers': 3, 'model__module__patch_size': 16, 'model__optimizer__weight_decay': 0.0001}",0.5851851851851853,0.8567901234567901,0.7919254658385093,0.4369747899159664,0.88125,0.7104251128792902,0.17187570190763027,232,0.7854054342603961,0.8889617747033216,0.9021573604060913,0.4159090909090909,0.9557835931773608,0.7896434506912522,0.19484423972714207
191,8.865156602859496,6.4827374459325116,0.03636388778686524,0.003619354852613893,128,10,3e-05,500,128,384,0.25,4,3,32,0.0001,"{'model__batch_size': 128, 'model__callbacks__early_stopping__patience': 10, 'model__lr': 3e-05, 'model__max_epochs': 500, 'model__module__d_model': 128, 'model__module__dim_feedforward': 384, 'model__module__dropout': 0.25, 'model__module__nhead': 4, 'model__module__num_layers': 3, 'model__module__patch_size': 32, 'model__optimizer__weight_decay': 0.0001}",0.6339869281045751,0.8335724533715925,0.8344861660079052,0.4369747899159664,0.8176486270327913,0.7113337928865662,0.15663144070380988,227,0.7821138211382114,0.8015583554376657,0.943078626799557,0.42247191011235957,0.9800963081861958,0.7858638043347979,0.19736099718529798
192,6.430143976211548,3.1284581605378716,0.0362858772277832,0.004046440565611352,128,10,0.0001,500,96,128,0.1,4,2,16,0.0001,"{'model__batch_size': 128, 'model__callbacks__early_stopping__patience': 10, 'model__lr': 0.0001, 'model__max_epochs': 500, 'model__module__d_model': 96, 'model__module__dim_feedforward': 128, 'model__module__dropout': 0.1, 'model__module__nhead': 4, 'model__module__num_layers': 2, 'model__module__patch_size': 16, 'model__optimizer__weight_decay': 0.0001}",0.6510178645616951,0.8791666666666667,0.8376937984496124,0.4369747899159664,0.833879781420765,0.7277465802029411,0.16535792670220198,119,0.7635294117647059,0.9149140343862454,0.9305304306239993,0.41855203619909503,0.9502407704654896,0.7955533366879071,0.19977462629118
193,4.411389398574829,2.4711517593730514,0.03437747955322266,0.0032966600699544644,128,10,0.0001,500,96,128,0.1,4,2,32,0.0001,"{'model__batch_size': 128, 'model__callbacks__early_stopping__patience': 10, 'model__lr': 0.0001, 'model__max_epochs': 500, 'model__module__d_model': 96, 'model__module__dim_feedforward': 128, 'model__module__dropout': 0.1, 'model__module__nhead': 4, 'model__module__num_layers': 2, 'model__module__patch_size': 32, 'model__optimizer__weight_decay': 0.0001}",0.5604395604395604,0.8791666666666667,0.8230492196878751,0.40707964601769914,0.868663594470046,0.7076797374563695,0.19009143654579566,238,0.645673076923077,0.8502345949327494,0.9843130073857047,0.4377091377091377,0.9800963081861958,0.779605225027373,0.21067568122440902
194,6.835438251495361,3.0473546184353606,0.037496089935302734,0.0030252339920731177,128,10,0.0001,500,96,128,0.1,4,3,16,0.0001,"{'model__batch_size': 128, 'model__callbacks__early_stopping__patience': 10, 'model__lr': 0.0001, 'model__max_epochs': 500, 'model__module__d_model': 96, 'model__module__dim_feedforward': 128, 'model__module__dropout': 0.1, 'model__module__nhead': 4, 'model__module__num_layers': 3, 'model__module__patch_size': 16, 'model__optimizer__weight_decay': 0.0001}",0.6044869131699211,0.8791666666666667,0.796969696969697,0.4369747899159664,0.88125,0.7197696133444503,0.17361232785228944,183,0.783235294117647,0.8936425429828069,0.8973145753159633,0.4377091377091377,0.9703986631654333,0.7964600426581978,0.1890755534735516
195,4.932572746276856,1.9703752472499705,0.03515443801879883,0.003605596087615123,128,10,0.0001,500,96,128,0.1,4,3,32,0.0001,"{'model__batch_size': 128, 'model__callbacks__early_stopping__patience': 10, 'model__lr': 0.0001, 'model__max_epochs': 500, 'model__module__d_model': 96, 'model__module__dim_feedforward': 128, 'model__module__dropout': 0.1, 'model__module__nhead': 4, 'model__module__num_layers': 3, 'model__module__patch_size': 32, 'model__optimizer__weight_decay': 0.0001}",0.6827886710239651,0.8094194961664841,0.8052325581395349,0.4322033898305085,0.8508550602747407,0.7160998350870467,0.15265582036637507,203,0.9145408163265306,0.779262753319357,0.9405505436039787,0.42247191011235957,0.9851363500149835,0.808392474675442,0.204819357438308
196,6.649121522903442,2.8141734218535346,0.0374875545501709,0.004102747982144094,128,10,0.0001,500,96,128,0.25,4,2,16,0.0001,"{'model__batch_size': 128, 'model__callbacks__early_stopping__patience': 10, 'model__lr': 0.0001, 'model__max_epochs': 500, 'model__module__d_model': 96, 'model__module__dim_feedforward': 128, 'model__module__dropout': 0.25, 'model__module__nhead': 4, 'model__module__num_layers': 2, 'model__module__patch_size': 16, 'model__optimizer__weight_decay': 0.0001}",0.6044869131699211,0.8791666666666667,0.8052325581395349,0.4369747899159664,0.88125,0.7214221855784179,0.17437695315483315,166,0.7969696969696969,0.9369070208728653,0.9529390221571141,0.4377091377091377,0.9355908500649286,0.8120231455547486,0.19547881060347488
197,4.311047077178955,1.6676906741291448,0.034583663940429686,0.0033073950820265317,128,10,0.0001,500,96,128,0.25,4,2,32,0.0001,"{'model__batch_size': 128, 'model__callbacks__early_stopping__patience': 10, 'model__lr': 0.0001, 'model__max_epochs': 500, 'model__module__d_model': 96, 'model__module__dim_feedforward': 128, 'model__module__dropout': 0.25, 'model__module__nhead': 4, 'model__module__num_layers': 2, 'model__module__patch_size': 32, 'model__optimizer__weight_decay': 0.0001}",0.6137931034482759,0.8335724533715925,0.7869894839814136,0.4369747899159664,0.8934679001962433,0.7129595461826984,0.16650089489004236,221,0.8785857963503253,0.7625,0.8877799263926143,0.42247191011235957,0.8581699346405229,0.7619015134991644,0.17546567724060957
198,7.24076280593872,3.6956226651916935,0.039255809783935544,0.004276306371191297,128,10,0.0001,500,96,128,0.25,4,3,16,0.0001,"{'model__batch_size': 128, 'model__callbacks__early_stopping__patience': 10, 'model__lr': 0.0001, 'model__max_epochs': 500, 'model__module__d_model': 96, 'model__module__dim_feedforward': 128, 'model__module__dropout': 0.25, 'model__module__nhead': 4, 'model__module__num_layers': 3, 'model__module__patch_size': 16, 'model__optimizer__weight_decay': 0.0001}",0.6357723577235772,0.861101607937051,0.8197603325996576,0.4369747899159664,0.8508550602747407,0.7208928296901986,0.16381600292071558,173,0.7989865173883615,0.8902014742014741,0.9369170348551792,0.42247191011235957,0.9752272500249726,0.8047608373164694,0.20000116373382068
199,4.13403000831604,2.06958849866593,0.03610100746154785,0.0029609490157529827,128,10,0.0001,500,96,128,0.25,4,3,32,0.0001,"{'model__batch_size': 128, 'model__callbacks__early_stopping__patience': 10, 'model__lr': 0.0001, 'model__max_epochs': 500, 'model__module__d_model': 96, 'model__module__dim_feedforward': 128, 'model__module__dropout': 0.25, 'model__module__nhead': 4, 'model__module__num_layers': 3, 'model__module__patch_size': 32, 'model__optimizer__weight_decay': 0.0001}",0.5992844364937389,0.8791666666666667,0.794235766595795,0.42735042735042733,0.8248847926267281,0.7049844179466712,0.1678895337219121,246,0.7171363138504432,0.870873786407767,0.9529390221571141,0.4198645598194131,0.9800963081861958,0.7881819980841867,0.20567894196422498
200,5.775754404067993,2.5896745564202934,0.03773608207702637,0.003866502157351955,128,10,0.0001,500,96,256,0.1,4,2,16,0.0001,"{'model__batch_size': 128, 'model__callbacks__early_stopping__patience': 10, 'model__lr': 0.0001, 'model__max_epochs': 500, 'model__module__d_model': 96, 'model__module__dim_feedforward': 256, 'model__module__dropout': 0.1, 'model__module__nhead': 4, 'model__module__num_layers': 2, 'model__module__patch_size': 16, 'model__optimizer__weight_decay': 0.0001}",0.6044869131699211,0.8791666666666667,0.815980024968789,0.4369747899159664,0.8754098360655738,0.7224036461573833,0.17442251306215653,157,0.7816043083900227,0.9215724815724815,0.8925225828036133,0.42247191011235957,0.9557835931773608,0.7947909752111676,0.19510972038079427
201,3.963823843002319,2.2861914084315287,0.035079002380371094,0.0032551501177788913,128,10,0.0001,500,96,256,0.1,4,2,32,0.0001,"{'model__batch_size': 128, 'model__callbacks__early_stopping__patience': 10, 'model__lr': 0.0001, 'model__max_epochs': 500, 'model__module__d_model': 96, 'model__module__dim_feedforward': 256, 'model__module__dropout': 0.1, 'model__module__nhead': 4, 'model__module__num_layers': 2, 'model__module__patch_size': 32, 'model__optimizer__weight_decay': 0.0001}",0.5757575757575758,0.9007868628121793,0.8085714285714285,0.4369747899159664,0.936080740117746,0.7316342794349794,0.19362439834848977,97,0.683303611713899,0.8121589523014701,0.9789723449517265,0.42247191011235957,0.880577849117175,0.755496933639326,0.19230944920240264
202,5.948959875106811,3.153297120224952,0.03914175033569336,0.004091445869294365,128,10,0.0001,500,96,256,0.1,4,3,16,0.0001,"{'model__batch_size': 128, 'model__callbacks__early_stopping__patience': 10, 'model__lr': 0.0001, 'model__max_epochs': 500, 'model__module__d_model': 96, 'model__module__dim_feedforward': 256, 'model__module__dropout': 0.1, 'model__module__nhead': 4, 'model__module__num_layers': 3, 'model__module__patch_size': 16, 'model__optimizer__weight_decay': 0.0001}",0.620868180007965,0.8791666666666667,0.8769997377393128,0.4369747899159664,0.8248847926267281,0.7277788333913278,0.17355782966247127,118,0.7853033282353798,0.9090708009088899,0.9418611825192802,0.42247191011235957,0.8706260032102728,0.7858666449972365,0.18907869221206777
203,4.421663522720337,1.9960355654549988,0.035311555862426756,0.003349603307495812,128,10,0.0001,500,96,256,0.1,4,3,32,0.0001,"{'model__batch_size': 128, 'model__callbacks__early_stopping__patience': 10, 'model__lr': 0.0001, 'model__max_epochs': 500, 'model__module__d_model': 96, 'model__module__dim_feedforward': 256, 'model__module__dropout': 0.1, 'model__module__nhead': 4, 'model__module__num_layers': 3, 'model__module__patch_size': 32, 'model__optimizer__weight_decay': 0.0001}",0.6493738819320215,0.8335724533715925,0.815980024968789,0.4322033898305085,0.8581711543588376,0.7178601808923498,0.1606201596961232,198,0.8646464646464647,0.7878787878787878,0.9149710504549214,0.4525482465901504,0.9850069524212564,0.8010103003983161,0.18573616851576746
204,6.794475841522217,3.4059409170465984,0.03740987777709961,0.0042443193610874974,128,10,0.0001,500,96,256,0.25,4,2,16,0.0001,"{'model__batch_size': 128, 'model__callbacks__early_stopping__patience': 10, 'model__lr': 0.0001, 'model__max_epochs': 500, 'model__module__d_model': 96, 'model__module__dim_feedforward': 256, 'model__module__dropout': 0.25, 'model__module__nhead': 4, 'model__module__num_layers': 2, 'model__module__patch_size': 16, 'model__optimizer__weight_decay': 0.0001}",0.6044869131699211,0.8791666666666667,0.8701550387596899,0.4369747899159664,0.808242220353238,0.7198051257730963,0.17269256254273044,182,0.7911675697225595,0.9312620510068181,0.9738550123095078,0.45956500841143955,0.9800963081861958,0.8271891899273042,0.19604474317866663
205,3.9543557167053223,1.5367261955515192,0.036542224884033206,0.004869207312740931,128,10,0.0001,500,96,256,0.25,4,2,32,0.0001,"{'model__batch_size': 128, 'model__callbacks__early_stopping__patience': 10, 'model__lr': 0.0001, 'model__max_epochs': 500, 'model__module__d_model': 96, 'model__module__dim_feedforward': 256, 'model__module__dropout': 0.25, 'model__module__nhead': 4, 'model__module__num_layers': 2, 'model__module__patch_size': 32, 'model__optimizer__weight_decay': 0.0001}",0.6044869131699211,0.8335724533715925,0.8085714285714285,0.4369747899159664,0.9584699453551913,0.72841510607682,0.18477228562879128,116,0.7911675697225595,0.8015583554376657,0.9215650369285235,0.42247191011235957,0.880577849117175,0.7634681442636567,0.1773165894689861
206,5.739787864685058,2.6767189560953533,0.03930506706237793,0.0073898648389738265,128,10,0.0001,500,96,256,0.25,4,3,16,0.0001,"{'model__batch_size': 128, 'model__callbacks__early_stopping__patience': 10, 'model__lr': 0.0001, 'model__max_epochs': 500, 'model__module__d_model': 96, 'model__module__dim_feedforward': 256, 'model__module__dropout': 0.25, 'model__module__nhead': 4, 'model__module__num_layers': 3, 'model__module__patch_size': 16, 'model__optimizer__weight_decay': 0.0001}",0.6190476190476191,0.8791666666666667,0.796969696969697,0.4369747899159664,0.88125,0.72268175451999,0.17176647999881894,155,0.7911675697225595,0.8787301061007957,0.8937138130686517,0.42247191011235957,0.9701444622792937,0.791245572256732,0.19295186802105566
207,3.602535438537598,2.066736750930652,0.03569474220275879,0.004159684915858228,128,10,0.0001,500,96,256,0.25,4,3,32,0.0001,"{'model__batch_size': 128, 'model__callbacks__early_stopping__patience': 10, 'model__lr': 0.0001, 'model__max_epochs': 500, 'model__module__d_model': 96, 'model__module__dim_feedforward': 256, 'model__module__dropout': 0.25, 'model__module__nhead': 4, 'model__module__num_layers': 3, 'model__module__patch_size': 32, 'model__optimizer__weight_decay': 0.0001}",0.49090909090909096,0.7842261904761905,0.8013833992094861,0.4369747899159664,0.88125,0.6789486941021468,0.17939324920497393,283,0.6032261628549331,0.7686182669789228,0.9021573604060913,0.42247191011235957,0.9703986631654333,0.733374472703548,0.19975446981855763
208,5.585351085662841,2.8561413062204424,0.0362642765045166,0.003865099711237889,128,10,0.0001,500,96,384,0.1,4,2,16,0.0001,"{'model__batch_size': 128, 'model__callbacks__early_stopping__patience': 10, 'model__lr': 0.0001, 'model__max_epochs': 500, 'model__module__d_model': 96, 'model__module__dim_feedforward': 384, 'model__module__dropout': 0.1, 'model__module__nhead': 4, 'model__module__num_layers': 2, 'model__module__patch_size': 16, 'model__optimizer__weight_decay': 0.0001}",0.5902439024390245,0.8791666666666667,0.8525311812179017,0.4369747899159664,0.8581711543588376,0.7234175389196793,0.17825337371599503,145,0.7574212616606631,0.8889617747033216,0.9424810270809172,0.4577253410205355,0.9701444622792937,0.8033467733489461,0.18765557021284496
209,3.969647932052612,1.6574867000731106,0.03450751304626465,0.0032400713884083456,128,10,0.0001,500,96,384,0.1,4,2,32,0.0001,"{'model__batch_size': 128, 'model__callbacks__early_stopping__patience': 10, 'model__lr': 0.0001, 'model__max_epochs': 500, 'model__module__d_model': 96, 'model__module__dim_feedforward': 384, 'model__module__dropout': 0.1, 'model__module__nhead': 4, 'model__module__num_layers': 2, 'model__module__patch_size': 32, 'model__optimizer__weight_decay': 0.0001}",0.5579559617781471,0.8791666666666667,0.8376937984496124,0.4322033898305085,0.9169398907103825,0.7247919414870634,0.19336055655511108,138,0.8349969215843579,0.9031553398058252,0.9255996691480562,0.42247191011235957,0.8815946526617331,0.7935636986624663,0.1879463230093101
210,6.2356688499450685,3.2507215822508733,0.039327383041381836,0.0029456453832370556,128,10,0.0001,500,96,384,0.1,4,3,16,0.0001,"{'model__batch_size': 128, 'model__callbacks__early_stopping__patience': 10, 'model__lr': 0.0001, 'model__max_epochs': 500, 'model__module__d_model': 96, 'model__module__dim_feedforward': 384, 'model__module__dropout': 0.1, 'model__module__nhead': 4, 'model__module__num_layers': 3, 'model__module__patch_size': 16, 'model__optimizer__weight_decay': 0.0001}",0.6339869281045751,0.8791666666666667,0.7919254658385093,0.4322033898305085,0.8581711543588376,0.7190907209598195,0.16722414402878033,190,0.7072318112300633,0.932029484029484,0.9579446899034527,0.4904470079307858,0.9701444622792937,0.8115594910746159,0.1871300779368387
211,3.932252788543701,1.737581985533324,0.03837881088256836,0.003914852132413962,128,10,0.0001,500,96,384,0.1,4,3,32,0.0001,"{'model__batch_size': 128, 'model__callbacks__early_stopping__patience': 10, 'model__lr': 0.0001, 'model__max_epochs': 500, 'model__module__d_model': 96, 'model__module__dim_feedforward': 384, 'model__module__dropout': 0.1, 'model__module__nhead': 4, 'model__module__num_layers': 3, 'model__module__patch_size': 32, 'model__optimizer__weight_decay': 0.0001}",0.5992844364937389,0.8791666666666667,0.8344861660079052,0.4369747899159664,0.833879781420765,0.7167583681010085,0.17089920452144375,200,0.8029968900197908,0.8346319628647215,0.9305304306239993,0.42247191011235957,0.9851363500149835,0.7951535087271708,0.19744975658801586
212,5.604451370239258,2.852044518351528,0.037729310989379886,0.004019430906245882,128,10,0.0001,500,96,384,0.25,4,2,16,0.0001,"{'model__batch_size': 128, 'model__callbacks__early_stopping__patience': 10, 'model__lr': 0.0001, 'model__max_epochs': 500, 'model__module__d_model': 96, 'model__module__dim_feedforward': 384, 'model__module__dropout': 0.25, 'model__module__nhead': 4, 'model__module__num_layers': 2, 'model__module__patch_size': 16, 'model__optimizer__weight_decay': 0.0001}",0.5902439024390245,0.8791666666666667,0.8646464646464647,0.4369747899159664,0.8754098360655738,0.7292883319467391,0.18271146297045948,111,0.779652534496318,0.9272030651340997,0.9158893798069057,0.42247191011235957,0.9653181500349616,0.8021070079169288,0.19993015753374732
213,3.5420041561126707,1.7314613326053596,0.03616328239440918,0.003750937365052541,128,10,0.0001,500,96,384,0.25,4,2,32,0.0001,"{'model__batch_size': 128, 'model__callbacks__early_stopping__patience': 10, 'model__lr': 0.0001, 'model__max_epochs': 500, 'model__module__d_model': 96, 'model__module__dim_feedforward': 384, 'model__module__dropout': 0.25, 'model__module__nhead': 4, 'model__module__num_layers': 2, 'model__module__patch_size': 32, 'model__optimizer__weight_decay': 0.0001}",0.5227272727272727,0.9007868628121793,0.8197603325996576,0.4322033898305085,0.9208333333333334,0.7192622382605903,0.2023416604618986,187,0.6717873794125861,0.8783867056274475,0.9305304306239993,0.42247191011235957,0.8717275403835443,0.7549807932319874,0.18823379018097727
214,6.561206388473511,3.716166849400822,0.038736391067504886,0.0032963696751104844,128,10,0.0001,500,96,384,0.25,4,3,16,0.0001,"{'model__batch_size': 128, 'model__callbacks__early_stopping__patience': 10, 'model__lr': 0.0001, 'model__max_epochs': 500, 'model__module__d_model': 96, 'model__module__dim_feedforward': 384, 'model__module__dropout': 0.25, 'model__module__nhead': 4, 'model__module__num_layers': 3, 'model__module__patch_size': 16, 'model__optimizer__weight_decay': 0.0001}",0.6666666666666667,0.8791666666666667,0.8376937984496124,0.4369747899159664,0.833879781420765,0.7308763406239354,0.16401872005867713,99,0.7037493430947936,0.9064039408866995,0.9524318766066838,0.42247191011235957,0.9900481540930979,0.7950210449587269,0.21087592283550455
215,4.356494331359864,2.6650116811104465,0.03788118362426758,0.004129834897666838,128,10,0.0001,500,96,384,0.25,4,3,32,0.0001,"{'model__batch_size': 128, 'model__callbacks__early_stopping__patience': 10, 'model__lr': 0.0001, 'model__max_epochs': 500, 'model__module__d_model': 96, 'model__module__dim_feedforward': 384, 'model__module__dropout': 0.25, 'model__module__nhead': 4, 'model__module__num_layers': 3, 'model__module__patch_size': 32, 'model__optimizer__weight_decay': 0.0001}",0.6493738819320215,0.8094194961664841,0.7869894839814136,0.4322033898305085,0.8416666666666667,0.703930583715419,0.15087082005232702,248,0.7461159530125048,0.7863453815261043,0.9787427626137304,0.4377091377091377,0.9851363500149835,0.7868099169752922,0.19984952332069256
216,5.134232378005981,2.3263828122563766,0.03667426109313965,0.0032529101025274916,128,10,0.0001,500,128,128,0.1,4,2,16,0.0001,"{'model__batch_size': 128, 'model__callbacks__early_stopping__patience': 10, 'model__lr': 0.0001, 'model__max_epochs': 500, 'model__module__d_model': 128, 'model__module__dim_feedforward': 128, 'model__module__dropout': 0.1, 'model__module__nhead': 4, 'model__module__num_layers': 2, 'model__module__patch_size': 16, 'model__optimizer__weight_decay': 0.0001}",0.6044869131699211,0.9007868628121793,0.8266045548654244,0.4322033898305085,0.8508550602747407,0.7229873561905549,0.1773679837242609,152,0.7930882352941176,0.9480021893814997,0.9032703245232518,0.42247191011235957,0.873940182583413,0.7881545683789283,0.1896893346940918
217,3.4388243675231935,1.797533293301548,0.03462514877319336,0.003368761660003984,128,10,0.0001,500,128,128,0.1,4,2,32,0.0001,"{'model__batch_size': 128, 'model__callbacks__early_stopping__patience': 10, 'model__lr': 0.0001, 'model__max_epochs': 500, 'model__module__d_model': 128, 'model__module__dim_feedforward': 128, 'model__module__dropout': 0.1, 'model__module__nhead': 4, 'model__module__num_layers': 2, 'model__module__patch_size': 32, 'model__optimizer__weight_decay': 0.0001}",0.6493738819320215,0.8567901234567901,0.8197603325996576,0.4369747899159664,0.8508550602747407,0.7227508376358353,0.1617653802228363,154,0.6339735381988904,0.8493527508090615,0.9524318766066838,0.4198645598194131,0.9454999500549396,0.7602245350977976,0.20542575658509754
218,6.030092716217041,3.789937998098726,0.043627452850341794,0.0071432792065448895,128,10,0.0001,500,128,128,0.1,4,3,16,0.0001,"{'model__batch_size': 128, 'model__callbacks__early_stopping__patience': 10, 'model__lr': 0.0001, 'model__max_epochs': 500, 'model__module__d_model': 128, 'model__module__dim_feedforward': 128, 'model__module__dropout': 0.1, 'model__module__nhead': 4, 'model__module__num_layers': 3, 'model__module__patch_size': 16, 'model__optimizer__weight_decay': 0.0001}",0.5363834422657952,0.8791666666666667,0.8646464646464647,0.4369747899159664,0.8934679001962433,0.7221278527382273,0.1950094412801004,160,0.7107366957539835,0.9688013136288998,0.9843130073857047,0.46705069124423965,0.8494049064853049,0.7960613228996265,0.19165157278696007
219,3.3620871543884276,1.9555933912697048,0.035094690322875974,0.0028362060137533092,128,10,0.0001,500,128,128,0.1,4,3,32,0.0001,"{'model__batch_size': 128, 'model__callbacks__early_stopping__patience': 10, 'model__lr': 0.0001, 'model__max_epochs': 500, 'model__module__d_model': 128, 'model__module__dim_feedforward': 128, 'model__module__dropout': 0.1, 'model__module__nhead': 4, 'model__module__num_layers': 3, 'model__module__patch_size': 32, 'model__optimizer__weight_decay': 0.0001}",0.7171717171717171,0.8335724533715925,0.8675889328063241,0.4369747899159664,0.8645276292335116,0.7439671044998223,0.16297766049367177,23,0.54598903836572,0.7625,0.9583873056994818,0.42247191011235957,0.9750115873687605,0.7328719683092644,0.21983630656072
220,5.061045503616333,2.3665337121689842,0.037761783599853514,0.005129461203175848,128,10,0.0001,500,128,128,0.25,4,2,16,0.0001,"{'model__batch_size': 128, 'model__callbacks__early_stopping__patience': 10, 'model__lr': 0.0001, 'model__max_epochs': 500, 'model__module__d_model': 128, 'model__module__dim_feedforward': 128, 'model__module__dropout': 0.25, 'model__module__nhead': 4, 'model__module__num_layers': 2, 'model__module__patch_size': 16, 'model__optimizer__weight_decay': 0.0001}",0.5579559617781471,0.9007868628121793,0.7727713178294574,0.4369747899159664,0.8508550602747407,0.7038687985220982,0.17756813346498113,249,0.7949429705154896,0.9424864864864866,0.9207197943444729,0.4750060081711127,0.873940182583413,0.801419088420195,0.17086802942075757
221,3.771752643585205,1.8522177823641135,0.03539762496948242,0.004491974131461667,128,10,0.0001,500,128,128,0.25,4,2,32,0.0001,"{'model__batch_size': 128, 'model__callbacks__early_stopping__patience': 10, 'model__lr': 0.0001, 'model__max_epochs': 500, 'model__module__d_model': 128, 'model__module__dim_feedforward': 128, 'model__module__dropout': 0.25, 'model__module__nhead': 4, 'model__module__num_layers': 2, 'model__module__patch_size': 32, 'model__optimizer__weight_decay': 0.0001}",0.6339869281045751,0.8791666666666667,0.8013833992094861,0.4369747899159664,0.9208333333333334,0.7344690234460055,0.178183090165728,68,0.7884604277766013,0.9042782886845262,0.936228287841191,0.42247191011235957,0.9463994498477257,0.7995676728524808,0.19673565648470004
222,5.104792881011963,2.0117308655294384,0.03791966438293457,0.0039451978953350935,128,10,0.0001,500,128,128,0.25,4,3,16,0.0001,"{'model__batch_size': 128, 'model__callbacks__early_stopping__patience': 10, 'model__lr': 0.0001, 'model__max_epochs': 500, 'model__module__d_model': 128, 'model__module__dim_feedforward': 128, 'model__module__dropout': 0.25, 'model__module__nhead': 4, 'model__module__num_layers': 3, 'model__module__patch_size': 16, 'model__optimizer__weight_decay': 0.0001}",0.6044869131699211,0.8791666666666667,0.8308080808080808,0.4369747899159664,0.8934679001962433,0.7289808701513756,0.17930244481176888,112,0.7950622678610444,0.8816343042071197,0.9043424317617866,0.42247191011235957,0.8563180501448406,0.7719657928174302,0.1785191762543008
223,3.6994638442993164,2.031635199291418,0.037882232666015626,0.0047228975485232435,128,10,0.0001,500,128,128,0.25,4,3,32,0.0001,"{'model__batch_size': 128, 'model__callbacks__early_stopping__patience': 10, 'model__lr': 0.0001, 'model__max_epochs': 500, 'model__module__d_model': 128, 'model__module__dim_feedforward': 128, 'model__module__dropout': 0.25, 'model__module__nhead': 4, 'model__module__num_layers': 3, 'model__module__patch_size': 32, 'model__optimizer__weight_decay': 0.0001}",0.6137931034482759,0.8791666666666667,0.8085714285714285,0.4369747899159664,0.9208333333333334,0.7318678643871342,0.181213629127305,93,0.6734070019622018,0.9272030651340997,0.9738550123095078,0.4316953316953317,0.9601926163723916,0.7932706054947064,0.21143110060729084
224,5.35994701385498,2.573296138593864,0.03763556480407715,0.004511056444416237,128,10,0.0001,500,128,256,0.1,4,2,16,0.0001,"{'model__batch_size': 128, 'model__callbacks__early_stopping__patience': 10, 'model__lr': 0.0001, 'model__max_epochs': 500, 'model__module__d_model': 128, 'model__module__dim_feedforward': 256, 'model__module__dropout': 0.1, 'model__module__nhead': 4, 'model__module__num_layers': 2, 'model__module__patch_size': 16, 'model__optimizer__weight_decay': 0.0001}",0.5491949910554561,0.9217273954116059,0.815980024968789,0.4369747899159664,0.8934679001962433,0.7234690203096121,0.19453260383039558,144,0.7970259536344324,0.9529434889434889,0.9684585174275896,0.4362064032047817,0.872781368626244,0.8054831463673073,0.19456177017789372
225,3.1627788066864015,1.5733978754508773,0.037268209457397464,0.005652549406294796,128,10,0.0001,500,128,256,0.1,4,2,32,0.0001,"{'model__batch_size': 128, 'model__callbacks__early_stopping__patience': 10, 'model__lr': 0.0001, 'model__max_epochs': 500, 'model__module__d_model': 128, 'model__module__dim_feedforward': 256, 'model__module__dropout': 0.1, 'model__module__nhead': 4, 'model__module__num_layers': 2, 'model__module__patch_size': 32, 'model__optimizer__weight_decay': 0.0001}",0.5366430260047281,0.9007868628121793,0.8376937984496124,0.4369747899159664,0.9169398907103825,0.7258076735785738,0.19943692968245524,129,0.6063454759106933,0.8843295382669196,0.9255996691480562,0.42247191011235957,0.9096429438911828,0.7496779074658423,0.20113492557431326
226,5.556603145599365,2.8628319468880843,0.04111356735229492,0.005112348627181403,128,10,0.0001,500,128,256,0.1,4,3,16,0.0001,"{'model__batch_size': 128, 'model__callbacks__early_stopping__patience': 10, 'model__lr': 0.0001, 'model__max_epochs': 500, 'model__module__d_model': 128, 'model__module__dim_feedforward': 256, 'model__module__dropout': 0.1, 'model__module__nhead': 4, 'model__module__num_layers': 3, 'model__module__patch_size': 16, 'model__optimizer__weight_decay': 0.0001}",0.5579559617781471,0.8567901234567901,0.815980024968789,0.4369747899159664,0.833879781420765,0.7003161363080915,0.17047966160332612,258,0.7079153966934515,0.9019896831245394,0.9091551785083068,0.42247191011235957,0.9850069524212564,0.7853078241719827,0.20321026232489006
227,3.50630784034729,1.9546922084607221,0.036292076110839844,0.004057858197501981,128,10,0.0001,500,128,256,0.1,4,3,32,0.0001,"{'model__batch_size': 128, 'model__callbacks__early_stopping__patience': 10, 'model__lr': 0.0001, 'model__max_epochs': 500, 'model__module__d_model': 128, 'model__module__dim_feedforward': 256, 'model__module__dropout': 0.1, 'model__module__nhead': 4, 'model__module__num_layers': 3, 'model__module__patch_size': 32, 'model__optimizer__weight_decay': 0.0001}",0.43434343434343436,0.8791666666666667,0.8525311812179017,0.5031779661016949,0.833879781420765,0.7006198059500924,0.19110240954455415,256,0.4236559139784946,0.8863409770687936,0.9418611825192802,0.4362064032047817,0.9802657754436221,0.7336660504429945,0.24982185535163257
228,4.95397686958313,2.6649901397597615,0.036462259292602536,0.0035069912375007587,128,10,0.0001,500,128,256,0.25,4,2,16,0.0001,"{'model__batch_size': 128, 'model__callbacks__early_stopping__patience': 10, 'model__lr': 0.0001, 'model__max_epochs': 500, 'model__module__d_model': 128, 'model__module__dim_feedforward': 256, 'model__module__dropout': 0.25, 'model__module__nhead': 4, 'model__module__num_layers': 2, 'model__module__patch_size': 16, 'model__optimizer__weight_decay': 0.0001}",0.5851851851851853,0.8791666666666667,0.8013833992094861,0.4369747899159664,0.8934679001962433,0.7192355882347096,0.1790663452763203,188,0.7205422314911365,0.9149140343862454,0.9305304306239993,0.4316953316953317,0.8761362501248626,0.7747636556643152,0.1869853777679737
229,3.9800206661224364,2.1241061596131923,0.03537149429321289,0.0036862594844484383,128,10,0.0001,500,128,256,0.25,4,2,32,0.0001,"{'model__batch_size': 128, 'model__callbacks__early_stopping__patience': 10, 'model__lr': 0.0001, 'model__max_epochs': 500, 'model__module__d_model': 128, 'model__module__dim_feedforward': 256, 'model__module__dropout': 0.25, 'model__module__nhead': 4, 'model__module__num_layers': 2, 'model__module__patch_size': 32, 'model__optimizer__weight_decay': 0.0001}",0.6339869281045751,0.8791666666666667,0.8197603325996576,0.4369747899159664,0.9208333333333334,0.73814441012404,0.17970843024310348,47,0.7673224346541054,0.9079903147699757,0.936228287841191,0.42247191011235957,0.9851363500149835,0.803829859478523,0.20396934348188242
230,5.187777900695801,2.6209732438549294,0.0404693603515625,0.003324606865818502,128,10,0.0001,500,128,256,0.25,4,3,16,0.0001,"{'model__batch_size': 128, 'model__callbacks__early_stopping__patience': 10, 'model__lr': 0.0001, 'model__max_epochs': 500, 'model__module__d_model': 128, 'model__module__dim_feedforward': 256, 'model__module__dropout': 0.25, 'model__module__nhead': 4, 'model__module__num_layers': 3, 'model__module__patch_size': 16, 'model__optimizer__weight_decay': 0.0001}",0.5579559617781471,0.8791666666666667,0.7919254658385093,0.47871853546910753,0.8581711543588376,0.7131875568222537,0.16361023002849523,219,0.7930882352941176,0.7780942885628828,0.8775342228383296,0.44244999851407174,0.9851363500149835,0.775260619044877,0.18198707382960128
231,3.610689067840576,1.940323773878625,0.04050512313842773,0.0077527654335336265,128,10,0.0001,500,128,256,0.25,4,3,32,0.0001,"{'model__batch_size': 128, 'model__callbacks__early_stopping__patience': 10, 'model__lr': 0.0001, 'model__max_epochs': 500, 'model__module__d_model': 128, 'model__module__dim_feedforward': 256, 'model__module__dropout': 0.25, 'model__module__nhead': 4, 'model__module__num_layers': 3, 'model__module__patch_size': 32, 'model__optimizer__weight_decay': 0.0001}",0.5492260061919505,0.8791666666666667,0.8376937984496124,0.4369747899159664,0.833879781420765,0.7073882085289922,0.17923515429258802,239,0.5266108593809999,0.9031553398058252,0.9140180662428905,0.42247191011235957,0.9851363500149835,0.7502785051114118,0.2292703893876922
232,5.406489324569702,2.7202162836101795,0.03796224594116211,0.004152495002146068,128,10,0.0001,500,128,384,0.1,4,2,16,0.0001,"{'model__batch_size': 128, 'model__callbacks__early_stopping__patience': 10, 'model__lr': 0.0001, 'model__max_epochs': 500, 'model__module__d_model': 128, 'model__module__dim_feedforward': 384, 'model__module__dropout': 0.1, 'model__module__nhead': 4, 'model__module__num_layers': 2, 'model__module__patch_size': 16, 'model__optimizer__weight_decay': 0.0001}",0.5579559617781471,0.9007868628121793,0.8266045548654244,0.4369747899159664,0.88125,0.7207144338743435,0.18783448627505955,176,0.7733823529411765,0.8555830367376485,0.9215650369285235,0.42247191011235957,0.9850069524212564,0.7916018578281929,0.1974732480363262
233,3.5700957775115967,1.7724911262483791,0.0352290153503418,0.003428359834030503,128,10,0.0001,500,128,384,0.1,4,2,32,0.0001,"{'model__batch_size': 128, 'model__callbacks__early_stopping__patience': 10, 'model__lr': 0.0001, 'model__max_epochs': 500, 'model__module__d_model': 128, 'model__module__dim_feedforward': 384, 'model__module__dropout': 0.1, 'model__module__nhead': 4, 'model__module__num_layers': 2, 'model__module__patch_size': 32, 'model__optimizer__weight_decay': 0.0001}",0.6493738819320215,0.8791666666666667,0.815980024968789,0.4369747899159664,0.8986936816848841,0.7360378090336657,0.1733683283349918,57,0.6649937498833933,0.8662805895718968,0.9101491002570694,0.42247191011235957,0.9752272500249726,0.7678245199699383,0.2013992892945196
234,5.153614234924317,2.8362467789827686,0.039276838302612305,0.004267920629172221,128,10,0.0001,500,128,384,0.1,4,3,16,0.0001,"{'model__batch_size': 128, 'model__callbacks__early_stopping__patience': 10, 'model__lr': 0.0001, 'model__max_epochs': 500, 'model__module__d_model': 128, 'model__module__dim_feedforward': 384, 'model__module__dropout': 0.1, 'model__module__nhead': 4, 'model__module__num_layers': 3, 'model__module__patch_size': 16, 'model__optimizer__weight_decay': 0.0001}",0.4490161001788909,0.8567901234567901,0.8344861660079052,0.4369747899159664,0.88125,0.6917034359119104,0.2036429465470999,269,0.5791054967565722,0.8983732480746416,0.9111070418523266,0.4362064032047817,0.9802657754436221,0.761011593066389,0.21356849193571525
235,3.73163161277771,2.178702430373812,0.04786529541015625,0.010006687414069489,128,10,0.0001,500,128,384,0.1,4,3,32,0.0001,"{'model__batch_size': 128, 'model__callbacks__early_stopping__patience': 10, 'model__lr': 0.0001, 'model__max_epochs': 500, 'model__module__d_model': 128, 'model__module__dim_feedforward': 384, 'model__module__dropout': 0.1, 'model__module__nhead': 4, 'model__module__num_layers': 3, 'model__module__patch_size': 32, 'model__optimizer__weight_decay': 0.0001}",0.5604395604395604,0.8335724533715925,0.8575478384124734,0.4369747899159664,0.8581711543588376,0.7093411592996861,0.17658093153231402,234,0.5879228403690243,0.8077380952380953,0.9843130073857047,0.42247191011235957,0.9800963081861958,0.7565084322582759,0.22113906981804984
236,5.477842712402344,2.6750765503415526,0.04084906578063965,0.0034227542559231248,128,10,0.0001,500,128,384,0.25,4,2,16,0.0001,"{'model__batch_size': 128, 'model__callbacks__early_stopping__patience': 10, 'model__lr': 0.0001, 'model__max_epochs': 500, 'model__module__d_model': 128, 'model__module__dim_feedforward': 384, 'model__module__dropout': 0.25, 'model__module__nhead': 4, 'model__module__num_layers': 2, 'model__module__patch_size': 16, 'model__optimizer__weight_decay': 0.0001}",0.6044869131699211,0.861101607937051,0.8344861660079052,0.4369747899159664,0.8934679001962433,0.7261034754454174,0.1768435122234714,127,0.7834635065984379,0.8411286170322314,0.9579446899034527,0.42247191011235957,0.9066542522633174,0.7823325951819597,0.1893427822953581
237,2.994493579864502,1.3238246826610576,0.04044075012207031,0.00661078636123771,128,10,0.0001,500,128,384,0.25,4,2,32,0.0001,"{'model__batch_size': 128, 'model__callbacks__early_stopping__patience': 10, 'model__lr': 0.0001, 'model__max_epochs': 500, 'model__module__d_model': 128, 'model__module__dim_feedforward': 384, 'model__module__dropout': 0.25, 'model__module__nhead': 4, 'model__module__num_layers': 2, 'model__module__patch_size': 32, 'model__optimizer__weight_decay': 0.0001}",0.5896433805569126,0.8567901234567901,0.849438202247191,0.4369747899159664,0.9392162090109304,0.734412541037558,0.1895146661603673,71,0.6334446960694186,0.84565649867374,0.8961174343154983,0.42247191011235957,0.8606741573033708,0.7316729392948774,0.17996089698244153
238,5.561201000213623,3.290989784037361,0.0391352653503418,0.0034225013766781558,128,10,0.0001,500,128,384,0.25,4,3,16,0.0001,"{'model__batch_size': 128, 'model__callbacks__early_stopping__patience': 10, 'model__lr': 0.0001, 'model__max_epochs': 500, 'model__module__d_model': 128, 'model__module__dim_feedforward': 384, 'model__module__dropout': 0.25, 'model__module__nhead': 4, 'model__module__num_layers': 3, 'model__module__patch_size': 16, 'model__optimizer__weight_decay': 0.0001}",0.6510178645616951,0.8791666666666667,0.815980024968789,0.4369747899159664,0.8581711543588376,0.728262100094391,0.16622752716113667,117,0.6710224122911221,0.915876027830487,0.8756965911719554,0.43470336852689795,0.9850069524212564,0.7764610704483437,0.2003453225107262
239,4.098773574829101,2.256011444645311,0.037275838851928714,0.005264899995481113,128,10,0.0001,500,128,384,0.25,4,3,32,0.0001,"{'model__batch_size': 128, 'model__callbacks__early_stopping__patience': 10, 'model__lr': 0.0001, 'model__max_epochs': 500, 'model__module__d_model': 128, 'model__module__dim_feedforward': 384, 'model__module__dropout': 0.25, 'model__module__nhead': 4, 'model__module__num_layers': 3, 'model__module__patch_size': 32, 'model__optimizer__weight_decay': 0.0001}",0.5579559617781471,0.8791666666666667,0.8701550387596899,0.4369747899159664,0.8986936816848841,0.7285892277610708,0.19277171006944943,114,0.8208955223880596,0.979424504950495,0.9843130073857047,0.42247191011235957,0.8250811115813232,0.8064372112835884,0.20471951196257784
240,3.990670347213745,2.1260882866422497,0.03890314102172852,0.010607097826454604,128,10,0.0002,500,96,128,0.1,4,2,16,0.0001,"{'model__batch_size': 128, 'model__callbacks__early_stopping__patience': 10, 'model__lr': 0.0002, 'model__max_epochs': 500, 'model__module__d_model': 96, 'model__module__dim_feedforward': 128, 'model__module__dropout': 0.1, 'model__module__nhead': 4, 'model__module__num_layers': 2, 'model__module__patch_size': 16, 'model__optimizer__weight_decay': 0.0001}",0.6339869281045751,0.8791666666666667,0.8344861660079052,0.4369747899159664,0.8754098360655738,0.7320048773521373,0.1728434319317315,91,0.7098368078111774,0.9688013136288998,0.9305304306239993,0.42247191011235957,0.9752272500249726,0.8013735424402817,0.21301835260782379
241,2.6111833572387697,1.6865840149401334,0.035710811614990234,0.0034578545665294677,128,10,0.0002,500,96,128,0.1,4,2,32,0.0001,"{'model__batch_size': 128, 'model__callbacks__early_stopping__patience': 10, 'model__lr': 0.0002, 'model__max_epochs': 500, 'model__module__d_model': 96, 'model__module__dim_feedforward': 128, 'model__module__dropout': 0.1, 'model__module__nhead': 4, 'model__module__num_layers': 2, 'model__module__patch_size': 32, 'model__optimizer__weight_decay': 0.0001}",0.5474747474747474,0.7578747628083491,0.8230492196878751,0.4369747899159664,0.8934679001962433,0.6917682840166363,0.17206268340331637,268,0.6063454759106933,0.7448868071818892,1.0,0.42247191011235957,0.8537706117967591,0.7254949610003403,0.19909960918513428
242,4.246010065078735,2.2237360479998536,0.03892374038696289,0.005565713675448311,128,10,0.0002,500,96,128,0.1,4,3,16,0.0001,"{'model__batch_size': 128, 'model__callbacks__early_stopping__patience': 10, 'model__lr': 0.0002, 'model__max_epochs': 500, 'model__module__d_model': 96, 'model__module__dim_feedforward': 128, 'model__module__dropout': 0.1, 'model__module__nhead': 4, 'model__module__num_layers': 3, 'model__module__patch_size': 16, 'model__optimizer__weight_decay': 0.0001}",0.7100756670649144,0.8567901234567901,0.8376937984496124,0.4369747899159664,0.88125,0.7445568757774568,0.1647734758730254,21,0.6716614833663179,0.912879718332924,0.9579446899034527,0.42117117117117114,0.9554090500449506,0.7838132225637633,0.21000586958473172
243,2.69021258354187,1.384239006864769,0.03895072937011719,0.002301749286432692,128,10,0.0002,500,96,128,0.1,4,3,32,0.0001,"{'model__batch_size': 128, 'model__callbacks__early_stopping__patience': 10, 'model__lr': 0.0002, 'model__max_epochs': 500, 'model__module__d_model': 96, 'model__module__dim_feedforward': 128, 'model__module__dropout': 0.1, 'model__module__nhead': 4, 'model__module__num_layers': 3, 'model__module__patch_size': 32, 'model__optimizer__weight_decay': 0.0001}",0.5714285714285714,0.8335724533715925,0.8675889328063241,0.4322033898305085,0.8581711543588376,0.7125929003591669,0.1779879185427849,225,0.7461159530125048,0.823607427055703,0.9297415515319749,0.42117117117117114,0.9800963081861958,0.7801464821915098,0.19711358261323553
244,3.8384342193603516,1.9778968243495891,0.03755908012390137,0.0050211571316472825,128,10,0.0002,500,96,128,0.25,4,2,16,0.0001,"{'model__batch_size': 128, 'model__callbacks__early_stopping__patience': 10, 'model__lr': 0.0002, 'model__max_epochs': 500, 'model__module__d_model': 96, 'model__module__dim_feedforward': 128, 'model__module__dropout': 0.25, 'model__module__nhead': 4, 'model__module__num_layers': 2, 'model__module__patch_size': 16, 'model__optimizer__weight_decay': 0.0001}",0.6339869281045751,0.9007868628121793,0.8612836438923395,0.4369747899159664,0.8754098360655738,0.7416884121581268,0.17997041807652203,36,0.635557229230737,0.9369070208728653,0.9215650369285235,0.42117117117117114,0.969880981297061,0.7770162879000717,0.21461248317597995
245,2.8330008029937743,1.9056480475267321,0.037945127487182616,0.004340961697074649,128,10,0.0002,500,96,128,0.25,4,2,32,0.0001,"{'model__batch_size': 128, 'model__callbacks__early_stopping__patience': 10, 'model__lr': 0.0002, 'model__max_epochs': 500, 'model__module__d_model': 96, 'model__module__dim_feedforward': 128, 'model__module__dropout': 0.25, 'model__module__nhead': 4, 'model__module__num_layers': 2, 'model__module__patch_size': 32, 'model__optimizer__weight_decay': 0.0001}",0.4166666666666667,0.7842261904761905,0.8230492196878751,0.4322033898305085,0.9208333333333334,0.6753957599989149,0.20974674338588953,285,0.5455849745663232,0.7448868071818892,1.0,0.4362064032047817,0.8420516304347826,0.7137459630775553,0.20232636775930013
246,4.317213916778565,2.3258674627073868,0.0384183406829834,0.005315962197385945,128,10,0.0002,500,96,128,0.25,4,3,16,0.0001,"{'model__batch_size': 128, 'model__callbacks__early_stopping__patience': 10, 'model__lr': 0.0002, 'model__max_epochs': 500, 'model__module__d_model': 96, 'model__module__dim_feedforward': 128, 'model__module__dropout': 0.25, 'model__module__nhead': 4, 'model__module__num_layers': 3, 'model__module__patch_size': 16, 'model__optimizer__weight_decay': 0.0001}",0.7043740573152337,0.8567901234567901,0.8525311812179017,0.4369747899159664,0.9032340208810797,0.7507808345573944,0.17056429815540805,10,0.677601220935452,0.9019896831245394,0.9579446899034527,0.42247191011235957,0.9653181500349616,0.785065130822153,0.2093189811973244
247,2.6664257526397703,1.5153466292863158,0.036856889724731445,0.003975589044238992,128,10,0.0002,500,96,128,0.25,4,3,32,0.0001,"{'model__batch_size': 128, 'model__callbacks__early_stopping__patience': 10, 'model__lr': 0.0002, 'model__max_epochs': 500, 'model__module__d_model': 96, 'model__module__dim_feedforward': 128, 'model__module__dropout': 0.25, 'model__module__nhead': 4, 'model__module__num_layers': 3, 'model__module__patch_size': 32, 'model__optimizer__weight_decay': 0.0001}",0.6493738819320215,0.8567901234567901,0.8701550387596899,0.4322033898305085,0.8754098360655738,0.7367864540089167,0.17425056836269506,51,0.6019163580828051,0.775388734424879,0.9789723449517265,0.42247191011235957,0.9800963081861958,0.7517691311515932,0.2168893723413182
248,3.9338657379150392,2.1086586798513687,0.03668088912963867,0.0028207718386885935,128,10,0.0002,500,96,256,0.1,4,2,16,0.0001,"{'model__batch_size': 128, 'model__callbacks__early_stopping__patience': 10, 'model__lr': 0.0002, 'model__max_epochs': 500, 'model__module__d_model': 96, 'model__module__dim_feedforward': 256, 'model__module__dropout': 0.1, 'model__module__nhead': 4, 'model__module__num_layers': 2, 'model__module__patch_size': 16, 'model__optimizer__weight_decay': 0.0001}",0.5349291646311676,0.8791666666666667,0.8308080808080808,0.4369747899159664,0.8581711543588376,0.7080099712761438,0.184574866192684,237,0.62142648938317,0.9684535104364327,0.9468569065343259,0.42247191011235957,0.9653181500349616,0.78490539330025,0.223852785775518
249,2.571110200881958,1.2524483701478843,0.036168146133422854,0.0035725771739166445,128,10,0.0002,500,96,256,0.1,4,2,32,0.0001,"{'model__batch_size': 128, 'model__callbacks__early_stopping__patience': 10, 'model__lr': 0.0002, 'model__max_epochs': 500, 'model__module__d_model': 96, 'model__module__dim_feedforward': 256, 'model__module__dropout': 0.1, 'model__module__nhead': 4, 'model__module__num_layers': 2, 'model__module__patch_size': 32, 'model__optimizer__weight_decay': 0.0001}",0.6137931034482759,0.9007868628121793,0.8525311812179017,0.4369747899159664,0.9032340208810797,0.7414639916550807,0.18595847380431102,37,0.6710224122911221,0.9149140343862454,0.9479841321243523,0.42247191011235957,0.8550672067388105,0.7622919391305779,0.195033393771573
250,4.024045991897583,2.17770455422302,0.03893566131591797,0.005607897003186532,128,10,0.0002,500,96,256,0.1,4,3,16,0.0001,"{'model__batch_size': 128, 'model__callbacks__early_stopping__patience': 10, 'model__lr': 0.0002, 'model__max_epochs': 500, 'model__module__d_model': 96, 'model__module__dim_feedforward': 256, 'model__module__dropout': 0.1, 'model__module__nhead': 4, 'model__module__num_layers': 3, 'model__module__patch_size': 16, 'model__optimizer__weight_decay': 0.0001}",0.6813008130081301,0.8791666666666667,0.8085714285714285,0.4369747899159664,0.8416666666666667,0.7295360729657718,0.16070340176464198,110,0.6817642069550467,0.9418371200826923,0.9120306050538609,0.43319976392383436,0.9851363500149835,0.7907936092060835,0.20738486973943157
251,2.677036237716675,1.4592666435699058,0.03543872833251953,0.003084709645754049,128,10,0.0002,500,96,256,0.1,4,3,32,0.0001,"{'model__batch_size': 128, 'model__callbacks__early_stopping__patience': 10, 'model__lr': 0.0002, 'model__max_epochs': 500, 'model__module__d_model': 96, 'model__module__dim_feedforward': 256, 'model__module__dropout': 0.1, 'model__module__nhead': 4, 'model__module__num_layers': 3, 'model__module__patch_size': 32, 'model__optimizer__weight_decay': 0.0001}",0.43434343434343436,0.7578747628083491,0.8258918025041342,0.4369747899159664,0.8645276292335116,0.663922483761079,0.18948103388751372,288,0.6015129776966219,0.7718746564046179,0.9524318766066838,0.42117117117117114,0.9800963081861958,0.7454173980130581,0.21188358575257785
252,3.6043649673461915,1.4508546989693059,0.040203857421875,0.005333241606255454,128,10,0.0002,500,96,256,0.25,4,2,16,0.0001,"{'model__batch_size': 128, 'model__callbacks__early_stopping__patience': 10, 'model__lr': 0.0002, 'model__max_epochs': 500, 'model__module__d_model': 96, 'model__module__dim_feedforward': 256, 'model__module__dropout': 0.25, 'model__module__nhead': 4, 'model__module__num_layers': 2, 'model__module__patch_size': 16, 'model__optimizer__weight_decay': 0.0001}",0.6357723577235772,0.8567901234567901,0.8418568056648308,0.4369747899159664,0.7973333333333333,0.7137454820188995,0.1590867899589916,216,0.7834913944502986,0.8983732480746416,0.9091551785083068,0.42247191011235957,0.8750579368438023,0.7777099335978818,0.18305277939738324
253,2.5970200061798097,1.1327947116280197,0.03496813774108887,0.0035681590539195546,128,10,0.0002,500,96,256,0.25,4,2,32,0.0001,"{'model__batch_size': 128, 'model__callbacks__early_stopping__patience': 10, 'model__lr': 0.0002, 'model__max_epochs': 500, 'model__module__d_model': 96, 'model__module__dim_feedforward': 256, 'model__module__dropout': 0.25, 'model__module__nhead': 4, 'model__module__num_layers': 2, 'model__module__patch_size': 32, 'model__optimizer__weight_decay': 0.0001}",0.5992844364937389,0.8791666666666667,0.8052325581395349,0.4369747899159664,0.9124423963133641,0.7266201695058541,0.18115688021045803,124,0.7652554744525548,0.915876027830487,0.9006490467761297,0.42247191011235957,0.8466232374041396,0.7701751393151341,0.18166906167211147
254,4.781439733505249,2.896759626677485,0.0408078670501709,0.005156403121938902,128,10,0.0002,500,96,256,0.25,4,3,16,0.0001,"{'model__batch_size': 128, 'model__callbacks__early_stopping__patience': 10, 'model__lr': 0.0002, 'model__max_epochs': 500, 'model__module__d_model': 96, 'model__module__dim_feedforward': 256, 'model__module__dropout': 0.25, 'model__module__nhead': 4, 'model__module__num_layers': 3, 'model__module__patch_size': 16, 'model__optimizer__weight_decay': 0.0001}",0.43434343434343436,0.8791666666666667,0.7869894839814136,0.4369747899159664,0.8581711543588376,0.6791291058532638,0.20112865521490175,282,0.44325956291720914,0.9120832118207447,0.9947710024619016,0.45085470085470086,0.9900481540930979,0.7582033264295308,0.255753029465444
255,2.6915071964263917,1.4252091827709334,0.03660726547241211,0.0048355673862853195,128,10,0.0002,500,96,256,0.25,4,3,32,0.0001,"{'model__batch_size': 128, 'model__callbacks__early_stopping__patience': 10, 'model__lr': 0.0002, 'model__max_epochs': 500, 'model__module__d_model': 96, 'model__module__dim_feedforward': 256, 'model__module__dropout': 0.25, 'model__module__nhead': 4, 'model__module__num_layers': 3, 'model__module__patch_size': 32, 'model__optimizer__weight_decay': 0.0001}",0.5625,0.7578747628083491,0.8258918025041342,0.4369747899159664,0.8416666666666667,0.6849816043790232,0.15888891003271197,276,0.500438596491228,0.7707884532529082,0.9529390221571141,0.42117117117117114,0.9752272500249726,0.7241128986194789,0.22777282689439754
256,4.226800203323364,2.339792859003331,0.03816995620727539,0.002035376572894626,128,10,0.0002,500,96,384,0.1,4,2,16,0.0001,"{'model__batch_size': 128, 'model__callbacks__early_stopping__patience': 10, 'model__lr': 0.0002, 'model__max_epochs': 500, 'model__module__d_model': 96, 'model__module__dim_feedforward': 384, 'model__module__dropout': 0.1, 'model__module__nhead': 4, 'model__module__num_layers': 2, 'model__module__patch_size': 16, 'model__optimizer__weight_decay': 0.0001}",0.6357723577235772,0.9007868628121793,0.8525311812179017,0.4369747899159664,0.833879781420765,0.731988994618078,0.17302941581344958,92,0.6057297715834301,0.9255497800879648,0.9579446899034527,0.42247191011235957,0.9752272500249726,0.7773846803424359,0.22321513317305167
257,2.4634485244750977,1.005278905170558,0.037676095962524414,0.003704954184102546,128,10,0.0002,500,96,384,0.1,4,2,32,0.0001,"{'model__batch_size': 128, 'model__callbacks__early_stopping__patience': 10, 'model__lr': 0.0002, 'model__max_epochs': 500, 'model__module__d_model': 96, 'model__module__dim_feedforward': 384, 'model__module__dropout': 0.1, 'model__module__nhead': 4, 'model__module__num_layers': 2, 'model__module__patch_size': 32, 'model__optimizer__weight_decay': 0.0001}",0.4802149487054226,0.8791666666666667,0.8376937984496124,0.48659003831417624,0.9208333333333334,0.7208997570938422,0.1957002396388082,172,0.6742901336868854,0.8660287081339713,0.9207197943444729,0.4491659677569658,0.8738160469667319,0.7568041301778055,0.1754650624221787
258,4.827589893341065,2.5475368313327653,0.03927092552185059,0.0029332108656792625,128,10,0.0002,500,96,384,0.1,4,3,16,0.0001,"{'model__batch_size': 128, 'model__callbacks__early_stopping__patience': 10, 'model__lr': 0.0002, 'model__max_epochs': 500, 'model__module__d_model': 96, 'model__module__dim_feedforward': 384, 'model__module__dropout': 0.1, 'model__module__nhead': 4, 'model__module__num_layers': 3, 'model__module__patch_size': 16, 'model__optimizer__weight_decay': 0.0001}",0.6777905638665132,0.8791666666666667,0.8646464646464647,0.4369747899159664,0.8581711543588376,0.7433499278908898,0.1700039445357795,25,0.7592093441150045,0.9741421211237484,0.9468569065343259,0.42247191011235957,0.9802657754436221,0.8165892114658121,0.2131682460963882
259,2.64593391418457,1.3440961960703055,0.0367945671081543,0.0017546266888124628,128,10,0.0002,500,96,384,0.1,4,3,32,0.0001,"{'model__batch_size': 128, 'model__callbacks__early_stopping__patience': 10, 'model__lr': 0.0002, 'model__max_epochs': 500, 'model__module__d_model': 96, 'model__module__dim_feedforward': 384, 'model__module__dropout': 0.1, 'model__module__nhead': 4, 'model__module__num_layers': 3, 'model__module__patch_size': 32, 'model__optimizer__weight_decay': 0.0001}",0.5349291646311676,0.7842261904761905,0.8376937984496124,0.41739130434782606,0.833879781420765,0.6816240478651123,0.17286127769408316,280,0.6180522565320665,0.7666217286169781,0.9513595356759825,0.6293014630125695,0.9752272500249726,0.7881124467725138,0.15248921894083034
260,3.8417813777923584,1.942904995732759,0.037208032608032224,0.003982341628078585,128,10,0.0002,500,96,384,0.25,4,2,16,0.0001,"{'model__batch_size': 128, 'model__callbacks__early_stopping__patience': 10, 'model__lr': 0.0002, 'model__max_epochs': 500, 'model__module__d_model': 96, 'model__module__dim_feedforward': 384, 'model__module__dropout': 0.25, 'model__module__nhead': 4, 'model__module__num_layers': 2, 'model__module__patch_size': 16, 'model__optimizer__weight_decay': 0.0001}",0.6666666666666667,0.9007868628121793,0.815980024968789,0.4369747899159664,0.8508550602747407,0.7342526809276684,0.1678994467992145,72,0.5929392446633825,0.9480021893814997,0.9149710504549214,0.42247191011235957,0.9752272500249726,0.7707223289274272,0.22223558877612365
261,2.5095309257507323,1.115775262110193,0.03891429901123047,0.008005343283960856,128,10,0.0002,500,96,384,0.25,4,2,32,0.0001,"{'model__batch_size': 128, 'model__callbacks__early_stopping__patience': 10, 'model__lr': 0.0002, 'model__max_epochs': 500, 'model__module__d_model': 96, 'model__module__dim_feedforward': 384, 'model__module__dropout': 0.25, 'model__module__nhead': 4, 'model__module__num_layers': 2, 'model__module__patch_size': 32, 'model__optimizer__weight_decay': 0.0001}",0.6493738819320215,0.8567901234567901,0.8873949579831932,0.4369747899159664,0.8934679001962433,0.7448003306968429,0.17823566327484086,19,0.6497980517937753,0.7767145135566188,0.9524318766066838,0.42247191011235957,0.8494049064853049,0.7301642517109485,0.18271368907296398
262,5.189101362228394,3.048314218138831,0.045807838439941406,0.003340696583989007,128,10,0.0002,500,96,384,0.25,4,3,16,0.0001,"{'model__batch_size': 128, 'model__callbacks__early_stopping__patience': 10, 'model__lr': 0.0002, 'model__max_epochs': 500, 'model__module__d_model': 96, 'model__module__dim_feedforward': 384, 'model__module__dropout': 0.25, 'model__module__nhead': 4, 'model__module__num_layers': 3, 'model__module__patch_size': 16, 'model__optimizer__weight_decay': 0.0001}",0.6137931034482759,0.8791666666666667,0.900691699604743,0.4369747899159664,0.8176486270327913,0.7296549773336887,0.17800890647768577,109,0.6949943095953283,0.9361855257896841,0.963397017233311,0.4362064032047817,0.9851363500149835,0.8031839211676177,0.21111221664734692
263,3.0273449420928955,1.58252843005185,0.038867950439453125,0.005657898737228891,128,10,0.0002,500,96,384,0.25,4,3,32,0.0001,"{'model__batch_size': 128, 'model__callbacks__early_stopping__patience': 10, 'model__lr': 0.0002, 'model__max_epochs': 500, 'model__module__d_model': 96, 'model__module__dim_feedforward': 384, 'model__module__dropout': 0.25, 'model__module__nhead': 4, 'model__module__num_layers': 3, 'model__module__patch_size': 32, 'model__optimizer__weight_decay': 0.0001}",0.6185758513931888,0.8335724533715925,0.8853020298361458,0.4322033898305085,0.8581711543588376,0.7255649757580547,0.17451282651964262,132,0.6707327775340062,0.7997436262640649,0.9355135496821679,0.42247191011235957,0.9800963081861958,0.7617116343557588,0.20134852710511622
264,2.993822956085205,1.4109060490169834,0.036316204071044925,0.0039940764223619155,128,10,0.0002,500,128,128,0.1,4,2,16,0.0001,"{'model__batch_size': 128, 'model__callbacks__early_stopping__patience': 10, 'model__lr': 0.0002, 'model__max_epochs': 500, 'model__module__d_model': 128, 'model__module__dim_feedforward': 128, 'model__module__dropout': 0.1, 'model__module__nhead': 4, 'model__module__num_layers': 2, 'model__module__patch_size': 16, 'model__optimizer__weight_decay': 0.0001}",0.5491949910554561,0.9007868628121793,0.7869894839814136,0.4369747899159664,0.8754098360655738,0.7098711927661178,0.1844388000499058,233,0.6623360528761747,0.8910996479161549,0.9223799456357595,0.42247191011235957,0.8694842522872642,0.7535543617655426,0.189101503271164
265,2.4665255546569824,1.196237418695519,0.035272979736328126,0.0025899550936988483,128,10,0.0002,500,128,128,0.1,4,2,32,0.0001,"{'model__batch_size': 128, 'model__callbacks__early_stopping__patience': 10, 'model__lr': 0.0002, 'model__max_epochs': 500, 'model__module__d_model': 128, 'model__module__dim_feedforward': 128, 'model__module__dropout': 0.1, 'model__module__nhead': 4, 'model__module__num_layers': 2, 'model__module__patch_size': 32, 'model__optimizer__weight_decay': 0.0001}",0.46123372948500285,0.8567901234567901,0.7625797306874558,0.4369747899159664,0.88125,0.6797656747090431,0.19261120501258458,281,0.6538524763403236,0.9376026272577997,0.963397017233311,0.42247191011235957,0.8613061579568757,0.7677260377801339,0.20399511141772222
266,4.448676300048828,1.9434811131907586,0.03967785835266113,0.004200938470516723,128,10,0.0002,500,128,128,0.1,4,3,16,0.0001,"{'model__batch_size': 128, 'model__callbacks__early_stopping__patience': 10, 'model__lr': 0.0002, 'model__max_epochs': 500, 'model__module__d_model': 128, 'model__module__dim_feedforward': 128, 'model__module__dropout': 0.1, 'model__module__nhead': 4, 'model__module__num_layers': 3, 'model__module__patch_size': 16, 'model__optimizer__weight_decay': 0.0001}",0.5851851851851853,0.8791666666666667,0.8116534628162535,0.4369747899159664,0.8581711543588376,0.7142302517885819,0.17374550744430212,214,0.7834635065984379,0.9120832118207447,0.936228287841191,0.42247191011235957,0.9851363500149835,0.8078766532775432,0.20390535393217307
267,2.7612630844116213,1.3934122384225234,0.03548297882080078,0.003938573801344995,128,10,0.0002,500,128,128,0.1,4,3,32,0.0001,"{'model__batch_size': 128, 'model__callbacks__early_stopping__patience': 10, 'model__lr': 0.0002, 'model__max_epochs': 500, 'model__module__d_model': 128, 'model__module__dim_feedforward': 128, 'model__module__dropout': 0.1, 'model__module__nhead': 4, 'model__module__num_layers': 3, 'model__module__patch_size': 32, 'model__optimizer__weight_decay': 0.0001}",0.5102040816326531,0.8567901234567901,0.8404761904761905,0.4369747899159664,0.8248847926267281,0.6938659956216656,0.18162022797794677,266,0.43702476404627355,0.870873786407767,0.9297415515319749,0.42117117117117114,0.9851363500149835,0.728789524634434,0.24740213271073655
268,3.050597667694092,1.3859890205407508,0.03727865219116211,0.003362936330987333,128,10,0.0002,500,128,128,0.25,4,2,16,0.0001,"{'model__batch_size': 128, 'model__callbacks__early_stopping__patience': 10, 'model__lr': 0.0002, 'model__max_epochs': 500, 'model__module__d_model': 128, 'model__module__dim_feedforward': 128, 'model__module__dropout': 0.25, 'model__module__nhead': 4, 'model__module__num_layers': 2, 'model__module__patch_size': 16, 'model__optimizer__weight_decay': 0.0001}",0.5604395604395604,0.9007868628121793,0.8067138735903487,0.4369747899159664,0.8986936816848841,0.7207217536885878,0.18851780620753494,175,0.530306134061682,0.8868347772277227,0.9081235673879671,0.4377091377091377,0.8650625717913065,0.7256072376355632,0.19989104901027538
269,2.6294323921203615,1.187633602284031,0.03592534065246582,0.0030637163961449157,128,10,0.0002,500,128,128,0.25,4,2,32,0.0001,"{'model__batch_size': 128, 'model__callbacks__early_stopping__patience': 10, 'model__lr': 0.0002, 'model__max_epochs': 500, 'model__module__d_model': 128, 'model__module__dim_feedforward': 128, 'model__module__dropout': 0.25, 'model__module__nhead': 4, 'model__module__num_layers': 2, 'model__module__patch_size': 32, 'model__optimizer__weight_decay': 0.0001}",0.5992844364937389,0.8567901234567901,0.8230492196878751,0.4322033898305085,0.8645276292335116,0.7151709597404847,0.1717564864067774,207,0.7756885644768856,0.8192153228297807,0.9198428045661531,0.4377091377091377,0.9802657754436221,0.7865443210051157,0.1887684902437949
270,3.8626963615417482,1.9163946646905683,0.040225887298583986,0.00525111104887542,128,10,0.0002,500,128,128,0.25,4,3,16,0.0001,"{'model__batch_size': 128, 'model__callbacks__early_stopping__patience': 10, 'model__lr': 0.0002, 'model__max_epochs': 500, 'model__module__d_model': 128, 'model__module__dim_feedforward': 128, 'model__module__dropout': 0.25, 'model__module__nhead': 4, 'model__module__num_layers': 3, 'model__module__patch_size': 16, 'model__optimizer__weight_decay': 0.0001}",0.6339869281045751,0.8791666666666667,0.796969696969697,0.4369747899159664,0.9032340208810797,0.7300664205075971,0.17425723652603514,104,0.7079153966934515,0.8617353058776489,0.9149710504549214,0.4377091377091377,0.9851363500149835,0.7814934481500286,0.19459025632856747
271,2.927989387512207,1.3870118009736647,0.03742647171020508,0.004381347309173163,128,10,0.0002,500,128,128,0.25,4,3,32,0.0001,"{'model__batch_size': 128, 'model__callbacks__early_stopping__patience': 10, 'model__lr': 0.0002, 'model__max_epochs': 500, 'model__module__d_model': 128, 'model__module__dim_feedforward': 128, 'model__module__dropout': 0.25, 'model__module__nhead': 4, 'model__module__num_layers': 3, 'model__module__patch_size': 32, 'model__optimizer__weight_decay': 0.0001}",0.5491949910554561,0.8791666666666667,0.8552220888355342,0.4369747899159664,0.8863409770687936,0.7213799027084834,0.19002971436344185,167,0.6716417910447761,0.9424864864864866,0.9895968264248705,0.4458010630220198,0.9554090500449506,0.8009870434046208,0.21086923613776914
272,3.548567199707031,1.7694129240712024,0.03666234016418457,0.004483979281966979,128,10,0.0002,500,128,256,0.1,4,2,16,0.0001,"{'model__batch_size': 128, 'model__callbacks__early_stopping__patience': 10, 'model__lr': 0.0002, 'model__max_epochs': 500, 'model__module__d_model': 128, 'model__module__dim_feedforward': 256, 'model__module__dropout': 0.1, 'model__module__nhead': 4, 'model__module__num_layers': 2, 'model__module__patch_size': 16, 'model__optimizer__weight_decay': 0.0001}",0.6044869131699211,0.9007868628121793,0.8308080808080808,0.4369747899159664,0.88125,0.7308613293412296,0.18100860942765754,100,0.6196577730922066,0.8983732480746416,0.943078626799557,0.42247191011235957,0.9800963081861958,0.7727355732529921,0.21629493856165782
273,2.1904626846313477,1.0730935464789135,0.03592987060546875,0.0049918862300694315,128,10,0.0002,500,128,256,0.1,4,2,32,0.0001,"{'model__batch_size': 128, 'model__callbacks__early_stopping__patience': 10, 'model__lr': 0.0002, 'model__max_epochs': 500, 'model__module__d_model': 128, 'model__module__dim_feedforward': 256, 'model__module__dropout': 0.1, 'model__module__nhead': 4, 'model__module__num_layers': 2, 'model__module__patch_size': 32, 'model__optimizer__weight_decay': 0.0001}",0.6137931034482759,0.8791666666666667,0.8552220888355342,0.4369747899159664,0.8986936816848841,0.7367700661102654,0.18194915322279911,52,0.7453076740318365,0.87242206235012,0.9681141439205956,0.42247191011235957,0.8750579368438023,0.7766747454517429,0.1907560673004981
274,3.813551664352417,1.4455456903451298,0.04239587783813477,0.005176983789962,128,10,0.0002,500,128,256,0.1,4,3,16,0.0001,"{'model__batch_size': 128, 'model__callbacks__early_stopping__patience': 10, 'model__lr': 0.0002, 'model__max_epochs': 500, 'model__module__d_model': 128, 'model__module__dim_feedforward': 256, 'model__module__dropout': 0.1, 'model__module__nhead': 4, 'model__module__num_layers': 3, 'model__module__patch_size': 16, 'model__optimizer__weight_decay': 0.0001}",0.5762644364794902,0.8791666666666667,0.8308080808080808,0.4369747899159664,0.8754098360655738,0.7197247619871556,0.18029280555802982,184,0.8185975888626675,0.932029484029484,0.9207197943444729,0.42247191011235957,0.8717275403835443,0.7931092635465056,0.18962373858274925
275,3.1763961791992186,1.7381412347435017,0.037085103988647464,0.00399885471292758,128,10,0.0002,500,128,256,0.1,4,3,32,0.0001,"{'model__batch_size': 128, 'model__callbacks__early_stopping__patience': 10, 'model__lr': 0.0002, 'model__max_epochs': 500, 'model__module__d_model': 128, 'model__module__dim_feedforward': 256, 'model__module__dropout': 0.1, 'model__module__nhead': 4, 'model__module__num_layers': 3, 'model__module__patch_size': 32, 'model__optimizer__weight_decay': 0.0001}",0.47987616099071206,0.861101607937051,0.8675889328063241,0.4369747899159664,0.8581711543588376,0.7007425292017783,0.1983390538659155,255,0.6325891108499804,0.9534558180227471,0.9843130073857047,0.42247191011235957,0.9800963081861958,0.7945852309113974,0.22819374173613374
276,3.1435836791992187,1.4152663708572328,0.03799171447753906,0.004630958663501655,128,10,0.0002,500,128,256,0.25,4,2,16,0.0001,"{'model__batch_size': 128, 'model__callbacks__early_stopping__patience': 10, 'model__lr': 0.0002, 'model__max_epochs': 500, 'model__module__d_model': 128, 'model__module__dim_feedforward': 256, 'model__module__dropout': 0.25, 'model__module__nhead': 4, 'model__module__num_layers': 2, 'model__module__patch_size': 16, 'model__optimizer__weight_decay': 0.0001}",0.5902439024390245,0.8791666666666667,0.8116534628162535,0.4369747899159664,0.8986936816848841,0.7233465007045592,0.1803051502096507,146,0.7666599691916147,0.8971225247524752,0.8973145753159633,0.42247191011235957,0.9653181500349616,0.7897774258814748,0.19460190816879172
277,2.4890697956085206,1.157237600666168,0.03635730743408203,0.004466213288846087,128,10,0.0002,500,128,256,0.25,4,2,32,0.0001,"{'model__batch_size': 128, 'model__callbacks__early_stopping__patience': 10, 'model__lr': 0.0002, 'model__max_epochs': 500, 'model__module__d_model': 128, 'model__module__dim_feedforward': 256, 'model__module__dropout': 0.25, 'model__module__nhead': 4, 'model__module__num_layers': 2, 'model__module__patch_size': 32, 'model__optimizer__weight_decay': 0.0001}",0.5757575757575758,0.8094194961664841,0.8525311812179017,0.4369747899159664,0.9032340208810797,0.7155834127878016,0.17885563003682955,205,0.6420985691573927,0.7893903404592241,0.9479841321243523,0.42247191011235957,0.9800963081861958,0.7564082520079048,0.2061095177374337
278,3.8513967514038088,2.0161281648685794,0.039917945861816406,0.0038826073198616473,128,10,0.0002,500,128,256,0.25,4,3,16,0.0001,"{'model__batch_size': 128, 'model__callbacks__early_stopping__patience': 10, 'model__lr': 0.0002, 'model__max_epochs': 500, 'model__module__d_model': 128, 'model__module__dim_feedforward': 256, 'model__module__dropout': 0.25, 'model__module__nhead': 4, 'model__module__num_layers': 3, 'model__module__patch_size': 16, 'model__optimizer__weight_decay': 0.0001}",0.5902439024390245,0.9236842105263158,0.8675889328063241,0.4369747899159664,0.8754098360655738,0.7387803343506409,0.19110121792198087,46,0.6974728716043987,0.9263915243516762,0.9579446899034527,0.42247191011235957,0.8662271501348516,0.7741016292213476,0.19748064238194996
279,2.1049005508422853,0.8045902005834552,0.03604402542114258,0.005042142884285086,128,10,0.0002,500,128,256,0.25,4,3,32,0.0001,"{'model__batch_size': 128, 'model__callbacks__early_stopping__patience': 10, 'model__lr': 0.0002, 'model__max_epochs': 500, 'model__module__d_model': 128, 'model__module__dim_feedforward': 256, 'model__module__dropout': 0.25, 'model__module__nhead': 4, 'model__module__num_layers': 3, 'model__module__patch_size': 32, 'model__optimizer__weight_decay': 0.0001}",0.4895833333333333,0.8094194961664841,0.8344861660079052,0.44888366627497067,0.8754098360655738,0.6915564995696535,0.18319710082553686,270,0.5952179812098405,0.7634632485305919,0.9158893798069057,0.6364922206506365,0.8495869497019763,0.7521299559799901,0.12201386125834873
280,3.6054880142211916,1.8684307139221374,0.03699593544006348,0.00543650456177662,128,10,0.0002,500,128,384,0.1,4,2,16,0.0001,"{'model__batch_size': 128, 'model__callbacks__early_stopping__patience': 10, 'model__lr': 0.0002, 'model__max_epochs': 500, 'model__module__d_model': 128, 'model__module__dim_feedforward': 384, 'model__module__dropout': 0.1, 'model__module__nhead': 4, 'model__module__num_layers': 2, 'model__module__patch_size': 16, 'model__optimizer__weight_decay': 0.0001}",0.6777905638665132,0.9007868628121793,0.8308080808080808,0.4369747899159664,0.9032340208810797,0.7499188636567639,0.17660477964955876,12,0.711872216249424,0.9376026272577997,0.9375809585492227,0.42247191011235957,0.9653181500349616,0.7949691724407535,0.20753819537998214
281,2.1643130779266357,0.890215915461926,0.03645267486572266,0.0037933514420894756,128,10,0.0002,500,128,384,0.1,4,2,32,0.0001,"{'model__batch_size': 128, 'model__callbacks__early_stopping__patience': 10, 'model__lr': 0.0002, 'model__max_epochs': 500, 'model__module__d_model': 128, 'model__module__dim_feedforward': 384, 'model__module__dropout': 0.1, 'model__module__nhead': 4, 'model__module__num_layers': 2, 'model__module__patch_size': 32, 'model__optimizer__weight_decay': 0.0001}",0.6493738819320215,0.8567901234567901,0.8013833992094861,0.4344954128440367,0.9169398907103825,0.7317965416305434,0.17316191380524484,95,0.6715686274509804,0.8192153228297807,0.973573264781491,0.5311830799735624,0.8537706117967591,0.7698621813665147,0.1533648583990198
282,4.052494525909424,1.844651011810156,0.03851161003112793,0.00490605361428683,128,10,0.0002,500,128,384,0.1,4,3,16,0.0001,"{'model__batch_size': 128, 'model__callbacks__early_stopping__patience': 10, 'model__lr': 0.0002, 'model__max_epochs': 500, 'model__module__d_model': 128, 'model__module__dim_feedforward': 384, 'model__module__dropout': 0.1, 'model__module__nhead': 4, 'model__module__num_layers': 3, 'model__module__patch_size': 16, 'model__optimizer__weight_decay': 0.0001}",0.620868180007965,0.9007868628121793,0.8308080808080808,0.4369747899159664,0.88125,0.7341375827088383,0.1788266837424652,74,0.7266607737811925,0.9064039408866995,0.9369170348551792,0.41723356009070295,0.9557835931773608,0.7885997805582271,0.20276861965285067
283,2.6419865131378173,1.2635803938153416,0.03750696182250977,0.0035891953559996034,128,10,0.0002,500,128,384,0.1,4,3,32,0.0001,"{'model__batch_size': 128, 'model__callbacks__early_stopping__patience': 10, 'model__lr': 0.0002, 'model__max_epochs': 500, 'model__module__d_model': 128, 'model__module__dim_feedforward': 384, 'model__module__dropout': 0.1, 'model__module__nhead': 4, 'model__module__num_layers': 3, 'model__module__patch_size': 32, 'model__optimizer__weight_decay': 0.0001}",0.6827886710239651,0.8567901234567901,0.8344861660079052,0.4369747899159664,0.8020833333333333,0.7226246167475919,0.15492566164166605,156,0.6906204906204906,0.8883572567783093,0.9021573604060913,0.42247191011235957,0.9901328877218112,0.7787479811278124,0.20328636958712032
284,2.974209928512573,1.2293353478967033,0.037668037414550784,0.0037265666603132413,128,10,0.0002,500,128,384,0.25,4,2,16,0.0001,"{'model__batch_size': 128, 'model__callbacks__early_stopping__patience': 10, 'model__lr': 0.0002, 'model__max_epochs': 500, 'model__module__d_model': 128, 'model__module__dim_feedforward': 384, 'model__module__dropout': 0.25, 'model__module__nhead': 4, 'model__module__num_layers': 2, 'model__module__patch_size': 16, 'model__optimizer__weight_decay': 0.0001}",0.5766323024054982,0.9007868628121793,0.8308080808080808,0.4322033898305085,0.868663594470046,0.7218188460652627,0.18462276641419245,163,0.4448549994401523,0.8555830367376485,0.8984675524504606,0.4441240086517664,0.8662271501348516,0.7018513494829759,0.21060924619908064
285,2.2983266830444338,1.1351609444686115,0.03950724601745605,0.010675951427592912,128,10,0.0002,500,128,384,0.25,4,2,32,0.0001,"{'model__batch_size': 128, 'model__callbacks__early_stopping__patience': 10, 'model__lr': 0.0002, 'model__max_epochs': 500, 'model__module__d_model': 128, 'model__module__dim_feedforward': 384, 'model__module__dropout': 0.25, 'model__module__nhead': 4, 'model__module__num_layers': 2, 'model__module__patch_size': 32, 'model__optimizer__weight_decay': 0.0001}",0.6827886710239651,0.8791666666666667,0.8344861660079052,0.4369747899159664,0.8986936816848841,0.7464219950598775,0.17226136263922862,17,0.6196577730922066,0.8948450347881087,0.9738550123095078,0.42247191011235957,0.8507223113964687,0.7523104083397303,0.20271812474426307
286,3.900550031661987,2.1766602991965733,0.03972539901733398,0.005361676413265955,128,10,0.0002,500,128,384,0.25,4,3,16,0.0001,"{'model__batch_size': 128, 'model__callbacks__early_stopping__patience': 10, 'model__lr': 0.0002, 'model__max_epochs': 500, 'model__module__d_model': 128, 'model__module__dim_feedforward': 384, 'model__module__dropout': 0.25, 'model__module__nhead': 4, 'model__module__num_layers': 3, 'model__module__patch_size': 16, 'model__optimizer__weight_decay': 0.0001}",0.6621417797888386,0.8335724533715925,0.8013833992094861,0.4369747899159664,0.88125,0.7230644844571767,0.16057858524467472,150,0.6961451247165533,0.7821992958323098,0.9264032073310424,0.42247191011235957,0.9950023174737521,0.7644443710932035,0.20065533621219026
287,2.4637872695922853,1.184639321992209,0.03942694664001465,0.00504591940969228,128,10,0.0002,500,128,384,0.25,4,3,32,0.0001,"{'model__batch_size': 128, 'model__callbacks__early_stopping__patience': 10, 'model__lr': 0.0002, 'model__max_epochs': 500, 'model__module__d_model': 128, 'model__module__dim_feedforward': 384, 'model__module__dropout': 0.25, 'model__module__nhead': 4, 'model__module__num_layers': 3, 'model__module__patch_size': 32, 'model__optimizer__weight_decay': 0.0001}",0.5604395604395604,0.8567901234567901,0.8344861660079052,0.4369747899159664,0.8176486270327913,0.7012678533706026,0.17038909077344624,252,0.6035051781040173,0.8346319628647215,0.9070524412296563,0.43319976392383436,0.9901328877218112,0.7537044467688081,0.2055462721584031
