,mean_fit_time,std_fit_time,mean_score_time,std_score_time,param_model__batch_size,param_model__callbacks__early_stopping__patience,param_model__lr,param_model__max_epochs,param_model__module__d_model,param_model__module__dim_feedforward,param_model__module__dropout,param_model__module__nhead,param_model__module__num_layers,param_model__module__patch_size,param_model__optimizer__weight_decay,params,split0_test_score,split1_test_score,split2_test_score,split3_test_score,split4_test_score,mean_test_score,std_test_score,rank_test_score,split0_train_score,split1_train_score,split2_train_score,split3_train_score,split4_train_score,mean_train_score,std_train_score
0,8.410955572128296,4.77965790161107,0.03770761489868164,0.0033531739486182873,64,10,3e-05,500,96,128,0.1,4,2,16,0.0001,"{'model__batch_size': 64, 'model__callbacks__early_stopping__patience': 10, 'model__lr': 3e-05, 'model__max_epochs': 500, 'model__module__d_model': 96, 'model__module__dim_feedforward': 128, 'model__module__dropout': 0.1, 'model__module__nhead': 4, 'model__module__num_layers': 2, 'model__module__patch_size': 16, 'model__optimizer__weight_decay': 0.0001}",0.5105926521855726,0.8154761904761905,0.6894736842105263,0.6048009367681498,0.8044871794871795,0.6849661286255238,0.11676561409248445,219,0.795988305678716,0.9211764705882353,0.8555251208706363,0.5547619047619048,0.7667875157629256,0.7788478635324836,0.12392788051342798
1,6.440245151519775,2.8574294476726214,0.03477473258972168,0.0022481545493109726,64,10,3e-05,500,96,128,0.1,4,2,32,0.0001,"{'model__batch_size': 64, 'model__callbacks__early_stopping__patience': 10, 'model__lr': 3e-05, 'model__max_epochs': 500, 'model__module__d_model': 96, 'model__module__dim_feedforward': 128, 'model__module__dropout': 0.1, 'model__module__nhead': 4, 'model__module__num_layers': 2, 'model__module__patch_size': 32, 'model__optimizer__weight_decay': 0.0001}",0.4743321718931475,0.7894021739130435,0.7834501167834501,0.6666666666666667,0.8239175257731959,0.7075537310059008,0.12811245792531473,150,0.8036669213139802,0.9419913419913419,0.7966429699842021,0.6803804468038045,0.7828894269572235,0.8011142214101105,0.08340462688952936
2,8.911986255645752,4.510739663728446,0.03919482231140137,0.0019169139266853286,64,10,3e-05,500,96,128,0.1,4,3,16,0.0001,"{'model__batch_size': 64, 'model__callbacks__early_stopping__patience': 10, 'model__lr': 3e-05, 'model__max_epochs': 500, 'model__module__d_model': 96, 'model__module__dim_feedforward': 128, 'model__module__dropout': 0.1, 'model__module__nhead': 4, 'model__module__num_layers': 3, 'model__module__patch_size': 16, 'model__optimizer__weight_decay': 0.0001}",0.5015756302521008,0.8315217391304348,0.7440774107440774,0.6832298136645962,0.8239175257731959,0.7168644239128811,0.12068783276333644,100,0.824959935897436,0.8817647058823529,0.836352657004831,0.6980390299355816,0.8008804737416239,0.808399360492365,0.06111309117762914
3,6.226732969284058,2.3935201223367284,0.036138153076171874,0.005072087427860664,64,10,3e-05,500,96,128,0.1,4,3,32,0.0001,"{'model__batch_size': 64, 'model__callbacks__early_stopping__patience': 10, 'model__lr': 3e-05, 'model__max_epochs': 500, 'model__module__d_model': 96, 'model__module__dim_feedforward': 128, 'model__module__dropout': 0.1, 'model__module__nhead': 4, 'model__module__num_layers': 3, 'model__module__patch_size': 32, 'model__optimizer__weight_decay': 0.0001}",0.46637426900584794,0.8554778554778555,0.7834501167834501,0.7763621577663323,0.8239175257731959,0.7411163849613362,0.1403226385789215,11,0.8283974862529458,0.8649974812962928,0.8159574674505695,0.7221959075407351,0.8072058111380145,0.8077508307357115,0.047097248751668035
4,9.082491779327393,5.171323197711448,0.036395263671875,0.0018470744882807546,64,10,3e-05,500,96,128,0.25,4,2,16,0.0001,"{'model__batch_size': 64, 'model__callbacks__early_stopping__patience': 10, 'model__lr': 3e-05, 'model__max_epochs': 500, 'model__module__d_model': 96, 'model__module__dim_feedforward': 128, 'model__module__dropout': 0.25, 'model__module__nhead': 4, 'model__module__num_layers': 2, 'model__module__patch_size': 16, 'model__optimizer__weight_decay': 0.0001}",0.4577042894799904,0.8141858141858143,0.7621705426356589,0.6950393060449986,0.7736082474226804,0.7005416399538286,0.12732015046585649,176,0.8059400956456079,0.9113235294117648,0.8448946886446886,0.6975235420852599,0.7211323763955343,0.796162846436571,0.07885639320675915
5,6.741301774978638,2.801856460728647,0.03445158004760742,0.005271112109073402,64,10,3e-05,500,96,128,0.25,4,2,32,0.0001,"{'model__batch_size': 64, 'model__callbacks__early_stopping__patience': 10, 'model__lr': 3e-05, 'model__max_epochs': 500, 'model__module__d_model': 96, 'model__module__dim_feedforward': 128, 'model__module__dropout': 0.25, 'model__module__nhead': 4, 'model__module__num_layers': 2, 'model__module__patch_size': 32, 'model__optimizer__weight_decay': 0.0001}",0.44696969696969696,0.7568627450980392,0.805921052631579,0.6926229508196722,0.8239175257731959,0.7052587942584366,0.1369296716459731,159,0.7938502673796791,0.9189309418317052,0.7925246854203882,0.6739463993453355,0.8176271186440678,0.7993758825242352,0.07802121045064853
6,8.935870838165282,7.4388531950874945,0.03718891143798828,0.002019511367555839,64,10,3e-05,500,96,128,0.25,4,3,16,0.0001,"{'model__batch_size': 64, 'model__callbacks__early_stopping__patience': 10, 'model__lr': 3e-05, 'model__max_epochs': 500, 'model__module__d_model': 96, 'model__module__dim_feedforward': 128, 'model__module__dropout': 0.25, 'model__module__nhead': 4, 'model__module__num_layers': 3, 'model__module__patch_size': 16, 'model__optimizer__weight_decay': 0.0001}",0.4834905660377358,0.7472826086956521,0.7412280701754386,0.5347394540942928,0.7227272727272727,0.6458935943460784,0.11313867167759718,280,0.7451610344280502,0.9068474104970454,0.8626611858775832,0.6292007755277897,0.5757884972170686,0.7439317807095074,0.12812107748451523
7,7.312668704986573,3.1823247370227397,0.03289718627929687,0.002897958586349216,64,10,3e-05,500,96,128,0.25,4,3,32,0.0001,"{'model__batch_size': 64, 'model__callbacks__early_stopping__patience': 10, 'model__lr': 3e-05, 'model__max_epochs': 500, 'model__module__d_model': 96, 'model__module__dim_feedforward': 128, 'model__module__dropout': 0.25, 'model__module__nhead': 4, 'model__module__num_layers': 3, 'model__module__patch_size': 32, 'model__optimizer__weight_decay': 0.0001}",0.44696969696969696,0.837908496732026,0.7463144963144963,0.6148579253680246,0.7925170068027211,0.687713524437393,0.1415923036771269,211,0.7877627627627628,0.8970418747598924,0.8423146948964844,0.6383538330625822,0.817420814479638,0.796578795992272,0.08686984944694985
8,7.424475431442261,4.987664417184262,0.03585634231567383,0.0010680264580822398,64,10,3e-05,500,96,256,0.1,4,2,16,0.0001,"{'model__batch_size': 64, 'model__callbacks__early_stopping__patience': 10, 'model__lr': 3e-05, 'model__max_epochs': 500, 'model__module__d_model': 96, 'model__module__dim_feedforward': 256, 'model__module__dropout': 0.1, 'model__module__nhead': 4, 'model__module__num_layers': 2, 'model__module__patch_size': 16, 'model__optimizer__weight_decay': 0.0001}",0.4750805851723283,0.7801418439716312,0.7265597147950089,0.4140625,0.8239175257731959,0.6439524339424328,0.16680889398752194,282,0.8018809744064138,0.9104477611940298,0.8242139804639804,0.44844989185291995,0.7814178409338645,0.7532820897702417,0.15862441322823237
9,5.642810535430908,2.388883048860394,0.03262019157409668,0.005302761313188352,64,10,3e-05,500,96,256,0.1,4,2,32,0.0001,"{'model__batch_size': 64, 'model__callbacks__early_stopping__patience': 10, 'model__lr': 3e-05, 'model__max_epochs': 500, 'model__module__d_model': 96, 'model__module__dim_feedforward': 256, 'model__module__dropout': 0.1, 'model__module__nhead': 4, 'model__module__num_layers': 2, 'model__module__patch_size': 32, 'model__optimizer__weight_decay': 0.0001}",0.4652014652014652,0.8554778554778555,0.7665144596651445,0.6148579253680246,0.8044871794871795,0.7013077770399339,0.14274878701969404,171,0.8082089552238806,0.8620588235294118,0.8700239808153478,0.6188962256460422,0.8050151826819474,0.792840633579326,0.09098295325807548
10,7.527070713043213,3.6183610984818335,0.03563370704650879,0.004745327232177734,64,10,3e-05,500,96,256,0.1,4,3,16,0.0001,"{'model__batch_size': 64, 'model__callbacks__early_stopping__patience': 10, 'model__lr': 3e-05, 'model__max_epochs': 500, 'model__module__d_model': 96, 'model__module__dim_feedforward': 256, 'model__module__dropout': 0.1, 'model__module__nhead': 4, 'model__module__num_layers': 3, 'model__module__patch_size': 16, 'model__optimizer__weight_decay': 0.0001}",0.4750805851723283,0.8064516129032258,0.7601626016260162,0.6666666666666667,0.7859649122807018,0.6988652757297877,0.12168390768645132,180,0.8412094154226377,0.8649974812962928,0.7868393285371702,0.5984680669353332,0.8052353104984684,0.7793499205379805,0.09445262450514345
11,5.292040681838989,2.7533746966490003,0.032310867309570314,0.0050591683238540314,64,10,3e-05,500,96,256,0.1,4,3,32,0.0001,"{'model__batch_size': 64, 'model__callbacks__early_stopping__patience': 10, 'model__lr': 3e-05, 'model__max_epochs': 500, 'model__module__d_model': 96, 'model__module__dim_feedforward': 256, 'model__module__dropout': 0.1, 'model__module__nhead': 4, 'model__module__num_layers': 3, 'model__module__patch_size': 32, 'model__optimizer__weight_decay': 0.0001}",0.44041811846689893,0.8141858141858143,0.7621705426356589,0.7064137308039746,0.8239175257731959,0.7094211463731085,0.1408823827842313,139,0.843952396373057,0.8492349234923493,0.883007676858682,0.7263414634146341,0.7680150819277591,0.8141103084132963,0.05779148074604268
12,7.71785306930542,5.28848313412108,0.03364238739013672,0.0033397124110009623,64,10,3e-05,500,96,256,0.25,4,2,16,0.0001,"{'model__batch_size': 64, 'model__callbacks__early_stopping__patience': 10, 'model__lr': 3e-05, 'model__max_epochs': 500, 'model__module__d_model': 96, 'model__module__dim_feedforward': 256, 'model__module__dropout': 0.25, 'model__module__nhead': 4, 'model__module__num_layers': 2, 'model__module__patch_size': 16, 'model__optimizer__weight_decay': 0.0001}",0.4632352941176471,0.7801418439716312,0.7570478302185619,0.6793958392704474,0.7556089743589745,0.6870859563874524,0.11697668391253759,214,0.7430273375172853,0.9219284829946837,0.8482076176250934,0.7048611111111112,0.7031841109709962,0.784241732043834,0.08674044401020607
13,5.077186346054077,2.760179342537537,0.03223509788513183,0.0039572141510790994,64,10,3e-05,500,96,256,0.25,4,2,32,0.0001,"{'model__batch_size': 64, 'model__callbacks__early_stopping__patience': 10, 'model__lr': 3e-05, 'model__max_epochs': 500, 'model__module__d_model': 96, 'model__module__dim_feedforward': 256, 'model__module__dropout': 0.25, 'model__module__nhead': 4, 'model__module__num_layers': 2, 'model__module__patch_size': 32, 'model__optimizer__weight_decay': 0.0001}",0.4743321718931475,0.7316017316017316,0.8106951871657755,0.4318181818181818,0.8044871794871795,0.650586890393203,0.16420039209440587,274,0.8036669213139802,0.912987012987013,0.7547511312217194,0.4191343963553531,0.7985892181588903,0.7378257360073912,0.1676659621815089
14,8.150502061843872,4.761119897916322,0.036274147033691403,0.0042388084503364445,64,10,3e-05,500,96,256,0.25,4,3,16,0.0001,"{'model__batch_size': 64, 'model__callbacks__early_stopping__patience': 10, 'model__lr': 3e-05, 'model__max_epochs': 500, 'model__module__d_model': 96, 'model__module__dim_feedforward': 256, 'model__module__dropout': 0.25, 'model__module__nhead': 4, 'model__module__num_layers': 3, 'model__module__patch_size': 16, 'model__optimizer__weight_decay': 0.0001}",0.46637426900584794,0.7801418439716312,0.7601626016260162,0.544,0.7859649122807018,0.6673287253768395,0.13491637497950704,255,0.8158918856124997,0.9211764705882353,0.7804059268405619,0.5467114359075647,0.7759418886198548,0.7680255215137433,0.12242734155928271
15,6.2560406684875485,2.3280925374956136,0.03701252937316894,0.004581752380801325,64,10,3e-05,500,96,256,0.25,4,3,32,0.0001,"{'model__batch_size': 64, 'model__callbacks__early_stopping__patience': 10, 'model__lr': 3e-05, 'model__max_epochs': 500, 'model__module__d_model': 96, 'model__module__dim_feedforward': 256, 'model__module__dropout': 0.25, 'model__module__nhead': 4, 'model__module__num_layers': 3, 'model__module__patch_size': 32, 'model__optimizer__weight_decay': 0.0001}",0.4577042894799904,0.8141858141858143,0.7825552825552826,0.8098377281947262,0.8044871794871795,0.7337540587805986,0.13845302522285327,30,0.829235880398671,0.8492349234923493,0.8568085748792271,0.7541446208112875,0.8072058111380145,0.8193259621439098,0.036859745046730286
16,7.99624662399292,4.399914490328908,0.033998870849609376,0.003823090012952279,64,10,3e-05,500,96,384,0.1,4,2,16,0.0001,"{'model__batch_size': 64, 'model__callbacks__early_stopping__patience': 10, 'model__lr': 3e-05, 'model__max_epochs': 500, 'model__module__d_model': 96, 'model__module__dim_feedforward': 384, 'model__module__dropout': 0.1, 'model__module__nhead': 4, 'model__module__num_layers': 2, 'model__module__patch_size': 16, 'model__optimizer__weight_decay': 0.0001}",0.4926911095135394,0.8064516129032258,0.7541666666666667,0.7219279661016949,0.8044871794871795,0.7159449069344612,0.11607769452483394,104,0.8059400956456079,0.8872363390227394,0.9107769973661106,0.655190347410027,0.7640350877192983,0.8046357734327566,0.09173098184344103
17,4.952406501770019,2.48608306211367,0.02981882095336914,0.0054120391249709975,64,10,3e-05,500,96,384,0.1,4,2,32,0.0001,"{'model__batch_size': 64, 'model__callbacks__early_stopping__patience': 10, 'model__lr': 3e-05, 'model__max_epochs': 500, 'model__module__d_model': 96, 'model__module__dim_feedforward': 384, 'model__module__dropout': 0.1, 'model__module__nhead': 4, 'model__module__num_layers': 2, 'model__module__patch_size': 32, 'model__optimizer__weight_decay': 0.0001}",0.4550836550836551,0.8141858141858143,0.7255813953488373,0.4140625,0.8044871794871795,0.6426801088210972,0.173162812934003,283,0.8267095034110741,0.8606965174129353,0.8524879403870338,0.540406976744186,0.7839357429718875,0.7728473361854233,0.11925830034041192
18,8.013641166687012,4.880654910388365,0.03638577461242676,0.004180645730509874,64,10,3e-05,500,96,384,0.1,4,3,16,0.0001,"{'model__batch_size': 64, 'model__callbacks__early_stopping__patience': 10, 'model__lr': 3e-05, 'model__max_epochs': 500, 'model__module__d_model': 96, 'model__module__dim_feedforward': 384, 'model__module__dropout': 0.1, 'model__module__nhead': 4, 'model__module__num_layers': 3, 'model__module__patch_size': 16, 'model__optimizer__weight_decay': 0.0001}",0.4750805851723283,0.7894021739130435,0.7541666666666667,0.6048009367681498,0.7736082474226804,0.6794117219885737,0.12155424255537899,235,0.8188865398167724,0.9093934055766116,0.908924570575056,0.5880008616975442,0.740096618357488,0.7930603992046944,0.1203988705279756
19,4.725695466995239,1.6481814624787252,0.03197932243347168,0.004474962797855611,64,10,3e-05,500,96,384,0.1,4,3,32,0.0001,"{'model__batch_size': 64, 'model__callbacks__early_stopping__patience': 10, 'model__lr': 3e-05, 'model__max_epochs': 500, 'model__module__d_model': 96, 'model__module__dim_feedforward': 384, 'model__module__dropout': 0.1, 'model__module__nhead': 4, 'model__module__num_layers': 3, 'model__module__patch_size': 32, 'model__optimizer__weight_decay': 0.0001}",0.46637426900584794,0.8554778554778555,0.7359724612736661,0.6950393060449986,0.8239175257731959,0.7153562835151128,0.13729490023880234,108,0.8169850861665549,0.8592859285928593,0.7833386632555165,0.6791968599033816,0.7759418886198548,0.7829496853076334,0.05966496433947648
20,8.168119096755982,4.5987849981789655,0.03435182571411133,0.0042232272085033105,64,10,3e-05,500,96,384,0.25,4,2,16,0.0001,"{'model__batch_size': 64, 'model__callbacks__early_stopping__patience': 10, 'model__lr': 3e-05, 'model__max_epochs': 500, 'model__module__d_model': 96, 'model__module__dim_feedforward': 384, 'model__module__dropout': 0.25, 'model__module__nhead': 4, 'model__module__num_layers': 2, 'model__module__patch_size': 16, 'model__optimizer__weight_decay': 0.0001}",0.47971491228070173,0.7894021739130435,0.7127555988315482,0.6957403651115619,0.8044871794871795,0.6964200459248069,0.11623476991339106,192,0.8267095034110741,0.9068474104970454,0.8261246980676329,0.709480879730533,0.7655205811138015,0.8069366145640174,0.06626345132055042
21,5.389316511154175,2.582796867101658,0.035288238525390626,0.008038418119801686,64,10,3e-05,500,96,384,0.25,4,2,32,0.0001,"{'model__batch_size': 64, 'model__callbacks__early_stopping__patience': 10, 'model__lr': 3e-05, 'model__max_epochs': 500, 'model__module__d_model': 96, 'model__module__dim_feedforward': 384, 'model__module__dropout': 0.25, 'model__module__nhead': 4, 'model__module__num_layers': 2, 'model__module__patch_size': 32, 'model__optimizer__weight_decay': 0.0001}",0.44696969696969696,0.8494623655913978,0.7506038647342995,0.7219279661016949,0.8044871794871795,0.7146902145768538,0.14088539914327816,116,0.7978513189448442,0.8762353375819709,0.8728344313681327,0.7058823529411764,0.7879886506935687,0.8081584183059386,0.06291407310452901
22,7.028404951095581,4.27852686202872,0.03570036888122559,0.005721380817782919,64,10,3e-05,500,96,384,0.25,4,3,16,0.0001,"{'model__batch_size': 64, 'model__callbacks__early_stopping__patience': 10, 'model__lr': 3e-05, 'model__max_epochs': 500, 'model__module__d_model': 96, 'model__module__dim_feedforward': 384, 'model__module__dropout': 0.25, 'model__module__nhead': 4, 'model__module__num_layers': 3, 'model__module__patch_size': 16, 'model__optimizer__weight_decay': 0.0001}",0.4750805851723283,0.8315217391304348,0.7127555988315482,0.7474747474747474,0.6836397925506836,0.6900944926319486,0.11838946658073164,206,0.8165159447881961,0.8805970149253732,0.8431470906004013,0.7221959075407351,0.6005415793151642,0.772599507433974,0.10071100247301817
23,5.035809087753296,1.932577824759301,0.033406543731689456,0.00351287352076363,64,10,3e-05,500,96,384,0.25,4,3,32,0.0001,"{'model__batch_size': 64, 'model__callbacks__early_stopping__patience': 10, 'model__lr': 3e-05, 'model__max_epochs': 500, 'model__module__d_model': 96, 'model__module__dim_feedforward': 384, 'model__module__dropout': 0.25, 'model__module__nhead': 4, 'model__module__num_layers': 3, 'model__module__patch_size': 32, 'model__optimizer__weight_decay': 0.0001}",0.4550836550836551,0.837908496732026,0.7412280701754386,0.7804449648711944,0.8239175257731959,0.7277165425271022,0.14049087882638875,50,0.8100295673825085,0.8535105079634342,0.7954408212560387,0.7384365830967772,0.7967845036319612,0.7988403966661439,0.036819622793933846
24,7.853042840957642,3.4075870646199107,0.03493719100952149,0.005818381208278349,64,10,3e-05,500,128,128,0.1,4,2,16,0.0001,"{'model__batch_size': 64, 'model__callbacks__early_stopping__patience': 10, 'model__lr': 3e-05, 'model__max_epochs': 500, 'model__module__d_model': 128, 'model__module__dim_feedforward': 128, 'model__module__dropout': 0.1, 'model__module__nhead': 4, 'model__module__num_layers': 2, 'model__module__patch_size': 16, 'model__optimizer__weight_decay': 0.0001}",0.5051576775714707,0.7472826086956521,0.786231884057971,0.5384615384615384,0.8239175257731959,0.6802102469119655,0.13200543143078117,231,0.843952396373057,0.9460695534456579,0.8655753968253967,0.5976470588235294,0.770569170409962,0.8047627151755206,0.11770108709223277
25,5.63022518157959,2.3801310922377206,0.033553552627563474,0.007213091067541126,64,10,3e-05,500,128,128,0.1,4,2,32,0.0001,"{'model__batch_size': 64, 'model__callbacks__early_stopping__patience': 10, 'model__lr': 3e-05, 'model__max_epochs': 500, 'model__module__d_model': 128, 'model__module__dim_feedforward': 128, 'model__module__dropout': 0.1, 'model__module__nhead': 4, 'model__module__num_layers': 2, 'model__module__patch_size': 32, 'model__optimizer__weight_decay': 0.0001}",0.522875816993464,0.7810593900481542,0.7665144596651445,0.6957403651115619,0.8239175257731959,0.7180215115183042,0.10594111341813378,88,0.8299421009098429,0.8970418747598924,0.8920216298263921,0.6859605911330049,0.8317507249673054,0.8273433843192877,0.07623178759577562
26,7.766678047180176,4.935526621301348,0.03564434051513672,0.004498994006374814,64,10,3e-05,500,128,128,0.1,4,3,16,0.0001,"{'model__batch_size': 64, 'model__callbacks__early_stopping__patience': 10, 'model__lr': 3e-05, 'model__max_epochs': 500, 'model__module__d_model': 128, 'model__module__dim_feedforward': 128, 'model__module__dropout': 0.1, 'model__module__nhead': 4, 'model__module__num_layers': 3, 'model__module__patch_size': 16, 'model__optimizer__weight_decay': 0.0001}",0.4550836550836551,0.7634408602150538,0.6889922480620154,0.42748091603053434,0.8044871794871795,0.6278969717756876,0.15704771107144416,288,0.8183032207384132,0.9041967541288338,0.8998521803399853,0.4501522070015221,0.7611783696529459,0.7667365463723401,0.16705133336285852
27,5.961693620681762,1.9664424182993019,0.03586597442626953,0.0052459517784945045,64,10,3e-05,500,128,128,0.1,4,3,32,0.0001,"{'model__batch_size': 64, 'model__callbacks__early_stopping__patience': 10, 'model__lr': 3e-05, 'model__max_epochs': 500, 'model__module__d_model': 128, 'model__module__dim_feedforward': 128, 'model__module__dropout': 0.1, 'model__module__nhead': 4, 'model__module__num_layers': 3, 'model__module__patch_size': 32, 'model__optimizer__weight_decay': 0.0001}",0.5105926521855726,0.8736413043478262,0.7665144596651445,0.7577639751552795,0.8443877551020409,0.7505800292911727,0.12794016035625658,6,0.83246062288394,0.8636132315521629,0.8714543212218955,0.6968496136318605,0.8667301829268292,0.8262215944433375,0.06612278689437472
28,6.753286933898925,4.108844228384056,0.033799600601196286,0.004077660119186428,64,10,3e-05,500,128,128,0.25,4,2,16,0.0001,"{'model__batch_size': 64, 'model__callbacks__early_stopping__patience': 10, 'model__lr': 3e-05, 'model__max_epochs': 500, 'model__module__d_model': 128, 'model__module__dim_feedforward': 128, 'model__module__dropout': 0.25, 'model__module__nhead': 4, 'model__module__num_layers': 2, 'model__module__patch_size': 16, 'model__optimizer__weight_decay': 0.0001}",0.4743321718931475,0.8241134751773049,0.8187960687960688,0.4807692307692308,0.7556089743589745,0.6707239841989453,0.15956922762569578,250,0.7678318931657502,0.8989496364126044,0.8448946886446886,0.47836598065955865,0.7275206482780116,0.7435125694321226,0.14531957918622881
29,5.81886773109436,1.8328814322272444,0.02911534309387207,0.0036072082936024004,64,10,3e-05,500,128,128,0.25,4,2,32,0.0001,"{'model__batch_size': 64, 'model__callbacks__early_stopping__patience': 10, 'model__lr': 3e-05, 'model__max_epochs': 500, 'model__module__d_model': 128, 'model__module__dim_feedforward': 128, 'model__module__dropout': 0.25, 'model__module__nhead': 4, 'model__module__num_layers': 2, 'model__module__patch_size': 32, 'model__optimizer__weight_decay': 0.0001}",0.5197368421052632,0.8554778554778555,0.789354105809802,0.6148579253680246,0.8239175257731959,0.7206688509068282,0.1304768523076711,78,0.8692750615475391,0.8817647058823529,0.8200360497106536,0.5911795875112089,0.8188288403079891,0.7962168489919488,0.10561711349022448
30,6.373591661453247,3.9737274602538215,0.034697961807250974,0.0069361035331115565,64,10,3e-05,500,128,128,0.25,4,3,16,0.0001,"{'model__batch_size': 64, 'model__callbacks__early_stopping__patience': 10, 'model__lr': 3e-05, 'model__max_epochs': 500, 'model__module__d_model': 128, 'model__module__dim_feedforward': 128, 'model__module__dropout': 0.25, 'model__module__nhead': 4, 'model__module__num_layers': 3, 'model__module__patch_size': 16, 'model__optimizer__weight_decay': 0.0001}",0.49266409266409267,0.8064516129032258,0.7686274509803921,0.6612466124661247,0.8044871794871795,0.706695389700203,0.11935250805485167,153,0.8183032207384132,0.9085734805637848,0.7217219589257504,0.658921031236067,0.7425837320574162,0.7700206847042863,0.08597298041769384
31,5.1413506984710695,1.9422429913535662,0.034166383743286136,0.00629312472932645,64,10,3e-05,500,128,128,0.25,4,3,32,0.0001,"{'model__batch_size': 64, 'model__callbacks__early_stopping__patience': 10, 'model__lr': 3e-05, 'model__max_epochs': 500, 'model__module__d_model': 128, 'model__module__dim_feedforward': 128, 'model__module__dropout': 0.25, 'model__module__nhead': 4, 'model__module__num_layers': 3, 'model__module__patch_size': 32, 'model__optimizer__weight_decay': 0.0001}",0.4714400643604183,0.8554778554778555,0.7944250871080138,0.5939013964092335,0.8239175257731959,0.7078323858257434,0.14942211371678785,149,0.8255835475578406,0.8519703635982706,0.8536039512270412,0.6087356792144026,0.8310551204374169,0.7941897324069944,0.09338788470543538
32,6.276152563095093,3.499343427548653,0.032000494003295896,0.004672511343369578,64,10,3e-05,500,128,256,0.1,4,2,16,0.0001,"{'model__batch_size': 64, 'model__callbacks__early_stopping__patience': 10, 'model__lr': 3e-05, 'model__max_epochs': 500, 'model__module__d_model': 128, 'model__module__dim_feedforward': 256, 'model__module__dropout': 0.1, 'model__module__nhead': 4, 'model__module__num_layers': 2, 'model__module__patch_size': 16, 'model__optimizer__weight_decay': 0.0001}",0.5019493177387914,0.8064516129032258,0.751054852320675,0.6527777777777778,0.8044871794871795,0.7033441480455298,0.11511230073050689,166,0.8141502980553113,0.9077252052262472,0.8180335731414867,0.6778061421830277,0.7356450933595395,0.7906720623931225,0.07844488681010178
33,5.45762152671814,2.025328232368837,0.031606006622314456,0.002158655368188538,64,10,3e-05,500,128,256,0.1,4,2,32,0.0001,"{'model__batch_size': 64, 'model__callbacks__early_stopping__patience': 10, 'model__lr': 3e-05, 'model__max_epochs': 500, 'model__module__d_model': 128, 'model__module__dim_feedforward': 256, 'model__module__dropout': 0.1, 'model__module__nhead': 4, 'model__module__num_layers': 2, 'model__module__patch_size': 32, 'model__optimizer__weight_decay': 0.0001}",0.5051576775714707,0.8315217391304348,0.7944250871080138,0.7474747474747474,0.8239175257731959,0.7404993554115726,0.12131447683303957,13,0.8395852209805699,0.8592859285928593,0.8759157509157509,0.7384365830967772,0.8359756097560975,0.8298398186684111,0.04791082799035163
34,7.298497104644776,3.908326555705682,0.037613868713378906,0.005178155067292673,64,10,3e-05,500,128,256,0.1,4,3,16,0.0001,"{'model__batch_size': 64, 'model__callbacks__early_stopping__patience': 10, 'model__lr': 3e-05, 'model__max_epochs': 500, 'model__module__d_model': 128, 'model__module__dim_feedforward': 256, 'model__module__dropout': 0.1, 'model__module__nhead': 4, 'model__module__num_layers': 3, 'model__module__patch_size': 16, 'model__optimizer__weight_decay': 0.0001}",0.48383838383838385,0.8141858141858143,0.6974358974358974,0.5293466223698782,0.8239175257731959,0.669744848720634,0.14118928902751185,252,0.8267095034110741,0.9041967541288338,0.8492278177458034,0.5052146495270434,0.7759418886198548,0.7722581226865218,0.1397303660452715
35,4.864993095397949,1.8979197282716662,0.03460803031921387,0.0066982402814415596,64,10,3e-05,500,128,256,0.1,4,3,32,0.0001,"{'model__batch_size': 64, 'model__callbacks__early_stopping__patience': 10, 'model__lr': 3e-05, 'model__max_epochs': 500, 'model__module__d_model': 128, 'model__module__dim_feedforward': 256, 'model__module__dropout': 0.1, 'model__module__nhead': 4, 'model__module__num_layers': 3, 'model__module__patch_size': 32, 'model__optimizer__weight_decay': 0.0001}",0.5015756302521008,0.8208667736757624,0.7347917290979922,0.6277915632754343,0.8239175257731959,0.7017886444148972,0.12308134479766511,170,0.8412094154226377,0.8507462686567164,0.8817379755241438,0.6357142857142857,0.8257240853658536,0.8070264061367276,0.08758900492085359
36,7.176474475860596,4.752568450018091,0.03445158004760742,0.006577452325488385,64,10,3e-05,500,128,256,0.25,4,2,16,0.0001,"{'model__batch_size': 64, 'model__callbacks__early_stopping__patience': 10, 'model__lr': 3e-05, 'model__max_epochs': 500, 'model__module__d_model': 128, 'model__module__dim_feedforward': 256, 'model__module__dropout': 0.25, 'model__module__nhead': 4, 'model__module__num_layers': 2, 'model__module__patch_size': 16, 'model__optimizer__weight_decay': 0.0001}",0.5105926521855726,0.7568627450980392,0.7541666666666667,0.4318181818181818,0.8239175257731959,0.6554715543083313,0.15453522018131324,268,0.8065406490465039,0.9101860834288737,0.9457457457457458,0.43852903480232674,0.752780539040081,0.7707564104127063,0.18002253969370627
37,5.5020746231079105,2.334238191372564,0.032077884674072264,0.004057933302222722,64,10,3e-05,500,128,256,0.25,4,2,32,0.0001,"{'model__batch_size': 64, 'model__callbacks__early_stopping__patience': 10, 'model__lr': 3e-05, 'model__max_epochs': 500, 'model__module__d_model': 128, 'model__module__dim_feedforward': 256, 'model__module__dropout': 0.25, 'model__module__nhead': 4, 'model__module__num_layers': 2, 'model__module__patch_size': 32, 'model__optimizer__weight_decay': 0.0001}",0.4714400643604183,0.7810593900481542,0.7621705426356589,0.7718052738336714,0.8239175257731959,0.7220785593302197,0.12708239996140286,66,0.842292587137948,0.9284684780867987,0.8685410481789781,0.7608044109908715,0.784717987804878,0.836964902439895,0.05988071827689084
38,8.289059400558472,4.482651866473007,0.03594264984130859,0.0027634152620959985,64,10,3e-05,500,128,256,0.25,4,3,16,0.0001,"{'model__batch_size': 64, 'model__callbacks__early_stopping__patience': 10, 'model__lr': 3e-05, 'model__max_epochs': 500, 'model__module__d_model': 128, 'model__module__dim_feedforward': 256, 'model__module__dropout': 0.25, 'model__module__nhead': 4, 'model__module__num_layers': 3, 'model__module__patch_size': 16, 'model__optimizer__weight_decay': 0.0001}",0.4714400643604183,0.8064516129032258,0.7412280701754386,0.6048009367681498,0.8239175257731959,0.6895676419960857,0.13352571902522908,208,0.8352564102564102,0.8980120689342732,0.864099849557029,0.6154674709177079,0.7733960231168577,0.7972463645564556,0.09967977143724276
39,4.746598434448242,1.4136866842465645,0.033435487747192384,0.005292893464715535,64,10,3e-05,500,128,256,0.25,4,3,32,0.0001,"{'model__batch_size': 64, 'model__callbacks__early_stopping__patience': 10, 'model__lr': 3e-05, 'model__max_epochs': 500, 'model__module__d_model': 128, 'model__module__dim_feedforward': 256, 'model__module__dropout': 0.25, 'model__module__nhead': 4, 'model__module__num_layers': 3, 'model__module__patch_size': 32, 'model__optimizer__weight_decay': 0.0001}",0.47971491228070173,0.8554778554778555,0.8172117039586919,0.7954545454545454,0.8239175257731959,0.754355308588998,0.1386593614171437,4,0.8309648615789369,0.8476695718075029,0.7621718559218559,0.7627591706539074,0.8011599476886336,0.8009450815301674,0.03477337535196164
40,6.8908919334411625,3.17146594869001,0.03538966178894043,0.0024536832795682556,64,10,3e-05,500,128,384,0.1,4,2,16,0.0001,"{'model__batch_size': 64, 'model__callbacks__early_stopping__patience': 10, 'model__lr': 3e-05, 'model__max_epochs': 500, 'model__module__d_model': 128, 'model__module__dim_feedforward': 384, 'model__module__dropout': 0.1, 'model__module__nhead': 4, 'model__module__num_layers': 2, 'model__module__patch_size': 16, 'model__optimizer__weight_decay': 0.0001}",0.48807854137447404,0.8554778554778555,0.773076923076923,0.7515808491418248,0.8239175257731959,0.7384263389688546,0.13042815985480263,19,0.8412094154226377,0.8564329915950863,0.8380881254667663,0.6960050729232721,0.7628563032618279,0.798918381733918,0.06086436286715305
41,5.149893140792846,2.0521673274185988,0.03088407516479492,0.004855966620669677,64,10,3e-05,500,128,384,0.1,4,2,32,0.0001,"{'model__batch_size': 64, 'model__callbacks__early_stopping__patience': 10, 'model__lr': 3e-05, 'model__max_epochs': 500, 'model__module__d_model': 128, 'model__module__dim_feedforward': 384, 'model__module__dropout': 0.1, 'model__module__nhead': 4, 'model__module__num_layers': 2, 'model__module__patch_size': 32, 'model__optimizer__weight_decay': 0.0001}",0.4714400643604183,0.8064516129032258,0.7781954887218046,0.7204968944099379,0.7859649122807018,0.7125097945352177,0.12386584561776817,123,0.8450294221612293,0.9516594516594516,0.8326902299737614,0.7180762852404643,0.8409930545293336,0.8376896887128481,0.07400844770274125
42,8.548946714401245,4.675211609928467,0.03254013061523438,0.005132501573366377,64,10,3e-05,500,128,384,0.1,4,3,16,0.0001,"{'model__batch_size': 64, 'model__callbacks__early_stopping__patience': 10, 'model__lr': 3e-05, 'model__max_epochs': 500, 'model__module__d_model': 128, 'model__module__dim_feedforward': 384, 'model__module__dropout': 0.1, 'model__module__nhead': 4, 'model__module__num_layers': 3, 'model__module__patch_size': 16, 'model__optimizer__weight_decay': 0.0001}",0.5197368421052632,0.7568627450980392,0.7570478302185619,0.4186046511627907,0.8239175257731959,0.6552339188715701,0.15716330249132132,269,0.8379010763189485,0.9101860834288737,0.8626611858775832,0.4722713775831559,0.7655205811138015,0.7697080608644726,0.15589147582734236
43,4.514874601364136,1.6969371683815149,0.029159069061279297,0.0038641663945853497,64,10,3e-05,500,128,384,0.1,4,3,32,0.0001,"{'model__batch_size': 64, 'model__callbacks__early_stopping__patience': 10, 'model__lr': 3e-05, 'model__max_epochs': 500, 'model__module__d_model': 128, 'model__module__dim_feedforward': 384, 'model__module__dropout': 0.1, 'model__module__nhead': 4, 'model__module__num_layers': 3, 'model__module__patch_size': 32, 'model__optimizer__weight_decay': 0.0001}",0.4632352941176471,0.8064516129032258,0.7781954887218046,0.7954545454545454,0.8044871794871795,0.7295648241368804,0.1335385735221054,45,0.8335492227979275,0.901470588235294,0.799024199843872,0.7586130985140341,0.8523924495171202,0.8290099117816496,0.048317185940871706
44,8.51224160194397,4.3893428195412865,0.03268718719482422,0.00557819009545307,64,10,3e-05,500,128,384,0.25,4,2,16,0.0001,"{'model__batch_size': 64, 'model__callbacks__early_stopping__patience': 10, 'model__lr': 3e-05, 'model__max_epochs': 500, 'model__module__d_model': 128, 'model__module__dim_feedforward': 384, 'model__module__dropout': 0.25, 'model__module__nhead': 4, 'model__module__num_layers': 2, 'model__module__patch_size': 16, 'model__optimizer__weight_decay': 0.0001}",0.4714400643604183,0.8141858141858143,0.773076923076923,0.563505648750428,0.8044871794871795,0.6853391259721526,0.14077773509412853,218,0.8241962278901593,0.9024106037433545,0.8785660941000747,0.4982231489911598,0.7275206482780116,0.7661833446005519,0.1468677729552396
45,5.256637620925903,2.461893183083953,0.029441452026367186,0.004852942021630901,64,10,3e-05,500,128,384,0.25,4,2,32,0.0001,"{'model__batch_size': 64, 'model__callbacks__early_stopping__patience': 10, 'model__lr': 3e-05, 'model__max_epochs': 500, 'model__module__d_model': 128, 'model__module__dim_feedforward': 384, 'model__module__dropout': 0.25, 'model__module__nhead': 4, 'model__module__num_layers': 2, 'model__module__patch_size': 32, 'model__optimizer__weight_decay': 0.0001}",0.4714400643604183,0.7810593900481542,0.776592082616179,0.7474747474747474,0.8239175257731959,0.7200967620545389,0.12670171398224256,81,0.8483590713951454,0.8818237939853603,0.7868393285371702,0.655190347410027,0.8425519461515949,0.8029528974958595,0.07992977155994332
46,6.4308915615081785,3.634530156978103,0.03210582733154297,0.004213192911197956,64,10,3e-05,500,128,384,0.25,4,3,16,0.0001,"{'model__batch_size': 64, 'model__callbacks__early_stopping__patience': 10, 'model__lr': 3e-05, 'model__max_epochs': 500, 'model__module__d_model': 128, 'model__module__dim_feedforward': 384, 'model__module__dropout': 0.25, 'model__module__nhead': 4, 'model__module__num_layers': 3, 'model__module__patch_size': 16, 'model__optimizer__weight_decay': 0.0001}",0.4307992202729045,0.7894021739130435,0.7521008403361344,0.7064137308039746,0.8044871794871795,0.6966406289626473,0.13717039463453076,191,0.8283974862529458,0.8646464646464647,0.758701635097944,0.6890243902439024,0.7589605734767024,0.7799461099435918,0.06112309795565423
47,5.15200252532959,2.0012900568287644,0.029769086837768556,0.004967945578909437,64,10,3e-05,500,128,384,0.25,4,3,32,0.0001,"{'model__batch_size': 64, 'model__callbacks__early_stopping__patience': 10, 'model__lr': 3e-05, 'model__max_epochs': 500, 'model__module__d_model': 128, 'model__module__dim_feedforward': 384, 'model__module__dropout': 0.25, 'model__module__nhead': 4, 'model__module__num_layers': 3, 'model__module__patch_size': 32, 'model__optimizer__weight_decay': 0.0001}",0.4577042894799904,0.8064516129032258,0.7825552825552826,0.7954545454545454,0.8239175257731959,0.7332166512332481,0.13842321030073346,34,0.8241962278901593,0.901470588235294,0.864099849557029,0.7288676236044658,0.8193013882669056,0.8275871355107707,0.05765004209264815
48,3.3821160316467287,1.4108468844764281,0.029271507263183595,0.003925111917733968,64,10,0.0001,500,96,128,0.1,4,2,16,0.0001,"{'model__batch_size': 64, 'model__callbacks__early_stopping__patience': 10, 'model__lr': 0.0001, 'model__max_epochs': 500, 'model__module__d_model': 96, 'model__module__dim_feedforward': 128, 'model__module__dropout': 0.1, 'model__module__nhead': 4, 'model__module__num_layers': 2, 'model__module__patch_size': 16, 'model__optimizer__weight_decay': 0.0001}",0.5015756302521008,0.7074410163339383,0.7781954887218046,0.5347394540942928,0.7925170068027211,0.6628937192409715,0.1220886546017464,261,0.8455528846153846,0.8665747549019608,0.883007676858682,0.5724346076458753,0.7293762575452716,0.7793892363134349,0.11665953934539208
49,2.5370035648345945,0.8418587134160898,0.02865605354309082,0.003279548041323624,64,10,0.0001,500,96,128,0.1,4,2,32,0.0001,"{'model__batch_size': 64, 'model__callbacks__early_stopping__patience': 10, 'model__lr': 0.0001, 'model__max_epochs': 500, 'model__module__d_model': 96, 'model__module__dim_feedforward': 128, 'model__module__dropout': 0.1, 'model__module__nhead': 4, 'model__module__num_layers': 2, 'model__module__patch_size': 32, 'model__optimizer__weight_decay': 0.0001}",0.41462264150943395,0.8680851063829788,0.7665144596651445,0.6148579253680246,0.8239175257731959,0.6975995317397555,0.16534384046490622,188,0.8352564102564102,0.8793879387938794,0.8448946886446886,0.6256905708719208,0.8467236467236468,0.8063906510581091,0.09156818934541956
50,3.9547770977020265,1.7775880612412447,0.031645584106445315,0.005360528952702329,64,10,0.0001,500,96,128,0.1,4,3,16,0.0001,"{'model__batch_size': 64, 'model__callbacks__early_stopping__patience': 10, 'model__lr': 0.0001, 'model__max_epochs': 500, 'model__module__d_model': 96, 'model__module__dim_feedforward': 128, 'model__module__dropout': 0.1, 'model__module__nhead': 4, 'model__module__num_layers': 3, 'model__module__patch_size': 16, 'model__optimizer__weight_decay': 0.0001}",0.496551724137931,0.7634408602150538,0.7352564102564103,0.6048009367681498,0.8239175257731959,0.6847934914301481,0.11825496478354759,221,0.8335492227979275,0.8894389438943895,0.8568085748792271,0.5664216761737604,0.8551687006460875,0.8002774236782784,0.11828281640886339
51,2.790455150604248,1.1124675827323078,0.028899478912353515,0.004971488005979239,64,10,0.0001,500,96,128,0.1,4,3,32,0.0001,"{'model__batch_size': 64, 'model__callbacks__early_stopping__patience': 10, 'model__lr': 0.0001, 'model__max_epochs': 500, 'model__module__d_model': 96, 'model__module__dim_feedforward': 128, 'model__module__dropout': 0.1, 'model__module__nhead': 4, 'model__module__num_layers': 3, 'model__module__patch_size': 32, 'model__optimizer__weight_decay': 0.0001}",0.48807854137447404,0.8680851063829788,0.8187960687960688,0.7577639751552795,0.8239175257731959,0.7513282434963994,0.13623149466442053,5,0.8172883907661426,0.8926516641176898,0.8524879403870338,0.6522727272727272,0.8257240853658536,0.8080849615818895,0.082214896292068
52,4.04687910079956,1.8322232992515004,0.031505680084228514,0.005590514529788621,64,10,0.0001,500,96,128,0.25,4,2,16,0.0001,"{'model__batch_size': 64, 'model__callbacks__early_stopping__patience': 10, 'model__lr': 0.0001, 'model__max_epochs': 500, 'model__module__d_model': 96, 'model__module__dim_feedforward': 128, 'model__module__dropout': 0.25, 'model__module__nhead': 4, 'model__module__num_layers': 2, 'model__module__patch_size': 16, 'model__optimizer__weight_decay': 0.0001}",0.5597587719298245,0.8241134751773049,0.7686274509803921,0.6666666666666667,0.8742268041237113,0.73867863377558,0.11293129825857012,18,0.8588170664713423,0.9460695534456579,0.7778688524590164,0.5817460317460317,0.8593426011070842,0.8047688210458265,0.12355418255770391
53,2.6585811614990233,0.891178318346493,0.02957944869995117,0.006036963077815482,64,10,0.0001,500,96,128,0.25,4,2,32,0.0001,"{'model__batch_size': 64, 'model__callbacks__early_stopping__patience': 10, 'model__lr': 0.0001, 'model__max_epochs': 500, 'model__module__d_model': 96, 'model__module__dim_feedforward': 128, 'model__module__dropout': 0.25, 'model__module__nhead': 4, 'model__module__num_layers': 2, 'model__module__patch_size': 32, 'model__optimizer__weight_decay': 0.0001}",0.44041811846689893,0.8315217391304348,0.7665144596651445,0.503968253968254,0.8239175257731959,0.6732680194007856,0.16692267619525336,246,0.8183032207384132,0.8781356574460022,0.8482076176250934,0.5439302481556003,0.8440579710144928,0.7865269429959205,0.12277570569570816
54,3.8825501441955566,2.109482632309888,0.031400203704833984,0.0049209151778889,64,10,0.0001,500,96,128,0.25,4,3,16,0.0001,"{'model__batch_size': 64, 'model__callbacks__early_stopping__patience': 10, 'model__lr': 0.0001, 'model__max_epochs': 500, 'model__module__d_model': 96, 'model__module__dim_feedforward': 128, 'model__module__dropout': 0.25, 'model__module__nhead': 4, 'model__module__num_layers': 3, 'model__module__patch_size': 16, 'model__optimizer__weight_decay': 0.0001}",0.5015756302521008,0.8315217391304348,0.7665144596651445,0.6366486178398404,0.8239175257731959,0.7120355945321433,0.12628463473830356,125,0.756797678379913,0.9166529462341986,0.8854164751732632,0.5682539682539682,0.7252410524595523,0.770472424100179,0.12466439705408974
55,2.7050292015075685,1.15976192525465,0.02818326950073242,0.0041591308044047785,64,10,0.0001,500,96,128,0.25,4,3,32,0.0001,"{'model__batch_size': 64, 'model__callbacks__early_stopping__patience': 10, 'model__lr': 0.0001, 'model__max_epochs': 500, 'model__module__d_model': 96, 'model__module__dim_feedforward': 128, 'model__module__dropout': 0.25, 'model__module__nhead': 4, 'model__module__num_layers': 3, 'model__module__patch_size': 32, 'model__optimizer__weight_decay': 0.0001}",0.4560848950101603,0.7973856209150327,0.7671052631578947,0.6366486178398404,0.8239175257731959,0.6962283845392248,0.13622002741604095,193,0.8108426387399323,0.8828323103020128,0.8326902299737614,0.6087356792144026,0.8154725609756097,0.7901146838411438,0.09421278973840884
56,3.388616752624512,1.374978128861275,0.030153751373291016,0.0054720311265876904,64,10,0.0001,500,96,256,0.1,4,2,16,0.0001,"{'model__batch_size': 64, 'model__callbacks__early_stopping__patience': 10, 'model__lr': 0.0001, 'model__max_epochs': 500, 'model__module__d_model': 96, 'model__module__dim_feedforward': 256, 'model__module__dropout': 0.1, 'model__module__nhead': 4, 'model__module__num_layers': 2, 'model__module__patch_size': 16, 'model__optimizer__weight_decay': 0.0001}",0.522875816993464,0.7894021739130435,0.7352564102564103,0.6822033898305084,0.8239175257731959,0.7107310633533245,0.1055511565963059,127,0.8572956298200514,0.912169543369019,0.8583271097834204,0.7222154978334019,0.7801928419676418,0.8260401245547069,0.06681191397389967
57,2.418631649017334,0.9702325352851954,0.02895655632019043,0.004495868257271708,64,10,0.0001,500,96,256,0.1,4,2,32,0.0001,"{'model__batch_size': 64, 'model__callbacks__early_stopping__patience': 10, 'model__lr': 0.0001, 'model__max_epochs': 500, 'model__module__d_model': 96, 'model__module__dim_feedforward': 256, 'model__module__dropout': 0.1, 'model__module__nhead': 4, 'model__module__num_layers': 2, 'model__module__patch_size': 32, 'model__optimizer__weight_decay': 0.0001}",0.44041811846689893,0.8315217391304348,0.6889922480620154,0.648711943793911,0.8239175257731959,0.6867123150452912,0.14276210753050608,215,0.8183032207384132,0.8706467661691542,0.884974533106961,0.6609042553191489,0.8072058111380145,0.8084069172943383,0.07948938714924435
58,3.5404026985168455,1.2970833579852834,0.02989516258239746,0.0033274805318925147,64,10,0.0001,500,96,256,0.1,4,3,16,0.0001,"{'model__batch_size': 64, 'model__callbacks__early_stopping__patience': 10, 'model__lr': 0.0001, 'model__max_epochs': 500, 'model__module__d_model': 96, 'model__module__dim_feedforward': 256, 'model__module__dropout': 0.1, 'model__module__nhead': 4, 'model__module__num_layers': 3, 'model__module__patch_size': 16, 'model__optimizer__weight_decay': 0.0001}",0.5399159663865546,0.8064516129032258,0.8108974358974359,0.6031746031746031,0.8239175257731959,0.7168714288270032,0.12046955640915918,99,0.8158918856124997,0.8549972947256479,0.8810359964881476,0.5330676432572167,0.7600927522444854,0.7690171144655995,0.12481174840677087
59,2.825981092453003,0.8997748305650826,0.029905080795288086,0.006231234893845995,64,10,0.0001,500,96,256,0.1,4,3,32,0.0001,"{'model__batch_size': 64, 'model__callbacks__early_stopping__patience': 10, 'model__lr': 0.0001, 'model__max_epochs': 500, 'model__module__d_model': 96, 'model__module__dim_feedforward': 256, 'model__module__dropout': 0.1, 'model__module__nhead': 4, 'model__module__num_layers': 3, 'model__module__patch_size': 32, 'model__optimizer__weight_decay': 0.0001}",0.4550836550836551,0.8315217391304348,0.730593607305936,0.766802200430519,0.8239175257731959,0.7215837455447482,0.13835226741652895,68,0.810734708022873,0.8620588235294118,0.8741665273676195,0.7541446208112875,0.7985892181588903,0.8199387795780165,0.04378158692099464
60,3.372483158111572,1.602013976366749,0.029412317276000976,0.0035019371027484457,64,10,0.0001,500,96,256,0.25,4,2,16,0.0001,"{'model__batch_size': 64, 'model__callbacks__early_stopping__patience': 10, 'model__lr': 0.0001, 'model__max_epochs': 500, 'model__module__d_model': 96, 'model__module__dim_feedforward': 256, 'model__module__dropout': 0.25, 'model__module__nhead': 4, 'model__module__num_layers': 2, 'model__module__patch_size': 16, 'model__optimizer__weight_decay': 0.0001}",0.522875816993464,0.7728937728937728,0.751054852320675,0.6957403651115619,0.7736082474226804,0.7032346109484309,0.09452733077368738,167,0.8467249357326478,0.8970418747598924,0.8583271097834204,0.6241017136539524,0.7394673123486682,0.7931325892557162,0.09936901285002102
61,2.4328059196472167,0.7966077136240177,0.028670549392700195,0.005077691762943455,64,10,0.0001,500,96,256,0.25,4,2,32,0.0001,"{'model__batch_size': 64, 'model__callbacks__early_stopping__patience': 10, 'model__lr': 0.0001, 'model__max_epochs': 500, 'model__module__d_model': 96, 'model__module__dim_feedforward': 256, 'model__module__dropout': 0.25, 'model__module__nhead': 4, 'model__module__num_layers': 2, 'model__module__patch_size': 32, 'model__optimizer__weight_decay': 0.0001}",0.4560848950101603,0.8315217391304348,0.7347917290979922,0.7616525423728814,0.8239175257731959,0.721593686276933,0.13771576776780817,67,0.7938502673796791,0.8762353375819709,0.8842332051782099,0.7101174687381584,0.8027429296232436,0.8134358417002524,0.063448660569181
62,3.7581981658935546,1.4828852133205217,0.030242300033569335,0.0033683052161846364,64,10,0.0001,500,96,256,0.25,4,3,16,0.0001,"{'model__batch_size': 64, 'model__callbacks__early_stopping__patience': 10, 'model__lr': 0.0001, 'model__max_epochs': 500, 'model__module__d_model': 96, 'model__module__dim_feedforward': 256, 'model__module__dropout': 0.25, 'model__module__nhead': 4, 'model__module__num_layers': 3, 'model__module__patch_size': 16, 'model__optimizer__weight_decay': 0.0001}",0.5399159663865546,0.8064516129032258,0.773076923076923,0.6048009367681498,0.8239175257731959,0.7096325929816099,0.11511173788129961,137,0.8158918856124997,0.8522058823529413,0.8482076176250934,0.6087356792144026,0.8496420908386073,0.7949366311287089,0.09404272395504903
63,2.4323373317718504,0.8271774632210013,0.02753868103027344,0.003580755850511209,64,10,0.0001,500,96,256,0.25,4,3,32,0.0001,"{'model__batch_size': 64, 'model__callbacks__early_stopping__patience': 10, 'model__lr': 0.0001, 'model__max_epochs': 500, 'model__module__d_model': 96, 'model__module__dim_feedforward': 256, 'model__module__dropout': 0.25, 'model__module__nhead': 4, 'model__module__num_layers': 3, 'model__module__patch_size': 32, 'model__optimizer__weight_decay': 0.0001}",0.4307992202729045,0.8315217391304348,0.6894736842105263,0.7763621577663323,0.7925170068027211,0.7041347616365838,0.14434883124651768,163,0.824959935897436,0.8591595237663774,0.7804059268405619,0.6873676467310136,0.7747607655502393,0.7853307597571256,0.05788593657746243
64,3.521844482421875,1.5454757774313206,0.030193614959716796,0.004483597927301374,64,10,0.0001,500,96,384,0.1,4,2,16,0.0001,"{'model__batch_size': 64, 'model__callbacks__early_stopping__patience': 10, 'model__lr': 0.0001, 'model__max_epochs': 500, 'model__module__d_model': 96, 'model__module__dim_feedforward': 384, 'model__module__dropout': 0.1, 'model__module__nhead': 4, 'model__module__num_layers': 2, 'model__module__patch_size': 16, 'model__optimizer__weight_decay': 0.0001}",0.5139225181598063,0.8064516129032258,0.751054852320675,0.503968253968254,0.7925170068027211,0.6735828488309364,0.13569221473888302,244,0.8499345615624685,0.9007319869477026,0.8326902299737614,0.5132015624541103,0.788704331666571,0.7770525345209227,0.13671653141511506
65,2.2036018848419188,0.7424537033546762,0.02986736297607422,0.006206446965214428,64,10,0.0001,500,96,384,0.1,4,2,32,0.0001,"{'model__batch_size': 64, 'model__callbacks__early_stopping__patience': 10, 'model__lr': 0.0001, 'model__max_epochs': 500, 'model__module__d_model': 96, 'model__module__dim_feedforward': 384, 'model__module__dropout': 0.1, 'model__module__nhead': 4, 'model__module__num_layers': 2, 'model__module__patch_size': 32, 'model__optimizer__weight_decay': 0.0001}",0.4317765567765568,0.837908496732026,0.7665144596651445,0.6666666666666667,0.7859649122807018,0.6977662184242192,0.14412693756822242,187,0.8172883907661426,0.8465318186016441,0.8700239808153478,0.6210620170398256,0.8409930545293336,0.7991798523504587,0.0906237557614478
66,3.6787763595581056,1.500975622295525,0.03511805534362793,0.00581521100115313,64,10,0.0001,500,96,384,0.1,4,3,16,0.0001,"{'model__batch_size': 64, 'model__callbacks__early_stopping__patience': 10, 'model__lr': 0.0001, 'model__max_epochs': 500, 'model__module__d_model': 96, 'model__module__dim_feedforward': 384, 'model__module__dropout': 0.1, 'model__module__nhead': 4, 'model__module__num_layers': 3, 'model__module__patch_size': 16, 'model__optimizer__weight_decay': 0.0001}",0.44696969696969696,0.7801418439716312,0.7834501167834501,0.817251461988304,0.7925170068027211,0.7240660253031607,0.1391563188752989,61,0.8224892941013953,0.8817647058823529,0.8264741835962512,0.7470238095238095,0.856612443709218,0.8268728873626054,0.04537136329972321
67,2.3354922771453857,0.9138316224154389,0.029650449752807617,0.005688674002257342,64,10,0.0001,500,96,384,0.1,4,3,32,0.0001,"{'model__batch_size': 64, 'model__callbacks__early_stopping__patience': 10, 'model__lr': 0.0001, 'model__max_epochs': 500, 'model__module__d_model': 96, 'model__module__dim_feedforward': 384, 'model__module__dropout': 0.1, 'model__module__nhead': 4, 'model__module__num_layers': 3, 'model__module__patch_size': 32, 'model__optimizer__weight_decay': 0.0001}",0.44696969696969696,0.8141858141858143,0.7463144963144963,0.5738636363636364,0.7925170068027211,0.6747701301272729,0.14177081088285826,243,0.8108426387399323,0.8636132315521629,0.8920216298263921,0.6083808688021062,0.7920803852785541,0.7933877508398295,0.09919091585709874
68,3.324799823760986,1.5097506476836955,0.02922854423522949,0.0037035242703728714,64,10,0.0001,500,96,384,0.25,4,2,16,0.0001,"{'model__batch_size': 64, 'model__callbacks__early_stopping__patience': 10, 'model__lr': 0.0001, 'model__max_epochs': 500, 'model__module__d_model': 96, 'model__module__dim_feedforward': 384, 'model__module__dropout': 0.25, 'model__module__nhead': 4, 'model__module__num_layers': 2, 'model__module__patch_size': 16, 'model__optimizer__weight_decay': 0.0001}",0.5139225181598063,0.8315217391304348,0.7352564102564103,0.6366486178398404,0.8239175257731959,0.7082533622319376,0.12016170142832155,148,0.843952396373057,0.8807807968113313,0.8261246980676329,0.5826513911620295,0.7519282360831656,0.7770875036994432,0.10589263425356338
69,2.2743045330047607,0.598346346076395,0.031213808059692382,0.008320337509558915,64,10,0.0001,500,96,384,0.25,4,2,32,0.0001,"{'model__batch_size': 64, 'model__callbacks__early_stopping__patience': 10, 'model__lr': 0.0001, 'model__max_epochs': 500, 'model__module__d_model': 96, 'model__module__dim_feedforward': 384, 'model__module__dropout': 0.25, 'model__module__nhead': 4, 'model__module__num_layers': 2, 'model__module__patch_size': 32, 'model__optimizer__weight_decay': 0.0001}",0.4743321718931475,0.8554778554778555,0.7282894736842105,0.75,0.8044871794871795,0.7225173361084787,0.1317437247521578,64,0.8183032207384132,0.8522058823529413,0.8096018735362998,0.7019393621335368,0.8196256489836581,0.8003351975489699,0.051289669577564125
70,3.4129980564117433,1.4694514292134038,0.03171091079711914,0.0038751144859918984,64,10,0.0001,500,96,384,0.25,4,3,16,0.0001,"{'model__batch_size': 64, 'model__callbacks__early_stopping__patience': 10, 'model__lr': 0.0001, 'model__max_epochs': 500, 'model__module__d_model': 96, 'model__module__dim_feedforward': 384, 'model__module__dropout': 0.25, 'model__module__nhead': 4, 'model__module__num_layers': 3, 'model__module__patch_size': 16, 'model__optimizer__weight_decay': 0.0001}",0.47971491228070173,0.7894021739130435,0.7686274509803921,0.6832298136645962,0.8239175257731959,0.7089783753223858,0.12366222691369408,141,0.8369030620339521,0.9041967541288338,0.77251221001221,0.7019393621335368,0.7788050781171657,0.7988712932851397,0.06787211750790666
71,2.5143189907073973,0.9562449043575425,0.02954392433166504,0.004704485993186835,64,10,0.0001,500,96,384,0.25,4,3,32,0.0001,"{'model__batch_size': 64, 'model__callbacks__early_stopping__patience': 10, 'model__lr': 0.0001, 'model__max_epochs': 500, 'model__module__d_model': 96, 'model__module__dim_feedforward': 384, 'model__module__dropout': 0.25, 'model__module__nhead': 4, 'model__module__num_layers': 3, 'model__module__patch_size': 32, 'model__optimizer__weight_decay': 0.0001}",0.4317765567765568,0.8554778554778555,0.7506038647342995,0.5347394540942928,0.7682370820668694,0.6681669626299749,0.15847937798068606,254,0.8065406490465039,0.848014196074127,0.8898373983739838,0.5452744204477907,0.772961719526605,0.7725256766938021,0.12021721885378943
72,3.2878426551818847,1.199123547600917,0.03008379936218262,0.003995408050640777,64,10,0.0001,500,128,128,0.1,4,2,16,0.0001,"{'model__batch_size': 64, 'model__callbacks__early_stopping__patience': 10, 'model__lr': 0.0001, 'model__max_epochs': 500, 'model__module__d_model': 128, 'model__module__dim_feedforward': 128, 'model__module__dropout': 0.1, 'model__module__nhead': 4, 'model__module__num_layers': 2, 'model__module__patch_size': 16, 'model__optimizer__weight_decay': 0.0001}",0.5302445302445302,0.7472826086956521,0.7701528318849267,0.7357007319056655,0.8239175257731959,0.721459645700794,0.10030104476302726,69,0.8200280112044818,0.9246926589392344,0.8655753968253967,0.6759991975212323,0.7759418886198548,0.81244743062204,0.08417815891079665
73,3.12832350730896,0.9268289104602415,0.03077983856201172,0.007732162662750648,64,10,0.0001,500,128,128,0.1,4,2,32,0.0001,"{'model__batch_size': 64, 'model__callbacks__early_stopping__patience': 10, 'model__lr': 0.0001, 'model__max_epochs': 500, 'model__module__d_model': 128, 'model__module__dim_feedforward': 128, 'model__module__dropout': 0.1, 'model__module__nhead': 4, 'model__module__num_layers': 2, 'model__module__patch_size': 32, 'model__optimizer__weight_decay': 0.0001}",0.5112819241259609,0.7634408602150538,0.7506038647342995,0.7441520467836258,0.8239175257731959,0.7186792443264272,0.10748059510290703,84,0.8384917517674784,0.9502487562189055,0.8772644927536232,0.8967611336032388,0.8509309886212502,0.8827394245928992,0.03937950281106513
74,3.6958391666412354,1.4565178669896772,0.03280715942382813,0.005315388058738681,64,10,0.0001,500,128,128,0.1,4,3,16,0.0001,"{'model__batch_size': 64, 'model__callbacks__early_stopping__patience': 10, 'model__lr': 0.0001, 'model__max_epochs': 500, 'model__module__d_model': 128, 'model__module__dim_feedforward': 128, 'model__module__dropout': 0.1, 'model__module__nhead': 4, 'model__module__num_layers': 3, 'model__module__patch_size': 16, 'model__optimizer__weight_decay': 0.0001}",0.4714400643604183,0.8315217391304348,0.7701528318849267,0.674317617866005,0.8239175257731959,0.7142699558029961,0.13375799910111436,117,0.8395852209805699,0.9264584819713517,0.861170666919647,0.5765398550724637,0.8205405600331764,0.8048589569954417,0.11961512574592555
75,2.4931994438171388,0.7420266021990135,0.029592514038085938,0.005980525401063759,64,10,0.0001,500,128,128,0.1,4,3,32,0.0001,"{'model__batch_size': 64, 'model__callbacks__early_stopping__patience': 10, 'model__lr': 0.0001, 'model__max_epochs': 500, 'model__module__d_model': 128, 'model__module__dim_feedforward': 128, 'model__module__dropout': 0.1, 'model__module__nhead': 4, 'model__module__num_layers': 3, 'model__module__patch_size': 32, 'model__optimizer__weight_decay': 0.0001}",0.44696969696969696,0.8208667736757624,0.7621705426356589,0.766802200430519,0.8239175257731959,0.7241453478969666,0.14099743660988265,59,0.8467249357326478,0.8946164295417174,0.8842332051782099,0.7415699281370923,0.833505260986177,0.8401299519151688,0.0542500356149649
76,3.5980135917663576,1.3618280897893542,0.03065066337585449,0.004955205500430665,64,10,0.0001,500,128,128,0.25,4,2,16,0.0001,"{'model__batch_size': 64, 'model__callbacks__early_stopping__patience': 10, 'model__lr': 0.0001, 'model__max_epochs': 500, 'model__module__d_model': 128, 'model__module__dim_feedforward': 128, 'model__module__dropout': 0.25, 'model__module__nhead': 4, 'model__module__num_layers': 2, 'model__module__patch_size': 16, 'model__optimizer__weight_decay': 0.0001}",0.5105926521855726,0.8315217391304348,0.786231884057971,0.64,0.8239175257731959,0.7184527602294348,0.12478948713052922,86,0.8395852209805699,0.9226551226551226,0.8953802599408056,0.6321697395683076,0.8219650628747919,0.8223510812039196,0.10184328055276068
77,2.247016191482544,0.6967928885353607,0.032055234909057616,0.008386595436500293,64,10,0.0001,500,128,128,0.25,4,2,32,0.0001,"{'model__batch_size': 64, 'model__callbacks__early_stopping__patience': 10, 'model__lr': 0.0001, 'model__max_epochs': 500, 'model__module__d_model': 128, 'model__module__dim_feedforward': 128, 'model__module__dropout': 0.25, 'model__module__nhead': 4, 'model__module__num_layers': 2, 'model__module__patch_size': 32, 'model__optimizer__weight_decay': 0.0001}",0.5112819241259609,0.8241134751773049,0.7834501167834501,0.7208436724565757,0.8239175257731959,0.7327213428632975,0.11697792044202092,36,0.8342421577250073,0.8960376835688557,0.8261246980676329,0.658955815335843,0.8293402000298552,0.8089401109454387,0.0792880108551676
78,4.013584184646606,1.3726492162497894,0.031731462478637694,0.00479909036094034,64,10,0.0001,500,128,128,0.25,4,3,16,0.0001,"{'model__batch_size': 64, 'model__callbacks__early_stopping__patience': 10, 'model__lr': 0.0001, 'model__max_epochs': 500, 'model__module__d_model': 128, 'model__module__dim_feedforward': 128, 'model__module__dropout': 0.25, 'model__module__nhead': 4, 'model__module__num_layers': 3, 'model__module__patch_size': 16, 'model__optimizer__weight_decay': 0.0001}",0.5678249678249678,0.8141858141858143,0.786231884057971,0.7718052738336714,0.8335282651072125,0.7547152410019274,0.09587657071809672,3,0.8267095034110741,0.8936507936507936,0.8655753968253967,0.7091008957241846,0.8072775263951735,0.8204628232013244,0.06325500023623848
79,2.3385205268859863,0.8082720799000782,0.029974079132080077,0.004913200814867267,64,10,0.0001,500,128,128,0.25,4,3,32,0.0001,"{'model__batch_size': 64, 'model__callbacks__early_stopping__patience': 10, 'model__lr': 0.0001, 'model__max_epochs': 500, 'model__module__d_model': 128, 'model__module__dim_feedforward': 128, 'model__module__dropout': 0.25, 'model__module__nhead': 4, 'model__module__num_layers': 3, 'model__module__patch_size': 32, 'model__optimizer__weight_decay': 0.0001}",0.49266409266409267,0.837908496732026,0.7601626016260162,0.6793958392704474,0.8239175257731959,0.7188097112131556,0.1262042226152598,83,0.8379010763189485,0.8646464646464647,0.8200360497106536,0.6313253012048192,0.8269460527525043,0.796170988926678,0.08381054517066064
80,3.334929656982422,1.0959947952351157,0.030039501190185548,0.004534928446473309,64,10,0.0001,500,128,256,0.1,4,2,16,0.0001,"{'model__batch_size': 64, 'model__callbacks__early_stopping__patience': 10, 'model__lr': 0.0001, 'model__max_epochs': 500, 'model__module__d_model': 128, 'model__module__dim_feedforward': 256, 'model__module__dropout': 0.1, 'model__module__nhead': 4, 'model__module__num_layers': 2, 'model__module__patch_size': 16, 'model__optimizer__weight_decay': 0.0001}",0.5276779295470884,0.7728937728937728,0.786231884057971,0.6366486178398404,0.8239175257731959,0.7094739460223737,0.11078312910297625,138,0.8283974862529458,0.9024106037433545,0.8640608118536811,0.6407004830917874,0.863777031715963,0.8198692833315462,0.09259377987862887
81,2.2511624336242675,0.9227503969861844,0.029658794403076172,0.004247358758149815,64,10,0.0001,500,128,256,0.1,4,2,32,0.0001,"{'model__batch_size': 64, 'model__callbacks__early_stopping__patience': 10, 'model__lr': 0.0001, 'model__max_epochs': 500, 'model__module__d_model': 128, 'model__module__dim_feedforward': 256, 'model__module__dropout': 0.1, 'model__module__nhead': 4, 'model__module__num_layers': 2, 'model__module__patch_size': 32, 'model__optimizer__weight_decay': 0.0001}",0.4388792462186958,0.7894021739130435,0.789354105809802,0.7532894736842105,0.8044871794871795,0.7150824358225863,0.13912648368429206,113,0.8499345615624685,0.9562908866861171,0.8423146948964844,0.7421516754850088,0.8188288403079891,0.8419041317876136,0.06874882933682326
82,3.7210147857666014,1.3680372298042125,0.0333958625793457,0.005592127484840028,64,10,0.0001,500,128,256,0.1,4,3,16,0.0001,"{'model__batch_size': 64, 'model__callbacks__early_stopping__patience': 10, 'model__lr': 0.0001, 'model__max_epochs': 500, 'model__module__d_model': 128, 'model__module__dim_feedforward': 256, 'model__module__dropout': 0.1, 'model__module__nhead': 4, 'model__module__num_layers': 3, 'model__module__patch_size': 16, 'model__optimizer__weight_decay': 0.0001}",0.5051576775714707,0.7412520064205457,0.7781954887218046,0.7885338345864662,0.7925170068027211,0.7211312028206016,0.1094941010745301,74,0.8450294221612293,0.907426597582038,0.8380881254667663,0.6593421779988944,0.85517497447322,0.8210122595364296,0.08442766545852524
83,2.8316564559936523,0.6943290843481383,0.02819170951843262,0.0034038506727969136,64,10,0.0001,500,128,256,0.1,4,3,32,0.0001,"{'model__batch_size': 64, 'model__callbacks__early_stopping__patience': 10, 'model__lr': 0.0001, 'model__max_epochs': 500, 'model__module__d_model': 128, 'model__module__dim_feedforward': 256, 'model__module__dropout': 0.1, 'model__module__nhead': 4, 'model__module__num_layers': 3, 'model__module__patch_size': 32, 'model__optimizer__weight_decay': 0.0001}",0.48383838383838385,0.7524500907441016,0.7352564102564103,0.8015873015873016,0.8124725516029864,0.7171209476058368,0.12018676404504904,97,0.8369030620339521,0.9104477611940298,0.8772644927536232,0.8657894736842106,0.8751508400631207,0.8731111259457872,0.023579930895845213
84,3.2982892036437987,1.3594146752349814,0.030143260955810547,0.004802566722172465,64,10,0.0001,500,128,256,0.25,4,2,16,0.0001,"{'model__batch_size': 64, 'model__callbacks__early_stopping__patience': 10, 'model__lr': 0.0001, 'model__max_epochs': 500, 'model__module__d_model': 128, 'model__module__dim_feedforward': 256, 'model__module__dropout': 0.25, 'model__module__nhead': 4, 'model__module__num_layers': 2, 'model__module__patch_size': 16, 'model__optimizer__weight_decay': 0.0001}",0.46637426900584794,0.8064516129032258,0.7621705426356589,0.6957403651115619,0.8239175257731959,0.710930863085898,0.1300418265697484,126,0.8352564102564102,0.8507462686567164,0.861170666919647,0.7063294637921504,0.8478506787330318,0.8202706976715912,0.05756630894256633
85,2.3533308029174806,0.9590001671141839,0.02980318069458008,0.00567794292252754,64,10,0.0001,500,128,256,0.25,4,2,32,0.0001,"{'model__batch_size': 64, 'model__callbacks__early_stopping__patience': 10, 'model__lr': 0.0001, 'model__max_epochs': 500, 'model__module__d_model': 128, 'model__module__dim_feedforward': 256, 'model__module__dropout': 0.25, 'model__module__nhead': 4, 'model__module__num_layers': 2, 'model__module__patch_size': 32, 'model__optimizer__weight_decay': 0.0001}",0.4926911095135394,0.7894021739130435,0.751054852320675,0.6957403651115619,0.8239175257731959,0.7105612053264031,0.11695497006454454,129,0.8241962278901593,0.927821168866146,0.830319704012902,0.7179827471798275,0.825211176088369,0.8251062048074808,0.06641358094034881
86,3.4193266868591308,1.806011331415278,0.031218719482421876,0.003310436698997292,64,10,0.0001,500,128,256,0.25,4,3,16,0.0001,"{'model__batch_size': 64, 'model__callbacks__early_stopping__patience': 10, 'model__lr': 0.0001, 'model__max_epochs': 500, 'model__module__d_model': 128, 'model__module__dim_feedforward': 256, 'model__module__dropout': 0.25, 'model__module__nhead': 4, 'model__module__num_layers': 3, 'model__module__patch_size': 16, 'model__optimizer__weight_decay': 0.0001}",0.48383838383838385,0.8042929292929293,0.773076923076923,0.7747747747747747,0.8239175257731959,0.7319801073512414,0.12551994255406324,37,0.7874276261373035,0.9137770787159505,0.883007676858682,0.70636049583418,0.786363196125908,0.8153872147344048,0.07451717911604279
87,2.432920455932617,0.7161200703228322,0.028656768798828124,0.0038640198391892613,64,10,0.0001,500,128,256,0.25,4,3,32,0.0001,"{'model__batch_size': 64, 'model__callbacks__early_stopping__patience': 10, 'model__lr': 0.0001, 'model__max_epochs': 500, 'model__module__d_model': 128, 'model__module__dim_feedforward': 256, 'model__module__dropout': 0.25, 'model__module__nhead': 4, 'model__module__num_layers': 3, 'model__module__patch_size': 32, 'model__optimizer__weight_decay': 0.0001}",0.48807854137447404,0.837908496732026,0.7701528318849267,0.7337728194726166,0.8239175257731959,0.7307660430474479,0.12697581456578738,42,0.8467249357326478,0.9033189033189033,0.8654889056381785,0.7061728395061728,0.8551687006460875,0.835374856968398,0.06743445886720846
88,3.398250961303711,1.2065988683116906,0.030353212356567384,0.004855648475017735,64,10,0.0001,500,128,384,0.1,4,2,16,0.0001,"{'model__batch_size': 64, 'model__callbacks__early_stopping__patience': 10, 'model__lr': 0.0001, 'model__max_epochs': 500, 'model__module__d_model': 128, 'model__module__dim_feedforward': 384, 'model__module__dropout': 0.1, 'model__module__nhead': 4, 'model__module__num_layers': 2, 'model__module__patch_size': 16, 'model__optimizer__weight_decay': 0.0001}",0.5804597701149425,0.7973856209150327,0.7781954887218046,0.5121533721328313,0.8239175257731959,0.6984223555315614,0.12689982203525263,183,0.8352564102564102,0.8818237939853603,0.9043665607993907,0.4897526073247635,0.7719987671443982,0.7766396279020645,0.1504257328517072
89,2.4984976768493654,0.5877463317382255,0.027532482147216798,0.003845174272168031,64,10,0.0001,500,128,384,0.1,4,2,32,0.0001,"{'model__batch_size': 64, 'model__callbacks__early_stopping__patience': 10, 'model__lr': 0.0001, 'model__max_epochs': 500, 'model__module__d_model': 128, 'model__module__dim_feedforward': 384, 'model__module__dropout': 0.1, 'model__module__nhead': 4, 'model__module__num_layers': 2, 'model__module__patch_size': 32, 'model__optimizer__weight_decay': 0.0001}",0.48807854137447404,0.8315217391304348,0.7665144596651445,0.7718052738336714,0.8239175257731959,0.7363675079553842,0.12691053400255267,22,0.8528064146620848,0.8916176470588235,0.8772644927536232,0.9051339285714286,0.8310551204374169,0.8715755206966753,0.026662333542949918
90,3.8168360233306884,1.276475815522284,0.033444881439208984,0.005404711454334979,64,10,0.0001,500,128,384,0.1,4,3,16,0.0001,"{'model__batch_size': 64, 'model__callbacks__early_stopping__patience': 10, 'model__lr': 0.0001, 'model__max_epochs': 500, 'model__module__d_model': 128, 'model__module__dim_feedforward': 384, 'model__module__dropout': 0.1, 'model__module__nhead': 4, 'model__module__num_layers': 3, 'model__module__patch_size': 16, 'model__optimizer__weight_decay': 0.0001}",0.4714400643604183,0.8141858141858143,0.738243123336291,0.6697746697746698,0.8239175257731959,0.7035122394860779,0.12880064089382856,165,0.8183032207384132,0.8785857963503253,0.8684466019417476,0.7303921568627452,0.7511563367252544,0.8093768225236971,0.05997833585537159
91,2.949552869796753,0.6683555538493561,0.029740047454833985,0.00465339590981176,64,10,0.0001,500,128,384,0.1,4,3,32,0.0001,"{'model__batch_size': 64, 'model__callbacks__early_stopping__patience': 10, 'model__lr': 0.0001, 'model__max_epochs': 500, 'model__module__d_model': 128, 'model__module__dim_feedforward': 384, 'model__module__dropout': 0.1, 'model__module__nhead': 4, 'model__module__num_layers': 3, 'model__module__patch_size': 32, 'model__optimizer__weight_decay': 0.0001}",0.47971491228070173,0.8064516129032258,0.8055139346718609,0.7950310559006211,0.8124725516029864,0.7398368134718791,0.13018200650077708,15,0.8455528846153846,0.901470588235294,0.8728344313681327,0.9014222059451871,0.8594566353187043,0.8761473490965406,0.02238598417034925
92,3.2413872718811034,1.2633342246438097,0.02974810600280762,0.003588939300919745,64,10,0.0001,500,128,384,0.25,4,2,16,0.0001,"{'model__batch_size': 64, 'model__callbacks__early_stopping__patience': 10, 'model__lr': 0.0001, 'model__max_epochs': 500, 'model__module__d_model': 128, 'model__module__dim_feedforward': 384, 'model__module__dropout': 0.25, 'model__module__nhead': 4, 'model__module__num_layers': 2, 'model__module__patch_size': 16, 'model__optimizer__weight_decay': 0.0001}",0.5481874447391688,0.8554778554778555,0.7249417249417249,0.5709123757904246,0.8239175257731959,0.704687385344474,0.12629474663094248,160,0.8379010763189485,0.8591595237663774,0.8654889056381785,0.595693535188216,0.817420814479638,0.7951327710782717,0.10114475206774273
93,2.1910097122192385,0.7383852919721898,0.028582239151000978,0.003525828471037546,64,10,0.0001,500,128,384,0.25,4,2,32,0.0001,"{'model__batch_size': 64, 'model__callbacks__early_stopping__patience': 10, 'model__lr': 0.0001, 'model__max_epochs': 500, 'model__module__d_model': 128, 'model__module__dim_feedforward': 384, 'model__module__dropout': 0.25, 'model__module__nhead': 4, 'model__module__num_layers': 2, 'model__module__patch_size': 32, 'model__optimizer__weight_decay': 0.0001}",0.4714400643604183,0.8315217391304348,0.730593607305936,0.7747747747747747,0.8239175257731959,0.726449542268952,0.132606568130419,56,0.8455528846153846,0.9068474104970454,0.8482076176250934,0.7293910451805188,0.8368348497380755,0.8333667615312237,0.057604054725882516
94,4.365370559692383,1.887695885350517,0.03306083679199219,0.006119998478500372,64,10,0.0001,500,128,384,0.25,4,3,16,0.0001,"{'model__batch_size': 64, 'model__callbacks__early_stopping__patience': 10, 'model__lr': 0.0001, 'model__max_epochs': 500, 'model__module__d_model': 128, 'model__module__dim_feedforward': 384, 'model__module__dropout': 0.25, 'model__module__nhead': 4, 'model__module__num_layers': 3, 'model__module__patch_size': 16, 'model__optimizer__weight_decay': 0.0001}",0.496551724137931,0.8554778554778555,0.7892857142857144,0.6527777777777778,0.8124725516029864,0.721313124656453,0.1312594910803295,72,0.8361542416452442,0.9149984141495178,0.94627376768496,0.6120522936489519,0.8402398605283828,0.8299437155314113,0.11695147349001932
95,2.6338234424591063,0.9691408534117731,0.032659292221069336,0.006665700973804694,64,10,0.0001,500,128,384,0.25,4,3,32,0.0001,"{'model__batch_size': 64, 'model__callbacks__early_stopping__patience': 10, 'model__lr': 0.0001, 'model__max_epochs': 500, 'model__module__d_model': 128, 'model__module__dim_feedforward': 384, 'model__module__dropout': 0.25, 'model__module__nhead': 4, 'model__module__num_layers': 3, 'model__module__patch_size': 32, 'model__optimizer__weight_decay': 0.0001}",0.48807854137447404,0.8141858141858143,0.7701528318849267,0.7219279661016949,0.8124725516029864,0.7213635410299793,0.1214244050786069,70,0.8618279569892473,0.8693369336933694,0.9062881062881063,0.6941798941798942,0.9220289855072463,0.8507323753315728,0.08142182354082103
96,2.1673412799835203,1.0063567990006066,0.030068302154541017,0.0046697667463706715,64,10,0.0002,500,96,128,0.1,4,2,16,0.0001,"{'model__batch_size': 64, 'model__callbacks__early_stopping__patience': 10, 'model__lr': 0.0002, 'model__max_epochs': 500, 'model__module__d_model': 96, 'model__module__dim_feedforward': 128, 'model__module__dropout': 0.1, 'model__module__nhead': 4, 'model__module__num_layers': 2, 'model__module__patch_size': 16, 'model__optimizer__weight_decay': 0.0001}",0.4714400643604183,0.7973856209150327,0.805921052631579,0.6666666666666667,0.8239175257731959,0.7130661860693785,0.13308336556010417,121,0.8267095034110741,0.9085734805637848,0.8031644451424197,0.6268292682926829,0.7589605734767024,0.7848474541773328,0.09277494337603091
97,1.7319526672363281,0.5225718380376847,0.02900805473327637,0.004574043884575465,64,10,0.0002,500,96,128,0.1,4,2,32,0.0001,"{'model__batch_size': 64, 'model__callbacks__early_stopping__patience': 10, 'model__lr': 0.0002, 'model__max_epochs': 500, 'model__module__d_model': 96, 'model__module__dim_feedforward': 128, 'model__module__dropout': 0.1, 'model__module__nhead': 4, 'model__module__num_layers': 2, 'model__module__patch_size': 32, 'model__optimizer__weight_decay': 0.0001}",0.44696969696969696,0.7973856209150327,0.7347917290979922,0.7474747474747474,0.8239175257731959,0.710107864046133,0.1355118578500846,131,0.8086848635235733,0.8946164295417174,0.8798226164079823,0.6358485351022665,0.8580009829440995,0.815394685503928,0.09436544009921334
98,3.161772060394287,0.7174297137929081,0.03252434730529785,0.005793603832248689,64,10,0.0002,500,96,128,0.1,4,3,16,0.0001,"{'model__batch_size': 64, 'model__callbacks__early_stopping__patience': 10, 'model__lr': 0.0002, 'model__max_epochs': 500, 'model__module__d_model': 96, 'model__module__dim_feedforward': 128, 'model__module__dropout': 0.1, 'model__module__nhead': 4, 'model__module__num_layers': 3, 'model__module__patch_size': 16, 'model__optimizer__weight_decay': 0.0001}",0.46637426900584794,0.8315217391304348,0.7944250871080138,0.7718052738336714,0.8044871794871795,0.7337227097130296,0.13504259283453526,31,0.8183032207384132,0.8893257922614238,0.9153078294758902,0.8569350649350649,0.8373523972115522,0.8634448609244689,0.03498728883167354
99,1.9376107215881349,0.4815878580538574,0.02969222068786621,0.005434397647856864,64,10,0.0002,500,96,128,0.1,4,3,32,0.0001,"{'model__batch_size': 64, 'model__callbacks__early_stopping__patience': 10, 'model__lr': 0.0002, 'model__max_epochs': 500, 'model__module__d_model': 96, 'model__module__dim_feedforward': 128, 'model__module__dropout': 0.1, 'model__module__nhead': 4, 'model__module__num_layers': 3, 'model__module__patch_size': 32, 'model__optimizer__weight_decay': 0.0001}",0.4560848950101603,0.8315217391304348,0.6889922480620154,0.7954545454545454,0.8044871794871795,0.715308121428867,0.138398818582777,109,0.7978513189448442,0.8700781039590627,0.836352657004831,0.7555783419897015,0.8234146707429151,0.8166550185282709,0.03839701928947786
100,2.750509262084961,1.1909286730412387,0.029672670364379882,0.004726121187339252,64,10,0.0002,500,96,128,0.25,4,2,16,0.0001,"{'model__batch_size': 64, 'model__callbacks__early_stopping__patience': 10, 'model__lr': 0.0002, 'model__max_epochs': 500, 'model__module__d_model': 96, 'model__module__dim_feedforward': 128, 'model__module__dropout': 0.25, 'model__module__nhead': 4, 'model__module__num_layers': 2, 'model__module__patch_size': 16, 'model__optimizer__weight_decay': 0.0001}",0.5139225181598063,0.8064516129032258,0.7201897018970189,0.5347394540942928,0.7736082474226804,0.6697823068954049,0.1220885551059146,251,0.8274430812427516,0.9613275613275614,0.8180335731414867,0.5255813953488372,0.9015949663447469,0.8067961154810768,0.1500007242311613
101,1.747929000854492,0.6242011894953975,0.02802443504333496,0.004278443992227739,64,10,0.0002,500,96,128,0.25,4,2,32,0.0001,"{'model__batch_size': 64, 'model__callbacks__early_stopping__patience': 10, 'model__lr': 0.0002, 'model__max_epochs': 500, 'model__module__d_model': 96, 'model__module__dim_feedforward': 128, 'model__module__dropout': 0.25, 'model__module__nhead': 4, 'model__module__num_layers': 2, 'model__module__patch_size': 32, 'model__optimizer__weight_decay': 0.0001}",0.44696969696969696,0.7894021739130435,0.7463144963144963,0.6048009367681498,0.8239175257731959,0.6822809659477165,0.13929157154407662,225,0.8063467458933453,0.9104477611940298,0.8540331717464386,0.5952380952380952,0.8667301829268292,0.8065591913997476,0.11074638845693081
102,2.854362726211548,1.0458206780910613,0.029467678070068358,0.003885604123436937,64,10,0.0002,500,96,128,0.25,4,3,16,0.0001,"{'model__batch_size': 64, 'model__callbacks__early_stopping__patience': 10, 'model__lr': 0.0002, 'model__max_epochs': 500, 'model__module__d_model': 96, 'model__module__dim_feedforward': 128, 'model__module__dropout': 0.25, 'model__module__nhead': 4, 'model__module__num_layers': 3, 'model__module__patch_size': 16, 'model__optimizer__weight_decay': 0.0001}",0.48807854137447404,0.7894021739130435,0.773076923076923,0.6543778801843317,0.8443877551020409,0.7098646547301627,0.1270325427501903,134,0.8379010763189485,0.901470588235294,0.8448946886446886,0.6051758460517584,0.8238172291570349,0.8026518856815448,0.10221238066837286
103,1.892125177383423,0.6111057728495902,0.03031501770019531,0.005055029241622864,64,10,0.0002,500,96,128,0.25,4,3,32,0.0001,"{'model__batch_size': 64, 'model__callbacks__early_stopping__patience': 10, 'model__lr': 0.0002, 'model__max_epochs': 500, 'model__module__d_model': 96, 'model__module__dim_feedforward': 128, 'model__module__dropout': 0.25, 'model__module__nhead': 4, 'model__module__num_layers': 3, 'model__module__patch_size': 32, 'model__optimizer__weight_decay': 0.0001}",0.4577042894799904,0.8315217391304348,0.730593607305936,0.4318181818181818,0.8335282651072125,0.6570332165683511,0.17746081866249627,266,0.8309648615789369,0.8646464646464647,0.8684466019417476,0.4339802130898021,0.813030436055019,0.7622137154623941,0.16542320607402541
104,2.297359991073608,1.025863580442119,0.028861808776855468,0.003550428601808638,64,10,0.0002,500,96,256,0.1,4,2,16,0.0001,"{'model__batch_size': 64, 'model__callbacks__early_stopping__patience': 10, 'model__lr': 0.0002, 'model__max_epochs': 500, 'model__module__d_model': 96, 'model__module__dim_feedforward': 256, 'model__module__dropout': 0.1, 'model__module__nhead': 4, 'model__module__num_layers': 2, 'model__module__patch_size': 16, 'model__optimizer__weight_decay': 0.0001}",0.4550836550836551,0.7634408602150538,0.773076923076923,0.7863247863247863,0.8239175257731959,0.7203687500947228,0.13422524908828656,79,0.8224892941013953,0.9660040229780911,0.8596258992805755,0.6943204365079365,0.7425837320574162,0.817004676985083,0.09448529475701452
105,1.6566511154174806,0.5837323586550277,0.028470468521118165,0.005005266285552764,64,10,0.0002,500,96,256,0.1,4,2,32,0.0001,"{'model__batch_size': 64, 'model__callbacks__early_stopping__patience': 10, 'model__lr': 0.0002, 'model__max_epochs': 500, 'model__module__d_model': 96, 'model__module__dim_feedforward': 256, 'model__module__dropout': 0.1, 'model__module__nhead': 4, 'model__module__num_layers': 2, 'model__module__patch_size': 32, 'model__optimizer__weight_decay': 0.0001}",0.4550836550836551,0.8141858141858143,0.7463144963144963,0.496,0.7588932806324111,0.6540954492432755,0.1481321898441316,270,0.8150128534704371,0.9040241259070776,0.8670365338164252,0.5467114359075647,0.8384697336561744,0.7942509365515357,0.12728712414151672
106,3.0909447193145754,0.9423147661416771,0.030236577987670897,0.0035674699656135646,64,10,0.0002,500,96,256,0.1,4,3,16,0.0001,"{'model__batch_size': 64, 'model__callbacks__early_stopping__patience': 10, 'model__lr': 0.0002, 'model__max_epochs': 500, 'model__module__d_model': 96, 'model__module__dim_feedforward': 256, 'model__module__dropout': 0.1, 'model__module__nhead': 4, 'model__module__num_layers': 3, 'model__module__patch_size': 16, 'model__optimizer__weight_decay': 0.0001}",0.6165966386554622,0.7894021739130435,0.7665144596651445,0.8153949429402552,0.8239175257731959,0.7623651481894202,0.07562741597461256,1,0.9231658461722441,0.8549972947256479,0.908924570575056,0.7586130985140341,0.7985892181588903,0.8488580056291746,0.06298957455823154
107,1.8237289428710937,0.39156433355650583,0.02821793556213379,0.003872179848743024,64,10,0.0002,500,96,256,0.1,4,3,32,0.0001,"{'model__batch_size': 64, 'model__callbacks__early_stopping__patience': 10, 'model__lr': 0.0002, 'model__max_epochs': 500, 'model__module__d_model': 96, 'model__module__dim_feedforward': 256, 'model__module__dropout': 0.1, 'model__module__nhead': 4, 'model__module__num_layers': 3, 'model__module__patch_size': 32, 'model__optimizer__weight_decay': 0.0001}",0.5019493177387914,0.8494623655913978,0.7541666666666667,0.7863247863247863,0.8239175257731959,0.7431641324189676,0.12489108017824528,9,0.8241962278901593,0.8460477941176471,0.9043665607993907,0.8549361106248906,0.7667043740573152,0.8392502134978805,0.04477033495444506
108,2.546467351913452,1.526175860723494,0.029392290115356445,0.004665873837405801,64,10,0.0002,500,96,256,0.25,4,2,16,0.0001,"{'model__batch_size': 64, 'model__callbacks__early_stopping__patience': 10, 'model__lr': 0.0002, 'model__max_epochs': 500, 'model__module__d_model': 96, 'model__module__dim_feedforward': 256, 'model__module__dropout': 0.25, 'model__module__nhead': 4, 'model__module__num_layers': 2, 'model__module__patch_size': 16, 'model__optimizer__weight_decay': 0.0001}",0.5015756302521008,0.7728937728937728,0.7427325581395349,0.6950393060449986,0.8239175257731959,0.7072317586207206,0.11102294733631662,151,0.8352564102564102,0.9806637806637807,0.7778324315461551,0.6111016969667626,0.8482079472850721,0.8106124533436361,0.11984762946297907
109,1.756556510925293,0.6560489452052383,0.027605247497558594,0.0033475929234075097,64,10,0.0002,500,96,256,0.25,4,2,32,0.0001,"{'model__batch_size': 64, 'model__callbacks__early_stopping__patience': 10, 'model__lr': 0.0002, 'model__max_epochs': 500, 'model__module__d_model': 96, 'model__module__dim_feedforward': 256, 'model__module__dropout': 0.25, 'model__module__nhead': 4, 'model__module__num_layers': 2, 'model__module__patch_size': 32, 'model__optimizer__weight_decay': 0.0001}",0.4652014652014652,0.7973856209150327,0.7701528318849267,0.64,0.8239175257731959,0.6993314887549241,0.1330331158646949,178,0.8141502980553113,0.8670634920634921,0.9072001441831126,0.6117171313746537,0.8008804737416239,0.8002023078836388,0.10162738117759854
110,2.9810819149017336,1.1570904612141026,0.03209280967712402,0.005610728731865816,64,10,0.0002,500,96,256,0.25,4,3,16,0.0001,"{'model__batch_size': 64, 'model__callbacks__early_stopping__patience': 10, 'model__lr': 0.0002, 'model__max_epochs': 500, 'model__module__d_model': 96, 'model__module__dim_feedforward': 256, 'model__module__dropout': 0.25, 'model__module__nhead': 4, 'model__module__num_layers': 3, 'model__module__patch_size': 16, 'model__optimizer__weight_decay': 0.0001}",0.4714400643604183,0.837908496732026,0.7127555988315482,0.8076375035622685,0.7925170068027211,0.7244517340577965,0.13309913236433546,58,0.8207203077352361,0.8620588235294118,0.8670365338164252,0.6322962962962964,0.8708068568050835,0.8105837636364907,0.09094238675074236
111,2.0303043365478515,0.6793955600688998,0.029104042053222656,0.0032161296132383337,64,10,0.0002,500,96,256,0.25,4,3,32,0.0001,"{'model__batch_size': 64, 'model__callbacks__early_stopping__patience': 10, 'model__lr': 0.0002, 'model__max_epochs': 500, 'model__module__d_model': 96, 'model__module__dim_feedforward': 256, 'model__module__dropout': 0.25, 'model__module__nhead': 4, 'model__module__num_layers': 3, 'model__module__patch_size': 32, 'model__optimizer__weight_decay': 0.0001}",0.43784378437843785,0.8208667736757624,0.7621705426356589,0.7219279661016949,0.7781818181818182,0.7041981769946745,0.13689773093853538,162,0.799650143555226,0.8434077843747055,0.8931809223492314,0.6540784176439699,0.8579939668174963,0.8096622469481257,0.08337464331292828
112,3.071269464492798,0.7135013285796473,0.029842233657836913,0.004987956898759463,64,10,0.0002,500,96,384,0.1,4,2,16,0.0001,"{'model__batch_size': 64, 'model__callbacks__early_stopping__patience': 10, 'model__lr': 0.0002, 'model__max_epochs': 500, 'model__module__d_model': 96, 'model__module__dim_feedforward': 384, 'model__module__dropout': 0.1, 'model__module__nhead': 4, 'model__module__num_layers': 2, 'model__module__patch_size': 16, 'model__optimizer__weight_decay': 0.0001}",0.5804597701149425,0.8315217391304348,0.6596153846153847,0.7401247401247402,0.7925170068027211,0.7208477281576446,0.09079097318100215,76,0.843952396373057,0.8872363390227394,0.8730679156908665,0.9445925925925927,0.853686441472701,0.8805071370303912,0.03539256578133443
113,1.6192484378814698,0.5443758475262827,0.028625297546386718,0.004276268837916565,64,10,0.0002,500,96,384,0.1,4,2,32,0.0001,"{'model__batch_size': 64, 'model__callbacks__early_stopping__patience': 10, 'model__lr': 0.0002, 'model__max_epochs': 500, 'model__module__d_model': 96, 'model__module__dim_feedforward': 384, 'model__module__dropout': 0.1, 'model__module__nhead': 4, 'model__module__num_layers': 2, 'model__module__patch_size': 32, 'model__optimizer__weight_decay': 0.0001}",0.4231203431925943,0.7728937728937728,0.7463144963144963,0.7337728194726166,0.7406462585034014,0.6833495380753762,0.13078792857391675,223,0.7938502673796791,0.9049982275788727,0.8670365338164252,0.7258001784529502,0.8708068568050835,0.8324984128066021,0.0644900522338367
114,2.915316104888916,1.2136975681560895,0.03193941116333008,0.004828936454510095,64,10,0.0002,500,96,384,0.1,4,3,16,0.0001,"{'model__batch_size': 64, 'model__callbacks__early_stopping__patience': 10, 'model__lr': 0.0002, 'model__max_epochs': 500, 'model__module__d_model': 96, 'model__module__dim_feedforward': 384, 'model__module__dropout': 0.1, 'model__module__nhead': 4, 'model__module__num_layers': 3, 'model__module__patch_size': 16, 'model__optimizer__weight_decay': 0.0001}",0.522875816993464,0.7894021739130435,0.786231884057971,0.6793958392704474,0.7925170068027211,0.7140845442075294,0.10468401864060531,119,0.823146049222798,0.9104477611940298,0.8908201438848921,0.6641463414634147,0.8593426011070842,0.8295805793744437,0.08784697325003397
115,2.114367437362671,0.504040575793403,0.028526782989501953,0.0036393198907361647,64,10,0.0002,500,96,384,0.1,4,3,32,0.0001,"{'model__batch_size': 64, 'model__callbacks__early_stopping__patience': 10, 'model__lr': 0.0002, 'model__max_epochs': 500, 'model__module__d_model': 96, 'model__module__dim_feedforward': 384, 'model__module__dropout': 0.1, 'model__module__nhead': 4, 'model__module__num_layers': 3, 'model__module__patch_size': 32, 'model__optimizer__weight_decay': 0.0001}",0.46996699669967,0.7051630434782609,0.7506038647342995,0.7916666666666666,0.8239175257731959,0.7082636194704186,0.1256339800286088,147,0.8100295673825085,0.9362640177085049,0.8977204106280193,0.8721377235500585,0.8551687006460875,0.8742640839830358,0.042164959950219495
116,2.339112138748169,0.9355985165467732,0.029050683975219725,0.003924027704389042,64,10,0.0002,500,96,384,0.25,4,2,16,0.0001,"{'model__batch_size': 64, 'model__callbacks__early_stopping__patience': 10, 'model__lr': 0.0002, 'model__max_epochs': 500, 'model__module__d_model': 96, 'model__module__dim_feedforward': 384, 'model__module__dropout': 0.25, 'model__module__nhead': 4, 'model__module__num_layers': 2, 'model__module__patch_size': 16, 'model__optimizer__weight_decay': 0.0001}",0.47971491228070173,0.837908496732026,0.7359724612736661,0.766802200430519,0.8239175257731959,0.7288631192980218,0.12999306151523804,47,0.8207203077352361,0.905045351473923,0.8180335731414867,0.6949827102498858,0.837707390648567,0.8152978666498196,0.06792557929819516
117,1.6080667495727539,0.5805031924093748,0.029681873321533204,0.005226580845760573,64,10,0.0002,500,96,384,0.25,4,2,32,0.0001,"{'model__batch_size': 64, 'model__callbacks__early_stopping__patience': 10, 'model__lr': 0.0002, 'model__max_epochs': 500, 'model__module__d_model': 96, 'model__module__dim_feedforward': 384, 'model__module__dropout': 0.25, 'model__module__nhead': 4, 'model__module__num_layers': 2, 'model__module__patch_size': 32, 'model__optimizer__weight_decay': 0.0001}",0.4307992202729045,0.7316017316017316,0.7047047047047047,0.5347394540942928,0.7682370820668694,0.6340164385481006,0.12937392239932483,287,0.8104757538915353,0.9290942763912162,0.8624902419984387,0.6154674709177079,0.7914390292277456,0.8017933544853288,0.10468005337227461
118,3.0113478660583497,1.2860430874665036,0.031753158569335936,0.004293109288532738,64,10,0.0002,500,96,384,0.25,4,3,16,0.0001,"{'model__batch_size': 64, 'model__callbacks__early_stopping__patience': 10, 'model__lr': 0.0002, 'model__max_epochs': 500, 'model__module__d_model': 96, 'model__module__dim_feedforward': 384, 'model__module__dropout': 0.25, 'model__module__nhead': 4, 'model__module__num_layers': 3, 'model__module__patch_size': 16, 'model__optimizer__weight_decay': 0.0001}",0.496551724137931,0.7894021739130435,0.7223529411764706,0.7885338345864662,0.7925170068027211,0.7178715361233265,0.1137403015893197,91,0.8379010763189485,0.901470588235294,0.9027837566365332,0.6590339294668226,0.8635507246376812,0.8329480150590559,0.09031006771467917
119,1.9455152034759522,0.6065462010190397,0.028426408767700195,0.0035435864815611226,64,10,0.0002,500,96,384,0.25,4,3,32,0.0001,"{'model__batch_size': 64, 'model__callbacks__early_stopping__patience': 10, 'model__lr': 0.0002, 'model__max_epochs': 500, 'model__module__d_model': 96, 'model__module__dim_feedforward': 384, 'model__module__dropout': 0.25, 'model__module__nhead': 4, 'model__module__num_layers': 3, 'model__module__patch_size': 32, 'model__optimizer__weight_decay': 0.0001}",0.46996699669967,0.7568627450980392,0.7506038647342995,0.7441520467836258,0.8239175257731959,0.7091006358177661,0.122963534497832,140,0.8036669213139802,0.9219284829946837,0.9033541678397807,0.7181657848324515,0.8245652173913043,0.8343361148744399,0.07344049297407838
120,2.7678519248962403,0.6838870546423323,0.02904033660888672,0.0038148575957699087,64,10,0.0002,500,128,128,0.1,4,2,16,0.0001,"{'model__batch_size': 64, 'model__callbacks__early_stopping__patience': 10, 'model__lr': 0.0002, 'model__max_epochs': 500, 'model__module__d_model': 128, 'model__module__dim_feedforward': 128, 'model__module__dropout': 0.1, 'model__module__nhead': 4, 'model__module__num_layers': 2, 'model__module__patch_size': 16, 'model__optimizer__weight_decay': 0.0001}",0.522875816993464,0.837908496732026,0.7282894736842105,0.7718052738336714,0.8124725516029864,0.7346703225692717,0.11223897707755356,26,0.8387838742054199,0.8817647058823529,0.836352657004831,0.9451087062875482,0.873867621959225,0.8751755130678754,0.039414071312123496
121,1.9259843826293945,0.47422040878441013,0.029358911514282226,0.006112668772622447,64,10,0.0002,500,128,128,0.1,4,2,32,0.0001,"{'model__batch_size': 64, 'model__callbacks__early_stopping__patience': 10, 'model__lr': 0.0002, 'model__max_epochs': 500, 'model__module__d_model': 128, 'model__module__dim_feedforward': 128, 'model__module__dropout': 0.1, 'model__module__nhead': 4, 'model__module__num_layers': 2, 'model__module__patch_size': 32, 'model__optimizer__weight_decay': 0.0001}",0.5105926521855726,0.837908496732026,0.805921052631579,0.8153949429402552,0.8239175257731959,0.7587469340525257,0.12452204705564457,2,0.8618279569892473,0.8762353375819709,0.8583271097834204,0.9493886948237535,0.8622329528826456,0.8816024104122075,0.03444337479868898
122,2.607471799850464,0.525752398507829,0.03154420852661133,0.005584270564589806,64,10,0.0002,500,128,128,0.1,4,3,16,0.0001,"{'model__batch_size': 64, 'model__callbacks__early_stopping__patience': 10, 'model__lr': 0.0002, 'model__max_epochs': 500, 'model__module__d_model': 128, 'model__module__dim_feedforward': 128, 'model__module__dropout': 0.1, 'model__module__nhead': 4, 'model__module__num_layers': 3, 'model__module__patch_size': 16, 'model__optimizer__weight_decay': 0.0001}",0.496551724137931,0.837908496732026,0.7463144963144963,0.7309256158813682,0.7781818181818182,0.717976430249528,0.11662591236965937,89,0.8299421009098429,0.8476695718075029,0.8492278177458034,0.7293910451805188,0.8708068568050835,0.8254074784897503,0.04972691661162885
123,1.8783298492431642,0.6354198804238648,0.027899456024169923,0.0033790847164891294,64,10,0.0002,500,128,128,0.1,4,3,32,0.0001,"{'model__batch_size': 64, 'model__callbacks__early_stopping__patience': 10, 'model__lr': 0.0002, 'model__max_epochs': 500, 'model__module__d_model': 128, 'model__module__dim_feedforward': 128, 'model__module__dropout': 0.1, 'model__module__nhead': 4, 'model__module__num_layers': 3, 'model__module__patch_size': 32, 'model__optimizer__weight_decay': 0.0001}",0.48383838383838385,0.8315217391304348,0.773076923076923,0.7204968944099379,0.8443877551020409,0.7306643391115442,0.13109575652171718,43,0.855849358974359,0.9040241259070776,0.9012182254196642,0.6838911724407908,0.8594566353187043,0.8408879036121192,0.08104634086411322
124,2.1035844326019286,0.5158042273652483,0.02895050048828125,0.0044482841221305395,64,10,0.0002,500,128,128,0.25,4,2,16,0.0001,"{'model__batch_size': 64, 'model__callbacks__early_stopping__patience': 10, 'model__lr': 0.0002, 'model__max_epochs': 500, 'model__module__d_model': 128, 'model__module__dim_feedforward': 128, 'model__module__dropout': 0.25, 'model__module__nhead': 4, 'model__module__num_layers': 2, 'model__module__patch_size': 16, 'model__optimizer__weight_decay': 0.0001}",0.5139225181598063,0.7634408602150538,0.7265597147950089,0.7204968944099379,0.8533653846153846,0.7155570744390383,0.11143243827178326,106,0.8299421009098429,0.8633748452406962,0.8223374456165444,0.7301587301587301,0.8052353104984684,0.8102096864848564,0.04426259109295486
125,1.5086959838867187,0.5434744073512868,0.027158403396606447,0.0032879986003190027,64,10,0.0002,500,128,128,0.25,4,2,32,0.0001,"{'model__batch_size': 64, 'model__callbacks__early_stopping__patience': 10, 'model__lr': 0.0002, 'model__max_epochs': 500, 'model__module__d_model': 128, 'model__module__dim_feedforward': 128, 'model__module__dropout': 0.25, 'model__module__nhead': 4, 'model__module__num_layers': 2, 'model__module__patch_size': 32, 'model__optimizer__weight_decay': 0.0001}",0.4750805851723283,0.8554778554778555,0.7201897018970189,0.5738636363636364,0.8239175257731959,0.689705860936807,0.14553750011801048,207,0.8495316159250585,0.8916176470588235,0.8222333693471215,0.5976470588235294,0.8409930545293336,0.8004045491367734,0.10389208051017262
126,3.596681070327759,0.8599393761314658,0.0317878246307373,0.005247405388534406,64,10,0.0002,500,128,128,0.25,4,3,16,0.0001,"{'model__batch_size': 64, 'model__callbacks__early_stopping__patience': 10, 'model__lr': 0.0002, 'model__max_epochs': 500, 'model__module__d_model': 128, 'model__module__dim_feedforward': 128, 'model__module__dropout': 0.25, 'model__module__nhead': 4, 'model__module__num_layers': 3, 'model__module__patch_size': 16, 'model__optimizer__weight_decay': 0.0001}",0.5581113801452784,0.8208667736757624,0.730593607305936,0.7807017543859649,0.8124725516029864,0.7405492134231857,0.09655959891167656,12,0.842292587137948,0.893103029672407,0.8698078344419808,0.9493886948237535,0.862341502245977,0.8833867296644133,0.03678772195524221
127,1.8274991512298584,0.49048113469134835,0.02937150001525879,0.004935309085092491,64,10,0.0002,500,128,128,0.25,4,3,32,0.0001,"{'model__batch_size': 64, 'model__callbacks__early_stopping__patience': 10, 'model__lr': 0.0002, 'model__max_epochs': 500, 'model__module__d_model': 128, 'model__module__dim_feedforward': 128, 'model__module__dropout': 0.25, 'model__module__nhead': 4, 'model__module__num_layers': 3, 'model__module__patch_size': 32, 'model__optimizer__weight_decay': 0.0001}",0.5474832630795934,0.7881329605467537,0.7570478302185619,0.6031746031746031,0.8239175257731959,0.7039512365585416,0.10856875979826655,164,0.8400248988484282,0.8765589569160998,0.8380881254667663,0.5754916621991478,0.8523924495171202,0.7965112185895125,0.11135715176254733
128,2.373921012878418,0.34870333491777133,0.030077409744262696,0.004252494582515496,64,10,0.0002,500,128,256,0.1,4,2,16,0.0001,"{'model__batch_size': 64, 'model__callbacks__early_stopping__patience': 10, 'model__lr': 0.0002, 'model__max_epochs': 500, 'model__module__d_model': 128, 'model__module__dim_feedforward': 256, 'model__module__dropout': 0.1, 'model__module__nhead': 4, 'model__module__num_layers': 2, 'model__module__patch_size': 16, 'model__optimizer__weight_decay': 0.0001}",0.47971491228070173,0.7810593900481542,0.8055139346718609,0.7577639751552795,0.8443877551020409,0.7336879934516075,0.130184047510887,32,0.8169850861665549,0.8964524060414472,0.8854164751732632,0.8428902249888461,0.8310551204374169,0.8545598625615055,0.03100849208077862
129,1.8927542686462402,0.3684821673683752,0.027319049835205077,0.0031251366831505745,64,10,0.0002,500,128,256,0.1,4,2,32,0.0001,"{'model__batch_size': 64, 'model__callbacks__early_stopping__patience': 10, 'model__lr': 0.0002, 'model__max_epochs': 500, 'model__module__d_model': 128, 'model__module__dim_feedforward': 256, 'model__module__dropout': 0.1, 'model__module__nhead': 4, 'model__module__num_layers': 2, 'model__module__patch_size': 32, 'model__optimizer__weight_decay': 0.0001}",0.5197368421052632,0.7728937728937728,0.7463144963144963,0.7309256158813682,0.8044871794871795,0.7148715813364162,0.1007189014309996,115,0.855849358974359,0.9435194942044257,0.8655753968253967,0.9392664337885043,0.8651629072681704,0.8938747182121712,0.03897732481862889
130,2.7617571353912354,0.38775767679588796,0.03123049736022949,0.004896431031147575,64,10,0.0002,500,128,256,0.1,4,3,16,0.0001,"{'model__batch_size': 64, 'model__callbacks__early_stopping__patience': 10, 'model__lr': 0.0002, 'model__max_epochs': 500, 'model__module__d_model': 128, 'model__module__dim_feedforward': 256, 'model__module__dropout': 0.1, 'model__module__nhead': 4, 'model__module__num_layers': 3, 'model__module__patch_size': 16, 'model__optimizer__weight_decay': 0.0001}",0.522875816993464,0.7634408602150538,0.7347917290979922,0.7807017543859649,0.7925170068027211,0.7188654334990392,0.09990078094525681,82,0.8369289340101522,0.8507462686567164,0.8785660941000747,0.8539757853403142,0.7839357429718875,0.840830565015829,0.03145578373290784
131,1.6761921882629394,0.48338677622227116,0.02944331169128418,0.005371471998424931,64,10,0.0002,500,128,256,0.1,4,3,32,0.0001,"{'model__batch_size': 64, 'model__callbacks__early_stopping__patience': 10, 'model__lr': 0.0002, 'model__max_epochs': 500, 'model__module__d_model': 128, 'model__module__dim_feedforward': 256, 'model__module__dropout': 0.1, 'model__module__nhead': 4, 'model__module__num_layers': 3, 'model__module__patch_size': 32, 'model__optimizer__weight_decay': 0.0001}",0.47971491228070173,0.8315217391304348,0.7665144596651445,0.688,0.8239175257731959,0.7179337273698955,0.12972210404306678,90,0.8395852209805699,0.8719117647058824,0.9058882543602408,0.615036231884058,0.856612443709218,0.8178067831279939,0.10371284462996289
132,2.5023468494415284,0.6493143058241514,0.029709863662719726,0.004962338126802322,64,10,0.0002,500,128,256,0.25,4,2,16,0.0001,"{'model__batch_size': 64, 'model__callbacks__early_stopping__patience': 10, 'model__lr': 0.0002, 'model__max_epochs': 500, 'model__module__d_model': 128, 'model__module__dim_feedforward': 256, 'model__module__dropout': 0.25, 'model__module__nhead': 4, 'model__module__num_layers': 2, 'model__module__patch_size': 16, 'model__optimizer__weight_decay': 0.0001}",0.496551724137931,0.7894021739130435,0.7621705426356589,0.6832298136645962,0.8443877551020409,0.715148401890654,0.12102133580254855,111,0.834341796103383,0.8774308032855862,0.8482076176250934,0.7181657848324515,0.9131012203876525,0.8382494444468334,0.06583690071221869
133,2.00896635055542,0.49800936375539145,0.028669404983520507,0.00552506336815485,64,10,0.0002,500,128,256,0.25,4,2,32,0.0001,"{'model__batch_size': 64, 'model__callbacks__early_stopping__patience': 10, 'model__lr': 0.0002, 'model__max_epochs': 500, 'model__module__d_model': 128, 'model__module__dim_feedforward': 256, 'model__module__dropout': 0.25, 'model__module__nhead': 4, 'model__module__num_layers': 2, 'model__module__patch_size': 32, 'model__optimizer__weight_decay': 0.0001}",0.5699859747545583,0.8064516129032258,0.7665144596651445,0.7309256158813682,0.8044871794871795,0.7356729685382952,0.08737382556340738,24,0.8543555699481865,0.9041967541288338,0.8626611858775832,0.9445925925925927,0.856612443709218,0.8844837092512827,0.03510674220733751
134,2.803351354598999,0.6554653183354697,0.03225088119506836,0.007278078861937731,64,10,0.0002,500,128,256,0.25,4,3,16,0.0001,"{'model__batch_size': 64, 'model__callbacks__early_stopping__patience': 10, 'model__lr': 0.0002, 'model__max_epochs': 500, 'model__module__d_model': 128, 'model__module__dim_feedforward': 256, 'model__module__dropout': 0.25, 'model__module__nhead': 4, 'model__module__num_layers': 3, 'model__module__patch_size': 16, 'model__optimizer__weight_decay': 0.0001}",0.496551724137931,0.7412520064205457,0.8055139346718609,0.6832298136645962,0.8443877551020409,0.7141870467993948,0.12194164250459888,118,0.8379010763189485,0.9284684780867987,0.8714543212218955,0.7575427286009138,0.7455863808322825,0.8281905970121677,0.0690453105075612
135,1.761533832550049,0.46457637902683446,0.02979569435119629,0.004671007161255802,64,10,0.0002,500,128,256,0.25,4,3,32,0.0001,"{'model__batch_size': 64, 'model__callbacks__early_stopping__patience': 10, 'model__lr': 0.0002, 'model__max_epochs': 500, 'model__module__d_model': 128, 'model__module__dim_feedforward': 256, 'model__module__dropout': 0.25, 'model__module__nhead': 4, 'model__module__num_layers': 3, 'model__module__patch_size': 32, 'model__optimizer__weight_decay': 0.0001}",0.5051576775714707,0.8141858141858143,0.7440774107440774,0.766802200430519,0.8239175257731959,0.7308281257410154,0.11662844370145133,41,0.83246062288394,0.8434077843747055,0.8180335731414867,0.7064544299777706,0.8428432327166504,0.8086399286189107,0.05191572395773976
136,2.758950042724609,0.39584200361459804,0.030894136428833006,0.00533015278461644,64,10,0.0002,500,128,384,0.1,4,2,16,0.0001,"{'model__batch_size': 64, 'model__callbacks__early_stopping__patience': 10, 'model__lr': 0.0002, 'model__max_epochs': 500, 'model__module__d_model': 128, 'model__module__dim_feedforward': 384, 'model__module__dropout': 0.1, 'model__module__nhead': 4, 'model__module__num_layers': 2, 'model__module__patch_size': 16, 'model__optimizer__weight_decay': 0.0001}",0.5051576775714707,0.8554778554778555,0.7463144963144963,0.766802200430519,0.8124725516029864,0.7372449562794656,0.12203163665816383,20,0.8499345615624685,0.9226551226551226,0.8654889056381785,0.8357402597402597,0.9188536953242836,0.8785345089840627,0.03575404275145738
137,1.684269094467163,0.5979033650181335,0.029396677017211915,0.0057043956863209455,64,10,0.0002,500,128,384,0.1,4,2,32,0.0001,"{'model__batch_size': 64, 'model__callbacks__early_stopping__patience': 10, 'model__lr': 0.0002, 'model__max_epochs': 500, 'model__module__d_model': 128, 'model__module__dim_feedforward': 384, 'model__module__dropout': 0.1, 'model__module__nhead': 4, 'model__module__num_layers': 2, 'model__module__patch_size': 32, 'model__optimizer__weight_decay': 0.0001}",0.4550836550836551,0.7412520064205457,0.786231884057971,0.864024864024864,0.8124725516029864,0.7318129922380044,0.14395525719880814,38,0.8412094154226377,0.9709956709956711,0.8931809223492314,0.7267914539610512,0.8708068568050835,0.8605968639067351,0.07954070947091747
138,2.8652181148529055,0.6097179931145085,0.032985687255859375,0.006368171933962126,64,10,0.0002,500,128,384,0.1,4,3,16,0.0001,"{'model__batch_size': 64, 'model__callbacks__early_stopping__patience': 10, 'model__lr': 0.0002, 'model__max_epochs': 500, 'model__module__d_model': 128, 'model__module__dim_feedforward': 384, 'model__module__dropout': 0.1, 'model__module__nhead': 4, 'model__module__num_layers': 3, 'model__module__patch_size': 16, 'model__optimizer__weight_decay': 0.0001}",0.5051576775714707,0.7728937728937728,0.7347917290979922,0.7309256158813682,0.8443877551020409,0.7176313101093289,0.11378699328996458,93,0.8379010763189485,0.8649974812962928,0.8741665273676195,0.7464112763749569,0.747221768262788,0.8141396259241211,0.05624853043674343
139,1.4780403137207032,0.401054643999789,0.029169797897338867,0.004076133915286958,64,10,0.0002,500,128,384,0.1,4,3,32,0.0001,"{'model__batch_size': 64, 'model__callbacks__early_stopping__patience': 10, 'model__lr': 0.0002, 'model__max_epochs': 500, 'model__module__d_model': 128, 'model__module__dim_feedforward': 384, 'model__module__dropout': 0.1, 'model__module__nhead': 4, 'model__module__num_layers': 3, 'model__module__patch_size': 32, 'model__optimizer__weight_decay': 0.0001}",0.4632352941176471,0.837908496732026,0.7671052631578947,0.4877460827641623,0.7925170068027211,0.6697024287148903,0.1603750626292914,253,0.8395852209805699,0.8315827273543406,0.8180489731437599,0.5181608230107075,0.8093185432112957,0.7633392575401347,0.12303684859732306
140,2.943484830856323,1.0946830127615352,0.030272436141967774,0.005018879097960237,64,10,0.0002,500,128,384,0.25,4,2,16,0.0001,"{'model__batch_size': 64, 'model__callbacks__early_stopping__patience': 10, 'model__lr': 0.0002, 'model__max_epochs': 500, 'model__module__d_model': 128, 'model__module__dim_feedforward': 384, 'model__module__dropout': 0.25, 'model__module__nhead': 4, 'model__module__num_layers': 2, 'model__module__patch_size': 16, 'model__optimizer__weight_decay': 0.0001}",0.5139225181598063,0.7810593900481542,0.7671052631578947,0.7147012754531215,0.8239175257731959,0.7201411945184344,0.10885027553204343,80,0.8274430812427516,0.9666186231071727,0.8159574674505695,0.9650691767284397,0.756186948297604,0.8662550593653074,0.0848390018675867
141,1.6815271377563477,0.4955837052373883,0.028038215637207032,0.0036309615370160083,64,10,0.0002,500,128,384,0.25,4,2,32,0.0001,"{'model__batch_size': 64, 'model__callbacks__early_stopping__patience': 10, 'model__lr': 0.0002, 'model__max_epochs': 500, 'model__module__d_model': 128, 'model__module__dim_feedforward': 384, 'model__module__dropout': 0.25, 'model__module__nhead': 4, 'model__module__num_layers': 2, 'model__module__patch_size': 32, 'model__optimizer__weight_decay': 0.0001}",0.5207070707070707,0.8141858141858143,0.7781954887218046,0.6160794941282746,0.7925170068027211,0.704336974909137,0.11559142719842777,161,0.8529197008268703,0.8926516641176898,0.8886855862584018,0.6357142857142857,0.8732971014492754,0.8286536676733046,0.09747518294720038
142,3.3030739784240724,0.7968413705330276,0.0322049617767334,0.004648773992902259,64,10,0.0002,500,128,384,0.25,4,3,16,0.0001,"{'model__batch_size': 64, 'model__callbacks__early_stopping__patience': 10, 'model__lr': 0.0002, 'model__max_epochs': 500, 'model__module__d_model': 128, 'model__module__dim_feedforward': 384, 'model__module__dropout': 0.25, 'model__module__nhead': 4, 'model__module__num_layers': 3, 'model__module__patch_size': 16, 'model__optimizer__weight_decay': 0.0001}",0.5399159663865546,0.7894021739130435,0.7541666666666667,0.7577639751552795,0.7925170068027211,0.726753157784853,0.09473234971463004,53,0.8326327630098869,0.8434077843747055,0.8612086625695055,0.9213626364589544,0.85517497447322,0.8627573641772545,0.03090749709547526
143,1.8184781551361084,0.49200033385507164,0.02856144905090332,0.0034929373194784413,64,10,0.0002,500,128,384,0.25,4,3,32,0.0001,"{'model__batch_size': 64, 'model__callbacks__early_stopping__patience': 10, 'model__lr': 0.0002, 'model__max_epochs': 500, 'model__module__d_model': 128, 'model__module__dim_feedforward': 384, 'model__module__dropout': 0.25, 'model__module__nhead': 4, 'model__module__num_layers': 3, 'model__module__patch_size': 32, 'model__optimizer__weight_decay': 0.0001}",0.5290322580645161,0.8141858141858143,0.8187960687960688,0.7441520467836258,0.7925170068027211,0.7397366389265493,0.10862290027634071,16,0.8514539692663384,0.8604542598078823,0.8670365338164252,0.6870454545454545,0.8299327547560205,0.8191845944384241,0.0672466819636388
144,11.994839000701905,6.397030192424653,0.029607248306274415,0.002568299883089257,128,10,3e-05,500,96,128,0.1,4,2,16,0.0001,"{'model__batch_size': 128, 'model__callbacks__early_stopping__patience': 10, 'model__lr': 3e-05, 'model__max_epochs': 500, 'model__module__d_model': 96, 'model__module__dim_feedforward': 128, 'model__module__dropout': 0.1, 'model__module__nhead': 4, 'model__module__num_layers': 2, 'model__module__patch_size': 16, 'model__optimizer__weight_decay': 0.0001}",0.49266409266409267,0.8680851063829788,0.789354105809802,0.5347394540942928,0.8044871794871795,0.6978659876876693,0.153251940510483,185,0.8455528846153846,0.900497512437811,0.9252716142434325,0.5552941176470588,0.7211323763955343,0.7895497010678442,0.13669149191549265
145,7.171474742889404,2.864187762534691,0.02824397087097168,0.003343692198752394,128,10,3e-05,500,96,128,0.1,4,2,32,0.0001,"{'model__batch_size': 128, 'model__callbacks__early_stopping__patience': 10, 'model__lr': 3e-05, 'model__max_epochs': 500, 'model__module__d_model': 96, 'model__module__dim_feedforward': 128, 'model__module__dropout': 0.1, 'model__module__nhead': 4, 'model__module__num_layers': 2, 'model__module__patch_size': 32, 'model__optimizer__weight_decay': 0.0001}",0.4652014652014652,0.8315217391304348,0.7463144963144963,0.544,0.8239175257731959,0.6821910452839184,0.15011935999707154,226,0.8059400956456079,0.8679802955665025,0.8759157509157509,0.612079318903627,0.8193013882669056,0.7962433698596788,0.09595412568658948
146,11.834653759002686,6.471172571182685,0.03228363990783691,0.004852187586874027,128,10,3e-05,500,96,128,0.1,4,3,16,0.0001,"{'model__batch_size': 128, 'model__callbacks__early_stopping__patience': 10, 'model__lr': 3e-05, 'model__max_epochs': 500, 'model__module__d_model': 96, 'model__module__dim_feedforward': 128, 'model__module__dropout': 0.1, 'model__module__nhead': 4, 'model__module__num_layers': 3, 'model__module__patch_size': 16, 'model__optimizer__weight_decay': 0.0001}",0.5197368421052632,0.8315217391304348,0.7601626016260162,0.7208436724565757,0.7556089743589745,0.7175747659354529,0.10525660769262138,94,0.8412094154226377,0.9059388565622979,0.8097523954084053,0.670133164235891,0.7667875157629256,0.7987642694784315,0.07871111161249705
147,6.89227705001831,2.6561296519885387,0.02749948501586914,0.002941245454564498,128,10,3e-05,500,96,128,0.1,4,3,32,0.0001,"{'model__batch_size': 128, 'model__callbacks__early_stopping__patience': 10, 'model__lr': 3e-05, 'model__max_epochs': 500, 'model__module__d_model': 96, 'model__module__dim_feedforward': 128, 'model__module__dropout': 0.1, 'model__module__nhead': 4, 'model__module__num_layers': 3, 'model__module__patch_size': 32, 'model__optimizer__weight_decay': 0.0001}",0.4560848950101603,0.8141858141858143,0.7944250871080138,0.7577639751552795,0.8239175257731959,0.7292754594464927,0.13846013366259044,46,0.8002312000478344,0.8693369336933694,0.883007676858682,0.7342743463433119,0.8188288403079891,0.8211357994502373,0.053176526642637334
148,13.23794083595276,5.926618299831371,0.027734708786010743,0.0024464090153194754,128,10,3e-05,500,96,128,0.25,4,2,16,0.0001,"{'model__batch_size': 128, 'model__callbacks__early_stopping__patience': 10, 'model__lr': 3e-05, 'model__max_epochs': 500, 'model__module__d_model': 96, 'model__module__dim_feedforward': 128, 'model__module__dropout': 0.25, 'model__module__nhead': 4, 'model__module__num_layers': 2, 'model__module__patch_size': 16, 'model__optimizer__weight_decay': 0.0001}",0.4550836550836551,0.8616071428571428,0.831802343997466,0.7064137308039746,0.8239175257731959,0.7357648797030869,0.14998253134852238,23,0.8183032207384132,0.9356423755426249,0.8798226164079823,0.686988543371522,0.7967845036319612,0.8235082519385006,0.08381437970017383
149,7.742169284820557,3.570536521200523,0.028144121170043945,0.002801501057802633,128,10,3e-05,500,96,128,0.25,4,2,32,0.0001,"{'model__batch_size': 128, 'model__callbacks__early_stopping__patience': 10, 'model__lr': 3e-05, 'model__max_epochs': 500, 'model__module__d_model': 96, 'model__module__dim_feedforward': 128, 'model__module__dropout': 0.25, 'model__module__nhead': 4, 'model__module__num_layers': 2, 'model__module__patch_size': 32, 'model__optimizer__weight_decay': 0.0001}",0.49862637362637363,0.837908496732026,0.7987596899224807,0.6666666666666667,0.8239175257731959,0.7251757505441486,0.1285465981275992,57,0.8018809744064138,0.8894389438943895,0.8540331717464386,0.6830691185795815,0.7655205811138015,0.798788557948125,0.07180079358322178
150,12.242401695251464,6.370719722569887,0.030414438247680663,0.0021983938633997374,128,10,3e-05,500,96,128,0.25,4,3,16,0.0001,"{'model__batch_size': 128, 'model__callbacks__early_stopping__patience': 10, 'model__lr': 3e-05, 'model__max_epochs': 500, 'model__module__d_model': 96, 'model__module__dim_feedforward': 128, 'model__module__dropout': 0.25, 'model__module__nhead': 4, 'model__module__num_layers': 3, 'model__module__patch_size': 16, 'model__optimizer__weight_decay': 0.0001}",0.5207070707070707,0.7894021739130435,0.7107843137254902,0.5347394540942928,0.8239175257731959,0.6759101076426186,0.12650690991024888,241,0.8267095034110741,0.9356423755426249,0.7672911787665886,0.5323213227617731,0.8393790117928048,0.7802686784549732,0.1352317079460364
151,8.305391359329224,3.861641579020061,0.028432130813598633,0.002889732073517377,128,10,3e-05,500,96,128,0.25,4,3,32,0.0001,"{'model__batch_size': 128, 'model__callbacks__early_stopping__patience': 10, 'model__lr': 3e-05, 'model__max_epochs': 500, 'model__module__d_model': 96, 'model__module__dim_feedforward': 128, 'model__module__dropout': 0.25, 'model__module__nhead': 4, 'model__module__num_layers': 3, 'model__module__patch_size': 32, 'model__optimizer__weight_decay': 0.0001}",0.4926911095135394,0.7728937728937728,0.6946727549467275,0.6048009367681498,0.8239175257731959,0.6777952199790771,0.11855126426686342,237,0.8123458251929034,0.9257412025491826,0.8655753968253967,0.615036231884058,0.803233490256391,0.8043864293415863,0.10429693116296283
152,12.0774658203125,6.203413880994441,0.03242335319519043,0.004513870473035694,128,10,3e-05,500,96,256,0.1,4,2,16,0.0001,"{'model__batch_size': 128, 'model__callbacks__early_stopping__patience': 10, 'model__lr': 3e-05, 'model__max_epochs': 500, 'model__module__d_model': 96, 'model__module__dim_feedforward': 256, 'model__module__dropout': 0.1, 'model__module__nhead': 4, 'model__module__num_layers': 2, 'model__module__patch_size': 16, 'model__optimizer__weight_decay': 0.0001}",0.5481874447391688,0.8315217391304348,0.802435312024353,0.5812655086848635,0.8239175257731959,0.7174655060704033,0.12551193254697504,95,0.8395852209805699,0.912987012987013,0.8953802599408056,0.6292007755277897,0.7839357429718875,0.8122178024816131,0.10209261555759927
153,7.573394298553467,3.1060423727469084,0.027865266799926756,0.003150934527914371,128,10,3e-05,500,96,256,0.1,4,2,32,0.0001,"{'model__batch_size': 128, 'model__callbacks__early_stopping__patience': 10, 'model__lr': 3e-05, 'model__max_epochs': 500, 'model__module__d_model': 96, 'model__module__dim_feedforward': 256, 'model__module__dropout': 0.1, 'model__module__nhead': 4, 'model__module__num_layers': 2, 'model__module__patch_size': 32, 'model__optimizer__weight_decay': 0.0001}",0.44696969696969696,0.7651515151515151,0.7255813953488373,0.7515808491418248,0.8533653846153846,0.7085297682454518,0.1376526079890603,143,0.8224892941013953,0.9408823529411765,0.8655753968253967,0.7221121458292055,0.8293402000298552,0.8360798779454057,0.07081287395745986
154,11.007499027252198,5.305601469186285,0.03108534812927246,0.002970854587336209,128,10,3e-05,500,96,256,0.1,4,3,16,0.0001,"{'model__batch_size': 128, 'model__callbacks__early_stopping__patience': 10, 'model__lr': 3e-05, 'model__max_epochs': 500, 'model__module__d_model': 96, 'model__module__dim_feedforward': 256, 'model__module__dropout': 0.1, 'model__module__nhead': 4, 'model__module__num_layers': 3, 'model__module__patch_size': 16, 'model__optimizer__weight_decay': 0.0001}",0.5197368421052632,0.8064516129032258,0.7440774107440774,0.6666666666666667,0.8044871794871795,0.7082839423812824,0.10719620646571247,146,0.855849358974359,0.8905472636815921,0.8406033583151504,0.7048611111111112,0.7747607655502393,0.8133243715264904,0.06598079010785132
155,6.95240592956543,2.3798234509262546,0.02830195426940918,0.0032444937085278243,128,10,3e-05,500,96,256,0.1,4,3,32,0.0001,"{'model__batch_size': 128, 'model__callbacks__early_stopping__patience': 10, 'model__lr': 3e-05, 'model__max_epochs': 500, 'model__module__d_model': 96, 'model__module__dim_feedforward': 256, 'model__module__dropout': 0.1, 'model__module__nhead': 4, 'model__module__num_layers': 3, 'model__module__patch_size': 32, 'model__optimizer__weight_decay': 0.0001}",0.4307992202729045,0.8064516129032258,0.7255813953488373,0.7309256158813682,0.7925170068027211,0.6972549702418114,0.1370646036049263,189,0.8200280112044818,0.8838186787296203,0.8759157509157509,0.7565909090909091,0.8293402000298552,0.8331387099941235,0.04570387157530755
156,12.456611776351929,5.1069805499265595,0.029224252700805663,0.0021366840949539815,128,10,3e-05,500,96,256,0.25,4,2,16,0.0001,"{'model__batch_size': 128, 'model__callbacks__early_stopping__patience': 10, 'model__lr': 3e-05, 'model__max_epochs': 500, 'model__module__d_model': 96, 'model__module__dim_feedforward': 256, 'model__module__dropout': 0.25, 'model__module__nhead': 4, 'model__module__num_layers': 2, 'model__module__patch_size': 16, 'model__optimizer__weight_decay': 0.0001}",0.496551724137931,0.8241134751773049,0.7201897018970189,0.7718052738336714,0.8239175257731959,0.7273155401638244,0.12164196365267882,52,0.8369030620339521,0.8882989326422992,0.8200360497106536,0.7506023234178574,0.7913033840697503,0.8174287503749026,0.04594983278197583
157,7.42788462638855,2.510134773598876,0.028055763244628905,0.0036349971835777325,128,10,3e-05,500,96,256,0.25,4,2,32,0.0001,"{'model__batch_size': 128, 'model__callbacks__early_stopping__patience': 10, 'model__lr': 3e-05, 'model__max_epochs': 500, 'model__module__d_model': 96, 'model__module__dim_feedforward': 256, 'model__module__dropout': 0.25, 'model__module__nhead': 4, 'model__module__num_layers': 2, 'model__module__patch_size': 32, 'model__optimizer__weight_decay': 0.0001}",0.4926911095135394,0.7894021739130435,0.7621705426356589,0.6031746031746031,0.7556089743589745,0.6806094807191638,0.11438746037609884,230,0.8117869256860931,0.8663341645885287,0.8568085748792271,0.6256905708719208,0.7791461412151067,0.7879532754481754,0.08701656145313455
158,14.193671274185181,8.433591132469425,0.03112950325012207,0.003173992010617023,128,10,3e-05,500,96,256,0.25,4,3,16,0.0001,"{'model__batch_size': 128, 'model__callbacks__early_stopping__patience': 10, 'model__lr': 3e-05, 'model__max_epochs': 500, 'model__module__d_model': 96, 'model__module__dim_feedforward': 256, 'model__module__dropout': 0.25, 'model__module__nhead': 4, 'model__module__num_layers': 3, 'model__module__patch_size': 16, 'model__optimizer__weight_decay': 0.0001}",0.48807854137447404,0.8315217391304348,0.7987596899224807,0.5608899297423888,0.8239175257731959,0.7006334851885949,0.1460597871878886,175,0.8335492227979275,0.8970418747598924,0.9116560417270356,0.6087301587301588,0.786363196125908,0.8074680988281845,0.10908803743780726
159,7.669113969802856,4.307737860185941,0.027504730224609374,0.0025508961273463453,128,10,3e-05,500,96,256,0.25,4,3,32,0.0001,"{'model__batch_size': 128, 'model__callbacks__early_stopping__patience': 10, 'model__lr': 3e-05, 'model__max_epochs': 500, 'model__module__d_model': 96, 'model__module__dim_feedforward': 256, 'model__module__dropout': 0.25, 'model__module__nhead': 4, 'model__module__num_layers': 3, 'model__module__patch_size': 32, 'model__optimizer__weight_decay': 0.0001}",0.4227174694464414,0.8064516129032258,0.7621705426356589,0.6271306818181819,0.7859649122807018,0.680887043816842,0.1434964126498714,228,0.8183032207384132,0.8838186787296203,0.8874924516908212,0.5523612190278857,0.786363196125908,0.7856677532625296,0.12288154432198976
160,9.9305850982666,4.374790357586079,0.028827667236328125,0.002886730075796653,128,10,3e-05,500,96,384,0.1,4,2,16,0.0001,"{'model__batch_size': 128, 'model__callbacks__early_stopping__patience': 10, 'model__lr': 3e-05, 'model__max_epochs': 500, 'model__module__d_model': 96, 'model__module__dim_feedforward': 384, 'model__module__dropout': 0.1, 'model__module__nhead': 4, 'model__module__num_layers': 2, 'model__module__patch_size': 16, 'model__optimizer__weight_decay': 0.0001}",0.5197368421052632,0.7634408602150538,0.7352564102564103,0.5738636363636364,0.8044871794871795,0.6793569856855086,0.11176747828579356,236,0.8352564102564102,0.8492349234923493,0.830319704012902,0.5976470588235294,0.788704331666571,0.7802324856503523,0.09349535647821783
161,6.289622592926025,2.816876774086526,0.026937246322631836,0.0022533590929763735,128,10,3e-05,500,96,384,0.1,4,2,32,0.0001,"{'model__batch_size': 128, 'model__callbacks__early_stopping__patience': 10, 'model__lr': 3e-05, 'model__max_epochs': 500, 'model__module__d_model': 96, 'model__module__dim_feedforward': 384, 'model__module__dropout': 0.1, 'model__module__nhead': 4, 'model__module__num_layers': 2, 'model__module__patch_size': 32, 'model__optimizer__weight_decay': 0.0001}",0.4750805851723283,0.7894021739130435,0.7665144596651445,0.4140625,0.8044871794871795,0.6499093796475393,0.16919700857775868,276,0.8183032207384132,0.8706467661691542,0.8804220623501199,0.5376845376845376,0.7909630219290764,0.7796039217742602,0.1253832128154973
162,13.493136119842529,7.507125761963726,0.030397605895996094,0.0032299924324004923,128,10,3e-05,500,96,384,0.1,4,3,16,0.0001,"{'model__batch_size': 128, 'model__callbacks__early_stopping__patience': 10, 'model__lr': 3e-05, 'model__max_epochs': 500, 'model__module__d_model': 96, 'model__module__dim_feedforward': 384, 'model__module__dropout': 0.1, 'model__module__nhead': 4, 'model__module__num_layers': 3, 'model__module__patch_size': 16, 'model__optimizer__weight_decay': 0.0001}",0.5015756302521008,0.7894021739130435,0.7944250871080138,0.6148579253680246,0.7925170068027211,0.6985555646887808,0.12006599330294584,182,0.8224892941013953,0.8939214023183488,0.9098669623059867,0.6357142857142857,0.8580009829440995,0.8239985854768233,0.0988655622402224
163,5.775478887557983,2.5697824002230742,0.02945256233215332,0.0029285022958657233,128,10,3e-05,500,96,384,0.1,4,3,32,0.0001,"{'model__batch_size': 128, 'model__callbacks__early_stopping__patience': 10, 'model__lr': 3e-05, 'model__max_epochs': 500, 'model__module__d_model': 96, 'model__module__dim_feedforward': 384, 'model__module__dropout': 0.1, 'model__module__nhead': 4, 'model__module__num_layers': 3, 'model__module__patch_size': 32, 'model__optimizer__weight_decay': 0.0001}",0.5015756302521008,0.8315217391304348,0.776592082616179,0.7023809523809523,0.7925170068027211,0.7209174822364777,0.11740008999965634,75,0.8183032207384132,0.8621793040397692,0.7606054062542942,0.686988543371522,0.803233490256391,0.7862619929320779,0.05931540837623136
164,10.37594714164734,5.239514599742402,0.03782958984375,0.012272736098747742,128,10,3e-05,500,96,384,0.25,4,2,16,0.0001,"{'model__batch_size': 128, 'model__callbacks__early_stopping__patience': 10, 'model__lr': 3e-05, 'model__max_epochs': 500, 'model__module__d_model': 96, 'model__module__dim_feedforward': 384, 'model__module__dropout': 0.25, 'model__module__nhead': 4, 'model__module__num_layers': 2, 'model__module__patch_size': 16, 'model__optimizer__weight_decay': 0.0001}",0.5290322580645161,0.8554778554778555,0.7987596899224807,0.6160794941282746,0.8044871794871795,0.7207672954160612,0.12566672421015695,77,0.8514539692663384,0.867625267548433,0.8842332051782099,0.6348199672667758,0.7170406732117812,0.7910346164943077,0.09806194290012375
165,6.637063980102539,3.2030835126554296,0.02759976387023926,0.0030741110215296826,128,10,3e-05,500,96,384,0.25,4,2,32,0.0001,"{'model__batch_size': 128, 'model__callbacks__early_stopping__patience': 10, 'model__lr': 3e-05, 'model__max_epochs': 500, 'model__module__d_model': 96, 'model__module__dim_feedforward': 384, 'model__module__dropout': 0.25, 'model__module__nhead': 4, 'model__module__num_layers': 2, 'model__module__patch_size': 32, 'model__optimizer__weight_decay': 0.0001}",0.4560848950101603,0.7894021739130435,0.786231884057971,0.5384615384615384,0.8044871794871795,0.6749335341859786,0.14750855681087893,242,0.8018809744064138,0.8719117647058824,0.8670365338164252,0.5334573048198914,0.7773880832282472,0.770334932195372,0.12395560715728479
166,11.371819496154785,5.77973908052557,0.030979681015014648,0.004594963782209323,128,10,3e-05,500,96,384,0.25,4,3,16,0.0001,"{'model__batch_size': 128, 'model__callbacks__early_stopping__patience': 10, 'model__lr': 3e-05, 'model__max_epochs': 500, 'model__module__d_model': 96, 'model__module__dim_feedforward': 384, 'model__module__dropout': 0.25, 'model__module__nhead': 4, 'model__module__num_layers': 3, 'model__module__patch_size': 16, 'model__optimizer__weight_decay': 0.0001}",0.47971491228070173,0.8315217391304348,0.7042606516290727,0.544,0.8044871794871795,0.6727968965054778,0.13956730803896378,247,0.8165159447881961,0.8970418747598924,0.8798226164079823,0.5976470588235294,0.7879886506935687,0.7958032290946339,0.10683114982452065
167,6.563828563690185,3.5343370232363127,0.028738117218017577,0.0038149980086747593,128,10,3e-05,500,96,384,0.25,4,3,32,0.0001,"{'model__batch_size': 128, 'model__callbacks__early_stopping__patience': 10, 'model__lr': 3e-05, 'model__max_epochs': 500, 'model__module__d_model': 96, 'model__module__dim_feedforward': 384, 'model__module__dropout': 0.25, 'model__module__nhead': 4, 'model__module__num_layers': 3, 'model__module__patch_size': 32, 'model__optimizer__weight_decay': 0.0001}",0.4652014652014652,0.8141858141858143,0.8055139346718609,0.496,0.7859649122807018,0.6733732252679685,0.1579639091660059,245,0.7978513189448442,0.8522058823529413,0.9399113082039912,0.5952380952380952,0.7904004986753934,0.795121420683053,0.113318869154721
168,9.464537334442138,3.7506204907686436,0.02944669723510742,0.003740473891533404,128,10,3e-05,500,128,128,0.1,4,2,16,0.0001,"{'model__batch_size': 128, 'model__callbacks__early_stopping__patience': 10, 'model__lr': 3e-05, 'model__max_epochs': 500, 'model__module__d_model': 128, 'model__module__dim_feedforward': 128, 'model__module__dropout': 0.1, 'model__module__nhead': 4, 'model__module__num_layers': 2, 'model__module__patch_size': 16, 'model__optimizer__weight_decay': 0.0001}",0.5290322580645161,0.8064516129032258,0.7127555988315482,0.625,0.7859649122807018,0.6918408764159982,0.10335059712348206,202,0.8412094154226377,0.901470588235294,0.8180335731414867,0.686988543371522,0.7783972258942085,0.8052198692130299,0.07130461410300458
169,7.174079084396363,2.272663467789271,0.02775893211364746,0.003299385935900153,128,10,3e-05,500,128,128,0.1,4,2,32,0.0001,"{'model__batch_size': 128, 'model__callbacks__early_stopping__patience': 10, 'model__lr': 3e-05, 'model__max_epochs': 500, 'model__module__d_model': 128, 'model__module__dim_feedforward': 128, 'model__module__dropout': 0.1, 'model__module__nhead': 4, 'model__module__num_layers': 2, 'model__module__patch_size': 32, 'model__optimizer__weight_decay': 0.0001}",0.5105926521855726,0.8064516129032258,0.7987596899224807,0.6793958392704474,0.8239175257731959,0.7238234640109844,0.11823947149330867,62,0.855849358974359,0.912169543369019,0.861170666919647,0.6920289855072463,0.8072058111380145,0.8256848731816572,0.0746379367102515
170,11.699378871917725,6.0755776175254805,0.032716798782348636,0.004305291218554485,128,10,3e-05,500,128,128,0.1,4,3,16,0.0001,"{'model__batch_size': 128, 'model__callbacks__early_stopping__patience': 10, 'model__lr': 3e-05, 'model__max_epochs': 500, 'model__module__d_model': 128, 'model__module__dim_feedforward': 128, 'model__module__dropout': 0.1, 'model__module__nhead': 4, 'model__module__num_layers': 3, 'model__module__patch_size': 16, 'model__optimizer__weight_decay': 0.0001}",0.4926911095135394,0.8064516129032258,0.7127555988315482,0.6612466124661247,0.8239175257731959,0.6994124918975267,0.11943808410739512,177,0.8200280112044818,0.9211764705882353,0.8482076176250934,0.6791968599033816,0.8275641025641025,0.8192346123770589,0.07862844204866906
171,6.418795585632324,2.2367904903688087,0.028531265258789063,0.003061395519439591,128,10,3e-05,500,128,128,0.1,4,3,32,0.0001,"{'model__batch_size': 128, 'model__callbacks__early_stopping__patience': 10, 'model__lr': 3e-05, 'model__max_epochs': 500, 'model__module__d_model': 128, 'model__module__dim_feedforward': 128, 'model__module__dropout': 0.1, 'model__module__nhead': 4, 'model__module__num_layers': 3, 'model__module__patch_size': 32, 'model__optimizer__weight_decay': 0.0001}",0.49266409266409267,0.8554778554778555,0.7781954887218046,0.6366486178398404,0.8239175257731959,0.7173807160953578,0.13500709672210187,96,0.8267095034110741,0.8649974812962928,0.861170666919647,0.6393018228402145,0.8467236467236468,0.8077806242381751,0.0853044352618058
172,10.381781721115113,4.889826702867979,0.029262256622314454,0.003312745098112048,128,10,3e-05,500,128,128,0.25,4,2,16,0.0001,"{'model__batch_size': 128, 'model__callbacks__early_stopping__patience': 10, 'model__lr': 3e-05, 'model__max_epochs': 500, 'model__module__d_model': 128, 'model__module__dim_feedforward': 128, 'model__module__dropout': 0.25, 'model__module__nhead': 4, 'model__module__num_layers': 2, 'model__module__patch_size': 16, 'model__optimizer__weight_decay': 0.0001}",0.5302445302445302,0.8494623655913978,0.8055139346718609,0.6666666666666667,0.7859649122807018,0.7275704818910315,0.11574932271597616,51,0.8369030620339521,0.9408823529411765,0.8482076176250934,0.6778061421830277,0.762871129283343,0.8133340608133185,0.08826613596938913
173,6.62506628036499,2.5405078904314005,0.027758169174194335,0.002844968236557851,128,10,3e-05,500,128,128,0.25,4,2,32,0.0001,"{'model__batch_size': 128, 'model__callbacks__early_stopping__patience': 10, 'model__lr': 3e-05, 'model__max_epochs': 500, 'model__module__d_model': 128, 'model__module__dim_feedforward': 128, 'model__module__dropout': 0.25, 'model__module__nhead': 4, 'model__module__num_layers': 2, 'model__module__patch_size': 32, 'model__optimizer__weight_decay': 0.0001}",0.49266409266409267,0.7973856209150327,0.8276533592989289,0.7309256158813682,0.8239175257731959,0.7345092429065236,0.1257974764878828,27,0.8369030620339521,0.9323232323232323,0.8159574674505695,0.7384365830967772,0.8030898443519803,0.8253420378513023,0.06279239061227262
174,12.00160984992981,6.171998285185439,0.03147902488708496,0.002508035512387989,128,10,3e-05,500,128,128,0.25,4,3,16,0.0001,"{'model__batch_size': 128, 'model__callbacks__early_stopping__patience': 10, 'model__lr': 3e-05, 'model__max_epochs': 500, 'model__module__d_model': 128, 'model__module__dim_feedforward': 128, 'model__module__dropout': 0.25, 'model__module__nhead': 4, 'model__module__num_layers': 3, 'model__module__patch_size': 16, 'model__optimizer__weight_decay': 0.0001}",0.4834905660377358,0.8141858141858143,0.7347917290979922,0.7221430607010544,0.8239175257731959,0.7157057391591585,0.12307535633736677,105,0.7978513189448442,0.8970418747598924,0.9358813358813358,0.6920289855072463,0.7823624595469256,0.8210331949280489,0.08676672874726761
175,6.8573438167572025,3.069998156988532,0.029927539825439452,0.003555676785804664,128,10,3e-05,500,128,128,0.25,4,3,32,0.0001,"{'model__batch_size': 128, 'model__callbacks__early_stopping__patience': 10, 'model__lr': 3e-05, 'model__max_epochs': 500, 'model__module__d_model': 128, 'model__module__dim_feedforward': 128, 'model__module__dropout': 0.25, 'model__module__nhead': 4, 'model__module__num_layers': 3, 'model__module__patch_size': 32, 'model__optimizer__weight_decay': 0.0001}",0.46637426900584794,0.8141858141858143,0.776592082616179,0.584717607973422,0.8533653846153846,0.6990470316793295,0.14852081324165056,179,0.8455528846153846,0.8706467661691542,0.8138042048644509,0.5866867873910128,0.7990114374389332,0.7831404160957871,0.10133001827816827
176,9.423714923858643,4.512500920304685,0.031858301162719725,0.004146364686672989,128,10,3e-05,500,128,256,0.1,4,2,16,0.0001,"{'model__batch_size': 128, 'model__callbacks__early_stopping__patience': 10, 'model__lr': 3e-05, 'model__max_epochs': 500, 'model__module__d_model': 128, 'model__module__dim_feedforward': 256, 'model__module__dropout': 0.1, 'model__module__nhead': 4, 'model__module__num_layers': 2, 'model__module__patch_size': 16, 'model__optimizer__weight_decay': 0.0001}",0.5051576775714707,0.8494623655913978,0.7665144596651445,0.688,0.7682370820668694,0.7154743169789766,0.11690143679291305,107,0.8267095034110741,0.8872363390227394,0.861170666919647,0.6739463993453355,0.7752715121136173,0.8048668841624826,0.07542944047763894
177,5.489546012878418,1.8446663409793176,0.02826976776123047,0.0028078477492072323,128,10,3e-05,500,128,256,0.1,4,2,32,0.0001,"{'model__batch_size': 128, 'model__callbacks__early_stopping__patience': 10, 'model__lr': 3e-05, 'model__max_epochs': 500, 'model__module__d_model': 128, 'model__module__dim_feedforward': 256, 'model__module__dropout': 0.1, 'model__module__nhead': 4, 'model__module__num_layers': 2, 'model__module__patch_size': 32, 'model__optimizer__weight_decay': 0.0001}",0.4750805851723283,0.8315217391304348,0.7107843137254902,0.7515808491418248,0.8239175257731959,0.7185770025886549,0.12984115258183293,85,0.8165159447881961,0.8905472636815921,0.8117765087204816,0.6960050729232721,0.8111792522535836,0.8052048084734251,0.06231330505202258
178,11.040969467163086,5.059850256886866,0.031241893768310547,0.003333766726335452,128,10,3e-05,500,128,256,0.1,4,3,16,0.0001,"{'model__batch_size': 128, 'model__callbacks__early_stopping__patience': 10, 'model__lr': 3e-05, 'model__max_epochs': 500, 'model__module__d_model': 128, 'model__module__dim_feedforward': 256, 'model__module__dropout': 0.1, 'model__module__nhead': 4, 'model__module__num_layers': 3, 'model__module__patch_size': 16, 'model__optimizer__weight_decay': 0.0001}",0.4750805851723283,0.7894021739130435,0.7506038647342995,0.7747747747747747,0.7859649122807018,0.7151652621750296,0.12080856773814326,110,0.8224892941013953,0.900497512437811,0.8655753968253967,0.7409063198536883,0.7616350747418709,0.8182207195920324,0.06034833624088461
179,7.577081155776978,2.170371174121087,0.028922080993652344,0.0030795350476420444,128,10,3e-05,500,128,256,0.1,4,3,32,0.0001,"{'model__batch_size': 128, 'model__callbacks__early_stopping__patience': 10, 'model__lr': 3e-05, 'model__max_epochs': 500, 'model__module__d_model': 128, 'model__module__dim_feedforward': 256, 'model__module__dropout': 0.1, 'model__module__nhead': 4, 'model__module__num_layers': 3, 'model__module__patch_size': 32, 'model__optimizer__weight_decay': 0.0001}",0.4632352941176471,0.8241134751773049,0.789354105809802,0.817251461988304,0.8239175257731959,0.7435743725732509,0.14075202712827756,8,0.8455528846153846,0.9068474104970454,0.8431470906004013,0.8689377274315906,0.8092625765039558,0.8547495379296756,0.0322606631157666
180,9.690626430511475,4.408831726833464,0.031147527694702148,0.003659868704749698,128,10,3e-05,500,128,256,0.25,4,2,16,0.0001,"{'model__batch_size': 128, 'model__callbacks__early_stopping__patience': 10, 'model__lr': 3e-05, 'model__max_epochs': 500, 'model__module__d_model': 128, 'model__module__dim_feedforward': 256, 'model__module__dropout': 0.25, 'model__module__nhead': 4, 'model__module__num_layers': 2, 'model__module__patch_size': 16, 'model__optimizer__weight_decay': 0.0001}",0.48383838383838385,0.8208667736757624,0.7463144963144963,0.7515808491418248,0.7859649122807018,0.7177130830502338,0.11996786022527314,92,0.8183032207384132,0.8494463874744034,0.898805078416729,0.7221121458292055,0.7387676635551064,0.8054868992027714,0.06664500459018456
181,5.97985954284668,2.336182100678994,0.028695154190063476,0.0036048694558350014,128,10,3e-05,500,128,256,0.25,4,2,32,0.0001,"{'model__batch_size': 128, 'model__callbacks__early_stopping__patience': 10, 'model__lr': 3e-05, 'model__max_epochs': 500, 'model__module__d_model': 128, 'model__module__dim_feedforward': 256, 'model__module__dropout': 0.25, 'model__module__nhead': 4, 'model__module__num_layers': 2, 'model__module__patch_size': 32, 'model__optimizer__weight_decay': 0.0001}",0.5290322580645161,0.8554778554778555,0.773076923076923,0.6666666666666667,0.8239175257731959,0.7296342458118315,0.11901200838031695,44,0.8309648615789369,0.901470588235294,0.8519125683060109,0.6357142857142857,0.8092625765039558,0.8058649760676966,0.09039205628597159
182,9.36185793876648,5.16841792614351,0.03400883674621582,0.004915340626132463,128,10,3e-05,500,128,256,0.25,4,3,16,0.0001,"{'model__batch_size': 128, 'model__callbacks__early_stopping__patience': 10, 'model__lr': 3e-05, 'model__max_epochs': 500, 'model__module__d_model': 128, 'model__module__dim_feedforward': 256, 'model__module__dropout': 0.25, 'model__module__nhead': 4, 'model__module__num_layers': 3, 'model__module__patch_size': 16, 'model__optimizer__weight_decay': 0.0001}",0.46996699669967,0.7801418439716312,0.7671052631578947,0.688,0.8239175257731959,0.7058263259204783,0.125833888067663,156,0.7779261586802828,0.8970418747598924,0.836352657004831,0.6492063492063492,0.7852594449085677,0.7891572969119847,0.08196838857954977
183,7.516255521774292,2.8194539874934184,0.02921924591064453,0.0029565549220165206,128,10,3e-05,500,128,256,0.25,4,3,32,0.0001,"{'model__batch_size': 128, 'model__callbacks__early_stopping__patience': 10, 'model__lr': 3e-05, 'model__max_epochs': 500, 'model__module__d_model': 128, 'model__module__dim_feedforward': 256, 'model__module__dropout': 0.25, 'model__module__nhead': 4, 'model__module__num_layers': 3, 'model__module__patch_size': 32, 'model__optimizer__weight_decay': 0.0001}",0.44696969696969696,0.8315217391304348,0.7825552825552826,0.6666666666666667,0.8044871794871795,0.7064401129618523,0.14139235008074078,154,0.8455528846153846,0.8663341645885287,0.8568085748792271,0.6515046027693974,0.8672447828539199,0.8174890019412915,0.08336176430892299
184,9.017247533798217,3.678527139591685,0.02941107749938965,0.003437485468506112,128,10,3e-05,500,128,384,0.1,4,2,16,0.0001,"{'model__batch_size': 128, 'model__callbacks__early_stopping__patience': 10, 'model__lr': 3e-05, 'model__max_epochs': 500, 'model__module__d_model': 128, 'model__module__dim_feedforward': 384, 'model__module__dropout': 0.1, 'model__module__nhead': 4, 'model__module__num_layers': 2, 'model__module__patch_size': 16, 'model__optimizer__weight_decay': 0.0001}",0.5015756302521008,0.8141858141858143,0.7621705426356589,0.5738636363636364,0.8239175257731959,0.6951426298420812,0.1322299302303688,199,0.8283974862529458,0.8535105079634342,0.8670365338164252,0.5976470588235294,0.792726151949453,0.7878635477611576,0.0984142701620185
185,6.158005285263061,2.517765651775612,0.031265544891357425,0.0038383865189871476,128,10,3e-05,500,128,384,0.1,4,2,32,0.0001,"{'model__batch_size': 128, 'model__callbacks__early_stopping__patience': 10, 'model__lr': 3e-05, 'model__max_epochs': 500, 'model__module__d_model': 128, 'model__module__dim_feedforward': 384, 'model__module__dropout': 0.1, 'model__module__nhead': 4, 'model__module__num_layers': 2, 'model__module__patch_size': 32, 'model__optimizer__weight_decay': 0.0001}",0.4632352941176471,0.8554778554778555,0.8401084010840109,0.7064137308039746,0.8044871794871795,0.7339444921941334,0.14495434965415288,28,0.8369030620339521,0.8519703635982706,0.8076354916067146,0.7048611111111112,0.8072775263951735,0.8017295109490444,0.05140130337048827
186,10.677105331420899,6.258423787050451,0.032524919509887694,0.0030289480357747534,128,10,3e-05,500,128,384,0.1,4,3,16,0.0001,"{'model__batch_size': 128, 'model__callbacks__early_stopping__patience': 10, 'model__lr': 3e-05, 'model__max_epochs': 500, 'model__module__d_model': 128, 'model__module__dim_feedforward': 384, 'model__module__dropout': 0.1, 'model__module__nhead': 4, 'model__module__num_layers': 3, 'model__module__patch_size': 16, 'model__optimizer__weight_decay': 0.0001}",0.46637426900584794,0.7894021739130435,0.719047619047619,0.4318181818181818,0.8239175257731959,0.6461119539115776,0.16473856616787094,279,0.8183032207384132,0.8507462686567164,0.9345665942311621,0.4230769230769231,0.8234146707429151,0.7700215354892259,0.1784063177166062
187,6.038022565841675,3.2063752299455452,0.028234577178955077,0.002766748814871374,128,10,3e-05,500,128,384,0.1,4,3,32,0.0001,"{'model__batch_size': 128, 'model__callbacks__early_stopping__patience': 10, 'model__lr': 3e-05, 'model__max_epochs': 500, 'model__module__d_model': 128, 'model__module__dim_feedforward': 384, 'model__module__dropout': 0.1, 'model__module__nhead': 4, 'model__module__num_layers': 3, 'model__module__patch_size': 32, 'model__optimizer__weight_decay': 0.0001}",0.4750805851723283,0.8141858141858143,0.7347917290979922,0.6366486178398404,0.8443877551020409,0.7010189002796032,0.1339355355366441,173,0.8309648615789369,0.8633748452406962,0.874517672480321,0.6256905708719208,0.8269460527525043,0.8042988005848759,0.09115431485489237
188,8.448264837265015,4.674862152822101,0.029676485061645507,0.0035764078924362904,128,10,3e-05,500,128,384,0.25,4,2,16,0.0001,"{'model__batch_size': 128, 'model__callbacks__early_stopping__patience': 10, 'model__lr': 3e-05, 'model__max_epochs': 500, 'model__module__d_model': 128, 'model__module__dim_feedforward': 384, 'model__module__dropout': 0.25, 'model__module__nhead': 4, 'model__module__num_layers': 2, 'model__module__patch_size': 16, 'model__optimizer__weight_decay': 0.0001}",0.49266409266409267,0.7568627450980392,0.7047047047047047,0.4877460827641623,0.8044871794871795,0.6492929609436355,0.13368392686263567,277,0.8267095034110741,0.9189309418317052,0.836352657004831,0.5523612190278857,0.756186948297604,0.77810825391462,0.1241191272739632
189,6.3543354034423825,2.6285633015306966,0.03003535270690918,0.005447440397167249,128,10,3e-05,500,128,384,0.25,4,2,32,0.0001,"{'model__batch_size': 128, 'model__callbacks__early_stopping__patience': 10, 'model__lr': 3e-05, 'model__max_epochs': 500, 'model__module__d_model': 128, 'model__module__dim_feedforward': 384, 'model__module__dropout': 0.25, 'model__module__nhead': 4, 'model__module__num_layers': 2, 'model__module__patch_size': 32, 'model__optimizer__weight_decay': 0.0001}",0.4577042894799904,0.837908496732026,0.8218599033816425,0.5709123757904246,0.8044871794871795,0.6985744489742526,0.1550140801876335,181,0.8455528846153846,0.8663341645885287,0.883007676858682,0.601734166307626,0.8368348497380755,0.8066927484216594,0.10373788475161475
190,9.741129493713379,5.91393694111613,0.03256368637084961,0.005829631817328034,128,10,3e-05,500,128,384,0.25,4,3,16,0.0001,"{'model__batch_size': 128, 'model__callbacks__early_stopping__patience': 10, 'model__lr': 3e-05, 'model__max_epochs': 500, 'model__module__d_model': 128, 'model__module__dim_feedforward': 384, 'model__module__dropout': 0.25, 'model__module__nhead': 4, 'model__module__num_layers': 3, 'model__module__patch_size': 16, 'model__optimizer__weight_decay': 0.0001}",0.4577042894799904,0.7894021739130435,0.7506038647342995,0.64,0.7859649122807018,0.684735048081607,0.1257661190630419,222,0.8141502980553113,0.8850361049546007,0.8741665273676195,0.6499088889443598,0.772961719526605,0.7992447077696992,0.08507361724974974
191,6.379705619812012,3.0174855446146807,0.030141305923461915,0.0039807889508902145,128,10,3e-05,500,128,384,0.25,4,3,32,0.0001,"{'model__batch_size': 128, 'model__callbacks__early_stopping__patience': 10, 'model__lr': 3e-05, 'model__max_epochs': 500, 'model__module__d_model': 128, 'model__module__dim_feedforward': 384, 'model__module__dropout': 0.25, 'model__module__nhead': 4, 'model__module__num_layers': 3, 'model__module__patch_size': 32, 'model__optimizer__weight_decay': 0.0001}",0.4714400643604183,0.8315217391304348,0.738243123336291,0.7365339578454333,0.8044871794871795,0.7164452128319514,0.1279845491874513,102,0.8455528846153846,0.8564329915950863,0.9252716142434325,0.6830691185795815,0.797134238310709,0.8214921694688387,0.08040423129380486
192,4.800600481033325,2.224863950833407,0.02915029525756836,0.0026285041745857008,128,10,0.0001,500,96,128,0.1,4,2,16,0.0001,"{'model__batch_size': 128, 'model__callbacks__early_stopping__patience': 10, 'model__lr': 0.0001, 'model__max_epochs': 500, 'model__module__d_model': 96, 'model__module__dim_feedforward': 128, 'model__module__dropout': 0.1, 'model__module__nhead': 4, 'model__module__num_layers': 2, 'model__module__patch_size': 16, 'model__optimizer__weight_decay': 0.0001}",0.49266409266409267,0.8064516129032258,0.7506038647342995,0.6031746031746031,0.7925170068027211,0.6890822360557884,0.12183549700885382,209,0.8283974862529458,0.9408823529411765,0.9023052841286405,0.6778061421830277,0.8052353104984684,0.8309253152008518,0.09088178862590675
193,3.1792869567871094,1.300877347780047,0.030797958374023438,0.0036148177484054012,128,10,0.0001,500,96,128,0.1,4,2,32,0.0001,"{'model__batch_size': 128, 'model__callbacks__early_stopping__patience': 10, 'model__lr': 0.0001, 'model__max_epochs': 500, 'model__module__d_model': 96, 'model__module__dim_feedforward': 128, 'model__module__dropout': 0.1, 'model__module__nhead': 4, 'model__module__num_layers': 2, 'model__module__patch_size': 32, 'model__optimizer__weight_decay': 0.0001}",0.44041811846689893,0.8141858141858143,0.7987596899224807,0.503968253968254,0.8239175257731959,0.6762498804633288,0.1680108850587375,239,0.8183032207384132,0.9166529462341986,0.836352657004831,0.5773212684437923,0.8359756097560975,0.7969211404354665,0.11497573529188046
194,5.011278247833252,1.937645944232264,0.03651885986328125,0.006408146902493921,128,10,0.0001,500,96,128,0.1,4,3,16,0.0001,"{'model__batch_size': 128, 'model__callbacks__early_stopping__patience': 10, 'model__lr': 0.0001, 'model__max_epochs': 500, 'model__module__d_model': 96, 'model__module__dim_feedforward': 128, 'model__module__dropout': 0.1, 'model__module__nhead': 4, 'model__module__num_layers': 3, 'model__module__patch_size': 16, 'model__optimizer__weight_decay': 0.0001}",0.48807854137447404,0.7524500907441016,0.751054852320675,0.64,0.8443877551020409,0.6951942479082582,0.1221479939647733,198,0.8267095034110741,0.8578249336870026,0.8406033583151504,0.6268292682926829,0.8409930545293336,0.7985920236470487,0.086445791207532
195,3.043858861923218,1.4802718089945743,0.031126976013183594,0.005670530337712895,128,10,0.0001,500,96,128,0.1,4,3,32,0.0001,"{'model__batch_size': 128, 'model__callbacks__early_stopping__patience': 10, 'model__lr': 0.0001, 'model__max_epochs': 500, 'model__module__d_model': 96, 'model__module__dim_feedforward': 128, 'model__module__dropout': 0.1, 'model__module__nhead': 4, 'model__module__num_layers': 3, 'model__module__patch_size': 32, 'model__optimizer__weight_decay': 0.0001}",0.4550836550836551,0.8736413043478262,0.7506038647342995,0.7365339578454333,0.8239175257731959,0.727956061556882,0.14524368908120266,49,0.8483590713951454,0.8693369336933694,0.8714543212218955,0.6646553724762125,0.8193013882669056,0.8146214174107058,0.0772964588251926
196,5.598605728149414,2.4369477387575125,0.034124755859375,0.0037288086720821917,128,10,0.0001,500,96,128,0.25,4,2,16,0.0001,"{'model__batch_size': 128, 'model__callbacks__early_stopping__patience': 10, 'model__lr': 0.0001, 'model__max_epochs': 500, 'model__module__d_model': 96, 'model__module__dim_feedforward': 128, 'model__module__dropout': 0.25, 'model__module__nhead': 4, 'model__module__num_layers': 2, 'model__module__patch_size': 16, 'model__optimizer__weight_decay': 0.0001}",0.496551724137931,0.7801418439716312,0.7359724612736661,0.496,0.8124725516029864,0.664227716197243,0.139266455040881,260,0.8369030620339521,0.9455435485360673,0.7868393285371702,0.5330676432572167,0.8807447908970001,0.7966196746522813,0.14172750976241663
197,3.481039047241211,1.1594268023175163,0.03332886695861816,0.004142956454680865,128,10,0.0001,500,96,128,0.25,4,2,32,0.0001,"{'model__batch_size': 128, 'model__callbacks__early_stopping__patience': 10, 'model__lr': 0.0001, 'model__max_epochs': 500, 'model__module__d_model': 96, 'model__module__dim_feedforward': 128, 'model__module__dropout': 0.25, 'model__module__nhead': 4, 'model__module__num_layers': 2, 'model__module__patch_size': 32, 'model__optimizer__weight_decay': 0.0001}",0.5112819241259609,0.8141858141858143,0.7621705426356589,0.6950393060449986,0.8239175257731959,0.7213190225531256,0.11456504419730446,71,0.8141502980553113,0.9041967541288338,0.8670365338164252,0.6222222222222222,0.8763900376803602,0.8167991691806306,0.10156811219548591
198,4.426557826995849,2.4857011510258067,0.03164143562316894,0.005594871448177626,128,10,0.0001,500,96,128,0.25,4,3,16,0.0001,"{'model__batch_size': 128, 'model__callbacks__early_stopping__patience': 10, 'model__lr': 0.0001, 'model__max_epochs': 500, 'model__module__d_model': 96, 'model__module__dim_feedforward': 128, 'model__module__dropout': 0.25, 'model__module__nhead': 4, 'model__module__num_layers': 3, 'model__module__patch_size': 16, 'model__optimizer__weight_decay': 0.0001}",0.5112819241259609,0.7074410163339383,0.7834501167834501,0.7219279661016949,0.8044871794871795,0.7057176405664448,0.10379667835066869,157,0.8100295673825085,0.8817647058823529,0.7972374100719424,0.714178965066318,0.7503228410008072,0.7907066978807858,0.05691209729915594
199,2.5022048950195312,1.1432346113733813,0.027569103240966796,0.0029413965437685595,128,10,0.0001,500,96,128,0.25,4,3,32,0.0001,"{'model__batch_size': 128, 'model__callbacks__early_stopping__patience': 10, 'model__lr': 0.0001, 'model__max_epochs': 500, 'model__module__d_model': 96, 'model__module__dim_feedforward': 128, 'model__module__dropout': 0.25, 'model__module__nhead': 4, 'model__module__num_layers': 3, 'model__module__patch_size': 32, 'model__optimizer__weight_decay': 0.0001}",0.43846153846153846,0.8554778554778555,0.751054852320675,0.6048009367681498,0.8239175257731959,0.6947425417602829,0.15457201483557417,200,0.5475352112676056,0.8549972947256479,0.7908627874672016,0.5862559596615162,0.8327114427860697,0.7224725391816081,0.12926768969416227
200,4.015859985351563,2.497355633562179,0.030564022064208985,0.002513769720367964,128,10,0.0001,500,96,256,0.1,4,2,16,0.0001,"{'model__batch_size': 128, 'model__callbacks__early_stopping__patience': 10, 'model__lr': 0.0001, 'model__max_epochs': 500, 'model__module__d_model': 96, 'model__module__dim_feedforward': 256, 'model__module__dropout': 0.1, 'model__module__nhead': 4, 'model__module__num_layers': 2, 'model__module__patch_size': 16, 'model__optimizer__weight_decay': 0.0001}",0.46637426900584794,0.8064516129032258,0.7506038647342995,0.5347394540942928,0.8239175257731959,0.6764173453021723,0.1472138393033179,238,0.6857814110708892,0.9303482587064678,0.8942998829888003,0.5611015490533563,0.7747607655502393,0.7692583734739507,0.13558264885260743
201,2.928430414199829,1.0567272252840274,0.03094639778137207,0.004805615896187729,128,10,0.0001,500,96,256,0.1,4,2,32,0.0001,"{'model__batch_size': 128, 'model__callbacks__early_stopping__patience': 10, 'model__lr': 0.0001, 'model__max_epochs': 500, 'model__module__d_model': 96, 'model__module__dim_feedforward': 256, 'model__module__dropout': 0.1, 'model__module__nhead': 4, 'model__module__num_layers': 2, 'model__module__patch_size': 32, 'model__optimizer__weight_decay': 0.0001}",0.5019493177387914,0.8141858141858143,0.786231884057971,0.7365339578454333,0.7736082474226804,0.722501844250138,0.11306604258113746,65,0.8117869256860931,0.8785857963503253,0.8798226164079823,0.6778061421830277,0.8215537992077482,0.8139110559670353,0.07364051446486858
202,4.756251668930053,3.068748518436649,0.036174583435058597,0.004647194532502371,128,10,0.0001,500,96,256,0.1,4,3,16,0.0001,"{'model__batch_size': 128, 'model__callbacks__early_stopping__patience': 10, 'model__lr': 0.0001, 'model__max_epochs': 500, 'model__module__d_model': 96, 'model__module__dim_feedforward': 256, 'model__module__dropout': 0.1, 'model__module__nhead': 4, 'model__module__num_layers': 3, 'model__module__patch_size': 16, 'model__optimizer__weight_decay': 0.0001}",0.5015756302521008,0.7894021739130435,0.7570478302185619,0.7950310559006211,0.8239175257731959,0.7333948432115046,0.11783871278710378,33,0.7825719120135364,0.8606965174129353,0.8974317383076507,0.7139716439339555,0.724855097170133,0.7959053817676421,0.07272489818894998
203,3.367017078399658,1.5252756717505684,0.027516937255859374,0.002045334639952546,128,10,0.0001,500,96,256,0.1,4,3,32,0.0001,"{'model__batch_size': 128, 'model__callbacks__early_stopping__patience': 10, 'model__lr': 0.0001, 'model__max_epochs': 500, 'model__module__d_model': 96, 'model__module__dim_feedforward': 256, 'model__module__dropout': 0.1, 'model__module__nhead': 4, 'model__module__num_layers': 3, 'model__module__patch_size': 32, 'model__optimizer__weight_decay': 0.0001}",0.44696969696969696,0.8141858141858143,0.7701528318849267,0.6543778801843317,0.8044871794871795,0.6980346805423899,0.13781421575814887,184,0.8146634615384616,0.8882989326422992,0.8772644927536232,0.5735253738049475,0.8451870416782697,0.7997878604835202,0.11602923810874921
204,3.890068769454956,2.379691723341593,0.029511785507202147,0.0022342391746562416,128,10,0.0001,500,96,256,0.25,4,2,16,0.0001,"{'model__batch_size': 128, 'model__callbacks__early_stopping__patience': 10, 'model__lr': 0.0001, 'model__max_epochs': 500, 'model__module__d_model': 96, 'model__module__dim_feedforward': 256, 'model__module__dropout': 0.25, 'model__module__nhead': 4, 'model__module__num_layers': 2, 'model__module__patch_size': 16, 'model__optimizer__weight_decay': 0.0001}",0.49266409266409267,0.7801418439716312,0.7127555988315482,0.503968253968254,0.8239175257731959,0.6626894630417444,0.13885043516890214,262,0.6809784592917123,0.9408823529411765,0.8222333693471215,0.5107558139534883,0.747221768262788,0.7404143527592574,0.1436689119864608
205,2.6073495864868166,1.6927170652652979,0.03151965141296387,0.0029716818183971165,128,10,0.0001,500,96,256,0.25,4,2,32,0.0001,"{'model__batch_size': 128, 'model__callbacks__early_stopping__patience': 10, 'model__lr': 0.0001, 'model__max_epochs': 500, 'model__module__d_model': 96, 'model__module__dim_feedforward': 256, 'model__module__dropout': 0.25, 'model__module__nhead': 4, 'model__module__num_layers': 2, 'model__module__patch_size': 32, 'model__optimizer__weight_decay': 0.0001}",0.4750805851723283,0.8424682395644283,0.7765151515151515,0.5709123757904246,0.8239175257731959,0.6977787755631056,0.14746864723745456,186,0.7030920829085967,0.9158400295557403,0.6204719801007504,0.5857507542353214,0.8113568734481909,0.7273023440497199,0.12218620114672511
206,5.487396192550659,2.55057230544484,0.03498950004577637,0.005560732420807604,128,10,0.0001,500,96,256,0.25,4,3,16,0.0001,"{'model__batch_size': 128, 'model__callbacks__early_stopping__patience': 10, 'model__lr': 0.0001, 'model__max_epochs': 500, 'model__module__d_model': 96, 'model__module__dim_feedforward': 256, 'model__module__dropout': 0.25, 'model__module__nhead': 4, 'model__module__num_layers': 3, 'model__module__patch_size': 16, 'model__optimizer__weight_decay': 0.0001}",0.5015756302521008,0.7801418439716312,0.7127555988315482,0.7718052738336714,0.8239175257731959,0.7180391745324295,0.11387900809332474,87,0.8326327630098869,0.8949980410082277,0.8448946886446886,0.6987360959407949,0.7814178409338645,0.8105358859074924,0.06655780724626742
207,3.453320837020874,1.439001627576844,0.03341097831726074,0.007577742178791422,128,10,0.0001,500,96,256,0.25,4,3,32,0.0001,"{'model__batch_size': 128, 'model__callbacks__early_stopping__patience': 10, 'model__lr': 0.0001, 'model__max_epochs': 500, 'model__module__d_model': 96, 'model__module__dim_feedforward': 256, 'model__module__dropout': 0.25, 'model__module__nhead': 4, 'model__module__num_layers': 3, 'model__module__patch_size': 32, 'model__optimizer__weight_decay': 0.0001}",0.4560848950101603,0.8141858141858143,0.6946727549467275,0.6666666666666667,0.8044871794871795,0.6872194620593097,0.12943981549845432,212,0.8100295673825085,0.8807807968113313,0.884974533106961,0.6358485351022665,0.8351991088833194,0.8093665082572773,0.09120616639425566
208,4.192184829711914,2.0723633708795277,0.02979569435119629,0.0028165745494511114,128,10,0.0001,500,96,384,0.1,4,2,16,0.0001,"{'model__batch_size': 128, 'model__callbacks__early_stopping__patience': 10, 'model__lr': 0.0001, 'model__max_epochs': 500, 'model__module__d_model': 96, 'model__module__dim_feedforward': 384, 'model__module__dropout': 0.1, 'model__module__nhead': 4, 'model__module__num_layers': 2, 'model__module__patch_size': 16, 'model__optimizer__weight_decay': 0.0001}",0.4714400643604183,0.7894021739130435,0.7352564102564103,0.7648902821316614,0.8239175257731959,0.7169812912869459,0.12617439358612578,98,0.8326327630098869,0.9041967541288338,0.8345543345543346,0.7024766097963676,0.8425519461515949,0.8232824815282035,0.06591960688092648
209,2.47328143119812,0.8940384725802315,0.028823137283325195,0.0030636308124518804,128,10,0.0001,500,96,384,0.1,4,2,32,0.0001,"{'model__batch_size': 128, 'model__callbacks__early_stopping__patience': 10, 'model__lr': 0.0001, 'model__max_epochs': 500, 'model__module__d_model': 96, 'model__module__dim_feedforward': 384, 'model__module__dropout': 0.1, 'model__module__nhead': 4, 'model__module__num_layers': 2, 'model__module__patch_size': 32, 'model__optimizer__weight_decay': 0.0001}",0.48383838383838385,0.8064516129032258,0.7463144963144963,0.4318181818181818,0.7925170068027211,0.6521879363354017,0.16078167790632622,272,0.8158918856124997,0.8781356574460022,0.883007676858682,0.44844989185291995,0.7990114374389332,0.7648993098418074,0.16166395452083238
210,5.070621538162231,2.4693104404506707,0.03821649551391602,0.0027868193976541807,128,10,0.0001,500,96,384,0.1,4,3,16,0.0001,"{'model__batch_size': 128, 'model__callbacks__early_stopping__patience': 10, 'model__lr': 0.0001, 'model__max_epochs': 500, 'model__module__d_model': 96, 'model__module__dim_feedforward': 384, 'model__module__dropout': 0.1, 'model__module__nhead': 4, 'model__module__num_layers': 3, 'model__module__patch_size': 16, 'model__optimizer__weight_decay': 0.0001}",0.4577042894799904,0.7894021739130435,0.7665144596651445,0.4608010955152345,0.7781818181818182,0.6505207673510462,0.15634044496840915,275,0.8117869256860931,0.8926516641176898,0.8964236964236965,0.540406976744186,0.8622329528826456,0.8007004431708621,0.1336262075772002
211,2.7958149909973145,1.1488624294133338,0.03286247253417969,0.0051706972150193835,128,10,0.0001,500,96,384,0.1,4,3,32,0.0001,"{'model__batch_size': 128, 'model__callbacks__early_stopping__patience': 10, 'model__lr': 0.0001, 'model__max_epochs': 500, 'model__module__d_model': 96, 'model__module__dim_feedforward': 384, 'model__module__dropout': 0.1, 'model__module__nhead': 4, 'model__module__num_layers': 3, 'model__module__patch_size': 32, 'model__optimizer__weight_decay': 0.0001}",0.4714400643604183,0.8315217391304348,0.7412280701754386,0.7577639751552795,0.7736082474226804,0.7151124192488503,0.12557889205632283,112,0.8369030620339521,0.8407960199004976,0.8942998829888003,0.6453248384781048,0.786363196125908,0.8007373999054526,0.08488376567698554
212,3.966415023803711,2.386288846002436,0.034246635437011716,0.0050318223313394195,128,10,0.0001,500,96,384,0.25,4,2,16,0.0001,"{'model__batch_size': 128, 'model__callbacks__early_stopping__patience': 10, 'model__lr': 0.0001, 'model__max_epochs': 500, 'model__module__d_model': 96, 'model__module__dim_feedforward': 384, 'model__module__dropout': 0.25, 'model__module__nhead': 4, 'model__module__num_layers': 2, 'model__module__patch_size': 16, 'model__optimizer__weight_decay': 0.0001}",0.496551724137931,0.8241134751773049,0.7621705426356589,0.7648902821316614,0.6089743589743589,0.6913400766113831,0.12064988745723736,204,0.8283974862529458,0.8970418747598924,0.8670365338164252,0.6948452211610106,0.5157911962035673,0.7606224624387682,0.14056789028413744
213,2.9005994319915773,1.1874537889357775,0.029216623306274413,0.0027373514170363124,128,10,0.0001,500,96,384,0.25,4,2,32,0.0001,"{'model__batch_size': 128, 'model__callbacks__early_stopping__patience': 10, 'model__lr': 0.0001, 'model__max_epochs': 500, 'model__module__d_model': 96, 'model__module__dim_feedforward': 384, 'model__module__dropout': 0.25, 'model__module__nhead': 4, 'model__module__num_layers': 2, 'model__module__patch_size': 32, 'model__optimizer__weight_decay': 0.0001}",0.4652014652014652,0.837908496732026,0.7412280701754386,0.8076375035622685,0.8044871794871795,0.7312925430316755,0.13671587017473427,40,0.8117869256860931,0.8620588235294118,0.8626611858775832,0.691089375448672,0.7783972258942085,0.8011987072871938,0.06362023719539801
214,3.7934077262878416,2.6240783494446567,0.033052825927734376,0.002999030892830143,128,10,0.0001,500,96,384,0.25,4,3,16,0.0001,"{'model__batch_size': 128, 'model__callbacks__early_stopping__patience': 10, 'model__lr': 0.0001, 'model__max_epochs': 500, 'model__module__d_model': 96, 'model__module__dim_feedforward': 384, 'model__module__dropout': 0.25, 'model__module__nhead': 4, 'model__module__num_layers': 3, 'model__module__patch_size': 16, 'model__optimizer__weight_decay': 0.0001}",0.47971491228070173,0.8141858141858143,0.7265597147950089,0.7204968944099379,0.6571282575370465,0.6796171186417019,0.11175879222924531,234,0.8267095034110741,0.8882989326422992,0.7499656465322628,0.647857400837069,0.530711194689263,0.7287085356223936,0.1274872560575281
215,2.6160378456115723,1.6119286148143093,0.02847738265991211,0.0023942442549597415,128,10,0.0001,500,96,384,0.25,4,3,32,0.0001,"{'model__batch_size': 128, 'model__callbacks__early_stopping__patience': 10, 'model__lr': 0.0001, 'model__max_epochs': 500, 'model__module__d_model': 96, 'model__module__dim_feedforward': 384, 'model__module__dropout': 0.25, 'model__module__nhead': 4, 'model__module__num_layers': 3, 'model__module__patch_size': 32, 'model__optimizer__weight_decay': 0.0001}",0.4577042894799904,0.8315217391304348,0.7347917290979922,0.496,0.8044871794871795,0.6649009874391194,0.15721928054622328,258,0.7605574886391726,0.8839826839826841,0.861170666919647,0.6087356792144026,0.813324080499653,0.7855541198511118,0.09804775128796754
216,4.04560170173645,1.7157626191831332,0.02792048454284668,0.003130176871940055,128,10,0.0001,500,128,128,0.1,4,2,16,0.0001,"{'model__batch_size': 128, 'model__callbacks__early_stopping__patience': 10, 'model__lr': 0.0001, 'model__max_epochs': 500, 'model__module__d_model': 128, 'model__module__dim_feedforward': 128, 'model__module__dropout': 0.1, 'model__module__nhead': 4, 'model__module__num_layers': 2, 'model__module__patch_size': 16, 'model__optimizer__weight_decay': 0.0001}",0.47971491228070173,0.8241134751773049,0.8055139346718609,0.5384615384615384,0.9022435897435898,0.7100094900669991,0.16826114209383214,133,0.8326327630098869,0.8989496364126044,0.8698078344419808,0.4217687074829932,0.8467236467236468,0.7739765176142225,0.17753025834609287
217,2.389865684509277,0.8540829140939067,0.02789936065673828,0.003924654092260604,128,10,0.0001,500,128,128,0.1,4,2,32,0.0001,"{'model__batch_size': 128, 'model__callbacks__early_stopping__patience': 10, 'model__lr': 0.0001, 'model__max_epochs': 500, 'model__module__d_model': 128, 'model__module__dim_feedforward': 128, 'model__module__dropout': 0.1, 'model__module__nhead': 4, 'model__module__num_layers': 2, 'model__module__patch_size': 32, 'model__optimizer__weight_decay': 0.0001}",0.4577042894799904,0.8494623655913978,0.8151629072681704,0.7219279661016949,0.8533653846153846,0.7395245826113276,0.14866036392906734,17,0.8158918856124997,0.8861365105754133,0.8580243320332965,0.6654421411702965,0.8245652173913043,0.8100120173565621,0.07648128975235087
218,3.8155447959899904,2.0375657575772967,0.03026161193847656,0.002977125015166135,128,10,0.0001,500,128,128,0.1,4,3,16,0.0001,"{'model__batch_size': 128, 'model__callbacks__early_stopping__patience': 10, 'model__lr': 0.0001, 'model__max_epochs': 500, 'model__module__d_model': 128, 'model__module__dim_feedforward': 128, 'model__module__dropout': 0.1, 'model__module__nhead': 4, 'model__module__num_layers': 3, 'model__module__patch_size': 16, 'model__optimizer__weight_decay': 0.0001}",0.48383838383838385,0.7801418439716312,0.6953528399311532,0.7221430607010544,0.8239175257731959,0.7010787308430837,0.11748208849291264,172,0.8104757538915353,0.8936507936507936,0.8138736263736264,0.6859605911330049,0.7720338983050847,0.7951989326708089,0.06744557577932213
219,2.6350674629211426,0.9827993777474862,0.029080867767333984,0.002164371535217638,128,10,0.0001,500,128,128,0.1,4,3,32,0.0001,"{'model__batch_size': 128, 'model__callbacks__early_stopping__patience': 10, 'model__lr': 0.0001, 'model__max_epochs': 500, 'model__module__d_model': 128, 'model__module__dim_feedforward': 128, 'model__module__dropout': 0.1, 'model__module__nhead': 4, 'model__module__num_layers': 3, 'model__module__patch_size': 32, 'model__optimizer__weight_decay': 0.0001}",0.4750805851723283,0.8494623655913978,0.7825552825552826,0.688,0.8239175257731959,0.7238031518184409,0.1359483134015817,63,0.8335492227979275,0.8861365105754133,0.883007676858682,0.6478621112929623,0.8327114427860697,0.8166533928622111,0.08748099384688565
220,4.465136289596558,2.184315506216259,0.032198619842529294,0.006345433272680868,128,10,0.0001,500,128,128,0.25,4,2,16,0.0001,"{'model__batch_size': 128, 'model__callbacks__early_stopping__patience': 10, 'model__lr': 0.0001, 'model__max_epochs': 500, 'model__module__d_model': 128, 'model__module__dim_feedforward': 128, 'model__module__dropout': 0.25, 'model__module__nhead': 4, 'model__module__num_layers': 2, 'model__module__patch_size': 16, 'model__optimizer__weight_decay': 0.0001}",0.4926911095135394,0.8064516129032258,0.7352564102564103,0.503968253968254,0.8239175257731959,0.672456982482925,0.14528788387533903,248,0.8141502980553113,0.9609642414973418,0.836352657004831,0.5754916621991478,0.797134238310709,0.7968186194134683,0.12473398419609563
221,2.948698711395264,1.0748508986352912,0.03166728019714356,0.005880505305579704,128,10,0.0001,500,128,128,0.25,4,2,32,0.0001,"{'model__batch_size': 128, 'model__callbacks__early_stopping__patience': 10, 'model__lr': 0.0001, 'model__max_epochs': 500, 'model__module__d_model': 128, 'model__module__dim_feedforward': 128, 'model__module__dropout': 0.25, 'model__module__nhead': 4, 'model__module__num_layers': 2, 'model__module__patch_size': 32, 'model__optimizer__weight_decay': 0.0001}",0.5019493177387914,0.8554778554778555,0.7255813953488373,0.584717607973422,0.8742268041237113,0.7083905961325235,0.14652292840736755,145,0.8455528846153846,0.8793879387938794,0.883007676858682,0.5976470588235294,0.8510281008271254,0.8113247319837201,0.10786761946429951
222,4.425656700134278,2.3416358691070864,0.0329681396484375,0.002936986076316073,128,10,0.0001,500,128,128,0.25,4,3,16,0.0001,"{'model__batch_size': 128, 'model__callbacks__early_stopping__patience': 10, 'model__lr': 0.0001, 'model__max_epochs': 500, 'model__module__d_model': 128, 'model__module__dim_feedforward': 128, 'model__module__dropout': 0.25, 'model__module__nhead': 4, 'model__module__num_layers': 3, 'model__module__patch_size': 16, 'model__optimizer__weight_decay': 0.0001}",0.48383838383838385,0.8494623655913978,0.7347917290979922,0.6527777777777778,0.8239175257731959,0.7089575564157495,0.1322570299258648,142,0.8104757538915353,0.9174383415182212,0.8626611858775832,0.6087356792144026,0.7394673123486682,0.7877556545700821,0.10707432595964847
223,2.970984411239624,1.1905094459899228,0.02988715171813965,0.002619496070174657,128,10,0.0001,500,128,128,0.25,4,3,32,0.0001,"{'model__batch_size': 128, 'model__callbacks__early_stopping__patience': 10, 'model__lr': 0.0001, 'model__max_epochs': 500, 'model__module__d_model': 128, 'model__module__dim_feedforward': 128, 'model__module__dropout': 0.25, 'model__module__nhead': 4, 'model__module__num_layers': 3, 'model__module__patch_size': 32, 'model__optimizer__weight_decay': 0.0001}",0.4490566037735849,0.8494623655913978,0.7621705426356589,0.6666666666666667,0.8533653846153846,0.7161443126565386,0.15000374752852813,103,0.8224892941013953,0.8749976678669378,0.8931809223492314,0.625203063355767,0.8148188405797101,0.8061379576506085,0.09528724710079897
224,3.862371730804443,2.0977887322479587,0.03174648284912109,0.006574228122317376,128,10,0.0001,500,128,256,0.1,4,2,16,0.0001,"{'model__batch_size': 128, 'model__callbacks__early_stopping__patience': 10, 'model__lr': 0.0001, 'model__max_epochs': 500, 'model__module__d_model': 128, 'model__module__dim_feedforward': 256, 'model__module__dropout': 0.1, 'model__module__nhead': 4, 'model__module__num_layers': 2, 'model__module__patch_size': 16, 'model__optimizer__weight_decay': 0.0001}",0.47971491228070173,0.8064516129032258,0.7506038647342995,0.5384615384615384,0.8239175257731959,0.6798298908305923,0.1427124928782894,233,0.8274430812427516,0.8860544217687075,0.8931809223492314,0.4853988603988604,0.7318580542264753,0.7647870679972052,0.15116786656883588
225,2.2579532623291017,0.7905950479356318,0.027465629577636718,0.0018923814538268908,128,10,0.0001,500,128,256,0.1,4,2,32,0.0001,"{'model__batch_size': 128, 'model__callbacks__early_stopping__patience': 10, 'model__lr': 0.0001, 'model__max_epochs': 500, 'model__module__d_model': 128, 'model__module__dim_feedforward': 256, 'model__module__dropout': 0.1, 'model__module__nhead': 4, 'model__module__num_layers': 2, 'model__module__patch_size': 32, 'model__optimizer__weight_decay': 0.0001}",0.4750805851723283,0.8494623655913978,0.7671052631578947,0.7365339578454333,0.7925170068027211,0.7241398357139551,0.12993177172669673,60,0.8352564102564102,0.8960376835688557,0.8117765087204816,0.658955815335843,0.8787436216440381,0.8161540079051257,0.08413583945891959
226,4.39782133102417,2.886702498738577,0.030950498580932618,0.002528735555011846,128,10,0.0001,500,128,256,0.1,4,3,16,0.0001,"{'model__batch_size': 128, 'model__callbacks__early_stopping__patience': 10, 'model__lr': 0.0001, 'model__max_epochs': 500, 'model__module__d_model': 128, 'model__module__dim_feedforward': 256, 'model__module__dropout': 0.1, 'model__module__nhead': 4, 'model__module__num_layers': 3, 'model__module__patch_size': 16, 'model__optimizer__weight_decay': 0.0001}",0.5105926521855726,0.8064516129032258,0.71007371007371,0.8076375035622685,0.8239175257731959,0.7317346008995946,0.11765587943322522,39,0.7952808456586794,0.9249986007201627,0.8908201438848921,0.7218181818181818,0.7503228410008072,0.8166481226165446,0.07885383443071974
227,2.4729758739471435,1.076957500915653,0.028698444366455078,0.0027001532385212694,128,10,0.0001,500,128,256,0.1,4,3,32,0.0001,"{'model__batch_size': 128, 'model__callbacks__early_stopping__patience': 10, 'model__lr': 0.0001, 'model__max_epochs': 500, 'model__module__d_model': 128, 'model__module__dim_feedforward': 256, 'model__module__dropout': 0.1, 'model__module__nhead': 4, 'model__module__num_layers': 3, 'model__module__patch_size': 32, 'model__optimizer__weight_decay': 0.0001}",0.4490566037735849,0.7412520064205457,0.7701528318849267,0.6666666666666667,0.8044871794871795,0.6863230576465809,0.12703473855008832,216,0.8267095034110741,0.9024106037433545,0.9098669623059867,0.6392682926829268,0.8113568734481909,0.8179224471183065,0.09760088984832738
228,3.8214542388916017,2.0969218449575657,0.029445075988769533,0.0036787817670936676,128,10,0.0001,500,128,256,0.25,4,2,16,0.0001,"{'model__batch_size': 128, 'model__callbacks__early_stopping__patience': 10, 'model__lr': 0.0001, 'model__max_epochs': 500, 'model__module__d_model': 128, 'model__module__dim_feedforward': 256, 'model__module__dropout': 0.25, 'model__module__nhead': 4, 'model__module__num_layers': 2, 'model__module__patch_size': 16, 'model__optimizer__weight_decay': 0.0001}",0.4750805851723283,0.7894021739130435,0.7347917290979922,0.4318181818181818,0.8044871794871795,0.647115969897745,0.16040412174357566,278,0.8241962278901593,0.9408823529411765,0.8886855862584018,0.4230769230769231,0.724855097170133,0.7603392374673587,0.18338555555957414
229,15.10430450439453,24.24983170954666,0.03409218788146973,0.006909758648716519,128,10,0.0001,500,128,256,0.25,4,2,32,0.0001,"{'model__batch_size': 128, 'model__callbacks__early_stopping__patience': 10, 'model__lr': 0.0001, 'model__max_epochs': 500, 'model__module__d_model': 128, 'model__module__dim_feedforward': 256, 'model__module__dropout': 0.25, 'model__module__nhead': 4, 'model__module__num_layers': 2, 'model__module__patch_size': 32, 'model__optimizer__weight_decay': 0.0001}",0.496551724137931,0.7568627450980392,0.7463144963144963,0.6048009367681498,0.8239175257731959,0.6856894856183625,0.1184601756075313,217,0.829235880398671,0.9024106037433545,0.8728344313681327,0.6154046182650301,0.8134535367545077,0.8066678141059391,0.10067936902743314
230,4.455555629730225,2.140553985040263,0.03025197982788086,0.002611501095377647,128,10,0.0001,500,128,256,0.25,4,3,16,0.0001,"{'model__batch_size': 128, 'model__callbacks__early_stopping__patience': 10, 'model__lr': 0.0001, 'model__max_epochs': 500, 'model__module__d_model': 128, 'model__module__dim_feedforward': 256, 'model__module__dropout': 0.25, 'model__module__nhead': 4, 'model__module__num_layers': 3, 'model__module__patch_size': 16, 'model__optimizer__weight_decay': 0.0001}",0.4307992202729045,0.837908496732026,0.7127555988315482,0.4318181818181818,0.8124725516029864,0.6451508098515294,0.1795438179084936,281,0.8267095034110741,0.9033189033189033,0.861170666919647,0.4501522070015221,0.8732971014492754,0.7829296764200844,0.1681897782019095
231,2.4708613395690917,1.0803609348593435,0.029114580154418944,0.0033950737205714955,128,10,0.0001,500,128,256,0.25,4,3,32,0.0001,"{'model__batch_size': 128, 'model__callbacks__early_stopping__patience': 10, 'model__lr': 0.0001, 'model__max_epochs': 500, 'model__module__d_model': 128, 'model__module__dim_feedforward': 256, 'model__module__dropout': 0.25, 'model__module__nhead': 4, 'model__module__num_layers': 3, 'model__module__patch_size': 32, 'model__optimizer__weight_decay': 0.0001}",0.4550836550836551,0.7568627450980392,0.7665144596651445,0.7747747747747747,0.42990654205607476,0.6366284353355376,0.15881028181980364,286,0.8326327630098869,0.8817647058823529,0.8728344313681327,0.7711773151471644,0.4152173913043478,0.7547253213423768,0.1741807332751866
232,3.4167527675628664,1.9573289464623607,0.030015039443969726,0.0024778015496738945,128,10,0.0001,500,128,384,0.1,4,2,16,0.0001,"{'model__batch_size': 128, 'model__callbacks__early_stopping__patience': 10, 'model__lr': 0.0001, 'model__max_epochs': 500, 'model__module__d_model': 128, 'model__module__dim_feedforward': 384, 'model__module__dropout': 0.1, 'model__module__nhead': 4, 'model__module__num_layers': 2, 'model__module__patch_size': 16, 'model__optimizer__weight_decay': 0.0001}",0.4774354186118892,0.7728937728937728,0.751054852320675,0.496,0.8239175257731959,0.6642603139199066,0.14699661244319367,259,0.7106941838649156,0.9101860834288737,0.8785660941000747,0.5439302481556003,0.7455863808322825,0.7577925980763494,0.13108346104215354
233,2.36796555519104,1.0169914413011139,0.027931070327758788,0.002887285236254015,128,10,0.0001,500,128,384,0.1,4,2,32,0.0001,"{'model__batch_size': 128, 'model__callbacks__early_stopping__patience': 10, 'model__lr': 0.0001, 'model__max_epochs': 500, 'model__module__d_model': 128, 'model__module__dim_feedforward': 384, 'model__module__dropout': 0.1, 'model__module__nhead': 4, 'model__module__num_layers': 2, 'model__module__patch_size': 32, 'model__optimizer__weight_decay': 0.0001}",0.47971491228070173,0.7728937728937728,0.7671052631578947,0.5709123757904246,0.8239175257731959,0.6829087699791979,0.13334223302568587,224,0.8352564102564102,0.9174383415182212,0.8492278177458034,0.5652915103989089,0.8351991088833194,0.8004826377605326,0.1214776063508814
234,4.779367256164551,1.755018611017101,0.03146543502807617,0.003279333799393634,128,10,0.0001,500,128,384,0.1,4,3,16,0.0001,"{'model__batch_size': 128, 'model__callbacks__early_stopping__patience': 10, 'model__lr': 0.0001, 'model__max_epochs': 500, 'model__module__d_model': 128, 'model__module__dim_feedforward': 384, 'model__module__dropout': 0.1, 'model__module__nhead': 4, 'model__module__num_layers': 3, 'model__module__patch_size': 16, 'model__optimizer__weight_decay': 0.0001}",0.5699859747545583,0.7894021739130435,0.7506038647342995,0.7515808491418248,0.8239175257731959,0.7370980776633844,0.08785436465799246,21,0.8379010763189485,0.8434077843747055,0.8700239808153478,0.6778061421830277,0.786363196125908,0.8031004359635876,0.068254410863998
235,3.3951162338256835,1.1021029160802,0.02814345359802246,0.00276226288362363,128,10,0.0001,500,128,384,0.1,4,3,32,0.0001,"{'model__batch_size': 128, 'model__callbacks__early_stopping__patience': 10, 'model__lr': 0.0001, 'model__max_epochs': 500, 'model__module__d_model': 128, 'model__module__dim_feedforward': 384, 'model__module__dropout': 0.1, 'model__module__nhead': 4, 'model__module__num_layers': 3, 'model__module__patch_size': 32, 'model__optimizer__weight_decay': 0.0001}",0.44696969696969696,0.837908496732026,0.8187960687960688,0.8322981366459627,0.8124725516029864,0.7496889901493482,0.1516334308770099,7,0.8499345615624685,0.8805970149253732,0.8508870126173986,0.9117988158456938,0.8635507246376812,0.871353625917723,0.02306424711488326
236,3.722749137878418,1.8591210478462952,0.028793525695800782,0.0027008149347577223,128,10,0.0001,500,128,384,0.25,4,2,16,0.0001,"{'model__batch_size': 128, 'model__callbacks__early_stopping__patience': 10, 'model__lr': 0.0001, 'model__max_epochs': 500, 'model__module__d_model': 128, 'model__module__dim_feedforward': 384, 'model__module__dropout': 0.25, 'model__module__nhead': 4, 'model__module__num_layers': 2, 'model__module__patch_size': 16, 'model__optimizer__weight_decay': 0.0001}",0.49266409266409267,0.8315217391304348,0.789354105809802,0.6148579253680246,0.8239175257731959,0.71046307774911,0.13440807166702104,130,0.8100295673825085,0.8828927244920253,0.8222333693471215,0.49593023255813956,0.7349858133669609,0.7492143414293511,0.1350966106618125
237,2.862337589263916,1.3623398279236345,0.028324413299560546,0.0038792374333977875,128,10,0.0001,500,128,384,0.25,4,2,32,0.0001,"{'model__batch_size': 128, 'model__callbacks__early_stopping__patience': 10, 'model__lr': 0.0001, 'model__max_epochs': 500, 'model__module__d_model': 128, 'model__module__dim_feedforward': 384, 'model__module__dropout': 0.25, 'model__module__nhead': 4, 'model__module__num_layers': 2, 'model__module__patch_size': 32, 'model__optimizer__weight_decay': 0.0001}",0.47971491228070173,0.7973856209150327,0.7570478302185619,0.8333333333333333,0.8443877551020409,0.7423738903699342,0.13484198355180035,10,0.8412094154226377,0.9516594516594516,0.8714543212218955,0.7353856796956071,0.8635507246376812,0.8526519185274546,0.06950842766984068
238,4.901420640945434,2.2431349098908013,0.030995607376098633,0.003501682428449818,128,10,0.0001,500,128,384,0.25,4,3,16,0.0001,"{'model__batch_size': 128, 'model__callbacks__early_stopping__patience': 10, 'model__lr': 0.0001, 'model__max_epochs': 500, 'model__module__d_model': 128, 'model__module__dim_feedforward': 384, 'model__module__dropout': 0.25, 'model__module__nhead': 4, 'model__module__num_layers': 3, 'model__module__patch_size': 16, 'model__optimizer__weight_decay': 0.0001}",0.4550836550836551,0.8064516129032258,0.7506038647342995,0.4318181818181818,0.8239175257731959,0.6535749680625116,0.17342279888642087,271,0.8326327630098869,0.8860544217687075,0.8654889056381785,0.4354968077256248,0.8113568734481909,0.7662059543181178,0.16735616249440885
239,2.7015146255493163,1.1699297433737668,0.031063079833984375,0.003749410365748722,128,10,0.0001,500,128,384,0.25,4,3,32,0.0001,"{'model__batch_size': 128, 'model__callbacks__early_stopping__patience': 10, 'model__lr': 0.0001, 'model__max_epochs': 500, 'model__module__d_model': 128, 'model__module__dim_feedforward': 384, 'model__module__dropout': 0.25, 'model__module__nhead': 4, 'model__module__num_layers': 3, 'model__module__patch_size': 32, 'model__optimizer__weight_decay': 0.0001}",0.4388792462186958,0.8315217391304348,0.7107843137254902,0.5347394540942928,0.7925170068027211,0.6616883519943271,0.15108265953310102,263,0.8455528846153846,0.8749976678669378,0.8115700180781533,0.5712455629987456,0.8509309886212502,0.7908594244360942,0.11165875535943634
240,14.30736846923828,23.737719740640458,0.03006777763366699,0.002270098644623508,128,10,0.0002,500,96,128,0.1,4,2,16,0.0001,"{'model__batch_size': 128, 'model__callbacks__early_stopping__patience': 10, 'model__lr': 0.0002, 'model__max_epochs': 500, 'model__module__d_model': 96, 'model__module__dim_feedforward': 128, 'model__module__dropout': 0.1, 'model__module__nhead': 4, 'model__module__num_layers': 2, 'model__module__patch_size': 16, 'model__optimizer__weight_decay': 0.0001}",0.5051576775714707,0.8064516129032258,0.7201897018970189,0.544,0.8239175257731959,0.6799433036289824,0.1321993180079885,232,0.843952396373057,0.8970418747598924,0.8180335731414867,0.4847058823529412,0.7582121261644059,0.7603891705583566,0.1449038759601415
241,1.873711061477661,0.8194489171546313,0.027158641815185548,0.0025920675710677035,128,10,0.0002,500,96,128,0.1,4,2,32,0.0001,"{'model__batch_size': 128, 'model__callbacks__early_stopping__patience': 10, 'model__lr': 0.0002, 'model__max_epochs': 500, 'model__module__d_model': 96, 'model__module__dim_feedforward': 128, 'model__module__dropout': 0.1, 'model__module__nhead': 4, 'model__module__num_layers': 2, 'model__module__patch_size': 32, 'model__optimizer__weight_decay': 0.0001}",0.4307992202729045,0.8315217391304348,0.7621705426356589,0.6666666666666667,0.8239175257731959,0.7030151388957722,0.14835997643113885,169,0.8618279569892473,0.8916176470588235,0.8772644927536232,0.6189052867550906,0.784717987804878,0.8068666742723325,0.10097462091308915
242,3.5968884944915773,1.8356149362582959,0.03050084114074707,0.0036865350173370046,128,10,0.0002,500,96,128,0.1,4,3,16,0.0001,"{'model__batch_size': 128, 'model__callbacks__early_stopping__patience': 10, 'model__lr': 0.0002, 'model__max_epochs': 500, 'model__module__d_model': 96, 'model__module__dim_feedforward': 128, 'model__module__dropout': 0.1, 'model__module__nhead': 4, 'model__module__num_layers': 3, 'model__module__patch_size': 16, 'model__optimizer__weight_decay': 0.0001}",0.522875816993464,0.7801418439716312,0.7412280701754386,0.584717607973422,0.8239175257731959,0.6905761729774305,0.11635891513559307,205,0.8379010763189485,0.8849978544375827,0.9244999164205717,0.5804080737165423,0.8269460527525043,0.81095059472923,0.12042298971297603
243,1.9469377994537354,0.7780104718773596,0.026659536361694335,0.0029197514266872554,128,10,0.0002,500,96,128,0.1,4,3,32,0.0001,"{'model__batch_size': 128, 'model__callbacks__early_stopping__patience': 10, 'model__lr': 0.0002, 'model__max_epochs': 500, 'model__module__d_model': 96, 'model__module__dim_feedforward': 128, 'model__module__dropout': 0.1, 'model__module__nhead': 4, 'model__module__num_layers': 3, 'model__module__patch_size': 32, 'model__optimizer__weight_decay': 0.0001}",0.44696969696969696,0.7973856209150327,0.7665144596651445,0.8026787849796699,0.7925170068027211,0.721213113866453,0.13768428754962572,73,0.8100295673825085,0.8949980410082277,0.9053440447083478,0.6483787397626608,0.8665012406947892,0.8250503267113067,0.09433601115267143
244,2.6632591247558595,1.1828908523304655,0.028811931610107422,0.0023834880332346455,128,10,0.0002,500,96,128,0.25,4,2,16,0.0001,"{'model__batch_size': 128, 'model__callbacks__early_stopping__patience': 10, 'model__lr': 0.0002, 'model__max_epochs': 500, 'model__module__d_model': 96, 'model__module__dim_feedforward': 128, 'model__module__dropout': 0.25, 'model__module__nhead': 4, 'model__module__num_layers': 2, 'model__module__patch_size': 16, 'model__optimizer__weight_decay': 0.0001}",0.49266409266409267,0.8064516129032258,0.7201897018970189,0.6366486178398404,0.8239175257731959,0.6959743102154746,0.12166812922646568,194,0.8158918856124997,0.8970418747598924,0.8242139804639804,0.6313253012048192,0.7511563367252544,0.7839258757532892,0.08921991306809669
245,1.9608476161956787,0.7588240205965906,0.027550125122070314,0.002598467121484978,128,10,0.0002,500,96,128,0.25,4,2,32,0.0001,"{'model__batch_size': 128, 'model__callbacks__early_stopping__patience': 10, 'model__lr': 0.0002, 'model__max_epochs': 500, 'model__module__d_model': 96, 'model__module__dim_feedforward': 128, 'model__module__dropout': 0.25, 'model__module__nhead': 4, 'model__module__num_layers': 2, 'model__module__patch_size': 32, 'model__optimizer__weight_decay': 0.0001}",0.4388792462186958,0.8141858141858143,0.7825552825552826,0.688,0.8044871794871795,0.7056215044893944,0.14067081218784586,158,0.8335492227979275,0.905045351473923,0.8626611858775832,0.6342151675485009,0.8215537992077482,0.8114049453811365,0.09315075251197492
246,3.376207780838013,1.569900838209305,0.029423093795776366,0.0028075949231332687,128,10,0.0002,500,96,128,0.25,4,3,16,0.0001,"{'model__batch_size': 128, 'model__callbacks__early_stopping__patience': 10, 'model__lr': 0.0002, 'model__max_epochs': 500, 'model__module__d_model': 96, 'model__module__dim_feedforward': 128, 'model__module__dropout': 0.25, 'model__module__nhead': 4, 'model__module__num_layers': 3, 'model__module__patch_size': 16, 'model__optimizer__weight_decay': 0.0001}",0.5105926521855726,0.8141858141858143,0.786231884057971,0.7863247863247863,0.8044871794871795,0.7403644632482648,0.11538853612050345,14,0.8412094154226377,0.8663341645885287,0.926016926016926,0.6987134605286189,0.7694405485429328,0.8203429030199288,0.07886999123740573
247,1.7650373935699464,1.0227362727849516,0.028484630584716796,0.0035540030547055517,128,10,0.0002,500,96,128,0.25,4,3,32,0.0001,"{'model__batch_size': 128, 'model__callbacks__early_stopping__patience': 10, 'model__lr': 0.0002, 'model__max_epochs': 500, 'model__module__d_model': 96, 'model__module__dim_feedforward': 128, 'model__module__dropout': 0.25, 'model__module__nhead': 4, 'model__module__num_layers': 3, 'model__module__patch_size': 32, 'model__optimizer__weight_decay': 0.0001}",0.39669421487603307,0.837908496732026,0.730593607305936,0.7954545454545454,0.42990654205607476,0.638111481284923,0.18700814105105248,285,0.5641605426794799,0.8536159056150316,0.8596258992805755,0.7191688311688311,0.4227467811158798,0.6838635919719597,0.16939038077408064
248,2.801389694213867,1.0419924750416265,0.028395843505859376,0.002792056928415734,128,10,0.0002,500,96,256,0.1,4,2,16,0.0001,"{'model__batch_size': 128, 'model__callbacks__early_stopping__patience': 10, 'model__lr': 0.0002, 'model__max_epochs': 500, 'model__module__d_model': 96, 'model__module__dim_feedforward': 256, 'model__module__dropout': 0.1, 'model__module__nhead': 4, 'model__module__num_layers': 2, 'model__module__patch_size': 16, 'model__optimizer__weight_decay': 0.0001}",0.46637426900584794,0.7801418439716312,0.7127555988315482,0.4608010955152345,0.7736082474226804,0.6387362109493885,0.14493752681099392,284,0.8200280112044818,0.9233574033030671,0.8626611858775832,0.5384488810881966,0.8211171863455002,0.7931225335637657,0.13278781573497375
249,1.8016380786895752,0.6504846110150354,0.02743983268737793,0.003922880233026914,128,10,0.0002,500,96,256,0.1,4,2,32,0.0001,"{'model__batch_size': 128, 'model__callbacks__early_stopping__patience': 10, 'model__lr': 0.0002, 'model__max_epochs': 500, 'model__module__d_model': 96, 'model__module__dim_feedforward': 256, 'model__module__dropout': 0.1, 'model__module__nhead': 4, 'model__module__num_layers': 2, 'model__module__patch_size': 32, 'model__optimizer__weight_decay': 0.0001}",0.4560848950101603,0.8315217391304348,0.7621705426356589,0.6366486178398404,0.7925170068027211,0.695788560283763,0.13648577634657083,196,0.829235880398671,0.8564329915950863,0.8655753968253967,0.6478621112929623,0.8482079472850721,0.8094628654794377,0.08168447362642467
250,3.2905969619750977,1.5545699847669239,0.0312253475189209,0.0040272624581358055,128,10,0.0002,500,96,256,0.1,4,3,16,0.0001,"{'model__batch_size': 128, 'model__callbacks__early_stopping__patience': 10, 'model__lr': 0.0002, 'model__max_epochs': 500, 'model__module__d_model': 96, 'model__module__dim_feedforward': 256, 'model__module__dropout': 0.1, 'model__module__nhead': 4, 'model__module__num_layers': 3, 'model__module__patch_size': 16, 'model__optimizer__weight_decay': 0.0001}",0.44696969696969696,0.7412520064205457,0.7601626016260162,0.7807017543859649,0.8239175257731959,0.7106007170350839,0.13464921185522932,128,0.8309648615789369,0.9085734805637848,0.9043665607993907,0.6987134605286189,0.740096618357488,0.8165429963656438,0.08499226660580098
251,1.642080593109131,0.6897032038758932,0.02760000228881836,0.0029139835667747653,128,10,0.0002,500,96,256,0.1,4,3,32,0.0001,"{'model__batch_size': 128, 'model__callbacks__early_stopping__patience': 10, 'model__lr': 0.0002, 'model__max_epochs': 500, 'model__module__d_model': 96, 'model__module__dim_feedforward': 256, 'model__module__dropout': 0.1, 'model__module__nhead': 4, 'model__module__num_layers': 3, 'model__module__patch_size': 32, 'model__optimizer__weight_decay': 0.0001}",0.4227174694464414,0.7973856209150327,0.71967057332911,0.766802200430519,0.8239175257731959,0.7060986779788598,0.14586885217684292,155,0.8412094154226377,0.8946164295417174,0.6629899972965666,0.6865796247767908,0.7891849529780564,0.7749160840031537,0.08860853011834623
252,2.554762029647827,0.9805094749263487,0.02867603302001953,0.003337098450272361,128,10,0.0002,500,96,256,0.25,4,2,16,0.0001,"{'model__batch_size': 128, 'model__callbacks__early_stopping__patience': 10, 'model__lr': 0.0002, 'model__max_epochs': 500, 'model__module__d_model': 96, 'model__module__dim_feedforward': 256, 'model__module__dropout': 0.25, 'model__module__nhead': 4, 'model__module__num_layers': 2, 'model__module__patch_size': 16, 'model__optimizer__weight_decay': 0.0001}",0.49266409266409267,0.7801418439716312,0.802435312024353,0.6048009367681498,0.8239175257731959,0.7007919422402844,0.1298608222266566,174,0.8267095034110741,0.9211764705882353,0.8670365338164252,0.5987557190926917,0.7600927522444854,0.7947541958305824,0.11121626515686328
253,1.6091948986053466,0.6617555371293151,0.029552793502807616,0.007975912913280484,128,10,0.0002,500,96,256,0.25,4,2,32,0.0001,"{'model__batch_size': 128, 'model__callbacks__early_stopping__patience': 10, 'model__lr': 0.0002, 'model__max_epochs': 500, 'model__module__d_model': 96, 'model__module__dim_feedforward': 256, 'model__module__dropout': 0.25, 'model__module__nhead': 4, 'model__module__num_layers': 2, 'model__module__patch_size': 32, 'model__optimizer__weight_decay': 0.0001}",0.4227174694464414,0.7974591651542651,0.7838827838827839,0.766802200430519,0.7925170068027211,0.7126757251433461,0.14535389402779894,122,0.8387838742054199,0.9033189033189033,0.649777183600713,0.6567659727207467,0.8579939668174963,0.7813279801326558,0.10666015598766662
254,3.178706932067871,1.1124793843307166,0.029775238037109374,0.0028561953807549026,128,10,0.0002,500,96,256,0.25,4,3,16,0.0001,"{'model__batch_size': 128, 'model__callbacks__early_stopping__patience': 10, 'model__lr': 0.0002, 'model__max_epochs': 500, 'model__module__d_model': 96, 'model__module__dim_feedforward': 256, 'model__module__dropout': 0.25, 'model__module__nhead': 4, 'model__module__num_layers': 3, 'model__module__patch_size': 16, 'model__optimizer__weight_decay': 0.0001}",0.46637426900584794,0.7894021739130435,0.751054852320675,0.4807692307692308,0.7925170068027211,0.6560235065623037,0.14975459637572844,267,0.8200280112044818,0.8946164295417174,0.8482076176250934,0.5230078563411897,0.8011599476886336,0.7774039724802232,0.13103469403031218
255,2.316212224960327,0.9296948902044855,0.026922130584716798,0.002560104391912908,128,10,0.0002,500,96,256,0.25,4,3,32,0.0001,"{'model__batch_size': 128, 'model__callbacks__early_stopping__patience': 10, 'model__lr': 0.0002, 'model__max_epochs': 500, 'model__module__d_model': 96, 'model__module__dim_feedforward': 256, 'model__module__dropout': 0.25, 'model__module__nhead': 4, 'model__module__num_layers': 3, 'model__module__patch_size': 32, 'model__optimizer__weight_decay': 0.0001}",0.4560848950101603,0.8315217391304348,0.786231884057971,0.5709123757904246,0.7588932806324111,0.6807288349242804,0.1431807447564988,229,0.8335492227979275,0.8606965174129353,0.8942998829888003,0.5316189976384151,0.853686441472701,0.7947702124621558,0.13302325251343164
256,1.9353424549102782,0.9931537562268793,0.028616857528686524,0.0030338944803685827,128,10,0.0002,500,96,384,0.1,4,2,16,0.0001,"{'model__batch_size': 128, 'model__callbacks__early_stopping__patience': 10, 'model__lr': 0.0002, 'model__max_epochs': 500, 'model__module__d_model': 96, 'model__module__dim_feedforward': 384, 'model__module__dropout': 0.1, 'model__module__nhead': 4, 'model__module__num_layers': 2, 'model__module__patch_size': 16, 'model__optimizer__weight_decay': 0.0001}",0.4926911095135394,0.8315217391304348,0.789354105809802,0.6048009367681498,0.8239175257731959,0.7084570833990244,0.13588223114121506,144,0.7607270077720207,0.8731337848663608,0.6892710892710893,0.598986545518085,0.7854864433811801,0.7415209741617472,0.09237952151007774
257,1.3901676177978515,0.5227394139520067,0.026491641998291016,0.0024496386820204094,128,10,0.0002,500,96,384,0.1,4,2,32,0.0001,"{'model__batch_size': 128, 'model__callbacks__early_stopping__patience': 10, 'model__lr': 0.0002, 'model__max_epochs': 500, 'model__module__d_model': 96, 'model__module__dim_feedforward': 384, 'model__module__dropout': 0.1, 'model__module__nhead': 4, 'model__module__num_layers': 2, 'model__module__patch_size': 32, 'model__optimizer__weight_decay': 0.0001}",0.41462264150943395,0.8554778554778555,0.7255813953488373,0.5121533721328313,0.8239175257731959,0.6663505580484308,0.17392440435292375,256,0.8141502980553113,0.8549972947256479,0.6817743659848923,0.4695236114000416,0.8293402000298552,0.7299571540391495,0.14335112368506475
258,3.179327392578125,1.3563662110043528,0.03132953643798828,0.0024297874766297926,128,10,0.0002,500,96,384,0.1,4,3,16,0.0001,"{'model__batch_size': 128, 'model__callbacks__early_stopping__patience': 10, 'model__lr': 0.0002, 'model__max_epochs': 500, 'model__module__d_model': 96, 'model__module__dim_feedforward': 384, 'model__module__dropout': 0.1, 'model__module__nhead': 4, 'model__module__num_layers': 3, 'model__module__patch_size': 16, 'model__optimizer__weight_decay': 0.0001}",0.48383838383838385,0.7728937728937728,0.7665144596651445,0.6666666666666667,0.8443877551020409,0.7068602076332017,0.12504970408881563,152,0.824959935897436,0.9093934055766116,0.9125053809728798,0.6271929824561404,0.8425519461515949,0.8233207302109327,0.10411630753858159
259,1.928645372390747,0.629160636786344,0.02767043113708496,0.0030678687791811437,128,10,0.0002,500,96,384,0.1,4,3,32,0.0001,"{'model__batch_size': 128, 'model__callbacks__early_stopping__patience': 10, 'model__lr': 0.0002, 'model__max_epochs': 500, 'model__module__d_model': 96, 'model__module__dim_feedforward': 384, 'model__module__dropout': 0.1, 'model__module__nhead': 4, 'model__module__num_layers': 3, 'model__module__patch_size': 32, 'model__optimizer__weight_decay': 0.0001}",0.4388792462186958,0.8141858141858143,0.7506038647342995,0.7076023391812866,0.8044871794871795,0.7031516887614553,0.13762913926244622,168,0.8299421009098429,0.8535105079634342,0.8977204106280193,0.5875086657843323,0.784717987804878,0.7906799346181013,0.10794533009128354
260,2.5237175941467287,1.1690451738882301,0.028548145294189455,0.003300938222423347,128,10,0.0002,500,96,384,0.25,4,2,16,0.0001,"{'model__batch_size': 128, 'model__callbacks__early_stopping__patience': 10, 'model__lr': 0.0002, 'model__max_epochs': 500, 'model__module__d_model': 96, 'model__module__dim_feedforward': 384, 'model__module__dropout': 0.25, 'model__module__nhead': 4, 'model__module__num_layers': 2, 'model__module__patch_size': 16, 'model__optimizer__weight_decay': 0.0001}",0.47971491228070173,0.8315217391304348,0.7686274509803921,0.6793958392704474,0.8239175257731959,0.7166354934870344,0.13033004348867017,101,0.8352564102564102,0.8828927244920253,0.7645339652448657,0.6604856084630468,0.7707552965891749,0.7827848010091045,0.07511292911498563
261,1.5974481105804443,0.5352431304561645,0.02749600410461426,0.0036225509894117266,128,10,0.0002,500,96,384,0.25,4,2,32,0.0001,"{'model__batch_size': 128, 'model__callbacks__early_stopping__patience': 10, 'model__lr': 0.0002, 'model__max_epochs': 500, 'model__module__d_model': 96, 'model__module__dim_feedforward': 384, 'model__module__dropout': 0.25, 'model__module__nhead': 4, 'model__module__num_layers': 2, 'model__module__patch_size': 32, 'model__optimizer__weight_decay': 0.0001}",0.4490566037735849,0.8315217391304348,0.7347917290979922,0.6048009367681498,0.7859649122807018,0.6812271842101726,0.1386879627851144,227,0.8412094154226377,0.8465318186016441,0.8714543212218955,0.5770731707317073,0.756186948297604,0.7784911348550977,0.10795549489592186
262,3.0778665065765383,1.5169469139137879,0.02981743812561035,0.002208817757095435,128,10,0.0002,500,96,384,0.25,4,3,16,0.0001,"{'model__batch_size': 128, 'model__callbacks__early_stopping__patience': 10, 'model__lr': 0.0002, 'model__max_epochs': 500, 'model__module__d_model': 96, 'model__module__dim_feedforward': 384, 'model__module__dropout': 0.25, 'model__module__nhead': 4, 'model__module__num_layers': 3, 'model__module__patch_size': 16, 'model__optimizer__weight_decay': 0.0001}",0.522875816993464,0.7894021739130435,0.7347917290979922,0.6793958392704474,0.8239175257731959,0.7100766170096285,0.10568687988682912,132,0.8495316159250585,0.8564329915950863,0.8898373983739838,0.5924476992438158,0.7694405485429328,0.7915380507361754,0.10710988409941367
263,1.5212270259857177,0.6961941302202701,0.027977609634399415,0.0025814784158321815,128,10,0.0002,500,96,384,0.25,4,3,32,0.0001,"{'model__batch_size': 128, 'model__callbacks__early_stopping__patience': 10, 'model__lr': 0.0002, 'model__max_epochs': 500, 'model__module__d_model': 96, 'model__module__dim_feedforward': 384, 'model__module__dropout': 0.25, 'model__module__nhead': 4, 'model__module__num_layers': 3, 'model__module__patch_size': 32, 'model__optimizer__weight_decay': 0.0001}",0.4550836550836551,0.837908496732026,0.7521008403361344,0.7309256158813682,0.7859649122807018,0.7123967040627772,0.1336377458241278,124,0.7539623444314434,0.8535105079634342,0.7900351630013708,0.647857400837069,0.7667875157629256,0.7624305863992487,0.06674619624651526
264,2.9700529098510744,1.1870807563902317,0.028720998764038087,0.003275714505427025,128,10,0.0002,500,128,128,0.1,4,2,16,0.0001,"{'model__batch_size': 128, 'model__callbacks__early_stopping__patience': 10, 'model__lr': 0.0002, 'model__max_epochs': 500, 'model__module__d_model': 128, 'model__module__dim_feedforward': 128, 'model__module__dropout': 0.1, 'model__module__nhead': 4, 'model__module__num_layers': 2, 'model__module__patch_size': 16, 'model__optimizer__weight_decay': 0.0001}",0.4632352941176471,0.7973856209150327,0.7621705426356589,0.5384615384615384,0.8742268041237113,0.6870959600507176,0.1581288993704108,213,0.8200280112044818,0.9226551226551226,0.8874924516908212,0.4804238111657942,0.8482079472850721,0.7917614688002583,0.15950793655414855
265,1.733583402633667,0.5875072425105798,0.027836084365844727,0.0031974448674592032,128,10,0.0002,500,128,128,0.1,4,2,32,0.0001,"{'model__batch_size': 128, 'model__callbacks__early_stopping__patience': 10, 'model__lr': 0.0002, 'model__max_epochs': 500, 'model__module__d_model': 128, 'model__module__dim_feedforward': 128, 'model__module__dropout': 0.1, 'model__module__nhead': 4, 'model__module__num_layers': 2, 'model__module__patch_size': 32, 'model__optimizer__weight_decay': 0.0001}",0.49266409266409267,0.7568627450980392,0.7463144963144963,0.6048009367681498,0.8239175257731959,0.6849119593235947,0.11970526537831341,220,0.8395852209805699,0.9419913419913419,0.8640608118536811,0.6256905708719208,0.843595851229439,0.8229847593853906,0.10533299392240804
266,2.951495313644409,1.2870539327935693,0.02925863265991211,0.0024632317729001755,128,10,0.0002,500,128,128,0.1,4,3,16,0.0001,"{'model__batch_size': 128, 'model__callbacks__early_stopping__patience': 10, 'model__lr': 0.0002, 'model__max_epochs': 500, 'model__module__d_model': 128, 'model__module__dim_feedforward': 128, 'model__module__dropout': 0.1, 'model__module__nhead': 4, 'model__module__num_layers': 3, 'model__module__patch_size': 16, 'model__optimizer__weight_decay': 0.0001}",0.4632352941176471,0.7568627450980392,0.7352564102564103,0.7863247863247863,0.8239175257731959,0.7131193523140158,0.12843741440708334,120,0.8379010763189485,0.9329377278901838,0.8431470906004013,0.7025305096913137,0.7628563032618279,0.8158745415525349,0.07821835195261422
267,1.8852651119232178,0.8380627069134953,0.02859210968017578,0.0026920325292884026,128,10,0.0002,500,128,128,0.1,4,3,32,0.0001,"{'model__batch_size': 128, 'model__callbacks__early_stopping__patience': 10, 'model__lr': 0.0002, 'model__max_epochs': 500, 'model__module__d_model': 128, 'model__module__dim_feedforward': 128, 'model__module__dropout': 0.1, 'model__module__nhead': 4, 'model__module__num_layers': 3, 'model__module__patch_size': 32, 'model__optimizer__weight_decay': 0.0001}",0.4750805851723283,0.8554778554778555,0.738243123336291,0.5709123757904246,0.8239175257731959,0.6927262931100191,0.14695528370980498,201,0.8455528846153846,0.8749976678669378,0.908924570575056,0.5468009478672986,0.833505260986177,0.8019562663821708,0.13021329055137393
268,2.5930423736572266,1.09454028724738,0.02905697822570801,0.0031733359953399344,128,10,0.0002,500,128,128,0.25,4,2,16,0.0001,"{'model__batch_size': 128, 'model__callbacks__early_stopping__patience': 10, 'model__lr': 0.0002, 'model__max_epochs': 500, 'model__module__d_model': 128, 'model__module__dim_feedforward': 128, 'model__module__dropout': 0.25, 'model__module__nhead': 4, 'model__module__num_layers': 2, 'model__module__patch_size': 16, 'model__optimizer__weight_decay': 0.0001}",0.4834905660377358,0.8141858141858143,0.730593607305936,0.592,0.8239175257731959,0.6888375026605364,0.13209636665965507,210,0.8158918856124997,0.9368646141021691,0.8431470906004013,0.5331476754080606,0.7356450933595395,0.7729392718165341,0.13604149965996606
269,1.808107042312622,0.631367646187311,0.028220415115356445,0.004201029255258334,128,10,0.0002,500,128,128,0.25,4,2,32,0.0001,"{'model__batch_size': 128, 'model__callbacks__early_stopping__patience': 10, 'model__lr': 0.0002, 'model__max_epochs': 500, 'model__module__d_model': 128, 'model__module__dim_feedforward': 128, 'model__module__dropout': 0.25, 'model__module__nhead': 4, 'model__module__num_layers': 2, 'model__module__patch_size': 32, 'model__optimizer__weight_decay': 0.0001}",0.4750805851723283,0.7568627450980392,0.8187960687960688,0.6048009367681498,0.8239175257731959,0.6958915723215564,0.13584449922756137,195,0.8395852209805699,0.9316874226203481,0.8804220623501199,0.6244477172312224,0.8651629072681704,0.8282610660900861,0.10625219460824821
270,2.6718605041503904,1.5056560738107878,0.02970542907714844,0.0030003020984681428,128,10,0.0002,500,128,128,0.25,4,3,16,0.0001,"{'model__batch_size': 128, 'model__callbacks__early_stopping__patience': 10, 'model__lr': 0.0002, 'model__max_epochs': 500, 'model__module__d_model': 128, 'model__module__dim_feedforward': 128, 'model__module__dropout': 0.25, 'model__module__nhead': 4, 'model__module__num_layers': 3, 'model__module__patch_size': 16, 'model__optimizer__weight_decay': 0.0001}",0.46637426900584794,0.7801418439716312,0.7352564102564103,0.736,0.7682370820668694,0.6972019210601517,0.11675604047939109,190,0.748840787640613,0.8989496364126044,0.8406033583151504,0.641928437695028,0.7550992736077482,0.7770842987342288,0.08767436966350439
271,2.054900360107422,0.7257251693715708,0.028380823135375977,0.0035692863434766773,128,10,0.0002,500,128,128,0.25,4,3,32,0.0001,"{'model__batch_size': 128, 'model__callbacks__early_stopping__patience': 10, 'model__lr': 0.0002, 'model__max_epochs': 500, 'model__module__d_model': 128, 'model__module__dim_feedforward': 128, 'model__module__dropout': 0.25, 'model__module__nhead': 4, 'model__module__num_layers': 3, 'model__module__patch_size': 32, 'model__optimizer__weight_decay': 0.0001}",0.4632352941176471,0.837908496732026,0.7825552825552826,0.7577639751552795,0.8239175257731959,0.7330761148666862,0.13792297650960567,35,0.8528064146620848,0.8507462686567164,0.8898373983739838,0.7025305096913137,0.856612443709218,0.8305066070186633,0.06555374027995386
272,2.4567220211029053,1.0742279793675427,0.0287569522857666,0.003368418209036295,128,10,0.0002,500,128,256,0.1,4,2,16,0.0001,"{'model__batch_size': 128, 'model__callbacks__early_stopping__patience': 10, 'model__lr': 0.0002, 'model__max_epochs': 500, 'model__module__d_model': 128, 'model__module__dim_feedforward': 256, 'model__module__dropout': 0.1, 'model__module__nhead': 4, 'model__module__num_layers': 2, 'model__module__patch_size': 16, 'model__optimizer__weight_decay': 0.0001}",0.4632352941176471,0.8554778554778555,0.7506038647342995,0.4318181818181818,0.8044871794871795,0.6611244751270327,0.1778056054973215,264,0.829235880398671,0.85781973181128,0.9153078294758902,0.4217687074829932,0.724855097170133,0.7497974492677935,0.17527004318374065
273,1.9636569023132324,0.40212120111230915,0.02876443862915039,0.0036175767183628136,128,10,0.0002,500,128,256,0.1,4,2,32,0.0001,"{'model__batch_size': 128, 'model__callbacks__early_stopping__patience': 10, 'model__lr': 0.0002, 'model__max_epochs': 500, 'model__module__d_model': 128, 'model__module__dim_feedforward': 256, 'model__module__dropout': 0.1, 'model__module__nhead': 4, 'model__module__num_layers': 2, 'model__module__patch_size': 32, 'model__optimizer__weight_decay': 0.0001}",0.4577042894799904,0.8315217391304348,0.730593607305936,0.7309256158813682,0.8239175257731959,0.7149325555141851,0.1357484356070093,114,0.842292587137948,0.8693369336933694,0.896596459096459,0.8956969895287958,0.8245652173913043,0.8656976373695752,0.02866222301716641
274,2.9521212577819824,1.1145866854201958,0.030843162536621095,0.002592737272045367,128,10,0.0002,500,128,256,0.1,4,3,16,0.0001,"{'model__batch_size': 128, 'model__callbacks__early_stopping__patience': 10, 'model__lr': 0.0002, 'model__max_epochs': 500, 'model__module__d_model': 128, 'model__module__dim_feedforward': 256, 'model__module__dropout': 0.1, 'model__module__nhead': 4, 'model__module__num_layers': 3, 'model__module__patch_size': 16, 'model__optimizer__weight_decay': 0.0001}",0.4750805851723283,0.7894021739130435,0.7665144596651445,0.6148579253680246,0.8124725516029864,0.6916655391443055,0.12849715697967348,203,0.8395852209805699,0.8606965174129353,0.8728344313681327,0.5537095751426759,0.8451870416782697,0.7944025573165167,0.12091327191662544
275,1.8038896560668944,0.6035591782134146,0.027564859390258788,0.002771408631556906,128,10,0.0002,500,128,256,0.1,4,3,32,0.0001,"{'model__batch_size': 128, 'model__callbacks__early_stopping__patience': 10, 'model__lr': 0.0002, 'model__max_epochs': 500, 'model__module__d_model': 128, 'model__module__dim_feedforward': 256, 'model__module__dropout': 0.1, 'model__module__nhead': 4, 'model__module__num_layers': 3, 'model__module__patch_size': 32, 'model__optimizer__weight_decay': 0.0001}",0.4307992202729045,0.7894021739130435,0.7665144596651445,0.8295454545454546,0.8239175257731959,0.7280357668339487,0.15039517194903687,48,0.8395852209805699,0.8321327904791732,0.9222270053092265,0.7146432277360679,0.8193013882669056,0.8255779265543886,0.06622101977040039
276,2.1692790508270265,0.860608630838482,0.030520200729370117,0.002738020898318537,128,10,0.0002,500,128,256,0.25,4,2,16,0.0001,"{'model__batch_size': 128, 'model__callbacks__early_stopping__patience': 10, 'model__lr': 0.0002, 'model__max_epochs': 500, 'model__module__d_model': 128, 'model__module__dim_feedforward': 256, 'model__module__dropout': 0.25, 'model__module__nhead': 4, 'model__module__num_layers': 2, 'model__module__patch_size': 16, 'model__optimizer__weight_decay': 0.0001}",0.4307992202729045,0.8554778554778555,0.7359724612736661,0.7221430607010544,0.8044871794871795,0.709775955442532,0.1475577721504898,135,0.8369030620339521,0.8712432605562377,0.7891850868039085,0.6701940035273368,0.7387676635551064,0.7812586152953083,0.07127018837230631
277,1.4711492538452149,0.5360136066559299,0.02688565254211426,0.002281661470104159,128,10,0.0002,500,128,256,0.25,4,2,32,0.0001,"{'model__batch_size': 128, 'model__callbacks__early_stopping__patience': 10, 'model__lr': 0.0002, 'model__max_epochs': 500, 'model__module__d_model': 128, 'model__module__dim_feedforward': 256, 'model__module__dropout': 0.25, 'model__module__nhead': 4, 'model__module__num_layers': 2, 'model__module__patch_size': 32, 'model__optimizer__weight_decay': 0.0001}",0.4577042894799904,0.8064516129032258,0.7412280701754386,0.5709123757904246,0.8044871794871795,0.6761567055672518,0.13890830281211444,240,0.8395852209805699,0.8989496364126044,0.8137664605040769,0.6014115195149677,0.8293402000298552,0.7966106074884147,0.10177261685958111
278,3.2799588680267333,1.363767719554825,0.03023214340209961,0.0033232390350709344,128,10,0.0002,500,128,256,0.25,4,3,16,0.0001,"{'model__batch_size': 128, 'model__callbacks__early_stopping__patience': 10, 'model__lr': 0.0002, 'model__max_epochs': 500, 'model__module__d_model': 128, 'model__module__dim_feedforward': 256, 'model__module__dropout': 0.25, 'model__module__nhead': 4, 'model__module__num_layers': 3, 'model__module__patch_size': 16, 'model__optimizer__weight_decay': 0.0001}",0.44041811846689893,0.7810593900481542,0.6974358974358974,0.8170235836269992,0.8124725516029864,0.7096819082361873,0.14130523685322133,136,0.8158918856124997,0.9203259710053687,0.8654889056381785,0.6802576962988585,0.8154725609756097,0.8194874039061031,0.0796222493681185
279,2.0345563888549805,0.7967643350401864,0.030120325088500977,0.004574309645995654,128,10,0.0002,500,128,256,0.25,4,3,32,0.0001,"{'model__batch_size': 128, 'model__callbacks__early_stopping__patience': 10, 'model__lr': 0.0002, 'model__max_epochs': 500, 'model__module__d_model': 128, 'model__module__dim_feedforward': 256, 'model__module__dropout': 0.25, 'model__module__nhead': 4, 'model__module__num_layers': 3, 'model__module__patch_size': 32, 'model__optimizer__weight_decay': 0.0001}",0.4577042894799904,0.8494623655913978,0.7282894736842105,0.8094248094248094,0.8239175257731959,0.7337596927907208,0.14385914097525387,29,0.8326327630098869,0.9174383415182212,0.8431470906004013,0.6626984126984127,0.7990114374389332,0.8109856090531711,0.08362728957417671
280,2.3828886985778808,1.1028977458965648,0.029279088973999022,0.001788100195138274,128,10,0.0002,500,128,384,0.1,4,2,16,0.0001,"{'model__batch_size': 128, 'model__callbacks__early_stopping__patience': 10, 'model__lr': 0.0002, 'model__max_epochs': 500, 'model__module__d_model': 128, 'model__module__dim_feedforward': 384, 'model__module__dropout': 0.1, 'model__module__nhead': 4, 'model__module__num_layers': 2, 'model__module__patch_size': 16, 'model__optimizer__weight_decay': 0.0001}",0.44696969696969696,0.8554778554778555,0.773076923076923,0.4318181818181818,0.8239175257731959,0.6662520366231706,0.18714718812668693,257,0.8117869256860931,0.9033189033189033,0.8380881254667663,0.4230769230769231,0.7707552965891749,0.7494052348275722,0.1687551717620552
281,1.5868907928466798,0.5063674472750884,0.030231475830078125,0.004841720827062213,128,10,0.0002,500,128,384,0.1,4,2,32,0.0001,"{'model__batch_size': 128, 'model__callbacks__early_stopping__patience': 10, 'model__lr': 0.0002, 'model__max_epochs': 500, 'model__module__d_model': 128, 'model__module__dim_feedforward': 384, 'model__module__dropout': 0.1, 'model__module__nhead': 4, 'model__module__num_layers': 2, 'model__module__patch_size': 32, 'model__optimizer__weight_decay': 0.0001}",0.4834905660377358,0.8554778554778555,0.7825552825552826,0.7309256158813682,0.8239175257731959,0.7352733691450876,0.1326317965448708,25,0.8543555699481865,0.841761423156772,0.8886855862584018,0.6718146718146718,0.8310551204374169,0.8175344743230898,0.07539534147000712
282,3.0152121067047117,1.1241833066667106,0.031949520111083984,0.0036276831725042045,128,10,0.0002,500,128,384,0.1,4,3,16,0.0001,"{'model__batch_size': 128, 'model__callbacks__early_stopping__patience': 10, 'model__lr': 0.0002, 'model__max_epochs': 500, 'model__module__d_model': 128, 'model__module__dim_feedforward': 384, 'model__module__dropout': 0.1, 'model__module__nhead': 4, 'model__module__num_layers': 3, 'model__module__patch_size': 16, 'model__optimizer__weight_decay': 0.0001}",0.4750805851723283,0.7894021739130435,0.7521008403361344,0.4318181818181818,0.8124725516029864,0.6521748665685349,0.1639703235096136,273,0.8352564102564102,0.8492349234923493,0.7685003079245882,0.43246293219648285,0.8690431113755612,0.7508995370490783,0.16276086316087338
283,1.8657610893249512,0.6003840544546485,0.028248691558837892,0.003518359916815783,128,10,0.0002,500,128,384,0.1,4,3,32,0.0001,"{'model__batch_size': 128, 'model__callbacks__early_stopping__patience': 10, 'model__lr': 0.0002, 'model__max_epochs': 500, 'model__module__d_model': 128, 'model__module__dim_feedforward': 384, 'model__module__dropout': 0.1, 'model__module__nhead': 4, 'model__module__num_layers': 3, 'model__module__patch_size': 32, 'model__optimizer__weight_decay': 0.0001}",0.4307992202729045,0.7568627450980392,0.6946727549467275,0.8015873015873016,0.7925170068027211,0.6952878057415388,0.13747666248748922,197,0.8483590713951454,0.9203259710053687,0.8804220623501199,0.6907159658923846,0.8234146707429151,0.8326475482771869,0.07803407213712424
284,3.008736515045166,1.279675948847168,0.0298309326171875,0.003268066110857231,128,10,0.0002,500,128,384,0.25,4,2,16,0.0001,"{'model__batch_size': 128, 'model__callbacks__early_stopping__patience': 10, 'model__lr': 0.0002, 'model__max_epochs': 500, 'model__module__d_model': 128, 'model__module__dim_feedforward': 384, 'model__module__dropout': 0.25, 'model__module__nhead': 4, 'model__module__num_layers': 2, 'model__module__patch_size': 16, 'model__optimizer__weight_decay': 0.0001}",0.4714400643604183,0.8315217391304348,0.8108974358974359,0.6950393060449986,0.8239175257731959,0.7265632142412968,0.1368853485631026,54,0.8309648615789369,0.9219284829946837,0.8798226164079823,0.6324555583518269,0.8211171863455002,0.817257741135786,0.09922192806935687
285,1.71781644821167,0.5859564767279375,0.03088102340698242,0.007896956879275333,128,10,0.0002,500,128,384,0.25,4,2,32,0.0001,"{'model__batch_size': 128, 'model__callbacks__early_stopping__patience': 10, 'model__lr': 0.0002, 'model__max_epochs': 500, 'model__module__d_model': 128, 'model__module__dim_feedforward': 384, 'model__module__dropout': 0.25, 'model__module__nhead': 4, 'model__module__num_layers': 2, 'model__module__patch_size': 32, 'model__optimizer__weight_decay': 0.0001}",0.4577042894799904,0.8241134751773049,0.7825552825552826,0.7441520467836258,0.8239175257731959,0.72648852395388,0.13763973819898387,55,0.8528064146620848,0.9113235294117648,0.846580615942029,0.6945826423438364,0.863777031715963,0.8338140468151355,0.07323193247664637
286,2.6223254203796387,1.0743164673440375,0.03118581771850586,0.003044965002841538,128,10,0.0002,500,128,384,0.25,4,3,16,0.0001,"{'model__batch_size': 128, 'model__callbacks__early_stopping__patience': 10, 'model__lr': 0.0002, 'model__max_epochs': 500, 'model__module__d_model': 128, 'model__module__dim_feedforward': 384, 'model__module__dropout': 0.25, 'model__module__nhead': 4, 'model__module__num_layers': 3, 'model__module__patch_size': 16, 'model__optimizer__weight_decay': 0.0001}",0.4714400643604183,0.7894021739130435,0.7440774107440774,0.4608010955152345,0.8239175257731959,0.6579276540611938,0.1586798466436993,265,0.8309648615789369,0.8549972947256479,0.7712451659763255,0.4518592190958966,0.7589605734767024,0.7336054229707019,0.14536533570480592
287,1.8889151573181153,1.0833274508757051,0.028136348724365233,0.002977003410679248,128,10,0.0002,500,128,384,0.25,4,3,32,0.0001,"{'model__batch_size': 128, 'model__callbacks__early_stopping__patience': 10, 'model__lr': 0.0002, 'model__max_epochs': 500, 'model__module__d_model': 128, 'model__module__dim_feedforward': 384, 'model__module__dropout': 0.25, 'model__module__nhead': 4, 'model__module__num_layers': 3, 'model__module__patch_size': 32, 'model__optimizer__weight_decay': 0.0001}",0.4577042894799904,0.7973856209150327,0.8353488372093023,0.4739756367663344,0.7925170068027211,0.6713862782346763,0.16856047115970865,249,0.843952396373057,0.9113235294117648,0.9098669623059867,0.5052146495270434,0.7895950743065723,0.7919905223848848,0.15038709880025342
