,mean_fit_time,std_fit_time,mean_score_time,std_score_time,param_averaging_method,param_init_algorithm,param_metric,param_n_clusters,params,split0_test_score,split1_test_score,split2_test_score,split3_test_score,split4_test_score,mean_test_score,std_test_score,rank_test_score,split0_train_score,split1_train_score,split2_train_score,split3_train_score,split4_train_score,mean_train_score,std_train_score,method,window_size,model_type,gridsearch_hash
0,0.5255029678344727,0.0288174551441509,0.0030299186706542,0.0003653349619461,mean,kmeans++,euclidean,2,"{'averaging_method': 'mean', 'init_algorithm': 'kmeans++', 'metric': 'euclidean', 'n_clusters': 2}",0.5333333333333333,0.5333333333333333,0.5333333333333333,0.5333333333333333,0.5333333333333333,0.5333333333333333,0.0,1,0.6947368421052631,0.40625,0.40625,0.40625,0.40625,0.4639473684210526,0.1153947368421052,ai,6400,TimeSeriesKMeans,33f2a5675b
1,0.2383235931396484,0.0210512261547319,0.0034239292144775,0.0004728484218122,,forgy,euclidean,2,"{'init_algorithm': 'forgy', 'metric': 'euclidean', 'n_clusters': 2}",0.5333333333333333,0.5333333333333333,0.5333333333333333,0.5333333333333333,0.5333333333333333,0.5333333333333333,0.0,1,0.4912280701754385,0.40625,0.40625,0.40625,0.5925925925925926,0.4605141325536062,0.0737859794485293,ai,6400,TimeSeriesKMedoids,04bd783d44
