,mean_fit_time,std_fit_time,mean_score_time,std_score_time,param_averaging_method,param_init_algorithm,param_metric,param_n_clusters,params,split0_test_score,split1_test_score,split2_test_score,split3_test_score,split4_test_score,mean_test_score,std_test_score,rank_test_score,split0_train_score,split1_train_score,split2_train_score,split3_train_score,split4_train_score,mean_train_score,std_train_score,method,window_size,decimation_factor,model_type,gridsearch_hash
0,0.5346627235412598,0.053569412789508,0.0032885551452636,0.0004254472331178,mean,kmeans++,euclidean,2,"{'averaging_method': 'mean', 'init_algorithm': 'kmeans++', 'metric': 'euclidean', 'n_clusters': 2}",0.5333333333333333,0.5333333333333333,0.5333333333333333,0.5333333333333333,0.5333333333333333,0.5333333333333333,0.0,1,0.4912280701754385,0.40625,0.5925925925925926,0.40625,0.40625,0.4605141325536062,0.0737859794485293,ai,6400,3,TimeSeriesKMeans,33f2a5675b
1,0.2398221492767334,0.0201379766400417,0.0039392471313476,0.0006505952381856,mean,forgy,euclidean,2,"{'averaging_method': 'mean', 'init_algorithm': 'forgy', 'metric': 'euclidean', 'n_clusters': 2}",0.5333333333333333,0.5333333333333333,0.5333333333333333,0.5333333333333333,0.5333333333333333,0.5333333333333333,0.0,1,0.4912280701754385,0.5925925925925926,0.5925925925925926,0.40625,0.40625,0.4977826510721247,0.0833993584837952,ai,6400,3,TimeSeriesKMeans,33f2a5675b
2,0.2111003875732421,0.0089360702756807,0.0034356117248535,0.0004840785447709,,forgy,euclidean,2,"{'init_algorithm': 'forgy', 'metric': 'euclidean', 'n_clusters': 2}",0.5333333333333333,0.5333333333333333,0.5333333333333333,0.5333333333333333,0.5333333333333333,0.5333333333333333,0.0,1,0.4912280701754385,0.40625,0.40625,0.40625,0.40625,0.4232456140350876,0.0339912280701754,ai,6400,3,TimeSeriesKMedoids,04bd783d44
3,0.2448123455047607,0.0041629128847153,0.0039734363555908,0.0003207001763202,,random,euclidean,2,"{'init_algorithm': 'random', 'metric': 'euclidean', 'n_clusters': 2}",0.5333333333333333,0.5333333333333333,0.5333333333333333,0.5333333333333333,0.5333333333333333,0.5333333333333333,0.0,1,0.4912280701754385,0.5925925925925926,0.5925925925925926,0.40625,0.40625,0.4977826510721247,0.0833993584837952,ai,6400,3,TimeSeriesKMedoids,04bd783d44
