,mean_fit_time,std_fit_time,mean_score_time,std_score_time,param_model__batch_size,param_model__callbacks__early_stopping__patience,param_model__lr,param_model__max_epochs,param_model__module__d_model,param_model__module__dim_feedforward,param_model__module__dropout,param_model__module__nhead,param_model__module__num_layers,param_model__module__patch_size,param_model__optimizer__weight_decay,params,split0_test_score,split1_test_score,split2_test_score,split3_test_score,split4_test_score,mean_test_score,std_test_score,rank_test_score,split0_train_score,split1_train_score,split2_train_score,split3_train_score,split4_train_score,mean_train_score,std_train_score
0,7.003427648544312,4.4170335363440705,0.03636798858642578,0.006589859419655931,64,10,3e-05,500,96,128,0.1,4,2,16,0.0001,"{'model__batch_size': 64, 'model__callbacks__early_stopping__patience': 10, 'model__lr': 3e-05, 'model__max_epochs': 500, 'model__module__d_model': 96, 'model__module__dim_feedforward': 128, 'model__module__dropout': 0.1, 'model__module__nhead': 4, 'model__module__num_layers': 2, 'model__module__patch_size': 16, 'model__optimizer__weight_decay': 0.0001}",0.5491949910554561,0.7919655667144907,0.7020750988142292,0.540045766590389,0.7216117216117216,0.6609786289572573,0.09964256974343055,56,0.7377074851237082,0.7552374226958549,0.9167746113989637,0.5870108037281515,0.7341286084634426,0.7461717862820242,0.10462926033863722
1,5.071112728118896,3.8999380839780056,0.03097114562988281,0.004738532696228995,64,10,3e-05,500,96,128,0.1,4,2,32,0.0001,"{'model__batch_size': 64, 'model__callbacks__early_stopping__patience': 10, 'model__lr': 3e-05, 'model__max_epochs': 500, 'model__module__d_model': 96, 'model__module__dim_feedforward': 128, 'model__module__dropout': 0.1, 'model__module__nhead': 4, 'model__module__num_layers': 2, 'model__module__patch_size': 32, 'model__optimizer__weight_decay': 0.0001}",0.5474747474747474,0.7817310981867944,0.6621848739495798,0.4322033898305085,0.5856052344601963,0.6018398687803653,0.11661735618922116,256,0.5941502249913465,0.7290740740740741,0.8877799263926143,0.5583608724388631,0.6127491503628181,0.6764228496519433,0.12017131149711124
2,5.116459131240845,2.4612873032853715,0.0315819263458252,0.005905789763497306,64,10,3e-05,500,96,128,0.1,4,3,16,0.0001,"{'model__batch_size': 64, 'model__callbacks__early_stopping__patience': 10, 'model__lr': 3e-05, 'model__max_epochs': 500, 'model__module__d_model': 96, 'model__module__dim_feedforward': 128, 'model__module__dropout': 0.1, 'model__module__nhead': 4, 'model__module__num_layers': 3, 'model__module__patch_size': 16, 'model__optimizer__weight_decay': 0.0001}",0.5363834422657952,0.693121693121693,0.6954545454545455,0.6329540665823852,0.7845669291338583,0.6684961353116554,0.08188114003455249,37,0.7059083995918602,0.6252793160400272,0.7661703887510338,0.5596801827527127,0.7534647096661014,0.6821005993603471,0.07866739314397643
3,4.787643194198608,3.3010659230324033,0.03144292831420899,0.0076609287617907355,64,10,3e-05,500,96,128,0.1,4,3,32,0.0001,"{'model__batch_size': 64, 'model__callbacks__early_stopping__patience': 10, 'model__lr': 3e-05, 'model__max_epochs': 500, 'model__module__d_model': 96, 'model__module__dim_feedforward': 128, 'model__module__dropout': 0.1, 'model__module__nhead': 4, 'model__module__num_layers': 3, 'model__module__patch_size': 32, 'model__optimizer__weight_decay': 0.0001}",0.5447154471544715,0.7583333333333333,0.674674163046256,0.4369747899159664,0.768009768009768,0.636541500291959,0.12792978691933823,154,0.7149946827366183,0.7044444444444444,0.8817748410839745,0.4670060331825038,0.7688723205964585,0.7074184644088,0.1356768981770047
4,6.701732778549195,5.3489923752082085,0.0310272216796875,0.006793912419275441,64,10,3e-05,500,96,128,0.25,4,2,16,0.0001,"{'model__batch_size': 64, 'model__callbacks__early_stopping__patience': 10, 'model__lr': 3e-05, 'model__max_epochs': 500, 'model__module__d_model': 96, 'model__module__dim_feedforward': 128, 'model__module__dropout': 0.25, 'model__module__nhead': 4, 'model__module__num_layers': 2, 'model__module__patch_size': 16, 'model__optimizer__weight_decay': 0.0001}",0.4490161001788909,0.7420458433116661,0.7078488372093024,0.45616883116883117,0.7526041666666667,0.6215367557070713,0.13875215953213074,206,0.7377074851237082,0.6911008413319113,0.8984675524504606,0.5277937748525984,0.6700268362537491,0.7050192980024855,0.11943016921809932
5,5.778551483154297,4.4521989392605805,0.029826259613037108,0.006492518191804726,64,10,3e-05,500,96,128,0.25,4,2,32,0.0001,"{'model__batch_size': 64, 'model__callbacks__early_stopping__patience': 10, 'model__lr': 3e-05, 'model__max_epochs': 500, 'model__module__d_model': 96, 'model__module__dim_feedforward': 128, 'model__module__dropout': 0.25, 'model__module__nhead': 4, 'model__module__num_layers': 2, 'model__module__patch_size': 32, 'model__optimizer__weight_decay': 0.0001}",0.5349291646311676,0.8388888888888889,0.7020750988142292,0.4369747899159664,0.5930708661417323,0.621187761678397,0.13863770514716883,207,0.6487549148099607,0.8322176328158382,0.9091551785083068,0.4458010630220198,0.6594520368796182,0.6990761652071488,0.16131361963623808
6,5.346682167053222,2.194524077171054,0.03216853141784668,0.0057581946648382135,64,10,3e-05,500,96,128,0.25,4,3,16,0.0001,"{'model__batch_size': 64, 'model__callbacks__early_stopping__patience': 10, 'model__lr': 3e-05, 'model__max_epochs': 500, 'model__module__d_model': 96, 'model__module__dim_feedforward': 128, 'model__module__dropout': 0.25, 'model__module__nhead': 4, 'model__module__num_layers': 3, 'model__module__patch_size': 16, 'model__optimizer__weight_decay': 0.0001}",0.5114250103863731,0.7503586800573888,0.6661421452924207,0.47105263157894733,0.768009768009768,0.6333976470649796,0.12174213457925243,163,0.7536764705882353,0.6855581576893053,0.7686957944689903,0.5237076953782112,0.7476917170553796,0.6958659670360243,0.09063869800882866
7,5.426183986663818,4.676502551914354,0.03042597770690918,0.0057635729023563145,64,10,3e-05,500,96,128,0.25,4,3,32,0.0001,"{'model__batch_size': 64, 'model__callbacks__early_stopping__patience': 10, 'model__lr': 3e-05, 'model__max_epochs': 500, 'model__module__d_model': 96, 'model__module__dim_feedforward': 128, 'model__module__dropout': 0.25, 'model__module__nhead': 4, 'model__module__num_layers': 3, 'model__module__patch_size': 32, 'model__optimizer__weight_decay': 0.0001}",0.5447154471544715,0.8567901234567901,0.7089189879887554,0.47507122507122507,0.6377908606672273,0.6446573288676939,0.13260833916459827,125,0.7049944961659732,0.6998025016458196,0.9207197943444729,0.49728319930449905,0.6136824360369588,0.6872964854995447,0.13891014242483163
8,5.399669742584228,3.2863679190272816,0.030367040634155275,0.005374109600209562,64,10,3e-05,500,96,256,0.1,4,2,16,0.0001,"{'model__batch_size': 64, 'model__callbacks__early_stopping__patience': 10, 'model__lr': 3e-05, 'model__max_epochs': 500, 'model__module__d_model': 96, 'model__module__dim_feedforward': 256, 'model__module__dropout': 0.1, 'model__module__nhead': 4, 'model__module__num_layers': 2, 'model__module__patch_size': 16, 'model__optimizer__weight_decay': 0.0001}",0.5714285714285714,0.6400146038700256,0.7020750988142292,0.47871853546910753,0.768009768009768,0.6320493155183404,0.10063548430936822,169,0.740611691831204,0.6320158102766799,0.8678663239074551,0.6448938575555835,0.7438800489596084,0.7258535465061061,0.08493571517920678
9,5.215116405487061,4.196425534301929,0.028829288482666016,0.004425547350248862,64,10,3e-05,500,96,256,0.1,4,2,32,0.0001,"{'model__batch_size': 64, 'model__callbacks__early_stopping__patience': 10, 'model__lr': 3e-05, 'model__max_epochs': 500, 'model__module__d_model': 96, 'model__module__dim_feedforward': 256, 'model__module__dropout': 0.1, 'model__module__nhead': 4, 'model__module__num_layers': 2, 'model__module__patch_size': 32, 'model__optimizer__weight_decay': 0.0001}",0.6493738819320215,0.8094194961664841,0.715605493133583,0.45616883116883117,0.7216117216117216,0.6704358848025282,0.11859990072125023,33,0.6817642069550467,0.7210214318285454,0.9239001692047377,0.536488196182939,0.650454030823263,0.7027256069989064,0.12653813567112449
10,5.753165626525879,2.5714301818140624,0.03289122581481933,0.006374886596587643,64,10,3e-05,500,96,256,0.1,4,3,16,0.0001,"{'model__batch_size': 64, 'model__callbacks__early_stopping__patience': 10, 'model__lr': 3e-05, 'model__max_epochs': 500, 'model__module__d_model': 96, 'model__module__dim_feedforward': 256, 'model__module__dropout': 0.1, 'model__module__nhead': 4, 'model__module__num_layers': 3, 'model__module__patch_size': 16, 'model__optimizer__weight_decay': 0.0001}",0.5363834422657952,0.7986111111111112,0.7012850773669027,0.5033692722371967,0.7366929133858269,0.6552683632733667,0.11532701070889607,78,0.7673224346541054,0.7367784496976361,0.7581819669448535,0.5870108037281515,0.7553720287023964,0.7209331367454286,0.06769304959041676
11,4.4142357349395756,3.3858996940372412,0.03059420585632324,0.005586191830475964,64,10,3e-05,500,96,256,0.1,4,3,32,0.0001,"{'model__batch_size': 64, 'model__callbacks__early_stopping__patience': 10, 'model__lr': 3e-05, 'model__max_epochs': 500, 'model__module__d_model': 96, 'model__module__dim_feedforward': 256, 'model__module__dropout': 0.1, 'model__module__nhead': 4, 'model__module__num_layers': 3, 'model__module__patch_size': 32, 'model__optimizer__weight_decay': 0.0001}",0.5757575757575758,0.8567901234567901,0.715605493133583,0.42735042735042733,0.7366929133858269,0.6624393066168406,0.1475757331899714,54,0.6949943095953283,0.7593278759155536,0.8830851943755169,0.42247191011235957,0.6844851752021563,0.6888728930401828,0.15080353451780465
12,4.5557694911956785,1.8180628428936292,0.032804441452026364,0.005034222276276628,64,10,3e-05,500,96,256,0.25,4,2,16,0.0001,"{'model__batch_size': 64, 'model__callbacks__early_stopping__patience': 10, 'model__lr': 3e-05, 'model__max_epochs': 500, 'model__module__d_model': 96, 'model__module__dim_feedforward': 256, 'model__module__dropout': 0.25, 'model__module__nhead': 4, 'model__module__num_layers': 2, 'model__module__patch_size': 16, 'model__optimizer__weight_decay': 0.0001}",0.5714285714285714,0.6671449067431852,0.6564102564102564,0.48461538461538467,0.7811059907834101,0.6321410219961615,0.09945314972462331,168,0.7258052292535051,0.6596027846027847,0.7304473007712082,0.6059145673603505,0.7185127201565558,0.6880565204288809,0.04838685547580798
13,4.72295651435852,3.650830807569501,0.029197549819946288,0.004624482613809803,64,10,3e-05,500,96,256,0.25,4,2,32,0.0001,"{'model__batch_size': 64, 'model__callbacks__early_stopping__patience': 10, 'model__lr': 3e-05, 'model__max_epochs': 500, 'model__module__d_model': 96, 'model__module__dim_feedforward': 256, 'model__module__dropout': 0.25, 'model__module__nhead': 4, 'model__module__num_layers': 2, 'model__module__patch_size': 32, 'model__optimizer__weight_decay': 0.0001}",0.40425531914893614,0.8567901234567901,0.715605493133583,0.4322033898305085,0.6041666666666666,0.602604198447297,0.1707401135508678,252,0.5513392857142857,0.7291058456107,0.9149710504549214,0.4525482465901504,0.6914927768860353,0.6678914410512186,0.15830960556847332
14,5.72851300239563,2.6155621881869084,0.03283977508544922,0.00577039337281016,64,10,3e-05,500,96,256,0.25,4,3,16,0.0001,"{'model__batch_size': 64, 'model__callbacks__early_stopping__patience': 10, 'model__lr': 3e-05, 'model__max_epochs': 500, 'model__module__d_model': 96, 'model__module__dim_feedforward': 256, 'model__module__dropout': 0.25, 'model__module__nhead': 4, 'model__module__num_layers': 3, 'model__module__patch_size': 16, 'model__optimizer__weight_decay': 0.0001}",0.6044869131699211,0.7749559082892417,0.687888198757764,0.46659743856005537,0.7366929133858269,0.6541242744325618,0.10971604100620769,85,0.7657854489840508,0.725079714128642,0.7711301813471503,0.596403242147923,0.7514883583849101,0.7219773889985353,0.06478353372263077
15,5.55189094543457,5.57367913702414,0.02958841323852539,0.004416817234821415,64,10,3e-05,500,96,256,0.25,4,3,32,0.0001,"{'model__batch_size': 64, 'model__callbacks__early_stopping__patience': 10, 'model__lr': 3e-05, 'model__max_epochs': 500, 'model__module__d_model': 96, 'model__module__dim_feedforward': 256, 'model__module__dropout': 0.25, 'model__module__nhead': 4, 'model__module__num_layers': 3, 'model__module__patch_size': 32, 'model__optimizer__weight_decay': 0.0001}",0.6994633273703041,0.8335724533715925,0.7020750988142292,0.4322033898305085,0.7216117216117216,0.6777851981996712,0.132333516681497,23,0.6273502206638051,0.7290282575958897,0.9264032073310424,0.5182877406281662,0.6771866931267738,0.6956512238691355,0.1347770569301473
16,4.355601215362549,1.8476808145045875,0.0315615177154541,0.0065865324253189805,64,10,3e-05,500,96,384,0.1,4,2,16,0.0001,"{'model__batch_size': 64, 'model__callbacks__early_stopping__patience': 10, 'model__lr': 3e-05, 'model__max_epochs': 500, 'model__module__d_model': 96, 'model__module__dim_feedforward': 384, 'model__module__dropout': 0.1, 'model__module__nhead': 4, 'model__module__num_layers': 2, 'model__module__patch_size': 16, 'model__optimizer__weight_decay': 0.0001}",0.5491949910554561,0.7503586800573888,0.7012850773669027,0.4369747899159664,0.8248847926267281,0.6525396662044884,0.1405673183588485,91,0.7396720187417862,0.725079714128642,0.748840787640613,0.511463133640553,0.7496116806461635,0.6949334669595515,0.09216008215828111
17,3.950342130661011,2.7412966103121725,0.028435993194580077,0.005673795388067488,64,10,3e-05,500,96,384,0.1,4,2,32,0.0001,"{'model__batch_size': 64, 'model__callbacks__early_stopping__patience': 10, 'model__lr': 3e-05, 'model__max_epochs': 500, 'model__module__d_model': 96, 'model__module__dim_feedforward': 384, 'model__module__dropout': 0.1, 'model__module__nhead': 4, 'model__module__num_layers': 2, 'model__module__patch_size': 32, 'model__optimizer__weight_decay': 0.0001}",0.5896433805569126,0.8094194961664841,0.674674163046256,0.42735042735042733,0.7216117216117216,0.6445398377463604,0.12978313881599432,127,0.6063034188034188,0.7167592592592593,0.8710270993643359,0.42247191011235957,0.7058760107816712,0.6644875396642089,0.14768946123519303
18,5.533329772949219,2.8088259831570257,0.03299736976623535,0.005743596187856668,64,10,3e-05,500,96,384,0.1,4,3,16,0.0001,"{'model__batch_size': 64, 'model__callbacks__early_stopping__patience': 10, 'model__lr': 3e-05, 'model__max_epochs': 500, 'model__module__d_model': 96, 'model__module__dim_feedforward': 384, 'model__module__dropout': 0.1, 'model__module__nhead': 4, 'model__module__num_layers': 3, 'model__module__patch_size': 16, 'model__optimizer__weight_decay': 0.0001}",0.5491949910554561,0.7180555555555556,0.674674163046256,0.4369747899159664,0.7366929133858269,0.6231184825918122,0.11374035718614016,202,0.7635294117647059,0.6855581576893053,0.762159383033419,0.48109837542322864,0.7553720287023964,0.6895434713226111,0.10820871472543725
19,3.9367373466491697,2.726511269356899,0.03281111717224121,0.005532566977011041,64,10,3e-05,500,96,384,0.1,4,3,32,0.0001,"{'model__batch_size': 64, 'model__callbacks__early_stopping__patience': 10, 'model__lr': 3e-05, 'model__max_epochs': 500, 'model__module__d_model': 96, 'model__module__dim_feedforward': 384, 'model__module__dropout': 0.1, 'model__module__nhead': 4, 'model__module__num_layers': 3, 'model__module__patch_size': 32, 'model__optimizer__weight_decay': 0.0001}",0.6606060606060606,0.861101607937051,0.715605493133583,0.4369747899159664,0.768009768009768,0.6884595439204858,0.1420498651943714,12,0.5277853076714557,0.7327917540181691,0.8804145516074451,0.42247191011235957,0.7361855211496431,0.6599298089118145,0.16345381082462027
20,4.404124212265015,2.110116588241386,0.03303637504577637,0.004558162154326235,64,10,3e-05,500,96,384,0.25,4,2,16,0.0001,"{'model__batch_size': 64, 'model__callbacks__early_stopping__patience': 10, 'model__lr': 3e-05, 'model__max_epochs': 500, 'model__module__d_model': 96, 'model__module__dim_feedforward': 384, 'model__module__dropout': 0.25, 'model__module__nhead': 4, 'model__module__num_layers': 2, 'model__module__patch_size': 16, 'model__optimizer__weight_decay': 0.0001}",0.5491949910554561,0.693121693121693,0.7012850773669027,0.4369747899159664,0.768009768009768,0.6297172638939573,0.11991696123889171,181,0.7302361595044522,0.6747860434496379,0.7381531615827668,0.5237076953782112,0.7515221579961464,0.6836810435822429,0.08415176816428888
21,4.887791347503662,4.589616141666218,0.02854313850402832,0.003118066808735663,64,10,3e-05,500,96,384,0.25,4,2,32,0.0001,"{'model__batch_size': 64, 'model__callbacks__early_stopping__patience': 10, 'model__lr': 3e-05, 'model__max_epochs': 500, 'model__module__d_model': 96, 'model__module__dim_feedforward': 384, 'model__module__dropout': 0.25, 'model__module__nhead': 4, 'model__module__num_layers': 2, 'model__module__patch_size': 32, 'model__optimizer__weight_decay': 0.0001}",0.5604395604395604,0.8094194961664841,0.715605493133583,0.4369747899159664,0.7923497267759563,0.6629578132863101,0.14320851164665954,53,0.5883256528417818,0.7167592592592593,0.9140180662428905,0.42247191011235957,0.6978125060441367,0.6678774789000855,0.16150734302804717
22,5.793058395385742,4.605907264143516,0.03291044235229492,0.004335982511740061,64,10,3e-05,500,96,384,0.25,4,3,16,0.0001,"{'model__batch_size': 64, 'model__callbacks__early_stopping__patience': 10, 'model__lr': 3e-05, 'model__max_epochs': 500, 'model__module__d_model': 96, 'model__module__dim_feedforward': 384, 'model__module__dropout': 0.25, 'model__module__nhead': 4, 'model__module__num_layers': 3, 'model__module__patch_size': 16, 'model__optimizer__weight_decay': 0.0001}",0.4105263157894737,0.7420458433116661,0.7078488372093024,0.4369747899159664,0.768009768009768,0.6130811108472353,0.15598563668651183,231,0.5200168563000421,0.6899835074216603,0.8738340697103584,0.42247191011235957,0.7399813606710158,0.6492575408430873,0.1602865621336303
23,3.608012819290161,2.487997187782492,0.029883909225463866,0.004083070270183304,64,10,3e-05,500,96,384,0.25,4,3,32,0.0001,"{'model__batch_size': 64, 'model__callbacks__early_stopping__patience': 10, 'model__lr': 3e-05, 'model__max_epochs': 500, 'model__module__d_model': 96, 'model__module__dim_feedforward': 384, 'model__module__dropout': 0.25, 'model__module__nhead': 4, 'model__module__num_layers': 3, 'model__module__patch_size': 32, 'model__optimizer__weight_decay': 0.0001}",0.6606060606060606,0.7670682730923695,0.694357743097239,0.4947209653092006,0.7072592592592593,0.6648024602728257,0.09173844962050787,49,0.5205504587155964,0.6911008413319113,0.834341796103383,0.4614123006833713,0.6823292601102007,0.6379469313888925,0.1329003233748109
24,5.2274473190307615,4.024498918060857,0.034360504150390624,0.008157987989379074,64,10,3e-05,500,128,128,0.1,4,2,16,0.0001,"{'model__batch_size': 64, 'model__callbacks__early_stopping__patience': 10, 'model__lr': 3e-05, 'model__max_epochs': 500, 'model__module__d_model': 128, 'model__module__dim_feedforward': 128, 'model__module__dropout': 0.1, 'model__module__nhead': 4, 'model__module__num_layers': 2, 'model__module__patch_size': 16, 'model__optimizer__weight_decay': 0.0001}",0.4432234432234432,0.7651821862348178,0.7089189879887554,0.4322033898305085,0.7366929133858269,0.6172441841326703,0.14770323955200976,219,0.6672112933795177,0.7285714285714285,0.8843478972344951,0.4770235383447229,0.7136967098210605,0.694170173470245,0.1308523908475735
25,3.7413424968719484,2.0255023437418047,0.03140511512756348,0.006030901431055438,64,10,3e-05,500,128,128,0.1,4,2,32,0.0001,"{'model__batch_size': 64, 'model__callbacks__early_stopping__patience': 10, 'model__lr': 3e-05, 'model__max_epochs': 500, 'model__module__d_model': 128, 'model__module__dim_feedforward': 128, 'model__module__dropout': 0.1, 'model__module__nhead': 4, 'model__module__num_layers': 2, 'model__module__patch_size': 32, 'model__optimizer__weight_decay': 0.0001}",0.5227272727272727,0.7919655667144907,0.682147315855181,0.4369747899159664,0.7973333333333333,0.6462296557092488,0.14450037572186522,116,0.7315705128205128,0.7408096377004163,0.8379010763189485,0.42247191011235957,0.7688723205964585,0.7003250915097391,0.14383569755626657
26,4.560747766494751,1.7729300455886934,0.0313474178314209,0.004938625268606269,64,10,3e-05,500,128,128,0.1,4,3,16,0.0001,"{'model__batch_size': 64, 'model__callbacks__early_stopping__patience': 10, 'model__lr': 3e-05, 'model__max_epochs': 500, 'model__module__d_model': 128, 'model__module__dim_feedforward': 128, 'model__module__dropout': 0.1, 'model__module__nhead': 4, 'model__module__num_layers': 3, 'model__module__patch_size': 16, 'model__optimizer__weight_decay': 0.0001}",0.5491949910554561,0.7180555555555556,0.7089189879887554,0.6329540665823852,0.7366929133858269,0.6691633029135959,0.0696199968407254,36,0.7688268826882688,0.6898863305158845,0.7631810897435898,0.5872030302303838,0.7455808080808081,0.7109356282517869,0.0678735630719457
27,4.261616897583008,2.4575166960903525,0.030862951278686525,0.004708250216851576,64,10,3e-05,500,128,128,0.1,4,3,32,0.0001,"{'model__batch_size': 64, 'model__callbacks__early_stopping__patience': 10, 'model__lr': 3e-05, 'model__max_epochs': 500, 'model__module__d_model': 128, 'model__module__dim_feedforward': 128, 'model__module__dropout': 0.1, 'model__module__nhead': 4, 'model__module__num_layers': 3, 'model__module__patch_size': 32, 'model__optimizer__weight_decay': 0.0001}",0.5622988505747126,0.8094194961664841,0.682147315855181,0.4369747899159664,0.768009768009768,0.6517700441044225,0.1366966696606709,95,0.7453076740318365,0.7327917540181691,0.8925225828036133,0.42247191011235957,0.7864579256360078,0.7159103693203972,0.1571140628139594
28,5.818452310562134,4.55473086419043,0.03151912689208984,0.006753623023476225,64,10,3e-05,500,128,128,0.25,4,2,16,0.0001,"{'model__batch_size': 64, 'model__callbacks__early_stopping__patience': 10, 'model__lr': 3e-05, 'model__max_epochs': 500, 'model__module__d_model': 128, 'model__module__dim_feedforward': 128, 'model__module__dropout': 0.25, 'model__module__nhead': 4, 'model__module__num_layers': 2, 'model__module__patch_size': 16, 'model__optimizer__weight_decay': 0.0001}",0.5851851851851853,0.7420458433116661,0.7089189879887554,0.48366972477064224,0.7845669291338583,0.6608773340780214,0.11074952056530081,57,0.7359605911330049,0.713156002875629,0.9006490467761297,0.48398079441292013,0.7147338701244379,0.7096960610644244,0.13276867146202814
29,4.285278940200806,2.9566733238141576,0.030555152893066408,0.005937395490947297,64,10,3e-05,500,128,128,0.25,4,2,32,0.0001,"{'model__batch_size': 64, 'model__callbacks__early_stopping__patience': 10, 'model__lr': 3e-05, 'model__max_epochs': 500, 'model__module__d_model': 128, 'model__module__dim_feedforward': 128, 'model__module__dropout': 0.25, 'model__module__nhead': 4, 'model__module__num_layers': 2, 'model__module__patch_size': 32, 'model__optimizer__weight_decay': 0.0001}",0.5349291646311676,0.843454790823212,0.7078488372093024,0.4369747899159664,0.7121212121212122,0.6470657589401722,0.14367204145913107,112,0.7391939015489417,0.7905338196286472,0.8540786070279478,0.42247191011235957,0.6406838597507969,0.6893924196137386,0.15063226276023586
30,4.952507829666137,1.9374587143720816,0.03425464630126953,0.006781211872511193,64,10,3e-05,500,128,128,0.25,4,3,16,0.0001,"{'model__batch_size': 64, 'model__callbacks__early_stopping__patience': 10, 'model__lr': 3e-05, 'model__max_epochs': 500, 'model__module__d_model': 128, 'model__module__dim_feedforward': 128, 'model__module__dropout': 0.25, 'model__module__nhead': 4, 'model__module__num_layers': 3, 'model__module__patch_size': 16, 'model__optimizer__weight_decay': 0.0001}",0.6137931034482759,0.7919655667144907,0.6954545454545455,0.6193181818181819,0.7366929133858269,0.6914448621642642,0.0684104222938924,10,0.7331495098039216,0.6784927124066833,0.7592529846730314,0.5866576056178503,0.7396144931555697,0.6994334611314112,0.06242847301244481
31,2.63449764251709,1.1832141948291643,0.030047178268432617,0.005217022680249129,64,10,3e-05,500,128,128,0.25,4,3,32,0.0001,"{'model__batch_size': 64, 'model__callbacks__early_stopping__patience': 10, 'model__lr': 3e-05, 'model__max_epochs': 500, 'model__module__d_model': 128, 'model__module__dim_feedforward': 128, 'model__module__dropout': 0.25, 'model__module__nhead': 4, 'model__module__num_layers': 3, 'model__module__patch_size': 32, 'model__optimizer__weight_decay': 0.0001}",0.5349291646311676,0.7420458433116661,0.6358695652173914,0.4369747899159664,0.7366929133858269,0.6173024552924037,0.11786700795704039,218,0.635557229230737,0.6959432663820655,0.7528846153846154,0.42247191011235957,0.7357954545454546,0.6485304951310463,0.12001976164112899
32,3.444505214691162,1.1869547474056497,0.02994256019592285,0.004765436254639273,64,10,3e-05,500,128,256,0.1,4,2,16,0.0001,"{'model__batch_size': 64, 'model__callbacks__early_stopping__patience': 10, 'model__lr': 3e-05, 'model__max_epochs': 500, 'model__module__d_model': 128, 'model__module__dim_feedforward': 256, 'model__module__dropout': 0.1, 'model__module__nhead': 4, 'model__module__num_layers': 2, 'model__module__patch_size': 16, 'model__optimizer__weight_decay': 0.0001}",0.5108045977011495,0.693121693121693,0.6277777777777778,0.4369747899159664,0.7366929133858269,0.6010743543804826,0.11194237353705729,259,0.7278104152145772,0.6497695852534562,0.7607270077720207,0.42247191011235957,0.6932464748082791,0.6508050786321385,0.11995918686804037
33,4.083725309371948,2.941928826300535,0.028851652145385744,0.0040016539886103,64,10,3e-05,500,128,256,0.1,4,2,32,0.0001,"{'model__batch_size': 64, 'model__callbacks__early_stopping__patience': 10, 'model__lr': 3e-05, 'model__max_epochs': 500, 'model__module__d_model': 128, 'model__module__dim_feedforward': 256, 'model__module__dropout': 0.1, 'model__module__nhead': 4, 'model__module__num_layers': 2, 'model__module__patch_size': 32, 'model__optimizer__weight_decay': 0.0001}",0.4593103448275862,0.7180555555555556,0.682147315855181,0.4322033898305085,0.7366929133858269,0.6056819038909316,0.13202886772779882,246,0.6883911633314974,0.7028077334110561,0.9101491002570694,0.4198645598194131,0.7631327602674307,0.6968690634172934,0.15919666406008057
34,7.685593366622925,6.1757015674108855,0.033030128479003905,0.007156013713195692,64,10,3e-05,500,128,256,0.1,4,3,16,0.0001,"{'model__batch_size': 64, 'model__callbacks__early_stopping__patience': 10, 'model__lr': 3e-05, 'model__max_epochs': 500, 'model__module__d_model': 128, 'model__module__dim_feedforward': 256, 'model__module__dropout': 0.1, 'model__module__nhead': 4, 'model__module__num_layers': 3, 'model__module__patch_size': 16, 'model__optimizer__weight_decay': 0.0001}",0.46969696969696967,0.7651821862348178,0.7128571428571429,0.42735042735042733,0.8508550602747407,0.6451883572828196,0.16704907487398368,122,0.7326016462958345,0.7133809785596481,0.9468569065343259,0.42247191011235957,0.8476990431664653,0.7326020969337266,0.17646677570506036
35,3.276408576965332,1.7546593772562038,0.030236196517944337,0.0043718526798902655,64,10,3e-05,500,128,256,0.1,4,3,32,0.0001,"{'model__batch_size': 64, 'model__callbacks__early_stopping__patience': 10, 'model__lr': 3e-05, 'model__max_epochs': 500, 'model__module__d_model': 128, 'model__module__dim_feedforward': 256, 'model__module__dropout': 0.1, 'model__module__nhead': 4, 'model__module__num_layers': 3, 'model__module__patch_size': 32, 'model__optimizer__weight_decay': 0.0001}",0.5714285714285714,0.861101607937051,0.6559060895084372,0.4369747899159664,0.8144078144078144,0.6679637746395681,0.15592846034501862,39,0.791044776119403,0.7386391549987719,0.7325393154486587,0.42247191011235957,0.795297053460025,0.6959984420278437,0.13918638536246358
36,5.665600252151489,4.109312062575543,0.032538986206054686,0.005632081243568279,64,10,3e-05,500,128,256,0.25,4,2,16,0.0001,"{'model__batch_size': 64, 'model__callbacks__early_stopping__patience': 10, 'model__lr': 3e-05, 'model__max_epochs': 500, 'model__module__d_model': 128, 'model__module__dim_feedforward': 256, 'model__module__dropout': 0.25, 'model__module__nhead': 4, 'model__module__num_layers': 2, 'model__module__patch_size': 16, 'model__optimizer__weight_decay': 0.0001}",0.5238095238095237,0.7651821862348178,0.7292929292929293,0.4369747899159664,0.68040370058873,0.6271326259683935,0.12583153985245013,189,0.7930882352941176,0.7247132870086805,0.8890077120822621,0.511463133640553,0.7213483146067415,0.727924136526471,0.1241798653896526
37,5.015838146209717,3.965923977894481,0.029599714279174804,0.0062206463217832015,64,10,3e-05,500,128,256,0.25,4,2,32,0.0001,"{'model__batch_size': 64, 'model__callbacks__early_stopping__patience': 10, 'model__lr': 3e-05, 'model__max_epochs': 500, 'model__module__d_model': 128, 'model__module__dim_feedforward': 256, 'model__module__dropout': 0.25, 'model__module__nhead': 4, 'model__module__num_layers': 2, 'model__module__patch_size': 32, 'model__optimizer__weight_decay': 0.0001}",0.4593103448275862,0.7420458433116661,0.694357743097239,0.4369747899159664,0.7973333333333333,0.6260044108971583,0.14900369189648033,194,0.6734070019622018,0.7211553473848555,0.9681141439205956,0.4362064032047817,0.7749368686868687,0.7147639530318607,0.1715532890334676
38,4.284009313583374,2.002974126543452,0.0337888240814209,0.007949079429981246,64,10,3e-05,500,128,256,0.25,4,3,16,0.0001,"{'model__batch_size': 64, 'model__callbacks__early_stopping__patience': 10, 'model__lr': 3e-05, 'model__max_epochs': 500, 'model__module__d_model': 128, 'model__module__dim_feedforward': 256, 'model__module__dropout': 0.25, 'model__module__nhead': 4, 'model__module__num_layers': 3, 'model__module__patch_size': 16, 'model__optimizer__weight_decay': 0.0001}",0.5238095238095237,0.6704545454545454,0.674674163046256,0.4369747899159664,0.7216117216117216,0.6055049487676026,0.10729414701244191,247,0.7657854489840508,0.5763265990443457,0.75679049632538,0.42247191011235957,0.7457787749260197,0.6534306458784311,0.13499778447720034
39,3.3138358116149904,2.029005855352656,0.03113083839416504,0.004057090032143452,64,10,3e-05,500,128,256,0.25,4,3,32,0.0001,"{'model__batch_size': 64, 'model__callbacks__early_stopping__patience': 10, 'model__lr': 3e-05, 'model__max_epochs': 500, 'model__module__d_model': 128, 'model__module__dim_feedforward': 256, 'model__module__dropout': 0.25, 'model__module__nhead': 4, 'model__module__num_layers': 3, 'model__module__patch_size': 32, 'model__optimizer__weight_decay': 0.0001}",0.4761904761904762,0.7420458433116661,0.6559060895084372,0.4369747899159664,0.8144078144078144,0.625105002666872,0.14698839058901875,197,0.7059083995918602,0.7288481141692151,0.7325393154486587,0.42247191011235957,0.7684407096171801,0.6716416897878548,0.12618314669231273
40,8.04122281074524,6.180849082427509,0.03182821273803711,0.0041372884404432845,64,10,3e-05,500,128,384,0.1,4,2,16,0.0001,"{'model__batch_size': 64, 'model__callbacks__early_stopping__patience': 10, 'model__lr': 3e-05, 'model__max_epochs': 500, 'model__module__d_model': 128, 'model__module__dim_feedforward': 384, 'model__module__dropout': 0.1, 'model__module__nhead': 4, 'model__module__num_layers': 2, 'model__module__patch_size': 16, 'model__optimizer__weight_decay': 0.0001}",0.5714285714285714,0.8388888888888889,0.7542186353631695,0.4369747899159664,0.7216117216117216,0.6646245214416636,0.1429353709597092,50,0.7562713148920046,0.8510995601759297,0.9843130073857047,0.48185483870967744,0.7207207207207207,0.7588518883768074,0.1658495462566746
41,4.039113140106201,3.0697273665418665,0.02884974479675293,0.003123709473410941,64,10,3e-05,500,128,384,0.1,4,2,32,0.0001,"{'model__batch_size': 64, 'model__callbacks__early_stopping__patience': 10, 'model__lr': 3e-05, 'model__max_epochs': 500, 'model__module__d_model': 128, 'model__module__dim_feedforward': 384, 'model__module__dropout': 0.1, 'model__module__nhead': 4, 'model__module__num_layers': 2, 'model__module__patch_size': 32, 'model__optimizer__weight_decay': 0.0001}",0.6493738819320215,0.7420458433116661,0.7214477867449254,0.4369747899159664,0.7522962962962962,0.6604277196401751,0.11736967343258223,61,0.674757281553398,0.70502636522054,0.9255996691480562,0.42247191011235957,0.7572127843363087,0.6970136020741325,0.16236269300978853
42,6.928331804275513,5.362414270099966,0.034232139587402344,0.0070847688119439105,64,10,3e-05,500,128,384,0.1,4,3,16,0.0001,"{'model__batch_size': 64, 'model__callbacks__early_stopping__patience': 10, 'model__lr': 3e-05, 'model__max_epochs': 500, 'model__module__d_model': 128, 'model__module__dim_feedforward': 384, 'model__module__dropout': 0.1, 'model__module__nhead': 4, 'model__module__num_layers': 3, 'model__module__patch_size': 16, 'model__optimizer__weight_decay': 0.0001}",0.4991055456171736,0.7302325581395348,0.7490636704119851,0.4369747899159664,0.768009768009768,0.6366772664188856,0.13959840964086823,153,0.7805077805077805,0.5614608656774807,0.9101491002570694,0.42247191011235957,0.8073936004970488,0.6963966514103477,0.17794805101438285
43,2.595815563201904,1.214790839429794,0.029847240447998045,0.003943355389806417,64,10,3e-05,500,128,384,0.1,4,3,32,0.0001,"{'model__batch_size': 64, 'model__callbacks__early_stopping__patience': 10, 'model__lr': 3e-05, 'model__max_epochs': 500, 'model__module__d_model': 128, 'model__module__dim_feedforward': 384, 'model__module__dropout': 0.1, 'model__module__nhead': 4, 'model__module__num_layers': 3, 'model__module__patch_size': 32, 'model__optimizer__weight_decay': 0.0001}",0.5474747474747474,0.7986111111111112,0.6300120048019208,0.4369747899159664,0.7526041666666667,0.6331353639940825,0.13227356887430808,164,0.6401047001251849,0.7392972578458972,0.743828789211375,0.42247191011235957,0.7473179502547198,0.6586041215099072,0.12469596585150128
44,5.873481607437133,5.08631444395024,0.030357789993286134,0.00484882708544201,64,10,3e-05,500,128,384,0.25,4,2,16,0.0001,"{'model__batch_size': 64, 'model__callbacks__early_stopping__patience': 10, 'model__lr': 3e-05, 'model__max_epochs': 500, 'model__module__d_model': 128, 'model__module__dim_feedforward': 384, 'model__module__dropout': 0.25, 'model__module__nhead': 4, 'model__module__num_layers': 2, 'model__module__patch_size': 16, 'model__optimizer__weight_decay': 0.0001}",0.5851851851851853,0.7651821862348178,0.7542186353631695,0.4369747899159664,0.7216117216117216,0.6526345036621721,0.12554098610261402,89,0.7313432835820894,0.7211740041928721,0.9524318766066838,0.42247191011235957,0.7251274610563649,0.710509707110074,0.16867338406788593
45,4.14915976524353,3.0485181941172708,0.02958545684814453,0.003728813641750477,64,10,3e-05,500,128,384,0.25,4,2,32,0.0001,"{'model__batch_size': 64, 'model__callbacks__early_stopping__patience': 10, 'model__lr': 3e-05, 'model__max_epochs': 500, 'model__module__d_model': 128, 'model__module__dim_feedforward': 384, 'model__module__dropout': 0.25, 'model__module__nhead': 4, 'model__module__num_layers': 2, 'model__module__patch_size': 32, 'model__optimizer__weight_decay': 0.0001}",0.6493738819320215,0.7986111111111112,0.6954545454545455,0.4369747899159664,0.7522962962962962,0.6665421249419883,0.12540162116280473,42,0.6818321078431373,0.74847718526663,0.9255996691480562,0.42247191011235957,0.7553720287023964,0.7067505802145159,0.16336178934478476
46,3.5416290283203127,1.892001598680278,0.032587862014770506,0.005751474965491145,64,10,3e-05,500,128,384,0.25,4,3,16,0.0001,"{'model__batch_size': 64, 'model__callbacks__early_stopping__patience': 10, 'model__lr': 3e-05, 'model__max_epochs': 500, 'model__module__d_model': 128, 'model__module__dim_feedforward': 384, 'model__module__dropout': 0.25, 'model__module__nhead': 4, 'model__module__num_layers': 3, 'model__module__patch_size': 16, 'model__optimizer__weight_decay': 0.0001}",0.42857142857142855,0.7420458433116661,0.6532091097308489,0.4369747899159664,0.768009768009768,0.6057621879079356,0.14631095193779603,245,0.43702476404627355,0.697423887587822,0.7399206606217616,0.4198645598194131,0.7623583788963417,0.6113184501943224,0.15086326001291545
47,4.674750518798828,3.5981325028085274,0.029799365997314455,0.003092793754341981,64,10,3e-05,500,128,384,0.25,4,3,32,0.0001,"{'model__batch_size': 64, 'model__callbacks__early_stopping__patience': 10, 'model__lr': 3e-05, 'model__max_epochs': 500, 'model__module__d_model': 128, 'model__module__dim_feedforward': 384, 'model__module__dropout': 0.25, 'model__module__nhead': 4, 'model__module__num_layers': 3, 'model__module__patch_size': 32, 'model__optimizer__weight_decay': 0.0001}",0.6652873563218391,0.7875457875457875,0.715605493133583,0.4369747899159664,0.768009768009768,0.6746846389853888,0.12626639785158475,28,0.582378706199461,0.7324688108536089,0.9101491002570694,0.4441240086517664,0.7739804055593529,0.6886202063042518,0.16084138870626222
48,3.0570651054382325,1.7552381813890203,0.029683876037597656,0.0020334555901097267,64,10,0.0001,500,96,128,0.1,4,2,16,0.0001,"{'model__batch_size': 64, 'model__callbacks__early_stopping__patience': 10, 'model__lr': 0.0001, 'model__max_epochs': 500, 'model__module__d_model': 96, 'model__module__dim_feedforward': 128, 'model__module__dropout': 0.1, 'model__module__nhead': 4, 'model__module__num_layers': 2, 'model__module__patch_size': 16, 'model__optimizer__weight_decay': 0.0001}",0.5363834422657952,0.7420458433116661,0.7351778656126482,0.4369747899159664,0.7845669291338583,0.6470297740479869,0.13570579618386644,113,0.7827914428423335,0.697423887587822,0.8925225828036133,0.42247191011235957,0.8252837573385519,0.7240987161369361,0.1635482339768632
49,2.1830873012542726,1.4110573153002506,0.02882981300354004,0.005112955790436351,64,10,0.0001,500,96,128,0.1,4,2,32,0.0001,"{'model__batch_size': 64, 'model__callbacks__early_stopping__patience': 10, 'model__lr': 0.0001, 'model__max_epochs': 500, 'model__module__d_model': 96, 'model__module__dim_feedforward': 128, 'model__module__dropout': 0.1, 'model__module__nhead': 4, 'model__module__num_layers': 2, 'model__module__patch_size': 32, 'model__optimizer__weight_decay': 0.0001}",0.5766323024054982,0.8158730158730159,0.674674163046256,0.4369747899159664,0.7366929133858269,0.6481694369253127,0.13144134610082045,106,0.4298510805061023,0.7408096377004163,0.9070524412296563,0.45085470085470086,0.7277491248783114,0.6512633970338374,0.18356671284654297
50,3.6787704467773437,2.7548816215080123,0.032061004638671876,0.006503575116149763,64,10,0.0001,500,96,128,0.1,4,3,16,0.0001,"{'model__batch_size': 64, 'model__callbacks__early_stopping__patience': 10, 'model__lr': 0.0001, 'model__max_epochs': 500, 'model__module__d_model': 96, 'model__module__dim_feedforward': 128, 'model__module__dropout': 0.1, 'model__module__nhead': 4, 'model__module__num_layers': 3, 'model__module__patch_size': 16, 'model__optimizer__weight_decay': 0.0001}",0.6776556776556777,0.6823658269441402,0.7542186353631695,0.46825396825396826,0.8248847926267281,0.6814757801687368,0.11944588253992192,17,0.6069813074460395,0.5168636655768855,0.9070524412296563,0.5674161537495289,0.8238602553028122,0.6844347646609844,0.15282052476287014
51,2.3384884357452393,1.6837044446603755,0.02832903861999512,0.003363120174209677,64,10,0.0001,500,96,128,0.1,4,3,32,0.0001,"{'model__batch_size': 64, 'model__callbacks__early_stopping__patience': 10, 'model__lr': 0.0001, 'model__max_epochs': 500, 'model__module__d_model': 96, 'model__module__dim_feedforward': 128, 'model__module__dropout': 0.1, 'model__module__nhead': 4, 'model__module__num_layers': 3, 'model__module__patch_size': 32, 'model__optimizer__weight_decay': 0.0001}",0.4105263157894737,0.8094194961664841,0.715605493133583,0.4224137931034483,0.768009768009768,0.6251949732405515,0.17303851713952803,196,0.4751273012142577,0.7251078360891445,0.9109339802460579,0.5035513685399269,0.7897495183044316,0.6808940008787637,0.16763837444989532
52,3.0652373790740968,1.751088186459641,0.031008338928222655,0.00403521617254177,64,10,0.0001,500,96,128,0.25,4,2,16,0.0001,"{'model__batch_size': 64, 'model__callbacks__early_stopping__patience': 10, 'model__lr': 0.0001, 'model__max_epochs': 500, 'model__module__d_model': 96, 'model__module__dim_feedforward': 128, 'model__module__dropout': 0.25, 'model__module__nhead': 4, 'model__module__num_layers': 2, 'model__module__patch_size': 16, 'model__optimizer__weight_decay': 0.0001}",0.6287878787878788,0.7180555555555556,0.7351778656126482,0.4369747899159664,0.768009768009768,0.6574011715763634,0.11947295952823087,69,0.7359605911330049,0.697423887587822,0.877092300334768,0.42247191011235957,0.7824688614700894,0.7030835101276087,0.15260202942488985
53,2.192050313949585,1.4146596342595819,0.02827296257019043,0.003999355513738016,64,10,0.0001,500,96,128,0.25,4,2,32,0.0001,"{'model__batch_size': 64, 'model__callbacks__early_stopping__patience': 10, 'model__lr': 0.0001, 'model__max_epochs': 500, 'model__module__d_model': 96, 'model__module__dim_feedforward': 128, 'model__module__dropout': 0.25, 'model__module__nhead': 4, 'model__module__num_layers': 2, 'model__module__patch_size': 32, 'model__optimizer__weight_decay': 0.0001}",0.5766323024054982,0.8335724533715925,0.6532091097308489,0.4369747899159664,0.7216117216117216,0.6444000754071256,0.13374838025094762,128,0.4199134199134199,0.7370596693026599,0.9070524412296563,0.4577253410205355,0.7062091503267973,0.6455920043586139,0.18255247948763123
54,3.5592019081115724,2.4363063027671634,0.03177433013916016,0.0035863522098666125,64,10,0.0001,500,96,128,0.25,4,3,16,0.0001,"{'model__batch_size': 64, 'model__callbacks__early_stopping__patience': 10, 'model__lr': 0.0001, 'model__max_epochs': 500, 'model__module__d_model': 96, 'model__module__dim_feedforward': 128, 'model__module__dropout': 0.25, 'model__module__nhead': 4, 'model__module__num_layers': 3, 'model__module__patch_size': 16, 'model__optimizer__weight_decay': 0.0001}",0.6606060606060606,0.4746376811594203,0.7490636704119851,0.4369747899159664,0.8144078144078144,0.6271380033002494,0.14864343731925936,188,0.6504914841849149,0.49004329004329006,0.9130287648054145,0.4377091377091377,0.8099616858237548,0.6602468725133024,0.18160433964759612
55,2.4170090675354006,1.6344550437701117,0.028957653045654296,0.00331587065033235,64,10,0.0001,500,96,128,0.25,4,3,32,0.0001,"{'model__batch_size': 64, 'model__callbacks__early_stopping__patience': 10, 'model__lr': 0.0001, 'model__max_epochs': 500, 'model__module__d_model': 96, 'model__module__dim_feedforward': 128, 'model__module__dropout': 0.25, 'model__module__nhead': 4, 'model__module__num_layers': 3, 'model__module__patch_size': 32, 'model__optimizer__weight_decay': 0.0001}",0.6513865308432372,0.7842261904761905,0.7089189879887554,0.4369747899159664,0.7973333333333333,0.6757679665114965,0.13058097148889544,27,0.47345306613041166,0.7290740740740741,0.8937138130686517,0.42247191011235957,0.7794721407624634,0.6596370008295921,0.1815960680887514
56,3.8174055576324464,2.3003639763459987,0.03030285835266113,0.006434079341434351,64,10,0.0001,500,96,256,0.1,4,2,16,0.0001,"{'model__batch_size': 64, 'model__callbacks__early_stopping__patience': 10, 'model__lr': 0.0001, 'model__max_epochs': 500, 'model__module__d_model': 96, 'model__module__dim_feedforward': 256, 'model__module__dropout': 0.1, 'model__module__nhead': 4, 'model__module__num_layers': 2, 'model__module__patch_size': 16, 'model__optimizer__weight_decay': 0.0001}",0.45217391304347826,0.861101607937051,0.7351778656126482,0.4369747899159664,0.768009768009768,0.6506875889037824,0.1733539730891836,99,0.5801018409714063,0.9093181818181818,0.8804145516074451,0.42247191011235957,0.8184200385356455,0.7221453046090076,0.18938434667742113
57,2.319609594345093,1.229853254946821,0.028819847106933593,0.0028387765461608083,64,10,0.0001,500,96,256,0.1,4,2,32,0.0001,"{'model__batch_size': 64, 'model__callbacks__early_stopping__patience': 10, 'model__lr': 0.0001, 'model__max_epochs': 500, 'model__module__d_model': 96, 'model__module__dim_feedforward': 256, 'model__module__dropout': 0.1, 'model__module__nhead': 4, 'model__module__num_layers': 2, 'model__module__patch_size': 32, 'model__optimizer__weight_decay': 0.0001}",0.47987616099071206,0.8825910931174089,0.715605493133583,0.4369747899159664,0.8754098360655738,0.6780914746446488,0.18951965466094045,22,0.5151315789473684,0.7684847480106101,0.9198428045661531,0.42247191011235957,0.8182740544501438,0.688841019217327,0.18845972031407618
58,3.1965645790100097,2.703123361103995,0.03431687355041504,0.008212249900706065,64,10,0.0001,500,96,256,0.1,4,3,16,0.0001,"{'model__batch_size': 64, 'model__callbacks__early_stopping__patience': 10, 'model__lr': 0.0001, 'model__max_epochs': 500, 'model__module__d_model': 96, 'model__module__dim_feedforward': 256, 'model__module__dropout': 0.1, 'model__module__nhead': 4, 'model__module__num_layers': 3, 'model__module__patch_size': 16, 'model__optimizer__weight_decay': 0.0001}",0.5762644364794902,0.7420458433116661,0.5332961827807189,0.4369747899159664,0.9169398907103825,0.6411042286396449,0.16957011717607165,140,0.7277177426803362,0.7133809785596481,0.7000466853408029,0.42247191011235957,0.8717275403835443,0.6870689714153382,0.14602976225934594
59,2.307761001586914,1.3160852495031414,0.030842924118041994,0.004744972564407569,64,10,0.0001,500,96,256,0.1,4,3,32,0.0001,"{'model__batch_size': 64, 'model__callbacks__early_stopping__patience': 10, 'model__lr': 0.0001, 'model__max_epochs': 500, 'model__module__d_model': 96, 'model__module__dim_feedforward': 256, 'model__module__dropout': 0.1, 'model__module__nhead': 4, 'model__module__num_layers': 3, 'model__module__patch_size': 32, 'model__optimizer__weight_decay': 0.0001}",0.4593103448275862,0.8567901234567901,0.7490636704119851,0.4369747899159664,0.7366929133858269,0.647766368399631,0.16840948094248215,108,0.6273502206638051,0.7372447221520295,0.9043424317617866,0.4377091377091377,0.7847222222222222,0.6982737469017962,0.1577215526266848
60,2.157181167602539,1.1337429456391583,0.029629898071289063,0.004806937118122565,64,10,0.0001,500,96,256,0.25,4,2,16,0.0001,"{'model__batch_size': 64, 'model__callbacks__early_stopping__patience': 10, 'model__lr': 0.0001, 'model__max_epochs': 500, 'model__module__d_model': 96, 'model__module__dim_feedforward': 256, 'model__module__dropout': 0.25, 'model__module__nhead': 4, 'model__module__num_layers': 2, 'model__module__patch_size': 16, 'model__optimizer__weight_decay': 0.0001}",0.4991055456171736,0.7180555555555556,0.49744974497449745,0.4322033898305085,0.7845669291338583,0.5862762330223187,0.13850076154485302,274,0.7498809591832847,0.6929866250254599,0.677417296032337,0.4710068219242531,0.8073936004970488,0.6797370605324767,0.11398737078264154
61,2.0441771030426024,1.3531749405181555,0.028193330764770506,0.004450535083442992,64,10,0.0001,500,96,256,0.25,4,2,32,0.0001,"{'model__batch_size': 64, 'model__callbacks__early_stopping__patience': 10, 'model__lr': 0.0001, 'model__max_epochs': 500, 'model__module__d_model': 96, 'model__module__dim_feedforward': 256, 'model__module__dropout': 0.25, 'model__module__nhead': 4, 'model__module__num_layers': 2, 'model__module__patch_size': 32, 'model__optimizer__weight_decay': 0.0001}",0.5018315018315018,0.8094194961664841,0.687888198757764,0.42735042735042733,0.7522962962962962,0.6357571840804946,0.14685167389102796,157,0.6221251415759425,0.7167592592592593,0.9010015408320493,0.41723356009070295,0.7274997502746978,0.6769238504065304,0.15798578300985944
62,3.9222230434417726,2.965762123387304,0.03152337074279785,0.005759021101433868,64,10,0.0001,500,96,256,0.25,4,3,16,0.0001,"{'model__batch_size': 64, 'model__callbacks__early_stopping__patience': 10, 'model__lr': 0.0001, 'model__max_epochs': 500, 'model__module__d_model': 96, 'model__module__dim_feedforward': 256, 'model__module__dropout': 0.25, 'model__module__nhead': 4, 'model__module__num_layers': 3, 'model__module__patch_size': 16, 'model__optimizer__weight_decay': 0.0001}",0.43434343434343436,0.8473684210526315,0.6079787234042553,0.4224137931034483,0.8248847926267281,0.6273978329060996,0.182786059698917,187,0.6097863706886264,0.9361855257896841,0.7226333641689793,0.4690237159901062,0.8421262035489774,0.7159510360372746,0.1653554319861536
63,2.478141164779663,1.6510773969625387,0.03118166923522949,0.005175266609385618,64,10,0.0001,500,96,256,0.25,4,3,32,0.0001,"{'model__batch_size': 64, 'model__callbacks__early_stopping__patience': 10, 'model__lr': 0.0001, 'model__max_epochs': 500, 'model__module__d_model': 96, 'model__module__dim_feedforward': 256, 'model__module__dropout': 0.25, 'model__module__nhead': 4, 'model__module__num_layers': 3, 'model__module__patch_size': 32, 'model__optimizer__weight_decay': 0.0001}",0.422680412371134,0.8335724533715925,0.715605493133583,0.6013729977116704,0.768009768009768,0.6682482249195496,0.14443200713112028,38,0.4729523862282913,0.7330210772833723,0.9149710504549214,0.5461292558066752,0.7628518971848225,0.6859851333916165,0.15842856274432277
64,2.1183703422546385,1.2191449810173915,0.03142080307006836,0.005963394533191227,64,10,0.0001,500,96,384,0.1,4,2,16,0.0001,"{'model__batch_size': 64, 'model__callbacks__early_stopping__patience': 10, 'model__lr': 0.0001, 'model__max_epochs': 500, 'model__module__d_model': 96, 'model__module__dim_feedforward': 384, 'model__module__dropout': 0.1, 'model__module__nhead': 4, 'model__module__num_layers': 2, 'model__module__patch_size': 16, 'model__optimizer__weight_decay': 0.0001}",0.5108045977011495,0.693121693121693,0.5073529411764706,0.4369747899159664,0.8248847926267281,0.5946277629084016,0.14298044023615478,268,0.7471844136842307,0.6347826086956522,0.6834975369458128,0.42247191011235957,0.8033382975842794,0.6582549534044669,0.1309499203192633
65,2.067107915878296,1.3390145658824837,0.02752070426940918,0.0036437404641522383,64,10,0.0001,500,96,384,0.1,4,2,32,0.0001,"{'model__batch_size': 64, 'model__callbacks__early_stopping__patience': 10, 'model__lr': 0.0001, 'model__max_epochs': 500, 'model__module__d_model': 96, 'model__module__dim_feedforward': 384, 'model__module__dropout': 0.1, 'model__module__nhead': 4, 'model__module__num_layers': 2, 'model__module__patch_size': 32, 'model__optimizer__weight_decay': 0.0001}",0.42857142857142855,0.7842261904761905,0.6954545454545455,0.4369747899159664,0.7366929133858269,0.6163839735607916,0.15255072163184888,225,0.44966015907447576,0.6898863305158845,0.9140180662428905,0.42247191011235957,0.7573385518590998,0.6466750035609421,0.1869052320954393
66,2.7187796592712403,2.2071089279650375,0.031885528564453126,0.005531965195679697,64,10,0.0001,500,96,384,0.1,4,3,16,0.0001,"{'model__batch_size': 64, 'model__callbacks__early_stopping__patience': 10, 'model__lr': 0.0001, 'model__max_epochs': 500, 'model__module__d_model': 96, 'model__module__dim_feedforward': 384, 'model__module__dropout': 0.1, 'model__module__nhead': 4, 'model__module__num_layers': 3, 'model__module__patch_size': 16, 'model__optimizer__weight_decay': 0.0001}",0.5108045977011495,0.6823658269441402,0.571939688218758,0.4369747899159664,0.88125,0.6166669805560028,0.15480127309255484,222,0.7536764705882353,0.6252793160400272,0.7091031175059952,0.43319976392383436,0.8577111383108935,0.6757939612737971,0.14259924152542125
67,2.268874168395996,1.5683526171358253,0.029802274703979493,0.003598907024285642,64,10,0.0001,500,96,384,0.1,4,3,32,0.0001,"{'model__batch_size': 64, 'model__callbacks__early_stopping__patience': 10, 'model__lr': 0.0001, 'model__max_epochs': 500, 'model__module__d_model': 96, 'model__module__dim_feedforward': 384, 'model__module__dropout': 0.1, 'model__module__nhead': 4, 'model__module__num_layers': 3, 'model__module__patch_size': 32, 'model__optimizer__weight_decay': 0.0001}",0.6975488159534691,0.8335724533715925,0.715605493133583,0.5538582060321191,0.7973333333333333,0.7195836603648195,0.09695848902946441,1,0.6961451247165533,0.7172468774913633,0.8973145753159633,0.5311074621419449,0.7996354959322097,0.728289907119607,0.1214048464011087
68,2.9791798114776613,1.9827283624402747,0.03181009292602539,0.006309033021140473,64,10,0.0001,500,96,384,0.25,4,2,16,0.0001,"{'model__batch_size': 64, 'model__callbacks__early_stopping__patience': 10, 'model__lr': 0.0001, 'model__max_epochs': 500, 'model__module__d_model': 96, 'model__module__dim_feedforward': 384, 'model__module__dropout': 0.25, 'model__module__nhead': 4, 'model__module__num_layers': 2, 'model__module__patch_size': 16, 'model__optimizer__weight_decay': 0.0001}",0.5757575757575758,0.7420458433116661,0.7292929292929293,0.4369747899159664,0.768009768009768,0.650416181257581,0.12615619121317154,101,0.7014925373134329,0.7133809785596481,0.8817748410839745,0.42247191011235957,0.7881329605467537,0.7014506455232337,0.15362428756885899
69,2.104664516448975,1.3906528051932683,0.029146528244018553,0.0035880691295483206,64,10,0.0001,500,96,384,0.25,4,2,32,0.0001,"{'model__batch_size': 64, 'model__callbacks__early_stopping__patience': 10, 'model__lr': 0.0001, 'model__max_epochs': 500, 'model__module__d_model': 96, 'model__module__dim_feedforward': 384, 'model__module__dropout': 0.25, 'model__module__nhead': 4, 'model__module__num_layers': 2, 'model__module__patch_size': 32, 'model__optimizer__weight_decay': 0.0001}",0.43434343434343436,0.7842261904761905,0.674674163046256,0.4369747899159664,0.7366929133858269,0.613382298233535,0.14921418149220844,230,0.4224137931034483,0.6884702598988314,0.9140180662428905,0.42247191011235957,0.7396144931555697,0.6373977045026199,0.19078085940749423
70,2.7081071376800536,1.1642442694472288,0.03174471855163574,0.0036761385972470576,64,10,0.0001,500,96,384,0.25,4,3,16,0.0001,"{'model__batch_size': 64, 'model__callbacks__early_stopping__patience': 10, 'model__lr': 0.0001, 'model__max_epochs': 500, 'model__module__d_model': 96, 'model__module__dim_feedforward': 384, 'model__module__dropout': 0.25, 'model__module__nhead': 4, 'model__module__num_layers': 3, 'model__module__patch_size': 16, 'model__optimizer__weight_decay': 0.0001}",0.5108045977011495,0.8214163530619227,0.4392496392496392,0.4369747899159664,0.8754098360655738,0.6167710431988503,0.19175148351477644,221,0.7536764705882353,0.7364067212408445,0.6919437259478898,0.42247191011235957,0.7956707362744364,0.680033912832753,0.13300603269780317
71,2.2006152153015135,1.5245975456307146,0.03120265007019043,0.00472363002827944,64,10,0.0001,500,96,384,0.25,4,3,32,0.0001,"{'model__batch_size': 64, 'model__callbacks__early_stopping__patience': 10, 'model__lr': 0.0001, 'model__max_epochs': 500, 'model__module__d_model': 96, 'model__module__dim_feedforward': 384, 'model__module__dropout': 0.25, 'model__module__nhead': 4, 'model__module__num_layers': 3, 'model__module__patch_size': 32, 'model__optimizer__weight_decay': 0.0001}",0.422680412371134,0.7578747628083491,0.6954545454545455,0.5031779661016949,0.7366929133858269,0.6231761200243101,0.13479765818277487,201,0.43272311212814646,0.5671445176288261,0.9032703245232518,0.5262672811059907,0.7762549188981668,0.6411320308568764,0.1726713758175459
72,3.0987756729125975,2.331376624416597,0.031239128112792967,0.004985378801065949,64,10,0.0001,500,128,128,0.1,4,2,16,0.0001,"{'model__batch_size': 64, 'model__callbacks__early_stopping__patience': 10, 'model__lr': 0.0001, 'model__max_epochs': 500, 'model__module__d_model': 128, 'model__module__dim_feedforward': 128, 'model__module__dropout': 0.1, 'model__module__nhead': 4, 'model__module__num_layers': 2, 'model__module__patch_size': 16, 'model__optimizer__weight_decay': 0.0001}",0.43434343434343436,0.8261738261738262,0.6532091097308489,0.4369747899159664,0.768009768009768,0.6237421856347687,0.1633486768392361,199,0.43702476404627355,0.9101119128550699,0.7360918151615825,0.49215221318879854,0.9196826167921626,0.6990126644087773,0.20300832013260478
73,2.2334784984588625,1.5433600317323248,0.03029599189758301,0.00472530730106135,64,10,0.0001,500,128,128,0.1,4,2,32,0.0001,"{'model__batch_size': 64, 'model__callbacks__early_stopping__patience': 10, 'model__lr': 0.0001, 'model__max_epochs': 500, 'model__module__d_model': 128, 'model__module__dim_feedforward': 128, 'model__module__dropout': 0.1, 'model__module__nhead': 4, 'model__module__num_layers': 2, 'model__module__patch_size': 32, 'model__optimizer__weight_decay': 0.0001}",0.5102040816326531,0.7817310981867944,0.6886769381266813,0.4369747899159664,0.8416666666666667,0.6518507149057523,0.1552356995530795,94,0.45985891837420223,0.7243866047745358,0.9787427626137304,0.4316953316953317,0.8007955936352509,0.6790958422186101,0.20780866245370352
74,3.8893250465393066,3.2005813504758573,0.03212118148803711,0.0057621689708374875,64,10,0.0001,500,128,128,0.1,4,3,16,0.0001,"{'model__batch_size': 64, 'model__callbacks__early_stopping__patience': 10, 'model__lr': 0.0001, 'model__max_epochs': 500, 'model__module__d_model': 128, 'model__module__dim_feedforward': 128, 'model__module__dropout': 0.1, 'model__module__nhead': 4, 'model__module__num_layers': 3, 'model__module__patch_size': 16, 'model__optimizer__weight_decay': 0.0001}",0.47044917257683216,0.6379525593008739,0.7020750988142292,0.4369747899159664,0.8144078144078144,0.6123718870031432,0.14172208825968857,234,0.5771742032573606,0.4663047326802785,0.9305304306239993,0.42247191011235957,0.9263059886289349,0.6645574530605866,0.22126875254089812
75,1.792058277130127,1.037444182178978,0.030104875564575195,0.0052618400810793406,64,10,0.0001,500,128,128,0.1,4,3,32,0.0001,"{'model__batch_size': 64, 'model__callbacks__early_stopping__patience': 10, 'model__lr': 0.0001, 'model__max_epochs': 500, 'model__module__d_model': 128, 'model__module__dim_feedforward': 128, 'model__module__dropout': 0.1, 'model__module__nhead': 4, 'model__module__num_layers': 3, 'model__module__patch_size': 32, 'model__optimizer__weight_decay': 0.0001}",0.43434343434343436,0.8092105263157895,0.5332961827807189,0.4369747899159664,0.833879781420765,0.6095409429553348,0.17690809174035216,239,0.4236559139784946,0.7543859649122807,0.7580037664783428,0.4525482465901504,0.8049584300801438,0.6387104644078825,0.16501813865704903
76,2.5748410701751707,2.0780095201671465,0.030761051177978515,0.004784695280141943,64,10,0.0001,500,128,128,0.25,4,2,16,0.0001,"{'model__batch_size': 64, 'model__callbacks__early_stopping__patience': 10, 'model__lr': 0.0001, 'model__max_epochs': 500, 'model__module__d_model': 128, 'model__module__dim_feedforward': 128, 'model__module__dropout': 0.25, 'model__module__nhead': 4, 'model__module__num_layers': 2, 'model__module__patch_size': 16, 'model__optimizer__weight_decay': 0.0001}",0.5622988505747126,0.6979166666666667,0.6436170212765957,0.4369747899159664,0.833879781420765,0.6349374219709413,0.13272931012751632,160,0.7646645591851071,0.583898216706643,0.6977856616108266,0.4797422518746614,0.8895635980892236,0.6831308574932924,0.1419091442284276
77,2.2951101303100585,1.5846279139282924,0.028402233123779298,0.0028306567708753687,64,10,0.0001,500,128,128,0.25,4,2,32,0.0001,"{'model__batch_size': 64, 'model__callbacks__early_stopping__patience': 10, 'model__lr': 0.0001, 'model__max_epochs': 500, 'model__module__d_model': 128, 'model__module__dim_feedforward': 128, 'model__module__dropout': 0.25, 'model__module__nhead': 4, 'model__module__num_layers': 2, 'model__module__patch_size': 32, 'model__optimizer__weight_decay': 0.0001}",0.43434343434343436,0.7817310981867944,0.7078488372093024,0.4369747899159664,0.7973333333333333,0.6316462985977662,0.16285569316017037,170,0.4199134199134199,0.7364067212408445,0.9519056827396919,0.42247191011235957,0.7684407096171801,0.6598276887246992,0.20826296508800707
78,3.911965036392212,3.2618277432506044,0.034050703048706055,0.0054698778184537646,64,10,0.0001,500,128,128,0.25,4,3,16,0.0001,"{'model__batch_size': 64, 'model__callbacks__early_stopping__patience': 10, 'model__lr': 0.0001, 'model__max_epochs': 500, 'model__module__d_model': 128, 'model__module__dim_feedforward': 128, 'model__module__dropout': 0.25, 'model__module__nhead': 4, 'model__module__num_layers': 3, 'model__module__patch_size': 16, 'model__optimizer__weight_decay': 0.0001}",0.47044917257683216,0.5271739130434783,0.6886769381266813,0.48659003831417624,0.8144078144078144,0.5974595752937966,0.13322981399313436,262,0.534134007585335,0.44358519269776875,0.9271777849740932,0.4966589861751152,0.9164801204461261,0.6636072183756877,0.2128186385207857
79,1.8472497940063477,1.0154980047885325,0.030805492401123048,0.0035669571497959794,64,10,0.0001,500,128,128,0.25,4,3,32,0.0001,"{'model__batch_size': 64, 'model__callbacks__early_stopping__patience': 10, 'model__lr': 0.0001, 'model__max_epochs': 500, 'model__module__d_model': 128, 'model__module__dim_feedforward': 128, 'model__module__dropout': 0.25, 'model__module__nhead': 4, 'model__module__num_layers': 3, 'model__module__patch_size': 32, 'model__optimizer__weight_decay': 0.0001}",0.422680412371134,0.8214163530619227,0.593939393939394,0.4369747899159664,0.8248847926267281,0.619979148383029,0.17644190303501564,211,0.45288322139708276,0.7210214318285454,0.7320923306031273,0.42247191011235957,0.7913096695226438,0.6239557126927517,0.15426221106377666
80,3.383949708938599,2.466442183953859,0.031987333297729494,0.004320899223277603,64,10,0.0001,500,128,256,0.1,4,2,16,0.0001,"{'model__batch_size': 64, 'model__callbacks__early_stopping__patience': 10, 'model__lr': 0.0001, 'model__max_epochs': 500, 'model__module__d_model': 128, 'model__module__dim_feedforward': 256, 'model__module__dropout': 0.1, 'model__module__nhead': 4, 'model__module__num_layers': 2, 'model__module__patch_size': 16, 'model__optimizer__weight_decay': 0.0001}",0.43434343434343436,0.7340388007054673,0.7727713178294574,0.4369747899159664,0.8508550602747407,0.6457966806138133,0.17565718130289146,119,0.4236559139784946,0.6689071446353,0.9529390221571141,0.4750060081711127,0.8781805678357402,0.6797377313555524,0.21053682904606202
81,2.192330503463745,1.346984427160239,0.030353641510009764,0.004600720618878554,64,10,0.0001,500,128,256,0.1,4,2,32,0.0001,"{'model__batch_size': 64, 'model__callbacks__early_stopping__patience': 10, 'model__lr': 0.0001, 'model__max_epochs': 500, 'model__module__d_model': 128, 'model__module__dim_feedforward': 256, 'model__module__dropout': 0.1, 'model__module__nhead': 4, 'model__module__num_layers': 2, 'model__module__patch_size': 32, 'model__optimizer__weight_decay': 0.0001}",0.6190476190476191,0.8092105263157895,0.7351778656126482,0.4369747899159664,0.9032340208810797,0.7007289643546206,0.1613699976496141,8,0.53729904257943,0.748607508395166,0.9198428045661531,0.4458010630220198,0.8197674418604651,0.6942635720846468,0.17661367829353586
82,3.89025936126709,3.0073959976378726,0.03421006202697754,0.0042009737692819136,64,10,0.0001,500,128,256,0.1,4,3,16,0.0001,"{'model__batch_size': 64, 'model__callbacks__early_stopping__patience': 10, 'model__lr': 0.0001, 'model__max_epochs': 500, 'model__module__d_model': 128, 'model__module__dim_feedforward': 256, 'model__module__dropout': 0.1, 'model__module__nhead': 4, 'model__module__num_layers': 3, 'model__module__patch_size': 16, 'model__optimizer__weight_decay': 0.0001}",0.49965635738831615,0.6671449067431852,0.7351778656126482,0.4369747899159664,0.8986936816848841,0.6475295202690001,0.16574088124668052,110,0.4199134199134199,0.5925889328063241,0.9412180566818455,0.42117117117117114,0.8888174180847124,0.6527417997314947,0.2237867852509568
83,2.509658432006836,1.4272705843902238,0.03166179656982422,0.004041614030805676,64,10,0.0001,500,128,256,0.1,4,3,32,0.0001,"{'model__batch_size': 64, 'model__callbacks__early_stopping__patience': 10, 'model__lr': 0.0001, 'model__max_epochs': 500, 'model__module__d_model': 128, 'model__module__dim_feedforward': 256, 'model__module__dropout': 0.1, 'model__module__nhead': 4, 'model__module__num_layers': 3, 'model__module__patch_size': 32, 'model__optimizer__weight_decay': 0.0001}",0.6606060606060606,0.861101607937051,0.7292929292929293,0.4369747899159664,0.8874074074074074,0.7150765590318829,0.1621918435539494,2,0.5848394092739853,0.7960884520884521,0.9255996691480562,0.42247191011235957,0.810281517747858,0.7078561916741423,0.18014739415055714
84,2.7936024188995363,2.247443132479502,0.031337642669677736,0.004247565940631072,64,10,0.0001,500,128,256,0.25,4,2,16,0.0001,"{'model__batch_size': 64, 'model__callbacks__early_stopping__patience': 10, 'model__lr': 0.0001, 'model__max_epochs': 500, 'model__module__d_model': 128, 'model__module__dim_feedforward': 256, 'model__module__dropout': 0.25, 'model__module__nhead': 4, 'model__module__num_layers': 2, 'model__module__patch_size': 16, 'model__optimizer__weight_decay': 0.0001}",0.4432234432234432,0.7420458433116661,0.6326754385964912,0.4369747899159664,0.9169398907103825,0.6343718811515899,0.18272634020374065,161,0.6035051781040173,0.6979385045422781,0.7410179948586118,0.42247191011235957,0.8771766477148913,0.6684220470664316,0.15127825087121835
85,2.1890141487121584,1.2381372005278397,0.03273506164550781,0.008623700757502009,64,10,0.0001,500,128,256,0.25,4,2,32,0.0001,"{'model__batch_size': 64, 'model__callbacks__early_stopping__patience': 10, 'model__lr': 0.0001, 'model__max_epochs': 500, 'model__module__d_model': 128, 'model__module__dim_feedforward': 256, 'model__module__dropout': 0.25, 'model__module__nhead': 4, 'model__module__num_layers': 2, 'model__module__patch_size': 32, 'model__optimizer__weight_decay': 0.0001}",0.422680412371134,0.8261738261738262,0.7292929292929293,0.4369747899159664,0.8608058608058609,0.6551855637119434,0.1890413612470722,79,0.45461945461945463,0.7249461439034899,0.8984675524504606,0.42247191011235957,0.8073936004970488,0.6615797323165626,0.19047200990310933
86,5.2481810569763185,3.385393380965155,0.03363666534423828,0.005174684569574243,64,10,0.0001,500,128,256,0.25,4,3,16,0.0001,"{'model__batch_size': 64, 'model__callbacks__early_stopping__patience': 10, 'model__lr': 0.0001, 'model__max_epochs': 500, 'model__module__d_model': 128, 'model__module__dim_feedforward': 256, 'model__module__dropout': 0.25, 'model__module__nhead': 4, 'model__module__num_layers': 3, 'model__module__patch_size': 16, 'model__optimizer__weight_decay': 0.0001}",0.43434343434343436,0.8133848133848134,0.7431638129312548,0.41228070175438597,0.8508550602747407,0.6508055645377258,0.18906709016679737,97,0.4224137931034483,0.8336070060207992,0.9681141439205956,0.42247191011235957,0.9402889245585875,0.7173791555431581,0.2449655327561693
87,1.6539767742156983,0.6482424216009455,0.03128981590270996,0.004810832201089897,64,10,0.0001,500,128,256,0.25,4,3,32,0.0001,"{'model__batch_size': 64, 'model__callbacks__early_stopping__patience': 10, 'model__lr': 0.0001, 'model__max_epochs': 500, 'model__module__d_model': 128, 'model__module__dim_feedforward': 256, 'model__module__dropout': 0.25, 'model__module__nhead': 4, 'model__module__num_layers': 3, 'model__module__patch_size': 32, 'model__optimizer__weight_decay': 0.0001}",0.5491949910554561,0.8043184885290149,0.5552669552669552,0.4369747899159664,0.7656293804317353,0.6222769210398257,0.13989799405981176,205,0.7810945273631842,0.743853116774732,0.7161266568483063,0.42247191011235957,0.8062463080470283,0.693958503829122,0.13920280712012395
88,3.3477686405181886,1.9650464737643756,0.03178424835205078,0.004274043587804168,64,10,0.0001,500,128,384,0.1,4,2,16,0.0001,"{'model__batch_size': 64, 'model__callbacks__early_stopping__patience': 10, 'model__lr': 0.0001, 'model__max_epochs': 500, 'model__module__d_model': 128, 'model__module__dim_feedforward': 384, 'model__module__dropout': 0.1, 'model__module__nhead': 4, 'model__module__num_layers': 2, 'model__module__patch_size': 16, 'model__optimizer__weight_decay': 0.0001}",0.4593103448275862,0.7420458433116661,0.7403100775193798,0.4369747899159664,0.808242220353238,0.6373766551855672,0.15659788518650902,149,0.7765820386510042,0.6899835074216603,0.9264032073310424,0.42247191011235957,0.9058635500948956,0.7442608427221924,0.1826636701696653
89,2.2978037357330323,1.4978971675532409,0.031949329376220706,0.005613041237605023,64,10,0.0001,500,128,384,0.1,4,2,32,0.0001,"{'model__batch_size': 64, 'model__callbacks__early_stopping__patience': 10, 'model__lr': 0.0001, 'model__max_epochs': 500, 'model__module__d_model': 128, 'model__module__dim_feedforward': 384, 'model__module__dropout': 0.1, 'model__module__nhead': 4, 'model__module__num_layers': 2, 'model__module__patch_size': 32, 'model__optimizer__weight_decay': 0.0001}",0.5130434782608696,0.7875457875457875,0.694357743097239,0.4369747899159664,0.7973333333333333,0.6458510264306392,0.14604405035824908,118,0.62142648938317,0.7444095038434662,0.9412180566818455,0.4458010630220198,0.7967949084395662,0.7099300042740136,0.16722767737895036
90,3.259322500228882,2.397195948396011,0.03429145812988281,0.004983034448928508,64,10,0.0001,500,128,384,0.1,4,3,16,0.0001,"{'model__batch_size': 64, 'model__callbacks__early_stopping__patience': 10, 'model__lr': 0.0001, 'model__max_epochs': 500, 'model__module__d_model': 128, 'model__module__dim_feedforward': 384, 'model__module__dropout': 0.1, 'model__module__nhead': 4, 'model__module__num_layers': 3, 'model__module__patch_size': 16, 'model__optimizer__weight_decay': 0.0001}",0.6652873563218391,0.8335724533715925,0.7089189879887554,0.4369747899159664,0.7845669291338583,0.6858641033464024,0.13744877231132466,13,0.6188048397524707,0.6650717703349283,0.9519056827396919,0.42247191011235957,0.7977632805219013,0.6912034966922704,0.1774608213745107
91,1.4190876007080078,0.7098616352043868,0.03331336975097656,0.005672624868215559,64,10,0.0001,500,128,384,0.1,4,3,32,0.0001,"{'model__batch_size': 64, 'model__callbacks__early_stopping__patience': 10, 'model__lr': 0.0001, 'model__max_epochs': 500, 'model__module__d_model': 128, 'model__module__dim_feedforward': 384, 'model__module__dropout': 0.1, 'model__module__nhead': 4, 'model__module__num_layers': 3, 'model__module__patch_size': 32, 'model__optimizer__weight_decay': 0.0001}",0.43434343434343436,0.7670682730923695,0.648689138576779,0.4369747899159664,0.7973333333333333,0.6168817938523766,0.15608794097146675,220,0.44645332880627,0.6338908717661604,0.7251336898395722,0.42247191011235957,0.7849170437405733,0.6025733688529871,0.1456441117143097
92,2.42598614692688,1.912537312038931,0.03394637107849121,0.006610479979963369,64,10,0.0001,500,128,384,0.25,4,2,16,0.0001,"{'model__batch_size': 64, 'model__callbacks__early_stopping__patience': 10, 'model__lr': 0.0001, 'model__max_epochs': 500, 'model__module__d_model': 128, 'model__module__dim_feedforward': 384, 'model__module__dropout': 0.25, 'model__module__nhead': 4, 'model__module__num_layers': 2, 'model__module__patch_size': 16, 'model__optimizer__weight_decay': 0.0001}",0.422680412371134,0.6034188034188034,0.5376537653765376,0.4369747899159664,0.868663594470046,0.5738782731104974,0.16167040569224236,284,0.45461945461945463,0.5576367614879649,0.7143510951291272,0.42247191011235957,0.8501452156793949,0.5998448874056603,0.16130409246913954
93,1.543750286102295,0.807291230306818,0.030567646026611328,0.0036097740635697238,64,10,0.0001,500,128,384,0.25,4,2,32,0.0001,"{'model__batch_size': 64, 'model__callbacks__early_stopping__patience': 10, 'model__lr': 0.0001, 'model__max_epochs': 500, 'model__module__d_model': 128, 'model__module__dim_feedforward': 384, 'model__module__dropout': 0.25, 'model__module__nhead': 4, 'model__module__num_layers': 2, 'model__module__patch_size': 32, 'model__optimizer__weight_decay': 0.0001}",0.5366430260047281,0.7875457875457875,0.49744974497449745,0.48659003831417624,0.8248847926267281,0.6266226778931835,0.14805082766342667,192,0.5909165629476552,0.740386492289674,0.634576781532285,0.46513217159009723,0.8184200385356455,0.6498864093790714,0.12201623255735142
94,3.168605613708496,2.3815491605089547,0.035271739959716795,0.004939508890371196,64,10,0.0001,500,128,384,0.25,4,3,16,0.0001,"{'model__batch_size': 64, 'model__callbacks__early_stopping__patience': 10, 'model__lr': 0.0001, 'model__max_epochs': 500, 'model__module__d_model': 128, 'model__module__dim_feedforward': 384, 'model__module__dropout': 0.25, 'model__module__nhead': 4, 'model__module__num_layers': 3, 'model__module__patch_size': 16, 'model__optimizer__weight_decay': 0.0001}",0.6443575964826576,0.4848059841047218,0.7089189879887554,0.4369747899159664,0.768009768009768,0.6086134253003739,0.1276981984218323,241,0.5726687533219158,0.5396616298592277,0.947430862379316,0.42247191011235957,0.7996354959322097,0.6563737303210058,0.19004025188027107
95,1.5748769760131835,0.7061939328127481,0.03025984764099121,0.0032993469903369248,64,10,0.0001,500,128,384,0.25,4,3,32,0.0001,"{'model__batch_size': 64, 'model__callbacks__early_stopping__patience': 10, 'model__lr': 0.0001, 'model__max_epochs': 500, 'model__module__d_model': 128, 'model__module__dim_feedforward': 384, 'model__module__dropout': 0.25, 'model__module__nhead': 4, 'model__module__num_layers': 3, 'model__module__patch_size': 32, 'model__optimizer__weight_decay': 0.0001}",0.4166666666666667,0.843454790823212,0.6309992132179386,0.4369747899159664,0.768009768009768,0.6192210457267103,0.17134734067473245,213,0.5593423019431988,0.7364067212408445,0.7416989279332936,0.42247191011235957,0.7723378212974297,0.6464515365054252,0.13473399668867905
96,1.7167697429656983,0.814674860451494,0.029551935195922852,0.004363974781234053,64,10,0.0002,500,96,128,0.1,4,2,16,0.0001,"{'model__batch_size': 64, 'model__callbacks__early_stopping__patience': 10, 'model__lr': 0.0002, 'model__max_epochs': 500, 'model__module__d_model': 96, 'model__module__dim_feedforward': 128, 'model__module__dropout': 0.1, 'model__module__nhead': 4, 'model__module__num_layers': 2, 'model__module__patch_size': 16, 'model__optimizer__weight_decay': 0.0001}",0.43434343434343436,0.7986111111111112,0.581772784019975,0.4369747899159664,0.8423703703703703,0.6188144979521714,0.17364987272943977,216,0.4236559139784946,0.7503909915545824,0.7069993458555275,0.42247191011235957,0.8322590912707886,0.6271554505543506,0.17142751397140374
97,1.6261666774749757,1.056779362916012,0.02745513916015625,0.00393538513544812,64,10,0.0002,500,96,128,0.1,4,2,32,0.0001,"{'model__batch_size': 64, 'model__callbacks__early_stopping__patience': 10, 'model__lr': 0.0002, 'model__max_epochs': 500, 'model__module__d_model': 96, 'model__module__dim_feedforward': 128, 'model__module__dropout': 0.1, 'model__module__nhead': 4, 'model__module__num_layers': 2, 'model__module__patch_size': 32, 'model__optimizer__weight_decay': 0.0001}",0.5739130434782609,0.8043184885290149,0.7214477867449254,0.42735042735042733,0.8754098360655738,0.6804879164336404,0.16151970049451675,19,0.45251619332336823,0.7208931419457736,0.9524318766066838,0.4458010630220198,0.8116503379661275,0.6766585225727946,0.19988265805764976
98,1.764631175994873,1.0429157122173498,0.0314974308013916,0.004754860708816982,64,10,0.0002,500,96,128,0.1,4,3,16,0.0001,"{'model__batch_size': 64, 'model__callbacks__early_stopping__patience': 10, 'model__lr': 0.0002, 'model__max_epochs': 500, 'model__module__d_model': 96, 'model__module__dim_feedforward': 128, 'model__module__dropout': 0.1, 'model__module__nhead': 4, 'model__module__num_layers': 3, 'model__module__patch_size': 16, 'model__optimizer__weight_decay': 0.0001}",0.5246179966044142,0.693121693121693,0.648689138576779,0.47105263157894733,0.8248847926267281,0.6324732505017123,0.12542149908837644,165,0.49257598405580466,0.5854198089492207,0.7567393608965622,0.5226520229346685,0.8287516563089039,0.6372277666290319,0.13243883509466273
99,1.7505930423736573,0.8910729266272375,0.028419017791748047,0.0031607837324970907,64,10,0.0002,500,96,128,0.1,4,3,32,0.0001,"{'model__batch_size': 64, 'model__callbacks__early_stopping__patience': 10, 'model__lr': 0.0002, 'model__max_epochs': 500, 'model__module__d_model': 96, 'model__module__dim_feedforward': 128, 'model__module__dropout': 0.1, 'model__module__nhead': 4, 'model__module__num_layers': 3, 'model__module__patch_size': 32, 'model__optimizer__weight_decay': 0.0001}",0.43434343434343436,0.8825910931174089,0.7089189879887554,0.4369747899159664,0.8248847926267281,0.6575426195984586,0.18960896251251416,68,0.4236559139784946,0.8191923230707717,0.9140180662428905,0.4458010630220198,0.8048181207409539,0.6814970974110262,0.20507010870028317
100,1.485285758972168,0.7922976201913726,0.03591799736022949,0.011855510221223064,64,10,0.0002,500,96,128,0.25,4,2,16,0.0001,"{'model__batch_size': 64, 'model__callbacks__early_stopping__patience': 10, 'model__lr': 0.0002, 'model__max_epochs': 500, 'model__module__d_model': 96, 'model__module__dim_feedforward': 128, 'model__module__dropout': 0.25, 'model__module__nhead': 4, 'model__module__num_layers': 2, 'model__module__patch_size': 16, 'model__optimizer__weight_decay': 0.0001}",0.6357723577235772,0.5762987012987013,0.5706324881582614,0.4322033898305085,0.7973333333333333,0.6024480540688764,0.11812708908138086,254,0.7014925373134329,0.5241228070175439,0.6811414392059554,0.4690237159901062,0.8073936004970488,0.6366348200048174,0.12336803396169704
101,1.5984077453613281,0.979320058075525,0.027843141555786134,0.0031374211672538016,64,10,0.0002,500,96,128,0.25,4,2,32,0.0001,"{'model__batch_size': 64, 'model__callbacks__early_stopping__patience': 10, 'model__lr': 0.0002, 'model__max_epochs': 500, 'model__module__d_model': 96, 'model__module__dim_feedforward': 128, 'model__module__dropout': 0.25, 'model__module__nhead': 4, 'model__module__num_layers': 2, 'model__module__patch_size': 32, 'model__optimizer__weight_decay': 0.0001}",0.422680412371134,0.8158730158730159,0.7214477867449254,0.4369747899159664,0.7366929133858269,0.6267337836581737,0.1640010096271737,190,0.44325956291720914,0.7408096377004163,0.9355135496821679,0.42247191011235957,0.7881329605467537,0.6660375241917813,0.20103219704460049
102,2.100009727478027,1.1305807011892566,0.03122396469116211,0.005461012913436017,64,10,0.0002,500,96,128,0.25,4,3,16,0.0001,"{'model__batch_size': 64, 'model__callbacks__early_stopping__patience': 10, 'model__lr': 0.0002, 'model__max_epochs': 500, 'model__module__d_model': 96, 'model__module__dim_feedforward': 128, 'model__module__dropout': 0.25, 'model__module__nhead': 4, 'model__module__num_layers': 3, 'model__module__patch_size': 16, 'model__optimizer__weight_decay': 0.0001}",0.604040404040404,0.861101607937051,0.6429263565891472,0.42735042735042733,0.768009768009768,0.6606857127853595,0.14809079986520582,60,0.625944170771757,0.7425187931212027,0.726996336996337,0.4690237159901062,0.7945075757575758,0.6717981185273957,0.11517457261045518
103,1.6999021530151368,0.9553539148420175,0.029215335845947266,0.0037894553682142054,64,10,0.0002,500,96,128,0.25,4,3,32,0.0001,"{'model__batch_size': 64, 'model__callbacks__early_stopping__patience': 10, 'model__lr': 0.0002, 'model__max_epochs': 500, 'model__module__d_model': 96, 'model__module__dim_feedforward': 128, 'model__module__dropout': 0.25, 'model__module__nhead': 4, 'model__module__num_layers': 3, 'model__module__patch_size': 32, 'model__optimizer__weight_decay': 0.0001}",0.5246179966044142,0.861101607937051,0.7089189879887554,0.4369747899159664,0.768009768009768,0.659924630091191,0.15656917759223826,62,0.45800373755215934,0.8063106796116505,0.9247658079625293,0.4391095591444784,0.7319972492386286,0.6720374067018893,0.19264575418945176
104,2.570432662963867,1.9300511153826445,0.028889799118041994,0.0037270540871549916,64,10,0.0002,500,96,256,0.1,4,2,16,0.0001,"{'model__batch_size': 64, 'model__callbacks__early_stopping__patience': 10, 'model__lr': 0.0002, 'model__max_epochs': 500, 'model__module__d_model': 96, 'model__module__dim_feedforward': 256, 'model__module__dropout': 0.1, 'model__module__nhead': 4, 'model__module__num_layers': 2, 'model__module__patch_size': 16, 'model__optimizer__weight_decay': 0.0001}",0.43434343434343436,0.8302439024390245,0.5173817726276229,0.4369747899159664,0.936080740117746,0.6310049278887588,0.21071358716690883,175,0.4236559139784946,0.9529434889434889,0.6807453416149067,0.42247191011235957,0.9058635500948956,0.6771360409488291,0.2269383366310683
105,1.5486897468566894,0.7779002746377203,0.027582836151123048,0.0043642712600211984,64,10,0.0002,500,96,256,0.1,4,2,32,0.0001,"{'model__batch_size': 64, 'model__callbacks__early_stopping__patience': 10, 'model__lr': 0.0002, 'model__max_epochs': 500, 'model__module__d_model': 96, 'model__module__dim_feedforward': 256, 'model__module__dropout': 0.1, 'model__module__nhead': 4, 'model__module__num_layers': 2, 'model__module__patch_size': 32, 'model__optimizer__weight_decay': 0.0001}",0.43434343434343436,0.7875457875457875,0.6954545454545455,0.4369747899159664,0.8581711543588376,0.6424979423237143,0.17659347608357504,134,0.4236559139784946,0.7309870550161812,0.9247658079625293,0.4491659677569658,0.8048181207409539,0.6666785730910251,0.19809032414401237
106,1.9030234336853027,1.0826425157843858,0.03144359588623047,0.00516314649191274,64,10,0.0002,500,96,256,0.1,4,3,16,0.0001,"{'model__batch_size': 64, 'model__callbacks__early_stopping__patience': 10, 'model__lr': 0.0002, 'model__max_epochs': 500, 'model__module__d_model': 96, 'model__module__dim_feedforward': 256, 'model__module__dropout': 0.1, 'model__module__nhead': 4, 'model__module__num_layers': 3, 'model__module__patch_size': 16, 'model__optimizer__weight_decay': 0.0001}",0.422680412371134,0.7875457875457875,0.5838509316770186,0.4369747899159664,0.8423703703703703,0.6146844583760553,0.17384987774408375,227,0.6609619286311016,0.7206054989187519,0.7129988088147707,0.42247191011235957,0.8349902152641878,0.6704056723482343,0.13636906128623938
107,1.5963909149169921,0.7095567461457922,0.03281316757202148,0.005375255000933868,64,10,0.0002,500,96,256,0.1,4,3,32,0.0001,"{'model__batch_size': 64, 'model__callbacks__early_stopping__patience': 10, 'model__lr': 0.0002, 'model__max_epochs': 500, 'model__module__d_model': 96, 'model__module__dim_feedforward': 256, 'model__module__dropout': 0.1, 'model__module__nhead': 4, 'model__module__num_layers': 3, 'model__module__patch_size': 32, 'model__optimizer__weight_decay': 0.0001}",0.43434343434343436,0.8261738261738262,0.715605493133583,0.4369747899159664,0.8248847926267281,0.6475964672387076,0.17764267395171582,109,0.43272311212814646,0.7409108076410837,0.8775342228383296,0.42247191011235957,0.7928153717627402,0.653291084896532,0.18939743895445987
108,2.4411574840545653,1.7228716096609165,0.029308843612670898,0.0035146558123332256,64,10,0.0002,500,96,256,0.25,4,2,16,0.0001,"{'model__batch_size': 64, 'model__callbacks__early_stopping__patience': 10, 'model__lr': 0.0002, 'model__max_epochs': 500, 'model__module__d_model': 96, 'model__module__dim_feedforward': 256, 'model__module__dropout': 0.25, 'model__module__nhead': 4, 'model__module__num_layers': 2, 'model__module__patch_size': 16, 'model__optimizer__weight_decay': 0.0001}",0.4166666666666667,0.7180555555555556,0.7542186353631695,0.5620915032679739,0.936080740117746,0.6774226201942224,0.17649227757372282,24,0.4898667562423021,0.6747030048916841,0.8817748410839745,0.5288520296813619,0.901328877218111,0.6953051018234867,0.17178634703980517
109,1.748951530456543,1.1601928763890512,0.027973699569702148,0.0035324124499468636,64,10,0.0002,500,96,256,0.25,4,2,32,0.0001,"{'model__batch_size': 64, 'model__callbacks__early_stopping__patience': 10, 'model__lr': 0.0002, 'model__max_epochs': 500, 'model__module__d_model': 96, 'model__module__dim_feedforward': 256, 'model__module__dropout': 0.25, 'model__module__nhead': 4, 'model__module__num_layers': 2, 'model__module__patch_size': 32, 'model__optimizer__weight_decay': 0.0001}",0.43434343434343436,0.8158730158730159,0.7292929292929293,0.4369747899159664,0.8248847926267281,0.6482737924104149,0.17678151045948018,105,0.4236559139784946,0.713156002875629,0.9732809348553844,0.42247191011235957,0.7970238095238096,0.6659177142691355,0.21533650546721092
110,1.8164686679840087,1.1311888123319822,0.03143167495727539,0.004631345455107602,64,10,0.0002,500,96,256,0.25,4,3,16,0.0001,"{'model__batch_size': 64, 'model__callbacks__early_stopping__patience': 10, 'model__lr': 0.0002, 'model__max_epochs': 500, 'model__module__d_model': 96, 'model__module__dim_feedforward': 256, 'model__module__dropout': 0.25, 'model__module__nhead': 4, 'model__module__num_layers': 3, 'model__module__patch_size': 16, 'model__optimizer__weight_decay': 0.0001}",0.5604395604395604,0.6698292220113852,0.6098299557419053,0.4369747899159664,0.9072039072039072,0.6368554870625449,0.1553689812967964,152,0.6157050187777399,0.5671445176288261,0.779632568916133,0.41723356009070295,0.8482252141982864,0.6455881759223376,0.1537672980534774
111,1.643060064315796,0.7369803531048562,0.02825274467468262,0.0035435593897769294,64,10,0.0002,500,96,256,0.25,4,3,32,0.0001,"{'model__batch_size': 64, 'model__callbacks__early_stopping__patience': 10, 'model__lr': 0.0002, 'model__max_epochs': 500, 'model__module__d_model': 96, 'model__module__dim_feedforward': 256, 'model__module__dropout': 0.25, 'model__module__nhead': 4, 'model__module__num_layers': 3, 'model__module__patch_size': 32, 'model__optimizer__weight_decay': 0.0001}",0.43434343434343436,0.8043184885290149,0.7351778656126482,0.4369747899159664,0.8176486270327913,0.6456926410867709,0.17376435455885675,120,0.41865509761388287,0.7320574162679425,0.8867387820512821,0.42247191011235957,0.7930842681004913,0.6506014948291916,0.19418520275106474
112,1.3509564876556397,0.5324068948921875,0.030046558380126952,0.0025159279661933986,64,10,0.0002,500,96,384,0.1,4,2,16,0.0001,"{'model__batch_size': 64, 'model__callbacks__early_stopping__patience': 10, 'model__lr': 0.0002, 'model__max_epochs': 500, 'model__module__d_model': 96, 'model__module__dim_feedforward': 384, 'model__module__dropout': 0.1, 'model__module__nhead': 4, 'model__module__num_layers': 2, 'model__module__patch_size': 16, 'model__optimizer__weight_decay': 0.0001}",0.5625,0.6979166666666667,0.6532091097308489,0.4369747899159664,0.8020833333333333,0.6305367799293631,0.1237558492041837,178,0.5036424249907396,0.5869456507435189,0.7288249400479616,0.42247191011235957,0.7927906421580329,0.6069351136105225,0.1374736621127428
113,1.5159713745117187,0.8787135356173157,0.028963232040405275,0.00488225986288866,64,10,0.0002,500,96,384,0.1,4,2,32,0.0001,"{'model__batch_size': 64, 'model__callbacks__early_stopping__patience': 10, 'model__lr': 0.0002, 'model__max_epochs': 500, 'model__module__d_model': 96, 'model__module__dim_feedforward': 384, 'model__module__dropout': 0.1, 'model__module__nhead': 4, 'model__module__num_layers': 2, 'model__module__patch_size': 32, 'model__optimizer__weight_decay': 0.0001}",0.4105263157894737,0.8094194961664841,0.6886769381266813,0.4369747899159664,0.7973333333333333,0.6285861746663878,0.172657011670861,185,0.5621245255511148,0.7210214318285454,0.9369170348551792,0.43470336852689795,0.8022805228515806,0.6914093767226636,0.17666682905373018
114,2.4552823543548583,1.5407085747511209,0.030788421630859375,0.004076203929085253,64,10,0.0002,500,96,384,0.1,4,3,16,0.0001,"{'model__batch_size': 64, 'model__callbacks__early_stopping__patience': 10, 'model__lr': 0.0002, 'model__max_epochs': 500, 'model__module__d_model': 96, 'model__module__dim_feedforward': 384, 'model__module__dropout': 0.1, 'model__module__nhead': 4, 'model__module__num_layers': 3, 'model__module__patch_size': 16, 'model__optimizer__weight_decay': 0.0001}",0.5474747474747474,0.7817310981867944,0.5062358276643991,0.4369747899159664,0.868663594470046,0.6282160115423908,0.16694516692285952,186,0.657079863776846,0.8960043787629994,0.7093059125964011,0.4377091377091377,0.8566473988439307,0.7113493383378631,0.16311794579337519
115,1.0685616493225099,0.2667313606548648,0.03147392272949219,0.004110888350581626,64,10,0.0002,500,96,384,0.1,4,3,32,0.0001,"{'model__batch_size': 64, 'model__callbacks__early_stopping__patience': 10, 'model__lr': 0.0002, 'model__max_epochs': 500, 'model__module__d_model': 96, 'model__module__dim_feedforward': 384, 'model__module__dropout': 0.1, 'model__module__nhead': 4, 'model__module__num_layers': 3, 'model__module__patch_size': 32, 'model__optimizer__weight_decay': 0.0001}",0.43434343434343436,0.7842261904761905,0.4754149702474162,0.47105263157894733,0.7522962962962962,0.583466704588457,0.15189315523973226,278,0.4236559139784946,0.694954128440367,0.653015301530153,0.5163490943307457,0.7607038123167156,0.6097356501192952,0.12269753076174664
116,1.5643312454223632,0.7926496512478343,0.029290437698364258,0.004059653325176987,64,10,0.0002,500,96,384,0.25,4,2,16,0.0001,"{'model__batch_size': 64, 'model__callbacks__early_stopping__patience': 10, 'model__lr': 0.0002, 'model__max_epochs': 500, 'model__module__d_model': 96, 'model__module__dim_feedforward': 384, 'model__module__dropout': 0.25, 'model__module__nhead': 4, 'model__module__num_layers': 2, 'model__module__patch_size': 16, 'model__optimizer__weight_decay': 0.0001}",0.5018315018315018,0.7420458433116661,0.687888198757764,0.4369747899159664,0.8248847926267281,0.6387250252887253,0.14641766442291912,146,0.6401047001251849,0.6863207547169812,0.7349674758051721,0.42247191011235957,0.8346005068694144,0.6636930695258225,0.13678118597723446
117,1.6493299007415771,0.8157538302789517,0.03168339729309082,0.008926486273614021,64,10,0.0002,500,96,384,0.25,4,2,32,0.0001,"{'model__batch_size': 64, 'model__callbacks__early_stopping__patience': 10, 'model__lr': 0.0002, 'model__max_epochs': 500, 'model__module__d_model': 96, 'model__module__dim_feedforward': 384, 'model__module__dropout': 0.25, 'model__module__nhead': 4, 'model__module__num_layers': 2, 'model__module__patch_size': 32, 'model__optimizer__weight_decay': 0.0001}",0.4895833333333333,0.8648018648018647,0.6532091097308489,0.4369747899159664,0.8248847926267281,0.6538907780817482,0.1719141567789581,88,0.4340639335906211,0.7832110839445803,0.9059398480053391,0.45085470085470086,0.7865787787237939,0.6721296690238071,0.1927396094075524
118,1.8839767932891847,1.1202775199340806,0.03073544502258301,0.004048869509900106,64,10,0.0002,500,96,384,0.25,4,3,16,0.0001,"{'model__batch_size': 64, 'model__callbacks__early_stopping__patience': 10, 'model__lr': 0.0002, 'model__max_epochs': 500, 'model__module__d_model': 96, 'model__module__dim_feedforward': 384, 'model__module__dropout': 0.25, 'model__module__nhead': 4, 'model__module__num_layers': 3, 'model__module__patch_size': 16, 'model__optimizer__weight_decay': 0.0001}",0.38461538461538464,0.7503586800573888,0.571939688218758,0.4369747899159664,0.8423703703703703,0.5972517826355737,0.17610706878103588,263,0.6225802601742452,0.7012041696621136,0.7237369295416789,0.42247191011235957,0.860897820242539,0.6661782179465872,0.14404797290657667
119,1.2475941181182861,0.6368308319887859,0.031656503677368164,0.003380121765106045,64,10,0.0002,500,96,384,0.25,4,3,32,0.0001,"{'model__batch_size': 64, 'model__callbacks__early_stopping__patience': 10, 'model__lr': 0.0002, 'model__max_epochs': 500, 'model__module__d_model': 96, 'model__module__dim_feedforward': 384, 'model__module__dropout': 0.25, 'model__module__nhead': 4, 'model__module__num_layers': 3, 'model__module__patch_size': 32, 'model__optimizer__weight_decay': 0.0001}",0.43434343434343436,0.8094194961664841,0.5332961827807189,0.4369747899159664,0.8508550602747407,0.6129777926962688,0.18133471108611598,232,0.4236559139784946,0.7511904761904762,0.7360918151615825,0.42117117117117114,0.80625,0.6276718753003449,0.1692140230752397
120,1.7529712200164795,0.8710636432540227,0.032716560363769534,0.004906301261886694,64,10,0.0002,500,128,128,0.1,4,2,16,0.0001,"{'model__batch_size': 64, 'model__callbacks__early_stopping__patience': 10, 'model__lr': 0.0002, 'model__max_epochs': 500, 'model__module__d_model': 128, 'model__module__dim_feedforward': 128, 'model__module__dropout': 0.1, 'model__module__nhead': 4, 'model__module__num_layers': 2, 'model__module__patch_size': 16, 'model__optimizer__weight_decay': 0.0001}",0.4166666666666667,0.5271739130434783,0.7089189879887554,0.4369747899159664,0.8144078144078144,0.5808284344045361,0.1558770549902569,281,0.47105263157894733,0.4450329000160488,0.8680020544427325,0.42247191011235957,0.8280473068008478,0.6069213605901872,0.19786338608335455
121,1.405794382095337,0.6426382806312733,0.028150367736816406,0.0033844628401465855,64,10,0.0002,500,128,128,0.1,4,2,32,0.0001,"{'model__batch_size': 64, 'model__callbacks__early_stopping__patience': 10, 'model__lr': 0.0002, 'model__max_epochs': 500, 'model__module__d_model': 128, 'model__module__dim_feedforward': 128, 'model__module__dropout': 0.1, 'model__module__nhead': 4, 'model__module__num_layers': 2, 'model__module__patch_size': 32, 'model__optimizer__weight_decay': 0.0001}",0.43434343434343436,0.8043184885290149,0.6309992132179386,0.4369747899159664,0.8508550602747407,0.631498197256219,0.17589422500836638,171,0.4236559139784946,0.7564449508617006,0.918932559459971,0.42247191011235957,0.8018049626727481,0.6646620594170548,0.20426737029041017
122,2.3239726066589355,1.4077930798684724,0.03497700691223145,0.01068199134877841,64,10,0.0002,500,128,128,0.1,4,3,16,0.0001,"{'model__batch_size': 64, 'model__callbacks__early_stopping__patience': 10, 'model__lr': 0.0002, 'model__max_epochs': 500, 'model__module__d_model': 128, 'model__module__dim_feedforward': 128, 'model__module__dropout': 0.1, 'model__module__nhead': 4, 'model__module__num_layers': 3, 'model__module__patch_size': 16, 'model__optimizer__weight_decay': 0.0001}",0.43434343434343436,0.5632183908045978,0.7431638129312548,0.4369747899159664,0.808242220353238,0.5971885296696982,0.15439778592107184,264,0.4236559139784946,0.48398842033008027,0.9412180566818455,0.4198645598194131,0.853219696969697,0.6243893295559062,0.2256459528817441
123,1.4603189945220947,0.7670543500823208,0.029317569732666016,0.004486080001607087,64,10,0.0002,500,128,128,0.1,4,3,32,0.0001,"{'model__batch_size': 64, 'model__callbacks__early_stopping__patience': 10, 'model__lr': 0.0002, 'model__max_epochs': 500, 'model__module__d_model': 128, 'model__module__dim_feedforward': 128, 'model__module__dropout': 0.1, 'model__module__nhead': 4, 'model__module__num_layers': 3, 'model__module__patch_size': 32, 'model__optimizer__weight_decay': 0.0001}",0.5739130434782609,0.8214163530619227,0.7351778656126482,0.4369747899159664,0.7526041666666667,0.664017243747093,0.13953709139687398,51,0.5181062933879595,0.7206054989187519,0.9140180662428905,0.42247191011235957,0.7611556982343499,0.6672714933792623,0.17590891060102598
124,1.7274916172027588,0.8879070610364869,0.029846572875976564,0.004823532243493954,64,10,0.0002,500,128,128,0.25,4,2,16,0.0001,"{'model__batch_size': 64, 'model__callbacks__early_stopping__patience': 10, 'model__lr': 0.0002, 'model__max_epochs': 500, 'model__module__d_model': 128, 'model__module__dim_feedforward': 128, 'model__module__dropout': 0.25, 'model__module__nhead': 4, 'model__module__num_layers': 2, 'model__module__patch_size': 16, 'model__optimizer__weight_decay': 0.0001}",0.43434343434343436,0.7410714285714286,0.7089189879887554,0.4369747899159664,0.7973333333333333,0.6237283948305837,0.1561467717309671,200,0.41739130434782606,0.5642915642915642,0.8602793576446972,0.42247191011235957,0.8022328548644337,0.6133333982521763,0.18648958408741523
125,1.418436622619629,0.6440603329271186,0.02837715148925781,0.004636653565268163,64,10,0.0002,500,128,128,0.25,4,2,32,0.0001,"{'model__batch_size': 64, 'model__callbacks__early_stopping__patience': 10, 'model__lr': 0.0002, 'model__max_epochs': 500, 'model__module__d_model': 128, 'model__module__dim_feedforward': 128, 'model__module__dropout': 0.25, 'model__module__nhead': 4, 'model__module__num_layers': 2, 'model__module__patch_size': 32, 'model__optimizer__weight_decay': 0.0001}",0.43434343434343436,0.8214163530619227,0.6309992132179386,0.4369747899159664,0.8248847926267281,0.6297237166331981,0.17329809161889684,180,0.4236559139784946,0.7409108076410837,0.918932559459971,0.42247191011235957,0.7937450438079028,0.6599432469999623,0.20187048831530496
126,2.4061164379119875,1.5406915211902024,0.03188967704772949,0.00578348580166956,64,10,0.0002,500,128,128,0.25,4,3,16,0.0001,"{'model__batch_size': 64, 'model__callbacks__early_stopping__patience': 10, 'model__lr': 0.0002, 'model__max_epochs': 500, 'model__module__d_model': 128, 'model__module__dim_feedforward': 128, 'model__module__dropout': 0.25, 'model__module__nhead': 4, 'model__module__num_layers': 3, 'model__module__patch_size': 16, 'model__optimizer__weight_decay': 0.0001}",0.43434343434343436,0.5156043956043956,0.7431638129312548,0.41228070175438597,0.8176486270327913,0.5846081943332524,0.165218349158992,277,0.4236559139784946,0.43162393162393164,0.9462612914018067,0.4755541889134264,0.8404771650780656,0.623514498199145,0.2235602771929664
127,1.1559386253356934,0.41172505717794133,0.028905820846557618,0.005260614566584149,64,10,0.0002,500,128,128,0.25,4,3,32,0.0001,"{'model__batch_size': 64, 'model__callbacks__early_stopping__patience': 10, 'model__lr': 0.0002, 'model__max_epochs': 500, 'model__module__d_model': 128, 'model__module__dim_feedforward': 128, 'model__module__dropout': 0.25, 'model__module__nhead': 4, 'model__module__num_layers': 3, 'model__module__patch_size': 32, 'model__optimizer__weight_decay': 0.0001}",0.5625,0.8214163530619227,0.6404293381037567,0.4369747899159664,0.8144078144078144,0.6551456590978921,0.1479247742591648,80,0.41612200435729846,0.7320574162679425,0.7491741741741742,0.42247191011235957,0.7847222222222222,0.6209095454267994,0.16550268236230017
128,2.3727508544921876,1.181237981741693,0.030481243133544923,0.004906276779179194,64,10,0.0002,500,128,256,0.1,4,2,16,0.0001,"{'model__batch_size': 64, 'model__callbacks__early_stopping__patience': 10, 'model__lr': 0.0002, 'model__max_epochs': 500, 'model__module__d_model': 128, 'model__module__dim_feedforward': 256, 'model__module__dropout': 0.1, 'model__module__nhead': 4, 'model__module__num_layers': 2, 'model__module__patch_size': 16, 'model__optimizer__weight_decay': 0.0001}",0.43434343434343436,0.7967505575023892,0.7542186353631695,0.4369747899159664,0.8508550602747407,0.6546284954799401,0.1813948096899606,82,0.43702476404627355,0.8889617747033216,0.9120013696284883,0.4458010630220198,0.8266542404473439,0.7020886423694894,0.21468287858960367
129,1.470469093322754,0.6849363214467429,0.03031926155090332,0.007448666124271478,64,10,0.0002,500,128,256,0.1,4,2,32,0.0001,"{'model__batch_size': 64, 'model__callbacks__early_stopping__patience': 10, 'model__lr': 0.0002, 'model__max_epochs': 500, 'model__module__d_model': 128, 'model__module__dim_feedforward': 256, 'model__module__dropout': 0.1, 'model__module__nhead': 4, 'model__module__num_layers': 2, 'model__module__patch_size': 32, 'model__optimizer__weight_decay': 0.0001}",0.42857142857142855,0.861101607937051,0.682147315855181,0.4369747899159664,0.7366929133858269,0.6290976111330908,0.17049269960684582,183,0.44645332880627,0.8058596600980086,0.9149710504549214,0.42247191011235957,0.7749368686868687,0.6729385636316856,0.2003399625221455
130,2.4090818881988527,1.3984535784231493,0.03365073204040527,0.0033522426398224494,64,10,0.0002,500,128,256,0.1,4,3,16,0.0001,"{'model__batch_size': 64, 'model__callbacks__early_stopping__patience': 10, 'model__lr': 0.0002, 'model__max_epochs': 500, 'model__module__d_model': 128, 'model__module__dim_feedforward': 256, 'model__module__dropout': 0.1, 'model__module__nhead': 4, 'model__module__num_layers': 3, 'model__module__patch_size': 16, 'model__optimizer__weight_decay': 0.0001}",0.42857142857142855,0.7583333333333333,0.750531914893617,0.4369747899159664,0.8508550602747407,0.6450533053978174,0.17690310099038206,123,0.4512694512694513,0.6767789105138503,0.9047836983763757,0.42247191011235957,0.8387392900856794,0.6588086520715433,0.1960251328573837
131,1.5787343025207519,0.6825746579784135,0.02918415069580078,0.0030918255600646564,64,10,0.0002,500,128,256,0.1,4,3,32,0.0001,"{'model__batch_size': 64, 'model__callbacks__early_stopping__patience': 10, 'model__lr': 0.0002, 'model__max_epochs': 500, 'model__module__d_model': 128, 'model__module__dim_feedforward': 256, 'model__module__dropout': 0.1, 'model__module__nhead': 4, 'model__module__num_layers': 3, 'model__module__patch_size': 32, 'model__optimizer__weight_decay': 0.0001}",0.5896433805569126,0.861101607937051,0.715605493133583,0.4369747899159664,0.7973333333333333,0.6801317209753692,0.15169583996357772,20,0.6479474548440065,0.8063106796116505,0.8890077120822621,0.42247191011235957,0.7662141779788838,0.7063903869258326,0.16182540968591508
132,1.844966506958008,1.0092317533416384,0.0299774169921875,0.0034782401137142807,64,10,0.0002,500,128,256,0.25,4,2,16,0.0001,"{'model__batch_size': 64, 'model__callbacks__early_stopping__patience': 10, 'model__lr': 0.0002, 'model__max_epochs': 500, 'model__module__d_model': 128, 'model__module__dim_feedforward': 256, 'model__module__dropout': 0.25, 'model__module__nhead': 4, 'model__module__num_layers': 2, 'model__module__patch_size': 16, 'model__optimizer__weight_decay': 0.0001}",0.43434343434343436,0.7503586800573888,0.7869894839814136,0.5298245614035088,0.8248847926267281,0.6652801904824948,0.15440540361217026,47,0.4236559139784946,0.6665860362836723,0.9375809585492227,0.505888007690459,0.8279768786127168,0.6723375590229131,0.1919159985666875
133,1.0687511444091797,0.4617131777277364,0.028743171691894533,0.004367544075925754,64,10,0.0002,500,128,256,0.25,4,2,32,0.0001,"{'model__batch_size': 64, 'model__callbacks__early_stopping__patience': 10, 'model__lr': 0.0002, 'model__max_epochs': 500, 'model__module__d_model': 128, 'model__module__dim_feedforward': 256, 'model__module__dropout': 0.25, 'model__module__nhead': 4, 'model__module__num_layers': 2, 'model__module__patch_size': 32, 'model__optimizer__weight_decay': 0.0001}",0.5757575757575758,0.8158730158730159,0.5479082321187584,0.4369747899159664,0.88125,0.6515527227330634,0.16869663417699654,96,0.6472319008904375,0.7604192254155409,0.7362775658773646,0.42247191011235957,0.8184200385356455,0.6769641281662696,0.1386671598592852
134,3.0506662368774413,2.0633327566149706,0.031139516830444337,0.004528650620109887,64,10,0.0002,500,128,256,0.25,4,3,16,0.0001,"{'model__batch_size': 64, 'model__callbacks__early_stopping__patience': 10, 'model__lr': 0.0002, 'model__max_epochs': 500, 'model__module__d_model': 128, 'model__module__dim_feedforward': 256, 'model__module__dropout': 0.25, 'model__module__nhead': 4, 'model__module__num_layers': 3, 'model__module__patch_size': 16, 'model__optimizer__weight_decay': 0.0001}",0.43434343434343436,0.7420458433116661,0.682147315855181,0.4322033898305085,0.8581711543588376,0.6297822275399255,0.17014137814806185,179,0.4236559139784946,0.7134855665661353,0.9170057482400051,0.4316953316953317,0.9554090500449506,0.6882503221049834,0.22810975971213257
135,1.7856107234954834,1.0063516759070845,0.030284690856933593,0.0034861420476012994,64,10,0.0002,500,128,256,0.25,4,3,32,0.0001,"{'model__batch_size': 64, 'model__callbacks__early_stopping__patience': 10, 'model__lr': 0.0002, 'model__max_epochs': 500, 'model__module__d_model': 128, 'model__module__dim_feedforward': 256, 'model__module__dropout': 0.25, 'model__module__nhead': 4, 'model__module__num_layers': 3, 'model__module__patch_size': 32, 'model__optimizer__weight_decay': 0.0001}",0.43434343434343436,0.861101607937051,0.715605493133583,0.4369747899159664,0.7845669291338583,0.6465184508927785,0.1782151040403855,115,0.4236559139784946,0.8213929639652471,0.9519056827396919,0.42247191011235957,0.7412520064205457,0.6721356954432678,0.2141962884571675
136,1.9609154224395753,1.1624412807645392,0.02981734275817871,0.0032153958109533945,64,10,0.0002,500,128,384,0.1,4,2,16,0.0001,"{'model__batch_size': 64, 'model__callbacks__early_stopping__patience': 10, 'model__lr': 0.0002, 'model__max_epochs': 500, 'model__module__d_model': 128, 'model__module__dim_feedforward': 384, 'model__module__dropout': 0.1, 'model__module__nhead': 4, 'model__module__num_layers': 2, 'model__module__patch_size': 16, 'model__optimizer__weight_decay': 0.0001}",0.43434343434343436,0.7302325581395348,0.715605493133583,0.4369747899159664,0.7973333333333333,0.6228979217731704,0.15534692558727442,203,0.4236559139784946,0.5703922695792614,0.947430862379316,0.42247191011235957,0.8150857465288274,0.6358073405156518,0.21168341049504108
137,1.2879724502563477,0.8079303933031458,0.027974033355712892,0.003942598706223391,64,10,0.0002,500,128,384,0.1,4,2,32,0.0001,"{'model__batch_size': 64, 'model__callbacks__early_stopping__patience': 10, 'model__lr': 0.0002, 'model__max_epochs': 500, 'model__module__d_model': 128, 'model__module__dim_feedforward': 384, 'model__module__dropout': 0.1, 'model__module__nhead': 4, 'model__module__num_layers': 2, 'model__module__patch_size': 32, 'model__optimizer__weight_decay': 0.0001}",0.43434343434343436,0.5665934065934066,0.6661421452924207,0.4322033898305085,0.768009768009768,0.5734584288139076,0.13099129065551,285,0.4236559139784946,0.5292035398230088,0.9468569065343259,0.4316953316953317,0.7728008108687601,0.6208425005799842,0.2061230804722395
138,2.513480806350708,1.4364750718624937,0.032455158233642575,0.004685988738377398,64,10,0.0002,500,128,384,0.1,4,3,16,0.0001,"{'model__batch_size': 64, 'model__callbacks__early_stopping__patience': 10, 'model__lr': 0.0002, 'model__max_epochs': 500, 'model__module__d_model': 128, 'model__module__dim_feedforward': 384, 'model__module__dropout': 0.1, 'model__module__nhead': 4, 'model__module__num_layers': 3, 'model__module__patch_size': 16, 'model__optimizer__weight_decay': 0.0001}",0.6606060606060606,0.7842261904761905,0.7292929292929293,0.5442176870748299,0.833879781420765,0.7104445297741551,0.10114395010304554,3,0.5570618632188957,0.6568233944954128,0.9355135496821679,0.6839996826907822,0.8048181207409539,0.7276433221656425,0.13052528075521674
139,1.0356801509857179,0.31805243584411014,0.029602670669555665,0.003749840656101742,64,10,0.0002,500,128,384,0.1,4,3,32,0.0001,"{'model__batch_size': 64, 'model__callbacks__early_stopping__patience': 10, 'model__lr': 0.0002, 'model__max_epochs': 500, 'model__module__d_model': 128, 'model__module__dim_feedforward': 384, 'model__module__dropout': 0.1, 'model__module__nhead': 4, 'model__module__num_layers': 3, 'model__module__patch_size': 32, 'model__optimizer__weight_decay': 0.0001}",0.4991055456171736,0.5665934065934066,0.6753875968992249,0.4369747899159664,0.7973333333333333,0.595078934471821,0.12835541306248546,265,0.6984698469846984,0.5192590082457924,0.711698717948718,0.42247191011235957,0.740086510794794,0.6183971988172725,0.12501215196150572
140,1.984706449508667,1.1969158180077637,0.030692148208618163,0.004385189207735683,64,10,0.0002,500,128,384,0.25,4,2,16,0.0001,"{'model__batch_size': 64, 'model__callbacks__early_stopping__patience': 10, 'model__lr': 0.0002, 'model__max_epochs': 500, 'model__module__d_model': 128, 'model__module__dim_feedforward': 384, 'model__module__dropout': 0.25, 'model__module__nhead': 4, 'model__module__num_layers': 2, 'model__module__patch_size': 16, 'model__optimizer__weight_decay': 0.0001}",0.43434343434343436,0.7578747628083491,0.7292929292929293,0.4369747899159664,0.7973333333333333,0.6311638499388025,0.16108689325603973,173,0.4236559139784946,0.5977682761497549,0.9462612914018067,0.42247191011235957,0.7927906421580329,0.6365896067600897,0.2063926146827553
141,1.051798152923584,0.5065374884166683,0.028778505325317384,0.004051238251723194,64,10,0.0002,500,128,384,0.25,4,2,32,0.0001,"{'model__batch_size': 64, 'model__callbacks__early_stopping__patience': 10, 'model__lr': 0.0002, 'model__max_epochs': 500, 'model__module__d_model': 128, 'model__module__dim_feedforward': 384, 'model__module__dropout': 0.25, 'model__module__nhead': 4, 'model__module__num_layers': 2, 'model__module__patch_size': 32, 'model__optimizer__weight_decay': 0.0001}",0.43434343434343436,0.7578747628083491,0.6404293381037567,0.4369747899159664,0.7973333333333333,0.613391131700968,0.15402734911868918,229,0.4236559139784946,0.6289344865193902,0.7311980739249699,0.42247191011235957,0.8211410638754069,0.6054802896821242,0.16088306358509194
142,2.5662113189697267,1.6509525726499685,0.04143691062927246,0.011539227284315138,64,10,0.0002,500,128,384,0.25,4,3,16,0.0001,"{'model__batch_size': 64, 'model__callbacks__early_stopping__patience': 10, 'model__lr': 0.0002, 'model__max_epochs': 500, 'model__module__d_model': 128, 'model__module__dim_feedforward': 384, 'model__module__dropout': 0.25, 'model__module__nhead': 4, 'model__module__num_layers': 3, 'model__module__patch_size': 16, 'model__optimizer__weight_decay': 0.0001}",0.60625,0.4848059841047218,0.687888198757764,0.4369747899159664,0.8248847926267281,0.608160753081036,0.139893144151118,242,0.7308392442407884,0.5422880383773073,0.9684585174275896,0.42247191011235957,0.800216131250614,0.6928547682817318,0.1921998643920562
143,1.0392780780792237,0.3529103743429153,0.028581619262695312,0.0035458280419551893,64,10,0.0002,500,128,384,0.25,4,3,32,0.0001,"{'model__batch_size': 64, 'model__callbacks__early_stopping__patience': 10, 'model__lr': 0.0002, 'model__max_epochs': 500, 'model__module__d_model': 128, 'model__module__dim_feedforward': 384, 'model__module__dropout': 0.25, 'model__module__nhead': 4, 'model__module__num_layers': 3, 'model__module__patch_size': 32, 'model__optimizer__weight_decay': 0.0001}",0.46969696969696967,0.5665934065934066,0.6753875968992249,0.4369747899159664,0.768009768009768,0.5833325062230671,0.12425268164594659,279,0.6922238442822384,0.5317293989437505,0.7288249400479616,0.42247191011235957,0.7530390996373748,0.6256578386047369,0.12759901481498662
144,10.461228561401366,7.443777654601162,0.028611087799072267,0.004162248177121813,128,10,3e-05,500,96,128,0.1,4,2,16,0.0001,"{'model__batch_size': 128, 'model__callbacks__early_stopping__patience': 10, 'model__lr': 3e-05, 'model__max_epochs': 500, 'model__module__d_model': 96, 'model__module__dim_feedforward': 128, 'model__module__dropout': 0.1, 'model__module__nhead': 4, 'model__module__num_layers': 2, 'model__module__patch_size': 16, 'model__optimizer__weight_decay': 0.0001}",0.5714285714285714,0.7180555555555556,0.7214477867449254,0.4344954128440367,0.7694641051567239,0.6429782863459627,0.12359384406469544,133,0.7827914428423335,0.7088919288645691,0.9355135496821679,0.48992256729935985,0.7891668690794267,0.7412572715535715,0.1455833558357801
145,6.931048822402954,4.393825372465735,0.02774472236633301,0.004026119279292953,128,10,3e-05,500,96,128,0.1,4,2,32,0.0001,"{'model__batch_size': 128, 'model__callbacks__early_stopping__patience': 10, 'model__lr': 3e-05, 'model__max_epochs': 500, 'model__module__d_model': 96, 'model__module__dim_feedforward': 128, 'model__module__dropout': 0.1, 'model__module__nhead': 4, 'model__module__num_layers': 2, 'model__module__patch_size': 32, 'model__optimizer__weight_decay': 0.0001}",0.6666666666666667,0.8388888888888889,0.715605493133583,0.4017857142857143,0.8248847926267281,0.6895663111203162,0.1578787055300086,11,0.6683168316831682,0.7327917540181691,0.9405505436039787,0.5689727463312368,0.8407704654895667,0.750280468225224,0.12983645408569922
146,9.393423128128052,6.246682765887714,0.029556417465209962,0.0037873911011052698,128,10,3e-05,500,96,128,0.1,4,3,16,0.0001,"{'model__batch_size': 128, 'model__callbacks__early_stopping__patience': 10, 'model__lr': 3e-05, 'model__max_epochs': 500, 'model__module__d_model': 96, 'model__module__dim_feedforward': 128, 'model__module__dropout': 0.1, 'model__module__nhead': 4, 'model__module__num_layers': 3, 'model__module__patch_size': 16, 'model__optimizer__weight_decay': 0.0001}",0.5491949910554561,0.7180555555555556,0.715605493133583,0.4322033898305085,0.7874125874125875,0.6404944033975382,0.13035573631143763,143,0.7512437810945274,0.6761388435827341,0.8901910516999328,0.48109837542322864,0.7710064635272391,0.7139357030655324,0.13517154733042086
147,7.127727317810058,5.348902450939388,0.02875685691833496,0.004554542772179716,128,10,3e-05,500,96,128,0.1,4,3,32,0.0001,"{'model__batch_size': 128, 'model__callbacks__early_stopping__patience': 10, 'model__lr': 3e-05, 'model__max_epochs': 500, 'model__module__d_model': 96, 'model__module__dim_feedforward': 128, 'model__module__dropout': 0.1, 'model__module__nhead': 4, 'model__module__num_layers': 3, 'model__module__patch_size': 32, 'model__optimizer__weight_decay': 0.0001}",0.5363834422657952,0.8094194961664841,0.7351778656126482,0.4369747899159664,0.7526041666666667,0.6541119521255123,0.14240883479403035,86,0.7531179138321995,0.7327917540181691,0.9462612914018067,0.4198645598194131,0.7251071839380947,0.7154285406019367,0.1687942367199207
148,9.081620216369629,5.425469133107209,0.02911686897277832,0.0038842674818333717,128,10,3e-05,500,96,128,0.25,4,2,16,0.0001,"{'model__batch_size': 128, 'model__callbacks__early_stopping__patience': 10, 'model__lr': 3e-05, 'model__max_epochs': 500, 'model__module__d_model': 96, 'model__module__dim_feedforward': 128, 'model__module__dropout': 0.25, 'model__module__nhead': 4, 'model__module__num_layers': 2, 'model__module__patch_size': 16, 'model__optimizer__weight_decay': 0.0001}",0.5491949910554561,0.7503586800573888,0.7214477867449254,0.4369747899159664,0.8206943040107852,0.6557341103569044,0.1412021148333597,75,0.7462675697327216,0.694954128440367,0.9101491002570694,0.42247191011235957,0.8261730023913582,0.7200031421867751,0.16569226408618754
149,6.519617128372192,4.6266837617880645,0.02960028648376465,0.0028615619215332025,128,10,3e-05,500,96,128,0.25,4,2,32,0.0001,"{'model__batch_size': 128, 'model__callbacks__early_stopping__patience': 10, 'model__lr': 3e-05, 'model__max_epochs': 500, 'model__module__d_model': 96, 'model__module__dim_feedforward': 128, 'model__module__dropout': 0.25, 'model__module__nhead': 4, 'model__module__num_layers': 2, 'model__module__patch_size': 32, 'model__optimizer__weight_decay': 0.0001}",0.5491949910554561,0.8094194961664841,0.6886769381266813,0.5013709361535448,0.768009768009768,0.6633344259023868,0.12016655152246156,52,0.7171363138504432,0.7123107307439105,0.9158893798069057,0.6091542386185244,0.727266846361186,0.7363515018761939,0.09944114489026179
150,8.432277965545655,6.749192988240837,0.030121850967407226,0.003125539915997382,128,10,3e-05,500,96,128,0.25,4,3,16,0.0001,"{'model__batch_size': 128, 'model__callbacks__early_stopping__patience': 10, 'model__lr': 3e-05, 'model__max_epochs': 500, 'model__module__d_model': 96, 'model__module__dim_feedforward': 128, 'model__module__dropout': 0.25, 'model__module__nhead': 4, 'model__module__num_layers': 3, 'model__module__patch_size': 16, 'model__optimizer__weight_decay': 0.0001}",0.5246179966044142,0.7247170500182549,0.7128571428571429,0.4224137931034483,0.7694641051567239,0.6308140175479968,0.13377664155172855,177,0.6827651515151515,0.6835327874588845,0.9215650369285235,0.4159090909090909,0.6976881042454813,0.6802920342114264,0.16026867728459543
151,6.031098794937134,4.470901527114569,0.02777752876281738,0.004382838379823246,128,10,3e-05,500,96,128,0.25,4,3,32,0.0001,"{'model__batch_size': 128, 'model__callbacks__early_stopping__patience': 10, 'model__lr': 3e-05, 'model__max_epochs': 500, 'model__module__d_model': 96, 'model__module__dim_feedforward': 128, 'model__module__dropout': 0.25, 'model__module__nhead': 4, 'model__module__num_layers': 3, 'model__module__patch_size': 32, 'model__optimizer__weight_decay': 0.0001}",0.5739130434782609,0.8335724533715925,0.715605493133583,0.4369747899159664,0.768009768009768,0.6656151095818341,0.14274385349969335,46,0.6420940170940171,0.7370596693026599,0.9215650369285235,0.44077864031992475,0.8134314702234512,0.7109857667737154,0.1632645484651685
152,8.045517063140869,4.026086756437352,0.02821640968322754,0.0030492168606927167,128,10,3e-05,500,96,256,0.1,4,2,16,0.0001,"{'model__batch_size': 128, 'model__callbacks__early_stopping__patience': 10, 'model__lr': 3e-05, 'model__max_epochs': 500, 'model__module__d_model': 96, 'model__module__dim_feedforward': 256, 'model__module__dropout': 0.1, 'model__module__nhead': 4, 'model__module__num_layers': 2, 'model__module__patch_size': 16, 'model__optimizer__weight_decay': 0.0001}",0.5363834422657952,0.7503586800573888,0.7214477867449254,0.4322033898305085,0.7694641051567239,0.6419714808110684,0.13376854884864575,137,0.7673224346541054,0.7123107307439105,0.8572956298200514,0.505888007690459,0.7791271961784472,0.7243887998173947,0.11865267836038845
153,5.580928611755371,3.591359418239227,0.027412939071655273,0.0026795769870428415,128,10,3e-05,500,96,256,0.1,4,2,32,0.0001,"{'model__batch_size': 128, 'model__callbacks__early_stopping__patience': 10, 'model__lr': 3e-05, 'model__max_epochs': 500, 'model__module__d_model': 96, 'model__module__dim_feedforward': 256, 'model__module__dropout': 0.1, 'model__module__nhead': 4, 'model__module__num_layers': 2, 'model__module__patch_size': 32, 'model__optimizer__weight_decay': 0.0001}",0.5108045977011495,0.8335724533715925,0.680952380952381,0.4344954128440367,0.7694641051567239,0.6458577900051767,0.15143339495142974,117,0.6534605193428723,0.7251078360891445,0.8948617247586319,0.494397399709178,0.7747502270663034,0.7085155413932259,0.1328644963378374
154,6.707007837295532,2.352324439172926,0.029807043075561524,0.0027026428381465386,128,10,3e-05,500,96,256,0.1,4,3,16,0.0001,"{'model__batch_size': 128, 'model__callbacks__early_stopping__patience': 10, 'model__lr': 3e-05, 'model__max_epochs': 500, 'model__module__d_model': 96, 'model__module__dim_feedforward': 256, 'model__module__dropout': 0.1, 'model__module__nhead': 4, 'model__module__num_layers': 3, 'model__module__patch_size': 16, 'model__optimizer__weight_decay': 0.0001}",0.4991055456171736,0.7651821862348178,0.6453050989133464,0.4416666666666667,0.7526041666666667,0.6207727328197343,0.13093306805123164,208,0.7793754459140552,0.6936841172823103,0.7499576988155668,0.501937984496124,0.7832167832167831,0.701634405944968,0.10485834448430659
155,5.573295783996582,3.4303131344847584,0.0285552978515625,0.003850749363969458,128,10,3e-05,500,96,256,0.1,4,3,32,0.0001,"{'model__batch_size': 128, 'model__callbacks__early_stopping__patience': 10, 'model__lr': 3e-05, 'model__max_epochs': 500, 'model__module__d_model': 96, 'model__module__dim_feedforward': 256, 'model__module__dropout': 0.1, 'model__module__nhead': 4, 'model__module__num_layers': 3, 'model__module__patch_size': 32, 'model__optimizer__weight_decay': 0.0001}",0.5363834422657952,0.7670682730923695,0.694357743097239,0.44888366627497067,0.7526041666666667,0.6398594582794083,0.12573190041139387,144,0.759764374439749,0.6998025016458196,0.9255996691480562,0.5252119104542491,0.7728937728937728,0.7366544457163293,0.1293164077736252
156,9.205156803131104,7.096421828896987,0.028364896774291992,0.003233536081670541,128,10,3e-05,500,96,256,0.25,4,2,16,0.0001,"{'model__batch_size': 128, 'model__callbacks__early_stopping__patience': 10, 'model__lr': 3e-05, 'model__max_epochs': 500, 'model__module__d_model': 96, 'model__module__dim_feedforward': 256, 'model__module__dropout': 0.25, 'model__module__nhead': 4, 'model__module__num_layers': 2, 'model__module__patch_size': 16, 'model__optimizer__weight_decay': 0.0001}",0.5757575757575758,0.7817310981867944,0.7542186353631695,0.47507122507122507,0.7694641051567239,0.6712485279070977,0.12356439031673928,30,0.7272157845286564,0.7088919288645691,0.9412180566818455,0.49893787283573404,0.7690875232774674,0.7290702332376545,0.1414069225644804
157,6.180753564834594,4.091098189920382,0.029006052017211913,0.003977486801251749,128,10,3e-05,500,96,256,0.25,4,2,32,0.0001,"{'model__batch_size': 128, 'model__callbacks__early_stopping__patience': 10, 'model__lr': 3e-05, 'model__max_epochs': 500, 'model__module__d_model': 96, 'model__module__dim_feedforward': 256, 'model__module__dropout': 0.25, 'model__module__nhead': 4, 'model__module__num_layers': 2, 'model__module__patch_size': 32, 'model__optimizer__weight_decay': 0.0001}",0.5108045977011495,0.7842261904761905,0.7020750988142292,0.42735042735042733,0.7973333333333333,0.644357929535066,0.1491473262676158,130,0.7481991857187598,0.6998025016458196,0.9327292862176584,0.42247191011235957,0.8218939160767416,0.7250193599542678,0.17043253607426723
158,8.825172472000123,3.4632570072856455,0.030580615997314452,0.002846559298076838,128,10,3e-05,500,96,256,0.25,4,3,16,0.0001,"{'model__batch_size': 128, 'model__callbacks__early_stopping__patience': 10, 'model__lr': 3e-05, 'model__max_epochs': 500, 'model__module__d_model': 96, 'model__module__dim_feedforward': 256, 'model__module__dropout': 0.25, 'model__module__nhead': 4, 'model__module__num_layers': 3, 'model__module__patch_size': 16, 'model__optimizer__weight_decay': 0.0001}",0.5579559617781471,0.7420458433116661,0.6886769381266813,0.48659003831417624,0.7526041666666667,0.6455745896394675,0.1054257625983562,121,0.7376189156737785,0.6892523364485981,0.8724565756823821,0.505888007690459,0.7630075432568164,0.7136446757504069,0.11999207954556695
159,6.05624680519104,4.673235290290991,0.032606649398803714,0.00813009423787457,128,10,3e-05,500,96,256,0.25,4,3,32,0.0001,"{'model__batch_size': 128, 'model__callbacks__early_stopping__patience': 10, 'model__lr': 3e-05, 'model__max_epochs': 500, 'model__module__d_model': 96, 'model__module__dim_feedforward': 256, 'model__module__dropout': 0.25, 'model__module__nhead': 4, 'model__module__num_layers': 3, 'model__module__patch_size': 32, 'model__optimizer__weight_decay': 0.0001}",0.6813008130081301,0.8388888888888889,0.6954545454545455,0.510551948051948,0.7874125874125875,0.7027217565632199,0.11238765878787557,6,0.5937715309356484,0.7330210772833723,0.9207197943444729,0.4614123006833713,0.7585699786656724,0.6934989363825075,0.1557146880197772
160,7.9583899974823,5.220799528711375,0.028566932678222655,0.0038013199663215797,128,10,3e-05,500,96,384,0.1,4,2,16,0.0001,"{'model__batch_size': 128, 'model__callbacks__early_stopping__patience': 10, 'model__lr': 3e-05, 'model__max_epochs': 500, 'model__module__d_model': 96, 'model__module__dim_feedforward': 384, 'model__module__dropout': 0.1, 'model__module__nhead': 4, 'model__module__num_layers': 2, 'model__module__patch_size': 16, 'model__optimizer__weight_decay': 0.0001}",0.5108045977011495,0.693121693121693,0.694357743097239,0.4322033898305085,0.7526041666666667,0.6166183180834514,0.12295832203823812,224,0.7240833135344895,0.6289344865193902,0.8937138130686517,0.4670060331825038,0.7891668690794267,0.7005809030768925,0.14518304752519576
161,5.061624479293823,2.9911093850003607,0.027186870574951172,0.0024796028407340883,128,10,3e-05,500,96,384,0.1,4,2,32,0.0001,"{'model__batch_size': 128, 'model__callbacks__early_stopping__patience': 10, 'model__lr': 3e-05, 'model__max_epochs': 500, 'model__module__d_model': 96, 'model__module__dim_feedforward': 384, 'model__module__dropout': 0.1, 'model__module__nhead': 4, 'model__module__num_layers': 2, 'model__module__patch_size': 32, 'model__optimizer__weight_decay': 0.0001}",0.4991055456171736,0.8567901234567901,0.715605493133583,0.4369747899159664,0.7845669291338583,0.6586085762514743,0.1630661417183483,65,0.6296253041362531,0.7367784496976361,0.9167746113989637,0.494397399709178,0.7831771140434703,0.7121505757971003,0.1426528397286158
162,10.08764715194702,6.467579161797898,0.029186487197875977,0.0031510901509116166,128,10,3e-05,500,96,384,0.1,4,3,16,0.0001,"{'model__batch_size': 128, 'model__callbacks__early_stopping__patience': 10, 'model__lr': 3e-05, 'model__max_epochs': 500, 'model__module__d_model': 96, 'model__module__dim_feedforward': 384, 'model__module__dropout': 0.1, 'model__module__nhead': 4, 'model__module__num_layers': 3, 'model__module__patch_size': 16, 'model__optimizer__weight_decay': 0.0001}",0.5363834422657952,0.7670682730923695,0.7078488372093024,0.40707964601769914,0.8206943040107852,0.6478149005191902,0.15367703876934602,107,0.7587758775877588,0.713156002875629,0.9053755522827688,0.45589273112208895,0.8563180501448406,0.7379036428026172,0.15661868503145002
163,4.408013725280762,2.6997741092033216,0.027276945114135743,0.002827617017925888,128,10,3e-05,500,96,384,0.1,4,3,32,0.0001,"{'model__batch_size': 128, 'model__callbacks__early_stopping__patience': 10, 'model__lr': 3e-05, 'model__max_epochs': 500, 'model__module__d_model': 96, 'model__module__dim_feedforward': 384, 'model__module__dropout': 0.1, 'model__module__nhead': 4, 'model__module__num_layers': 3, 'model__module__patch_size': 32, 'model__optimizer__weight_decay': 0.0001}",0.5238095238095237,0.7247170500182549,0.682147315855181,0.4369747899159664,0.7526041666666667,0.6240505692531185,0.12254029062277773,198,0.7989865173883615,0.6083688492832235,0.8877799263926143,0.4198645598194131,0.7710064635272391,0.6972012632821702,0.16548988925859506
164,10.44107427597046,7.144139023591726,0.029537487030029296,0.0035835508046156857,128,10,3e-05,500,96,384,0.25,4,2,16,0.0001,"{'model__batch_size': 128, 'model__callbacks__early_stopping__patience': 10, 'model__lr': 3e-05, 'model__max_epochs': 500, 'model__module__d_model': 96, 'model__module__dim_feedforward': 384, 'model__module__dropout': 0.25, 'model__module__nhead': 4, 'model__module__num_layers': 2, 'model__module__patch_size': 16, 'model__optimizer__weight_decay': 0.0001}",0.5491949910554561,0.7420458433116661,0.7128571428571429,0.4369747899159664,0.7526041666666667,0.6387353867613796,0.12478622127387134,145,0.7359605911330049,0.7211553473848555,0.8809825833081647,0.42247191011235957,0.8015389350569406,0.712421873399065,0.15559941491790621
165,4.660924577713013,3.2321705598960135,0.02777090072631836,0.003075914561246024,128,10,3e-05,500,96,384,0.25,4,2,32,0.0001,"{'model__batch_size': 128, 'model__callbacks__early_stopping__patience': 10, 'model__lr': 3e-05, 'model__max_epochs': 500, 'model__module__d_model': 96, 'model__module__dim_feedforward': 384, 'model__module__dropout': 0.25, 'model__module__nhead': 4, 'model__module__num_layers': 2, 'model__module__patch_size': 32, 'model__optimizer__weight_decay': 0.0001}",0.6287878787878788,0.7670682730923695,0.7351778656126482,0.5431818181818182,0.7366929133858269,0.6821817498121083,0.08385423487802228,16,0.5440061871616396,0.6988558352402746,0.9215650369285235,0.5763445291572223,0.7522477522477522,0.6986038681470824,0.13523106263689766
166,9.327560091018677,6.69561457790921,0.029848194122314452,0.0035445053813705895,128,10,3e-05,500,96,384,0.25,4,3,16,0.0001,"{'model__batch_size': 128, 'model__callbacks__early_stopping__patience': 10, 'model__lr': 3e-05, 'model__max_epochs': 500, 'model__module__d_model': 96, 'model__module__dim_feedforward': 384, 'model__module__dropout': 0.25, 'model__module__nhead': 4, 'model__module__num_layers': 3, 'model__module__patch_size': 16, 'model__optimizer__weight_decay': 0.0001}",0.5491949910554561,0.7670682730923695,0.7020750988142292,0.4947209653092006,0.8934679001962433,0.6813054456934997,0.14495964176265197,18,0.7524832720761474,0.6732265446224257,0.8195723859163919,0.4525482465901504,0.9081535192873711,0.7211967936984973,0.15497264582903406
167,3.700795602798462,1.9002428321081657,0.026451253890991212,0.0030493605466536773,128,10,3e-05,500,96,384,0.25,4,3,32,0.0001,"{'model__batch_size': 128, 'model__callbacks__early_stopping__patience': 10, 'model__lr': 3e-05, 'model__max_epochs': 500, 'model__module__d_model': 96, 'model__module__dim_feedforward': 384, 'model__module__dropout': 0.25, 'model__module__nhead': 4, 'model__module__num_layers': 3, 'model__module__patch_size': 32, 'model__optimizer__weight_decay': 0.0001}",0.6339869281045751,0.7842261904761905,0.648689138576779,0.4322033898305085,0.7366929133858269,0.6471597120747761,0.12098387949979333,111,0.7426018882626897,0.6639176678688751,0.7711301813471503,0.48398079441292013,0.7302965014876373,0.6783854066758546,0.10336593272066817
168,8.375730514526367,4.412790806095556,0.02896885871887207,0.004246774821730477,128,10,3e-05,500,128,128,0.1,4,2,16,0.0001,"{'model__batch_size': 128, 'model__callbacks__early_stopping__patience': 10, 'model__lr': 3e-05, 'model__max_epochs': 500, 'model__module__d_model': 128, 'model__module__dim_feedforward': 128, 'model__module__dropout': 0.1, 'model__module__nhead': 4, 'model__module__num_layers': 2, 'model__module__patch_size': 16, 'model__optimizer__weight_decay': 0.0001}",0.5363834422657952,0.7670682730923695,0.715605493133583,0.4273504273504274,0.7694641051567239,0.6431743481997798,0.13749861126203783,132,0.7524832720761474,0.6747860434496379,0.9063714378238341,0.47922998986828774,0.7893908324530334,0.7204523151341882,0.1418577034430496
169,5.106683015823364,2.607516465859307,0.02723841667175293,0.0031514266789263944,128,10,3e-05,500,128,128,0.1,4,2,32,0.0001,"{'model__batch_size': 128, 'model__callbacks__early_stopping__patience': 10, 'model__lr': 3e-05, 'model__max_epochs': 500, 'model__module__d_model': 128, 'model__module__dim_feedforward': 128, 'model__module__dropout': 0.1, 'model__module__nhead': 4, 'model__module__num_layers': 2, 'model__module__patch_size': 32, 'model__optimizer__weight_decay': 0.0001}",0.5714285714285714,0.7749559082892417,0.694357743097239,0.4322033898305085,0.8248847926267281,0.6595660810544578,0.14234996476047193,63,0.7873015873015873,0.7290282575958897,0.879733056623736,0.5383628432127278,0.7893908324530334,0.7447633154373948,0.11390056879921369
170,8.509717750549317,6.145571380176862,0.02872357368469238,0.0032568268844455524,128,10,3e-05,500,128,128,0.1,4,3,16,0.0001,"{'model__batch_size': 128, 'model__callbacks__early_stopping__patience': 10, 'model__lr': 3e-05, 'model__max_epochs': 500, 'model__module__d_model': 128, 'model__module__dim_feedforward': 128, 'model__module__dropout': 0.1, 'model__module__nhead': 4, 'model__module__num_layers': 3, 'model__module__patch_size': 16, 'model__optimizer__weight_decay': 0.0001}",0.5491949910554561,0.7087517934002869,0.7542186353631695,0.4224137931034483,0.7874125874125875,0.6443983600669897,0.13783740850168896,129,0.783235294117647,0.6441131498470948,0.969110576923077,0.5138949512585479,0.743320026191834,0.7307347996676402,0.15116913117565067
171,5.559634590148926,3.2557021359552225,0.027434253692626955,0.003995719198494256,128,10,3e-05,500,128,128,0.1,4,3,32,0.0001,"{'model__batch_size': 128, 'model__callbacks__early_stopping__patience': 10, 'model__lr': 3e-05, 'model__max_epochs': 500, 'model__module__d_model': 128, 'model__module__dim_feedforward': 128, 'model__module__dropout': 0.1, 'model__module__nhead': 4, 'model__module__num_layers': 3, 'model__module__patch_size': 32, 'model__optimizer__weight_decay': 0.0001}",0.5491949910554561,0.8388888888888889,0.7351778656126482,0.4369747899159664,0.7694641051567239,0.6659401281259367,0.1493163789362721,44,0.7950622678610444,0.7655502392344498,0.9375809585492227,0.48109837542322864,0.8015389350569406,0.7561661552249773,0.14982207588390453
172,8.385989761352539,6.036697329255187,0.027922344207763673,0.0034558520850728274,128,10,3e-05,500,128,128,0.25,4,2,16,0.0001,"{'model__batch_size': 128, 'model__callbacks__early_stopping__patience': 10, 'model__lr': 3e-05, 'model__max_epochs': 500, 'model__module__d_model': 128, 'model__module__dim_feedforward': 128, 'model__module__dropout': 0.25, 'model__module__nhead': 4, 'model__module__num_layers': 2, 'model__module__patch_size': 16, 'model__optimizer__weight_decay': 0.0001}",0.5349291646311676,0.7842261904761905,0.7214477867449254,0.4369747899159664,0.8508550602747407,0.6656865984085982,0.15547019142853916,45,0.7272157845286564,0.6860411899313501,0.9063714378238341,0.42247191011235957,0.8280473068008478,0.7140295258394096,0.16489908012767016
173,5.5178405284881595,4.401448988576823,0.02681732177734375,0.002466271190927832,128,10,3e-05,500,128,128,0.25,4,2,32,0.0001,"{'model__batch_size': 128, 'model__callbacks__early_stopping__patience': 10, 'model__lr': 3e-05, 'model__max_epochs': 500, 'model__module__d_model': 128, 'model__module__dim_feedforward': 128, 'model__module__dropout': 0.25, 'model__module__nhead': 4, 'model__module__num_layers': 2, 'model__module__patch_size': 32, 'model__optimizer__weight_decay': 0.0001}",0.5349291646311676,0.7420458433116661,0.715605493133583,0.5013709361535448,0.768009768009768,0.6523922410479459,0.11136076960238095,92,0.6993589743589743,0.6822438837920489,0.9789723449517265,0.5138949512585479,0.8009630818619582,0.7350866472446512,0.15284929101327072
174,9.747133874893189,6.988167414089587,0.030413293838500978,0.004900017956185797,128,10,3e-05,500,128,128,0.25,4,3,16,0.0001,"{'model__batch_size': 128, 'model__callbacks__early_stopping__patience': 10, 'model__lr': 3e-05, 'model__max_epochs': 500, 'model__module__d_model': 128, 'model__module__dim_feedforward': 128, 'model__module__dropout': 0.25, 'model__module__nhead': 4, 'model__module__num_layers': 3, 'model__module__patch_size': 16, 'model__optimizer__weight_decay': 0.0001}",0.5714285714285714,0.7420458433116661,0.7542186353631695,0.5275641025641026,0.8248847926267281,0.6840283890588476,0.11427424379885257,14,0.7755443886097153,0.6809468848303799,0.9436549538596456,0.6196818349981502,0.8378731749836565,0.7715402474563094,0.11428709233086375
175,5.189284181594848,4.070579290055008,0.027687835693359374,0.00346323901971229,128,10,3e-05,500,128,128,0.25,4,3,32,0.0001,"{'model__batch_size': 128, 'model__callbacks__early_stopping__patience': 10, 'model__lr': 3e-05, 'model__max_epochs': 500, 'model__module__d_model': 128, 'model__module__dim_feedforward': 128, 'model__module__dropout': 0.25, 'model__module__nhead': 4, 'model__module__num_layers': 3, 'model__module__patch_size': 32, 'model__optimizer__weight_decay': 0.0001}",0.5491949910554561,0.8388888888888889,0.715605493133583,0.4369747899159664,0.7366929133858269,0.6554714152759443,0.14345066213883376,76,0.736508630107057,0.7478672985781991,0.9468569065343259,0.42247191011235957,0.7006327006327007,0.7108674891929285,0.1679251142796372
176,8.082929658889771,5.553339056725148,0.031009674072265625,0.006459476922879974,128,10,3e-05,500,128,256,0.1,4,2,16,0.0001,"{'model__batch_size': 128, 'model__callbacks__early_stopping__patience': 10, 'model__lr': 3e-05, 'model__max_epochs': 500, 'model__module__d_model': 128, 'model__module__dim_feedforward': 256, 'model__module__dropout': 0.1, 'model__module__nhead': 4, 'model__module__num_layers': 2, 'model__module__patch_size': 16, 'model__optimizer__weight_decay': 0.0001}",0.5108045977011495,0.7817310981867944,0.7490636704119851,0.4369747899159664,0.8248847926267281,0.6606917897685247,0.15616331965432909,59,0.7625937518455088,0.7044444444444444,0.947430862379316,0.42247191011235957,0.8280473068008478,0.7329976551164952,0.17500485122075085
177,4.403258657455444,3.0855317849904997,0.02660675048828125,0.00275141214056844,128,10,3e-05,500,128,256,0.1,4,2,32,0.0001,"{'model__batch_size': 128, 'model__callbacks__early_stopping__patience': 10, 'model__lr': 3e-05, 'model__max_epochs': 500, 'model__module__d_model': 128, 'model__module__dim_feedforward': 256, 'model__module__dropout': 0.1, 'model__module__nhead': 4, 'model__module__num_layers': 2, 'model__module__patch_size': 32, 'model__optimizer__weight_decay': 0.0001}",0.5757575757575758,0.8094194961664841,0.7214477867449254,0.4369747899159664,0.8144078144078144,0.6716014925985532,0.14567624837521753,29,0.6275269541778976,0.7452804377564979,0.8784370179948586,0.45085470085470086,0.7789179658868044,0.6962034153341519,0.14654131496293923
178,7.222381925582885,4.721282504806024,0.030077743530273437,0.0036561559562627655,128,10,3e-05,500,128,256,0.1,4,3,16,0.0001,"{'model__batch_size': 128, 'model__callbacks__early_stopping__patience': 10, 'model__lr': 3e-05, 'model__max_epochs': 500, 'model__module__d_model': 128, 'model__module__dim_feedforward': 256, 'model__module__dropout': 0.1, 'model__module__nhead': 4, 'model__module__num_layers': 3, 'model__module__patch_size': 16, 'model__optimizer__weight_decay': 0.0001}",0.5851851851851853,0.7180555555555556,0.7351778656126482,0.4322033898305085,0.8020833333333333,0.6545410659034461,0.1315670056915353,84,0.7582972582972582,0.6695336391437309,0.8710270993643359,0.5559851912793089,0.7590478503764877,0.7227782076922245,0.1050806530455258
179,4.997879934310913,3.7097458925907083,0.027674484252929687,0.0030801486979476446,128,10,3e-05,500,128,256,0.1,4,3,32,0.0001,"{'model__batch_size': 128, 'model__callbacks__early_stopping__patience': 10, 'model__lr': 3e-05, 'model__max_epochs': 500, 'model__module__d_model': 128, 'model__module__dim_feedforward': 256, 'model__module__dropout': 0.1, 'model__module__nhead': 4, 'model__module__num_layers': 3, 'model__module__patch_size': 32, 'model__optimizer__weight_decay': 0.0001}",0.5246179966044142,0.8094194961664841,0.715605493133583,0.4369747899159664,0.8508550602747407,0.6674945672190378,0.16101645830235875,41,0.6188990825688073,0.6860411899313501,0.9375809585492227,0.42247191011235957,0.8391983495431772,0.7008382981409833,0.1786680869798757
180,8.446406650543214,5.907791365955427,0.029992103576660156,0.0037477572866090616,128,10,3e-05,500,128,256,0.25,4,2,16,0.0001,"{'model__batch_size': 128, 'model__callbacks__early_stopping__patience': 10, 'model__lr': 3e-05, 'model__max_epochs': 500, 'model__module__d_model': 128, 'model__module__dim_feedforward': 256, 'model__module__dropout': 0.25, 'model__module__nhead': 4, 'model__module__num_layers': 2, 'model__module__patch_size': 16, 'model__optimizer__weight_decay': 0.0001}",0.604040404040404,0.7651821862348178,0.7351778656126482,0.4369747899159664,0.8423703703703703,0.6767491232348413,0.14243806431958025,25,0.6479474548440065,0.7251078360891445,0.9681141439205956,0.47905405405405405,0.8618604281053552,0.7364167834026312,0.16947569956191177
181,4.576372051239014,3.5594668587962035,0.026921176910400392,0.0036407394048873095,128,10,3e-05,500,128,256,0.25,4,2,32,0.0001,"{'model__batch_size': 128, 'model__callbacks__early_stopping__patience': 10, 'model__lr': 3e-05, 'model__max_epochs': 500, 'model__module__d_model': 128, 'model__module__dim_feedforward': 256, 'model__module__dropout': 0.25, 'model__module__nhead': 4, 'model__module__num_layers': 2, 'model__module__patch_size': 32, 'model__optimizer__weight_decay': 0.0001}",0.5757575757575758,0.7670682730923695,0.694357743097239,0.4369747899159664,0.7366929133858269,0.6421702590497956,0.12146884756252109,135,0.6296253041362531,0.7083537453052464,0.9681141439205956,0.42247191011235957,0.7335879684888995,0.6924306143926708,0.17593810920908803
182,7.876843738555908,5.135656028985533,0.030758190155029296,0.0043733857528734195,128,10,3e-05,500,128,256,0.25,4,3,16,0.0001,"{'model__batch_size': 128, 'model__callbacks__early_stopping__patience': 10, 'model__lr': 3e-05, 'model__max_epochs': 500, 'model__module__d_model': 128, 'model__module__dim_feedforward': 256, 'model__module__dropout': 0.25, 'model__module__nhead': 4, 'model__module__num_layers': 3, 'model__module__patch_size': 16, 'model__optimizer__weight_decay': 0.0001}",0.5238095238095237,0.7986111111111112,0.7542186353631695,0.4369747899159664,0.7694641051567239,0.656615633071299,0.14717567878653906,73,0.7776334776334777,0.7044444444444444,0.8830851943755169,0.5090525475436946,0.7648222973530139,0.7278075922700294,0.12358272308846638
183,5.087729501724243,3.424790303487599,0.0287600040435791,0.0019896963959284046,128,10,3e-05,500,128,256,0.25,4,3,32,0.0001,"{'model__batch_size': 128, 'model__callbacks__early_stopping__patience': 10, 'model__lr': 3e-05, 'model__max_epochs': 500, 'model__module__d_model': 128, 'model__module__dim_feedforward': 256, 'model__module__dropout': 0.25, 'model__module__nhead': 4, 'model__module__num_layers': 3, 'model__module__patch_size': 32, 'model__optimizer__weight_decay': 0.0001}",0.5491949910554561,0.8094194961664841,0.726530612244898,0.4416666666666667,0.7694641051567239,0.6592551742580458,0.14048438998180882,64,0.7079153966934515,0.7330210772833723,0.9312904884318767,0.49215221318879854,0.7891668690794267,0.7307092089353852,0.14218613894847965
184,11.035626220703126,6.621795721659123,0.02866215705871582,0.0032001611991255537,128,10,3e-05,500,128,384,0.1,4,2,16,0.0001,"{'model__batch_size': 128, 'model__callbacks__early_stopping__patience': 10, 'model__lr': 3e-05, 'model__max_epochs': 500, 'model__module__d_model': 128, 'model__module__dim_feedforward': 384, 'model__module__dropout': 0.1, 'model__module__nhead': 4, 'model__module__num_layers': 2, 'model__module__patch_size': 16, 'model__optimizer__weight_decay': 0.0001}",0.5238095238095237,0.8648018648018647,0.6429263565891472,0.5298245614035088,0.7694641051567239,0.6661652823521537,0.13380668184345146,43,0.7498809591832847,0.919768353743138,0.9207197943444729,0.4926347760060744,0.8150857465288274,0.7796179259611595,0.1575141019184283
185,4.81730809211731,2.8348009160924064,0.028634071350097656,0.004385412155022376,128,10,3e-05,500,128,384,0.1,4,2,32,0.0001,"{'model__batch_size': 128, 'model__callbacks__early_stopping__patience': 10, 'model__lr': 3e-05, 'model__max_epochs': 500, 'model__module__d_model': 128, 'model__module__dim_feedforward': 384, 'model__module__dropout': 0.1, 'model__module__nhead': 4, 'model__module__num_layers': 2, 'model__module__patch_size': 32, 'model__optimizer__weight_decay': 0.0001}",0.5992844364937389,0.8567901234567901,0.648689138576779,0.4369747899159664,0.7694641051567239,0.6622405187199998,0.14438712058786485,55,0.7072318112300633,0.7478672985781991,0.9223799456357595,0.42247191011235957,0.8033466848301243,0.7206595300773012,0.16574963928454856
186,9.86229395866394,7.8524909111319365,0.030285739898681642,0.004196522623402514,128,10,3e-05,500,128,384,0.1,4,3,16,0.0001,"{'model__batch_size': 128, 'model__callbacks__early_stopping__patience': 10, 'model__lr': 3e-05, 'model__max_epochs': 500, 'model__module__d_model': 128, 'model__module__dim_feedforward': 384, 'model__module__dropout': 0.1, 'model__module__nhead': 4, 'model__module__num_layers': 3, 'model__module__patch_size': 16, 'model__optimizer__weight_decay': 0.0001}",0.5491949910554561,0.5503875968992248,0.7490636704119851,0.4322033898305085,0.768009768009768,0.6097718832413885,0.12897135599243237,237,0.769569910176902,0.5439159292035398,0.9625933087975381,0.41855203619909503,0.9315025252525253,0.72522674192592,0.2134394004717229
187,4.641447401046753,3.7972549617943367,0.027896404266357422,0.0030022387536840244,128,10,3e-05,500,128,384,0.1,4,3,32,0.0001,"{'model__batch_size': 128, 'model__callbacks__early_stopping__patience': 10, 'model__lr': 3e-05, 'model__max_epochs': 500, 'model__module__d_model': 128, 'model__module__dim_feedforward': 384, 'model__module__dropout': 0.1, 'model__module__nhead': 4, 'model__module__num_layers': 3, 'model__module__patch_size': 32, 'model__optimizer__weight_decay': 0.0001}",0.46969696969696967,0.7180555555555556,0.715605493133583,0.48659003831417624,0.8144078144078144,0.6408711742216198,0.13766690947630664,141,0.7287617473923371,0.6872942725477288,0.9207197943444729,0.43319976392383436,0.8208667736757624,0.7181684703768271,0.16361331095515175
188,7.694424867630005,6.0070827221728225,0.028133535385131837,0.0032235547416728104,128,10,3e-05,500,128,384,0.25,4,2,16,0.0001,"{'model__batch_size': 128, 'model__callbacks__early_stopping__patience': 10, 'model__lr': 3e-05, 'model__max_epochs': 500, 'model__module__d_model': 128, 'model__module__dim_feedforward': 384, 'model__module__dropout': 0.25, 'model__module__nhead': 4, 'model__module__num_layers': 2, 'model__module__patch_size': 16, 'model__optimizer__weight_decay': 0.0001}",0.5363834422657952,0.693121693121693,0.7351778656126482,0.4369747899159664,0.7694641051567239,0.6342243792145653,0.12683101584059947,162,0.7396720187417862,0.6187551187551188,0.9524318766066838,0.42247191011235957,0.732843292567011,0.6932348433565918,0.1730711633681306
189,4.818931007385254,4.073098694647158,0.026987695693969728,0.0036059371954244254,128,10,3e-05,500,128,384,0.25,4,2,32,0.0001,"{'model__batch_size': 128, 'model__callbacks__early_stopping__patience': 10, 'model__lr': 3e-05, 'model__max_epochs': 500, 'model__module__d_model': 128, 'model__module__dim_feedforward': 384, 'model__module__dropout': 0.25, 'model__module__nhead': 4, 'model__module__num_layers': 2, 'model__module__patch_size': 32, 'model__optimizer__weight_decay': 0.0001}",0.5227272727272727,0.8158730158730159,0.648689138576779,0.4369747899159664,0.7366929133858269,0.6321914260957723,0.1378576060288848,167,0.75591985428051,0.725079714128642,0.9468569065343259,0.4525482465901504,0.7327531870768356,0.7226315817220927,0.15775839346310874
190,8.211396551132202,6.094745793824058,0.03041667938232422,0.003908173494505774,128,10,3e-05,500,128,384,0.25,4,3,16,0.0001,"{'model__batch_size': 128, 'model__callbacks__early_stopping__patience': 10, 'model__lr': 3e-05, 'model__max_epochs': 500, 'model__module__d_model': 128, 'model__module__dim_feedforward': 384, 'model__module__dropout': 0.25, 'model__module__nhead': 4, 'model__module__num_layers': 3, 'model__module__patch_size': 16, 'model__optimizer__weight_decay': 0.0001}",0.5227272727272727,0.7986111111111112,0.7542186353631695,0.4369747899159664,0.768009768009768,0.6561083154254576,0.1471493264004017,74,0.6852703925456751,0.7290740740740741,0.8913319238900634,0.42247191011235957,0.7927906421580329,0.704187788556041,0.1569805238253001
191,4.662157821655273,3.6323837964074315,0.02826380729675293,0.003134519400681533,128,10,3e-05,500,128,384,0.25,4,3,32,0.0001,"{'model__batch_size': 128, 'model__callbacks__early_stopping__patience': 10, 'model__lr': 3e-05, 'model__max_epochs': 500, 'model__module__d_model': 128, 'model__module__dim_feedforward': 384, 'model__module__dropout': 0.25, 'model__module__nhead': 4, 'model__module__num_layers': 3, 'model__module__patch_size': 32, 'model__optimizer__weight_decay': 0.0001}",0.5349291646311676,0.7986111111111112,0.715605493133583,0.4369747899159664,0.7366929133858269,0.6445626944355312,0.13592514125879926,126,0.6142062179060224,0.740386492289674,0.9369170348551792,0.4441240086517664,0.7690875232774674,0.7009442553960219,0.1645372139911299
192,3.267098569869995,1.827779140848781,0.028518104553222658,0.0034353696729910992,128,10,0.0001,500,96,128,0.1,4,2,16,0.0001,"{'model__batch_size': 128, 'model__callbacks__early_stopping__patience': 10, 'model__lr': 0.0001, 'model__max_epochs': 500, 'model__module__d_model': 96, 'model__module__dim_feedforward': 128, 'model__module__dropout': 0.1, 'model__module__nhead': 4, 'model__module__num_layers': 2, 'model__module__patch_size': 16, 'model__optimizer__weight_decay': 0.0001}",0.5491949910554561,0.7180555555555556,0.726530612244898,0.4635482511588706,0.7874125874125875,0.6489483994854736,0.121894288289477,103,0.7449952424485531,0.6929866250254599,0.9111070418523266,0.5475352112676056,0.7327531870768356,0.7258754615341562,0.1162845887553922
193,2.50181188583374,1.5308339288428325,0.026767969131469727,0.0030855290938319514,128,10,0.0001,500,96,128,0.1,4,2,32,0.0001,"{'model__batch_size': 128, 'model__callbacks__early_stopping__patience': 10, 'model__lr': 0.0001, 'model__max_epochs': 500, 'model__module__d_model': 96, 'model__module__dim_feedforward': 128, 'model__module__dropout': 0.1, 'model__module__nhead': 4, 'model__module__num_layers': 2, 'model__module__patch_size': 32, 'model__optimizer__weight_decay': 0.0001}",0.6493738819320215,0.8094194961664841,0.7020750988142292,0.4369747899159664,0.7811059907834101,0.6757898515224223,0.13218904829162345,26,0.6918669305437753,0.7372447221520295,0.9255996691480562,0.42247191011235957,0.8075163398692811,0.7169399143651003,0.16703013344229742
194,2.551250123977661,1.1621432900483255,0.030905628204345705,0.004442199739865768,128,10,0.0001,500,96,128,0.1,4,3,16,0.0001,"{'model__batch_size': 128, 'model__callbacks__early_stopping__patience': 10, 'model__lr': 0.0001, 'model__max_epochs': 500, 'model__module__d_model': 96, 'model__module__dim_feedforward': 128, 'model__module__dropout': 0.1, 'model__module__nhead': 4, 'model__module__num_layers': 3, 'model__module__patch_size': 16, 'model__optimizer__weight_decay': 0.0001}",0.5491949910554561,0.6823658269441402,0.5821995464852607,0.4322033898305085,0.7694641051567239,0.6030855718944179,0.11533283667606636,251,0.759764374439749,0.6354439211582069,0.7390862944162436,0.5303986710963455,0.7973856209150327,0.6924157764051155,0.09718844979523199
195,2.3360074043273924,1.8655541301677854,0.02645702362060547,0.002541050341815476,128,10,0.0001,500,96,128,0.1,4,3,32,0.0001,"{'model__batch_size': 128, 'model__callbacks__early_stopping__patience': 10, 'model__lr': 0.0001, 'model__max_epochs': 500, 'model__module__d_model': 96, 'model__module__dim_feedforward': 128, 'model__module__dropout': 0.1, 'model__module__nhead': 4, 'model__module__num_layers': 3, 'model__module__patch_size': 32, 'model__optimizer__weight_decay': 0.0001}",0.43434343434343436,0.7842261904761905,0.682147315855181,0.5507662835249042,0.7366929133858269,0.6376352275171074,0.12818457642106684,147,0.43531394858828487,0.7037089702571395,0.9355135496821679,0.4670060331825038,0.7710064635272391,0.662509793047467,0.1885946036902792
196,3.5301426887512206,2.2741261568954028,0.028620052337646484,0.0037849750357135978,128,10,0.0001,500,96,128,0.25,4,2,16,0.0001,"{'model__batch_size': 128, 'model__callbacks__early_stopping__patience': 10, 'model__lr': 0.0001, 'model__max_epochs': 500, 'model__module__d_model': 96, 'model__module__dim_feedforward': 128, 'model__module__dropout': 0.25, 'model__module__nhead': 4, 'model__module__num_layers': 2, 'model__module__patch_size': 16, 'model__optimizer__weight_decay': 0.0001}",0.47987616099071206,0.7420458433116661,0.7490636704119851,0.48659003831417624,0.7526041666666667,0.6420359759390413,0.1297239151930084,136,0.5381441297118863,0.7088919288645691,0.9091551785083068,0.494397399709178,0.777124183006536,0.6855425639600952,0.15309981019519942
197,2.4949941635131836,1.3664671256342507,0.0277374267578125,0.005257002678459718,128,10,0.0001,500,96,128,0.25,4,2,32,0.0001,"{'model__batch_size': 128, 'model__callbacks__early_stopping__patience': 10, 'model__lr': 0.0001, 'model__max_epochs': 500, 'model__module__d_model': 96, 'model__module__dim_feedforward': 128, 'model__module__dropout': 0.25, 'model__module__nhead': 4, 'model__module__num_layers': 2, 'model__module__patch_size': 32, 'model__optimizer__weight_decay': 0.0001}",0.4895833333333333,0.7986111111111112,0.7128571428571429,0.4369747899159664,0.8248847926267281,0.6525822339688564,0.15981294119086695,90,0.5013953488372093,0.7251078360891445,0.9418611825192802,0.42247191011235957,0.8159478848849675,0.6813568324885922,0.19354532116167808
198,2.3362470626831056,0.8652335529726085,0.028348350524902345,0.0036195952164211043,128,10,0.0001,500,96,128,0.25,4,3,16,0.0001,"{'model__batch_size': 128, 'model__callbacks__early_stopping__patience': 10, 'model__lr': 0.0001, 'model__max_epochs': 500, 'model__module__d_model': 96, 'model__module__dim_feedforward': 128, 'model__module__dropout': 0.25, 'model__module__nhead': 4, 'model__module__num_layers': 3, 'model__module__patch_size': 16, 'model__optimizer__weight_decay': 0.0001}",0.5491949910554561,0.6671449067431852,0.5959429824561404,0.4322033898305085,0.7874125874125875,0.6063797714995756,0.11847507730309904,244,0.7523150245546635,0.6475972540045767,0.7320923306031273,0.5418894830659536,0.7648222973530139,0.687743277916267,0.08362123759385637
199,2.3131524085998536,1.70012046042711,0.029123401641845702,0.003862122305108045,128,10,0.0001,500,96,128,0.25,4,3,32,0.0001,"{'model__batch_size': 128, 'model__callbacks__early_stopping__patience': 10, 'model__lr': 0.0001, 'model__max_epochs': 500, 'model__module__d_model': 96, 'model__module__dim_feedforward': 128, 'model__module__dropout': 0.25, 'model__module__nhead': 4, 'model__module__num_layers': 3, 'model__module__patch_size': 32, 'model__optimizer__weight_decay': 0.0001}",0.5366430260047281,0.8335724533715925,0.7292929292929293,0.41739130434782606,0.7366929133858269,0.6507185252805805,0.1512983165521135,98,0.5097718301723307,0.7005811950104524,0.9456429780033841,0.4632678132678133,0.7648222973530139,0.6768172227613988,0.1755473837416259
200,3.830932378768921,2.5787003899868606,0.029173660278320312,0.0029580975856197235,128,10,0.0001,500,96,256,0.1,4,2,16,0.0001,"{'model__batch_size': 128, 'model__callbacks__early_stopping__patience': 10, 'model__lr': 0.0001, 'model__max_epochs': 500, 'model__module__d_model': 96, 'model__module__dim_feedforward': 256, 'model__module__dropout': 0.1, 'model__module__nhead': 4, 'model__module__num_layers': 2, 'model__module__patch_size': 16, 'model__optimizer__weight_decay': 0.0001}",0.4166666666666667,0.7503586800573888,0.7020750988142292,0.4369747899159664,0.8423703703703703,0.6296891211649243,0.1717856603773039,182,0.4448549994401523,0.7028077334110561,0.9405505436039787,0.42247191011235957,0.8067725501947858,0.6634915473524665,0.20235083458387623
201,2.69976167678833,1.6292110260547565,0.026622819900512695,0.0034993697731865794,128,10,0.0001,500,96,256,0.1,4,2,32,0.0001,"{'model__batch_size': 128, 'model__callbacks__early_stopping__patience': 10, 'model__lr': 0.0001, 'model__max_epochs': 500, 'model__module__d_model': 96, 'model__module__dim_feedforward': 256, 'model__module__dropout': 0.1, 'model__module__nhead': 4, 'model__module__num_layers': 2, 'model__module__patch_size': 32, 'model__optimizer__weight_decay': 0.0001}",0.5851851851851853,0.8388888888888889,0.6689723320158103,0.4369747899159664,0.8248847926267281,0.6709811977265159,0.15099887382395968,31,0.7536764705882353,0.7088919288645691,0.9579446899034527,0.42247191011235957,0.8277777777777777,0.7341525554492788,0.17720762336596
202,3.0911911964416503,1.8920919909338065,0.02943553924560547,0.0026947617954549328,128,10,0.0001,500,96,256,0.1,4,3,16,0.0001,"{'model__batch_size': 128, 'model__callbacks__early_stopping__patience': 10, 'model__lr': 0.0001, 'model__max_epochs': 500, 'model__module__d_model': 96, 'model__module__dim_feedforward': 256, 'model__module__dropout': 0.1, 'model__module__nhead': 4, 'model__module__num_layers': 3, 'model__module__patch_size': 16, 'model__optimizer__weight_decay': 0.0001}",0.5018315018315018,0.7651821862348178,0.5552669552669552,0.4369747899159664,0.768009768009768,0.6054530402518019,0.13680575792177865,248,0.6434862385321101,0.7211740041928721,0.7228631304807829,0.42247191011235957,0.8166816501847967,0.6653353867005842,0.13326150045285395
203,2.366801452636719,1.4659429639655615,0.02732114791870117,0.0038377641416794616,128,10,0.0001,500,96,256,0.1,4,3,32,0.0001,"{'model__batch_size': 128, 'model__callbacks__early_stopping__patience': 10, 'model__lr': 0.0001, 'model__max_epochs': 500, 'model__module__d_model': 96, 'model__module__dim_feedforward': 256, 'model__module__dropout': 0.1, 'model__module__nhead': 4, 'model__module__num_layers': 3, 'model__module__patch_size': 32, 'model__optimizer__weight_decay': 0.0001}",0.4895833333333333,0.8094194961664841,0.715605493133583,0.4369747899159664,0.7526041666666667,0.6408374558432067,0.14895620665370246,142,0.5513392857142857,0.7210214318285454,0.8984675524504606,0.41855203619909503,0.7710064635272391,0.6720773539439252,0.16869367582704087
204,3.910049867630005,1.921294958536355,0.028757572174072266,0.0031549433174066638,128,10,0.0001,500,96,256,0.25,4,2,16,0.0001,"{'model__batch_size': 128, 'model__callbacks__early_stopping__patience': 10, 'model__lr': 0.0001, 'model__max_epochs': 500, 'model__module__d_model': 96, 'model__module__dim_feedforward': 256, 'model__module__dropout': 0.25, 'model__module__nhead': 4, 'model__module__num_layers': 2, 'model__module__patch_size': 16, 'model__optimizer__weight_decay': 0.0001}",0.5714285714285714,0.7986111111111112,0.7078488372093024,0.4369747899159664,0.8248847926267281,0.667949620458336,0.14557383429061097,40,0.7717412971386115,0.7172468774913633,0.8263702735098616,0.4198645598194131,0.8391983495431772,0.7148842715004854,0.15372576374538185
205,2.5547790050506594,1.744968744109863,0.02741866111755371,0.004348972019726743,128,10,0.0001,500,96,256,0.25,4,2,32,0.0001,"{'model__batch_size': 128, 'model__callbacks__early_stopping__patience': 10, 'model__lr': 0.0001, 'model__max_epochs': 500, 'model__module__d_model': 96, 'model__module__dim_feedforward': 256, 'model__module__dropout': 0.25, 'model__module__nhead': 4, 'model__module__num_layers': 2, 'model__module__patch_size': 32, 'model__optimizer__weight_decay': 0.0001}",0.43434343434343436,0.7817310981867944,0.648689138576779,0.4369747899159664,0.768009768009768,0.6139496458065483,0.15275500658744626,228,0.42116630669546434,0.7210214318285454,0.9681141439205956,0.42247191011235957,0.7710064635272391,0.6607560512168408,0.21186724345546912
206,2.794246864318848,1.6206156115669017,0.028863811492919923,0.002757609364407403,128,10,0.0001,500,96,256,0.25,4,3,16,0.0001,"{'model__batch_size': 128, 'model__callbacks__early_stopping__patience': 10, 'model__lr': 0.0001, 'model__max_epochs': 500, 'model__module__d_model': 96, 'model__module__dim_feedforward': 256, 'model__module__dropout': 0.25, 'model__module__nhead': 4, 'model__module__num_layers': 3, 'model__module__patch_size': 16, 'model__optimizer__weight_decay': 0.0001}",0.5851851851851853,0.6233766233766234,0.5958562811434566,0.4369747899159664,0.768009768009768,0.6018805295261999,0.10542289597387905,255,0.7663303617502091,0.5925889328063241,0.7200435729847494,0.42247191011235957,0.8182214386180392,0.6639312432543363,0.14200843089289075
207,2.3896058559417725,1.4985849315181445,0.028078269958496094,0.0028426513485192953,128,10,0.0001,500,96,256,0.25,4,3,32,0.0001,"{'model__batch_size': 128, 'model__callbacks__early_stopping__patience': 10, 'model__lr': 0.0001, 'model__max_epochs': 500, 'model__module__d_model': 96, 'model__module__dim_feedforward': 256, 'model__module__dropout': 0.25, 'model__module__nhead': 4, 'model__module__num_layers': 3, 'model__module__patch_size': 32, 'model__optimizer__weight_decay': 0.0001}",0.5102040816326531,0.8567901234567901,0.6954545454545455,0.4369747899159664,0.7845669291338583,0.6567980939187626,0.15976739204051973,71,0.5152454780361757,0.7092896174863388,0.8959682642487047,0.4316953316953317,0.7730923286501433,0.6650582040233388,0.16961682050019652
208,3.4092329025268553,2.6175089075613895,0.028057003021240236,0.002457728962614327,128,10,0.0001,500,96,384,0.1,4,2,16,0.0001,"{'model__batch_size': 128, 'model__callbacks__early_stopping__patience': 10, 'model__lr': 0.0001, 'model__max_epochs': 500, 'model__module__d_model': 96, 'model__module__dim_feedforward': 384, 'model__module__dropout': 0.1, 'model__module__nhead': 4, 'model__module__num_layers': 2, 'model__module__patch_size': 16, 'model__optimizer__weight_decay': 0.0001}",0.6287878787878788,0.7842261904761905,0.7490636704119851,0.4369747899159664,0.7526041666666667,0.6703313392517375,0.12815675827784057,34,0.6615587597775893,0.7068116687486222,0.9320230320047203,0.42247191011235957,0.7690875232774674,0.6983905787841518,0.1656144864000056
209,2.013813829421997,1.245796172647993,0.027231264114379882,0.003985101640248562,128,10,0.0001,500,96,384,0.1,4,2,32,0.0001,"{'model__batch_size': 128, 'model__callbacks__early_stopping__patience': 10, 'model__lr': 0.0001, 'model__max_epochs': 500, 'model__module__d_model': 96, 'model__module__dim_feedforward': 384, 'model__module__dropout': 0.1, 'model__module__nhead': 4, 'model__module__num_layers': 2, 'model__module__patch_size': 32, 'model__optimizer__weight_decay': 0.0001}",0.4166666666666667,0.7503586800573888,0.7214477867449254,0.4369747899159664,0.7366929133858269,0.6124281673541547,0.15195939171955528,233,0.5127933794600461,0.6911008413319113,0.9101491002570694,0.42247191011235957,0.78509965137134,0.6643229765065453,0.17730634475465853
210,2.1018800258636476,1.012661199265805,0.030163669586181642,0.003361613747947539,128,10,0.0001,500,96,384,0.1,4,3,16,0.0001,"{'model__batch_size': 128, 'model__callbacks__early_stopping__patience': 10, 'model__lr': 0.0001, 'model__max_epochs': 500, 'model__module__d_model': 96, 'model__module__dim_feedforward': 384, 'model__module__dropout': 0.1, 'model__module__nhead': 4, 'model__module__num_layers': 3, 'model__module__patch_size': 16, 'model__optimizer__weight_decay': 0.0001}",0.422680412371134,0.693121693121693,0.5165945165945166,0.4369747899159664,0.7526041666666667,0.5643951157339954,0.13460837450754495,286,0.5026452095393734,0.5902358099300865,0.6956578947368421,0.42247191011235957,0.7904705766774732,0.600296280199227,0.13154356831716232
211,2.2063958644866943,1.1462141021276615,0.027306175231933592,0.003098371528650418,128,10,0.0001,500,96,384,0.1,4,3,32,0.0001,"{'model__batch_size': 128, 'model__callbacks__early_stopping__patience': 10, 'model__lr': 0.0001, 'model__max_epochs': 500, 'model__module__d_model': 96, 'model__module__dim_feedforward': 384, 'model__module__dropout': 0.1, 'model__module__nhead': 4, 'model__module__num_layers': 3, 'model__module__patch_size': 32, 'model__optimizer__weight_decay': 0.0001}",0.43434343434343436,0.8388888888888889,0.682147315855181,0.4369747899159664,0.7366929133858269,0.6258094684778595,0.16321134081871097,195,0.4199134199134199,0.7128023707243114,0.8937138130686517,0.42247191011235957,0.7869543502147638,0.6471711728067012,0.19326971268111948
212,3.226321220397949,2.426362843149424,0.02904057502746582,0.0033984547527871876,128,10,0.0001,500,96,384,0.25,4,2,16,0.0001,"{'model__batch_size': 128, 'model__callbacks__early_stopping__patience': 10, 'model__lr': 0.0001, 'model__max_epochs': 500, 'model__module__d_model': 96, 'model__module__dim_feedforward': 384, 'model__module__dropout': 0.25, 'model__module__nhead': 4, 'model__module__num_layers': 2, 'model__module__patch_size': 16, 'model__optimizer__weight_decay': 0.0001}",0.5851851851851853,0.7180555555555556,0.6326754385964912,0.4369747899159664,0.9124423963133641,0.6570666731133125,0.15693229206181464,70,0.7211041538054501,0.6761388435827341,0.7381531615827668,0.42247191011235957,0.9450254922112731,0.7005787122589167,0.16704973020202085
213,2.3359257698059084,1.4173876229789755,0.026962661743164064,0.0028381178759897836,128,10,0.0001,500,96,384,0.25,4,2,32,0.0001,"{'model__batch_size': 128, 'model__callbacks__early_stopping__patience': 10, 'model__lr': 0.0001, 'model__max_epochs': 500, 'model__module__d_model': 96, 'model__module__dim_feedforward': 384, 'model__module__dropout': 0.25, 'model__module__nhead': 4, 'model__module__num_layers': 2, 'model__module__patch_size': 32, 'model__optimizer__weight_decay': 0.0001}",0.5604395604395604,0.8388888888888889,0.715605493133583,0.4369747899159664,0.7216117216117216,0.654704090797944,0.1402864939055814,81,0.6182336182336182,0.7291058456107,0.9529390221571141,0.4362064032047817,0.7572270502447308,0.698742387890189,0.16992064584061237
214,2.404636812210083,1.8945725677883987,0.030798721313476562,0.004811880203186262,128,10,0.0001,500,96,384,0.25,4,3,16,0.0001,"{'model__batch_size': 128, 'model__callbacks__early_stopping__patience': 10, 'model__lr': 0.0001, 'model__max_epochs': 500, 'model__module__d_model': 96, 'model__module__dim_feedforward': 384, 'model__module__dropout': 0.25, 'model__module__nhead': 4, 'model__module__num_layers': 3, 'model__module__patch_size': 16, 'model__optimizer__weight_decay': 0.0001}",0.4166666666666667,0.6671449067431852,0.5442176870748299,0.4344954128440367,0.868663594470046,0.5862376535597529,0.16724598680594283,275,0.45461945461945463,0.6057312252964426,0.6883523029464951,0.5763445291572223,0.8404771650780656,0.6331049354195362,0.12797159359296192
215,1.8957934379577637,1.5653519464540917,0.027042055130004884,0.002857638409928883,128,10,0.0001,500,96,384,0.25,4,3,32,0.0001,"{'model__batch_size': 128, 'model__callbacks__early_stopping__patience': 10, 'model__lr': 0.0001, 'model__max_epochs': 500, 'model__module__d_model': 96, 'model__module__dim_feedforward': 384, 'model__module__dropout': 0.25, 'model__module__nhead': 4, 'model__module__num_layers': 3, 'model__module__patch_size': 32, 'model__optimizer__weight_decay': 0.0001}",0.5739130434782609,0.8094194961664841,0.7020750988142292,0.4369747899159664,0.768009768009768,0.6580784392769419,0.1363050668159758,66,0.49205934252663225,0.6533968368080518,0.8724565756823821,0.42117117117117114,0.7670450097847359,0.6412257871945947,0.16740427175831643
216,3.7182469367980957,2.4441124960830485,0.028303909301757812,0.0037707541562916713,128,10,0.0001,500,128,128,0.1,4,2,16,0.0001,"{'model__batch_size': 128, 'model__callbacks__early_stopping__patience': 10, 'model__lr': 0.0001, 'model__max_epochs': 500, 'model__module__d_model': 128, 'model__module__dim_feedforward': 128, 'model__module__dropout': 0.1, 'model__module__nhead': 4, 'model__module__num_layers': 2, 'model__module__patch_size': 16, 'model__optimizer__weight_decay': 0.0001}",0.6190476190476191,0.7011494252873562,0.758703481392557,0.5649350649350648,0.88125,0.7050171181325194,0.11042549497310282,4,0.7560265093583861,0.5020531400966184,0.9320230320047203,0.5447719762062129,0.9066542522633174,0.7283057819858509,0.1782987657598563
217,2.109805870056152,1.0993196087426953,0.02827601432800293,0.003442688355308679,128,10,0.0001,500,128,128,0.1,4,2,32,0.0001,"{'model__batch_size': 128, 'model__callbacks__early_stopping__patience': 10, 'model__lr': 0.0001, 'model__max_epochs': 500, 'model__module__d_model': 128, 'model__module__dim_feedforward': 128, 'model__module__dropout': 0.1, 'model__module__nhead': 4, 'model__module__num_layers': 2, 'model__module__patch_size': 32, 'model__optimizer__weight_decay': 0.0001}",0.5491949910554561,0.8567901234567901,0.7542186353631695,0.45616883116883117,0.8986936816848841,0.7030132525458261,0.17271501008166437,5,0.7449952424485531,0.7552374226958549,0.8973145753159633,0.42247191011235957,0.8364998501648186,0.7313038001475098,0.16417259003532078
218,4.40147385597229,3.293535713288014,0.029757165908813478,0.004059678550049555,128,10,0.0001,500,128,128,0.1,4,3,16,0.0001,"{'model__batch_size': 128, 'model__callbacks__early_stopping__patience': 10, 'model__lr': 0.0001, 'model__max_epochs': 500, 'model__module__d_model': 128, 'model__module__dim_feedforward': 128, 'model__module__dropout': 0.1, 'model__module__nhead': 4, 'model__module__num_layers': 3, 'model__module__patch_size': 16, 'model__optimizer__weight_decay': 0.0001}",0.43434343434343436,0.7651821862348178,0.7351778656126482,0.4369747899159664,0.8986936816848841,0.6540743915583501,0.18664149765548846,87,0.4236559139784946,0.7249461439034899,0.947430862379316,0.4198645598194131,0.9355908500649286,0.6902976660291283,0.23311740934111377
219,1.613277053833008,0.8445845874704367,0.02753481864929199,0.002469057015529724,128,10,0.0001,500,128,128,0.1,4,3,32,0.0001,"{'model__batch_size': 128, 'model__callbacks__early_stopping__patience': 10, 'model__lr': 0.0001, 'model__max_epochs': 500, 'model__module__d_model': 128, 'model__module__dim_feedforward': 128, 'model__module__dropout': 0.1, 'model__module__nhead': 4, 'model__module__num_layers': 3, 'model__module__patch_size': 32, 'model__optimizer__weight_decay': 0.0001}",0.5246179966044142,0.8261738261738262,0.620242914979757,0.4369747899159664,0.7694641051567239,0.6354947265661376,0.14576882086262893,158,0.5593423019431988,0.7519248704101329,0.7333211255569798,0.511463133640553,0.7891668690794267,0.6690436601260583,0.11162121950977241
220,3.8738161087036134,2.28051229752365,0.028330898284912108,0.0038407450332090956,128,10,0.0001,500,128,128,0.25,4,2,16,0.0001,"{'model__batch_size': 128, 'model__callbacks__early_stopping__patience': 10, 'model__lr': 0.0001, 'model__max_epochs': 500, 'model__module__d_model': 128, 'model__module__dim_feedforward': 128, 'model__module__dropout': 0.25, 'model__module__nhead': 4, 'model__module__num_layers': 2, 'model__module__patch_size': 16, 'model__optimizer__weight_decay': 0.0001}",0.49090909090909096,0.8133848133848134,0.7403100775193798,0.4369747899159664,0.768009768009768,0.6499177079478038,0.1545745362722303,102,0.6066287878787879,0.8544061302681992,0.943078626799557,0.42247191011235957,0.8166816501847967,0.7286534210487401,0.18877394449536217
221,2.193421173095703,1.1924256127595527,0.026579761505126955,0.002401446818945581,128,10,0.0001,500,128,128,0.25,4,2,32,0.0001,"{'model__batch_size': 128, 'model__callbacks__early_stopping__patience': 10, 'model__lr': 0.0001, 'model__max_epochs': 500, 'model__module__d_model': 128, 'model__module__dim_feedforward': 128, 'model__module__dropout': 0.25, 'model__module__nhead': 4, 'model__module__num_layers': 2, 'model__module__patch_size': 32, 'model__optimizer__weight_decay': 0.0001}",0.4166666666666667,0.8214163530619227,0.682147315855181,0.4369747899159664,0.8754098360655738,0.6465229923130622,0.19025790226551292,114,0.5176209730011738,0.7503909915545824,0.877092300334768,0.42247191011235957,0.8322590912707886,0.6799670532547344,0.17870129125482895
222,2.806050205230713,2.5003553040554647,0.028784990310668945,0.004096043812085064,128,10,0.0001,500,128,128,0.25,4,3,16,0.0001,"{'model__batch_size': 128, 'model__callbacks__early_stopping__patience': 10, 'model__lr': 0.0001, 'model__max_epochs': 500, 'model__module__d_model': 128, 'model__module__dim_feedforward': 128, 'model__module__dropout': 0.25, 'model__module__nhead': 4, 'model__module__num_layers': 3, 'model__module__patch_size': 16, 'model__optimizer__weight_decay': 0.0001}",0.43434343434343436,0.7842261904761905,0.6532091097308489,0.4369747899159664,0.8248847926267281,0.6267276634186337,0.16600671400847505,191,0.4236559139784946,0.5729438083958416,0.7335683184739789,0.4377091377091377,0.9397619625941219,0.6215278282303149,0.1944885848301636
223,2.2769045352935793,1.3808236775686866,0.027534055709838866,0.004028998434361905,128,10,0.0001,500,128,128,0.25,4,3,32,0.0001,"{'model__batch_size': 128, 'model__callbacks__early_stopping__patience': 10, 'model__lr': 0.0001, 'model__max_epochs': 500, 'model__module__d_model': 128, 'model__module__dim_feedforward': 128, 'model__module__dropout': 0.25, 'model__module__nhead': 4, 'model__module__num_layers': 3, 'model__module__patch_size': 32, 'model__optimizer__weight_decay': 0.0001}",0.42857142857142855,0.8388888888888889,0.715605493133583,0.4273504273504274,0.7694641051567239,0.6359760686202104,0.17428416834875535,156,0.4236559139784946,0.7593278759155536,0.8948617247586319,0.45085470085470086,0.7648222973530139,0.658704502572079,0.18740632982738192
224,2.1502214431762696,1.043128947181766,0.02822084426879883,0.00275663932501026,128,10,0.0001,500,128,256,0.1,4,2,16,0.0001,"{'model__batch_size': 128, 'model__callbacks__early_stopping__patience': 10, 'model__lr': 0.0001, 'model__max_epochs': 500, 'model__module__d_model': 128, 'model__module__dim_feedforward': 256, 'model__module__dropout': 0.1, 'model__module__nhead': 4, 'model__module__num_layers': 2, 'model__module__patch_size': 16, 'model__optimizer__weight_decay': 0.0001}",0.422680412371134,0.7180555555555556,0.5270588235294118,0.4369747899159664,0.7694641051567239,0.5748467373057584,0.14340964717758725,283,0.49607822069410124,0.6883600192965933,0.7313064570090331,0.42247191011235957,0.7749368686868687,0.6226306951597913,0.13813544352157214
225,2.0943125247955323,1.2507011420545404,0.02727203369140625,0.0028509059023676675,128,10,0.0001,500,128,256,0.1,4,2,32,0.0001,"{'model__batch_size': 128, 'model__callbacks__early_stopping__patience': 10, 'model__lr': 0.0001, 'model__max_epochs': 500, 'model__module__d_model': 128, 'model__module__dim_feedforward': 256, 'model__module__dropout': 0.1, 'model__module__nhead': 4, 'model__module__num_layers': 2, 'model__module__patch_size': 32, 'model__optimizer__weight_decay': 0.0001}",0.5604395604395604,0.7410714285714286,0.6689723320158103,0.4369747899159664,0.8020833333333333,0.6419082888552199,0.1302741173689461,138,0.547789103853177,0.6959432663820655,0.9412180566818455,0.4577253410205355,0.7831771140434703,0.6851705763962188,0.17081372809288264
226,4.093925952911377,3.012066247160311,0.02967724800109863,0.0031426051024421335,128,10,0.0001,500,128,256,0.1,4,3,16,0.0001,"{'model__batch_size': 128, 'model__callbacks__early_stopping__patience': 10, 'model__lr': 0.0001, 'model__max_epochs': 500, 'model__module__d_model': 128, 'model__module__dim_feedforward': 256, 'model__module__dropout': 0.1, 'model__module__nhead': 4, 'model__module__num_layers': 3, 'model__module__patch_size': 16, 'model__optimizer__weight_decay': 0.0001}",0.6339869281045751,0.7340388007054673,0.7542186353631695,0.48659003831417624,0.808242220353238,0.6834153245681251,0.11343805248065743,15,0.6327904791731913,0.6689071446353,0.9412180566818455,0.518659324071227,0.9402889245585875,0.7403727858240303,0.17096399331422227
227,2.24365234375,1.6312696524718364,0.02753162384033203,0.0025748365397313205,128,10,0.0001,500,128,256,0.1,4,3,32,0.0001,"{'model__batch_size': 128, 'model__callbacks__early_stopping__patience': 10, 'model__lr': 0.0001, 'model__max_epochs': 500, 'model__module__d_model': 128, 'model__module__dim_feedforward': 256, 'model__module__dropout': 0.1, 'model__module__nhead': 4, 'model__module__num_layers': 3, 'model__module__patch_size': 32, 'model__optimizer__weight_decay': 0.0001}",0.5604395604395604,0.7919655667144907,0.682147315855181,0.4369747899159664,0.8324409448818897,0.6607936355614176,0.14648595157290564,58,0.5013845621322257,0.7478672985781991,0.9529390221571141,0.41723356009070295,0.8033466848301243,0.6845542255576733,0.19756622000034227
228,2.1702783584594725,1.0097703233754123,0.029069232940673827,0.0034299685235668403,128,10,0.0001,500,128,256,0.25,4,2,16,0.0001,"{'model__batch_size': 128, 'model__callbacks__early_stopping__patience': 10, 'model__lr': 0.0001, 'model__max_epochs': 500, 'model__module__d_model': 128, 'model__module__dim_feedforward': 256, 'model__module__dropout': 0.25, 'model__module__nhead': 4, 'model__module__num_layers': 2, 'model__module__patch_size': 16, 'model__optimizer__weight_decay': 0.0001}",0.43434343434343436,0.7503586800573888,0.5821995464852607,0.4369747899159664,0.7694641051567239,0.5946681111917548,0.14527205059973078,267,0.4236559139784946,0.6835327874588845,0.7243707021639013,0.42247191011235957,0.7749368686868687,0.6057936364801018,0.15198311381134166
229,2.2545098781585695,1.3496526525527495,0.03096308708190918,0.009416985752475843,128,10,0.0001,500,128,256,0.25,4,2,32,0.0001,"{'model__batch_size': 128, 'model__callbacks__early_stopping__patience': 10, 'model__lr': 0.0001, 'model__max_epochs': 500, 'model__module__d_model': 128, 'model__module__dim_feedforward': 256, 'model__module__dropout': 0.25, 'model__module__nhead': 4, 'model__module__num_layers': 2, 'model__module__patch_size': 32, 'model__optimizer__weight_decay': 0.0001}",0.5714285714285714,0.7410714285714286,0.6689723320158103,0.4369747899159664,0.8248847926267281,0.648666382911701,0.13474640033979637,104,0.6646323854994898,0.7005811950104524,0.9255996691480562,0.42247191011235957,0.8294527949700363,0.7085475909480788,0.1706229626456928
230,4.263736248016357,3.603204256298828,0.030167436599731444,0.003713076171505214,128,10,0.0001,500,128,256,0.25,4,3,16,0.0001,"{'model__batch_size': 128, 'model__callbacks__early_stopping__patience': 10, 'model__lr': 0.0001, 'model__max_epochs': 500, 'model__module__d_model': 128, 'model__module__dim_feedforward': 256, 'model__module__dropout': 0.25, 'model__module__nhead': 4, 'model__module__num_layers': 3, 'model__module__patch_size': 16, 'model__optimizer__weight_decay': 0.0001}",0.6510178645616951,0.6671449067431852,0.7351778656126482,0.4369747899159664,0.833879781420765,0.664839041650852,0.1308745819683419,48,0.6849941230246832,0.5884546123215055,0.9579446899034527,0.43319976392383436,0.9407973263308665,0.7210781031008685,0.20305038738809128
231,2.2255831718444825,1.5263713353968047,0.030341339111328126,0.005351252095425502,128,10,0.0001,500,128,256,0.25,4,3,32,0.0001,"{'model__batch_size': 128, 'model__callbacks__early_stopping__patience': 10, 'model__lr': 0.0001, 'model__max_epochs': 500, 'model__module__d_model': 128, 'model__module__dim_feedforward': 256, 'model__module__dropout': 0.25, 'model__module__nhead': 4, 'model__module__num_layers': 3, 'model__module__patch_size': 32, 'model__optimizer__weight_decay': 0.0001}",0.49090909090909096,0.7583333333333333,0.715605493133583,0.4369747899159664,0.7526041666666667,0.6308853747917281,0.13815253878248338,176,0.6236946028960071,0.7128023707243114,0.9179874481438145,0.42247191011235957,0.7891668690794267,0.6932246401911838,0.16628168004144547
232,1.9393713474273682,1.0399792050288956,0.028758955001831055,0.0031696446012834047,128,10,0.0001,500,128,384,0.1,4,2,16,0.0001,"{'model__batch_size': 128, 'model__callbacks__early_stopping__patience': 10, 'model__lr': 0.0001, 'model__max_epochs': 500, 'model__module__d_model': 128, 'model__module__dim_feedforward': 384, 'model__module__dropout': 0.1, 'model__module__nhead': 4, 'model__module__num_layers': 2, 'model__module__patch_size': 16, 'model__optimizer__weight_decay': 0.0001}",0.42857142857142855,0.7578747628083491,0.5442176870748299,0.4369747899159664,0.768009768009768,0.5871296872760684,0.14926495823916291,272,0.41739130434782606,0.5818970189701896,0.7153931339977851,0.45956500841143955,0.8170239204721963,0.5982540772398874,0.1508610995001459
233,1.9181523323059082,0.9607663733485107,0.02717928886413574,0.003447699530903675,128,10,0.0001,500,128,384,0.1,4,2,32,0.0001,"{'model__batch_size': 128, 'model__callbacks__early_stopping__patience': 10, 'model__lr': 0.0001, 'model__max_epochs': 500, 'model__module__d_model': 128, 'model__module__dim_feedforward': 384, 'model__module__dropout': 0.1, 'model__module__nhead': 4, 'model__module__num_layers': 2, 'model__module__patch_size': 32, 'model__optimizer__weight_decay': 0.0001}",0.4166666666666667,0.8567901234567901,0.7020750988142292,0.4369747899159664,0.768009768009768,0.6361032893726841,0.17790945346776812,155,0.4691629358296025,0.7367784496976361,0.9167746113989637,0.45589273112208895,0.8208667736757624,0.6798951003448108,0.1864434163231494
234,2.5858015060424804,2.1678545548755794,0.03213281631469726,0.0018022976946747734,128,10,0.0001,500,128,384,0.1,4,3,16,0.0001,"{'model__batch_size': 128, 'model__callbacks__early_stopping__patience': 10, 'model__lr': 0.0001, 'model__max_epochs': 500, 'model__module__d_model': 128, 'model__module__dim_feedforward': 384, 'model__module__dropout': 0.1, 'model__module__nhead': 4, 'model__module__num_layers': 3, 'model__module__patch_size': 16, 'model__optimizer__weight_decay': 0.0001}",0.6287878787878788,0.5156043956043956,0.6231352408901931,0.4369747899159664,0.8144078144078144,0.6037820239212497,0.12725015587796093,249,0.5899883728046019,0.4621088107847857,0.7325393154486587,0.42247191011235957,0.9066542522633174,0.6227525322827446,0.17868718330413433
235,1.521570634841919,0.6540240511915858,0.028275012969970703,0.0028632733594088017,128,10,0.0001,500,128,384,0.1,4,3,32,0.0001,"{'model__batch_size': 128, 'model__callbacks__early_stopping__patience': 10, 'model__lr': 0.0001, 'model__max_epochs': 500, 'model__module__d_model': 128, 'model__module__dim_feedforward': 384, 'model__module__dropout': 0.1, 'model__module__nhead': 4, 'model__module__num_layers': 3, 'model__module__patch_size': 32, 'model__optimizer__weight_decay': 0.0001}",0.5851851851851853,0.8043184885290149,0.5592105263157895,0.4369747899159664,0.7694641051567239,0.631030619020536,0.1371933745716152,174,0.6537738803632946,0.7367784496976361,0.7360918151615825,0.42247191011235957,0.79136144454704,0.6680954999763825,0.13043879502518063
236,3.269847774505615,2.4592042571899615,0.02989792823791504,0.004168500509710628,128,10,0.0001,500,128,384,0.25,4,2,16,0.0001,"{'model__batch_size': 128, 'model__callbacks__early_stopping__patience': 10, 'model__lr': 0.0001, 'model__max_epochs': 500, 'model__module__d_model': 128, 'model__module__dim_feedforward': 384, 'model__module__dropout': 0.25, 'model__module__nhead': 4, 'model__module__num_layers': 2, 'model__module__patch_size': 16, 'model__optimizer__weight_decay': 0.0001}",0.43434343434343436,0.8094194961664841,0.7542186353631695,0.4369747899159664,0.8423703703703703,0.6554653452318849,0.1816703627788436,77,0.4199134199134199,0.6658845834814552,0.9111070418523266,0.42247191011235957,0.8501452156793949,0.6539044342077913,0.20645578589521052
237,1.9711974143981934,1.1281227488695544,0.027083396911621094,0.0033982190984539634,128,10,0.0001,500,128,384,0.25,4,2,32,0.0001,"{'model__batch_size': 128, 'model__callbacks__early_stopping__patience': 10, 'model__lr': 0.0001, 'model__max_epochs': 500, 'model__module__d_model': 128, 'model__module__dim_feedforward': 384, 'model__module__dropout': 0.25, 'model__module__nhead': 4, 'model__module__num_layers': 2, 'model__module__patch_size': 32, 'model__optimizer__weight_decay': 0.0001}",0.5366430260047281,0.7749559082892417,0.7078488372093024,0.4369747899159664,0.768009768009768,0.6448864658858013,0.13489668258159873,124,0.5641641787422025,0.7211553473848555,0.9053755522827688,0.4377091377091377,0.8182214386180392,0.6893251309474008,0.1692814681995396
238,2.5675487995147703,2.064864683385182,0.030814552307128908,0.0030601992705115433,128,10,0.0001,500,128,384,0.25,4,3,16,0.0001,"{'model__batch_size': 128, 'model__callbacks__early_stopping__patience': 10, 'model__lr': 0.0001, 'model__max_epochs': 500, 'model__module__d_model': 128, 'model__module__dim_feedforward': 384, 'model__module__dropout': 0.25, 'model__module__nhead': 4, 'model__module__num_layers': 3, 'model__module__patch_size': 16, 'model__optimizer__weight_decay': 0.0001}",0.6190476190476191,0.6547619047619048,0.6185300207039337,0.4369747899159664,0.8144078144078144,0.6287444297674476,0.12010142252331882,184,0.560178443473638,0.6123579131448558,0.7251336898395722,0.42247191011235957,0.8650625717913065,0.6370409056723464,0.14987405440100807
239,2.142960548400879,1.1547833274714503,0.029567718505859375,0.004887642492510633,128,10,0.0001,500,128,384,0.25,4,3,32,0.0001,"{'model__batch_size': 128, 'model__callbacks__early_stopping__patience': 10, 'model__lr': 0.0001, 'model__max_epochs': 500, 'model__module__d_model': 128, 'model__module__dim_feedforward': 384, 'model__module__dropout': 0.25, 'model__module__nhead': 4, 'model__module__num_layers': 3, 'model__module__patch_size': 32, 'model__optimizer__weight_decay': 0.0001}",0.5491949910554561,0.6379525593008739,0.7214477867449254,0.4369747899159664,0.7874125874125875,0.6265965428859619,0.12404428819803223,193,0.7663303617502091,0.4538647342995169,0.8995784061696658,0.42247191011235957,0.7602353930222783,0.660496161070806,0.18849997502339205
240,1.950046443939209,1.1380967454719244,0.028609418869018556,0.0022411227712925493,128,10,0.0002,500,96,128,0.1,4,2,16,0.0001,"{'model__batch_size': 128, 'model__callbacks__early_stopping__patience': 10, 'model__lr': 0.0002, 'model__max_epochs': 500, 'model__module__d_model': 96, 'model__module__dim_feedforward': 128, 'model__module__dropout': 0.1, 'model__module__nhead': 4, 'model__module__num_layers': 2, 'model__module__patch_size': 16, 'model__optimizer__weight_decay': 0.0001}",0.5474747474747474,0.4390715667311412,0.7351778656126482,0.4369747899159664,0.7526041666666667,0.5822606272802341,0.13800126247489147,280,0.6568501920614597,0.47730730223123735,0.9043424317617866,0.42247191011235957,0.7156929347826086,0.6353329541898903,0.1729559179633482
241,1.3754977226257323,0.776973595639667,0.026456451416015624,0.0030661078319257247,128,10,0.0002,500,96,128,0.1,4,2,32,0.0001,"{'model__batch_size': 128, 'model__callbacks__early_stopping__patience': 10, 'model__lr': 0.0002, 'model__max_epochs': 500, 'model__module__d_model': 96, 'model__module__dim_feedforward': 128, 'model__module__dropout': 0.1, 'model__module__nhead': 4, 'model__module__num_layers': 2, 'model__module__patch_size': 32, 'model__optimizer__weight_decay': 0.0001}",0.43434343434343436,0.7919655667144907,0.7078488372093024,0.4322033898305085,0.7366929133858269,0.6206108282967125,0.15533246407331397,209,0.45985891837420223,0.7128023707243114,0.9111070418523266,0.4458010630220198,0.7690875232774674,0.6597313834500655,0.18093103710493247
242,1.776291561126709,0.5860107370007552,0.028806209564208984,0.003679282270354121,128,10,0.0002,500,96,128,0.1,4,3,16,0.0001,"{'model__batch_size': 128, 'model__callbacks__early_stopping__patience': 10, 'model__lr': 0.0002, 'model__max_epochs': 500, 'model__module__d_model': 96, 'model__module__dim_feedforward': 128, 'model__module__dropout': 0.1, 'model__module__nhead': 4, 'model__module__num_layers': 3, 'model__module__patch_size': 16, 'model__optimizer__weight_decay': 0.0001}",0.5492260061919505,0.7420458433116661,0.5838509316770186,0.4369747899159664,0.7366929133858269,0.6097580968964857,0.11644902908542004,238,0.44325956291720914,0.7057713579282973,0.7116916699941056,0.42247191011235957,0.7993063583815029,0.6165001718666948,0.1536932937725458
243,1.4475769519805908,0.8333842783043526,0.027153491973876953,0.0026911623189848394,128,10,0.0002,500,96,128,0.1,4,3,32,0.0001,"{'model__batch_size': 128, 'model__callbacks__early_stopping__patience': 10, 'model__lr': 0.0002, 'model__max_epochs': 500, 'model__module__d_model': 96, 'model__module__dim_feedforward': 128, 'model__module__dropout': 0.1, 'model__module__nhead': 4, 'model__module__num_layers': 3, 'model__module__patch_size': 32, 'model__optimizer__weight_decay': 0.0001}",0.4895833333333333,0.7919655667144907,0.6954545454545455,0.47105263157894733,0.7366929133858269,0.6369497980934288,0.13163595848142814,151,0.4148471615720524,0.71706610541562,0.9158893798069057,0.4441240086517664,0.7669934640522875,0.6517840238997263,0.19315711892065396
244,1.6516592025756835,0.40463845950428995,0.027430200576782228,0.0027421959593902246,128,10,0.0002,500,96,128,0.25,4,2,16,0.0001,"{'model__batch_size': 128, 'model__callbacks__early_stopping__patience': 10, 'model__lr': 0.0002, 'model__max_epochs': 500, 'model__module__d_model': 96, 'model__module__dim_feedforward': 128, 'model__module__dropout': 0.25, 'model__module__nhead': 4, 'model__module__num_layers': 2, 'model__module__patch_size': 16, 'model__optimizer__weight_decay': 0.0001}",0.5714285714285714,0.6671449067431852,0.6201814058956916,0.4369747899159664,0.7874125874125875,0.6166284522792005,0.11493495908008645,223,0.7512437810945274,0.6188735177865612,0.7056128293241695,0.42247191011235957,0.7341469448338418,0.6464697966302919,0.12091267611327573
245,1.6907693862915039,1.001694105955391,0.026810741424560545,0.002958236243453241,128,10,0.0002,500,96,128,0.25,4,2,32,0.0001,"{'model__batch_size': 128, 'model__callbacks__early_stopping__patience': 10, 'model__lr': 0.0002, 'model__max_epochs': 500, 'model__module__d_model': 96, 'model__module__dim_feedforward': 128, 'model__module__dropout': 0.25, 'model__module__nhead': 4, 'model__module__num_layers': 2, 'model__module__patch_size': 32, 'model__optimizer__weight_decay': 0.0001}",0.42857142857142855,0.8335724533715925,0.715605493133583,0.4369747899159664,0.8581711543588376,0.6545790638702816,0.18742660916735443,83,0.43272311212814646,0.7448868071818892,0.9412180566818455,0.42247191011235957,0.8058708414872798,0.6694341455183042,0.20745940787139033
246,1.584621047973633,0.602365518644581,0.02886176109313965,0.003406053708907305,128,10,0.0002,500,96,128,0.25,4,3,16,0.0001,"{'model__batch_size': 128, 'model__callbacks__early_stopping__patience': 10, 'model__lr': 0.0002, 'model__max_epochs': 500, 'model__module__d_model': 96, 'model__module__dim_feedforward': 128, 'model__module__dropout': 0.25, 'model__module__nhead': 4, 'model__module__num_layers': 3, 'model__module__patch_size': 16, 'model__optimizer__weight_decay': 0.0001}",0.49965635738831615,0.6400146038700256,0.5723404255319149,0.4947209653092006,0.7366929133858269,0.5886850530970568,0.09117406955210625,270,0.43128766658178425,0.5776276810048584,0.6839996826907822,0.4904470079307858,0.7857759861790958,0.5938276048774613,0.12833113542798635
247,1.6600226879119873,0.930002395339369,0.028627395629882812,0.004003927549972082,128,10,0.0002,500,96,128,0.25,4,3,32,0.0001,"{'model__batch_size': 128, 'model__callbacks__early_stopping__patience': 10, 'model__lr': 0.0002, 'model__max_epochs': 500, 'model__module__d_model': 96, 'model__module__dim_feedforward': 128, 'model__module__dropout': 0.25, 'model__module__nhead': 4, 'model__module__num_layers': 3, 'model__module__patch_size': 32, 'model__optimizer__weight_decay': 0.0001}",0.42857142857142855,0.7919655667144907,0.682147315855181,0.4369747899159664,0.7526041666666667,0.6184526535447468,0.15565954137220506,217,0.41865509761388287,0.71706610541562,0.8995784061696658,0.42247191011235957,0.7690920977039957,0.6453727234031048,0.1929521226427878
248,2.1879715442657472,1.2471410388905808,0.02862520217895508,0.0037667585099476083,128,10,0.0002,500,96,256,0.1,4,2,16,0.0001,"{'model__batch_size': 128, 'model__callbacks__early_stopping__patience': 10, 'model__lr': 0.0002, 'model__max_epochs': 500, 'model__module__d_model': 96, 'model__module__dim_feedforward': 256, 'model__module__dropout': 0.1, 'model__module__nhead': 4, 'model__module__num_layers': 2, 'model__module__patch_size': 16, 'model__optimizer__weight_decay': 0.0001}",0.5880022637238257,0.7651821862348178,0.726530612244898,0.4369747899159664,0.8324409448818897,0.6698261594002795,0.14118544220825188,35,0.5593423019431988,0.6863207547169812,0.9418611825192802,0.4458010630220198,0.8429023898646704,0.6952455384132301,0.1807726248349815
249,1.5196568489074707,0.8272732679079841,0.026934337615966798,0.004107429596252968,128,10,0.0002,500,96,256,0.1,4,2,32,0.0001,"{'model__batch_size': 128, 'model__callbacks__early_stopping__patience': 10, 'model__lr': 0.0002, 'model__max_epochs': 500, 'model__module__d_model': 96, 'model__module__dim_feedforward': 256, 'model__module__dropout': 0.1, 'model__module__nhead': 4, 'model__module__num_layers': 2, 'model__module__patch_size': 32, 'model__optimizer__weight_decay': 0.0001}",0.6137931034482759,0.861101607937051,0.7351778656126482,0.4369747899159664,0.8581711543588376,0.7010437042545559,0.16051029122155805,7,0.6642655809583464,0.74847718526663,0.9468569065343259,0.42247191011235957,0.8235162556167781,0.721117567697688,0.17584860889427353
250,2.3444763660430907,1.9820675952775755,0.02961554527282715,0.0033996108274020284,128,10,0.0002,500,96,256,0.1,4,3,16,0.0001,"{'model__batch_size': 128, 'model__callbacks__early_stopping__patience': 10, 'model__lr': 0.0002, 'model__max_epochs': 500, 'model__module__d_model': 96, 'model__module__dim_feedforward': 256, 'model__module__dropout': 0.1, 'model__module__nhead': 4, 'model__module__num_layers': 3, 'model__module__patch_size': 16, 'model__optimizer__weight_decay': 0.0001}",0.43434343434343436,0.6979166666666667,0.5706324881582614,0.42735042735042733,0.8608058608058609,0.5982097754649301,0.16474451101954815,261,0.4236559139784946,0.6154411951200953,0.7333211255569798,0.4690237159901062,0.9701444622792937,0.642317282584994,0.19713859977358753
251,1.5929012775421143,0.7037307155169148,0.02754521369934082,0.0027113651784424057,128,10,0.0002,500,96,256,0.1,4,3,32,0.0001,"{'model__batch_size': 128, 'model__callbacks__early_stopping__patience': 10, 'model__lr': 0.0002, 'model__max_epochs': 500, 'model__module__d_model': 96, 'model__module__dim_feedforward': 256, 'model__module__dropout': 0.1, 'model__module__nhead': 4, 'model__module__num_layers': 3, 'model__module__patch_size': 32, 'model__optimizer__weight_decay': 0.0001}",0.6652873563218391,0.861101607937051,0.7292929292929293,0.4369747899159664,0.7973333333333333,0.6979980033602239,0.14604983422269965,9,0.6134615384615385,0.7288481141692151,0.918932559459971,0.42247191011235957,0.7807250221043325,0.6928878288614834,0.1670557030377395
252,1.6910012722015382,0.7499997183118634,0.027773952484130858,0.0024649714927138036,128,10,0.0002,500,96,256,0.25,4,2,16,0.0001,"{'model__batch_size': 128, 'model__callbacks__early_stopping__patience': 10, 'model__lr': 0.0002, 'model__max_epochs': 500, 'model__module__d_model': 96, 'model__module__dim_feedforward': 256, 'model__module__dropout': 0.25, 'model__module__nhead': 4, 'model__module__num_layers': 2, 'model__module__patch_size': 16, 'model__optimizer__weight_decay': 0.0001}",0.4895833333333333,0.7651821862348178,0.7089189879887554,0.4369747899159664,0.7874125874125875,0.6376143769770921,0.14557941553553272,148,0.5248737509401525,0.6826946016873794,0.7399206606217616,0.42247191011235957,0.782923529879844,0.6305768906482994,0.13591368657286343
253,1.1435558795928955,0.46966793494302844,0.026972627639770506,0.0029174630385478224,128,10,0.0002,500,96,256,0.25,4,2,32,0.0001,"{'model__batch_size': 128, 'model__callbacks__early_stopping__patience': 10, 'model__lr': 0.0002, 'model__max_epochs': 500, 'model__module__d_model': 96, 'model__module__dim_feedforward': 256, 'model__module__dropout': 0.25, 'model__module__nhead': 4, 'model__module__num_layers': 2, 'model__module__patch_size': 32, 'model__optimizer__weight_decay': 0.0001}",0.5349291646311676,0.8388888888888889,0.5491718426501035,0.4369747899159664,0.8581711543588376,0.6436271680889928,0.1718129980637922,131,0.6512651037901477,0.7525910178049429,0.7263257759104726,0.42247191011235957,0.8067725501947858,0.6718852715625417,0.13439046105721453
254,2.8704020977020264,2.0201589205394264,0.029023265838623045,0.002975969174619751,128,10,0.0002,500,96,256,0.25,4,3,16,0.0001,"{'model__batch_size': 128, 'model__callbacks__early_stopping__patience': 10, 'model__lr': 0.0002, 'model__max_epochs': 500, 'model__module__d_model': 96, 'model__module__dim_feedforward': 256, 'model__module__dropout': 0.25, 'model__module__nhead': 4, 'model__module__num_layers': 3, 'model__module__patch_size': 16, 'model__optimizer__weight_decay': 0.0001}",0.47044917257683216,0.8473684210526315,0.6079787234042553,0.4369747899159664,0.7366929133858269,0.6198928040671025,0.15577019360060437,212,0.6446969696969697,0.9327695149217459,0.7349674758051721,0.42247191011235957,0.8083955704352306,0.7086602881942955,0.17138216593940458
255,1.4602226257324218,0.9080251197870285,0.027460384368896484,0.003153880683974534,128,10,0.0002,500,96,256,0.25,4,3,32,0.0001,"{'model__batch_size': 128, 'model__callbacks__early_stopping__patience': 10, 'model__lr': 0.0002, 'model__max_epochs': 500, 'model__module__d_model': 96, 'model__module__dim_feedforward': 256, 'model__module__dropout': 0.25, 'model__module__nhead': 4, 'model__module__num_layers': 3, 'model__module__patch_size': 32, 'model__optimizer__weight_decay': 0.0001}",0.43434343434343436,0.7302325581395348,0.6532091097308489,0.4322033898305085,0.768009768009768,0.6035996520108189,0.14391109989234205,250,0.4236559139784946,0.4984372982048302,0.9149710504549214,0.477025499309132,0.7631893053234662,0.6154558134541689,0.1903565328744169
256,1.3903371334075927,0.535322979133897,0.028160858154296874,0.003065310382890667,128,10,0.0002,500,96,384,0.1,4,2,16,0.0001,"{'model__batch_size': 128, 'model__callbacks__early_stopping__patience': 10, 'model__lr': 0.0002, 'model__max_epochs': 500, 'model__module__d_model': 96, 'model__module__dim_feedforward': 384, 'model__module__dropout': 0.1, 'model__module__nhead': 4, 'model__module__num_layers': 2, 'model__module__patch_size': 16, 'model__optimizer__weight_decay': 0.0001}",0.5491949910554561,0.7420458433116661,0.5479082321187584,0.4369747899159664,0.7366929133858269,0.6025633539575349,0.11891260706271742,253,0.6354541465555068,0.690564411891426,0.7163739859435807,0.42247191011235957,0.7592662295211869,0.644826136804812,0.11818363310919738
257,1.5043516635894776,0.8617236972146015,0.026907968521118163,0.002577603432246964,128,10,0.0002,500,96,384,0.1,4,2,32,0.0001,"{'model__batch_size': 128, 'model__callbacks__early_stopping__patience': 10, 'model__lr': 0.0002, 'model__max_epochs': 500, 'model__module__d_model': 96, 'model__module__dim_feedforward': 384, 'model__module__dropout': 0.1, 'model__module__nhead': 4, 'model__module__num_layers': 2, 'model__module__patch_size': 32, 'model__optimizer__weight_decay': 0.0001}",0.4166666666666667,0.8094194961664841,0.6954545454545455,0.4369747899159664,0.7366929133858269,0.619041682317898,0.1612627980031593,215,0.48754521963824293,0.7251078360891445,0.9405505436039787,0.42247191011235957,0.7968634502047748,0.6745077919297001,0.19328068007980997
258,2.044201469421387,1.60483677963705,0.030518245697021485,0.004017875929970982,128,10,0.0002,500,96,384,0.1,4,3,16,0.0001,"{'model__batch_size': 128, 'model__callbacks__early_stopping__patience': 10, 'model__lr': 0.0002, 'model__max_epochs': 500, 'model__module__d_model': 96, 'model__module__dim_feedforward': 384, 'model__module__dropout': 0.1, 'model__module__nhead': 4, 'model__module__num_layers': 3, 'model__module__patch_size': 16, 'model__optimizer__weight_decay': 0.0001}",0.5238095238095237,0.6979166666666667,0.5165945165945166,0.4369747899159664,0.8986936816848841,0.6147978357343116,0.16555928957606747,226,0.7257860326379134,0.567479674796748,0.7182747692982281,0.43319976392383436,0.9088640891244222,0.6707208659562293,0.1606740542268038
259,1.181689739227295,0.7703688443209972,0.027365684509277344,0.0029908094162423467,128,10,0.0002,500,96,384,0.1,4,3,32,0.0001,"{'model__batch_size': 128, 'model__callbacks__early_stopping__patience': 10, 'model__lr': 0.0002, 'model__max_epochs': 500, 'model__module__d_model': 96, 'model__module__dim_feedforward': 384, 'model__module__dropout': 0.1, 'model__module__nhead': 4, 'model__module__num_layers': 3, 'model__module__patch_size': 32, 'model__optimizer__weight_decay': 0.0001}",0.5896433805569126,0.8094194961664841,0.49042748492001054,0.4369747899159664,0.88125,0.6415430303118748,0.17493975293645758,139,0.6043229197425146,0.6024980483996878,0.7262125035043454,0.4458010630220198,0.8598132662807243,0.6477295601898584,0.13845159070429847
260,1.423387622833252,0.5548780014116576,0.02914705276489258,0.0031155969101050018,128,10,0.0002,500,96,384,0.25,4,2,16,0.0001,"{'model__batch_size': 128, 'model__callbacks__early_stopping__patience': 10, 'model__lr': 0.0002, 'model__max_epochs': 500, 'model__module__d_model': 96, 'model__module__dim_feedforward': 384, 'model__module__dropout': 0.25, 'model__module__nhead': 4, 'model__module__num_layers': 2, 'model__module__patch_size': 16, 'model__optimizer__weight_decay': 0.0001}",0.4593103448275862,0.7180555555555556,0.5840755735492578,0.4369747899159664,0.7366929133858269,0.5870218354468386,0.1252232315066597,273,0.625944170771757,0.6618266978922717,0.7360918151615825,0.42247191011235957,0.7631327602674307,0.6418934708410804,0.12030779559058806
261,1.4333571910858154,0.704478441636229,0.027163887023925783,0.00254576992788423,128,10,0.0002,500,96,384,0.25,4,2,32,0.0001,"{'model__batch_size': 128, 'model__callbacks__early_stopping__patience': 10, 'model__lr': 0.0002, 'model__max_epochs': 500, 'model__module__d_model': 96, 'model__module__dim_feedforward': 384, 'model__module__dropout': 0.25, 'model__module__nhead': 4, 'model__module__num_layers': 2, 'model__module__patch_size': 32, 'model__optimizer__weight_decay': 0.0001}",0.43434343434343436,0.8335724533715925,0.6886769381266813,0.4369747899159664,0.768009768009768,0.6323154767534884,0.16699990368577408,166,0.4512694512694513,0.74847718526663,0.9271777849740932,0.42247191011235957,0.795297053460025,0.6689386770165118,0.1985477320426162
262,1.6546754837036133,0.7134887817471351,0.030138254165649414,0.0035648583280754034,128,10,0.0002,500,96,384,0.25,4,3,16,0.0001,"{'model__batch_size': 128, 'model__callbacks__early_stopping__patience': 10, 'model__lr': 0.0002, 'model__max_epochs': 500, 'model__module__d_model': 96, 'model__module__dim_feedforward': 384, 'model__module__dropout': 0.25, 'model__module__nhead': 4, 'model__module__num_layers': 3, 'model__module__patch_size': 16, 'model__optimizer__weight_decay': 0.0001}",0.5622988505747126,0.6979166666666667,0.5723404255319149,0.4369747899159664,0.7366929133858269,0.6012447292150176,0.10679749742162443,257,0.6779549923530697,0.5192590082457924,0.7263257759104726,0.42247191011235957,0.7849170437405733,0.6261857460724535,0.1347860226578819
263,1.0000946998596192,0.37481026171728343,0.02780461311340332,0.003235037019203769,128,10,0.0002,500,96,384,0.25,4,3,32,0.0001,"{'model__batch_size': 128, 'model__callbacks__early_stopping__patience': 10, 'model__lr': 0.0002, 'model__max_epochs': 500, 'model__module__d_model': 96, 'model__module__dim_feedforward': 384, 'model__module__dropout': 0.25, 'model__module__nhead': 4, 'model__module__num_layers': 3, 'model__module__patch_size': 32, 'model__optimizer__weight_decay': 0.0001}",0.5604395604395604,0.8094194961664841,0.4394062078272605,0.4369747899159664,0.7973333333333333,0.608714677536521,0.16513621975921594,240,0.5613354559519272,0.5875968992248062,0.6964704060097968,0.42247191011235957,0.7913096695226438,0.6118368681643067,0.12519614868142026
264,1.478059720993042,0.5763362479372063,0.02782783508300781,0.003479900309979238,128,10,0.0002,500,128,128,0.1,4,2,16,0.0001,"{'model__batch_size': 128, 'model__callbacks__early_stopping__patience': 10, 'model__lr': 0.0002, 'model__max_epochs': 500, 'model__module__d_model': 128, 'model__module__dim_feedforward': 128, 'model__module__dropout': 0.1, 'model__module__nhead': 4, 'model__module__num_layers': 2, 'model__module__patch_size': 16, 'model__optimizer__weight_decay': 0.0001}",0.43434343434343436,0.7651821862348178,0.5592105263157895,0.4369747899159664,0.8020833333333333,0.5995588540286683,0.1573562539228049,260,0.43702476404627355,0.7285714285714285,0.7109111361079865,0.4491659677569658,0.7625707625707625,0.6176488118106833,0.14353785230783023
265,1.0811989307403564,0.4055606915919226,0.025925636291503906,0.002790650626559574,128,10,0.0002,500,128,128,0.1,4,2,32,0.0001,"{'model__batch_size': 128, 'model__callbacks__early_stopping__patience': 10, 'model__lr': 0.0002, 'model__max_epochs': 500, 'model__module__d_model': 128, 'model__module__dim_feedforward': 128, 'model__module__dropout': 0.1, 'model__module__nhead': 4, 'model__module__num_layers': 2, 'model__module__patch_size': 32, 'model__optimizer__weight_decay': 0.0001}",0.42857142857142855,0.7986111111111112,0.5165945165945166,0.4947209653092006,0.7366929133858269,0.5950381869944168,0.14521441594742113,266,0.43702476404627355,0.7525910178049429,0.7257424745796839,0.5090525475436946,0.7910112359550562,0.6430844079859301,0.14221920860012074
266,2.1525150299072267,1.730265609845788,0.02943582534790039,0.004216334153068306,128,10,0.0002,500,128,128,0.1,4,3,16,0.0001,"{'model__batch_size': 128, 'model__callbacks__early_stopping__patience': 10, 'model__lr': 0.0002, 'model__max_epochs': 500, 'model__module__d_model': 128, 'model__module__dim_feedforward': 128, 'model__module__dropout': 0.1, 'model__module__nhead': 4, 'model__module__num_layers': 3, 'model__module__patch_size': 16, 'model__optimizer__weight_decay': 0.0001}",0.4895833333333333,0.7340388007054673,0.6027667984189724,0.4369747899159664,0.8324409448818897,0.6191609334511259,0.14760501392077818,214,0.43128766658178425,0.6855581576893053,0.7153931339977851,0.42247191011235957,0.9498016354951015,0.6409025007752671,0.1972875866415758
267,1.2916055202484131,0.5576152921444166,0.027209138870239256,0.0026022034473147065,128,10,0.0002,500,128,128,0.1,4,3,32,0.0001,"{'model__batch_size': 128, 'model__callbacks__early_stopping__patience': 10, 'model__lr': 0.0002, 'model__max_epochs': 500, 'model__module__d_model': 128, 'model__module__dim_feedforward': 128, 'model__module__dropout': 0.1, 'model__module__nhead': 4, 'model__module__num_layers': 3, 'model__module__patch_size': 32, 'model__optimizer__weight_decay': 0.0001}",0.5491949910554561,0.7817310981867944,0.5838509316770186,0.4369747899159664,0.8248847926267281,0.6353273206923927,0.1461358440157156,159,0.6920955882352942,0.7448868071818892,0.7127274128893,0.4525482465901504,0.8265907501748078,0.6857697610142883,0.12528717572893253
268,1.3774993419647217,0.5732009141860795,0.0276397705078125,0.002750777810576394,128,10,0.0002,500,128,128,0.25,4,2,16,0.0001,"{'model__batch_size': 128, 'model__callbacks__early_stopping__patience': 10, 'model__lr': 0.0002, 'model__max_epochs': 500, 'model__module__d_model': 128, 'model__module__dim_feedforward': 128, 'model__module__dropout': 0.25, 'model__module__nhead': 4, 'model__module__num_layers': 2, 'model__module__patch_size': 16, 'model__optimizer__weight_decay': 0.0001}",0.43434343434343436,0.6034188034188034,0.620242914979757,0.4369747899159664,0.7845669291338583,0.5759093743583639,0.13084642968200608,282,0.4236559139784946,0.49769857193437983,0.6946944528339877,0.4491659677569658,0.7545971798466232,0.5639624172700903,0.13467554693462364
269,1.0716799259185792,0.41110466071059026,0.026617145538330077,0.0028431428077583037,128,10,0.0002,500,128,128,0.25,4,2,32,0.0001,"{'model__batch_size': 128, 'model__callbacks__early_stopping__patience': 10, 'model__lr': 0.0002, 'model__max_epochs': 500, 'model__module__d_model': 128, 'model__module__dim_feedforward': 128, 'model__module__dropout': 0.25, 'model__module__nhead': 4, 'model__module__num_layers': 2, 'model__module__patch_size': 32, 'model__optimizer__weight_decay': 0.0001}",0.43434343434343436,0.7749559082892417,0.4959598774031764,0.4947209653092006,0.7366929133858269,0.5873346197461761,0.13988751418969858,271,0.4224137931034483,0.7408096377004163,0.7349503437738731,0.5090525475436946,0.782923529879844,0.6380299704002553,0.14427534361954336
270,1.722691297531128,0.8133975250879146,0.030518341064453124,0.004805178870440214,128,10,0.0002,500,128,128,0.25,4,3,16,0.0001,"{'model__batch_size': 128, 'model__callbacks__early_stopping__patience': 10, 'model__lr': 0.0002, 'model__max_epochs': 500, 'model__module__d_model': 128, 'model__module__dim_feedforward': 128, 'model__module__dropout': 0.25, 'model__module__nhead': 4, 'model__module__num_layers': 3, 'model__module__patch_size': 16, 'model__optimizer__weight_decay': 0.0001}",0.5227272727272727,0.7583333333333333,0.641043559282553,0.510551948051948,0.8508550602747407,0.6567022347339696,0.13234696122450595,72,0.5913821677162745,0.6874003189792663,0.7211915050105728,0.5338241570635937,0.8184200385356455,0.6704436374610705,0.09967496055298812
271,1.1954818725585938,0.440439589960218,0.028473472595214842,0.002714151347590525,128,10,0.0002,500,128,128,0.25,4,3,32,0.0001,"{'model__batch_size': 128, 'model__callbacks__early_stopping__patience': 10, 'model__lr': 0.0002, 'model__max_epochs': 500, 'model__module__d_model': 128, 'model__module__dim_feedforward': 128, 'model__module__dropout': 0.25, 'model__module__nhead': 4, 'model__module__num_layers': 3, 'model__module__patch_size': 32, 'model__optimizer__weight_decay': 0.0001}",0.43434343434343436,0.843454790823212,0.6231352408901931,0.44888366627497067,0.7526041666666667,0.6204842597996955,0.16203316067753806,210,0.4384578544061303,0.7464356763925729,0.7325393154486587,0.49215221318879854,0.7789179658868044,0.637700605064593,0.14257773163378942
272,2.9674670696258545,1.3290395858356587,0.02793407440185547,0.0029775520441773736,128,10,0.0002,500,128,256,0.1,4,2,16,0.0001,"{'model__batch_size': 128, 'model__callbacks__early_stopping__patience': 10, 'model__lr': 0.0002, 'model__max_epochs': 500, 'model__module__d_model': 128, 'model__module__dim_feedforward': 256, 'model__module__dropout': 0.1, 'model__module__nhead': 4, 'model__module__num_layers': 2, 'model__module__patch_size': 16, 'model__optimizer__weight_decay': 0.0001}",0.5491949910554561,0.8092105263157895,0.7447619047619047,0.4369747899159664,0.8508550602747407,0.6781994544647716,0.15889361807255026,21,0.7793754459140552,0.9006584766584766,0.9120013696284883,0.42247191011235957,0.9502407704654896,0.7929495945557739,0.1938829619294799
273,1.1209946155548096,0.42193653264997627,0.027093172073364258,0.002504967363798101,128,10,0.0002,500,128,256,0.1,4,2,32,0.0001,"{'model__batch_size': 128, 'model__callbacks__early_stopping__patience': 10, 'model__lr': 0.0002, 'model__max_epochs': 500, 'model__module__d_model': 128, 'model__module__dim_feedforward': 256, 'model__module__dropout': 0.1, 'model__module__nhead': 4, 'model__module__num_layers': 2, 'model__module__patch_size': 32, 'model__optimizer__weight_decay': 0.0001}",0.5739130434782609,0.7749559082892417,0.6436170212765957,0.4369747899159664,0.8608058608058609,0.6580533247531851,0.1489553740353527,67,0.5192825112107623,0.7448868071818892,0.7464411557434814,0.42247191011235957,0.7968634502047748,0.6459891668906534,0.1474102678625131
274,1.8951597213745117,1.322762225008491,0.029996347427368165,0.0033258017111641182,128,10,0.0002,500,128,256,0.1,4,3,16,0.0001,"{'model__batch_size': 128, 'model__callbacks__early_stopping__patience': 10, 'model__lr': 0.0002, 'model__max_epochs': 500, 'model__module__d_model': 128, 'model__module__dim_feedforward': 256, 'model__module__dropout': 0.1, 'model__module__nhead': 4, 'model__module__num_layers': 3, 'model__module__patch_size': 16, 'model__optimizer__weight_decay': 0.0001}",0.6776556776556777,0.7340388007054673,0.5958562811434566,0.48659003831417624,0.8581711543588376,0.6704623904355231,0.12546186416262026,32,0.6063034188034188,0.6482444140446877,0.7247739171822942,0.5418894830659536,0.8598132662807243,0.6762048998754157,0.10934314671970122
275,1.0921796321868897,0.34131432231160297,0.02705540657043457,0.003008209498972301,128,10,0.0002,500,128,256,0.1,4,3,32,0.0001,"{'model__batch_size': 128, 'model__callbacks__early_stopping__patience': 10, 'model__lr': 0.0002, 'model__max_epochs': 500, 'model__module__d_model': 128, 'model__module__dim_feedforward': 256, 'model__module__dropout': 0.1, 'model__module__nhead': 4, 'model__module__num_layers': 3, 'model__module__patch_size': 32, 'model__optimizer__weight_decay': 0.0001}",0.47987616099071206,0.7817310981867944,0.4754149702474162,0.4369747899159664,0.7526041666666667,0.5853202372015112,0.1495092853389591,276,0.46161899103075577,0.7327917540181691,0.7019471403283892,0.42247191011235957,0.7651515151515151,0.6167962621282378,0.14460763918154335
276,1.3718567371368409,0.6187410575084733,0.028283166885375976,0.002981351121295696,128,10,0.0002,500,128,256,0.25,4,2,16,0.0001,"{'model__batch_size': 128, 'model__callbacks__early_stopping__patience': 10, 'model__lr': 0.0002, 'model__max_epochs': 500, 'model__module__d_model': 128, 'model__module__dim_feedforward': 256, 'model__module__dropout': 0.25, 'model__module__nhead': 4, 'model__module__num_layers': 2, 'model__module__patch_size': 16, 'model__optimizer__weight_decay': 0.0001}",0.43434343434343436,0.46461538461538465,0.5840755735492578,0.4369747899159664,0.7973333333333333,0.5434685031514752,0.13824853856259553,287,0.4199134199134199,0.45714285714285713,0.7200435729847494,0.42247191011235957,0.8140782828282829,0.5667300085963338,0.16676994408189477
277,1.3281092166900634,0.644504040974695,0.02638392448425293,0.0027377174977505684,128,10,0.0002,500,128,256,0.25,4,2,32,0.0001,"{'model__batch_size': 128, 'model__callbacks__early_stopping__patience': 10, 'model__lr': 0.0002, 'model__max_epochs': 500, 'model__module__d_model': 128, 'model__module__dim_feedforward': 256, 'model__module__dropout': 0.25, 'model__module__nhead': 4, 'model__module__num_layers': 2, 'model__module__patch_size': 32, 'model__optimizer__weight_decay': 0.0001}",0.43434343434343436,0.7875457875457875,0.7020750988142292,0.4369747899159664,0.7526041666666667,0.622708655457217,0.1551268394655358,204,0.43272311212814646,0.7604192254155409,0.9167746113989637,0.42247191011235957,0.7968634502047748,0.6658504618519571,0.20132166481582697
278,1.8735851287841796,1.3714561438106536,0.029596710205078126,0.004409273731553781,128,10,0.0002,500,128,256,0.25,4,3,16,0.0001,"{'model__batch_size': 128, 'model__callbacks__early_stopping__patience': 10, 'model__lr': 0.0002, 'model__max_epochs': 500, 'model__module__d_model': 128, 'model__module__dim_feedforward': 256, 'model__module__dropout': 0.25, 'model__module__nhead': 4, 'model__module__num_layers': 3, 'model__module__patch_size': 16, 'model__optimizer__weight_decay': 0.0001}",0.43434343434343436,0.8094194961664841,0.5958562811434566,0.4947209653092006,0.8508550602747407,0.6370390474474632,0.16641410682842206,150,0.4236559139784946,0.6394536544677302,0.7263257759104726,0.5303986710963455,0.8544031311154598,0.6348474293137005,0.14973684292293588
279,1.1069510459899903,0.3553991004676126,0.02771916389465332,0.0023138918182954355,128,10,0.0002,500,128,256,0.25,4,3,32,0.0001,"{'model__batch_size': 128, 'model__callbacks__early_stopping__patience': 10, 'model__lr': 0.0002, 'model__max_epochs': 500, 'model__module__d_model': 128, 'model__module__dim_feedforward': 256, 'model__module__dropout': 0.25, 'model__module__nhead': 4, 'model__module__num_layers': 3, 'model__module__patch_size': 32, 'model__optimizer__weight_decay': 0.0001}",0.422680412371134,0.7817310981867944,0.6661421452924207,0.4369747899159664,0.7526041666666667,0.6120265224865966,0.15361333026811255,235,0.43559143559143554,0.7290282575958897,0.7311980739249699,0.42247191011235957,0.7551135562138525,0.6146806466877015,0.1519146029816454
280,1.6806192874908448,1.2119052541964455,0.028563785552978515,0.0028467909262010153,128,10,0.0002,500,128,384,0.1,4,2,16,0.0001,"{'model__batch_size': 128, 'model__callbacks__early_stopping__patience': 10, 'model__lr': 0.0002, 'model__max_epochs': 500, 'model__module__d_model': 128, 'model__module__dim_feedforward': 384, 'model__module__dropout': 0.1, 'model__module__nhead': 4, 'model__module__num_layers': 2, 'model__module__patch_size': 16, 'model__optimizer__weight_decay': 0.0001}",0.43434343434343436,0.7842261904761905,0.6429263565891472,0.4369747899159664,0.8581711543588376,0.6313283851367152,0.17409553962239385,172,0.4199134199134199,0.5539270864441432,0.7284657732302731,0.42247191011235957,0.9157726500849066,0.6081101679570204,0.19076533212394814
281,1.0929244995117187,0.39400954387392595,0.02664022445678711,0.003143388742277491,128,10,0.0002,500,128,384,0.1,4,2,32,0.0001,"{'model__batch_size': 128, 'model__callbacks__early_stopping__patience': 10, 'model__lr': 0.0002, 'model__max_epochs': 500, 'model__module__d_model': 128, 'model__module__dim_feedforward': 384, 'model__module__dropout': 0.1, 'model__module__nhead': 4, 'model__module__num_layers': 2, 'model__module__patch_size': 32, 'model__optimizer__weight_decay': 0.0001}",0.4166666666666667,0.7875457875457875,0.5552669552669552,0.4369747899159664,0.7694641051567239,0.59318366091042,0.15864965710329232,269,0.46161899103075577,0.7432216905901117,0.7266404843724432,0.42247191011235957,0.777124183006536,0.6262154518224412,0.1517580428936378
282,2.597730112075806,1.682466669023191,0.03729085922241211,0.009843636451609834,128,10,0.0002,500,128,384,0.1,4,3,16,0.0001,"{'model__batch_size': 128, 'model__callbacks__early_stopping__patience': 10, 'model__lr': 0.0002, 'model__max_epochs': 500, 'model__module__d_model': 128, 'model__module__dim_feedforward': 384, 'model__module__dropout': 0.1, 'model__module__nhead': 4, 'model__module__num_layers': 3, 'model__module__patch_size': 16, 'model__optimizer__weight_decay': 0.0001}",0.43434343434343436,0.4848059841047218,0.7682806324110671,0.4369747899159664,0.88125,0.601130968155038,0.1869237900674941,258,0.4236559139784946,0.5476190476190476,0.9207197943444729,0.42247191011235957,0.879149367483383,0.6387232067075516,0.21846983577070994
283,1.1709563255310058,0.3817543024580487,0.027768421173095702,0.002792459054374331,128,10,0.0002,500,128,384,0.1,4,3,32,0.0001,"{'model__batch_size': 128, 'model__callbacks__early_stopping__patience': 10, 'model__lr': 0.0002, 'model__max_epochs': 500, 'model__module__d_model': 128, 'model__module__dim_feedforward': 384, 'model__module__dropout': 0.1, 'model__module__nhead': 4, 'model__module__num_layers': 3, 'model__module__patch_size': 32, 'model__optimizer__weight_decay': 0.0001}",0.6513865308432372,0.861101607937051,0.5332961827807189,0.4369747899159664,0.7694641051567239,0.6504446433267395,0.15351613355523414,100,0.5121240806815699,0.7133809785596481,0.7285193231419289,0.42247191011235957,0.7750474148594046,0.6303087414709821,0.13759314010255208
284,1.6912010192871094,1.1761572225459,0.028781795501708986,0.0034060558737956425,128,10,0.0002,500,128,384,0.25,4,2,16,0.0001,"{'model__batch_size': 128, 'model__callbacks__early_stopping__patience': 10, 'model__lr': 0.0002, 'model__max_epochs': 500, 'model__module__d_model': 128, 'model__module__dim_feedforward': 384, 'model__module__dropout': 0.25, 'model__module__nhead': 4, 'model__module__num_layers': 2, 'model__module__patch_size': 16, 'model__optimizer__weight_decay': 0.0001}",0.43434343434343436,0.7302325581395348,0.5958562811434566,0.4369747899159664,0.8581711543588376,0.611115643580246,0.16554852083637603,236,0.47105263157894733,0.5246872942725477,0.7136909997068308,0.42247191011235957,0.8959544501048846,0.605571457155114,0.1755990458077296
285,1.1054412364959716,0.4523064122726845,0.026497030258178712,0.003061125669693161,128,10,0.0002,500,128,384,0.25,4,2,32,0.0001,"{'model__batch_size': 128, 'model__callbacks__early_stopping__patience': 10, 'model__lr': 0.0002, 'model__max_epochs': 500, 'model__module__d_model': 128, 'model__module__dim_feedforward': 384, 'model__module__dropout': 0.25, 'model__module__nhead': 4, 'model__module__num_layers': 2, 'model__module__patch_size': 32, 'model__optimizer__weight_decay': 0.0001}",0.43434343434343436,0.7875457875457875,0.5958562811434566,0.4369747899159664,0.7845669291338583,0.6078574444165006,0.15682229679883775,243,0.4224137931034483,0.7392972578458972,0.7375490966221524,0.42247191011235957,0.8058708414872798,0.6255205798342275,0.16763225644446858
286,1.4847084045410157,0.5482382124797642,0.031116390228271486,0.004235672669927721,128,10,0.0002,500,128,384,0.25,4,3,16,0.0001,"{'model__batch_size': 128, 'model__callbacks__early_stopping__patience': 10, 'model__lr': 0.0002, 'model__max_epochs': 500, 'model__module__d_model': 128, 'model__module__dim_feedforward': 384, 'model__module__dropout': 0.25, 'model__module__nhead': 4, 'model__module__num_layers': 3, 'model__module__patch_size': 16, 'model__optimizer__weight_decay': 0.0001}",0.43434343434343436,0.44486059092800667,0.5656662665066027,0.48659003831417624,0.7366929133858269,0.5336306486956094,0.11154501984812057,288,0.4236559139784946,0.44648198725451943,0.7288249400479616,0.45085470085470086,0.7611556982343499,0.5621946480740053,0.1498867160556549
287,1.1832732677459716,0.3739793428717306,0.027982187271118165,0.0028045644276288207,128,10,0.0002,500,128,384,0.25,4,3,32,0.0001,"{'model__batch_size': 128, 'model__callbacks__early_stopping__patience': 10, 'model__lr': 0.0002, 'model__max_epochs': 500, 'model__module__d_model': 128, 'model__module__dim_feedforward': 384, 'model__module__dropout': 0.25, 'model__module__nhead': 4, 'model__module__num_layers': 3, 'model__module__patch_size': 32, 'model__optimizer__weight_decay': 0.0001}",0.6357723577235772,0.8092105263157895,0.6079787234042553,0.4369747899159664,0.7694641051567239,0.6518801005032624,0.13187110664885182,93,0.6919754806352745,0.7247132870086805,0.7335683184739789,0.42247191011235957,0.7728937728937728,0.6691245538248133,0.12599273660950905
