,mean_fit_time,std_fit_time,mean_score_time,std_score_time,param_model__batch_size,param_model__callbacks__early_stopping__patience,param_model__lr,param_model__max_epochs,param_model__module__d_model,param_model__module__dim_feedforward,param_model__module__dropout,param_model__module__nhead,param_model__module__num_layers,param_model__module__patch_size,param_model__optimizer__weight_decay,params,split0_test_score,split1_test_score,split2_test_score,split3_test_score,split4_test_score,mean_test_score,std_test_score,rank_test_score,split0_train_score,split1_train_score,split2_train_score,split3_train_score,split4_train_score,mean_train_score,std_train_score
0,9.403016281127929,1.2611553220077742,0.03309464454650879,0.012179596592340374,64,10,3e-05,500,96,128,0.1,4,2,16,0.0001,"{'model__batch_size': 64, 'model__callbacks__early_stopping__patience': 10, 'model__lr': 3e-05, 'model__max_epochs': 500, 'model__module__d_model': 96, 'model__module__dim_feedforward': 128, 'model__module__dropout': 0.1, 'model__module__nhead': 4, 'model__module__num_layers': 2, 'model__module__patch_size': 16, 'model__optimizer__weight_decay': 0.0001}",0.8892455858747994,0.8310445276737412,0.8952380952380952,0.7896440129449838,0.7985347985347986,0.8407414040532837,0.044292020372195894,134,0.9493175832069598,0.8908195253022839,0.8833501075523453,0.9184691011235955,0.9371191810870094,0.9158150996544387,0.02554242926212744
1,6.890231943130493,1.0638881554677437,0.024711084365844727,0.001313090686088093,64,10,3e-05,500,96,128,0.1,4,2,32,0.0001,"{'model__batch_size': 64, 'model__callbacks__early_stopping__patience': 10, 'model__lr': 3e-05, 'model__max_epochs': 500, 'model__module__d_model': 96, 'model__module__dim_feedforward': 128, 'model__module__dropout': 0.1, 'model__module__nhead': 4, 'model__module__num_layers': 2, 'model__module__patch_size': 32, 'model__optimizer__weight_decay': 0.0001}",0.8331721470019342,0.9008547008547009,0.8726220016542596,0.7724089635854342,0.7922115664051148,0.8342538759002889,0.0479610301449215,204,0.906959706959707,0.8800821498189919,0.8878708551483421,0.9409122139421806,0.9611357987497176,0.9153921449237877,0.031045382726817415
2,9.444579982757569,2.4826934225890964,0.024988269805908202,0.0033015285084660524,64,10,3e-05,500,96,128,0.1,4,3,16,0.0001,"{'model__batch_size': 64, 'model__callbacks__early_stopping__patience': 10, 'model__lr': 3e-05, 'model__max_epochs': 500, 'model__module__d_model': 96, 'model__module__dim_feedforward': 128, 'model__module__dropout': 0.1, 'model__module__nhead': 4, 'model__module__num_layers': 3, 'model__module__patch_size': 16, 'model__optimizer__weight_decay': 0.0001}",0.8695652173913043,0.8793175197669579,0.9494252873563218,0.7896440129449838,0.7849624060150375,0.8545828886949212,0.061474257902849175,39,0.9283526756931012,0.8832989836002043,0.9016812644719621,0.9038731082447705,0.956836137187471,0.9148084338395017,0.025434322133460977
3,6.886747646331787,1.4919843446844288,0.0226468563079834,0.002580804466448378,64,10,3e-05,500,96,128,0.1,4,3,32,0.0001,"{'model__batch_size': 64, 'model__callbacks__early_stopping__patience': 10, 'model__lr': 3e-05, 'model__max_epochs': 500, 'model__module__d_model': 96, 'model__module__dim_feedforward': 128, 'model__module__dropout': 0.1, 'model__module__nhead': 4, 'model__module__num_layers': 3, 'model__module__patch_size': 32, 'model__optimizer__weight_decay': 0.0001}",0.9021739130434783,0.8850574712643677,0.8362282878411911,0.7246660149885957,0.8299912816041848,0.8356233937483635,0.061994074109731595,193,0.9331403000789682,0.896011700913242,0.8901910516999328,0.917898309879075,0.9760200762152617,0.9226522877572959,0.030803156548599924
4,9.20024209022522,1.757509798928591,0.024125194549560545,0.0031834334095535172,64,10,3e-05,500,96,128,0.25,4,2,16,0.0001,"{'model__batch_size': 64, 'model__callbacks__early_stopping__patience': 10, 'model__lr': 3e-05, 'model__max_epochs': 500, 'model__module__d_model': 96, 'model__module__dim_feedforward': 128, 'model__module__dropout': 0.25, 'model__module__nhead': 4, 'model__module__num_layers': 2, 'model__module__patch_size': 16, 'model__optimizer__weight_decay': 0.0001}",0.8402777777777777,0.8587662337662337,0.9137705774758296,0.7896440129449838,0.7544318512060448,0.8313780906341739,0.05528163113752514,220,0.889763779527559,0.8791228070175439,0.8924321846411416,0.9123938879456706,0.9472441676735757,0.9041913653610981,0.024065291792623716
5,6.826016473770141,0.8477161817706577,0.022925376892089844,0.0023594617543686402,64,10,3e-05,500,96,128,0.25,4,2,32,0.0001,"{'model__batch_size': 64, 'model__callbacks__early_stopping__patience': 10, 'model__lr': 3e-05, 'model__max_epochs': 500, 'model__module__d_model': 96, 'model__module__dim_feedforward': 128, 'model__module__dropout': 0.25, 'model__module__nhead': 4, 'model__module__num_layers': 2, 'model__module__patch_size': 32, 'model__optimizer__weight_decay': 0.0001}",0.9155446756425949,0.8512820512820514,0.8521836506159015,0.7896440129449838,0.8140732265446224,0.8445455234060308,0.04263176782711134,108,0.909629981024668,0.8771047374429224,0.9176282051282052,0.9280184138941201,0.9621034077555817,0.9188969490490994,0.027510269185567867
6,10.19538836479187,1.7178792041017505,0.02615323066711426,0.004316203774627715,64,10,3e-05,500,96,128,0.25,4,3,16,0.0001,"{'model__batch_size': 64, 'model__callbacks__early_stopping__patience': 10, 'model__lr': 3e-05, 'model__max_epochs': 500, 'model__module__d_model': 96, 'model__module__dim_feedforward': 128, 'model__module__dropout': 0.25, 'model__module__nhead': 4, 'model__module__num_layers': 3, 'model__module__patch_size': 16, 'model__optimizer__weight_decay': 0.0001}",0.8186379928315413,0.8017094017094017,0.9137705774758296,0.8266666666666667,0.8240601503759399,0.836968957811876,0.03937136997595868,174,0.9022819770384919,0.8917425978224188,0.8821876307974409,0.8755071039227951,0.951836917562724,0.9007112454287741,0.027111293723791386
7,7.039832401275635,1.2837029882698,0.02385568618774414,0.002949289561984302,64,10,3e-05,500,96,128,0.25,4,3,32,0.0001,"{'model__batch_size': 64, 'model__callbacks__early_stopping__patience': 10, 'model__lr': 3e-05, 'model__max_epochs': 500, 'model__module__d_model': 96, 'model__module__dim_feedforward': 128, 'model__module__dropout': 0.25, 'model__module__nhead': 4, 'model__module__num_layers': 3, 'model__module__patch_size': 32, 'model__optimizer__weight_decay': 0.0001}",0.8695652173913043,0.8793175197669579,0.9137705774758296,0.8179271708683473,0.7768878718535469,0.8514936714711971,0.048315412917097116,58,0.9337944862155388,0.896879864157351,0.9146095964037917,0.9087758998656389,0.9807347670250897,0.9269589227334819,0.029415792709456157
8,8.240860509872437,1.4534746998090344,0.02310481071472168,0.002446689586829281,64,10,3e-05,500,96,256,0.1,4,2,16,0.0001,"{'model__batch_size': 64, 'model__callbacks__early_stopping__patience': 10, 'model__lr': 3e-05, 'model__max_epochs': 500, 'model__module__d_model': 96, 'model__module__dim_feedforward': 256, 'model__module__dropout': 0.1, 'model__module__nhead': 4, 'model__module__num_layers': 2, 'model__module__patch_size': 16, 'model__optimizer__weight_decay': 0.0001}",0.9021739130434783,0.8725274725274725,0.9318181818181819,0.8076923076923077,0.8008578431372549,0.8630139436437391,0.05154007733888348,11,0.9331403000789682,0.8865582191780822,0.8990573448546739,0.9136409280693409,0.9514197484371469,0.9167633081236424,0.02325885857647822
9,6.57190170288086,1.361194644661504,0.021572971343994142,0.00219902086848537,64,10,3e-05,500,96,256,0.1,4,2,32,0.0001,"{'model__batch_size': 64, 'model__callbacks__early_stopping__patience': 10, 'model__lr': 3e-05, 'model__max_epochs': 500, 'model__module__d_model': 96, 'model__module__dim_feedforward': 256, 'model__module__dropout': 0.1, 'model__module__nhead': 4, 'model__module__num_layers': 2, 'model__module__patch_size': 32, 'model__optimizer__weight_decay': 0.0001}",0.9021739130434783,0.8587662337662337,0.9137705774758296,0.8266666666666667,0.8079196217494089,0.8618594025403234,0.041176755927109135,15,0.9283526756931012,0.8865582191780822,0.9036370453693288,0.9352084379708689,0.9611357987497176,0.9229784353922197,0.025826193360166786
10,9.601235628128052,3.1568700021055687,0.025812053680419923,0.0030635748545032194,64,10,3e-05,500,96,256,0.1,4,3,16,0.0001,"{'model__batch_size': 64, 'model__callbacks__early_stopping__patience': 10, 'model__lr': 3e-05, 'model__max_epochs': 500, 'model__module__d_model': 96, 'model__module__dim_feedforward': 256, 'model__module__dropout': 0.1, 'model__module__nhead': 4, 'model__module__num_layers': 3, 'model__module__patch_size': 16, 'model__optimizer__weight_decay': 0.0001}",0.8695652173913043,0.8793175197669579,0.9494252873563218,0.7833333333333333,0.7544318512060448,0.8472146418107924,0.07023763502550354,87,0.9181173436492586,0.8749759737196177,0.9129212923285432,0.9087758998656389,0.9758150696488498,0.9181211158423815,0.03257135807752836
11,6.301194143295288,1.300045186294812,0.022559118270874024,0.00221990849632444,64,10,3e-05,500,96,256,0.1,4,3,32,0.0001,"{'model__batch_size': 64, 'model__callbacks__early_stopping__patience': 10, 'model__lr': 3e-05, 'model__max_epochs': 500, 'model__module__d_model': 96, 'model__module__dim_feedforward': 256, 'model__module__dropout': 0.1, 'model__module__nhead': 4, 'model__module__num_layers': 3, 'model__module__patch_size': 32, 'model__optimizer__weight_decay': 0.0001}",0.8999032882011606,0.8512820512820514,0.8923913043478261,0.7558893820416525,0.8140732265446224,0.8427078504834625,0.05323658282355529,123,0.9290446164897438,0.9003134796238245,0.9192458758837392,0.9087758998656389,0.9708518490622882,0.9256463441850469,0.024586247532922482
12,9.297866201400756,1.2729587854571678,0.0248720645904541,0.0032510614737524496,64,10,3e-05,500,96,256,0.25,4,2,16,0.0001,"{'model__batch_size': 64, 'model__callbacks__early_stopping__patience': 10, 'model__lr': 3e-05, 'model__max_epochs': 500, 'model__module__d_model': 96, 'model__module__dim_feedforward': 256, 'model__module__dropout': 0.25, 'model__module__nhead': 4, 'model__module__num_layers': 2, 'model__module__patch_size': 16, 'model__optimizer__weight_decay': 0.0001}",0.8516129032258064,0.8423913043478262,0.9494252873563218,0.7771428571428571,0.7922115664051148,0.8425567836955853,0.060525268194557294,125,0.9276353276353276,0.8791228070175439,0.8788688138256089,0.9313379344605504,0.9422043010752688,0.9118338368028599,0.027236615970408183
13,7.010978889465332,0.6561062643435378,0.022900390625,0.0028039480491080615,64,10,3e-05,500,96,256,0.25,4,2,32,0.0001,"{'model__batch_size': 64, 'model__callbacks__early_stopping__patience': 10, 'model__lr': 3e-05, 'model__max_epochs': 500, 'model__module__d_model': 96, 'model__module__dim_feedforward': 256, 'model__module__dropout': 0.25, 'model__module__nhead': 4, 'model__module__num_layers': 2, 'model__module__patch_size': 32, 'model__optimizer__weight_decay': 0.0001}",0.8845878136200717,0.8587662337662337,0.876172607879925,0.7558893820416525,0.8140732265446224,0.837897852770501,0.04769360698100136,167,0.8919958693583332,0.8698245614035087,0.9137805142778206,0.9284922394678492,0.9467931532274696,0.9101772675469963,0.027011289494682397
14,9.755045747756958,2.112348583553369,0.025458526611328126,0.002558793495006022,64,10,3e-05,500,96,256,0.25,4,3,16,0.0001,"{'model__batch_size': 64, 'model__callbacks__early_stopping__patience': 10, 'model__lr': 3e-05, 'model__max_epochs': 500, 'model__module__d_model': 96, 'model__module__dim_feedforward': 256, 'model__module__dropout': 0.25, 'model__module__nhead': 4, 'model__module__num_layers': 3, 'model__module__patch_size': 16, 'model__optimizer__weight_decay': 0.0001}",0.8548047696983867,0.8017094017094017,0.8565217391304347,0.7724089635854342,0.7849624060150375,0.814081456027739,0.03520553744571149,280,0.9220715469104743,0.8865582191780822,0.8844718068992475,0.8939504959342328,0.956836137187471,0.9087776412219016,0.027534224152471146
15,6.713812255859375,1.2480671729556942,0.02333235740661621,0.0031589893371939356,64,10,3e-05,500,96,256,0.25,4,3,32,0.0001,"{'model__batch_size': 64, 'model__callbacks__early_stopping__patience': 10, 'model__lr': 3e-05, 'model__max_epochs': 500, 'model__module__d_model': 96, 'model__module__dim_feedforward': 256, 'model__module__dropout': 0.25, 'model__module__nhead': 4, 'model__module__num_layers': 3, 'model__module__patch_size': 32, 'model__optimizer__weight_decay': 0.0001}",0.8870703764320786,0.9310344827586208,0.8923913043478261,0.74,0.8299912816041848,0.856097489028542,0.06641125633303487,33,0.9087716497725278,0.8888767343069153,0.9036370453693288,0.9327412711378369,0.9564671253679297,0.9180987651909076,0.023818469952077852
16,8.292357444763184,1.8023207951952864,0.02376894950866699,0.002513459448825049,64,10,3e-05,500,96,384,0.1,4,2,16,0.0001,"{'model__batch_size': 64, 'model__callbacks__early_stopping__patience': 10, 'model__lr': 3e-05, 'model__max_epochs': 500, 'model__module__d_model': 96, 'model__module__dim_feedforward': 384, 'model__module__dropout': 0.1, 'model__module__nhead': 4, 'model__module__num_layers': 2, 'model__module__patch_size': 16, 'model__optimizer__weight_decay': 0.0001}",0.8892455858747994,0.8423913043478262,0.9494252873563218,0.7896440129449838,0.8008578431372549,0.8543128067322373,0.05907332946606379,40,0.9228541923988094,0.8855785837651122,0.8970352564102564,0.917898309879075,0.951836917562724,0.9150406520031954,0.022870900797740863
17,5.868035888671875,0.7998803932200539,0.0209780216217041,0.0021505000551338208,64,10,3e-05,500,96,384,0.1,4,2,32,0.0001,"{'model__batch_size': 64, 'model__callbacks__early_stopping__patience': 10, 'model__lr': 3e-05, 'model__max_epochs': 500, 'model__module__d_model': 96, 'model__module__dim_feedforward': 384, 'model__module__dropout': 0.1, 'model__module__nhead': 4, 'model__module__num_layers': 2, 'model__module__patch_size': 32, 'model__optimizer__weight_decay': 0.0001}",0.8999032882011606,0.8017094017094017,0.9482623464854978,0.7558893820416525,0.7922115664051148,0.8395951969685654,0.07229497995383331,147,0.9268914473684211,0.8994416436276902,0.9129212923285432,0.9322893885049427,0.9661410975083897,0.9275369738675974,0.022433217511362326
18,9.447093963623047,2.32817440783241,0.02515864372253418,0.003422700913520205,64,10,3e-05,500,96,384,0.1,4,3,16,0.0001,"{'model__batch_size': 64, 'model__callbacks__early_stopping__patience': 10, 'model__lr': 3e-05, 'model__max_epochs': 500, 'model__module__d_model': 96, 'model__module__dim_feedforward': 384, 'model__module__dropout': 0.1, 'model__module__nhead': 4, 'model__module__num_layers': 3, 'model__module__patch_size': 16, 'model__optimizer__weight_decay': 0.0001}",0.8695652173913043,0.8512820512820514,0.9318181818181819,0.8076923076923077,0.7397025171624714,0.8400120550692632,0.06408640509826093,141,0.8862840862840863,0.8865582191780822,0.9167746113989637,0.9052051439069198,0.9854890417893098,0.9160622205114723,0.03659423588125158
19,5.360652780532837,0.45033586985776114,0.022025012969970705,0.002340530254223012,64,10,3e-05,500,96,384,0.1,4,3,32,0.0001,"{'model__batch_size': 64, 'model__callbacks__early_stopping__patience': 10, 'model__lr': 3e-05, 'model__max_epochs': 500, 'model__module__d_model': 96, 'model__module__dim_feedforward': 384, 'model__module__dropout': 0.1, 'model__module__nhead': 4, 'model__module__num_layers': 3, 'model__module__patch_size': 32, 'model__optimizer__weight_decay': 0.0001}",0.8845878136200717,0.8017094017094017,0.8152295632698767,0.8266666666666667,0.7985347985347986,0.8253456487601631,0.03127685481533021,253,0.9220715469104743,0.8749455495861769,0.9036370453693288,0.9227313566936208,0.9526292596944771,0.9152029516508156,0.02553041960569664
20,8.965600204467773,1.434617119130481,0.023058032989501952,0.0019677220986324176,64,10,3e-05,500,96,384,0.25,4,2,16,0.0001,"{'model__batch_size': 64, 'model__callbacks__early_stopping__patience': 10, 'model__lr': 3e-05, 'model__max_epochs': 500, 'model__module__d_model': 96, 'model__module__dim_feedforward': 384, 'model__module__dropout': 0.25, 'model__module__nhead': 4, 'model__module__num_layers': 2, 'model__module__patch_size': 16, 'model__optimizer__weight_decay': 0.0001}",0.8548047696983867,0.9058441558441559,0.9494252873563218,0.7896440129449838,0.7695035460992907,0.8538443543886277,0.06793478090100176,42,0.9181173436492586,0.8926350649121879,0.9000155617802676,0.917898309879075,0.9617919289152166,0.9180916418272013,0.02401888884812919
21,6.280086517333984,1.0814686763550323,0.02135777473449707,0.002471216137824322,64,10,3e-05,500,96,384,0.25,4,2,32,0.0001,"{'model__batch_size': 64, 'model__callbacks__early_stopping__patience': 10, 'model__lr': 3e-05, 'model__max_epochs': 500, 'model__module__d_model': 96, 'model__module__dim_feedforward': 384, 'model__module__dropout': 0.25, 'model__module__nhead': 4, 'model__module__num_layers': 2, 'model__module__patch_size': 32, 'model__optimizer__weight_decay': 0.0001}",0.8999032882011606,0.8017094017094017,0.8726220016542596,0.7558893820416525,0.7922115664051148,0.8244671280023178,0.05342424304189952,257,0.9172975172975173,0.8917425978224188,0.9073317307692308,0.9404928765324769,0.9711021505376345,0.9255933745918558,0.02771724307144691
22,9.532889938354492,1.5409688720479342,0.024922990798950197,0.0026992294425162134,64,10,3e-05,500,96,384,0.25,4,3,16,0.0001,"{'model__batch_size': 64, 'model__callbacks__early_stopping__patience': 10, 'model__lr': 3e-05, 'model__max_epochs': 500, 'model__module__d_model': 96, 'model__module__dim_feedforward': 384, 'model__module__dropout': 0.25, 'model__module__nhead': 4, 'model__module__num_layers': 3, 'model__module__patch_size': 16, 'model__optimizer__weight_decay': 0.0001}",0.8516129032258064,0.8793175197669579,0.9318181818181819,0.7833333333333333,0.7768878718535469,0.8445939619995653,0.05865157251152259,107,0.9236090225563909,0.8581977739726028,0.8959682642487047,0.8905310798387667,0.9522399111440207,0.904109210352097,0.031797193765639546
23,5.878746891021729,0.8749342128909461,0.022673845291137695,0.002273294494204561,64,10,3e-05,500,96,384,0.25,4,3,32,0.0001,"{'model__batch_size': 64, 'model__callbacks__early_stopping__patience': 10, 'model__lr': 3e-05, 'model__max_epochs': 500, 'model__module__d_model': 96, 'model__module__dim_feedforward': 384, 'model__module__dropout': 0.25, 'model__module__nhead': 4, 'model__module__num_layers': 3, 'model__module__patch_size': 32, 'model__optimizer__weight_decay': 0.0001}",0.8870703764320786,0.8512820512820514,0.8310099573257468,0.7724089635854342,0.7985347985347986,0.828061229432022,0.039997414438046164,238,0.9125680847186506,0.8683508436217777,0.8901910516999328,0.9184691011235955,0.9664281067013663,0.9112014375730647,0.03280939303744316
24,7.973501873016358,1.7195470356694733,0.023238706588745116,0.002477578924117347,64,10,3e-05,500,128,128,0.1,4,2,16,0.0001,"{'model__batch_size': 64, 'model__callbacks__early_stopping__patience': 10, 'model__lr': 3e-05, 'model__max_epochs': 500, 'model__module__d_model': 128, 'model__module__dim_feedforward': 128, 'model__module__dropout': 0.1, 'model__module__nhead': 4, 'model__module__num_layers': 2, 'model__module__patch_size': 16, 'model__optimizer__weight_decay': 0.0001}",0.8870703764320786,0.8512820512820514,0.9666329625884732,0.7896440129449838,0.7985347985347986,0.8586328403564771,0.06464980572067787,27,0.9078820116054158,0.8823289106765422,0.9176282051282052,0.9130280503166972,0.9564671253679297,0.915466860618958,0.023863338308828978
25,5.709959411621094,0.9019500292324326,0.02222309112548828,0.0019784784357871907,64,10,3e-05,500,128,128,0.1,4,2,32,0.0001,"{'model__batch_size': 64, 'model__callbacks__early_stopping__patience': 10, 'model__lr': 3e-05, 'model__max_epochs': 500, 'model__module__d_model': 128, 'model__module__dim_feedforward': 128, 'model__module__dropout': 0.1, 'model__module__nhead': 4, 'model__module__num_layers': 2, 'model__module__patch_size': 32, 'model__optimizer__weight_decay': 0.0001}",0.9041666666666667,0.9058441558441559,0.9318181818181819,0.7896440129449838,0.7768878718535469,0.8616721778255071,0.06489043407975414,17,0.9125680847186506,0.904258064516129,0.9026767384848424,0.9221829923886238,0.9664281067013663,0.9216227973619224,0.023453377063028594
26,8.820075082778931,1.2835174562654417,0.024692678451538087,0.002104873780501815,64,10,3e-05,500,128,128,0.1,4,3,16,0.0001,"{'model__batch_size': 64, 'model__callbacks__early_stopping__patience': 10, 'model__lr': 3e-05, 'model__max_epochs': 500, 'model__module__d_model': 128, 'model__module__dim_feedforward': 128, 'model__module__dropout': 0.1, 'model__module__nhead': 4, 'model__module__num_layers': 3, 'model__module__patch_size': 16, 'model__optimizer__weight_decay': 0.0001}",0.8870703764320786,0.8310445276737412,0.9494252873563218,0.7896440129449838,0.8079196217494089,0.853020765231307,0.058287029088810983,49,0.9181173436492586,0.8653259764774213,0.9137805142778206,0.9136409280693409,0.9467931532274696,0.9115315831402622,0.026196242787351685
27,5.748938131332397,0.5218858990098733,0.021949005126953126,0.0020386268851977944,64,10,3e-05,500,128,128,0.1,4,3,32,0.0001,"{'model__batch_size': 64, 'model__callbacks__early_stopping__patience': 10, 'model__lr': 3e-05, 'model__max_epochs': 500, 'model__module__d_model': 128, 'model__module__dim_feedforward': 128, 'model__module__dropout': 0.1, 'model__module__nhead': 4, 'model__module__num_layers': 3, 'model__module__patch_size': 32, 'model__optimizer__weight_decay': 0.0001}",0.8695652173913043,0.8017094017094017,0.9137705774758296,0.8076923076923077,0.7833333333333333,0.8352141675204352,0.04883184868241581,198,0.9164473684210526,0.8917425978224188,0.9026767384848424,0.9365870786516854,0.9371191810870094,0.9169145928934018,0.01806541564815838
28,8.863181972503662,1.391457169286329,0.022380542755126954,0.0016844040902144293,64,10,3e-05,500,128,128,0.25,4,2,16,0.0001,"{'model__batch_size': 64, 'model__callbacks__early_stopping__patience': 10, 'model__lr': 3e-05, 'model__max_epochs': 500, 'model__module__d_model': 128, 'model__module__dim_feedforward': 128, 'model__module__dropout': 0.25, 'model__module__nhead': 4, 'model__module__num_layers': 2, 'model__module__patch_size': 16, 'model__optimizer__weight_decay': 0.0001}",0.790273556231003,0.8587662337662337,0.9137705774758296,0.7724089635854342,0.7695035460992907,0.8209445754315581,0.05655040411800722,269,0.9276353276353276,0.8851441549210313,0.89806441377122,0.9221829923886238,0.9614695340501792,0.9188992845532764,0.02635461229121988
29,6.279937362670898,0.9620013635457093,0.02139892578125,0.0010683314028046608,64,10,3e-05,500,128,128,0.25,4,2,32,0.0001,"{'model__batch_size': 64, 'model__callbacks__early_stopping__patience': 10, 'model__lr': 3e-05, 'model__max_epochs': 500, 'model__module__d_model': 128, 'model__module__dim_feedforward': 128, 'model__module__dropout': 0.25, 'model__module__nhead': 4, 'model__module__num_layers': 2, 'model__module__patch_size': 32, 'model__optimizer__weight_decay': 0.0001}",0.8722222222222222,0.8215384615384616,0.9137705774758296,0.7896440129449838,0.7768878718535469,0.8348126292070088,0.05139167282967523,200,0.9445139509482673,0.8832989836002043,0.8732066386438537,0.9313379344605504,0.9614695340501792,0.9187654083406109,0.03457793224651397
30,8.728381967544555,1.1265369166495933,0.02510356903076172,0.0021687347620697574,64,10,3e-05,500,128,128,0.25,4,3,16,0.0001,"{'model__batch_size': 64, 'model__callbacks__early_stopping__patience': 10, 'model__lr': 3e-05, 'model__max_epochs': 500, 'model__module__d_model': 128, 'model__module__dim_feedforward': 128, 'model__module__dropout': 0.25, 'model__module__nhead': 4, 'model__module__num_layers': 3, 'model__module__patch_size': 16, 'model__optimizer__weight_decay': 0.0001}",0.8548047696983867,0.8587662337662337,0.9137705774758296,0.8076923076923077,0.8079196217494089,0.8485907020764334,0.03928711665884355,79,0.9125680847186506,0.8729152235306655,0.8855544153807431,0.9130280503166972,0.9472441676735757,0.9062619883240665,0.02571340417078497
31,5.785548686981201,0.40559041492897313,0.02221832275390625,0.0015719988277308958,64,10,3e-05,500,128,128,0.25,4,3,32,0.0001,"{'model__batch_size': 64, 'model__callbacks__early_stopping__patience': 10, 'model__lr': 3e-05, 'model__max_epochs': 500, 'model__module__d_model': 128, 'model__module__dim_feedforward': 128, 'model__module__dropout': 0.25, 'model__module__nhead': 4, 'model__module__num_layers': 3, 'model__module__patch_size': 32, 'model__optimizer__weight_decay': 0.0001}",0.8870703764320786,0.8017094017094017,0.876172607879925,0.8363897878460985,0.7833333333333333,0.8369351014401675,0.04041639405672242,175,0.9236090225563909,0.8875053063534739,0.9045636665689436,0.9237734406228819,0.9325716845878136,0.9144046241379007,0.016266256490710715
32,8.338467264175415,1.2064030831239703,0.022816991806030272,0.0013824195719762504,64,10,3e-05,500,128,256,0.1,4,2,16,0.0001,"{'model__batch_size': 64, 'model__callbacks__early_stopping__patience': 10, 'model__lr': 3e-05, 'model__max_epochs': 500, 'model__module__d_model': 128, 'model__module__dim_feedforward': 256, 'model__module__dropout': 0.1, 'model__module__nhead': 4, 'model__module__num_layers': 2, 'model__module__patch_size': 16, 'model__optimizer__weight_decay': 0.0001}",0.8369565217391304,0.8101916783543712,0.8565217391304347,0.7596153846153846,0.8079196217494089,0.814240989117746,0.03269241659535411,279,0.906959706959707,0.8813255709807434,0.9016812644719621,0.9313379344605504,0.9422043010752688,0.9127017555896464,0.02170988097892319
33,5.682569980621338,0.9642434537773896,0.02134113311767578,0.0019395367288846746,64,10,3e-05,500,128,256,0.1,4,2,32,0.0001,"{'model__batch_size': 64, 'model__callbacks__early_stopping__patience': 10, 'model__lr': 3e-05, 'model__max_epochs': 500, 'model__module__d_model': 128, 'model__module__dim_feedforward': 256, 'model__module__dropout': 0.1, 'model__module__nhead': 4, 'model__module__num_layers': 2, 'model__module__patch_size': 32, 'model__optimizer__weight_decay': 0.0001}",0.8695652173913043,0.9058441558441559,0.876172607879925,0.7896440129449838,0.8079196217494089,0.8498291231619556,0.04381741728897514,66,0.9098067885117493,0.8926350649121879,0.8924321846411416,0.941317470037617,0.9472441676735757,0.9166871351552542,0.023471384748656513
34,8.684933471679688,1.5792495806456632,0.025080776214599608,0.0024286724402172066,64,10,3e-05,500,128,256,0.1,4,3,16,0.0001,"{'model__batch_size': 64, 'model__callbacks__early_stopping__patience': 10, 'model__lr': 3e-05, 'model__max_epochs': 500, 'model__module__d_model': 128, 'model__module__dim_feedforward': 256, 'model__module__dropout': 0.1, 'model__module__nhead': 4, 'model__module__num_layers': 3, 'model__module__patch_size': 16, 'model__optimizer__weight_decay': 0.0001}",0.8695652173913043,0.8587662337662337,0.9332659251769464,0.7896440129449838,0.7458646616541353,0.8394212101867208,0.06529979904687513,152,0.9060032894736842,0.8823289106765422,0.9137805142778206,0.9190207156308852,0.9564671253679297,0.9155201110853722,0.024017344091554683
35,4.955186557769776,0.9221561212147662,0.02758622169494629,0.010867763459786383,64,10,3e-05,500,128,256,0.1,4,3,32,0.0001,"{'model__batch_size': 64, 'model__callbacks__early_stopping__patience': 10, 'model__lr': 3e-05, 'model__max_epochs': 500, 'model__module__d_model': 128, 'model__module__dim_feedforward': 256, 'model__module__dropout': 0.1, 'model__module__nhead': 4, 'model__module__num_layers': 3, 'model__module__patch_size': 32, 'model__optimizer__weight_decay': 0.0001}",0.8516129032258064,0.8310445276737412,0.8952380952380952,0.8076923076923077,0.8299912816041848,0.843115823086827,0.029535493326113355,120,0.9220715469104743,0.8771047374429224,0.8934935764608372,0.9184691011235955,0.9376521981596804,0.909758232019502,0.02161647538192584
36,8.689192056655884,1.7233133497114927,0.022952508926391602,0.002175663989903763,64,10,3e-05,500,128,256,0.25,4,2,16,0.0001,"{'model__batch_size': 64, 'model__callbacks__early_stopping__patience': 10, 'model__lr': 3e-05, 'model__max_epochs': 500, 'model__module__d_model': 128, 'model__module__dim_feedforward': 256, 'model__module__dropout': 0.25, 'model__module__nhead': 4, 'model__module__num_layers': 2, 'model__module__patch_size': 16, 'model__optimizer__weight_decay': 0.0001}",0.8548047696983867,0.7931034482758621,0.9504380475594494,0.7896440129449838,0.7922115664051148,0.8360403689767594,0.06221912334116719,188,0.9032380952380952,0.8687561907457195,0.9192458758837392,0.9313379344605504,0.9564671253679297,0.9158090443392067,0.029250769511236233
37,5.104164981842041,0.744608449991939,0.02103114128112793,0.0021616728697053094,64,10,3e-05,500,128,256,0.25,4,2,32,0.0001,"{'model__batch_size': 64, 'model__callbacks__early_stopping__patience': 10, 'model__lr': 3e-05, 'model__max_epochs': 500, 'model__module__d_model': 128, 'model__module__dim_feedforward': 256, 'model__module__dropout': 0.25, 'model__module__nhead': 4, 'model__module__num_layers': 2, 'model__module__patch_size': 32, 'model__optimizer__weight_decay': 0.0001}",0.8745454545454545,0.9058441558441559,0.8603174603174604,0.7896440129449838,0.7985347985347986,0.8457771764373707,0.044788056464252345,99,0.9189081331311357,0.888421052631579,0.8821876307974409,0.9313379344605504,0.9422043010752688,0.9126118104191949,0.02356629106385136
38,8.629101085662843,1.3905356300278748,0.02434067726135254,0.002370927018413048,64,10,3e-05,500,128,256,0.25,4,3,16,0.0001,"{'model__batch_size': 64, 'model__callbacks__early_stopping__patience': 10, 'model__lr': 3e-05, 'model__max_epochs': 500, 'model__module__d_model': 128, 'model__module__dim_feedforward': 256, 'model__module__dropout': 0.25, 'model__module__nhead': 4, 'model__module__num_layers': 3, 'model__module__patch_size': 16, 'model__optimizer__weight_decay': 0.0001}",0.8695652173913043,0.8390804597701149,0.9137705774758296,0.7724089635854342,0.7610294117647058,0.8311709259974777,0.05784839670355662,223,0.9125680847186506,0.8739629022882207,0.8934935764608372,0.8996534898522028,0.9463262411347517,0.9052008588909327,0.02403837256953814
39,5.926390027999878,0.8327964701755658,0.022150611877441405,0.0015979801151419118,64,10,3e-05,500,128,256,0.25,4,3,32,0.0001,"{'model__batch_size': 64, 'model__callbacks__early_stopping__patience': 10, 'model__lr': 3e-05, 'model__max_epochs': 500, 'model__module__d_model': 128, 'model__module__dim_feedforward': 256, 'model__module__dropout': 0.25, 'model__module__nhead': 4, 'model__module__num_layers': 3, 'model__module__patch_size': 32, 'model__optimizer__weight_decay': 0.0001}",0.8695652173913043,0.9100775193798449,0.9318181818181819,0.8076923076923077,0.7922115664051148,0.8622729585373508,0.054886496102216034,14,0.9172975172975173,0.8832989836002043,0.8959682642487047,0.9184691011235955,0.9713439466864124,0.9172755625912867,0.030110543195008412
40,7.572752237319946,1.6648696732447645,0.022745323181152344,0.0017898411879251291,64,10,3e-05,500,128,384,0.1,4,2,16,0.0001,"{'model__batch_size': 64, 'model__callbacks__early_stopping__patience': 10, 'model__lr': 3e-05, 'model__max_epochs': 500, 'model__module__d_model': 128, 'model__module__dim_feedforward': 384, 'model__module__dropout': 0.1, 'model__module__nhead': 4, 'model__module__num_layers': 2, 'model__module__patch_size': 16, 'model__optimizer__weight_decay': 0.0001}",0.8402777777777777,0.8310445276737412,0.9666329625884732,0.7896440129449838,0.7544318512060448,0.8364062264382041,0.07198505725114895,184,0.9204073638856247,0.9077554998607631,0.9167746113989637,0.917898309879075,0.9713439466864124,0.9268359463421678,0.022660379570339728
41,5.172579050064087,0.7322649040905947,0.02132072448730469,0.0014992210209138924,64,10,3e-05,500,128,384,0.1,4,2,32,0.0001,"{'model__batch_size': 64, 'model__callbacks__early_stopping__patience': 10, 'model__lr': 3e-05, 'model__max_epochs': 500, 'model__module__d_model': 128, 'model__module__dim_feedforward': 384, 'model__module__dropout': 0.1, 'model__module__nhead': 4, 'model__module__num_layers': 2, 'model__module__patch_size': 32, 'model__optimizer__weight_decay': 0.0001}",0.9041666666666667,0.9275905118601748,0.9137705774758296,0.7558893820416525,0.8240601503759399,0.8650954576840526,0.06543901261123712,8,0.9243372058385463,0.8832989836002043,0.8913319238900634,0.9322893885049427,0.951836917562724,0.916618883879296,0.02567135838136266
42,8.089342308044433,1.2484533403274929,0.02553086280822754,0.001953340230757817,64,10,3e-05,500,128,384,0.1,4,3,16,0.0001,"{'model__batch_size': 64, 'model__callbacks__early_stopping__patience': 10, 'model__lr': 3e-05, 'model__max_epochs': 500, 'model__module__d_model': 128, 'model__module__dim_feedforward': 384, 'model__module__dropout': 0.1, 'model__module__nhead': 4, 'model__module__num_layers': 3, 'model__module__patch_size': 16, 'model__optimizer__weight_decay': 0.0001}",0.8845878136200717,0.8310445276737412,0.8792788084661616,0.8076923076923077,0.7922115664051148,0.8389630047714794,0.037237730797424914,159,0.9172975172975173,0.8823289106765422,0.8934935764608372,0.9087758998656389,0.9560851063829787,0.9115962021367029,0.025314032101867574
43,6.506773567199707,1.6941056952955997,0.021888256072998047,0.0015805251379833842,64,10,3e-05,500,128,384,0.1,4,3,32,0.0001,"{'model__batch_size': 64, 'model__callbacks__early_stopping__patience': 10, 'model__lr': 3e-05, 'model__max_epochs': 500, 'model__module__d_model': 128, 'model__module__dim_feedforward': 384, 'model__module__dropout': 0.1, 'model__module__nhead': 4, 'model__module__num_layers': 3, 'model__module__patch_size': 32, 'model__optimizer__weight_decay': 0.0001}",0.9193359831657704,0.9310344827586208,0.9318181818181819,0.7724089635854342,0.7849624060150375,0.867912003468609,0.0730949232922455,3,0.931758530183727,0.8791228070175439,0.9137805142778206,0.9322893885049427,0.9903673835125448,0.9294637246993158,0.03606293733782582
44,7.663318490982055,0.8884734890290633,0.022647905349731445,0.002069588371231256,64,10,3e-05,500,128,384,0.25,4,2,16,0.0001,"{'model__batch_size': 64, 'model__callbacks__early_stopping__patience': 10, 'model__lr': 3e-05, 'model__max_epochs': 500, 'model__module__d_model': 128, 'model__module__dim_feedforward': 384, 'model__module__dropout': 0.25, 'model__module__nhead': 4, 'model__module__num_layers': 2, 'model__module__patch_size': 16, 'model__optimizer__weight_decay': 0.0001}",0.8695652173913043,0.7705494505494506,0.9831417624521073,0.7896440129449838,0.7985347985347986,0.8422870483745288,0.07799484658587558,127,0.9125680847186506,0.8977192982456141,0.89806441377122,0.917898309879075,0.9564671253679297,0.9165434463964978,0.021481910988143324
45,5.3978156566619875,1.1477706196049802,0.02225351333618164,0.0006000962388011322,64,10,3e-05,500,128,384,0.25,4,2,32,0.0001,"{'model__batch_size': 64, 'model__callbacks__early_stopping__patience': 10, 'model__lr': 3e-05, 'model__max_epochs': 500, 'model__module__d_model': 128, 'model__module__dim_feedforward': 384, 'model__module__dropout': 0.25, 'model__module__nhead': 4, 'model__module__num_layers': 2, 'model__module__patch_size': 32, 'model__optimizer__weight_decay': 0.0001}",0.8548047696983867,0.9008547008547009,0.9318181818181819,0.7896440129449838,0.8299912816041848,0.8614225893840877,0.05038713631662289,18,0.9164473684210526,0.8665083477259643,0.9129212923285432,0.9232613069722684,0.9436065573770491,0.9125489745649755,0.02535508994516247
46,8.371456003189087,1.5273806367754226,0.02588062286376953,0.0021871464476991126,64,10,3e-05,500,128,384,0.25,4,3,16,0.0001,"{'model__batch_size': 64, 'model__callbacks__early_stopping__patience': 10, 'model__lr': 3e-05, 'model__max_epochs': 500, 'model__module__d_model': 128, 'model__module__dim_feedforward': 384, 'model__module__dropout': 0.25, 'model__module__nhead': 4, 'model__module__num_layers': 3, 'model__module__patch_size': 16, 'model__optimizer__weight_decay': 0.0001}",0.8845878136200717,0.8310445276737412,0.8952380952380952,0.7724089635854342,0.7695035460992907,0.8305565892433264,0.05331402996606281,228,0.906959706959707,0.8771047374429224,0.8843478972344951,0.9010253191044151,0.951836917562724,0.9042549156608526,0.02613509003148876
47,6.021023797988891,1.2761124054016395,0.02276129722595215,0.001647723991623849,64,10,3e-05,500,128,384,0.25,4,3,32,0.0001,"{'model__batch_size': 64, 'model__callbacks__early_stopping__patience': 10, 'model__lr': 3e-05, 'model__max_epochs': 500, 'model__module__d_model': 128, 'model__module__dim_feedforward': 384, 'model__module__dropout': 0.25, 'model__module__nhead': 4, 'model__module__num_layers': 3, 'model__module__patch_size': 32, 'model__optimizer__weight_decay': 0.0001}",0.8516129032258064,0.8587662337662337,0.8952380952380952,0.7896440129449838,0.8140732265446224,0.8418668943439483,0.03668453286677602,129,0.915045153166624,0.8875053063534739,0.9073317307692308,0.9275280898876405,0.9713439466864124,0.9217508453726764,0.027994593652080395
48,3.739881229400635,0.6702983865307979,0.021946430206298828,0.0016837180892955424,64,10,0.0001,500,96,128,0.1,4,2,16,0.0001,"{'model__batch_size': 64, 'model__callbacks__early_stopping__patience': 10, 'model__lr': 0.0001, 'model__max_epochs': 500, 'model__module__d_model': 96, 'model__module__dim_feedforward': 128, 'model__module__dropout': 0.1, 'model__module__nhead': 4, 'model__module__num_layers': 2, 'model__module__patch_size': 16, 'model__optimizer__weight_decay': 0.0001}",0.8516129032258064,0.8587662337662337,0.9504380475594494,0.7896440129449838,0.8008578431372549,0.8502638081267456,0.05696437218065961,61,0.9220715469104743,0.8739629022882207,0.9246555262386397,0.917898309879075,0.9342076502732239,0.9145591871179267,0.020993531386819295
49,2.6413729190826416,0.36746391856260974,0.021225357055664064,0.002125023576288206,64,10,0.0001,500,96,128,0.1,4,2,32,0.0001,"{'model__batch_size': 64, 'model__callbacks__early_stopping__patience': 10, 'model__lr': 0.0001, 'model__max_epochs': 500, 'model__module__d_model': 96, 'model__module__dim_feedforward': 128, 'model__module__dropout': 0.1, 'model__module__nhead': 4, 'model__module__num_layers': 2, 'model__module__patch_size': 32, 'model__optimizer__weight_decay': 0.0001}",0.8665377176015474,0.8423913043478262,0.8565217391304347,0.7724089635854342,0.7922115664051148,0.8260142582140715,0.037032997119898686,250,0.9125680847186506,0.8653259764774213,0.8913319238900634,0.9409122139421806,0.9854890417893098,0.9191254481635251,0.04144551093330582
50,4.00621190071106,0.868046722173028,0.024380588531494142,0.0014624479705057467,64,10,0.0001,500,96,128,0.1,4,3,16,0.0001,"{'model__batch_size': 64, 'model__callbacks__early_stopping__patience': 10, 'model__lr': 0.0001, 'model__max_epochs': 500, 'model__module__d_model': 96, 'model__module__dim_feedforward': 128, 'model__module__dropout': 0.1, 'model__module__nhead': 4, 'model__module__num_layers': 3, 'model__module__patch_size': 16, 'model__optimizer__weight_decay': 0.0001}",0.8665377176015474,0.8587662337662337,0.8952380952380952,0.7896440129449838,0.7768878718535469,0.8374147862808814,0.046028509974564605,168,0.9228541923988094,0.8901630284609008,0.8764423076923077,0.9184691011235955,0.9807347670250897,0.9177326793401406,0.03594722717021329
51,3.2027174472808837,0.6602255366474691,0.021789407730102538,0.0021842769806626945,64,10,0.0001,500,96,128,0.1,4,3,32,0.0001,"{'model__batch_size': 64, 'model__callbacks__early_stopping__patience': 10, 'model__lr': 0.0001, 'model__max_epochs': 500, 'model__module__d_model': 96, 'model__module__dim_feedforward': 128, 'model__module__dropout': 0.1, 'model__module__nhead': 4, 'model__module__num_layers': 3, 'model__module__patch_size': 32, 'model__optimizer__weight_decay': 0.0001}",0.8870703764320786,0.8587662337662337,0.911551862771375,0.7724089635854342,0.7922115664051148,0.8444018005920473,0.053745444979211715,112,0.932462007322411,0.8760434657455383,0.9091516103692066,0.9365870786516854,0.9664281067013663,0.9241344537580416,0.030167524984435607
52,3.8083332061767576,0.6124451139517505,0.022207355499267577,0.002264917456208626,64,10,0.0001,500,96,128,0.25,4,2,16,0.0001,"{'model__batch_size': 64, 'model__callbacks__early_stopping__patience': 10, 'model__lr': 0.0001, 'model__max_epochs': 500, 'model__module__d_model': 96, 'model__module__dim_feedforward': 128, 'model__module__dropout': 0.25, 'model__module__nhead': 4, 'model__module__num_layers': 2, 'model__module__patch_size': 16, 'model__optimizer__weight_decay': 0.0001}",0.8369565217391304,0.8651162790697675,0.9494252873563218,0.7896440129449838,0.8240601503759399,0.8530404502972286,0.053950943023822265,48,0.9204177545691906,0.8759556873147136,0.9026767384848424,0.9052051439069198,0.9505406027145158,0.9109591853980363,0.02442583028667543
53,2.6308983325958253,0.34678369324160363,0.020286703109741212,0.00137837337592905,64,10,0.0001,500,96,128,0.25,4,2,32,0.0001,"{'model__batch_size': 64, 'model__callbacks__early_stopping__patience': 10, 'model__lr': 0.0001, 'model__max_epochs': 500, 'model__module__d_model': 96, 'model__module__dim_feedforward': 128, 'model__module__dropout': 0.25, 'model__module__nhead': 4, 'model__module__num_layers': 2, 'model__module__patch_size': 32, 'model__optimizer__weight_decay': 0.0001}",0.9021739130434783,0.9058441558441559,0.9137705774758296,0.7558893820416525,0.7922115664051148,0.8539779189620461,0.06636951976521309,41,0.8874113475177305,0.8611336983430007,0.9036370453693288,0.9547050561797753,0.9708518490622882,0.9155477992944245,0.041197691798230254
54,4.491810464859009,0.7202053916883248,0.023365163803100587,0.0021637245306769955,64,10,0.0001,500,96,128,0.25,4,3,16,0.0001,"{'model__batch_size': 64, 'model__callbacks__early_stopping__patience': 10, 'model__lr': 0.0001, 'model__max_epochs': 500, 'model__module__d_model': 96, 'model__module__dim_feedforward': 128, 'model__module__dropout': 0.25, 'model__module__nhead': 4, 'model__module__num_layers': 3, 'model__module__patch_size': 16, 'model__optimizer__weight_decay': 0.0001}",0.8665377176015474,0.755960729312763,0.9318181818181819,0.7896440129449838,0.7922115664051148,0.8272344416165183,0.06356428305120128,243,0.9268914473684211,0.8598880563000237,0.9158893798069057,0.9123938879456706,0.9564671253679297,0.9143059793577901,0.03131590598531827
55,3.247314453125,0.4545355006452483,0.02649860382080078,0.005759686338419346,64,10,0.0001,500,96,128,0.25,4,3,32,0.0001,"{'model__batch_size': 64, 'model__callbacks__early_stopping__patience': 10, 'model__lr': 0.0001, 'model__max_epochs': 500, 'model__module__d_model': 96, 'model__module__dim_feedforward': 128, 'model__module__dropout': 0.25, 'model__module__nhead': 4, 'model__module__num_layers': 3, 'model__module__patch_size': 32, 'model__optimizer__weight_decay': 0.0001}",0.8479804161566707,0.8310445276737412,0.9482623464854978,0.800273130761352,0.7922115664051148,0.8439543974964753,0.05594353478342739,116,0.9276353276353276,0.8749455495861769,0.9000155617802676,0.941317470037617,0.9522399111440207,0.919230764036682,0.028208038856650373
56,3.4791913509368895,0.429816870307962,0.021967649459838867,0.0020599994771221064,64,10,0.0001,500,96,256,0.1,4,2,16,0.0001,"{'model__batch_size': 64, 'model__callbacks__early_stopping__patience': 10, 'model__lr': 0.0001, 'model__max_epochs': 500, 'model__module__d_model': 96, 'model__module__dim_feedforward': 256, 'model__module__dropout': 0.1, 'model__module__nhead': 4, 'model__module__num_layers': 2, 'model__module__patch_size': 16, 'model__optimizer__weight_decay': 0.0001}",0.8548047696983867,0.7898550724637681,0.9666329625884732,0.7896440129449838,0.7695035460992907,0.8340880727589806,0.07225001481482772,206,0.9331403000789682,0.8611336983430007,0.9054579953145269,0.9117376978339545,0.9514197484371469,0.9125778880015194,0.03042829720361357
57,2.600026035308838,0.3544966986059907,0.021310997009277344,0.0022914392912670744,64,10,0.0001,500,96,256,0.1,4,2,32,0.0001,"{'model__batch_size': 64, 'model__callbacks__early_stopping__patience': 10, 'model__lr': 0.0001, 'model__max_epochs': 500, 'model__module__d_model': 96, 'model__module__dim_feedforward': 256, 'model__module__dropout': 0.1, 'model__module__nhead': 4, 'model__module__num_layers': 2, 'model__module__patch_size': 32, 'model__optimizer__weight_decay': 0.0001}",0.8331721470019342,0.9058441558441559,0.8565217391304347,0.7558893820416525,0.7768878718535469,0.8256630591743448,0.05419416520365371,251,0.947779605263158,0.8708576998050682,0.9239239831863122,0.9148056101079268,0.9472441676735757,0.9209222132072081,0.028167512327684024
58,3.891762208938599,0.5975454445616194,0.024649953842163085,0.0018758328330215142,64,10,0.0001,500,96,256,0.1,4,3,16,0.0001,"{'model__batch_size': 64, 'model__callbacks__early_stopping__patience': 10, 'model__lr': 0.0001, 'model__max_epochs': 500, 'model__module__d_model': 96, 'model__module__dim_feedforward': 256, 'model__module__dropout': 0.1, 'model__module__nhead': 4, 'model__module__num_layers': 3, 'model__module__patch_size': 16, 'model__optimizer__weight_decay': 0.0001}",0.8331721470019342,0.8017094017094017,0.9332659251769464,0.7896440129449838,0.7695035460992907,0.8254590065865113,0.05772277763713579,252,0.9050112191473447,0.8446886446886447,0.886599520383693,0.8939504959342328,0.9509878419452888,0.8962475444198409,0.03414669269180522
59,2.8747106552124024,0.33900719341681124,0.02243504524230957,0.002327118748352424,64,10,0.0001,500,96,256,0.1,4,3,32,0.0001,"{'model__batch_size': 64, 'model__callbacks__early_stopping__patience': 10, 'model__lr': 0.0001, 'model__max_epochs': 500, 'model__module__d_model': 96, 'model__module__dim_feedforward': 256, 'model__module__dropout': 0.1, 'model__module__nhead': 4, 'model__module__num_layers': 3, 'model__module__patch_size': 32, 'model__optimizer__weight_decay': 0.0001}",0.8870703764320786,0.8850574712643677,0.876172607879925,0.7896440129449838,0.8079196217494089,0.8491728180541529,0.04170953550627177,75,0.8930526315789473,0.8781307485495967,0.9264032073310424,0.9361431299059473,0.9564671253679297,0.9180393685466927,0.02860568979501616
60,3.557137632369995,0.5259105260062261,0.02321457862854004,0.0018728926949456897,64,10,0.0001,500,96,256,0.25,4,2,16,0.0001,"{'model__batch_size': 64, 'model__callbacks__early_stopping__patience': 10, 'model__lr': 0.0001, 'model__max_epochs': 500, 'model__module__d_model': 96, 'model__module__dim_feedforward': 256, 'model__module__dropout': 0.25, 'model__module__nhead': 4, 'model__module__num_layers': 2, 'model__module__patch_size': 16, 'model__optimizer__weight_decay': 0.0001}",0.8402777777777777,0.8215384615384616,0.9494252873563218,0.7896440129449838,0.7695035460992907,0.8340778171433672,0.06268159741390945,207,0.9283526756931012,0.8635015363847889,0.9231658461722441,0.904550499445061,0.9571926331508214,0.9153526381692034,0.03093818136948802
61,2.7942965984344483,0.457581809397077,0.021039152145385744,0.001742047500289625,64,10,0.0001,500,96,256,0.25,4,2,32,0.0001,"{'model__batch_size': 64, 'model__callbacks__early_stopping__patience': 10, 'model__lr': 0.0001, 'model__max_epochs': 500, 'model__module__d_model': 96, 'model__module__dim_feedforward': 256, 'model__module__dropout': 0.25, 'model__module__nhead': 4, 'model__module__num_layers': 2, 'model__module__patch_size': 32, 'model__optimizer__weight_decay': 0.0001}",0.8141982864137087,0.8850574712643677,0.9494252873563218,0.7724089635854342,0.8079196217494089,0.8458019260738482,0.06340218418194454,98,0.9228541923988094,0.870710684664173,0.9334104000159449,0.9318217853179007,0.9708518490622882,0.9259297822918231,0.032147396224658176
62,3.9979020595550536,0.6589110515794406,0.024526023864746095,0.002373491835421698,64,10,0.0001,500,96,256,0.25,4,3,16,0.0001,"{'model__batch_size': 64, 'model__callbacks__early_stopping__patience': 10, 'model__lr': 0.0001, 'model__max_epochs': 500, 'model__module__d_model': 96, 'model__module__dim_feedforward': 256, 'model__module__dropout': 0.25, 'model__module__nhead': 4, 'model__module__num_layers': 3, 'model__module__patch_size': 16, 'model__optimizer__weight_decay': 0.0001}",0.8630952380952381,0.8017094017094017,0.9494252873563218,0.7896440129449838,0.7922115664051148,0.8392171013022122,0.06130228155464368,154,0.9039818548387097,0.8502251636310598,0.8855544153807431,0.9052051439069198,0.956836137187471,0.9003605429889807,0.034522034921926854
63,2.9657240390777586,0.3265071308828208,0.02218141555786133,0.0017108614997575686,64,10,0.0001,500,96,256,0.25,4,3,32,0.0001,"{'model__batch_size': 64, 'model__callbacks__early_stopping__patience': 10, 'model__lr': 0.0001, 'model__max_epochs': 500, 'model__module__d_model': 96, 'model__module__dim_feedforward': 256, 'model__module__dropout': 0.25, 'model__module__nhead': 4, 'model__module__num_layers': 3, 'model__module__patch_size': 32, 'model__optimizer__weight_decay': 0.0001}",0.8141982864137087,0.7705494505494506,0.8565217391304347,0.7724089635854342,0.7768878718535469,0.798113262306515,0.03329044925086401,288,0.8919958693583332,0.853039041703638,0.9016812644719621,0.9365870786516854,0.9611357987497176,0.9088878105870674,0.037291979538605524
64,3.6380201816558837,0.7039379293611092,0.022744178771972656,0.0018607245629662292,64,10,0.0001,500,96,384,0.1,4,2,16,0.0001,"{'model__batch_size': 64, 'model__callbacks__early_stopping__patience': 10, 'model__lr': 0.0001, 'model__max_epochs': 500, 'model__module__d_model': 96, 'model__module__dim_feedforward': 384, 'model__module__dropout': 0.1, 'model__module__nhead': 4, 'model__module__num_layers': 2, 'model__module__patch_size': 16, 'model__optimizer__weight_decay': 0.0001}",0.8516129032258064,0.8310445276737412,0.9494252873563218,0.7896440129449838,0.7695035460992907,0.8382460554600287,0.06273603008884968,165,0.921259842519685,0.8823289106765422,0.9215650369285235,0.9087758998656389,0.9611357987497176,0.9190130977480214,0.025441745210997666
65,2.5836605072021483,0.43865259668800155,0.0203521728515625,0.001611531796608324,64,10,0.0001,500,96,384,0.1,4,2,32,0.0001,"{'model__batch_size': 64, 'model__callbacks__early_stopping__patience': 10, 'model__lr': 0.0001, 'model__max_epochs': 500, 'model__module__d_model': 96, 'model__module__dim_feedforward': 384, 'model__module__dropout': 0.1, 'model__module__nhead': 4, 'model__module__num_layers': 2, 'model__module__patch_size': 32, 'model__optimizer__weight_decay': 0.0001}",0.9021739130434783,0.8587662337662337,0.8952380952380952,0.7724089635854342,0.7922115664051148,0.8441597544076712,0.05298071151622449,115,0.931758530183727,0.8802876709853454,0.8934935764608372,0.9184691011235955,0.9758150696488498,0.9199647896804711,0.03327335885999489
66,3.804175090789795,0.7905421069808929,0.024111270904541016,0.0021901252610448344,64,10,0.0001,500,96,384,0.1,4,3,16,0.0001,"{'model__batch_size': 64, 'model__callbacks__early_stopping__patience': 10, 'model__lr': 0.0001, 'model__max_epochs': 500, 'model__module__d_model': 96, 'model__module__dim_feedforward': 384, 'model__module__dropout': 0.1, 'model__module__nhead': 4, 'model__module__num_layers': 3, 'model__module__patch_size': 16, 'model__optimizer__weight_decay': 0.0001}",0.8516129032258064,0.8310445276737412,0.9137705774758296,0.7927295918367347,0.7544318512060448,0.8287178902836313,0.053994680635634756,236,0.9088163868651673,0.8855785837651122,0.8855650906735751,0.8845438898450947,0.9376521981596804,0.900431229861726,0.020735101168050617
67,2.7793746471405028,0.6617120310197677,0.022954511642456054,0.0020527623637322133,64,10,0.0001,500,96,384,0.1,4,3,32,0.0001,"{'model__batch_size': 64, 'model__callbacks__early_stopping__patience': 10, 'model__lr': 0.0001, 'model__max_epochs': 500, 'model__module__d_model': 96, 'model__module__dim_feedforward': 384, 'model__module__dropout': 0.1, 'model__module__nhead': 4, 'model__module__num_layers': 3, 'model__module__patch_size': 32, 'model__optimizer__weight_decay': 0.0001}",0.8630952380952381,0.8310445276737412,0.8310099573257468,0.7833333333333333,0.8463356973995272,0.8309637507655173,0.026598475693385377,225,0.9204177545691906,0.8823289106765422,0.9021573604060913,0.9058377795929717,0.9426878933728249,0.9106859397235241,0.020095749181152353
68,3.43932466506958,0.5540362808023185,0.027572441101074218,0.00861037375320097,64,10,0.0001,500,96,384,0.25,4,2,16,0.0001,"{'model__batch_size': 64, 'model__callbacks__early_stopping__patience': 10, 'model__lr': 0.0001, 'model__max_epochs': 500, 'model__module__d_model': 96, 'model__module__dim_feedforward': 384, 'model__module__dropout': 0.25, 'model__module__nhead': 4, 'model__module__num_layers': 2, 'model__module__patch_size': 16, 'model__optimizer__weight_decay': 0.0001}",0.8665377176015474,0.755960729312763,0.9504380475594494,0.7896440129449838,0.7849624060150375,0.8295085826867563,0.07067945220447136,232,0.9164473684210526,0.8598880563000237,0.9192458758837392,0.9058377795929717,0.9422043010752688,0.9087246762546112,0.027146161846527628
69,2.7496077537536623,0.513120321649589,0.021255683898925782,0.00177864018034927,64,10,0.0001,500,96,384,0.25,4,2,32,0.0001,"{'model__batch_size': 64, 'model__callbacks__early_stopping__patience': 10, 'model__lr': 0.0001, 'model__max_epochs': 500, 'model__module__d_model': 96, 'model__module__dim_feedforward': 384, 'model__module__dropout': 0.25, 'model__module__nhead': 4, 'model__module__num_layers': 2, 'model__module__patch_size': 32, 'model__optimizer__weight_decay': 0.0001}",0.8331721470019342,0.8850574712643677,0.9482623464854978,0.7724089635854342,0.7922115664051148,0.8462224989484698,0.0639628268341509,94,0.931758530183727,0.8855785837651122,0.9223799456357595,0.9142332254395941,0.9758150696488498,0.9259530709346085,0.02932624588964731
70,3.7190378189086912,0.734744676105184,0.023725175857543947,0.0021035410633956837,64,10,0.0001,500,96,384,0.25,4,3,16,0.0001,"{'model__batch_size': 64, 'model__callbacks__early_stopping__patience': 10, 'model__lr': 0.0001, 'model__max_epochs': 500, 'model__module__d_model': 96, 'model__module__dim_feedforward': 384, 'model__module__dropout': 0.25, 'model__module__nhead': 4, 'model__module__num_layers': 3, 'model__module__patch_size': 16, 'model__optimizer__weight_decay': 0.0001}",0.8516129032258064,0.8215384615384616,0.9332659251769464,0.8266666666666667,0.7922115664051148,0.8450591046025991,0.047974493617214765,105,0.9172975172975173,0.8585990542604279,0.8832348932303498,0.8957843713278495,0.9617919289152166,0.9033415530062723,0.034855402277072275
71,2.8214593887329102,0.44236351987601,0.021988821029663087,0.002066494793584453,64,10,0.0001,500,96,384,0.25,4,3,32,0.0001,"{'model__batch_size': 64, 'model__callbacks__early_stopping__patience': 10, 'model__lr': 0.0001, 'model__max_epochs': 500, 'model__module__d_model': 96, 'model__module__dim_feedforward': 384, 'model__module__dropout': 0.25, 'model__module__nhead': 4, 'model__module__num_layers': 3, 'model__module__patch_size': 32, 'model__optimizer__weight_decay': 0.0001}",0.8817625458996328,0.7705494505494506,0.9301587301587302,0.7724089635854342,0.7922115664051148,0.8294182513196725,0.06478966159228912,233,0.932462007322411,0.8516348163630935,0.9176282051282052,0.9232613069722684,0.955689559758029,0.9161351791088015,0.03476901484773395
72,3.6708305358886717,0.8192397827809108,0.022201347351074218,0.0018113566401397232,64,10,0.0001,500,128,128,0.1,4,2,16,0.0001,"{'model__batch_size': 64, 'model__callbacks__early_stopping__patience': 10, 'model__lr': 0.0001, 'model__max_epochs': 500, 'model__module__d_model': 128, 'model__module__dim_feedforward': 128, 'model__module__dropout': 0.1, 'model__module__nhead': 4, 'model__module__num_layers': 2, 'model__module__patch_size': 16, 'model__optimizer__weight_decay': 0.0001}",0.8141982864137087,0.8587662337662337,0.9137705774758296,0.7896440129449838,0.7922115664051148,0.8337181354011742,0.047078973562351835,209,0.938588007736944,0.8901630284609008,0.9394344069128044,0.9232613069722684,0.9661410975083897,0.9315175695182614,0.024858881868307488
73,2.4245440006256103,0.321687568441557,0.020139551162719725,0.0016631357192048088,64,10,0.0001,500,128,128,0.1,4,2,32,0.0001,"{'model__batch_size': 64, 'model__callbacks__early_stopping__patience': 10, 'model__lr': 0.0001, 'model__max_epochs': 500, 'model__module__d_model': 128, 'model__module__dim_feedforward': 128, 'model__module__dropout': 0.1, 'model__module__nhead': 4, 'model__module__num_layers': 2, 'model__module__patch_size': 32, 'model__optimizer__weight_decay': 0.0001}",0.8516129032258064,0.8215384615384616,0.876172607879925,0.7724089635854342,0.7397025171624714,0.8122870906784196,0.05014429585973358,281,0.9537125154392856,0.8851441549210313,0.9063714378238341,0.9500026425664605,0.9658439716312057,0.9322149444763635,0.030961283221123542
74,3.722814512252808,0.46258736624484975,0.023961782455444336,0.0020964357885212537,64,10,0.0001,500,128,128,0.1,4,3,16,0.0001,"{'model__batch_size': 64, 'model__callbacks__early_stopping__patience': 10, 'model__lr': 0.0001, 'model__max_epochs': 500, 'model__module__d_model': 128, 'model__module__dim_feedforward': 128, 'model__module__dropout': 0.1, 'model__module__nhead': 4, 'model__module__num_layers': 3, 'model__module__patch_size': 16, 'model__optimizer__weight_decay': 0.0001}",0.8999032882011606,0.8310445276737412,0.9137705774758296,0.8076923076923077,0.7849624060150375,0.8474746214116153,0.050802118913845076,86,0.9060032894736842,0.8771047374429224,0.8878708551483421,0.9270207198925111,0.956836137187471,0.9109671478289861,0.028518144481306122
75,2.8097304344177245,0.5323543396759661,0.02152361869812012,0.0021638517788790295,64,10,0.0001,500,128,128,0.1,4,3,32,0.0001,"{'model__batch_size': 64, 'model__callbacks__early_stopping__patience': 10, 'model__lr': 0.0001, 'model__max_epochs': 500, 'model__module__d_model': 128, 'model__module__dim_feedforward': 128, 'model__module__dropout': 0.1, 'model__module__nhead': 4, 'model__module__num_layers': 3, 'model__module__patch_size': 32, 'model__optimizer__weight_decay': 0.0001}",0.8870703764320786,0.8423913043478262,0.9318181818181819,0.7724089635854342,0.8008578431372549,0.8469093338641551,0.057469782253927695,89,0.9125680847186506,0.8865582191780822,0.9137805142778206,0.9327412711378369,0.9952040152430524,0.9281704209110885,0.0365963743600431
76,3.822485589981079,1.1919876180846627,0.023798131942749025,0.0016058804027194052,64,10,0.0001,500,128,128,0.25,4,2,16,0.0001,"{'model__batch_size': 64, 'model__callbacks__early_stopping__patience': 10, 'model__lr': 0.0001, 'model__max_epochs': 500, 'model__module__d_model': 128, 'model__module__dim_feedforward': 128, 'model__module__dropout': 0.25, 'model__module__nhead': 4, 'model__module__num_layers': 2, 'model__module__patch_size': 16, 'model__optimizer__weight_decay': 0.0001}",0.8892455858747994,0.8850574712643677,0.9666329625884732,0.7896440129449838,0.7544318512060448,0.8570023767757338,0.07603083597990301,30,0.9181173436492586,0.8832989836002043,0.9045636665689436,0.9136409280693409,0.9952040152430524,0.9229649874261601,0.03805500056974884
77,2.6295178890228272,0.43956316497208303,0.02105875015258789,0.0018658117371862398,64,10,0.0001,500,128,128,0.25,4,2,32,0.0001,"{'model__batch_size': 64, 'model__callbacks__early_stopping__patience': 10, 'model__lr': 0.0001, 'model__max_epochs': 500, 'model__module__d_model': 128, 'model__module__dim_feedforward': 128, 'model__module__dropout': 0.25, 'model__module__nhead': 4, 'model__module__num_layers': 2, 'model__module__patch_size': 32, 'model__optimizer__weight_decay': 0.0001}",0.8548047696983867,0.8017094017094017,0.876172607879925,0.7428982380438691,0.7397025171624714,0.8030575068988108,0.055961427680110955,287,0.9639986231194444,0.8718568665377175,0.8890077120822621,0.9500026425664605,0.9611357987497176,0.9272003286111203,0.03885164317131892
78,4.974813318252563,1.4147135388853302,0.024598360061645508,0.0017937181675190333,64,10,0.0001,500,128,128,0.25,4,3,16,0.0001,"{'model__batch_size': 64, 'model__callbacks__early_stopping__patience': 10, 'model__lr': 0.0001, 'model__max_epochs': 500, 'model__module__d_model': 128, 'model__module__dim_feedforward': 128, 'model__module__dropout': 0.25, 'model__module__nhead': 4, 'model__module__num_layers': 3, 'model__module__patch_size': 16, 'model__optimizer__weight_decay': 0.0001}",0.8870703764320786,0.8423913043478262,0.9318181818181819,0.7896440129449838,0.7849624060150375,0.8471772563116217,0.056496396928411644,88,0.9098067885117493,0.9027590906708137,0.9702821461609621,0.9100230173676501,0.9611357987497176,0.9308013682921785,0.028767311566431975
79,2.392292356491089,0.1613093348817346,0.021349287033081053,0.0018728292647576048,64,10,0.0001,500,128,128,0.25,4,3,32,0.0001,"{'model__batch_size': 64, 'model__callbacks__early_stopping__patience': 10, 'model__lr': 0.0001, 'model__max_epochs': 500, 'model__module__d_model': 128, 'model__module__dim_feedforward': 128, 'model__module__dropout': 0.25, 'model__module__nhead': 4, 'model__module__num_layers': 3, 'model__module__patch_size': 32, 'model__optimizer__weight_decay': 0.0001}",0.8817625458996328,0.7705494505494506,0.8565217391304347,0.7724089635854342,0.7922115664051148,0.8146908531140135,0.0458038752322595,277,0.931758530183727,0.8926350649121879,0.8855650906735751,0.904550499445061,0.9476798849621149,0.9124378140353333,0.023629623360742945
80,3.5695153713226317,0.8179749716005253,0.02197604179382324,0.0017137612338378682,64,10,0.0001,500,128,256,0.1,4,2,16,0.0001,"{'model__batch_size': 64, 'model__callbacks__early_stopping__patience': 10, 'model__lr': 0.0001, 'model__max_epochs': 500, 'model__module__d_model': 128, 'model__module__dim_feedforward': 256, 'model__module__dropout': 0.1, 'model__module__nhead': 4, 'model__module__num_layers': 2, 'model__module__patch_size': 16, 'model__optimizer__weight_decay': 0.0001}",0.8186379928315413,0.8310445276737412,0.9318181818181819,0.7896440129449838,0.7397025171624714,0.822169446486184,0.06320250256126317,263,0.9146505376344086,0.8832989836002043,0.9293401413982718,0.944464375403602,0.9807347670250897,0.9304977610123153,0.032245998982324955
81,2.385245656967163,0.3534444123025044,0.02051253318786621,0.0016535325621918374,64,10,0.0001,500,128,256,0.1,4,2,32,0.0001,"{'model__batch_size': 64, 'model__callbacks__early_stopping__patience': 10, 'model__lr': 0.0001, 'model__max_epochs': 500, 'model__module__d_model': 128, 'model__module__dim_feedforward': 256, 'model__module__dropout': 0.1, 'model__module__nhead': 4, 'model__module__num_layers': 2, 'model__module__patch_size': 32, 'model__optimizer__weight_decay': 0.0001}",0.9021739130434783,0.8725274725274725,0.8362282878411911,0.7724089635854342,0.7768878718535469,0.8320453017702245,0.051328667521976255,215,0.9537125154392856,0.9027590906708137,0.9490322068856101,0.9404928765324769,0.985612045729157,0.9463217470514687,0.026598414924664172
82,3.737457847595215,0.5626454161578878,0.024406290054321288,0.002264586684160921,64,10,0.0001,500,128,256,0.1,4,3,16,0.0001,"{'model__batch_size': 64, 'model__callbacks__early_stopping__patience': 10, 'model__lr': 0.0001, 'model__max_epochs': 500, 'model__module__d_model': 128, 'model__module__dim_feedforward': 256, 'model__module__dropout': 0.1, 'model__module__nhead': 4, 'model__module__num_layers': 3, 'model__module__patch_size': 16, 'model__optimizer__weight_decay': 0.0001}",0.8870703764320786,0.8587662337662337,0.9494252873563218,0.7896440129449838,0.7922115664051148,0.8554234953809466,0.06028552753214893,36,0.8976466795615732,0.8832989836002043,0.8878708551483421,0.9038731082447705,0.9431551116333725,0.9031689476376525,0.021254325219203254
83,2.7223557949066164,0.5783784657594476,0.022083330154418945,0.0021161315578315434,64,10,0.0001,500,128,256,0.1,4,3,32,0.0001,"{'model__batch_size': 64, 'model__callbacks__early_stopping__patience': 10, 'model__lr': 0.0001, 'model__max_epochs': 500, 'model__module__d_model': 128, 'model__module__dim_feedforward': 256, 'model__module__dropout': 0.1, 'model__module__nhead': 4, 'model__module__num_layers': 3, 'model__module__patch_size': 32, 'model__optimizer__weight_decay': 0.0001}",0.8870703764320786,0.8850574712643677,0.9137705774758296,0.8266666666666667,0.8079196217494089,0.8640969427176703,0.03997876776515164,9,0.9331403000789682,0.9070175438596491,0.900940487203207,0.9136409280693409,0.9903673835125448,0.929021328544742,0.03252556316595475
84,3.447006845474243,0.7227107078259818,0.02224307060241699,0.001646216920272542,64,10,0.0001,500,128,256,0.25,4,2,16,0.0001,"{'model__batch_size': 64, 'model__callbacks__early_stopping__patience': 10, 'model__lr': 0.0001, 'model__max_epochs': 500, 'model__module__d_model': 128, 'model__module__dim_feedforward': 256, 'model__module__dropout': 0.25, 'model__module__nhead': 4, 'model__module__num_layers': 2, 'model__module__patch_size': 16, 'model__optimizer__weight_decay': 0.0001}",0.8845878136200717,0.8651162790697675,0.9318181818181819,0.7896440129449838,0.7922115664051148,0.8526755707716239,0.05489187272434941,53,0.9022819770384919,0.8934980516870817,0.9045636665689436,0.9232613069722684,0.9661410975083897,0.917949219955035,0.02597371941144291
85,2.2857593536376952,0.39545555378218716,0.02150564193725586,0.0023393320413184937,64,10,0.0001,500,128,256,0.25,4,2,32,0.0001,"{'model__batch_size': 64, 'model__callbacks__early_stopping__patience': 10, 'model__lr': 0.0001, 'model__max_epochs': 500, 'model__module__d_model': 128, 'model__module__dim_feedforward': 256, 'model__module__dropout': 0.25, 'model__module__nhead': 4, 'model__module__num_layers': 2, 'model__module__patch_size': 32, 'model__optimizer__weight_decay': 0.0001}",0.8870703764320786,0.8215384615384616,0.8977272727272727,0.7724089635854342,0.7985347985347986,0.8354559745636092,0.04913971317919028,195,0.9283526756931012,0.8926350649121879,0.9215650369285235,0.9409122139421806,0.985612045729157,0.9338154074410301,0.03036112655058145
86,3.5769205570220945,0.5020230415400552,0.024080610275268553,0.001989470638603055,64,10,0.0001,500,128,256,0.25,4,3,16,0.0001,"{'model__batch_size': 64, 'model__callbacks__early_stopping__patience': 10, 'model__lr': 0.0001, 'model__max_epochs': 500, 'model__module__d_model': 128, 'model__module__dim_feedforward': 256, 'model__module__dropout': 0.25, 'model__module__nhead': 4, 'model__module__num_layers': 3, 'model__module__patch_size': 16, 'model__optimizer__weight_decay': 0.0001}",0.8870703764320786,0.8215384615384616,0.9137705774758296,0.8076923076923077,0.7922115664051148,0.8444566579087585,0.04738514368462883,109,0.9125680847186506,0.8557064033686657,0.9184515310169761,0.917898309879075,0.960790273556231,0.9130829205079196,0.033527097289777506
87,2.6414870738983156,0.6873695905126328,0.02211627960205078,0.0019460732207951658,64,10,0.0001,500,128,256,0.25,4,3,32,0.0001,"{'model__batch_size': 64, 'model__callbacks__early_stopping__patience': 10, 'model__lr': 0.0001, 'model__max_epochs': 500, 'model__module__d_model': 128, 'model__module__dim_feedforward': 256, 'model__module__dropout': 0.25, 'model__module__nhead': 4, 'model__module__num_layers': 3, 'model__module__patch_size': 32, 'model__optimizer__weight_decay': 0.0001}",0.8548047696983867,0.8310445276737412,0.8952380952380952,0.8266666666666667,0.8299912816041848,0.847549068176215,0.025859771561250633,85,0.9181173436492586,0.9113072275361553,0.895506205347635,0.9003511235955056,0.9903673835125448,0.9231298567282199,0.03454771093771664
88,3.8375089168548584,0.8911888923160122,0.023822021484375,0.0020192129174040866,64,10,0.0001,500,128,384,0.1,4,2,16,0.0001,"{'model__batch_size': 64, 'model__callbacks__early_stopping__patience': 10, 'model__lr': 0.0001, 'model__max_epochs': 500, 'model__module__d_model': 128, 'model__module__dim_feedforward': 384, 'model__module__dropout': 0.1, 'model__module__nhead': 4, 'model__module__num_layers': 2, 'model__module__patch_size': 16, 'model__optimizer__weight_decay': 0.0001}",0.8186379928315413,0.7756286266924565,0.9157088122605364,0.7896440129449838,0.7458646616541353,0.8090968212767307,0.058230556218242135,282,0.9155655281309731,0.8823289106765422,0.9200124494242141,0.9142332254395941,0.9760200762152617,0.9216320379773169,0.030321485962131
89,2.3003840923309324,0.47710802330519864,0.021201467514038085,0.0010646537332289854,64,10,0.0001,500,128,384,0.1,4,2,32,0.0001,"{'model__batch_size': 64, 'model__callbacks__early_stopping__patience': 10, 'model__lr': 0.0001, 'model__max_epochs': 500, 'model__module__d_model': 128, 'model__module__dim_feedforward': 384, 'model__module__dropout': 0.1, 'model__module__nhead': 4, 'model__module__num_layers': 2, 'model__module__patch_size': 32, 'model__optimizer__weight_decay': 0.0001}",0.8722222222222222,0.8512820512820514,0.9318181818181819,0.726890756302521,0.7768878718535469,0.8318202166957047,0.07216430177439491,217,0.9493175832069598,0.8926350649121879,0.9215650369285235,0.9400589759628273,0.951836917562724,0.9310827157146445,0.021966468066394514
90,3.7622875690460207,0.6204211047043965,0.025104522705078125,0.0025505555364934455,64,10,0.0001,500,128,384,0.1,4,3,16,0.0001,"{'model__batch_size': 64, 'model__callbacks__early_stopping__patience': 10, 'model__lr': 0.0001, 'model__max_epochs': 500, 'model__module__d_model': 128, 'model__module__dim_feedforward': 384, 'model__module__dropout': 0.1, 'model__module__nhead': 4, 'model__module__num_layers': 3, 'model__module__patch_size': 16, 'model__optimizer__weight_decay': 0.0001}",0.8695652173913043,0.8512820512820514,0.8977272727272727,0.7724089635854342,0.8140732265446224,0.8410113463061369,0.043748043283561355,133,0.913423558897243,0.8926350649121879,0.9016812644719621,0.9058377795929717,0.9336809635722679,0.9094517262893266,0.013849708885250583
91,2.3741790771484377,0.4488874132909561,0.022492694854736327,0.002229948582619576,64,10,0.0001,500,128,384,0.1,4,3,32,0.0001,"{'model__batch_size': 64, 'model__callbacks__early_stopping__patience': 10, 'model__lr': 0.0001, 'model__max_epochs': 500, 'model__module__d_model': 128, 'model__module__dim_feedforward': 384, 'model__module__dropout': 0.1, 'model__module__nhead': 4, 'model__module__num_layers': 3, 'model__module__patch_size': 32, 'model__optimizer__weight_decay': 0.0001}",0.8870703764320786,0.8587662337662337,0.9494252873563218,0.7512755102040816,0.7544318512060448,0.8401938517929521,0.07711736596282637,139,0.9268914473684211,0.9019711462241716,0.8895243435192972,0.9148056101079268,0.9514197484371469,0.9169224591313927,0.021298465871731002
92,3.54398512840271,0.5462517530621442,0.02258901596069336,0.0017107171894067271,64,10,0.0001,500,128,384,0.25,4,2,16,0.0001,"{'model__batch_size': 64, 'model__callbacks__early_stopping__patience': 10, 'model__lr': 0.0001, 'model__max_epochs': 500, 'model__module__d_model': 128, 'model__module__dim_feedforward': 384, 'model__module__dropout': 0.25, 'model__module__nhead': 4, 'model__module__num_layers': 2, 'model__module__patch_size': 16, 'model__optimizer__weight_decay': 0.0001}",0.8665377176015474,0.8017094017094017,0.9504380475594494,0.7896440129449838,0.7849624060150375,0.838658317166084,0.06312344151184893,161,0.9331403000789682,0.8842370127033496,0.89806441377122,0.9100230173676501,0.9560851063829787,0.9163099700608335,0.025559429454130308
93,2.0603710174560548,0.2305344207646556,0.020782995223999023,0.0017169132196655197,64,10,0.0001,500,128,384,0.25,4,2,32,0.0001,"{'model__batch_size': 64, 'model__callbacks__early_stopping__patience': 10, 'model__lr': 0.0001, 'model__max_epochs': 500, 'model__module__d_model': 128, 'model__module__dim_feedforward': 384, 'model__module__dropout': 0.25, 'model__module__nhead': 4, 'model__module__num_layers': 2, 'model__module__patch_size': 32, 'model__optimizer__weight_decay': 0.0001}",0.8870703764320786,0.8587662337662337,0.8362282878411911,0.8076923076923077,0.7768878718535469,0.8333290155170717,0.03843549196094907,210,0.9434264077591269,0.8934980516870817,0.8924321846411416,0.9100230173676501,0.9522399111440207,0.9183239145198042,0.02504412118192023
94,3.736327600479126,0.6434232440185825,0.024617910385131836,0.0015905520514809684,64,10,0.0001,500,128,384,0.25,4,3,16,0.0001,"{'model__batch_size': 64, 'model__callbacks__early_stopping__patience': 10, 'model__lr': 0.0001, 'model__max_epochs': 500, 'model__module__d_model': 128, 'model__module__dim_feedforward': 384, 'model__module__dropout': 0.25, 'model__module__nhead': 4, 'model__module__num_layers': 3, 'model__module__patch_size': 16, 'model__optimizer__weight_decay': 0.0001}",0.8845878136200717,0.8215384615384616,0.9137705774758296,0.7896440129449838,0.7922115664051148,0.8403504863968922,0.05017936875064924,137,0.906959706959707,0.888421052631579,0.8901910516999328,0.8961770623742454,0.9422043010752688,0.9047906349481467,0.019797939161384302
95,2.3572635650634766,0.3419294500419508,0.021702671051025392,0.0017290013676474318,64,10,0.0001,500,128,384,0.25,4,3,32,0.0001,"{'model__batch_size': 64, 'model__callbacks__early_stopping__patience': 10, 'model__lr': 0.0001, 'model__max_epochs': 500, 'model__module__d_model': 128, 'model__module__dim_feedforward': 384, 'model__module__dropout': 0.25, 'model__module__nhead': 4, 'model__module__num_layers': 3, 'model__module__patch_size': 32, 'model__optimizer__weight_decay': 0.0001}",0.8695652173913043,0.8310445276737412,0.876172607879925,0.7724089635854342,0.7768878718535469,0.8252158376767904,0.044094425429051,254,0.9268914473684211,0.8855785837651122,0.8924321846411416,0.9190207156308852,0.9467931532274696,0.9141432169266059,0.02253722655523303
96,2.5207035064697267,0.5069131399009921,0.022894620895385742,0.0021994094926159106,64,10,0.0002,500,96,128,0.1,4,2,16,0.0001,"{'model__batch_size': 64, 'model__callbacks__early_stopping__patience': 10, 'model__lr': 0.0002, 'model__max_epochs': 500, 'model__module__d_model': 96, 'model__module__dim_feedforward': 128, 'model__module__dropout': 0.1, 'model__module__nhead': 4, 'model__module__num_layers': 2, 'model__module__patch_size': 16, 'model__optimizer__weight_decay': 0.0001}",0.7763888888888889,0.8423913043478262,0.9494252873563218,0.7724089635854342,0.7849624060150375,0.8251153700387018,0.06710575119334036,255,0.932462007322411,0.8823289106765422,0.9264032073310424,0.9100230173676501,0.9505406027145158,0.9203515490824323,0.02300897357236687
97,1.8693333625793458,0.3650882309202389,0.021622514724731444,0.0016177716929556421,64,10,0.0002,500,96,128,0.1,4,2,32,0.0001,"{'model__batch_size': 64, 'model__callbacks__early_stopping__patience': 10, 'model__lr': 0.0002, 'model__max_epochs': 500, 'model__module__d_model': 96, 'model__module__dim_feedforward': 128, 'model__module__dropout': 0.1, 'model__module__nhead': 4, 'model__module__num_layers': 2, 'model__module__patch_size': 32, 'model__optimizer__weight_decay': 0.0001}",0.8665377176015474,0.8215384615384616,0.9301587301587302,0.7896440129449838,0.7766323024054982,0.8369022449298441,0.055994438259600175,176,0.9537125154392856,0.8875053063534739,0.8990573448546739,0.9227313566936208,0.985612045729157,0.9297237138140423,0.03597410574128979
98,2.8222636699676515,0.5307647816949028,0.023625898361206054,0.002327462281060304,64,10,0.0002,500,96,128,0.1,4,3,16,0.0001,"{'model__batch_size': 64, 'model__callbacks__early_stopping__patience': 10, 'model__lr': 0.0002, 'model__max_epochs': 500, 'model__module__d_model': 96, 'model__module__dim_feedforward': 128, 'model__module__dropout': 0.1, 'model__module__nhead': 4, 'model__module__num_layers': 3, 'model__module__patch_size': 16, 'model__optimizer__weight_decay': 0.0001}",0.8548047696983867,0.8651162790697675,0.9504380475594494,0.7896440129449838,0.7610294117647058,0.8442065042074587,0.0659244672017187,114,0.9488233397807866,0.8934980516870817,0.9154097852814188,0.8974117987275883,0.9560851063829787,0.9222456163719709,0.025850942058677488
99,1.8501041412353516,0.26235854108348416,0.021132564544677733,0.0019036428727587018,64,10,0.0002,500,96,128,0.1,4,3,32,0.0001,"{'model__batch_size': 64, 'model__callbacks__early_stopping__patience': 10, 'model__lr': 0.0002, 'model__max_epochs': 500, 'model__module__d_model': 96, 'model__module__dim_feedforward': 128, 'model__module__dropout': 0.1, 'model__module__nhead': 4, 'model__module__num_layers': 3, 'model__module__patch_size': 32, 'model__optimizer__weight_decay': 0.0001}",0.8141982864137087,0.8850574712643677,0.8726220016542596,0.74,0.7985347985347986,0.8220825115734269,0.05267690216333283,264,0.9337944862155388,0.8985310498468393,0.9053755522827688,0.9106152993348116,0.9807347670250897,0.9258102309410094,0.029910094469564615
100,2.318195629119873,0.32791572229387933,0.02143120765686035,0.0014897831735583256,64,10,0.0002,500,96,128,0.25,4,2,16,0.0001,"{'model__batch_size': 64, 'model__callbacks__early_stopping__patience': 10, 'model__lr': 0.0002, 'model__max_epochs': 500, 'model__module__d_model': 96, 'model__module__dim_feedforward': 128, 'model__module__dropout': 0.25, 'model__module__nhead': 4, 'model__module__num_layers': 2, 'model__module__patch_size': 16, 'model__optimizer__weight_decay': 0.0001}",0.8043478260869565,0.8423913043478262,0.9494252873563218,0.7724089635854342,0.7922115664051148,0.8321569895563308,0.06292123310802772,214,0.9276353276353276,0.8851441549210313,0.8900171179582944,0.9216155839513895,0.9463262411347517,0.9141476851201589,0.023223412825507505
101,1.8073643684387206,0.3194221961021814,0.0201385498046875,0.0019358571406357455,64,10,0.0002,500,96,128,0.25,4,2,32,0.0001,"{'model__batch_size': 64, 'model__callbacks__early_stopping__patience': 10, 'model__lr': 0.0002, 'model__max_epochs': 500, 'model__module__d_model': 96, 'model__module__dim_feedforward': 128, 'model__module__dropout': 0.25, 'model__module__nhead': 4, 'model__module__num_layers': 2, 'model__module__patch_size': 32, 'model__optimizer__weight_decay': 0.0001}",0.9041666666666667,0.7756286266924565,0.9494252873563218,0.7098214285714286,0.7927295918367347,0.8263543202247217,0.08773238557121538,249,0.9228541923988094,0.8598880563000237,0.9100140056022409,0.9190207156308852,0.9807347670250897,0.9185023473914098,0.03847016605250889
102,2.7651390552520754,0.49130857556896235,0.02374377250671387,0.0027654547478709324,64,10,0.0002,500,96,128,0.25,4,3,16,0.0001,"{'model__batch_size': 64, 'model__callbacks__early_stopping__patience': 10, 'model__lr': 0.0002, 'model__max_epochs': 500, 'model__module__d_model': 96, 'model__module__dim_feedforward': 128, 'model__module__dropout': 0.25, 'model__module__nhead': 4, 'model__module__num_layers': 3, 'model__module__patch_size': 16, 'model__optimizer__weight_decay': 0.0001}",0.8186379928315413,0.9058441558441559,0.9332659251769464,0.7896440129449838,0.7849624060150375,0.8464708985625331,0.06139351847078341,92,0.937973137973138,0.8832989836002043,0.9045636665689436,0.8889287508072038,0.9514197484371469,0.9132368574773274,0.026952555787972298
103,2.256323719024658,0.42623785930531183,0.02191786766052246,0.002418835738299831,64,10,0.0002,500,96,128,0.25,4,3,32,0.0001,"{'model__batch_size': 64, 'model__callbacks__early_stopping__patience': 10, 'model__lr': 0.0002, 'model__max_epochs': 500, 'model__module__d_model': 96, 'model__module__dim_feedforward': 128, 'model__module__dropout': 0.25, 'model__module__nhead': 4, 'model__module__num_layers': 3, 'model__module__patch_size': 32, 'model__optimizer__weight_decay': 0.0001}",0.9021739130434783,0.7898550724637681,0.876172607879925,0.7246660149885957,0.7985347985347986,0.8182804813821132,0.06379838613598883,273,0.9331403000789682,0.8572649096413514,0.9207197943444729,0.9106152993348116,0.9611357987497176,0.9165752204298643,0.03414808375942589
104,2.5937290668487547,0.55042385107847,0.022851276397705077,0.002230456721704909,64,10,0.0002,500,96,256,0.1,4,2,16,0.0001,"{'model__batch_size': 64, 'model__callbacks__early_stopping__patience': 10, 'model__lr': 0.0002, 'model__max_epochs': 500, 'model__module__d_model': 96, 'model__module__dim_feedforward': 256, 'model__module__dropout': 0.1, 'model__module__nhead': 4, 'model__module__num_layers': 2, 'model__module__patch_size': 16, 'model__optimizer__weight_decay': 0.0001}",0.9021739130434783,0.8017094017094017,0.9318181818181819,0.7724089635854342,0.8008578431372549,0.8417936606587502,0.06300303873251802,131,0.9283526756931012,0.8851441549210313,0.959225765508488,0.9081196581196581,0.951836917562724,0.9265358343610005,0.02743903787033138
105,1.839254903793335,0.27461649641036895,0.021494197845458984,0.0018793597646146163,64,10,0.0002,500,96,256,0.1,4,2,32,0.0001,"{'model__batch_size': 64, 'model__callbacks__early_stopping__patience': 10, 'model__lr': 0.0002, 'model__max_epochs': 500, 'model__module__d_model': 96, 'model__module__dim_feedforward': 256, 'model__module__dropout': 0.1, 'model__module__nhead': 4, 'model__module__num_layers': 2, 'model__module__patch_size': 32, 'model__optimizer__weight_decay': 0.0001}",0.9021739130434783,0.8587662337662337,0.9301587301587302,0.7246660149885957,0.8079196217494089,0.8447369027412893,0.07289067312921634,106,0.9268914473684211,0.8943326225273487,0.9312904884318767,0.9280184138941201,0.9805678993748588,0.932220174319325,0.027640128567981023
106,2.830875587463379,0.8972021807964723,0.024071645736694337,0.0016717337450532323,64,10,0.0002,500,96,256,0.1,4,3,16,0.0001,"{'model__batch_size': 64, 'model__callbacks__early_stopping__patience': 10, 'model__lr': 0.0002, 'model__max_epochs': 500, 'model__module__d_model': 96, 'model__module__dim_feedforward': 256, 'model__module__dropout': 0.1, 'model__module__nhead': 4, 'model__module__num_layers': 3, 'model__module__patch_size': 16, 'model__optimizer__weight_decay': 0.0001}",0.8239795918367347,0.8215384615384616,0.876172607879925,0.7558893820416525,0.7397025171624714,0.803456512091849,0.04972522099565342,286,0.8847724179646151,0.896011700913242,0.8855650906735751,0.9031721919399518,0.9807347670250897,0.9100512337032948,0.03599772577544331
107,2.102333974838257,0.4701190232604353,0.023861265182495116,0.003268311489094198,64,10,0.0002,500,96,256,0.1,4,3,32,0.0001,"{'model__batch_size': 64, 'model__callbacks__early_stopping__patience': 10, 'model__lr': 0.0002, 'model__max_epochs': 500, 'model__module__d_model': 96, 'model__module__dim_feedforward': 256, 'model__module__dropout': 0.1, 'model__module__nhead': 4, 'model__module__num_layers': 3, 'model__module__patch_size': 32, 'model__optimizer__weight_decay': 0.0001}",0.8331721470019342,0.8793175197669579,0.8152295632698767,0.74,0.7695035460992907,0.8074445552276119,0.04873710406645873,283,0.9488233397807866,0.8792138416379515,0.8970352564102564,0.9070397886176071,0.9758150696488498,0.9215854592190903,0.03547504968988969
108,2.4166347980499268,0.48385397596176616,0.02273850440979004,0.0017717360474858218,64,10,0.0002,500,96,256,0.25,4,2,16,0.0001,"{'model__batch_size': 64, 'model__callbacks__early_stopping__patience': 10, 'model__lr': 0.0002, 'model__max_epochs': 500, 'model__module__d_model': 96, 'model__module__dim_feedforward': 256, 'model__module__dropout': 0.25, 'model__module__nhead': 4, 'model__module__num_layers': 2, 'model__module__patch_size': 16, 'model__optimizer__weight_decay': 0.0001}",0.8259573492318275,0.8017094017094017,0.9137705774758296,0.7896440129449838,0.7695035460992907,0.8201169774922666,0.05026781591398384,271,0.9337944862155388,0.8718568665377175,0.8719430769537401,0.9173076923076923,0.9711021505376345,0.9132008545104646,0.03796064650538437
109,1.9468509674072265,0.2382394660395905,0.020989370346069337,0.001814286462117369,64,10,0.0002,500,96,256,0.25,4,2,32,0.0001,"{'model__batch_size': 64, 'model__callbacks__early_stopping__patience': 10, 'model__lr': 0.0002, 'model__max_epochs': 500, 'model__module__d_model': 96, 'model__module__dim_feedforward': 256, 'model__module__dropout': 0.25, 'model__module__nhead': 4, 'model__module__num_layers': 2, 'model__module__patch_size': 32, 'model__optimizer__weight_decay': 0.0001}",0.8548047696983867,0.8587662337662337,0.9332659251769464,0.74,0.8512585812356979,0.8476191019754531,0.06181648261035566,84,0.9243372058385463,0.8800821498189919,0.9334104000159449,0.915893142082597,0.9661410975083897,0.9239727990528941,0.027781419855025663
110,2.891569900512695,0.6397833274907777,0.02359495162963867,0.002091491147878757,64,10,0.0002,500,96,256,0.25,4,3,16,0.0001,"{'model__batch_size': 64, 'model__callbacks__early_stopping__patience': 10, 'model__lr': 0.0002, 'model__max_epochs': 500, 'model__module__d_model': 96, 'model__module__dim_feedforward': 256, 'model__module__dropout': 0.25, 'model__module__nhead': 4, 'model__module__num_layers': 3, 'model__module__patch_size': 16, 'model__optimizer__weight_decay': 0.0001}",0.8665377176015474,0.8310445276737412,0.8977272727272727,0.8363897878460985,0.7544318512060448,0.837226231410941,0.04777732038427263,170,0.9220715469104743,0.8977192982456141,0.908257972394098,0.9123938879456706,0.9611357987497176,0.920315700849115,0.021854540643983227
111,1.7811064720153809,0.26640046784696714,0.021838855743408204,0.001530412104773003,64,10,0.0002,500,96,256,0.25,4,3,32,0.0001,"{'model__batch_size': 64, 'model__callbacks__early_stopping__patience': 10, 'model__lr': 0.0002, 'model__max_epochs': 500, 'model__module__d_model': 96, 'model__module__dim_feedforward': 256, 'model__module__dropout': 0.25, 'model__module__nhead': 4, 'model__module__num_layers': 3, 'model__module__patch_size': 32, 'model__optimizer__weight_decay': 0.0001}",0.9021739130434783,0.9100775193798449,0.8362282878411911,0.7724089635854342,0.8463356973995272,0.8534448762498951,0.049991090759130295,46,0.9032380952380952,0.8802876709853454,0.8800186741363212,0.9280184138941201,0.9661410975083897,0.9115407903524544,0.032533188119775514
112,2.2049534797668455,0.3510039171836175,0.02237563133239746,0.0013589233701942892,64,10,0.0002,500,96,384,0.1,4,2,16,0.0001,"{'model__batch_size': 64, 'model__callbacks__early_stopping__patience': 10, 'model__lr': 0.0002, 'model__max_epochs': 500, 'model__module__d_model': 96, 'model__module__dim_feedforward': 384, 'model__module__dropout': 0.1, 'model__module__nhead': 4, 'model__module__num_layers': 2, 'model__module__patch_size': 16, 'model__optimizer__weight_decay': 0.0001}",0.9041666666666667,0.8423913043478262,0.9318181818181819,0.7896440129449838,0.8079196217494089,0.8551879575054133,0.05470861686251351,38,0.9290446164897438,0.8781307485495967,0.867483737902586,0.904550499445061,0.9472441676735757,0.9052907540121128,0.029973052033818594
113,1.966477870941162,0.3445436333946967,0.022110939025878906,0.0022483670482433154,64,10,0.0002,500,96,384,0.1,4,2,32,0.0001,"{'model__batch_size': 64, 'model__callbacks__early_stopping__patience': 10, 'model__lr': 0.0002, 'model__max_epochs': 500, 'model__module__d_model': 96, 'model__module__dim_feedforward': 384, 'model__module__dropout': 0.1, 'model__module__nhead': 4, 'model__module__num_layers': 2, 'model__module__patch_size': 32, 'model__optimizer__weight_decay': 0.0001}",0.8695652173913043,0.8587662337662337,0.9301587301587302,0.7833333333333333,0.8079196217494089,0.849948627279802,0.05118643587719063,64,0.9204073638856247,0.8898646573065178,0.9648392455780319,0.9106152993348116,0.9756028368794326,0.9322658805968838,0.03269969941796688
114,3.3346316814422607,1.6814398385803688,0.024268627166748047,0.0016370745301292119,64,10,0.0002,500,96,384,0.1,4,3,16,0.0001,"{'model__batch_size': 64, 'model__callbacks__early_stopping__patience': 10, 'model__lr': 0.0002, 'model__max_epochs': 500, 'model__module__d_model': 96, 'model__module__dim_feedforward': 384, 'model__module__dropout': 0.1, 'model__module__nhead': 4, 'model__module__num_layers': 3, 'model__module__patch_size': 16, 'model__optimizer__weight_decay': 0.0001}",0.8817625458996328,0.7705494505494506,0.9666329625884732,0.7724089635854342,0.7849624060150375,0.8352632657276056,0.07757434881498931,197,0.9078820116054158,0.8760434657455383,0.9800031123560535,0.8772792135722214,0.9611357987497176,0.9204687204057894,0.04288476903633562
115,2.266295576095581,0.4628031034006827,0.022125387191772462,0.0020651978318373637,64,10,0.0002,500,96,384,0.1,4,3,32,0.0001,"{'model__batch_size': 64, 'model__callbacks__early_stopping__patience': 10, 'model__lr': 0.0002, 'model__max_epochs': 500, 'model__module__d_model': 96, 'model__module__dim_feedforward': 384, 'model__module__dropout': 0.1, 'model__module__nhead': 4, 'model__module__num_layers': 3, 'model__module__patch_size': 32, 'model__optimizer__weight_decay': 0.0001}",0.8516129032258064,0.8587662337662337,0.9137705774758296,0.7724089635854342,0.7849624060150375,0.8363042168136683,0.051881634593881336,186,0.921259842519685,0.8926350649121879,0.9129212923285432,0.9195537694013304,0.9854890417893098,0.9263718021902113,0.031261955723549256
116,2.430205726623535,0.5064909362503527,0.022501754760742187,0.0016766443125302137,64,10,0.0002,500,96,384,0.25,4,2,16,0.0001,"{'model__batch_size': 64, 'model__callbacks__early_stopping__patience': 10, 'model__lr': 0.0002, 'model__max_epochs': 500, 'model__module__d_model': 96, 'model__module__dim_feedforward': 384, 'model__module__dropout': 0.25, 'model__module__nhead': 4, 'model__module__num_layers': 2, 'model__module__patch_size': 16, 'model__optimizer__weight_decay': 0.0001}",0.8722222222222222,0.8017094017094017,0.9318181818181819,0.7896440129449838,0.8008578431372549,0.8392503323664089,0.05477233590624993,153,0.8986351664139197,0.8759556873147136,0.9063714378238341,0.9173076923076923,0.9658439716312057,0.912822791098273,0.029777346821392655
117,1.7465683937072753,0.3316544405612523,0.020875930786132812,0.0018252150167336625,64,10,0.0002,500,96,384,0.25,4,2,32,0.0001,"{'model__batch_size': 64, 'model__callbacks__early_stopping__patience': 10, 'model__lr': 0.0002, 'model__max_epochs': 500, 'model__module__d_model': 96, 'model__module__dim_feedforward': 384, 'model__module__dropout': 0.25, 'model__module__nhead': 4, 'model__module__num_layers': 2, 'model__module__patch_size': 32, 'model__optimizer__weight_decay': 0.0001}",0.9041666666666667,0.9100775193798449,0.9301587301587302,0.7558893820416525,0.7985347985347986,0.8597654193563384,0.06927830314261976,24,0.9196710942441493,0.888421052631579,0.9648392455780319,0.9106152993348116,0.951836917562724,0.9270767218702591,0.027781857404524424
118,2.8110780715942383,0.4669331686411666,0.025265836715698244,0.0025991240591129784,64,10,0.0002,500,96,384,0.25,4,3,16,0.0001,"{'model__batch_size': 64, 'model__callbacks__early_stopping__patience': 10, 'model__lr': 0.0002, 'model__max_epochs': 500, 'model__module__d_model': 96, 'model__module__dim_feedforward': 384, 'model__module__dropout': 0.25, 'model__module__nhead': 4, 'model__module__num_layers': 3, 'model__module__patch_size': 16, 'model__optimizer__weight_decay': 0.0001}",0.8479804161566707,0.7383458646616541,0.9494252873563218,0.8076923076923077,0.8079196217494089,0.8302726995232724,0.06924013224216259,229,0.9012906260866007,0.8401929745213328,0.908257972394098,0.886310223266745,0.9463262411347517,0.8964756074807056,0.03440396492235826
119,2.1163634300231933,0.34409591276248014,0.023052453994750977,0.002290640453416515,64,10,0.0002,500,96,384,0.25,4,3,32,0.0001,"{'model__batch_size': 64, 'model__callbacks__early_stopping__patience': 10, 'model__lr': 0.0002, 'model__max_epochs': 500, 'model__module__d_model': 96, 'model__module__dim_feedforward': 384, 'model__module__dropout': 0.25, 'model__module__nhead': 4, 'model__module__num_layers': 3, 'model__module__patch_size': 32, 'model__optimizer__weight_decay': 0.0001}",0.8695652173913043,0.8587662337662337,0.8726220016542596,0.7558893820416525,0.7922115664051148,0.8298108802517129,0.0471798860398321,231,0.9373355263157894,0.870710684664173,0.8924321846411416,0.9153587153587154,0.9614695340501792,0.9154613290059996,0.03202563856687834
120,2.1123745918273924,0.2626956909407254,0.02350144386291504,0.0022556519983125477,64,10,0.0002,500,128,128,0.1,4,2,16,0.0001,"{'model__batch_size': 64, 'model__callbacks__early_stopping__patience': 10, 'model__lr': 0.0002, 'model__max_epochs': 500, 'model__module__d_model': 128, 'model__module__dim_feedforward': 128, 'model__module__dropout': 0.1, 'model__module__nhead': 4, 'model__module__num_layers': 2, 'model__module__patch_size': 16, 'model__optimizer__weight_decay': 0.0001}",0.8225391629646949,0.8116883116883117,0.8726220016542596,0.8363897878460985,0.7922115664051148,0.8270901661116958,0.026959512158394466,245,0.913423558897243,0.8593816329418423,0.8738340697103584,0.9275280898876405,0.951836917562724,0.9052008537999617,0.03413009504201578
121,1.5820882320404053,0.20226776387472017,0.020617055892944335,0.0013995064129010172,64,10,0.0002,500,128,128,0.1,4,2,32,0.0001,"{'model__batch_size': 64, 'model__callbacks__early_stopping__patience': 10, 'model__lr': 0.0002, 'model__max_epochs': 500, 'model__module__d_model': 128, 'model__module__dim_feedforward': 128, 'model__module__dropout': 0.1, 'model__module__nhead': 4, 'model__module__num_layers': 2, 'model__module__patch_size': 32, 'model__optimizer__weight_decay': 0.0001}",0.8548047696983867,0.8116883116883117,0.9137705774758296,0.7558893820416525,0.7768878718535469,0.8226081825515454,0.05658302078133581,261,0.9303564433999216,0.8810099474993092,0.9215650369285235,0.917898309879075,0.9458427952598134,0.9193345065933286,0.021447527667884998
122,2.7569062232971193,0.6846668335534337,0.023977136611938475,0.002421496293806032,64,10,0.0002,500,128,128,0.1,4,3,16,0.0001,"{'model__batch_size': 64, 'model__callbacks__early_stopping__patience': 10, 'model__lr': 0.0002, 'model__max_epochs': 500, 'model__module__d_model': 128, 'model__module__dim_feedforward': 128, 'model__module__dropout': 0.1, 'model__module__nhead': 4, 'model__module__num_layers': 3, 'model__module__patch_size': 16, 'model__optimizer__weight_decay': 0.0001}",0.8845878136200717,0.6979166666666667,0.9494252873563218,0.7896440129449838,0.7695035460992907,0.8182154653374669,0.08863665826291874,274,0.9039818548387097,0.8459446788560713,0.9231658461722441,0.9184691011235955,0.956836137187471,0.9096795236356184,0.03626976051327069
123,1.9588961601257324,0.5615023493444352,0.027977180480957032,0.012396367162307796,64,10,0.0002,500,128,128,0.1,4,3,32,0.0001,"{'model__batch_size': 64, 'model__callbacks__early_stopping__patience': 10, 'model__lr': 0.0002, 'model__max_epochs': 500, 'model__module__d_model': 128, 'model__module__dim_feedforward': 128, 'model__module__dropout': 0.1, 'model__module__nhead': 4, 'model__module__num_layers': 3, 'model__module__patch_size': 32, 'model__optimizer__weight_decay': 0.0001}",0.8695652173913043,0.8587662337662337,0.8977272727272727,0.7558893820416525,0.7768878718535469,0.831767195556002,0.05527667329558968,218,0.9125680847186506,0.8893065998329156,0.8889630793401414,0.9318217853179007,0.9903673835125448,0.9226053865444307,0.037464627845173876
124,2.328230857849121,0.38456758220417153,0.021824026107788087,0.0015741977248064543,64,10,0.0002,500,128,128,0.25,4,2,16,0.0001,"{'model__batch_size': 64, 'model__callbacks__early_stopping__patience': 10, 'model__lr': 0.0002, 'model__max_epochs': 500, 'model__module__d_model': 128, 'model__module__dim_feedforward': 128, 'model__module__dropout': 0.25, 'model__module__nhead': 4, 'model__module__num_layers': 2, 'model__module__patch_size': 16, 'model__optimizer__weight_decay': 0.0001}",0.7717391304347826,0.9310344827586208,0.9504380475594494,0.8076923076923077,0.7544318512060448,0.8430671639302411,0.08180714310018479,121,0.9107611548556431,0.8893065998329156,0.8855544153807431,0.9404928765324769,0.9708518490622882,0.9193933791328135,0.03230469925700322
125,1.4788501739501954,0.23529504591772707,0.02101731300354004,0.002359272834234954,64,10,0.0002,500,128,128,0.25,4,2,32,0.0001,"{'model__batch_size': 64, 'model__callbacks__early_stopping__patience': 10, 'model__lr': 0.0002, 'model__max_epochs': 500, 'model__module__d_model': 128, 'model__module__dim_feedforward': 128, 'model__module__dropout': 0.25, 'model__module__nhead': 4, 'model__module__num_layers': 2, 'model__module__patch_size': 32, 'model__optimizer__weight_decay': 0.0001}",0.8369565217391304,0.8587662337662337,0.9137705774758296,0.7896440129449838,0.7985347985347986,0.8395344288921951,0.04484983160138571,150,0.947779605263158,0.8893065998329156,0.8945177367340955,0.9130280503166972,0.9458427952598134,0.918094957481336,0.024744491256779015
126,2.9263165473937987,0.8212731231629489,0.024706935882568358,0.00212442151918696,64,10,0.0002,500,128,128,0.25,4,3,16,0.0001,"{'model__batch_size': 64, 'model__callbacks__early_stopping__patience': 10, 'model__lr': 0.0002, 'model__max_epochs': 500, 'model__module__d_model': 128, 'model__module__dim_feedforward': 128, 'model__module__dropout': 0.25, 'model__module__nhead': 4, 'model__module__num_layers': 3, 'model__module__patch_size': 16, 'model__optimizer__weight_decay': 0.0001}",0.8845878136200717,0.7756286266924565,0.9494252873563218,0.7896440129449838,0.8140732265446224,0.8426717934316912,0.0652347621308061,124,0.9155655281309731,0.8802876709853454,0.9596229379418697,0.9094101123595506,0.9614695340501792,0.9252711566935836,0.0311758025969032
127,1.7309330463409425,0.40545413728972396,0.0216494083404541,0.0016591276128757133,64,10,0.0002,500,128,128,0.25,4,3,32,0.0001,"{'model__batch_size': 64, 'model__callbacks__early_stopping__patience': 10, 'model__lr': 0.0002, 'model__max_epochs': 500, 'model__module__d_model': 128, 'model__module__dim_feedforward': 128, 'model__module__dropout': 0.25, 'model__module__nhead': 4, 'model__module__num_layers': 3, 'model__module__patch_size': 32, 'model__optimizer__weight_decay': 0.0001}",0.8548047696983867,0.7898550724637681,0.8952380952380952,0.7724089635854342,0.7619047619047619,0.8148423325780891,0.051551557484054406,276,0.9189081331311357,0.8898646573065178,0.8889630793401414,0.9136409280693409,0.9807347670250897,0.9184223129744451,0.03343449038408537
128,2.24922890663147,0.38192186046531534,0.022239494323730468,0.0017766157793872512,64,10,0.0002,500,128,256,0.1,4,2,16,0.0001,"{'model__batch_size': 64, 'model__callbacks__early_stopping__patience': 10, 'model__lr': 0.0002, 'model__max_epochs': 500, 'model__module__d_model': 128, 'model__module__dim_feedforward': 256, 'model__module__dropout': 0.1, 'model__module__nhead': 4, 'model__module__num_layers': 2, 'model__module__patch_size': 16, 'model__optimizer__weight_decay': 0.0001}",0.8870703764320786,0.8390804597701149,0.9504380475594494,0.7896440129449838,0.7849624060150375,0.850239060544333,0.06237579437605767,62,0.9196710942441493,0.8759556873147136,0.9146095964037917,0.9264957264957265,0.9514197484371469,0.9176303705791057,0.024373696668517745
129,1.6694121360778809,0.2954951999569417,0.02070307731628418,0.0013741756444365571,64,10,0.0002,500,128,256,0.1,4,2,32,0.0001,"{'model__batch_size': 64, 'model__callbacks__early_stopping__patience': 10, 'model__lr': 0.0002, 'model__max_epochs': 500, 'model__module__d_model': 128, 'model__module__dim_feedforward': 256, 'model__module__dropout': 0.1, 'model__module__nhead': 4, 'model__module__num_layers': 2, 'model__module__patch_size': 32, 'model__optimizer__weight_decay': 0.0001}",0.8548047696983867,0.7827715355805243,0.876172607879925,0.7896440129449838,0.7768878718535469,0.8160561595914734,0.041121927460620294,275,0.947779605263158,0.8855785837651122,0.8901910516999328,0.9318217853179007,0.9903673835125448,0.9291476819117296,0.038776375827716314
130,2.8520469665527344,0.35766854130747033,0.0250150203704834,0.0024608914017986805,64,10,0.0002,500,128,256,0.1,4,3,16,0.0001,"{'model__batch_size': 64, 'model__callbacks__early_stopping__patience': 10, 'model__lr': 0.0002, 'model__max_epochs': 500, 'model__module__d_model': 128, 'model__module__dim_feedforward': 256, 'model__module__dropout': 0.1, 'model__module__nhead': 4, 'model__module__num_layers': 3, 'model__module__patch_size': 16, 'model__optimizer__weight_decay': 0.0001}",0.8186379928315413,0.8215384615384616,0.9332659251769464,0.7724089635854342,0.7922115664051148,0.8276125819074996,0.05582246591794346,241,0.9373355263157894,0.8908195253022839,0.9000155617802676,0.9190207156308852,0.9472441676735757,0.9188870993405605,0.02139350031154494
131,1.8589879989624023,0.3074824911229138,0.023047447204589844,0.002086084293531921,64,10,0.0002,500,128,256,0.1,4,3,32,0.0001,"{'model__batch_size': 64, 'model__callbacks__early_stopping__patience': 10, 'model__lr': 0.0002, 'model__max_epochs': 500, 'model__module__d_model': 128, 'model__module__dim_feedforward': 256, 'model__module__dropout': 0.1, 'model__module__nhead': 4, 'model__module__num_layers': 3, 'model__module__patch_size': 32, 'model__optimizer__weight_decay': 0.0001}",0.8369565217391304,0.8017094017094017,0.9157088122605364,0.8076923076923077,0.7768878718535469,0.8277909830509846,0.047935131497459364,240,0.889763779527559,0.8760434657455383,0.9036370453693288,0.9016768292682926,0.9807347670250897,0.9103711773871617,0.036537738307330446
132,2.2970091819763185,0.37503978167844587,0.02261343002319336,0.0011299497120709746,64,10,0.0002,500,128,256,0.25,4,2,16,0.0001,"{'model__batch_size': 64, 'model__callbacks__early_stopping__patience': 10, 'model__lr': 0.0002, 'model__max_epochs': 500, 'model__module__d_model': 128, 'model__module__dim_feedforward': 256, 'model__module__dropout': 0.25, 'model__module__nhead': 4, 'model__module__num_layers': 2, 'model__module__patch_size': 16, 'model__optimizer__weight_decay': 0.0001}",0.8548047696983867,0.8587662337662337,0.9332659251769464,0.7724089635854342,0.7922115664051148,0.8422914917264231,0.05673784178498429,126,0.9181173436492586,0.8926350649121879,0.9036370453693288,0.9184691011235955,0.9564671253679297,0.9178651360844601,0.02158488830557742
133,1.5789000511169433,0.23591295657917807,0.020856761932373048,0.001916937166672039,64,10,0.0002,500,128,256,0.25,4,2,32,0.0001,"{'model__batch_size': 64, 'model__callbacks__early_stopping__patience': 10, 'model__lr': 0.0002, 'model__max_epochs': 500, 'model__module__d_model': 128, 'model__module__dim_feedforward': 256, 'model__module__dropout': 0.25, 'model__module__nhead': 4, 'model__module__num_layers': 2, 'model__module__patch_size': 32, 'model__optimizer__weight_decay': 0.0001}",0.8548047696983867,0.8512820512820514,0.9137705774758296,0.7896440129449838,0.7833333333333333,0.838566948946917,0.048010691215317536,162,0.9283526756931012,0.896011700913242,0.9200124494242141,0.9500026425664605,0.9903673835125448,0.9369493704219124,0.03181360487016326
134,2.8341938495635985,0.31815407915645266,0.024205350875854494,0.0015130804822963283,64,10,0.0002,500,128,256,0.25,4,3,16,0.0001,"{'model__batch_size': 64, 'model__callbacks__early_stopping__patience': 10, 'model__lr': 0.0002, 'model__max_epochs': 500, 'model__module__d_model': 128, 'model__module__dim_feedforward': 256, 'model__module__dropout': 0.25, 'model__module__nhead': 4, 'model__module__num_layers': 3, 'model__module__patch_size': 16, 'model__optimizer__weight_decay': 0.0001}",0.8043478260869565,0.9136904761904762,0.9157088122605364,0.7896440129449838,0.7849624060150375,0.8416707066995981,0.05997348400645788,132,0.931758530183727,0.8844269994632313,0.9146095964037917,0.9142332254395941,0.9376521981596804,0.9165361099300048,0.018534405665219984
135,2.1820653438568116,0.5541447030794435,0.02190241813659668,0.0018427361373463988,64,10,0.0002,500,128,256,0.25,4,3,32,0.0001,"{'model__batch_size': 64, 'model__callbacks__early_stopping__patience': 10, 'model__lr': 0.0002, 'model__max_epochs': 500, 'model__module__d_model': 128, 'model__module__dim_feedforward': 256, 'model__module__dropout': 0.25, 'model__module__nhead': 4, 'model__module__num_layers': 3, 'model__module__patch_size': 32, 'model__optimizer__weight_decay': 0.0001}",0.8665377176015474,0.8587662337662337,0.8565217391304347,0.8266666666666667,0.8299912816041848,0.8476967277538134,0.016193480047756528,83,0.9422572178477691,0.8842370127033496,0.9016812644719621,0.9318217853179007,0.9903673835125448,0.9300729327707054,0.03658949159400273
136,2.182925319671631,0.26704884209149377,0.022838830947875977,0.0014459204705826812,64,10,0.0002,500,128,384,0.1,4,2,16,0.0001,"{'model__batch_size': 64, 'model__callbacks__early_stopping__patience': 10, 'model__lr': 0.0002, 'model__max_epochs': 500, 'model__module__d_model': 128, 'model__module__dim_feedforward': 384, 'model__module__dropout': 0.1, 'model__module__nhead': 4, 'model__module__num_layers': 2, 'model__module__patch_size': 16, 'model__optimizer__weight_decay': 0.0001}",0.8817625458996328,0.8390804597701149,0.9332659251769464,0.7724089635854342,0.7695035460992907,0.8392042881062837,0.06321174103352328,156,0.8955592105263157,0.8718568665377175,0.90183346065699,0.9270207198925111,0.9564671253679297,0.9105474765962928,0.028905111618142795
137,1.5794925212860107,0.23114173965088386,0.021806907653808594,0.0017114932154878174,64,10,0.0002,500,128,384,0.1,4,2,32,0.0001,"{'model__batch_size': 64, 'model__callbacks__early_stopping__patience': 10, 'model__lr': 0.0002, 'model__max_epochs': 500, 'model__module__d_model': 128, 'model__module__dim_feedforward': 384, 'model__module__dropout': 0.1, 'model__module__nhead': 4, 'model__module__num_layers': 2, 'model__module__patch_size': 32, 'model__optimizer__weight_decay': 0.0001}",0.8870703764320786,0.8651162790697675,0.8565217391304347,0.7724089635854342,0.7397025171624714,0.8241639750760372,0.05743457236863496,258,0.906959706959707,0.8759556873147136,0.8878708551483421,0.937016112157355,0.9854890417893098,0.9186582806738857,0.039272367601350756
138,2.92940092086792,0.5198607350273299,0.025307464599609374,0.002280536018134532,64,10,0.0002,500,128,384,0.1,4,3,16,0.0001,"{'model__batch_size': 64, 'model__callbacks__early_stopping__patience': 10, 'model__lr': 0.0002, 'model__max_epochs': 500, 'model__module__d_model': 128, 'model__module__dim_feedforward': 384, 'model__module__dropout': 0.1, 'model__module__nhead': 4, 'model__module__num_layers': 3, 'model__module__patch_size': 16, 'model__optimizer__weight_decay': 0.0001}",0.8722222222222222,0.933965844402277,0.9332659251769464,0.7896440129449838,0.7849624060150375,0.8628120821522934,0.0656190384592865,12,0.9344255783934068,0.8909913615795968,0.9016812644719621,0.9361431299059473,0.955689559758029,0.9237861788217885,0.023865640803739745
139,1.9777160167694092,0.3591062743364127,0.023321151733398438,0.001730358010577471,64,10,0.0002,500,128,384,0.1,4,3,32,0.0001,"{'model__batch_size': 64, 'model__callbacks__early_stopping__patience': 10, 'model__lr': 0.0002, 'model__max_epochs': 500, 'model__module__d_model': 128, 'model__module__dim_feedforward': 384, 'model__module__dropout': 0.1, 'model__module__nhead': 4, 'model__module__num_layers': 3, 'model__module__patch_size': 32, 'model__optimizer__weight_decay': 0.0001}",0.8516129032258064,0.8587662337662337,0.876172607879925,0.8076923076923077,0.7768878718535469,0.8342263848835639,0.03648490963616281,205,0.9012906260866007,0.8977192982456141,0.9320230320047203,0.9184691011235955,0.9611357987497176,0.9221275712420496,0.02307764474413654
140,2.2447035789489744,0.4241831902259878,0.023917341232299806,0.00189226757741437,64,10,0.0002,500,128,384,0.25,4,2,16,0.0001,"{'model__batch_size': 64, 'model__callbacks__early_stopping__patience': 10, 'model__lr': 0.0002, 'model__max_epochs': 500, 'model__module__d_model': 128, 'model__module__dim_feedforward': 384, 'model__module__dropout': 0.25, 'model__module__nhead': 4, 'model__module__num_layers': 2, 'model__module__patch_size': 16, 'model__optimizer__weight_decay': 0.0001}",0.8722222222222222,0.8101916783543712,0.9318181818181819,0.8076923076923077,0.7695035460992907,0.8382855872372748,0.057194802379031975,164,0.9228541923988094,0.855883731833099,0.9006490467761297,0.9142332254395941,0.9522399111440207,0.9091720215183304,0.031559289022344034
141,1.633786392211914,0.2763623796606118,0.023373985290527345,0.0037313604935912334,64,10,0.0002,500,128,384,0.25,4,2,32,0.0001,"{'model__batch_size': 64, 'model__callbacks__early_stopping__patience': 10, 'model__lr': 0.0002, 'model__max_epochs': 500, 'model__module__d_model': 128, 'model__module__dim_feedforward': 384, 'model__module__dropout': 0.25, 'model__module__nhead': 4, 'model__module__num_layers': 2, 'model__module__patch_size': 32, 'model__optimizer__weight_decay': 0.0001}",0.8695652173913043,0.8390804597701149,0.876172607879925,0.8076923076923077,0.7619047619047619,0.8308830709276828,0.04221484670424947,226,0.9164473684210526,0.8749759737196177,0.8756026254138511,0.9496478186044036,0.9807347670250897,0.919481710636803,0.04141804668993127
142,2.827915620803833,0.5820453723135469,0.02795567512512207,0.007204503379281202,64,10,0.0002,500,128,384,0.25,4,3,16,0.0001,"{'model__batch_size': 64, 'model__callbacks__early_stopping__patience': 10, 'model__lr': 0.0002, 'model__max_epochs': 500, 'model__module__d_model': 128, 'model__module__dim_feedforward': 384, 'model__module__dropout': 0.25, 'model__module__nhead': 4, 'model__module__num_layers': 3, 'model__module__patch_size': 16, 'model__optimizer__weight_decay': 0.0001}",0.8695652173913043,0.8101916783543712,0.9666329625884732,0.7896440129449838,0.7922115664051148,0.8456490875368494,0.06702006296684712,103,0.9283526756931012,0.870710684664173,0.8800186741363212,0.8920276208411801,0.956836137187471,0.9055891585044493,0.03224501031470115
143,1.8334155082702637,0.3640222305918036,0.025775623321533204,0.007394767991927382,64,10,0.0002,500,128,384,0.25,4,3,32,0.0001,"{'model__batch_size': 64, 'model__callbacks__early_stopping__patience': 10, 'model__lr': 0.0002, 'model__max_epochs': 500, 'model__module__d_model': 128, 'model__module__dim_feedforward': 384, 'model__module__dropout': 0.25, 'model__module__nhead': 4, 'model__module__num_layers': 3, 'model__module__patch_size': 32, 'model__optimizer__weight_decay': 0.0001}",0.8479804161566707,0.8850574712643677,0.876172607879925,0.7896440129449838,0.7768878718535469,0.8351484760198987,0.04427979233560064,199,0.9276353276353276,0.888421052631579,0.89806441377122,0.9130280503166972,0.985612045729157,0.9225521780167961,0.03422770413627225
144,11.968516826629639,2.050380524312371,0.021399736404418945,0.0011553983965717704,128,10,3e-05,500,96,128,0.1,4,2,16,0.0001,"{'model__batch_size': 128, 'model__callbacks__early_stopping__patience': 10, 'model__lr': 3e-05, 'model__max_epochs': 500, 'model__module__d_model': 96, 'model__module__dim_feedforward': 128, 'model__module__dropout': 0.1, 'model__module__nhead': 4, 'model__module__num_layers': 2, 'model__module__patch_size': 16, 'model__optimizer__weight_decay': 0.0001}",0.8548047696983867,0.9008547008547009,0.9659090909090909,0.7724089635854342,0.7544318512060448,0.8496818752507315,0.0789903003478998,68,0.938588007736944,0.8917425978224188,0.9231658461722441,0.917898309879075,0.9571926331508214,0.9257174789523006,0.02180953289571575
145,7.293636178970337,0.8349922929095928,0.02121882438659668,0.0021437662405820396,128,10,3e-05,500,96,128,0.1,4,2,32,0.0001,"{'model__batch_size': 128, 'model__callbacks__early_stopping__patience': 10, 'model__lr': 3e-05, 'model__max_epochs': 500, 'model__module__d_model': 96, 'model__module__dim_feedforward': 128, 'model__module__dropout': 0.1, 'model__module__nhead': 4, 'model__module__num_layers': 2, 'model__module__patch_size': 32, 'model__optimizer__weight_decay': 0.0001}",0.9208897041962852,0.8850574712643677,0.9157088122605364,0.7724089635854342,0.8079196217494089,0.8603969146112064,0.059703722596861415,21,0.9391810998483519,0.8934980516870817,0.9239239831863122,0.9275280898876405,0.9564671253679297,0.9281196699954632,0.02070045248587607
146,12.147625064849853,2.6019238539826044,0.0224855899810791,0.001827111907931715,128,10,3e-05,500,96,128,0.1,4,3,16,0.0001,"{'model__batch_size': 128, 'model__callbacks__early_stopping__patience': 10, 'model__lr': 3e-05, 'model__max_epochs': 500, 'model__module__d_model': 96, 'model__module__dim_feedforward': 128, 'model__module__dropout': 0.1, 'model__module__nhead': 4, 'model__module__num_layers': 3, 'model__module__patch_size': 16, 'model__optimizer__weight_decay': 0.0001}",0.8722222222222222,0.8310445276737412,0.9494252873563218,0.7896440129449838,0.7849624060150375,0.8454596912424612,0.060841082574460754,104,0.913423558897243,0.8926350649121879,0.9016812644719621,0.8947181661728438,0.9614695340501792,0.9127855177008832,0.02540202717527073
147,7.256103372573852,0.9550878927746607,0.019698667526245116,0.0016322732650386983,128,10,3e-05,500,96,128,0.1,4,3,32,0.0001,"{'model__batch_size': 128, 'model__callbacks__early_stopping__patience': 10, 'model__lr': 3e-05, 'model__max_epochs': 500, 'model__module__d_model': 96, 'model__module__dim_feedforward': 128, 'model__module__dropout': 0.1, 'model__module__nhead': 4, 'model__module__num_layers': 3, 'model__module__patch_size': 32, 'model__optimizer__weight_decay': 0.0001}",0.9021739130434783,0.8215384615384616,0.9137705774758296,0.7896440129449838,0.7922115664051148,0.8438677062815735,0.05365293286476953,118,0.9243372058385463,0.896011700913242,0.9137805142778206,0.9184691011235955,0.9614695340501792,0.9228136112406767,0.021519366695377008
148,12.420232057571411,2.1622963356453813,0.021102142333984376,0.0019389158800718986,128,10,3e-05,500,96,128,0.25,4,2,16,0.0001,"{'model__batch_size': 128, 'model__callbacks__early_stopping__patience': 10, 'model__lr': 3e-05, 'model__max_epochs': 500, 'model__module__d_model': 96, 'model__module__dim_feedforward': 128, 'model__module__dropout': 0.25, 'model__module__nhead': 4, 'model__module__num_layers': 2, 'model__module__patch_size': 16, 'model__optimizer__weight_decay': 0.0001}",0.8083333333333333,0.8017094017094017,0.8952380952380952,0.7896440129449838,0.7397025171624714,0.806925472077657,0.05029092039357148,284,0.9344255783934068,0.8759556873147136,0.8764423076923077,0.9356837606837607,0.9476798849621149,0.9140374438092607,0.03123993389921936
149,7.06544861793518,0.4437637497401702,0.019665861129760744,0.00117190011633653,128,10,3e-05,500,96,128,0.25,4,2,32,0.0001,"{'model__batch_size': 128, 'model__callbacks__early_stopping__patience': 10, 'model__lr': 3e-05, 'model__max_epochs': 500, 'model__module__d_model': 96, 'model__module__dim_feedforward': 128, 'model__module__dropout': 0.25, 'model__module__nhead': 4, 'model__module__num_layers': 2, 'model__module__patch_size': 32, 'model__optimizer__weight_decay': 0.0001}",0.8870703764320786,0.9310344827586208,0.9318181818181819,0.7896440129449838,0.8194444444444444,0.8718022996796619,0.0580255131349845,1,0.913423558897243,0.888421052631579,0.9293401413982718,0.9327412711378369,0.9667053813395277,0.9261262810808916,0.02562730486291277
150,11.797923564910889,2.0070208205318854,0.022455739974975585,0.001141894930399573,128,10,3e-05,500,96,128,0.25,4,3,16,0.0001,"{'model__batch_size': 128, 'model__callbacks__early_stopping__patience': 10, 'model__lr': 3e-05, 'model__max_epochs': 500, 'model__module__d_model': 96, 'model__module__dim_feedforward': 128, 'model__module__dropout': 0.25, 'model__module__nhead': 4, 'model__module__num_layers': 3, 'model__module__patch_size': 16, 'model__optimizer__weight_decay': 0.0001}",0.9041666666666667,0.8310445276737412,0.9494252873563218,0.7896440129449838,0.7695035460992907,0.8487568081482009,0.0682547025615802,78,0.9344255783934068,0.8917425978224188,0.9137805142778206,0.8838653918867823,0.9422043010752688,0.9132036766911394,0.022860668973599545
151,7.79325385093689,0.6337671302689973,0.020029878616333006,0.001611363939599352,128,10,3e-05,500,96,128,0.25,4,3,32,0.0001,"{'model__batch_size': 128, 'model__callbacks__early_stopping__patience': 10, 'model__lr': 3e-05, 'model__max_epochs': 500, 'model__module__d_model': 96, 'model__module__dim_feedforward': 128, 'model__module__dropout': 0.25, 'model__module__nhead': 4, 'model__module__num_layers': 3, 'model__module__patch_size': 32, 'model__optimizer__weight_decay': 0.0001}",0.9041666666666667,0.9310344827586208,0.9137705774758296,0.7896440129449838,0.7922115664051148,0.8661654612502432,0.0620371489817286,7,0.9236090225563909,0.896011700913242,0.9108464384828863,0.9318217853179007,0.9614695340501792,0.9247516962641198,0.021994703911829016
152,11.937247371673584,2.475466677741249,0.02368130683898926,0.005684324996215308,128,10,3e-05,500,96,256,0.1,4,2,16,0.0001,"{'model__batch_size': 128, 'model__callbacks__early_stopping__patience': 10, 'model__lr': 3e-05, 'model__max_epochs': 500, 'model__module__d_model': 96, 'model__module__dim_feedforward': 256, 'model__module__dropout': 0.1, 'model__module__nhead': 4, 'model__module__num_layers': 2, 'model__module__patch_size': 16, 'model__optimizer__weight_decay': 0.0001}",0.8548047696983867,0.9008547008547009,0.9318181818181819,0.7896440129449838,0.7695035460992907,0.8493250422831087,0.06232775900236597,72,0.9125680847186506,0.8823289106765422,0.9334104000159449,0.9130280503166972,0.9621034077555817,0.9206877706966832,0.026355732008487065
153,6.583199071884155,1.0513142402525337,0.020154476165771484,0.0021564852275123545,128,10,3e-05,500,96,256,0.1,4,2,32,0.0001,"{'model__batch_size': 128, 'model__callbacks__early_stopping__patience': 10, 'model__lr': 3e-05, 'model__max_epochs': 500, 'model__module__d_model': 96, 'model__module__dim_feedforward': 256, 'model__module__dropout': 0.1, 'model__module__nhead': 4, 'model__module__num_layers': 2, 'model__module__patch_size': 32, 'model__optimizer__weight_decay': 0.0001}",0.8870703764320786,0.8587662337662337,0.9137705774758296,0.800273130761352,0.8079196217494089,0.8535599880369805,0.044040659392734445,45,0.9243372058385463,0.8917425978224188,0.9146095964037917,0.9280184138941201,0.9713439466864124,0.9260103521290578,0.0259469564395508
154,12.474359321594239,3.0572938350759316,0.02230691909790039,0.0015420084148357776,128,10,3e-05,500,96,256,0.1,4,3,16,0.0001,"{'model__batch_size': 128, 'model__callbacks__early_stopping__patience': 10, 'model__lr': 3e-05, 'model__max_epochs': 500, 'model__module__d_model': 96, 'model__module__dim_feedforward': 256, 'model__module__dropout': 0.1, 'model__module__nhead': 4, 'model__module__num_layers': 3, 'model__module__patch_size': 16, 'model__optimizer__weight_decay': 0.0001}",0.8516129032258064,0.8310445276737412,0.9494252873563218,0.7896440129449838,0.7397025171624714,0.832285849672665,0.06998103091323767,213,0.9012906260866007,0.8771047374429224,0.9091516103692066,0.8981846882399369,0.9758150696488498,0.9123093463575034,0.03347605364885167
155,6.479225587844849,0.8704813143542646,0.02001810073852539,0.0009482335219325823,128,10,3e-05,500,96,256,0.1,4,3,32,0.0001,"{'model__batch_size': 128, 'model__callbacks__early_stopping__patience': 10, 'model__lr': 3e-05, 'model__max_epochs': 500, 'model__module__d_model': 96, 'model__module__dim_feedforward': 256, 'model__module__dropout': 0.1, 'model__module__nhead': 4, 'model__module__num_layers': 3, 'model__module__patch_size': 32, 'model__optimizer__weight_decay': 0.0001}",0.8516129032258064,0.8587662337662337,0.8565217391304347,0.8266666666666667,0.7849624060150375,0.8357059897608357,0.027837818969007378,192,0.9243372058385463,0.896011700913242,0.908257972394098,0.9322893885049427,0.9614695340501792,0.9244731603402017,0.022373334873809336
156,11.654848098754883,1.4203301818642082,0.02489924430847168,0.005389645451079266,128,10,3e-05,500,96,256,0.25,4,2,16,0.0001,"{'model__batch_size': 128, 'model__callbacks__early_stopping__patience': 10, 'model__lr': 3e-05, 'model__max_epochs': 500, 'model__module__d_model': 96, 'model__module__dim_feedforward': 256, 'model__module__dropout': 0.25, 'model__module__nhead': 4, 'model__module__num_layers': 2, 'model__module__patch_size': 16, 'model__optimizer__weight_decay': 0.0001}",0.9041666666666667,0.8310445276737412,0.9494252873563218,0.7896440129449838,0.7544318512060448,0.8457424691695516,0.07192247057520237,100,0.9243372058385463,0.888421052631579,0.9137805142778206,0.9264957264957265,0.9526292596944771,0.9211327517876301,0.02076136166963446
157,6.683235120773316,0.8986230312013276,0.020000219345092773,0.0012810880176650277,128,10,3e-05,500,96,256,0.25,4,2,32,0.0001,"{'model__batch_size': 128, 'model__callbacks__early_stopping__patience': 10, 'model__lr': 3e-05, 'model__max_epochs': 500, 'model__module__d_model': 96, 'model__module__dim_feedforward': 256, 'model__module__dropout': 0.25, 'model__module__nhead': 4, 'model__module__num_layers': 2, 'model__module__patch_size': 32, 'model__optimizer__weight_decay': 0.0001}",0.8870703764320786,0.8215384615384616,0.9318181818181819,0.7896440129449838,0.7985347985347986,0.845721166253701,0.05491531098071544,101,0.9297122074636306,0.8845651226949325,0.9108464384828863,0.9270207198925111,0.9376521981596804,0.917959337338728,0.018835149476877297
158,12.650023937225342,2.248747006057564,0.023147106170654297,0.0008775992353748564,128,10,3e-05,500,96,256,0.25,4,3,16,0.0001,"{'model__batch_size': 128, 'model__callbacks__early_stopping__patience': 10, 'model__lr': 3e-05, 'model__max_epochs': 500, 'model__module__d_model': 96, 'model__module__dim_feedforward': 256, 'model__module__dropout': 0.25, 'model__module__nhead': 4, 'model__module__num_layers': 3, 'model__module__patch_size': 16, 'model__optimizer__weight_decay': 0.0001}",0.8548047696983867,0.8017094017094017,0.9157088122605364,0.8076923076923077,0.7922115664051148,0.8344253715531493,0.046020244095994256,202,0.9189081331311357,0.8908195253022839,0.89806441377122,0.9094101123595506,0.9564671253679297,0.9147338619864239,0.02296605375327291
159,6.598915719985962,0.503522320285004,0.021194028854370116,0.0012620377045835709,128,10,3e-05,500,96,256,0.25,4,3,32,0.0001,"{'model__batch_size': 128, 'model__callbacks__early_stopping__patience': 10, 'model__lr': 3e-05, 'model__max_epochs': 500, 'model__module__d_model': 96, 'model__module__dim_feedforward': 256, 'model__module__dropout': 0.25, 'model__module__nhead': 4, 'model__module__num_layers': 3, 'model__module__patch_size': 32, 'model__optimizer__weight_decay': 0.0001}",0.8695652173913043,0.8512820512820514,0.876172607879925,0.7896440129449838,0.7922115664051148,0.8357750911806757,0.037523472297857595,190,0.913423558897243,0.896011700913242,0.9091516103692066,0.9190207156308852,0.956836137187471,0.9188887445996097,0.020435563051604825
160,10.790034770965576,2.8518613807524176,0.02191925048828125,0.001590087273008012,128,10,3e-05,500,96,384,0.1,4,2,16,0.0001,"{'model__batch_size': 128, 'model__callbacks__early_stopping__patience': 10, 'model__lr': 3e-05, 'model__max_epochs': 500, 'model__module__d_model': 96, 'model__module__dim_feedforward': 384, 'model__module__dropout': 0.1, 'model__module__nhead': 4, 'model__module__num_layers': 2, 'model__module__patch_size': 16, 'model__optimizer__weight_decay': 0.0001}",0.8548047696983867,0.8512820512820514,0.9494252873563218,0.7896440129449838,0.7695035460992907,0.8429319334762069,0.06290127769017413,122,0.9236090225563909,0.8823289106765422,0.9231658461722441,0.9184691011235955,0.9756028368794326,0.9246351434816411,0.02976156898266071
161,6.776385688781739,1.3614650855877348,0.01999802589416504,0.000394172163839044,128,10,3e-05,500,96,384,0.1,4,2,32,0.0001,"{'model__batch_size': 128, 'model__callbacks__early_stopping__patience': 10, 'model__lr': 3e-05, 'model__max_epochs': 500, 'model__module__d_model': 96, 'model__module__dim_feedforward': 384, 'model__module__dropout': 0.1, 'model__module__nhead': 4, 'model__module__num_layers': 2, 'model__module__patch_size': 32, 'model__optimizer__weight_decay': 0.0001}",0.9041666666666667,0.8850574712643677,0.9137705774758296,0.7896440129449838,0.8079196217494089,0.8601116700202514,0.051248638372031675,22,0.9142488332836858,0.8977192982456141,0.9231658461722441,0.9280184138941201,0.985612045729157,0.9297528874649641,0.029776398734145695
162,11.217477178573608,2.4162555838731326,0.023651504516601564,0.0009622205655375848,128,10,3e-05,500,96,384,0.1,4,3,16,0.0001,"{'model__batch_size': 128, 'model__callbacks__early_stopping__patience': 10, 'model__lr': 3e-05, 'model__max_epochs': 500, 'model__module__d_model': 96, 'model__module__dim_feedforward': 384, 'model__module__dropout': 0.1, 'model__module__nhead': 4, 'model__module__num_layers': 3, 'model__module__patch_size': 16, 'model__optimizer__weight_decay': 0.0001}",0.8516129032258064,0.8725274725274725,0.9137705774758296,0.8076923076923077,0.8079196217494089,0.8507045765341651,0.04033606809927148,59,0.9022819770384919,0.8855785837651122,0.8970352564102564,0.8981846882399369,0.9522399111440207,0.9070640833195636,0.023258425042851607
163,5.99202299118042,0.7754822724737308,0.02048635482788086,0.0016809079451411872,128,10,3e-05,500,96,384,0.1,4,3,32,0.0001,"{'model__batch_size': 128, 'model__callbacks__early_stopping__patience': 10, 'model__lr': 3e-05, 'model__max_epochs': 500, 'model__module__d_model': 96, 'model__module__dim_feedforward': 384, 'model__module__dropout': 0.1, 'model__module__nhead': 4, 'model__module__num_layers': 3, 'model__module__patch_size': 32, 'model__optimizer__weight_decay': 0.0001}",0.8516129032258064,0.8793175197669579,0.8923913043478261,0.7724089635854342,0.7695035460992907,0.833046847405063,0.05238729276141536,211,0.909629981024668,0.8695509489689875,0.9146095964037917,0.9136409280693409,0.9611357987497176,0.9137134506433011,0.029040277942657386
164,10.363718938827514,1.7132249986972798,0.021887493133544923,0.001632717964572991,128,10,3e-05,500,96,384,0.25,4,2,16,0.0001,"{'model__batch_size': 128, 'model__callbacks__early_stopping__patience': 10, 'model__lr': 3e-05, 'model__max_epochs': 500, 'model__module__d_model': 96, 'model__module__dim_feedforward': 384, 'model__module__dropout': 0.25, 'model__module__nhead': 4, 'model__module__num_layers': 2, 'model__module__patch_size': 16, 'model__optimizer__weight_decay': 0.0001}",0.8892455858747994,0.8017094017094017,0.9504380475594494,0.7896440129449838,0.7544318512060448,0.8370937798589357,0.07197675032552552,171,0.9391810998483519,0.8800821498189919,0.8945177367340955,0.9081196581196581,0.9614695340501792,0.9166740357142553,0.02971952113006281
165,6.475663375854492,1.4149657316707598,0.020498132705688475,0.0017599082269567016,128,10,3e-05,500,96,384,0.25,4,2,32,0.0001,"{'model__batch_size': 128, 'model__callbacks__early_stopping__patience': 10, 'model__lr': 3e-05, 'model__max_epochs': 500, 'model__module__d_model': 96, 'model__module__dim_feedforward': 384, 'model__module__dropout': 0.25, 'model__module__nhead': 4, 'model__module__num_layers': 2, 'model__module__patch_size': 32, 'model__optimizer__weight_decay': 0.0001}",0.9041666666666667,0.8793175197669579,0.9137705774758296,0.7896440129449838,0.7768878718535469,0.8527573297415969,0.0579835242351372,51,0.9290446164897438,0.8771047374429224,0.9045636665689436,0.9232613069722684,0.956836137187471,0.9181620929322699,0.026498062726151902
166,11.317893791198731,2.199554717672531,0.023849296569824218,0.0018696944124925448,128,10,3e-05,500,96,384,0.25,4,3,16,0.0001,"{'model__batch_size': 128, 'model__callbacks__early_stopping__patience': 10, 'model__lr': 3e-05, 'model__max_epochs': 500, 'model__module__d_model': 96, 'model__module__dim_feedforward': 384, 'model__module__dropout': 0.25, 'model__module__nhead': 4, 'model__module__num_layers': 3, 'model__module__patch_size': 16, 'model__optimizer__weight_decay': 0.0001}",0.8516129032258064,0.8017094017094017,0.9494252873563218,0.7724089635854342,0.7619047619047619,0.8274122635563451,0.06848369415367432,242,0.9078820116054158,0.8729152235306655,0.9091516103692066,0.9136409280693409,0.9617919289152166,0.9130763404979693,0.028386007782897103
167,6.4010124683380125,1.2594402770434494,0.020282459259033204,0.0005178258648155012,128,10,3e-05,500,96,384,0.25,4,3,32,0.0001,"{'model__batch_size': 128, 'model__callbacks__early_stopping__patience': 10, 'model__lr': 3e-05, 'model__max_epochs': 500, 'model__module__d_model': 96, 'model__module__dim_feedforward': 384, 'model__module__dropout': 0.25, 'model__module__nhead': 4, 'model__module__num_layers': 3, 'model__module__patch_size': 32, 'model__optimizer__weight_decay': 0.0001}",0.8870703764320786,0.8017094017094017,0.876172607879925,0.8076923076923077,0.8140732265446224,0.8373435840516672,0.036526564720341735,169,0.9142488332836858,0.8760434657455383,0.8800186741363212,0.9227313566936208,0.9617919289152166,0.9109668517548766,0.03133622834940606
168,10.430150413513184,1.142785681976573,0.021973037719726564,0.002011710284757294,128,10,3e-05,500,128,128,0.1,4,2,16,0.0001,"{'model__batch_size': 128, 'model__callbacks__early_stopping__patience': 10, 'model__lr': 3e-05, 'model__max_epochs': 500, 'model__module__d_model': 128, 'model__module__dim_feedforward': 128, 'model__module__dropout': 0.1, 'model__module__nhead': 4, 'model__module__num_layers': 2, 'model__module__patch_size': 16, 'model__optimizer__weight_decay': 0.0001}",0.8369565217391304,0.8017094017094017,0.9494252873563218,0.8076923076923077,0.7544318512060448,0.8300430739406413,0.0652982685496411,230,0.9189081331311357,0.8771047374429224,0.8945177367340955,0.9184691011235955,0.956836137187471,0.9131671691238441,0.026893672971931588
169,6.359550809860229,0.673308638382227,0.023398303985595705,0.00403456828959119,128,10,3e-05,500,128,128,0.1,4,2,32,0.0001,"{'model__batch_size': 128, 'model__callbacks__early_stopping__patience': 10, 'model__lr': 3e-05, 'model__max_epochs': 500, 'model__module__d_model': 128, 'model__module__dim_feedforward': 128, 'model__module__dropout': 0.1, 'model__module__nhead': 4, 'model__module__num_layers': 2, 'model__module__patch_size': 32, 'model__optimizer__weight_decay': 0.0001}",0.8548047696983867,0.7898550724637681,0.9137705774758296,0.7724089635854342,0.7833333333333333,0.8228345433113503,0.053818561598412,260,0.9243372058385463,0.8791228070175439,0.9442109210032956,0.9361431299059473,0.9617919289152166,0.9291211985361099,0.02781046424775336
170,10.199683570861817,1.1566075079310185,0.022591161727905273,0.0015420313465466119,128,10,3e-05,500,128,128,0.1,4,3,16,0.0001,"{'model__batch_size': 128, 'model__callbacks__early_stopping__patience': 10, 'model__lr': 3e-05, 'model__max_epochs': 500, 'model__module__d_model': 128, 'model__module__dim_feedforward': 128, 'model__module__dropout': 0.1, 'model__module__nhead': 4, 'model__module__num_layers': 3, 'model__module__patch_size': 16, 'model__optimizer__weight_decay': 0.0001}",0.8870703764320786,0.8725274725274725,0.9494252873563218,0.8076923076923077,0.7922115664051148,0.8617854020826592,0.05692460446534926,16,0.9125680847186506,0.888421052631579,0.8900171179582944,0.9136409280693409,0.9564671253679297,0.9122228617491588,0.024573587970541086
171,6.3542688369750975,0.9076714791440382,0.01955137252807617,0.0010286993316299127,128,10,3e-05,500,128,128,0.1,4,3,32,0.0001,"{'model__batch_size': 128, 'model__callbacks__early_stopping__patience': 10, 'model__lr': 3e-05, 'model__max_epochs': 500, 'model__module__d_model': 128, 'model__module__dim_feedforward': 128, 'model__module__dropout': 0.1, 'model__module__nhead': 4, 'model__module__num_layers': 3, 'model__module__patch_size': 32, 'model__optimizer__weight_decay': 0.0001}",0.8870703764320786,0.8215384615384616,0.9137705774758296,0.7724089635854342,0.8079196217494089,0.8405416001562426,0.05214360758442356,135,0.913423558897243,0.8908195253022839,0.8924321846411416,0.917898309879075,0.9472441676735757,0.9123635492786638,0.02054175747259961
172,10.15098042488098,0.5060702046710287,0.02257571220397949,0.004301674267148745,128,10,3e-05,500,128,128,0.25,4,2,16,0.0001,"{'model__batch_size': 128, 'model__callbacks__early_stopping__patience': 10, 'model__lr': 3e-05, 'model__max_epochs': 500, 'model__module__d_model': 128, 'model__module__dim_feedforward': 128, 'model__module__dropout': 0.25, 'model__module__nhead': 4, 'model__module__num_layers': 2, 'model__module__patch_size': 16, 'model__optimizer__weight_decay': 0.0001}",0.8722222222222222,0.7705494505494506,0.9666329625884732,0.7896440129449838,0.7985347985347986,0.8395166893679857,0.07232078270712335,151,0.9250398410293741,0.8823289106765422,0.9184515310169761,0.8954600708207812,0.9426878933728249,0.9127936493832998,0.021467183831943813
173,6.329445123672485,0.6254899767101073,0.01961679458618164,0.001261097348933586,128,10,3e-05,500,128,128,0.25,4,2,32,0.0001,"{'model__batch_size': 128, 'model__callbacks__early_stopping__patience': 10, 'model__lr': 3e-05, 'model__max_epochs': 500, 'model__module__d_model': 128, 'model__module__dim_feedforward': 128, 'model__module__dropout': 0.25, 'model__module__nhead': 4, 'model__module__num_layers': 2, 'model__module__patch_size': 32, 'model__optimizer__weight_decay': 0.0001}",0.8870703764320786,0.9058441558441559,0.9137705774758296,0.8076923076923077,0.7544318512060448,0.8537618537300833,0.06230878473736488,43,0.9497944339025933,0.8977192982456141,0.8945177367340955,0.958502367974265,0.951836917562724,0.9304741508838583,0.028216896283003903
174,10.766515684127807,1.668319405267885,0.022629785537719726,0.0017034805121798283,128,10,3e-05,500,128,128,0.25,4,3,16,0.0001,"{'model__batch_size': 128, 'model__callbacks__early_stopping__patience': 10, 'model__lr': 3e-05, 'model__max_epochs': 500, 'model__module__d_model': 128, 'model__module__dim_feedforward': 128, 'model__module__dropout': 0.25, 'model__module__nhead': 4, 'model__module__num_layers': 3, 'model__module__patch_size': 16, 'model__optimizer__weight_decay': 0.0001}",0.8402777777777777,0.8850574712643677,0.9157088122605364,0.7896440129449838,0.7544318512060448,0.837023985090742,0.05928815619960377,173,0.9087716497725278,0.8823289106765422,0.9137805142778206,0.9142332254395941,0.9617919289152166,0.9161812458163403,0.02565453338497535
175,5.995856285095215,0.7956267101326191,0.01987771987915039,0.0010229378007159662,128,10,3e-05,500,128,128,0.25,4,3,32,0.0001,"{'model__batch_size': 128, 'model__callbacks__early_stopping__patience': 10, 'model__lr': 3e-05, 'model__max_epochs': 500, 'model__module__d_model': 128, 'model__module__dim_feedforward': 128, 'model__module__dropout': 0.25, 'model__module__nhead': 4, 'model__module__num_layers': 3, 'model__module__patch_size': 32, 'model__optimizer__weight_decay': 0.0001}",0.8722222222222222,0.7898550724637681,0.8792788084661616,0.7724089635854342,0.7922115664051148,0.8211953266285402,0.04512164456906484,267,0.9104582843713278,0.896011700913242,0.8934935764608372,0.917898309879075,0.933135875601629,0.9101995494452222,0.01459998282775929
176,10.345933771133422,1.5833362834750815,0.021032238006591798,0.00046998478160863643,128,10,3e-05,500,128,256,0.1,4,2,16,0.0001,"{'model__batch_size': 128, 'model__callbacks__early_stopping__patience': 10, 'model__lr': 3e-05, 'model__max_epochs': 500, 'model__module__d_model': 128, 'model__module__dim_feedforward': 256, 'model__module__dropout': 0.1, 'model__module__nhead': 4, 'model__module__num_layers': 2, 'model__module__patch_size': 16, 'model__optimizer__weight_decay': 0.0001}",0.8259573492318275,0.8310445276737412,0.8952380952380952,0.7896440129449838,0.7922115664051148,0.8268191102987525,0.038156059130553734,246,0.9041604607288254,0.8781307485495967,0.9045636665689436,0.9136409280693409,0.9617919289152166,0.9124575465663846,0.027367008277915442
177,5.614188098907471,0.5360197940550744,0.019606542587280274,0.001458347529683104,128,10,3e-05,500,128,256,0.1,4,2,32,0.0001,"{'model__batch_size': 128, 'model__callbacks__early_stopping__patience': 10, 'model__lr': 3e-05, 'model__max_epochs': 500, 'model__module__d_model': 128, 'model__module__dim_feedforward': 256, 'model__module__dropout': 0.1, 'model__module__nhead': 4, 'model__module__num_layers': 2, 'model__module__patch_size': 32, 'model__optimizer__weight_decay': 0.0001}",0.8870703764320786,0.7705494505494506,0.8952380952380952,0.7724089635854342,0.8299912816041848,0.8310516334818487,0.05358843653770783,224,0.9189081331311357,0.8781307485495967,0.8934935764608372,0.9452655399193834,0.9658439716312057,0.9203283939384317,0.03223753994510334
178,10.862307977676391,1.2691582689003675,0.023126983642578126,0.0018243137132088736,128,10,3e-05,500,128,256,0.1,4,3,16,0.0001,"{'model__batch_size': 128, 'model__callbacks__early_stopping__patience': 10, 'model__lr': 3e-05, 'model__max_epochs': 500, 'model__module__d_model': 128, 'model__module__dim_feedforward': 256, 'model__module__dropout': 0.1, 'model__module__nhead': 4, 'model__module__num_layers': 3, 'model__module__patch_size': 16, 'model__optimizer__weight_decay': 0.0001}",0.8695652173913043,0.7705494505494506,0.9494252873563218,0.7896440129449838,0.7310874704491725,0.8220542877382465,0.07804972260543723,265,0.9181173436492586,0.8875053063534739,0.8990573448546739,0.9081196581196581,0.9472441676735757,0.912008764130128,0.02030828528671336
179,6.472765302658081,1.2812533827469925,0.020233154296875,0.0012995666581619234,128,10,3e-05,500,128,256,0.1,4,3,32,0.0001,"{'model__batch_size': 128, 'model__callbacks__early_stopping__patience': 10, 'model__lr': 3e-05, 'model__max_epochs': 500, 'model__module__d_model': 128, 'model__module__dim_feedforward': 256, 'model__module__dropout': 0.1, 'model__module__nhead': 4, 'model__module__num_layers': 3, 'model__module__patch_size': 32, 'model__optimizer__weight_decay': 0.0001}",0.8722222222222222,0.8587662337662337,0.8952380952380952,0.7724089635854342,0.7833333333333333,0.8363937696290638,0.04930785967268308,185,0.9488233397807866,0.8917425978224188,0.89806441377122,0.9365870786516854,0.9711021505376345,0.9292639161127492,0.030225472357574435
180,10.319185590744018,1.751875370360102,0.020980358123779297,0.0011637277032436918,128,10,3e-05,500,128,256,0.25,4,2,16,0.0001,"{'model__batch_size': 128, 'model__callbacks__early_stopping__patience': 10, 'model__lr': 3e-05, 'model__max_epochs': 500, 'model__module__d_model': 128, 'model__module__dim_feedforward': 256, 'model__module__dropout': 0.25, 'model__module__nhead': 4, 'model__module__num_layers': 2, 'model__module__patch_size': 16, 'model__optimizer__weight_decay': 0.0001}",0.8259573492318275,0.8017094017094017,0.9318181818181819,0.7896440129449838,0.7544318512060448,0.820712159382088,0.060152263485666185,270,0.9087716497725278,0.8739629022882207,0.9231658461722441,0.9130280503166972,0.956836137187471,0.9151529171474321,0.026621610848795014
181,5.671224451065063,0.5029048917088575,0.02071380615234375,0.0012519575575558391,128,10,3e-05,500,128,256,0.25,4,2,32,0.0001,"{'model__batch_size': 128, 'model__callbacks__early_stopping__patience': 10, 'model__lr': 3e-05, 'model__max_epochs': 500, 'model__module__d_model': 128, 'model__module__dim_feedforward': 256, 'model__module__dropout': 0.25, 'model__module__nhead': 4, 'model__module__num_layers': 2, 'model__module__patch_size': 32, 'model__optimizer__weight_decay': 0.0001}",0.8722222222222222,0.7705494505494506,0.9494252873563218,0.7724089635854342,0.7922115664051148,0.8313634980237087,0.06973504240200988,221,0.9445139509482673,0.8791228070175439,0.9026767384848424,0.9227313566936208,0.9467931532274696,0.9191676012743487,0.025666487947546227
182,11.163784170150757,1.4664304051322303,0.023153066635131836,0.0017129463584354186,128,10,3e-05,500,128,256,0.25,4,3,16,0.0001,"{'model__batch_size': 128, 'model__callbacks__early_stopping__patience': 10, 'model__lr': 3e-05, 'model__max_epochs': 500, 'model__module__d_model': 128, 'model__module__dim_feedforward': 256, 'model__module__dropout': 0.25, 'model__module__nhead': 4, 'model__module__num_layers': 3, 'model__module__patch_size': 16, 'model__optimizer__weight_decay': 0.0001}",0.8695652173913043,0.9058441558441559,0.9318181818181819,0.7896440129449838,0.8079196217494089,0.8609582379496068,0.05478826673996087,19,0.9189081331311357,0.8708576998050682,0.8934935764608372,0.917898309879075,0.9564671253679297,0.9115249689288092,0.028614282818977106
183,6.1623224258422855,1.062507882965534,0.021729278564453124,0.0019055963716598618,128,10,3e-05,500,128,256,0.25,4,3,32,0.0001,"{'model__batch_size': 128, 'model__callbacks__early_stopping__patience': 10, 'model__lr': 3e-05, 'model__max_epochs': 500, 'model__module__d_model': 128, 'model__module__dim_feedforward': 256, 'model__module__dropout': 0.25, 'model__module__nhead': 4, 'model__module__num_layers': 3, 'model__module__patch_size': 32, 'model__optimizer__weight_decay': 0.0001}",0.8870703764320786,0.8793175197669579,0.9318181818181819,0.7896440129449838,0.8079196217494089,0.8591539425423221,0.052768503364966635,26,0.9196710942441493,0.8813255709807434,0.9045636665689436,0.9087758998656389,0.933135875601629,0.9094944214522208,0.01720927527402795
184,9.600011920928955,1.0965456361972739,0.021929407119750978,0.00149031699238121,128,10,3e-05,500,128,384,0.1,4,2,16,0.0001,"{'model__batch_size': 128, 'model__callbacks__early_stopping__patience': 10, 'model__lr': 3e-05, 'model__max_epochs': 500, 'model__module__d_model': 128, 'model__module__dim_feedforward': 384, 'model__module__dropout': 0.1, 'model__module__nhead': 4, 'model__module__num_layers': 2, 'model__module__patch_size': 16, 'model__optimizer__weight_decay': 0.0001}",0.8431818181818183,0.9275905118601748,0.9494252873563218,0.7896440129449838,0.7922115664051148,0.8604106393496828,0.06692175143001984,20,0.9181173436492586,0.8934980516870817,0.9137805142778206,0.9318217853179007,0.9667053813395277,0.9247846152543179,0.02429511967650272
185,5.467845153808594,0.9133995637653322,0.019761085510253906,0.001402354605023278,128,10,3e-05,500,128,384,0.1,4,2,32,0.0001,"{'model__batch_size': 128, 'model__callbacks__early_stopping__patience': 10, 'model__lr': 3e-05, 'model__max_epochs': 500, 'model__module__d_model': 128, 'model__module__dim_feedforward': 384, 'model__module__dropout': 0.1, 'model__module__nhead': 4, 'model__module__num_layers': 2, 'model__module__patch_size': 32, 'model__optimizer__weight_decay': 0.0001}",0.8548047696983867,0.8390804597701149,0.9494252873563218,0.7558893820416525,0.7985347985347986,0.8395469394802548,0.06478711745367643,149,0.9391810998483519,0.910569972114172,0.9137805142778206,0.9313379344605504,0.9614695340501792,0.9312678109502148,0.018487699770875422
186,9.729956674575806,1.509744840743157,0.02356438636779785,0.0016047022032574312,128,10,3e-05,500,128,384,0.1,4,3,16,0.0001,"{'model__batch_size': 128, 'model__callbacks__early_stopping__patience': 10, 'model__lr': 3e-05, 'model__max_epochs': 500, 'model__module__d_model': 128, 'model__module__dim_feedforward': 384, 'model__module__dropout': 0.1, 'model__module__nhead': 4, 'model__module__num_layers': 3, 'model__module__patch_size': 16, 'model__optimizer__weight_decay': 0.0001}",0.8548047696983867,0.8215384615384616,0.9318181818181819,0.7896440129449838,0.7849624060150375,0.8365535664030104,0.05384433262996595,181,0.8874113475177305,0.8823289106765422,0.908257972394098,0.8954600708207812,0.9422043010752688,0.9031325204968841,0.02140881239184424
187,5.7628778457641605,1.0039924642474092,0.020848798751831054,0.0013595223739881076,128,10,3e-05,500,128,384,0.1,4,3,32,0.0001,"{'model__batch_size': 128, 'model__callbacks__early_stopping__patience': 10, 'model__lr': 3e-05, 'model__max_epochs': 500, 'model__module__d_model': 128, 'model__module__dim_feedforward': 384, 'model__module__dropout': 0.1, 'model__module__nhead': 4, 'model__module__num_layers': 3, 'model__module__patch_size': 32, 'model__optimizer__weight_decay': 0.0001}",0.8548047696983867,0.8793175197669579,0.9137705774758296,0.7896440129449838,0.7922115664051148,0.8459496892582546,0.04868184974701256,96,0.9236090225563909,0.8917425978224188,0.89806441377122,0.9313379344605504,0.9422043010752688,0.9173916539371698,0.0193919476226286
188,9.625333738327026,0.8391431581005382,0.022802257537841798,0.0019578310635588957,128,10,3e-05,500,128,384,0.25,4,2,16,0.0001,"{'model__batch_size': 128, 'model__callbacks__early_stopping__patience': 10, 'model__lr': 3e-05, 'model__max_epochs': 500, 'model__module__d_model': 128, 'model__module__dim_feedforward': 384, 'model__module__dropout': 0.25, 'model__module__nhead': 4, 'model__module__num_layers': 2, 'model__module__patch_size': 16, 'model__optimizer__weight_decay': 0.0001}",0.8548047696983867,0.952922077922078,0.9666329625884732,0.7896440129449838,0.7922115664051148,0.8712430779118072,0.07608586509032697,2,0.9181173436492586,0.8985310498468393,0.9036370453693288,0.917898309879075,0.9472441676735757,0.9170855832836153,0.016949331252093
189,5.942693853378296,0.6537472862548279,0.02040753364562988,0.0014021173589560771,128,10,3e-05,500,128,384,0.25,4,2,32,0.0001,"{'model__batch_size': 128, 'model__callbacks__early_stopping__patience': 10, 'model__lr': 3e-05, 'model__max_epochs': 500, 'model__module__d_model': 128, 'model__module__dim_feedforward': 384, 'model__module__dropout': 0.25, 'model__module__nhead': 4, 'model__module__num_layers': 2, 'model__module__patch_size': 32, 'model__optimizer__weight_decay': 0.0001}",0.8695652173913043,0.8850574712643677,0.9137705774758296,0.7724089635854342,0.7922115664051148,0.8466027592244101,0.054736964364900664,91,0.9125680847186506,0.9019711462241716,0.9045636665689436,0.9173076923076923,0.9422043010752688,0.9157229781789453,0.014334352107273343
190,10.174277877807617,1.0548382181276637,0.023844289779663085,0.001413416051511286,128,10,3e-05,500,128,384,0.25,4,3,16,0.0001,"{'model__batch_size': 128, 'model__callbacks__early_stopping__patience': 10, 'model__lr': 3e-05, 'model__max_epochs': 500, 'model__module__d_model': 128, 'model__module__dim_feedforward': 384, 'model__module__dropout': 0.25, 'model__module__nhead': 4, 'model__module__num_layers': 3, 'model__module__patch_size': 16, 'model__optimizer__weight_decay': 0.0001}",0.8259573492318275,0.8587662337662337,0.9137705774758296,0.7896440129449838,0.7458646616541353,0.8268005670146019,0.05747613047792705,247,0.9189081331311357,0.888421052631579,0.9000155617802676,0.8989316239316238,0.9472441676735757,0.9107041078296364,0.020745375134156616
191,5.420274496078491,0.44040923884549094,0.021789360046386718,0.0012619879062902243,128,10,3e-05,500,128,384,0.25,4,3,32,0.0001,"{'model__batch_size': 128, 'model__callbacks__early_stopping__patience': 10, 'model__lr': 3e-05, 'model__max_epochs': 500, 'model__module__d_model': 128, 'model__module__dim_feedforward': 384, 'model__module__dropout': 0.25, 'model__module__nhead': 4, 'model__module__num_layers': 3, 'model__module__patch_size': 32, 'model__optimizer__weight_decay': 0.0001}",0.9041666666666667,0.9058441558441559,0.9494252873563218,0.7896440129449838,0.7695035460992907,0.8637167337822838,0.0708798499170468,10,0.9041604607288254,0.8771047374429224,0.8844718068992475,0.9280184138941201,0.9426878933728249,0.9072886624675881,0.024997167907295535
192,4.64744930267334,0.7365793463023812,0.021360015869140624,0.0016871485902290222,128,10,0.0001,500,96,128,0.1,4,2,16,0.0001,"{'model__batch_size': 128, 'model__callbacks__early_stopping__patience': 10, 'model__lr': 0.0001, 'model__max_epochs': 500, 'model__module__d_model': 96, 'model__module__dim_feedforward': 128, 'model__module__dropout': 0.1, 'model__module__nhead': 4, 'model__module__num_layers': 2, 'model__module__patch_size': 16, 'model__optimizer__weight_decay': 0.0001}",0.8576014675533135,0.8310445276737412,0.9318181818181819,0.7896440129449838,0.8008578431372549,0.842193206625495,0.05072351280551371,128,0.9391810998483519,0.8800821498189919,0.9534279673814557,0.9221829923886238,0.9481008723003492,0.9285950163475546,0.026471990130918374
193,2.9067824840545655,0.3941762933308,0.019676876068115235,0.0014388859586933367,128,10,0.0001,500,96,128,0.1,4,2,32,0.0001,"{'model__batch_size': 128, 'model__callbacks__early_stopping__patience': 10, 'model__lr': 0.0001, 'model__max_epochs': 500, 'model__module__d_model': 96, 'model__module__dim_feedforward': 128, 'model__module__dropout': 0.1, 'model__module__nhead': 4, 'model__module__num_layers': 2, 'model__module__patch_size': 32, 'model__optimizer__weight_decay': 0.0001}",0.8548047696983867,0.8793175197669579,0.9137705774758296,0.7724089635854342,0.8140732265446224,0.8468750114142463,0.049419760305441235,90,0.9337944862155388,0.9070175438596491,0.908257972394098,0.9452655399193834,0.9713439466864124,0.9331358978150164,0.024118443322100853
194,5.309648132324218,0.8771240136071954,0.022230100631713868,0.0017006765911374555,128,10,0.0001,500,96,128,0.1,4,3,16,0.0001,"{'model__batch_size': 128, 'model__callbacks__early_stopping__patience': 10, 'model__lr': 0.0001, 'model__max_epochs': 500, 'model__module__d_model': 96, 'model__module__dim_feedforward': 128, 'model__module__dropout': 0.1, 'model__module__nhead': 4, 'model__module__num_layers': 3, 'model__module__patch_size': 16, 'model__optimizer__weight_decay': 0.0001}",0.8695652173913043,0.8310445276737412,0.9666329625884732,0.7724089635854342,0.8079196217494089,0.8495142585976723,0.06653616019412958,70,0.9078820116054158,0.8771047374429224,0.9490322068856101,0.8897435897435897,0.9661410975083897,0.9179807286371855,0.034216318287975674
195,2.801348638534546,0.22328401224679126,0.019873857498168945,0.0014918581583594649,128,10,0.0001,500,96,128,0.1,4,3,32,0.0001,"{'model__batch_size': 128, 'model__callbacks__early_stopping__patience': 10, 'model__lr': 0.0001, 'model__max_epochs': 500, 'model__module__d_model': 96, 'model__module__dim_feedforward': 128, 'model__module__dropout': 0.1, 'model__module__nhead': 4, 'model__module__num_layers': 3, 'model__module__patch_size': 32, 'model__optimizer__weight_decay': 0.0001}",0.8722222222222222,0.8310445276737412,0.9318181818181819,0.7896440129449838,0.7768878718535469,0.8403233633025351,0.056687554073629805,138,0.909629981024668,0.8845651226949325,0.9120306050538609,0.9361431299059473,0.9472441676735757,0.9179226012705968,0.02194514282005496
196,4.513792514801025,0.5310341521083104,0.02073636054992676,0.0013629950363980064,128,10,0.0001,500,96,128,0.25,4,2,16,0.0001,"{'model__batch_size': 128, 'model__callbacks__early_stopping__patience': 10, 'model__lr': 0.0001, 'model__max_epochs': 500, 'model__module__d_model': 96, 'model__module__dim_feedforward': 128, 'model__module__dropout': 0.25, 'model__module__nhead': 4, 'model__module__num_layers': 2, 'model__module__patch_size': 16, 'model__optimizer__weight_decay': 0.0001}",0.8722222222222222,0.9275905118601748,0.9318181818181819,0.7896440129449838,0.7397025171624714,0.8521954892016069,0.0761480250522089,54,0.9695905499241759,0.8898646573065178,0.8934935764608372,0.9227313566936208,0.9476798849621149,0.9246720050694532,0.030771578425332676
197,3.0373820781707765,0.49944040699816056,0.019815731048583984,0.0014329214093755805,128,10,0.0001,500,96,128,0.25,4,2,32,0.0001,"{'model__batch_size': 128, 'model__callbacks__early_stopping__patience': 10, 'model__lr': 0.0001, 'model__max_epochs': 500, 'model__module__d_model': 96, 'model__module__dim_feedforward': 128, 'model__module__dropout': 0.25, 'model__module__nhead': 4, 'model__module__num_layers': 2, 'model__module__patch_size': 32, 'model__optimizer__weight_decay': 0.0001}",0.8479804161566707,0.952922077922078,0.9318181818181819,0.8076923076923077,0.7985347985347986,0.8677895564248074,0.06347836469228031,4,0.9181173436492586,0.8909913615795968,0.9091516103692066,0.9404928765324769,0.9808959644576083,0.9279298313176294,0.03090824617376256
198,5.073302793502807,0.7688048968012885,0.021547508239746094,0.0005916546845067286,128,10,0.0001,500,96,128,0.25,4,3,16,0.0001,"{'model__batch_size': 128, 'model__callbacks__early_stopping__patience': 10, 'model__lr': 0.0001, 'model__max_epochs': 500, 'model__module__d_model': 96, 'model__module__dim_feedforward': 128, 'model__module__dropout': 0.25, 'model__module__nhead': 4, 'model__module__num_layers': 3, 'model__module__patch_size': 16, 'model__optimizer__weight_decay': 0.0001}",0.8576014675533135,0.8725274725274725,0.9666329625884732,0.7724089635854342,0.7768878718535469,0.849211747621648,0.07145790760235604,74,0.913423558897243,0.8813255709807434,0.9091516103692066,0.8931561605358397,0.956836137187471,0.9107786075941007,0.025725360738691163
199,3.084548330307007,0.5067726573285756,0.020226573944091795,0.0013328460996426814,128,10,0.0001,500,96,128,0.25,4,3,32,0.0001,"{'model__batch_size': 128, 'model__callbacks__early_stopping__patience': 10, 'model__lr': 0.0001, 'model__max_epochs': 500, 'model__module__d_model': 96, 'model__module__dim_feedforward': 128, 'model__module__dropout': 0.25, 'model__module__nhead': 4, 'model__module__num_layers': 3, 'model__module__patch_size': 32, 'model__optimizer__weight_decay': 0.0001}",0.9193359831657704,0.8793175197669579,0.9318181818181819,0.7833333333333333,0.7985347985347986,0.8624679633238083,0.06111803541011784,13,0.9344255783934068,0.8845651226949325,0.9137805142778206,0.9232613069722684,0.9617919289152166,0.923564890250729,0.025282678170562064
200,4.519561338424682,0.6831497046854114,0.020795345306396484,0.0013436568111848855,128,10,0.0001,500,96,256,0.1,4,2,16,0.0001,"{'model__batch_size': 128, 'model__callbacks__early_stopping__patience': 10, 'model__lr': 0.0001, 'model__max_epochs': 500, 'model__module__d_model': 96, 'model__module__dim_feedforward': 256, 'model__module__dropout': 0.1, 'model__module__nhead': 4, 'model__module__num_layers': 2, 'model__module__patch_size': 16, 'model__optimizer__weight_decay': 0.0001}",0.8548047696983867,0.8310445276737412,0.9666329625884732,0.7724089635854342,0.7695035460992907,0.8388789539290652,0.07192677303903812,160,0.9283526756931012,0.888421052631579,0.9334104000159449,0.917898309879075,0.9614695340501792,0.9259103944539758,0.023648727151433357
201,2.7257435798645018,0.43281374570550163,0.019226741790771485,0.0012366169813183895,128,10,0.0001,500,96,256,0.1,4,2,32,0.0001,"{'model__batch_size': 128, 'model__callbacks__early_stopping__patience': 10, 'model__lr': 0.0001, 'model__max_epochs': 500, 'model__module__d_model': 96, 'model__module__dim_feedforward': 256, 'model__module__dropout': 0.1, 'model__module__nhead': 4, 'model__module__num_layers': 2, 'model__module__patch_size': 32, 'model__optimizer__weight_decay': 0.0001}",0.8845878136200717,0.8310445276737412,0.8952380952380952,0.7896440129449838,0.7985347985347986,0.839809849602338,0.04329995000575303,142,0.9087716497725278,0.8926350649121879,0.9279246794871795,0.9318217853179007,0.9614695340501792,0.9245245427079951,0.02321566494858426
202,4.778371334075928,0.49730632804924296,0.022434329986572264,0.0014989420293236402,128,10,0.0001,500,96,256,0.1,4,3,16,0.0001,"{'model__batch_size': 128, 'model__callbacks__early_stopping__patience': 10, 'model__lr': 0.0001, 'model__max_epochs': 500, 'model__module__d_model': 96, 'model__module__dim_feedforward': 256, 'model__module__dropout': 0.1, 'model__module__nhead': 4, 'model__module__num_layers': 3, 'model__module__patch_size': 16, 'model__optimizer__weight_decay': 0.0001}",0.8402777777777777,0.8793175197669579,0.876172607879925,0.7724089635854342,0.8008578431372549,0.83380694242947,0.04186475586709463,208,0.9236090225563909,0.8865582191780822,0.8776772965254641,0.8912921348314606,0.9426878933728249,0.9043649132928445,0.02465437618061986
203,2.8327809810638427,0.2459108757437293,0.02051863670349121,0.0012937612138319552,128,10,0.0001,500,96,256,0.1,4,3,32,0.0001,"{'model__batch_size': 128, 'model__callbacks__early_stopping__patience': 10, 'model__lr': 0.0001, 'model__max_epochs': 500, 'model__module__d_model': 96, 'model__module__dim_feedforward': 256, 'model__module__dropout': 0.1, 'model__module__nhead': 4, 'model__module__num_layers': 3, 'model__module__patch_size': 32, 'model__optimizer__weight_decay': 0.0001}",0.8516129032258064,0.8512820512820514,0.876172607879925,0.7896440129449838,0.8140732265446224,0.8365569603754779,0.030722148909569716,180,0.9331403000789682,0.870710684664173,0.9129212923285432,0.9280184138941201,0.9467931532274696,0.9183167688386549,0.026154211440123094
204,4.390655565261841,0.41695208097010167,0.02147212028503418,0.0017734206496852292,128,10,0.0001,500,96,256,0.25,4,2,16,0.0001,"{'model__batch_size': 128, 'model__callbacks__early_stopping__patience': 10, 'model__lr': 0.0001, 'model__max_epochs': 500, 'model__module__d_model': 96, 'model__module__dim_feedforward': 256, 'model__module__dropout': 0.25, 'model__module__nhead': 4, 'model__module__num_layers': 2, 'model__module__patch_size': 16, 'model__optimizer__weight_decay': 0.0001}",0.8402777777777777,0.8310445276737412,0.9137705774758296,0.7896440129449838,0.7849624060150375,0.831939860377474,0.0463948459992337,216,0.9189081331311357,0.8791228070175439,0.8800186741363212,0.9038731082447705,0.9564671253679297,0.9076779695795402,0.02864056284039635
205,2.6495623111724855,0.4348678465462858,0.019269800186157225,0.0016330243180357608,128,10,0.0001,500,96,256,0.25,4,2,32,0.0001,"{'model__batch_size': 128, 'model__callbacks__early_stopping__patience': 10, 'model__lr': 0.0001, 'model__max_epochs': 500, 'model__module__d_model': 96, 'model__module__dim_feedforward': 256, 'model__module__dropout': 0.25, 'model__module__nhead': 4, 'model__module__num_layers': 2, 'model__module__patch_size': 32, 'model__optimizer__weight_decay': 0.0001}",0.8516129032258064,0.8017094017094017,0.9482623464854978,0.7724089635854342,0.7985347985347986,0.8345056827081876,0.06238387392421098,201,0.9060032894736842,0.8875053063534739,0.9000155617802676,0.9275280898876405,0.9760200762152617,0.9194144647420656,0.03112682961859771
206,4.856421613693238,0.5344952923977747,0.022840404510498048,0.0015276290095889418,128,10,0.0001,500,96,256,0.25,4,3,16,0.0001,"{'model__batch_size': 128, 'model__callbacks__early_stopping__patience': 10, 'model__lr': 0.0001, 'model__max_epochs': 500, 'model__module__d_model': 96, 'model__module__dim_feedforward': 256, 'model__module__dropout': 0.25, 'model__module__nhead': 4, 'model__module__num_layers': 3, 'model__module__patch_size': 16, 'model__optimizer__weight_decay': 0.0001}",0.8516129032258064,0.8310445276737412,0.9494252873563218,0.7896440129449838,0.8240601503759399,0.8491573763153586,0.053961968185656635,76,0.9172975172975173,0.8802876709853454,0.9026767384848424,0.8954600708207812,0.956836137187471,0.9105116269551916,0.02605160605366181
207,2.943058156967163,0.5270024094202318,0.020212411880493164,0.001583624969404634,128,10,0.0001,500,96,256,0.25,4,3,32,0.0001,"{'model__batch_size': 128, 'model__callbacks__early_stopping__patience': 10, 'model__lr': 0.0001, 'model__max_epochs': 500, 'model__module__d_model': 96, 'model__module__dim_feedforward': 256, 'model__module__dropout': 0.25, 'model__module__nhead': 4, 'model__module__num_layers': 3, 'model__module__patch_size': 32, 'model__optimizer__weight_decay': 0.0001}",0.8870703764320786,0.9100775193798449,0.9318181818181819,0.7833333333333333,0.8240601503759399,0.8672719122678757,0.05532352392193042,6,0.9243372058385463,0.8855785837651122,0.9137805142778206,0.9106152993348116,0.9758150696488498,0.9220253345730282,0.02974966204368492
208,4.428560209274292,0.6124285029897018,0.021312427520751954,0.0015068897875573932,128,10,0.0001,500,96,384,0.1,4,2,16,0.0001,"{'model__batch_size': 128, 'model__callbacks__early_stopping__patience': 10, 'model__lr': 0.0001, 'model__max_epochs': 500, 'model__module__d_model': 96, 'model__module__dim_feedforward': 384, 'model__module__dropout': 0.1, 'model__module__nhead': 4, 'model__module__num_layers': 2, 'model__module__patch_size': 16, 'model__optimizer__weight_decay': 0.0001}",0.8516129032258064,0.7898550724637681,0.9666329625884732,0.7896440129449838,0.7922115664051148,0.8379913035256292,0.06853402950795542,166,0.9290446164897438,0.8823289106765422,0.9184515310169761,0.9052051439069198,0.9760200762152617,0.9222100556610886,0.03109993180155544
209,2.579638957977295,0.45738494677752667,0.02017488479614258,0.0014210669644395895,128,10,0.0001,500,96,384,0.1,4,2,32,0.0001,"{'model__batch_size': 128, 'model__callbacks__early_stopping__patience': 10, 'model__lr': 0.0001, 'model__max_epochs': 500, 'model__module__d_model': 96, 'model__module__dim_feedforward': 384, 'model__module__dropout': 0.1, 'model__module__nhead': 4, 'model__module__num_layers': 2, 'model__module__patch_size': 32, 'model__optimizer__weight_decay': 0.0001}",0.8516129032258064,0.8101916783543712,0.9318181818181819,0.7724089635854342,0.8299912816041848,0.8392046017175957,0.05314044303248053,155,0.9290446164897438,0.888421052631579,0.9129212923285432,0.9184691011235955,0.9476798849621149,0.9193071895071153,0.019469272496076596
210,4.139167213439942,0.7550140758423379,0.023024225234985353,0.0016659120697015972,128,10,0.0001,500,96,384,0.1,4,3,16,0.0001,"{'model__batch_size': 128, 'model__callbacks__early_stopping__patience': 10, 'model__lr': 0.0001, 'model__max_epochs': 500, 'model__module__d_model': 96, 'model__module__dim_feedforward': 384, 'model__module__dropout': 0.1, 'model__module__nhead': 4, 'model__module__num_layers': 3, 'model__module__patch_size': 16, 'model__optimizer__weight_decay': 0.0001}",0.8516129032258064,0.8512820512820514,0.9332659251769464,0.7724089635854342,0.7768878718535469,0.8370915430247571,0.05911018577954196,172,0.9116810864985376,0.8729152235306655,0.9073317307692308,0.9094101123595506,0.9560851063829787,0.9114846519081926,0.026451428693362707
211,2.8865618228912355,0.6437777564963738,0.020632457733154298,0.0014936460981020403,128,10,0.0001,500,96,384,0.1,4,3,32,0.0001,"{'model__batch_size': 128, 'model__callbacks__early_stopping__patience': 10, 'model__lr': 0.0001, 'model__max_epochs': 500, 'model__module__d_model': 96, 'model__module__dim_feedforward': 384, 'model__module__dropout': 0.1, 'model__module__nhead': 4, 'model__module__num_layers': 3, 'model__module__patch_size': 32, 'model__optimizer__weight_decay': 0.0001}",0.9021739130434783,0.8310445276737412,0.8952380952380952,0.8076923076923077,0.7922115664051148,0.8456720820105474,0.04508592221367253,102,0.9243372058385463,0.8802876709853454,0.9176282051282052,0.9237734406228819,0.9611357987497176,0.9214324642649393,0.025681272806183132
212,4.184360694885254,0.3764078902800608,0.020444154739379883,0.0011680036788959587,128,10,0.0001,500,96,384,0.25,4,2,16,0.0001,"{'model__batch_size': 128, 'model__callbacks__early_stopping__patience': 10, 'model__lr': 0.0001, 'model__max_epochs': 500, 'model__module__d_model': 96, 'model__module__dim_feedforward': 384, 'model__module__dropout': 0.25, 'model__module__nhead': 4, 'model__module__num_layers': 2, 'model__module__patch_size': 16, 'model__optimizer__weight_decay': 0.0001}",0.8516129032258064,0.8310445276737412,0.9332659251769464,0.7896440129449838,0.7922115664051148,0.8395557870853185,0.05240623244844064,148,0.9189081331311357,0.8943326225273487,0.9176282051282052,0.9094101123595506,0.9103560521551488,0.9101270250602778,0.008756770294650924
213,2.5502440452575685,0.23201574781015047,0.019286441802978515,0.0013449688984928177,128,10,0.0001,500,96,384,0.25,4,2,32,0.0001,"{'model__batch_size': 128, 'model__callbacks__early_stopping__patience': 10, 'model__lr': 0.0001, 'model__max_epochs': 500, 'model__module__d_model': 96, 'model__module__dim_feedforward': 384, 'model__module__dropout': 0.25, 'model__module__nhead': 4, 'model__module__num_layers': 2, 'model__module__patch_size': 32, 'model__optimizer__weight_decay': 0.0001}",0.9021739130434783,0.8310445276737412,0.9137705774758296,0.7724089635854342,0.8299912816041848,0.8498778526765337,0.05209367875062605,65,0.9228541923988094,0.896879864157351,0.9146095964037917,0.9184691011235955,0.9476798849621149,0.9200985278091325,0.016372016924018903
214,4.168603801727295,0.7431227841703372,0.02245159149169922,0.0015504228131457548,128,10,0.0001,500,96,384,0.25,4,3,16,0.0001,"{'model__batch_size': 128, 'model__callbacks__early_stopping__patience': 10, 'model__lr': 0.0001, 'model__max_epochs': 500, 'model__module__d_model': 96, 'model__module__dim_feedforward': 384, 'model__module__dropout': 0.25, 'model__module__nhead': 4, 'model__module__num_layers': 3, 'model__module__patch_size': 16, 'model__optimizer__weight_decay': 0.0001}",0.8516129032258064,0.8215384615384616,0.9318181818181819,0.7896440129449838,0.7768878718535469,0.8343002862761961,0.05524979439760514,203,0.9060032894736842,0.8718316166592028,0.9192458758837392,0.9003511235955056,0.951836917562724,0.9098537646349711,0.02608297132555325
215,2.820886659622192,0.5238989910697143,0.020119476318359374,0.001448840546200778,128,10,0.0001,500,96,384,0.25,4,3,32,0.0001,"{'model__batch_size': 128, 'model__callbacks__early_stopping__patience': 10, 'model__lr': 0.0001, 'model__max_epochs': 500, 'model__module__d_model': 96, 'model__module__dim_feedforward': 384, 'model__module__dropout': 0.25, 'model__module__nhead': 4, 'model__module__num_layers': 3, 'model__module__patch_size': 32, 'model__optimizer__weight_decay': 0.0001}",0.9021739130434783,0.8310445276737412,0.8952380952380952,0.8076923076923077,0.8240601503759399,0.8520417988047125,0.03890985558769797,55,0.9290446164897438,0.8749455495861769,0.895506205347635,0.9232613069722684,0.951836917562724,0.9149189191917095,0.026858120180576983
216,4.186246299743653,0.8727243920439552,0.020100212097167967,0.0009420671978351451,128,10,0.0001,500,128,128,0.1,4,2,16,0.0001,"{'model__batch_size': 128, 'model__callbacks__early_stopping__patience': 10, 'model__lr': 0.0001, 'model__max_epochs': 500, 'model__module__d_model': 128, 'model__module__dim_feedforward': 128, 'model__module__dropout': 0.1, 'model__module__nhead': 4, 'model__module__num_layers': 2, 'model__module__patch_size': 16, 'model__optimizer__weight_decay': 0.0001}",0.8402777777777777,0.8512820512820514,0.9332659251769464,0.7896440129449838,0.7397025171624714,0.8308344568688462,0.06480921112329717,227,0.9283526756931012,0.8791228070175439,0.908257972394098,0.9264957264957265,0.9807347670250897,0.9245927897251118,0.03317838184921196
217,2.6298091411590576,0.5407429582148457,0.019106578826904298,0.0012529634740685875,128,10,0.0001,500,128,128,0.1,4,2,32,0.0001,"{'model__batch_size': 128, 'model__callbacks__early_stopping__patience': 10, 'model__lr': 0.0001, 'model__max_epochs': 500, 'model__module__d_model': 128, 'model__module__dim_feedforward': 128, 'model__module__dropout': 0.1, 'model__module__nhead': 4, 'model__module__num_layers': 2, 'model__module__patch_size': 32, 'model__optimizer__weight_decay': 0.0001}",0.8516129032258064,0.7195357833655706,0.9666329625884732,0.8363897878460985,0.8240601503759399,0.8396463174803778,0.0786751310209557,146,0.9032380952380952,0.864626820976237,0.89806441377122,0.9677240639799839,0.9805678993748588,0.9228442586680791,0.044122393475964146
218,4.192632150650025,0.30655136271089867,0.021763038635253907,0.0012334678443920426,128,10,0.0001,500,128,128,0.1,4,3,16,0.0001,"{'model__batch_size': 128, 'model__callbacks__early_stopping__patience': 10, 'model__lr': 0.0001, 'model__max_epochs': 500, 'model__module__d_model': 128, 'model__module__dim_feedforward': 128, 'model__module__dropout': 0.1, 'model__module__nhead': 4, 'model__module__num_layers': 3, 'model__module__patch_size': 16, 'model__optimizer__weight_decay': 0.0001}",0.8576014675533135,0.8215384615384616,0.8977272727272727,0.8076923076923077,0.7922115664051148,0.835354215183294,0.03795440123045475,196,0.9196710942441493,0.8771047374429224,0.9129212923285432,0.9184691011235955,0.9514197484371469,0.9159171947152714,0.023649175797025718
219,2.773292064666748,0.4122871359610251,0.01948084831237793,0.0010207300507063884,128,10,0.0001,500,128,128,0.1,4,3,32,0.0001,"{'model__batch_size': 128, 'model__callbacks__early_stopping__patience': 10, 'model__lr': 0.0001, 'model__max_epochs': 500, 'model__module__d_model': 128, 'model__module__dim_feedforward': 128, 'model__module__dropout': 0.1, 'model__module__nhead': 4, 'model__module__num_layers': 3, 'model__module__patch_size': 32, 'model__optimizer__weight_decay': 0.0001}",0.8331721470019342,0.8793175197669579,0.9666329625884732,0.7724089635854342,0.8079196217494089,0.8518902429384416,0.06711066031226683,56,0.9060032894736842,0.896011700913242,0.9543543899117873,0.9094101123595506,0.9242068155111633,0.9179972616338855,0.020304475945028086
220,4.075798225402832,0.6262918358579393,0.02026972770690918,0.0007788812717068331,128,10,0.0001,500,128,128,0.25,4,2,16,0.0001,"{'model__batch_size': 128, 'model__callbacks__early_stopping__patience': 10, 'model__lr': 0.0001, 'model__max_epochs': 500, 'model__module__d_model': 128, 'model__module__dim_feedforward': 128, 'model__module__dropout': 0.25, 'model__module__nhead': 4, 'model__module__num_layers': 2, 'model__module__patch_size': 16, 'model__optimizer__weight_decay': 0.0001}",0.8548047696983867,0.8116883116883117,0.9666329625884732,0.8076923076923077,0.7544318512060448,0.8390500405747048,0.07129912071062104,157,0.9337944862155388,0.8635015363847889,0.9231658461722441,0.9275280898876405,0.9614695340501792,0.9218918985420782,0.03209636993195372
221,2.643728256225586,0.3137654522068952,0.019640445709228516,0.0014119435787010833,128,10,0.0001,500,128,128,0.25,4,2,32,0.0001,"{'model__batch_size': 128, 'model__callbacks__early_stopping__patience': 10, 'model__lr': 0.0001, 'model__max_epochs': 500, 'model__module__d_model': 128, 'model__module__dim_feedforward': 128, 'model__module__dropout': 0.25, 'model__module__nhead': 4, 'model__module__num_layers': 2, 'model__module__patch_size': 32, 'model__optimizer__weight_decay': 0.0001}",0.8369565217391304,0.8310445276737412,0.8565217391304347,0.8076923076923077,0.7768878718535469,0.8218205936178322,0.0273382688837012,266,0.9331403000789682,0.8739629022882207,0.8821876307974409,0.9635103599462556,0.9903673835125448,0.9286337153246862,0.04515278950433867
222,4.602027750015258,0.6680907578735994,0.021873044967651366,0.0014982182868742136,128,10,0.0001,500,128,128,0.25,4,3,16,0.0001,"{'model__batch_size': 128, 'model__callbacks__early_stopping__patience': 10, 'model__lr': 0.0001, 'model__max_epochs': 500, 'model__module__d_model': 128, 'model__module__dim_feedforward': 128, 'model__module__dropout': 0.25, 'model__module__nhead': 4, 'model__module__num_layers': 3, 'model__module__patch_size': 16, 'model__optimizer__weight_decay': 0.0001}",0.8516129032258064,0.8017094017094017,0.9332659251769464,0.8076923076923077,0.7458646616541353,0.8280290398917195,0.06243122891000048,239,0.8966218966218966,0.8934980516870817,0.9000155617802676,0.9087758998656389,0.9661410975083897,0.913010501492655,0.02705173787053311
223,2.4211180210113525,0.3183742629821453,0.019382810592651366,0.0009012548072416531,128,10,0.0001,500,128,128,0.25,4,3,32,0.0001,"{'model__batch_size': 128, 'model__callbacks__early_stopping__patience': 10, 'model__lr': 0.0001, 'model__max_epochs': 500, 'model__module__d_model': 128, 'model__module__dim_feedforward': 128, 'model__module__dropout': 0.25, 'model__module__nhead': 4, 'model__module__num_layers': 3, 'model__module__patch_size': 32, 'model__optimizer__weight_decay': 0.0001}",0.9041666666666667,0.8793175197669579,0.9137705774758296,0.7558893820416525,0.7768878718535469,0.8460064035609307,0.06630637816481792,95,0.8944569101637164,0.8917425978224188,0.8910345359235277,0.9142332254395941,0.9467931532274696,0.9076520845153453,0.021348077149925083
224,4.024241018295288,0.22935991614030668,0.021055173873901368,0.0007931022240476622,128,10,0.0001,500,128,256,0.1,4,2,16,0.0001,"{'model__batch_size': 128, 'model__callbacks__early_stopping__patience': 10, 'model__lr': 0.0001, 'model__max_epochs': 500, 'model__module__d_model': 128, 'model__module__dim_feedforward': 256, 'model__module__dropout': 0.1, 'model__module__nhead': 4, 'model__module__num_layers': 2, 'model__module__patch_size': 16, 'model__optimizer__weight_decay': 0.0001}",0.8845878136200717,0.7646103896103896,0.9494252873563218,0.8076923076923077,0.7922115664051148,0.8397054729368412,0.06778295896149077,145,0.9331403000789682,0.8749759737196177,0.908257972394098,0.9313379344605504,0.9467931532274696,0.9189010667761408,0.025211462422912112
225,2.4401058197021483,0.4691940204551972,0.01923227310180664,0.0012399140245139047,128,10,0.0001,500,128,256,0.1,4,2,32,0.0001,"{'model__batch_size': 128, 'model__callbacks__early_stopping__patience': 10, 'model__lr': 0.0001, 'model__max_epochs': 500, 'model__module__d_model': 128, 'model__module__dim_feedforward': 256, 'model__module__dropout': 0.1, 'model__module__nhead': 4, 'model__module__num_layers': 2, 'model__module__patch_size': 32, 'model__optimizer__weight_decay': 0.0001}",0.8576014675533135,0.7705494505494506,0.9318181818181819,0.7724089635854342,0.7922115664051148,0.824917925982299,0.062094616187043324,256,0.9445139509482673,0.8908195253022839,0.9137805142778206,0.9094101123595506,0.9386646672640492,0.9194377540303943,0.019748674988412866
226,4.272111272811889,0.1845125658183748,0.02246541976928711,0.0014997528767553185,128,10,0.0001,500,128,256,0.1,4,3,16,0.0001,"{'model__batch_size': 128, 'model__callbacks__early_stopping__patience': 10, 'model__lr': 0.0001, 'model__max_epochs': 500, 'model__module__d_model': 128, 'model__module__dim_feedforward': 256, 'model__module__dropout': 0.1, 'model__module__nhead': 4, 'model__module__num_layers': 3, 'model__module__patch_size': 16, 'model__optimizer__weight_decay': 0.0001}",0.8695652173913043,0.8310445276737412,0.9137705774758296,0.8076923076923077,0.7768878718535469,0.839792100417346,0.04779772432938485,143,0.9032380952380952,0.8985310498468393,0.8833501075523453,0.9136409280693409,0.9426878933728249,0.9082896148158891,0.019771720127826364
227,2.3668886184692384,0.21360307505487083,0.020416784286499023,0.001156667034968801,128,10,0.0001,500,128,256,0.1,4,3,32,0.0001,"{'model__batch_size': 128, 'model__callbacks__early_stopping__patience': 10, 'model__lr': 0.0001, 'model__max_epochs': 500, 'model__module__d_model': 128, 'model__module__dim_feedforward': 256, 'model__module__dropout': 0.1, 'model__module__nhead': 4, 'model__module__num_layers': 3, 'model__module__patch_size': 32, 'model__optimizer__weight_decay': 0.0001}",0.8516129032258064,0.8310445276737412,0.9318181818181819,0.7896440129449838,0.7985347985347986,0.8405308848395023,0.050792357081721806,136,0.9022819770384919,0.8832989836002043,0.9045636665689436,0.9232613069722684,0.9431551116333725,0.9113122091626561,0.0203400103342721
228,4.44074969291687,1.1135442499694215,0.02078733444213867,0.0015203669697789629,128,10,0.0001,500,128,256,0.25,4,2,16,0.0001,"{'model__batch_size': 128, 'model__callbacks__early_stopping__patience': 10, 'model__lr': 0.0001, 'model__max_epochs': 500, 'model__module__d_model': 128, 'model__module__dim_feedforward': 256, 'model__module__dropout': 0.25, 'model__module__nhead': 4, 'model__module__num_layers': 2, 'model__module__patch_size': 16, 'model__optimizer__weight_decay': 0.0001}",0.8870703764320786,0.7646103896103896,0.9494252873563218,0.7896440129449838,0.8079196217494089,0.8397339376186366,0.06846550863055136,144,0.9236090225563909,0.8667672197083962,0.9641440615470472,0.9130280503166972,0.951836917562724,0.9238770543382511,0.034007327921580746
229,2.2421898365020754,0.1328365857120906,0.019095373153686524,0.0010819797564438076,128,10,0.0001,500,128,256,0.25,4,2,32,0.0001,"{'model__batch_size': 128, 'model__callbacks__early_stopping__patience': 10, 'model__lr': 0.0001, 'model__max_epochs': 500, 'model__module__d_model': 128, 'model__module__dim_feedforward': 256, 'model__module__dropout': 0.25, 'model__module__nhead': 4, 'model__module__num_layers': 2, 'model__module__patch_size': 32, 'model__optimizer__weight_decay': 0.0001}",0.8695652173913043,0.9058441558441559,0.8952380952380952,0.7896440129449838,0.7922115664051148,0.8505006095647307,0.050057862350165495,60,0.9060032894736842,0.8934980516870817,0.8878708551483421,0.904550499445061,0.9336809635722679,0.9051207318652874,0.015807819896344336
230,4.367158603668213,0.5407483649066616,0.023138141632080077,0.0017762769241424997,128,10,0.0001,500,128,256,0.25,4,3,16,0.0001,"{'model__batch_size': 128, 'model__callbacks__early_stopping__patience': 10, 'model__lr': 0.0001, 'model__max_epochs': 500, 'model__module__d_model': 128, 'model__module__dim_feedforward': 256, 'model__module__dropout': 0.25, 'model__module__nhead': 4, 'model__module__num_layers': 3, 'model__module__patch_size': 16, 'model__optimizer__weight_decay': 0.0001}",0.9041666666666667,0.8587662337662337,0.9332659251769464,0.8076923076923077,0.7768878718535469,0.8561558010311403,0.05812046731853707,32,0.9032380952380952,0.8800821498189919,0.886599520383693,0.917898309879075,0.9661410975083897,0.9107918345656489,0.030657640744946917
231,2.3530659675598145,0.19376406562645004,0.020115184783935546,0.0013343150886310064,128,10,0.0001,500,128,256,0.25,4,3,32,0.0001,"{'model__batch_size': 128, 'model__callbacks__early_stopping__patience': 10, 'model__lr': 0.0001, 'model__max_epochs': 500, 'model__module__d_model': 128, 'model__module__dim_feedforward': 256, 'model__module__dropout': 0.25, 'model__module__nhead': 4, 'model__module__num_layers': 3, 'model__module__patch_size': 32, 'model__optimizer__weight_decay': 0.0001}",0.8870703764320786,0.8215384615384616,0.9137705774758296,0.8076923076923077,0.7922115664051148,0.8444566579087585,0.04738514368462883,109,0.9189081331311357,0.8771047374429224,0.8833501075523453,0.9275280898876405,0.9376521981596804,0.9089086532347448,0.024238781782152097
232,3.7541933059692383,0.4277180410401981,0.021153831481933595,0.0015016010317639985,128,10,0.0001,500,128,384,0.1,4,2,16,0.0001,"{'model__batch_size': 128, 'model__callbacks__early_stopping__patience': 10, 'model__lr': 0.0001, 'model__max_epochs': 500, 'model__module__d_model': 128, 'model__module__dim_feedforward': 384, 'model__module__dropout': 0.1, 'model__module__nhead': 4, 'model__module__num_layers': 2, 'model__module__patch_size': 16, 'model__optimizer__weight_decay': 0.0001}",0.8186379928315413,0.7705494505494506,0.9494252873563218,0.7896440129449838,0.7768878718535469,0.8210289231071689,0.06629172654464932,268,0.9220715469104743,0.8781307485495967,0.8970352564102564,0.917898309879075,0.9564671253679297,0.9143205974234665,0.026297130024377467
233,2.4058821201324463,0.23027506382906016,0.019611167907714843,0.00128354464696303,128,10,0.0001,500,128,384,0.1,4,2,32,0.0001,"{'model__batch_size': 128, 'model__callbacks__early_stopping__patience': 10, 'model__lr': 0.0001, 'model__max_epochs': 500, 'model__module__d_model': 128, 'model__module__dim_feedforward': 384, 'model__module__dropout': 0.1, 'model__module__nhead': 4, 'model__module__num_layers': 2, 'model__module__patch_size': 32, 'model__optimizer__weight_decay': 0.0001}",0.9021739130434783,0.8215384615384616,0.876172607879925,0.8076923076923077,0.7768878718535469,0.8368930324015439,0.04581166421223579,177,0.9012906260866007,0.8865582191780822,0.89806441377122,0.9173076923076923,0.9472441676735757,0.9100930238034343,0.021015782764922993
234,4.344082927703857,0.6916788513856145,0.022455692291259766,0.0011959628327401976,128,10,0.0001,500,128,384,0.1,4,3,16,0.0001,"{'model__batch_size': 128, 'model__callbacks__early_stopping__patience': 10, 'model__lr': 0.0001, 'model__max_epochs': 500, 'model__module__d_model': 128, 'model__module__dim_feedforward': 384, 'model__module__dropout': 0.1, 'model__module__nhead': 4, 'model__module__num_layers': 3, 'model__module__patch_size': 16, 'model__optimizer__weight_decay': 0.0001}",0.8548047696983867,0.8017094017094017,0.8977272727272727,0.7724089635854342,0.7849624060150375,0.8223225627471067,0.04701705043045974,262,0.937973137973138,0.8718316166592028,0.8788688138256089,0.8912921348314606,0.9336809635722679,0.9027293333723356,0.027766641771597173
235,2.2497012615203857,0.1901707533642925,0.020826959609985353,0.0013669762081576831,128,10,0.0001,500,128,384,0.1,4,3,32,0.0001,"{'model__batch_size': 128, 'model__callbacks__early_stopping__patience': 10, 'model__lr': 0.0001, 'model__max_epochs': 500, 'model__module__d_model': 128, 'model__module__dim_feedforward': 384, 'model__module__dropout': 0.1, 'model__module__nhead': 4, 'model__module__num_layers': 3, 'model__module__patch_size': 32, 'model__optimizer__weight_decay': 0.0001}",0.8695652173913043,0.8793175197669579,0.8952380952380952,0.7896440129449838,0.8079196217494089,0.8483368934181499,0.041685905884869714,81,0.9116810864985376,0.8802876709853454,0.8844718068992475,0.9280184138941201,0.9365673758865248,0.908205270832755,0.022590797361389782
236,4.142650461196899,0.5747278317336324,0.021215200424194336,0.0011627204931311697,128,10,0.0001,500,128,384,0.25,4,2,16,0.0001,"{'model__batch_size': 128, 'model__callbacks__early_stopping__patience': 10, 'model__lr': 0.0001, 'model__max_epochs': 500, 'model__module__d_model': 128, 'model__module__dim_feedforward': 384, 'model__module__dropout': 0.25, 'model__module__nhead': 4, 'model__module__num_layers': 2, 'model__module__patch_size': 16, 'model__optimizer__weight_decay': 0.0001}",0.8722222222222222,0.8017094017094017,0.9494252873563218,0.7896440129449838,0.7695035460992907,0.836500894066444,0.0662156956749567,183,0.9283526756931012,0.864626820976237,0.9026767384848424,0.9221829923886238,0.9614695340501792,0.9158617523185967,0.031858794003222835
237,2.3746928691864015,0.19114193031467996,0.019646930694580077,0.001258338715981489,128,10,0.0001,500,128,384,0.25,4,2,32,0.0001,"{'model__batch_size': 128, 'model__callbacks__early_stopping__patience': 10, 'model__lr': 0.0001, 'model__max_epochs': 500, 'model__module__d_model': 128, 'model__module__dim_feedforward': 384, 'model__module__dropout': 0.25, 'model__module__nhead': 4, 'model__module__num_layers': 2, 'model__module__patch_size': 32, 'model__optimizer__weight_decay': 0.0001}",0.8186379928315413,0.9058441558441559,0.9494252873563218,0.7724089635854342,0.7833333333333333,0.8459299465901573,0.06981335073466113,97,0.9331403000789682,0.8893065998329156,0.8934935764608372,0.917898309879075,0.9467931532274696,0.9161263878958531,0.02220184044797947
238,4.738642263412475,0.41264410654771255,0.02259197235107422,0.0012984721354399587,128,10,0.0001,500,128,384,0.25,4,3,16,0.0001,"{'model__batch_size': 128, 'model__callbacks__early_stopping__patience': 10, 'model__lr': 0.0001, 'model__max_epochs': 500, 'model__module__d_model': 128, 'model__module__dim_feedforward': 384, 'model__module__dropout': 0.25, 'model__module__nhead': 4, 'model__module__num_layers': 3, 'model__module__patch_size': 16, 'model__optimizer__weight_decay': 0.0001}",0.8870703764320786,0.8017094017094017,0.9137705774758296,0.8076923076923077,0.7695035460992907,0.8359492418817815,0.0548732760898941,189,0.9181173436492586,0.8718316166592028,0.908257972394098,0.9136409280693409,0.9472441676735757,0.9118184056890952,0.024123029667115988
239,2.3938222885131837,0.14441964306045327,0.01987462043762207,0.0011208017530128947,128,10,0.0001,500,128,384,0.25,4,3,32,0.0001,"{'model__batch_size': 128, 'model__callbacks__early_stopping__patience': 10, 'model__lr': 0.0001, 'model__max_epochs': 500, 'model__module__d_model': 128, 'model__module__dim_feedforward': 384, 'model__module__dropout': 0.25, 'model__module__nhead': 4, 'model__module__num_layers': 3, 'model__module__patch_size': 32, 'model__optimizer__weight_decay': 0.0001}",0.8870703764320786,0.8587662337662337,0.8952380952380952,0.7896440129449838,0.8079196217494089,0.84772766802616,0.04215526270380169,82,0.9078820116054158,0.9011562849682954,0.8990573448546739,0.9190207156308852,0.933135875601629,0.9120504465321797,0.01263375848646657
240,2.6715977668762205,0.4897832629506749,0.02230682373046875,0.001763319611834635,128,10,0.0002,500,96,128,0.1,4,2,16,0.0001,"{'model__batch_size': 128, 'model__callbacks__early_stopping__patience': 10, 'model__lr': 0.0002, 'model__max_epochs': 500, 'model__module__d_model': 96, 'model__module__dim_feedforward': 128, 'model__module__dropout': 0.1, 'model__module__nhead': 4, 'model__module__num_layers': 2, 'model__module__patch_size': 16, 'model__optimizer__weight_decay': 0.0001}",0.9041666666666667,0.8215384615384616,0.9332659251769464,0.7724089635854342,0.8008578431372549,0.8464475720209528,0.0617244247202447,93,0.9172975172975173,0.8729152235306655,0.9447473859083357,0.917898309879075,0.9463262411347517,0.919836935550069,0.026585965548747093
241,1.7794485092163086,0.16694885523583605,0.01923093795776367,0.0015398474715333887,128,10,0.0002,500,96,128,0.1,4,2,32,0.0001,"{'model__batch_size': 128, 'model__callbacks__early_stopping__patience': 10, 'model__lr': 0.0002, 'model__max_epochs': 500, 'model__module__d_model': 96, 'model__module__dim_feedforward': 128, 'model__module__dropout': 0.1, 'model__module__nhead': 4, 'model__module__num_layers': 2, 'model__module__patch_size': 32, 'model__optimizer__weight_decay': 0.0001}",0.8870703764320786,0.8587662337662337,0.8952380952380952,0.74,0.7544318512060448,0.8271013113284905,0.06649671611976218,244,0.8960051471018308,0.8781307485495967,0.9231658461722441,0.9409122139421806,0.9564671253679297,0.9189362162267563,0.028636771848764446
242,3.008855199813843,0.4772426356435862,0.02531142234802246,0.008199358777467466,128,10,0.0002,500,96,128,0.1,4,3,16,0.0001,"{'model__batch_size': 128, 'model__callbacks__early_stopping__patience': 10, 'model__lr': 0.0002, 'model__max_epochs': 500, 'model__module__d_model': 96, 'model__module__dim_feedforward': 128, 'model__module__dropout': 0.1, 'model__module__nhead': 4, 'model__module__num_layers': 3, 'model__module__patch_size': 16, 'model__optimizer__weight_decay': 0.0001}",0.9041666666666667,0.8310445276737412,0.9318181818181819,0.8076923076923077,0.7695035460992907,0.8488450459900376,0.06041606228493901,77,0.9172975172975173,0.8718316166592028,0.9215650369285235,0.9123938879456706,0.9614695340501792,0.9169115185762188,0.02849500838535628
243,2.0934058666229247,0.5250704100298828,0.019785976409912108,0.0014953024719415989,128,10,0.0002,500,96,128,0.1,4,3,32,0.0001,"{'model__batch_size': 128, 'model__callbacks__early_stopping__patience': 10, 'model__lr': 0.0002, 'model__max_epochs': 500, 'model__module__d_model': 96, 'model__module__dim_feedforward': 128, 'model__module__dropout': 0.1, 'model__module__nhead': 4, 'model__module__num_layers': 3, 'model__module__patch_size': 32, 'model__optimizer__weight_decay': 0.0001}",0.8870703764320786,0.8310445276737412,0.8952380952380952,0.7896440129449838,0.7922115664051148,0.8390417157388027,0.04508200585974024,158,0.9041604607288254,0.8855785837651122,0.9200124494242141,0.9237734406228819,0.9903673835125448,0.9247784636107156,0.03546086293103413
244,2.8655066013336183,0.2968444476361332,0.02074437141418457,0.0015172967769900422,128,10,0.0002,500,96,128,0.25,4,2,16,0.0001,"{'model__batch_size': 128, 'model__callbacks__early_stopping__patience': 10, 'model__lr': 0.0002, 'model__max_epochs': 500, 'model__module__d_model': 96, 'model__module__dim_feedforward': 128, 'model__module__dropout': 0.25, 'model__module__nhead': 4, 'model__module__num_layers': 2, 'model__module__patch_size': 16, 'model__optimizer__weight_decay': 0.0001}",0.8516129032258064,0.7195357833655706,0.9137705774758296,0.7724089635854342,0.7619047619047619,0.8038465979114806,0.06959979470612301,285,0.9331403000789682,0.8512280701754386,0.8990573448546739,0.917898309879075,0.956836137187471,0.9116320324351254,0.03564279540361667
245,1.648263645172119,0.16602644978207187,0.01963381767272949,0.0017303380595939445,128,10,0.0002,500,96,128,0.25,4,2,32,0.0001,"{'model__batch_size': 128, 'model__callbacks__early_stopping__patience': 10, 'model__lr': 0.0002, 'model__max_epochs': 500, 'model__module__d_model': 96, 'model__module__dim_feedforward': 128, 'model__module__dropout': 0.25, 'model__module__nhead': 4, 'model__module__num_layers': 2, 'model__module__patch_size': 32, 'model__optimizer__weight_decay': 0.0001}",0.8870703764320786,0.7898550724637681,0.876172607879925,0.7724089635854342,0.8079196217494089,0.8266853284221231,0.046367851216265944,248,0.909629981024668,0.8718316166592028,0.8934935764608372,0.941317470037617,0.9514197484371469,0.9135384785238945,0.02954047988025802
246,3.0377131938934325,0.4724031784980501,0.021840429306030272,0.0016692074994669862,128,10,0.0002,500,96,128,0.25,4,3,16,0.0001,"{'model__batch_size': 128, 'model__callbacks__early_stopping__patience': 10, 'model__lr': 0.0002, 'model__max_epochs': 500, 'model__module__d_model': 96, 'model__module__dim_feedforward': 128, 'model__module__dropout': 0.25, 'model__module__nhead': 4, 'model__module__num_layers': 3, 'model__module__patch_size': 16, 'model__optimizer__weight_decay': 0.0001}",0.8722222222222222,0.8310445276737412,0.9494252873563218,0.7558893820416525,0.7922115664051148,0.8401585971398104,0.06700831332911213,140,0.9236090225563909,0.8875053063534739,0.89806441377122,0.9100230173676501,0.9376521981596804,0.911370791641683,0.017826520692793432
247,2.009363079071045,0.33124223464029895,0.020536375045776368,0.002055774936581618,128,10,0.0002,500,96,128,0.25,4,3,32,0.0001,"{'model__batch_size': 128, 'model__callbacks__early_stopping__patience': 10, 'model__lr': 0.0002, 'model__max_epochs': 500, 'model__module__d_model': 96, 'model__module__dim_feedforward': 128, 'model__module__dropout': 0.25, 'model__module__nhead': 4, 'model__module__num_layers': 3, 'model__module__patch_size': 32, 'model__optimizer__weight_decay': 0.0001}",0.8331721470019342,0.8310445276737412,0.8952380952380952,0.7724089635854342,0.8140732265446224,0.8291873920087655,0.03958345754029968,234,0.9189081331311357,0.8802876709853454,0.9320230320047203,0.9374307095343681,0.9664281067013663,0.9270155304713871,0.028057529953237792
248,2.696572113037109,0.3040349231481178,0.021117162704467774,0.0012727629614513025,128,10,0.0002,500,96,256,0.1,4,2,16,0.0001,"{'model__batch_size': 128, 'model__callbacks__early_stopping__patience': 10, 'model__lr': 0.0002, 'model__max_epochs': 500, 'model__module__d_model': 96, 'model__module__dim_feedforward': 256, 'model__module__dropout': 0.1, 'model__module__nhead': 4, 'model__module__num_layers': 2, 'model__module__patch_size': 16, 'model__optimizer__weight_decay': 0.0001}",0.8516129032258064,0.8017094017094017,0.9494252873563218,0.7896440129449838,0.7695035460992907,0.832379030267161,0.06448255965501533,212,0.9331403000789682,0.8771047374429224,0.9184515310169761,0.904550499445061,0.951836917562724,0.9170167971093303,0.025388374040318493
249,1.7494073867797852,0.16114830474939718,0.01906595230102539,0.001354316726261718,128,10,0.0002,500,96,256,0.1,4,2,32,0.0001,"{'model__batch_size': 128, 'model__callbacks__early_stopping__patience': 10, 'model__lr': 0.0002, 'model__max_epochs': 500, 'model__module__d_model': 96, 'model__module__dim_feedforward': 256, 'model__module__dropout': 0.1, 'model__module__nhead': 4, 'model__module__num_layers': 2, 'model__module__patch_size': 32, 'model__optimizer__weight_decay': 0.0001}",0.8548047696983867,0.8116883116883117,0.8952380952380952,0.7724089635854342,0.7849624060150375,0.823820509245053,0.045520952134626966,259,0.9022819770384919,0.8781307485495967,0.9327292862176584,0.941317470037617,0.9614695340501792,0.9231858031787086,0.029503922979729372
250,3.2822471141815184,0.34612816938301094,0.022285032272338866,0.0013973650023405562,128,10,0.0002,500,96,256,0.1,4,3,16,0.0001,"{'model__batch_size': 128, 'model__callbacks__early_stopping__patience': 10, 'model__lr': 0.0002, 'model__max_epochs': 500, 'model__module__d_model': 96, 'model__module__dim_feedforward': 256, 'model__module__dropout': 0.1, 'model__module__nhead': 4, 'model__module__num_layers': 3, 'model__module__patch_size': 16, 'model__optimizer__weight_decay': 0.0001}",0.8516129032258064,0.8423913043478262,0.9332659251769464,0.7896440129449838,0.7922115664051148,0.8418251424201355,0.052233925279259776,130,0.9181173436492586,0.8718316166592028,0.9176282051282052,0.9142332254395941,0.9758150696488498,0.9195250921050221,0.033096262510162025
251,2.00122389793396,0.30562730368453395,0.020277070999145507,0.0014687267928507578,128,10,0.0002,500,96,256,0.1,4,3,32,0.0001,"{'model__batch_size': 128, 'model__callbacks__early_stopping__patience': 10, 'model__lr': 0.0002, 'model__max_epochs': 500, 'model__module__d_model': 96, 'model__module__dim_feedforward': 256, 'model__module__dropout': 0.1, 'model__module__nhead': 4, 'model__module__num_layers': 3, 'model__module__patch_size': 32, 'model__optimizer__weight_decay': 0.0001}",0.8695652173913043,0.8587662337662337,0.9494252873563218,0.7724089635854342,0.8079196217494089,0.8516170647697405,0.06020479220984329,57,0.9590586718246292,0.8738095238095238,0.9485176282051282,0.9237734406228819,0.9661410975083897,0.9342600723941107,0.033463073570249725
252,2.9537610530853273,0.6520571914756426,0.023650312423706056,0.0040974664743573894,128,10,0.0002,500,96,256,0.25,4,2,16,0.0001,"{'model__batch_size': 128, 'model__callbacks__early_stopping__patience': 10, 'model__lr': 0.0002, 'model__max_epochs': 500, 'model__module__d_model': 96, 'model__module__dim_feedforward': 256, 'model__module__dropout': 0.25, 'model__module__nhead': 4, 'model__module__num_layers': 2, 'model__module__patch_size': 16, 'model__optimizer__weight_decay': 0.0001}",0.8225391629646949,0.9100775193798449,0.9318181818181819,0.8076923076923077,0.8079196217494089,0.8560093587208876,0.05373594305952384,34,0.9537125154392856,0.9019711462241716,0.9184515310169761,0.9038731082447705,0.951836917562724,0.9259690436975856,0.022625161065361735
253,1.7367208480834961,0.21269965660154513,0.0197019100189209,0.0009966862257575308,128,10,0.0002,500,96,256,0.25,4,2,32,0.0001,"{'model__batch_size': 128, 'model__callbacks__early_stopping__patience': 10, 'model__lr': 0.0002, 'model__max_epochs': 500, 'model__module__d_model': 96, 'model__module__dim_feedforward': 256, 'model__module__dropout': 0.25, 'model__module__nhead': 4, 'model__module__num_layers': 2, 'model__module__patch_size': 32, 'model__optimizer__weight_decay': 0.0001}",0.8870703764320786,0.8215384615384616,0.8952380952380952,0.7558893820416525,0.7849624060150375,0.8289397442530652,0.05495413073538322,235,0.8960051471018308,0.8760434657455383,0.9223799456357595,0.9275280898876405,0.9708518490622882,0.9185616994866115,0.03208062704834082
254,3.2585312843322756,0.3332606604651961,0.02296600341796875,0.002245320614139621,128,10,0.0002,500,96,256,0.25,4,3,16,0.0001,"{'model__batch_size': 128, 'model__callbacks__early_stopping__patience': 10, 'model__lr': 0.0002, 'model__max_epochs': 500, 'model__module__d_model': 96, 'model__module__dim_feedforward': 256, 'model__module__dropout': 0.25, 'model__module__nhead': 4, 'model__module__num_layers': 3, 'model__module__patch_size': 16, 'model__optimizer__weight_decay': 0.0001}",0.8516129032258064,0.7756286266924565,0.9137705774758296,0.7896440129449838,0.7695035460992907,0.8200319332876733,0.055195087331516395,272,0.9236090225563909,0.8611336983430007,0.8970352564102564,0.8681887849479415,0.9614695340501792,0.9022872592615536,0.036989361443259886
255,2.007267713546753,0.21963934336016772,0.02013564109802246,0.001222384457221153,128,10,0.0002,500,96,256,0.25,4,3,32,0.0001,"{'model__batch_size': 128, 'model__callbacks__early_stopping__patience': 10, 'model__lr': 0.0002, 'model__max_epochs': 500, 'model__module__d_model': 96, 'model__module__dim_feedforward': 256, 'model__module__dropout': 0.25, 'model__module__nhead': 4, 'model__module__num_layers': 3, 'model__module__patch_size': 32, 'model__optimizer__weight_decay': 0.0001}",0.8516129032258064,0.8310445276737412,0.9332659251769464,0.7896440129449838,0.8140732265446224,0.8439281191132201,0.04908027143421949,117,0.9434264077591269,0.8687561907457195,0.9137805142778206,0.9280184138941201,0.956836137187471,0.9221635327728516,0.03036839858803865
256,2.7949994087219237,0.47455860019950435,0.021049880981445314,0.0012822171009427169,128,10,0.0002,500,96,384,0.1,4,2,16,0.0001,"{'model__batch_size': 128, 'model__callbacks__early_stopping__patience': 10, 'model__lr': 0.0002, 'model__max_epochs': 500, 'model__module__d_model': 96, 'model__module__dim_feedforward': 384, 'model__module__dropout': 0.1, 'model__module__nhead': 4, 'model__module__num_layers': 2, 'model__module__patch_size': 16, 'model__optimizer__weight_decay': 0.0001}",0.8870703764320786,0.8310445276737412,0.9504380475594494,0.8076923076923077,0.7922115664051148,0.8536913651525383,0.05810789471283182,44,0.9391810998483519,0.8832989836002043,0.9036370453693288,0.8989316239316238,0.9467931532274696,0.9143683811953955,0.0244368547838843
257,1.7379489898681642,0.2008146729675339,0.019418668746948243,0.001303381322189699,128,10,0.0002,500,96,384,0.1,4,2,32,0.0001,"{'model__batch_size': 128, 'model__callbacks__early_stopping__patience': 10, 'model__lr': 0.0002, 'model__max_epochs': 500, 'model__module__d_model': 96, 'model__module__dim_feedforward': 384, 'model__module__dropout': 0.1, 'model__module__nhead': 4, 'model__module__num_layers': 2, 'model__module__patch_size': 32, 'model__optimizer__weight_decay': 0.0001}",0.8516129032258064,0.8017094017094017,0.8362282878411911,0.7896440129449838,0.7922115664051148,0.8142812344252995,0.025009760317518236,278,0.9032380952380952,0.8917425978224188,0.9167746113989637,0.9365870786516854,0.9661410975083897,0.9228966961239106,0.02627555204369631
258,2.9763816356658936,0.5417913570841908,0.022409439086914062,0.0013499634709574766,128,10,0.0002,500,96,384,0.1,4,3,16,0.0001,"{'model__batch_size': 128, 'model__callbacks__early_stopping__patience': 10, 'model__lr': 0.0002, 'model__max_epochs': 500, 'model__module__d_model': 96, 'model__module__dim_feedforward': 384, 'model__module__dropout': 0.1, 'model__module__nhead': 4, 'model__module__num_layers': 3, 'model__module__patch_size': 16, 'model__optimizer__weight_decay': 0.0001}",0.9021739130434783,0.8512820512820514,0.9494252873563218,0.7896440129449838,0.8079196217494089,0.8600889772752488,0.05918414436053136,23,0.9078820116054158,0.8917425978224188,0.9176282051282052,0.8905310798387667,0.9514197484371469,0.9118407285663906,0.022242756695863466
259,1.9926163673400878,0.29883205683746267,0.020758438110351562,0.0013422205193676046,128,10,0.0002,500,96,384,0.1,4,3,32,0.0001,"{'model__batch_size': 128, 'model__callbacks__early_stopping__patience': 10, 'model__lr': 0.0002, 'model__max_epochs': 500, 'model__module__d_model': 96, 'model__module__dim_feedforward': 384, 'model__module__dropout': 0.1, 'model__module__nhead': 4, 'model__module__num_layers': 3, 'model__module__patch_size': 32, 'model__optimizer__weight_decay': 0.0001}",0.8695652173913043,0.8423913043478262,0.8952380952380952,0.800273130761352,0.8140732265446224,0.84430819485664,0.0348960931569971,113,0.8955592105263157,0.8683508436217777,0.9279246794871795,0.9322893885049427,0.9391454232060238,0.9126539090692478,0.026741500067880706
260,2.771522617340088,0.47521509177769045,0.020529460906982423,0.0014608382229270162,128,10,0.0002,500,96,384,0.25,4,2,16,0.0001,"{'model__batch_size': 128, 'model__callbacks__early_stopping__patience': 10, 'model__lr': 0.0002, 'model__max_epochs': 500, 'model__module__d_model': 96, 'model__module__dim_feedforward': 384, 'model__module__dropout': 0.25, 'model__module__nhead': 4, 'model__module__num_layers': 2, 'model__module__patch_size': 16, 'model__optimizer__weight_decay': 0.0001}",0.8695652173913043,0.8310445276737412,0.9494252873563218,0.7896440129449838,0.8079196217494089,0.849519733423152,0.05663911290926377,69,0.9331403000789682,0.8823289106765422,0.8990573448546739,0.9094101123595506,0.9235838578304332,0.9095041051600337,0.017913927409952613
261,1.832932472229004,0.30238247574721483,0.019949913024902344,0.0014159957009796473,128,10,0.0002,500,96,384,0.25,4,2,32,0.0001,"{'model__batch_size': 128, 'model__callbacks__early_stopping__patience': 10, 'model__lr': 0.0002, 'model__max_epochs': 500, 'model__module__d_model': 96, 'model__module__dim_feedforward': 384, 'model__module__dropout': 0.25, 'model__module__nhead': 4, 'model__module__num_layers': 2, 'model__module__patch_size': 32, 'model__optimizer__weight_decay': 0.0001}",0.9041666666666667,0.8587662337662337,0.9332659251769464,0.7896440129449838,0.7922115664051148,0.8556108809919891,0.05791204923157061,35,0.9747790686128488,0.9003134796238245,0.9161822541966427,0.9280184138941201,0.9611357987497176,0.9360858030154308,0.02780490687821236
262,2.9054616928100585,0.4099016555383974,0.02265138626098633,0.0021180691311358394,128,10,0.0002,500,96,384,0.25,4,3,16,0.0001,"{'model__batch_size': 128, 'model__callbacks__early_stopping__patience': 10, 'model__lr': 0.0002, 'model__max_epochs': 500, 'model__module__d_model': 96, 'model__module__dim_feedforward': 384, 'model__module__dropout': 0.25, 'model__module__nhead': 4, 'model__module__num_layers': 3, 'model__module__patch_size': 16, 'model__optimizer__weight_decay': 0.0001}",0.8665377176015474,0.8512820512820514,0.9494252873563218,0.7896440129449838,0.8093841642228738,0.8532546466815557,0.05549784714562623,47,0.8705512613607407,0.8855785837651122,0.9016812644719621,0.8880855986119144,0.9472441676735757,0.8986281751766609,0.02623961480953436
263,1.8881448745727538,0.12233892578118762,0.020198678970336913,0.0013310580622780204,128,10,0.0002,500,96,384,0.25,4,3,32,0.0001,"{'model__batch_size': 128, 'model__callbacks__early_stopping__patience': 10, 'model__lr': 0.0002, 'model__max_epochs': 500, 'model__module__d_model': 96, 'model__module__dim_feedforward': 384, 'model__module__dropout': 0.25, 'model__module__nhead': 4, 'model__module__num_layers': 3, 'model__module__patch_size': 32, 'model__optimizer__weight_decay': 0.0001}",0.8695652173913043,0.8017094017094017,0.9482623464854978,0.7724089635854342,0.7922115664051148,0.8368314991153506,0.06459580986900128,178,0.9181173436492586,0.896011700913242,0.9091516103692066,0.9184691011235955,0.9522399111440207,0.9187979334398648,0.018607531526032138
264,2.6527645111083986,0.4949782447355242,0.02048463821411133,0.001407982992201882,128,10,0.0002,500,128,128,0.1,4,2,16,0.0001,"{'model__batch_size': 128, 'model__callbacks__early_stopping__patience': 10, 'model__lr': 0.0002, 'model__max_epochs': 500, 'model__module__d_model': 128, 'model__module__dim_feedforward': 128, 'model__module__dropout': 0.1, 'model__module__nhead': 4, 'model__module__num_layers': 2, 'model__module__patch_size': 16, 'model__optimizer__weight_decay': 0.0001}",0.8665377176015474,0.7344985434873075,0.9494252873563218,0.8076923076923077,0.7849624060150375,0.8286232524305044,0.07380308002030078,237,0.9586487586487586,0.864626820976237,0.8800186741363212,0.9094101123595506,0.9564671253679297,0.9138342982977594,0.03849763494953412
265,1.5505702018737793,0.18152840105411203,0.01916642189025879,0.0012355502920043159,128,10,0.0002,500,128,128,0.1,4,2,32,0.0001,"{'model__batch_size': 128, 'model__callbacks__early_stopping__patience': 10, 'model__lr': 0.0002, 'model__max_epochs': 500, 'model__module__d_model': 128, 'model__module__dim_feedforward': 128, 'model__module__dropout': 0.1, 'model__module__nhead': 4, 'model__module__num_layers': 2, 'model__module__patch_size': 32, 'model__optimizer__weight_decay': 0.0001}",0.8870703764320786,0.9008547008547009,0.876172607879925,0.7596153846153846,0.7985347985347986,0.8444495736633776,0.05533430817957464,111,0.9236090225563909,0.8708576998050682,0.9327292862176584,0.9404928765324769,0.956836137187471,0.924905004459813,0.029143057792853488
266,2.8702940464019777,0.40064276898641543,0.021544742584228515,0.0009200876302134994,128,10,0.0002,500,128,128,0.1,4,3,16,0.0001,"{'model__batch_size': 128, 'model__callbacks__early_stopping__patience': 10, 'model__lr': 0.0002, 'model__max_epochs': 500, 'model__module__d_model': 128, 'model__module__dim_feedforward': 128, 'model__module__dropout': 0.1, 'model__module__nhead': 4, 'model__module__num_layers': 3, 'model__module__patch_size': 16, 'model__optimizer__weight_decay': 0.0001}",0.9021739130434783,0.8310445276737412,0.9157088122605364,0.8076923076923077,0.8079196217494089,0.8529078364838945,0.04672792877733884,50,0.9125680847186506,0.8729152235306655,0.892016806722689,0.9190207156308852,0.9564671253679297,0.910597591194164,0.028085770132318857
267,1.962169361114502,0.26157534941031946,0.01912412643432617,0.0010167244237849356,128,10,0.0002,500,128,128,0.1,4,3,32,0.0001,"{'model__batch_size': 128, 'model__callbacks__early_stopping__patience': 10, 'model__lr': 0.0002, 'model__max_epochs': 500, 'model__module__d_model': 128, 'model__module__dim_feedforward': 128, 'model__module__dropout': 0.1, 'model__module__nhead': 4, 'model__module__num_layers': 3, 'model__module__patch_size': 32, 'model__optimizer__weight_decay': 0.0001}",0.8695652173913043,0.8587662337662337,0.9318181818181819,0.7955974842767295,0.8079196217494089,0.8527333478003716,0.04867626826656056,52,0.9107611548556431,0.8993161094224924,0.9184515310169761,0.972232187701801,0.9467931532274696,0.9295108272448763,0.026492914761469775
268,2.5211231231689455,0.2788261129660608,0.020247745513916015,0.0010395038281005358,128,10,0.0002,500,128,128,0.25,4,2,16,0.0001,"{'model__batch_size': 128, 'model__callbacks__early_stopping__patience': 10, 'model__lr': 0.0002, 'model__max_epochs': 500, 'model__module__d_model': 128, 'model__module__dim_feedforward': 128, 'model__module__dropout': 0.25, 'model__module__nhead': 4, 'model__module__num_layers': 2, 'model__module__patch_size': 16, 'model__optimizer__weight_decay': 0.0001}",0.8516129032258064,0.8850574712643677,0.9666329625884732,0.7896440129449838,0.7922115664051148,0.857031783285749,0.06568103845141154,29,0.9196710942441493,0.8893065998329156,0.8945177367340955,0.9052051439069198,0.956836137187471,0.9131073423811102,0.02420654398471129
269,1.557434368133545,0.1353165668776247,0.019133472442626955,0.0012597542337182816,128,10,0.0002,500,128,128,0.25,4,2,32,0.0001,"{'model__batch_size': 128, 'model__callbacks__early_stopping__patience': 10, 'model__lr': 0.0002, 'model__max_epochs': 500, 'model__module__d_model': 128, 'model__module__dim_feedforward': 128, 'model__module__dropout': 0.25, 'model__module__nhead': 4, 'model__module__num_layers': 2, 'model__module__patch_size': 32, 'model__optimizer__weight_decay': 0.0001}",0.8665377176015474,0.8101916783543712,0.9137705774758296,0.7896440129449838,0.7985347985347986,0.8357357569823061,0.04732663968255313,191,0.9002624671916011,0.864626820976237,0.9100140056022409,0.9259525005381359,0.9661410975083897,0.9133993783633209,0.03317249267888883
270,2.9633226871490477,0.43619567110043533,0.02190685272216797,0.0013668068820057461,128,10,0.0002,500,128,128,0.25,4,3,16,0.0001,"{'model__batch_size': 128, 'model__callbacks__early_stopping__patience': 10, 'model__lr': 0.0002, 'model__max_epochs': 500, 'model__module__d_model': 128, 'model__module__dim_feedforward': 128, 'model__module__dropout': 0.25, 'model__module__nhead': 4, 'model__module__num_layers': 3, 'model__module__patch_size': 16, 'model__optimizer__weight_decay': 0.0001}",0.8845878136200717,0.8310445276737412,0.9504380475594494,0.8076923076923077,0.8079196217494089,0.8563364636589956,0.054778414331356676,31,0.8966218966218966,0.8832989836002043,0.8900171179582944,0.9003511235955056,0.9560851063829787,0.9052748456317758,0.02606352212826209
271,1.7385904312133789,0.16064488427432694,0.019742918014526368,0.0013069141958441499,128,10,0.0002,500,128,128,0.25,4,3,32,0.0001,"{'model__batch_size': 128, 'model__callbacks__early_stopping__patience': 10, 'model__lr': 0.0002, 'model__max_epochs': 500, 'model__module__d_model': 128, 'model__module__dim_feedforward': 128, 'model__module__dropout': 0.25, 'model__module__nhead': 4, 'model__module__num_layers': 3, 'model__module__patch_size': 32, 'model__optimizer__weight_decay': 0.0001}",0.8870703764320786,0.8512820512820514,0.8565217391304347,0.7896440129449838,0.8079196217494089,0.8384875603077916,0.0351263764551816,163,0.9022819770384919,0.8676512557077626,0.8945177367340955,0.9195537694013304,0.9274452089465495,0.9022899895656458,0.02093357598630382
272,2.2732171058654784,0.21478220119349306,0.021121692657470704,0.0013879151600224198,128,10,0.0002,500,128,256,0.1,4,2,16,0.0001,"{'model__batch_size': 128, 'model__callbacks__early_stopping__patience': 10, 'model__lr': 0.0002, 'model__max_epochs': 500, 'model__module__d_model': 128, 'model__module__dim_feedforward': 256, 'model__module__dropout': 0.1, 'model__module__nhead': 4, 'model__module__num_layers': 2, 'model__module__patch_size': 16, 'model__optimizer__weight_decay': 0.0001}",0.9021739130434783,0.8850574712643677,0.9494252873563218,0.8076923076923077,0.7922115664051148,0.867312109152318,0.05910571804631344,5,0.9032380952380952,0.8959204931609774,0.8833501075523453,0.9087758998656389,0.956836137187471,0.9096241466009054,0.025094176516495634
273,1.585218334197998,0.18125807742000796,0.020187187194824218,0.001412462698600886,128,10,0.0002,500,128,256,0.1,4,2,32,0.0001,"{'model__batch_size': 128, 'model__callbacks__early_stopping__patience': 10, 'model__lr': 0.0002, 'model__max_epochs': 500, 'model__module__d_model': 128, 'model__module__dim_feedforward': 256, 'model__module__dropout': 0.1, 'model__module__nhead': 4, 'model__module__num_layers': 2, 'model__module__patch_size': 32, 'model__optimizer__weight_decay': 0.0001}",0.8369565217391304,0.9058441558441559,0.9318181818181819,0.7724089635854342,0.8299912816041848,0.8554038209182174,0.05702215058075222,37,0.9220715469104743,0.8842370127033496,0.9000155617802676,0.941317470037617,0.9417036981245763,0.917869057911257,0.022739572590972437
274,3.090290355682373,0.24218314202097377,0.022060537338256837,0.0011199705645146328,128,10,0.0002,500,128,256,0.1,4,3,16,0.0001,"{'model__batch_size': 128, 'model__callbacks__early_stopping__patience': 10, 'model__lr': 0.0002, 'model__max_epochs': 500, 'model__module__d_model': 128, 'model__module__dim_feedforward': 256, 'model__module__dropout': 0.1, 'model__module__nhead': 4, 'model__module__num_layers': 3, 'model__module__patch_size': 16, 'model__optimizer__weight_decay': 0.0001}",0.8695652173913043,0.8310445276737412,0.9494252873563218,0.8076923076923077,0.7922115664051148,0.849987781303758,0.0561372221753764,63,0.890900165674664,0.8781307485495967,0.8855544153807431,0.9087758998656389,0.9564671253679297,0.9039656709677144,0.02813064518773069
275,1.9931360244750977,0.31451843899336146,0.02040095329284668,0.001278923966865485,128,10,0.0002,500,128,256,0.1,4,3,32,0.0001,"{'model__batch_size': 128, 'model__callbacks__early_stopping__patience': 10, 'model__lr': 0.0002, 'model__max_epochs': 500, 'model__module__d_model': 128, 'model__module__dim_feedforward': 256, 'model__module__dropout': 0.1, 'model__module__nhead': 4, 'model__module__num_layers': 3, 'model__module__patch_size': 32, 'model__optimizer__weight_decay': 0.0001}",0.8369565217391304,0.8310445276737412,0.8952380952380952,0.8076923076923077,0.7849624060150375,0.8311787716716624,0.036944725734108286,222,0.9541654135338345,0.8813255709807434,0.9184515310169761,0.9264957264957265,0.9661410975083897,0.9293158679071339,0.029673736083496435
276,2.605477714538574,0.3589000322777151,0.02135615348815918,0.0014151782452601353,128,10,0.0002,500,128,256,0.25,4,2,16,0.0001,"{'model__batch_size': 128, 'model__callbacks__early_stopping__patience': 10, 'model__lr': 0.0002, 'model__max_epochs': 500, 'model__module__d_model': 128, 'model__module__dim_feedforward': 256, 'model__module__dropout': 0.25, 'model__module__nhead': 4, 'model__module__num_layers': 2, 'model__module__patch_size': 16, 'model__optimizer__weight_decay': 0.0001}",0.8870703764320786,0.8101916783543712,0.9494252873563218,0.8076923076923077,0.7922115664051148,0.8493182432480388,0.059952352700046084,73,0.9397533206831119,0.8813255709807434,0.908257972394098,0.9136409280693409,0.956836137187471,0.919962785862953,0.02615764601231019
277,1.5656047821044923,0.17033508933130728,0.018707799911499023,0.0008645678149185211,128,10,0.0002,500,128,256,0.25,4,2,32,0.0001,"{'model__batch_size': 128, 'model__callbacks__early_stopping__patience': 10, 'model__lr': 0.0002, 'model__max_epochs': 500, 'model__module__d_model': 128, 'model__module__dim_feedforward': 256, 'model__module__dropout': 0.25, 'model__module__nhead': 4, 'model__module__num_layers': 2, 'model__module__patch_size': 32, 'model__optimizer__weight_decay': 0.0001}",0.8576014675533135,0.8215384615384616,0.8977272727272727,0.7896440129449838,0.7922115664051148,0.8317445562338293,0.04113824531450463,219,0.9337944862155388,0.8926350649121879,0.8990573448546739,0.9361431299059473,0.9560851063829787,0.9235430264542653,0.02399038428370823
278,3.1518514156341553,0.23963784392554346,0.022199678421020507,0.000981844905502518,128,10,0.0002,500,128,256,0.25,4,3,16,0.0001,"{'model__batch_size': 128, 'model__callbacks__early_stopping__patience': 10, 'model__lr': 0.0002, 'model__max_epochs': 500, 'model__module__d_model': 128, 'model__module__dim_feedforward': 256, 'model__module__dropout': 0.25, 'model__module__nhead': 4, 'model__module__num_layers': 3, 'model__module__patch_size': 16, 'model__optimizer__weight_decay': 0.0001}",0.8722222222222222,0.8310445276737412,0.8977272727272727,0.7896440129449838,0.7922115664051148,0.8365699203946668,0.042922121786548924,179,0.9078820116054158,0.8771047374429224,0.9239239831863122,0.9130280503166972,0.9560851063829787,0.9156047777868652,0.02552018781342173
279,1.853229856491089,0.28571724483469524,0.020162296295166016,0.0013512603985377,128,10,0.0002,500,128,256,0.25,4,3,32,0.0001,"{'model__batch_size': 128, 'model__callbacks__early_stopping__patience': 10, 'model__lr': 0.0002, 'model__max_epochs': 500, 'model__module__d_model': 128, 'model__module__dim_feedforward': 256, 'model__module__dropout': 0.25, 'model__module__nhead': 4, 'model__module__num_layers': 3, 'model__module__patch_size': 32, 'model__optimizer__weight_decay': 0.0001}",0.8548047696983867,0.8310445276737412,0.8952380952380952,0.8076923076923077,0.7922115664051148,0.8361982533415292,0.03634799536526554,187,0.9331403000789682,0.8729152235306655,0.8945177367340955,0.9232613069722684,0.9154098360655738,0.9078488806763142,0.021598363949639432
280,2.5015498638153075,0.3230729370501316,0.021581077575683595,0.0015313165499788288,128,10,0.0002,500,128,384,0.1,4,2,16,0.0001,"{'model__batch_size': 128, 'model__callbacks__early_stopping__patience': 10, 'model__lr': 0.0002, 'model__max_epochs': 500, 'model__module__d_model': 128, 'model__module__dim_feedforward': 384, 'model__module__dropout': 0.1, 'model__module__nhead': 4, 'model__module__num_layers': 2, 'model__module__patch_size': 16, 'model__optimizer__weight_decay': 0.0001}",0.8892455858747994,0.8587662337662337,0.9494252873563218,0.8076923076923077,0.7922115664051148,0.8594681962189554,0.05689228562562289,25,0.932462007322411,0.8865582191780822,0.8945177367340955,0.917898309879075,0.9614695340501792,0.9185811614327685,0.026970628148049982
281,1.547221851348877,0.16117754610088209,0.019302749633789064,0.0011408364197249244,128,10,0.0002,500,128,384,0.1,4,2,32,0.0001,"{'model__batch_size': 128, 'model__callbacks__early_stopping__patience': 10, 'model__lr': 0.0002, 'model__max_epochs': 500, 'model__module__d_model': 128, 'model__module__dim_feedforward': 384, 'model__module__dropout': 0.1, 'model__module__nhead': 4, 'model__module__num_layers': 2, 'model__module__patch_size': 32, 'model__optimizer__weight_decay': 0.0001}",0.8722222222222222,0.8587662337662337,0.9137705774758296,0.7558893820416525,0.7768878718535469,0.8355072574718969,0.0596478907107617,194,0.9283526756931012,0.8771047374429224,0.8970352564102564,0.9100230173676501,0.9658439716312057,0.9156719317090272,0.030148629258823036
282,3.076587677001953,0.39619278644264105,0.023751163482666017,0.00043626883093099227,128,10,0.0002,500,128,384,0.1,4,3,16,0.0001,"{'model__batch_size': 128, 'model__callbacks__early_stopping__patience': 10, 'model__lr': 0.0002, 'model__max_epochs': 500, 'model__module__d_model': 128, 'model__module__dim_feedforward': 384, 'model__module__dropout': 0.1, 'model__module__nhead': 4, 'model__module__num_layers': 3, 'model__module__patch_size': 16, 'model__optimizer__weight_decay': 0.0001}",0.8695652173913043,0.8587662337662337,0.8977272727272727,0.8076923076923077,0.7849624060150375,0.8437426875184313,0.041380180788130765,119,0.9220715469104743,0.8851441549210313,0.9063714378238341,0.8996534898522028,0.9564671253679297,0.9139415509750943,0.024352686236301737
283,1.8325180530548095,0.2577959444869058,0.021675539016723634,0.0015608082898910687,128,10,0.0002,500,128,384,0.1,4,3,32,0.0001,"{'model__batch_size': 128, 'model__callbacks__early_stopping__patience': 10, 'model__lr': 0.0002, 'model__max_epochs': 500, 'model__module__d_model': 128, 'model__module__dim_feedforward': 384, 'model__module__dropout': 0.1, 'model__module__nhead': 4, 'model__module__num_layers': 3, 'model__module__patch_size': 32, 'model__optimizer__weight_decay': 0.0001}",0.8870703764320786,0.8310445276737412,0.9318181818181819,0.7246660149885957,0.8079196217494089,0.8365037445324013,0.07070552890726288,182,0.9220715469104743,0.8917425978224188,0.8855544153807431,0.9232613069722684,0.9319876478120057,0.9109235029795819,0.01861019192063331
284,2.5541989326477053,0.35829693026128945,0.020956087112426757,0.00107338024300777,128,10,0.0002,500,128,384,0.25,4,2,16,0.0001,"{'model__batch_size': 128, 'model__callbacks__early_stopping__patience': 10, 'model__lr': 0.0002, 'model__max_epochs': 500, 'model__module__d_model': 128, 'model__module__dim_feedforward': 384, 'model__module__dropout': 0.25, 'model__module__nhead': 4, 'model__module__num_layers': 2, 'model__module__patch_size': 16, 'model__optimizer__weight_decay': 0.0001}",0.8331721470019342,0.8587662337662337,0.9504380475594494,0.8076923076923077,0.7922115664051148,0.848456060485008,0.055794892289789455,80,0.9228541923988094,0.8943326225273487,0.9146095964037917,0.9136409280693409,0.9564671253679297,0.920380892953444,0.020325258978486267
285,1.586349105834961,0.23159259249213138,0.019533681869506835,0.0012485235972136545,128,10,0.0002,500,128,384,0.25,4,2,32,0.0001,"{'model__batch_size': 128, 'model__callbacks__early_stopping__patience': 10, 'model__lr': 0.0002, 'model__max_epochs': 500, 'model__module__d_model': 128, 'model__module__dim_feedforward': 384, 'model__module__dropout': 0.25, 'model__module__nhead': 4, 'model__module__num_layers': 2, 'model__module__patch_size': 32, 'model__optimizer__weight_decay': 0.0001}",0.8892455858747994,0.8850574712643677,0.9332659251769464,0.7896440129449838,0.7922115664051148,0.8578849123332425,0.057225773242311394,28,0.9331403000789682,0.8791228070175439,0.9200124494242141,0.9232613069722684,0.9472441676735757,0.920556206233314,0.02278133672900623
286,3.046366786956787,0.40780377712256155,0.02300128936767578,0.0013466671094483577,128,10,0.0002,500,128,384,0.25,4,3,16,0.0001,"{'model__batch_size': 128, 'model__callbacks__early_stopping__patience': 10, 'model__lr': 0.0002, 'model__max_epochs': 500, 'model__module__d_model': 128, 'model__module__dim_feedforward': 384, 'model__module__dropout': 0.25, 'model__module__nhead': 4, 'model__module__num_layers': 3, 'model__module__patch_size': 16, 'model__optimizer__weight_decay': 0.0001}",0.8516129032258064,0.8310445276737412,0.9504380475594494,0.8076923076923077,0.8079196217494089,0.8497414815801427,0.052934067836752835,67,0.889763779527559,0.8917425978224188,0.90183346065699,0.8889287508072038,0.9336809635722679,0.901189910477288,0.016889209036477133
287,1.8211365222930909,0.20547212277074392,0.025488567352294923,0.00997271239391275,128,10,0.0002,500,128,384,0.25,4,3,32,0.0001,"{'model__batch_size': 128, 'model__callbacks__early_stopping__patience': 10, 'model__lr': 0.0002, 'model__max_epochs': 500, 'model__module__d_model': 128, 'model__module__dim_feedforward': 384, 'model__module__dropout': 0.25, 'model__module__nhead': 4, 'model__module__num_layers': 3, 'model__module__patch_size': 32, 'model__optimizer__weight_decay': 0.0001}",0.8845878136200717,0.8850574712643677,0.9137705774758296,0.7558893820416525,0.8079196217494089,0.8494449732302659,0.05851163314539909,71,0.9236090225563909,0.8985310498468393,0.9158893798069057,0.9232613069722684,0.9376521981596804,0.919788591468417,0.012750300530286893
