,mean_fit_time,std_fit_time,mean_score_time,std_score_time,param_model__batch_size,param_model__callbacks__early_stopping__patience,param_model__lr,param_model__max_epochs,param_model__module__d_model,param_model__module__dim_feedforward,param_model__module__dropout,param_model__module__nhead,param_model__module__num_layers,param_model__module__patch_size,param_model__optimizer__weight_decay,params,split0_test_score,split1_test_score,split2_test_score,split3_test_score,split4_test_score,mean_test_score,std_test_score,rank_test_score,split0_train_score,split1_train_score,split2_train_score,split3_train_score,split4_train_score,mean_train_score,std_train_score
0,10.732810544967652,2.221569661182736,0.02449932098388672,0.002850829433154893,64,10,3e-05,500,96,128,0.1,4,2,16,0.0001,"{'model__batch_size': 64, 'model__callbacks__early_stopping__patience': 10, 'model__lr': 3e-05, 'model__max_epochs': 500, 'model__module__d_model': 96, 'model__module__dim_feedforward': 128, 'model__module__dropout': 0.1, 'model__module__nhead': 4, 'model__module__num_layers': 2, 'model__module__patch_size': 16, 'model__optimizer__weight_decay': 0.0001}",1.0,0.9199267902081903,0.8878143133462283,0.7785714285714285,0.7083333333333333,0.858929173091836,0.10353020127761577,3,0.8598880563000237,0.9082330787739303,0.8850848669538127,0.8790909090909091,0.9089117541166885,0.888241733047073,0.018571688359827303
1,7.610557889938354,0.4371045695182401,0.022405624389648438,0.0030246474354177835,64,10,3e-05,500,96,128,0.1,4,2,32,0.0001,"{'model__batch_size': 64, 'model__callbacks__early_stopping__patience': 10, 'model__lr': 3e-05, 'model__max_epochs': 500, 'model__module__d_model': 96, 'model__module__dim_feedforward': 128, 'model__module__dropout': 0.1, 'model__module__nhead': 4, 'model__module__num_layers': 2, 'model__module__patch_size': 32, 'model__optimizer__weight_decay': 0.0001}",0.9786078098471986,0.8853801169590643,0.8878143133462283,0.7267117249485748,0.648711943793911,0.8254451817789954,0.11993650701152309,161,0.8658227848101265,0.9082330787739303,0.8892307692307693,0.9064039408866995,0.9286560261688568,0.8996693199740765,0.02104031132786028
2,10.627167320251464,3.4004524275193546,0.025003767013549803,0.0033380895147507813,64,10,3e-05,500,96,128,0.1,4,3,16,0.0001,"{'model__batch_size': 64, 'model__callbacks__early_stopping__patience': 10, 'model__lr': 3e-05, 'model__max_epochs': 500, 'model__module__d_model': 96, 'model__module__dim_feedforward': 128, 'model__module__dropout': 0.1, 'model__module__nhead': 4, 'model__module__num_layers': 3, 'model__module__patch_size': 16, 'model__optimizer__weight_decay': 0.0001}",1.0,0.8299319727891157,0.9186535764375876,0.6725691208449829,0.6832298136645962,0.8208768967472565,0.12858403904569668,185,0.855883731833099,0.9131313131313131,0.890124796527401,0.8925500605920711,0.909630966480552,0.8922641737128874,0.020323573583211973
3,7.383337879180909,1.4328288206603137,0.02179131507873535,0.0028522252341956007,64,10,3e-05,500,96,128,0.1,4,3,32,0.0001,"{'model__batch_size': 64, 'model__callbacks__early_stopping__patience': 10, 'model__lr': 3e-05, 'model__max_epochs': 500, 'model__module__d_model': 96, 'model__module__dim_feedforward': 128, 'model__module__dropout': 0.1, 'model__module__nhead': 4, 'model__module__num_layers': 3, 'model__module__patch_size': 32, 'model__optimizer__weight_decay': 0.0001}",1.0,0.8704902867715079,0.9186535764375876,0.7839721254355401,0.7083333333333333,0.8562898643955938,0.10184741342127451,5,0.8516348163630935,0.9022727272727273,0.8984615384615384,0.9168035030103996,0.9133561643835616,0.896505749898264,0.023436804658430024
4,10.310598659515382,2.3710837210261144,0.02255420684814453,0.0020833370823883867,64,10,3e-05,500,96,128,0.25,4,2,16,0.0001,"{'model__batch_size': 64, 'model__callbacks__early_stopping__patience': 10, 'model__lr': 3e-05, 'model__max_epochs': 500, 'model__module__d_model': 96, 'model__module__dim_feedforward': 128, 'model__module__dropout': 0.25, 'model__module__nhead': 4, 'model__module__num_layers': 2, 'model__module__patch_size': 16, 'model__optimizer__weight_decay': 0.0001}",1.0,0.9199267902081903,0.8878143133462283,0.7416666666666667,0.7083333333333333,0.8515482207108838,0.11010290541250446,12,0.8572649096413514,0.8985911996524545,0.890124796527401,0.8690151515151515,0.9133561643835616,0.885670444343984,0.02018692371899083
5,7.68872480392456,0.27577977350435456,0.02093782424926758,0.0022832433166041096,64,10,3e-05,500,96,128,0.25,4,2,32,0.0001,"{'model__batch_size': 64, 'model__callbacks__early_stopping__patience': 10, 'model__lr': 3e-05, 'model__max_epochs': 500, 'model__module__d_model': 96, 'model__module__dim_feedforward': 128, 'model__module__dropout': 0.25, 'model__module__nhead': 4, 'model__module__num_layers': 2, 'model__module__patch_size': 32, 'model__optimizer__weight_decay': 0.0001}",0.9581117021276595,0.9028677150786308,0.8878143133462283,0.7785714285714285,0.6366486178398404,0.8328027553927575,0.11406593242856708,106,0.855883731833099,0.9033868686028126,0.8934070272404264,0.9006584766584766,0.9003623188405797,0.8907396846350789,0.017736859636802386
6,9.642625904083252,4.245378024059251,0.02358212471008301,0.0022626337463637547,64,10,3e-05,500,96,128,0.25,4,3,16,0.0001,"{'model__batch_size': 64, 'model__callbacks__early_stopping__patience': 10, 'model__lr': 3e-05, 'model__max_epochs': 500, 'model__module__d_model': 96, 'model__module__dim_feedforward': 128, 'model__module__dropout': 0.25, 'model__module__nhead': 4, 'model__module__num_layers': 3, 'model__module__patch_size': 16, 'model__optimizer__weight_decay': 0.0001}",0.42727272727272725,0.8153919923279789,0.9186535764375876,0.6964504283965729,0.657707910750507,0.7030953270370748,0.1656853516131992,284,0.42516268980477223,0.9199404207782536,0.8942780775975077,0.8960043787629994,0.9021049373162049,0.8074981008519474,0.19138350030785062
7,7.267455101013184,1.5060869504263927,0.02196202278137207,0.0032203655923828192,64,10,3e-05,500,96,128,0.25,4,3,32,0.0001,"{'model__batch_size': 64, 'model__callbacks__early_stopping__patience': 10, 'model__lr': 3e-05, 'model__max_epochs': 500, 'model__module__d_model': 96, 'model__module__dim_feedforward': 128, 'model__module__dropout': 0.25, 'model__module__nhead': 4, 'model__module__num_layers': 3, 'model__module__patch_size': 32, 'model__optimizer__weight_decay': 0.0001}",1.0,0.8381128584643849,0.9186535764375876,0.7995885982956215,0.6793958392704474,0.8471501744936083,0.10859198795906652,23,0.8726338361431529,0.9131313131313131,0.8984615384615384,0.8948450347881087,0.9133561643835616,0.8984855773815349,0.014947900098259026
8,10.311608076095581,3.80238587247304,0.022971248626708983,0.003331187235533127,64,10,3e-05,500,96,256,0.1,4,2,16,0.0001,"{'model__batch_size': 64, 'model__callbacks__early_stopping__patience': 10, 'model__lr': 3e-05, 'model__max_epochs': 500, 'model__module__d_model': 96, 'model__module__dim_feedforward': 256, 'model__module__dropout': 0.1, 'model__module__nhead': 4, 'model__module__num_layers': 2, 'model__module__patch_size': 16, 'model__optimizer__weight_decay': 0.0001}",1.0,0.8674242424242424,0.912781954887218,0.726010101010101,0.6697746697746698,0.8351981936192463,0.12124716526930229,88,0.8486751941525811,0.978768926925609,0.8860009119927041,0.8797444717444718,0.918499990525458,0.9023378990681648,0.04418135630197676
9,7.431341552734375,0.8202377779145762,0.02145223617553711,0.0030759567060899854,64,10,3e-05,500,96,256,0.1,4,2,32,0.0001,"{'model__batch_size': 64, 'model__callbacks__early_stopping__patience': 10, 'model__lr': 3e-05, 'model__max_epochs': 500, 'model__module__d_model': 96, 'model__module__dim_feedforward': 256, 'model__module__dropout': 0.1, 'model__module__nhead': 4, 'model__module__num_layers': 2, 'model__module__patch_size': 32, 'model__optimizer__weight_decay': 0.0001}",0.9794721407624634,0.8731884057971014,0.9439071566731141,0.7685902957220787,0.6366486178398404,0.8403613233589196,0.12474062951161301,59,0.8739629022882207,0.9082330787739303,0.890124796527401,0.9369070208728653,0.9286560261688568,0.9075767649262548,0.02340723340652376
10,9.106186962127685,1.6135683339726794,0.024824190139770507,0.0036067752891739543,64,10,3e-05,500,96,256,0.1,4,3,16,0.0001,"{'model__batch_size': 64, 'model__callbacks__early_stopping__patience': 10, 'model__lr': 3e-05, 'model__max_epochs': 500, 'model__module__d_model': 96, 'model__module__dim_feedforward': 256, 'model__module__dropout': 0.1, 'model__module__nhead': 4, 'model__module__num_layers': 3, 'model__module__patch_size': 16, 'model__optimizer__weight_decay': 0.0001}",1.0,0.8102981029810298,0.9186535764375876,0.7194570135746606,0.7083333333333333,0.8313484052653223,0.113279353814483,115,0.8628364389233955,0.8914141414141414,0.8738121202679545,0.8913969087197433,0.8801470448903796,0.8799213308431229,0.010890734732012727
11,6.95403299331665,1.8299450150993248,0.022211170196533202,0.0030038727231121603,64,10,3e-05,500,96,256,0.1,4,3,32,0.0001,"{'model__batch_size': 64, 'model__callbacks__early_stopping__patience': 10, 'model__lr': 3e-05, 'model__max_epochs': 500, 'model__module__d_model': 96, 'model__module__dim_feedforward': 256, 'model__module__dropout': 0.1, 'model__module__nhead': 4, 'model__module__num_layers': 3, 'model__module__patch_size': 32, 'model__optimizer__weight_decay': 0.0001}",0.9406593406593406,0.8526315789473684,0.8644226273959794,0.7568627450980392,0.6926229508196722,0.8214398485840799,0.08694564514962738,183,0.8729152235306655,0.9022727272727273,0.8951208390332877,0.905360531309298,0.918499990525458,0.8988338623342873,0.01501161002339279
12,9.996859407424926,2.188610340891729,0.023139762878417968,0.0033200924198122416,64,10,3e-05,500,96,256,0.25,4,2,16,0.0001,"{'model__batch_size': 64, 'model__callbacks__early_stopping__patience': 10, 'model__lr': 3e-05, 'model__max_epochs': 500, 'model__module__d_model': 96, 'model__module__dim_feedforward': 256, 'model__module__dropout': 0.25, 'model__module__nhead': 4, 'model__module__num_layers': 2, 'model__module__patch_size': 16, 'model__optimizer__weight_decay': 0.0001}",0.9794721407624634,0.834280303030303,0.912781954887218,0.7568627450980392,0.657707910750507,0.8282210109057061,0.11334098285673708,140,0.8601688527061662,0.9230900264032025,0.8696911196911197,0.8720834054667512,0.9029312461632903,0.8855929300861061,0.02361528308746764
13,7.1360283374786375,0.30600921510086515,0.02405400276184082,0.004905895260163863,64,10,3e-05,500,96,256,0.25,4,2,32,0.0001,"{'model__batch_size': 64, 'model__callbacks__early_stopping__patience': 10, 'model__lr': 3e-05, 'model__max_epochs': 500, 'model__module__d_model': 96, 'model__module__dim_feedforward': 256, 'model__module__dropout': 0.25, 'model__module__nhead': 4, 'model__module__num_layers': 2, 'model__module__patch_size': 32, 'model__optimizer__weight_decay': 0.0001}",0.9786078098471986,0.834280303030303,0.8644226273959794,0.8238636363636364,0.6543778801843317,0.8311104513642897,0.1040789487211695,121,0.8714168408480143,0.8887931034482759,0.896738752520687,0.9369070208728653,0.9292043652644343,0.9046120165908554,0.024746300360203737
14,9.170916175842285,4.380240142820015,0.024623680114746093,0.0034556947191448674,64,10,3e-05,500,96,256,0.25,4,3,16,0.0001,"{'model__batch_size': 64, 'model__callbacks__early_stopping__patience': 10, 'model__lr': 3e-05, 'model__max_epochs': 500, 'model__module__d_model': 96, 'model__module__dim_feedforward': 256, 'model__module__dropout': 0.25, 'model__module__nhead': 4, 'model__module__num_layers': 3, 'model__module__patch_size': 16, 'model__optimizer__weight_decay': 0.0001}",0.42727272727272725,0.8489570846319827,0.8644226273959794,0.7267117249485748,0.6822033898305084,0.7099135108159546,0.15757031817628336,281,0.42516268980477223,0.9131313131313131,0.859189207982755,0.8810537571692427,0.8993235177079189,0.7955720971592004,0.1860870261840532
15,6.836209726333618,1.4811720795661023,0.022715234756469728,0.0030610295675690276,64,10,3e-05,500,96,256,0.25,4,3,32,0.0001,"{'model__batch_size': 64, 'model__callbacks__early_stopping__patience': 10, 'model__lr': 3e-05, 'model__max_epochs': 500, 'model__module__d_model': 96, 'model__module__dim_feedforward': 256, 'model__module__dropout': 0.25, 'model__module__nhead': 4, 'model__module__num_layers': 3, 'model__module__patch_size': 32, 'model__optimizer__weight_decay': 0.0001}",1.0,0.8153919923279789,0.9186535764375876,0.7839721254355401,0.6160794941282746,0.8268194376658762,0.1302327291343089,152,0.8835164835164835,0.9239898989898989,0.8718122626153011,0.9176980198019802,0.9331496300770044,0.9060332590001335,0.023966171644285262
16,9.808575677871705,2.0841179184060525,0.023485803604125978,0.0020565216283081945,64,10,3e-05,500,96,384,0.1,4,2,16,0.0001,"{'model__batch_size': 64, 'model__callbacks__early_stopping__patience': 10, 'model__lr': 3e-05, 'model__max_epochs': 500, 'model__module__d_model': 96, 'model__module__dim_feedforward': 384, 'model__module__dropout': 0.1, 'model__module__nhead': 4, 'model__module__num_layers': 2, 'model__module__patch_size': 16, 'model__optimizer__weight_decay': 0.0001}",1.0,0.8489570846319827,0.8878143133462283,0.7194570135746606,0.657707910750507,0.8227872644606757,0.12185734609076868,178,0.8572649096413514,0.9180831022585356,0.8883066740209598,0.8843295382669196,0.91404952438472,0.8924067497144972,0.022111922867900733
17,6.055151176452637,0.854387068546477,0.0215151309967041,0.003364249893896835,64,10,3e-05,500,96,384,0.1,4,2,32,0.0001,"{'model__batch_size': 64, 'model__callbacks__early_stopping__patience': 10, 'model__lr': 3e-05, 'model__max_epochs': 500, 'model__module__d_model': 96, 'model__module__dim_feedforward': 384, 'model__module__dropout': 0.1, 'model__module__nhead': 4, 'model__module__num_layers': 2, 'model__module__patch_size': 32, 'model__optimizer__weight_decay': 0.0001}",1.0,0.8901098901098901,0.9186535764375876,0.8081575246132209,0.6926229508196722,0.8619087883960741,0.10452879889502924,1,0.8726338361431529,0.9180831022585356,0.8748691189344135,0.9074102722772277,0.9235995772308622,0.8993191813688386,0.0215267336366691
18,11.18964729309082,5.952553326462863,0.02537221908569336,0.004228765186662419,64,10,3e-05,500,96,384,0.1,4,3,16,0.0001,"{'model__batch_size': 64, 'model__callbacks__early_stopping__patience': 10, 'model__lr': 3e-05, 'model__max_epochs': 500, 'model__module__d_model': 96, 'model__module__dim_feedforward': 384, 'model__module__dropout': 0.1, 'model__module__nhead': 4, 'model__module__num_layers': 3, 'model__module__patch_size': 16, 'model__optimizer__weight_decay': 0.0001}",1.0,0.8489570846319827,0.8878143133462283,0.7110904007455732,0.7083333333333333,0.8312390264114236,0.1109382355419674,120,0.8428322715184908,0.978768926925609,0.8853422039776346,0.8752052545155993,0.8993235177079189,0.8962944349290506,0.045241850055967564
19,5.77246675491333,0.882841591727998,0.023177146911621094,0.003595894078944657,64,10,3e-05,500,96,384,0.1,4,3,32,0.0001,"{'model__batch_size': 64, 'model__callbacks__early_stopping__patience': 10, 'model__lr': 3e-05, 'model__max_epochs': 500, 'model__module__d_model': 96, 'model__module__dim_feedforward': 384, 'model__module__dropout': 0.1, 'model__module__nhead': 4, 'model__module__num_layers': 3, 'model__module__patch_size': 32, 'model__optimizer__weight_decay': 0.0001}",0.9794721407624634,0.9199267902081903,0.9186535764375876,0.7995885982956215,0.6612466124661247,0.8557775436339975,0.11346220115545695,6,0.8433497536945813,0.9060471692050639,0.890124796527401,0.905360531309298,0.9268912905276542,0.8943547082527996,0.02805661602221527
20,9.532685995101929,1.9569444918162642,0.02311568260192871,0.0031831897971157414,64,10,3e-05,500,96,384,0.25,4,2,16,0.0001,"{'model__batch_size': 64, 'model__callbacks__early_stopping__patience': 10, 'model__lr': 3e-05, 'model__max_epochs': 500, 'model__module__d_model': 96, 'model__module__dim_feedforward': 384, 'model__module__dropout': 0.25, 'model__module__nhead': 4, 'model__module__num_layers': 2, 'model__module__patch_size': 16, 'model__optimizer__weight_decay': 0.0001}",1.0,0.8489570846319827,0.8878143133462283,0.7194570135746606,0.7086247086247086,0.8329706240355161,0.10909578915238456,104,0.8658227848101265,0.9180831022585356,0.8789988968560397,0.8810537571692427,0.909630966480552,0.8907179015148994,0.019784113980700915
21,6.634747934341431,0.9901790417171376,0.02088766098022461,0.0029250809073134328,64,10,3e-05,500,96,384,0.25,4,2,32,0.0001,"{'model__batch_size': 64, 'model__callbacks__early_stopping__patience': 10, 'model__lr': 3e-05, 'model__max_epochs': 500, 'model__module__d_model': 96, 'model__module__dim_feedforward': 384, 'model__module__dropout': 0.25, 'model__module__nhead': 4, 'model__module__num_layers': 2, 'model__module__patch_size': 32, 'model__optimizer__weight_decay': 0.0001}",1.0,0.8704902867715079,0.8423913043478262,0.7685902957220787,0.648711943793911,0.8260367661270648,0.1159749824187142,155,0.870710684664173,0.8726135615536537,0.9084373304395008,0.9064039408866995,0.9326103500761035,0.8981551735240261,0.023522321381600274
22,9.53237452507019,2.922702770302782,0.024714231491088867,0.002841707957810413,64,10,3e-05,500,96,384,0.25,4,3,16,0.0001,"{'model__batch_size': 64, 'model__callbacks__early_stopping__patience': 10, 'model__lr': 3e-05, 'model__max_epochs': 500, 'model__module__d_model': 96, 'model__module__dim_feedforward': 384, 'model__module__dropout': 0.25, 'model__module__nhead': 4, 'model__module__num_layers': 3, 'model__module__patch_size': 16, 'model__optimizer__weight_decay': 0.0001}",0.9794721407624634,0.8674242424242424,0.894927536231884,0.7110904007455732,0.6697746697746698,0.8245377979877666,0.1162932076544774,165,0.8432416444838805,0.8914141414141414,0.8637372989704596,0.8797444717444718,0.8914466934054659,0.8739168500036838,0.01839566951468399
23,6.746876239776611,1.1928650277512323,0.021708202362060548,0.0027097898540158834,64,10,3e-05,500,96,384,0.25,4,3,32,0.0001,"{'model__batch_size': 64, 'model__callbacks__early_stopping__patience': 10, 'model__lr': 3e-05, 'model__max_epochs': 500, 'model__module__d_model': 96, 'model__module__dim_feedforward': 384, 'model__module__dropout': 0.25, 'model__module__nhead': 4, 'model__module__num_layers': 3, 'model__module__patch_size': 32, 'model__optimizer__weight_decay': 0.0001}",0.9794721407624634,0.8526315789473684,0.8644226273959794,0.8559814169570268,0.6666666666666667,0.8438348861459011,0.10043387669320496,33,0.8623376623376624,0.9060471692050639,0.8626559956592512,0.9215724815724815,0.918499990525458,0.8942226598599834,0.02642093075180482
24,9.265307521820068,3.141141465898307,0.024660444259643553,0.0027188302600114848,64,10,3e-05,500,128,128,0.1,4,2,16,0.0001,"{'model__batch_size': 64, 'model__callbacks__early_stopping__patience': 10, 'model__lr': 3e-05, 'model__max_epochs': 500, 'model__module__d_model': 128, 'model__module__dim_feedforward': 128, 'model__module__dropout': 0.1, 'model__module__nhead': 4, 'model__module__num_layers': 2, 'model__module__patch_size': 16, 'model__optimizer__weight_decay': 0.0001}",0.9597186700767264,0.8526315789473684,0.9439071566731141,0.6218298555377207,0.6027542372881356,0.7961682997046131,0.15463924991090566,242,0.8726338361431529,0.973009729051156,0.8809685295713511,0.8617353058776489,0.8976478067387158,0.8971990414764048,0.0396787527858439
25,5.939177989959717,0.7753377663157646,0.02133941650390625,0.002099332302330387,64,10,3e-05,500,128,128,0.1,4,2,32,0.0001,"{'model__batch_size': 64, 'model__callbacks__early_stopping__patience': 10, 'model__lr': 3e-05, 'model__max_epochs': 500, 'model__module__d_model': 128, 'model__module__dim_feedforward': 128, 'model__module__dropout': 0.1, 'model__module__nhead': 4, 'model__module__num_layers': 2, 'model__module__patch_size': 32, 'model__optimizer__weight_decay': 0.0001}",1.0,0.8198830409356725,0.8791666666666667,0.8238636363636364,0.5939013964092335,0.8233629480750417,0.13189364446912144,174,0.8474211103062722,0.866551724137931,0.877963980251721,0.9327695149217459,0.921683949852964,0.8892780558941269,0.032674599701608714
26,8.822764539718628,1.8962978032905464,0.025175714492797853,0.003148266847502451,64,10,3e-05,500,128,128,0.1,4,3,16,0.0001,"{'model__batch_size': 64, 'model__callbacks__early_stopping__patience': 10, 'model__lr': 3e-05, 'model__max_epochs': 500, 'model__module__d_model': 128, 'model__module__dim_feedforward': 128, 'model__module__dropout': 0.1, 'model__module__nhead': 4, 'model__module__num_layers': 3, 'model__module__patch_size': 16, 'model__optimizer__weight_decay': 0.0001}",1.0,0.8674242424242424,0.912781954887218,0.7194570135746606,0.6793958392704474,0.8358118100313137,0.11990488344822586,87,0.8474211103062722,0.9092658102153541,0.8925066209689982,0.8902014742014741,0.9029312461632903,0.8884652523710777,0.021660548964668295
27,5.721508550643921,0.5638219194448787,0.021689605712890626,0.0027471863285511056,64,10,3e-05,500,128,128,0.1,4,3,32,0.0001,"{'model__batch_size': 64, 'model__callbacks__early_stopping__patience': 10, 'model__lr': 3e-05, 'model__max_epochs': 500, 'model__module__d_model': 128, 'model__module__dim_feedforward': 128, 'model__module__dropout': 0.1, 'model__module__nhead': 4, 'model__module__num_layers': 3, 'model__module__patch_size': 32, 'model__optimizer__weight_decay': 0.0001}",1.0,0.8853801169590643,0.9439071566731141,0.7839721254355401,0.6543778801843317,0.8535274558504099,0.12258530581375456,10,0.8543956043956045,0.8949938949938949,0.8883066740209598,0.901740060270244,0.9280882269342277,0.8935048921229862,0.023759629747152945
28,7.817312431335449,2.989558865580213,0.02199130058288574,0.0021104864625914117,64,10,3e-05,500,128,128,0.25,4,2,16,0.0001,"{'model__batch_size': 64, 'model__callbacks__early_stopping__patience': 10, 'model__lr': 3e-05, 'model__max_epochs': 500, 'model__module__d_model': 128, 'model__module__dim_feedforward': 128, 'model__module__dropout': 0.25, 'model__module__nhead': 4, 'model__module__num_layers': 2, 'model__module__patch_size': 16, 'model__optimizer__weight_decay': 0.0001}",0.42727272727272725,0.8853801169590643,0.8878143133462283,0.7416666666666667,0.6027542372881356,0.7089776123065643,0.17596024051678053,282,0.42516268980477223,0.9131313131313131,0.911201121670042,0.8948450347881087,0.8976478067387158,0.8083975932265904,0.19175268942610785
29,6.1929678440094,1.0768019000345346,0.020783281326293944,0.0032539511711868413,64,10,3e-05,500,128,128,0.25,4,2,32,0.0001,"{'model__batch_size': 64, 'model__callbacks__early_stopping__patience': 10, 'model__lr': 3e-05, 'model__max_epochs': 500, 'model__module__d_model': 128, 'model__module__dim_feedforward': 128, 'model__module__dropout': 0.25, 'model__module__nhead': 4, 'model__module__num_layers': 2, 'model__module__patch_size': 32, 'model__optimizer__weight_decay': 0.0001}",1.0,0.8731884057971014,0.8878143133462283,0.6868686868686869,0.6048009367681498,0.8105344685560333,0.14381542999984914,220,0.8375773109711929,0.9239898989898989,0.8758916563101176,0.8868347772277227,0.9223449969306323,0.8893277280859129,0.03211371866986069
30,9.667867851257324,5.7251173733583895,0.023572587966918947,0.0028681743991244013,64,10,3e-05,500,128,128,0.25,4,3,16,0.0001,"{'model__batch_size': 64, 'model__callbacks__early_stopping__patience': 10, 'model__lr': 3e-05, 'model__max_epochs': 500, 'model__module__d_model': 128, 'model__module__dim_feedforward': 128, 'model__module__dropout': 0.25, 'model__module__nhead': 4, 'model__module__num_layers': 3, 'model__module__patch_size': 16, 'model__optimizer__weight_decay': 0.0001}",1.0,0.8853801169590643,0.44761904761904764,0.7631501616220981,0.6950393060449986,0.7582377264490419,0.1871450348666072,261,0.8878544223444773,0.9782828282828283,0.41935483870967744,0.8948450347881087,0.91404952438472,0.8188773297019625,0.20229434591836587
31,6.46606707572937,1.092194820836496,0.021566295623779298,0.0023997694773093166,64,10,3e-05,500,128,128,0.25,4,3,32,0.0001,"{'model__batch_size': 64, 'model__callbacks__early_stopping__patience': 10, 'model__lr': 3e-05, 'model__max_epochs': 500, 'model__module__d_model': 128, 'model__module__dim_feedforward': 128, 'model__module__dropout': 0.25, 'model__module__nhead': 4, 'model__module__num_layers': 3, 'model__module__patch_size': 32, 'model__optimizer__weight_decay': 0.0001}",1.0,0.8704902867715079,0.9186535764375876,0.7416666666666667,0.6048009367681498,0.8271222933287824,0.13919404428197846,149,0.8324027393794835,0.8962385961941451,0.8718122626153011,0.9006584766584766,0.9235995772308622,0.8849423304156536,0.030989652825696296
32,8.49789834022522,1.964808454660598,0.02305946350097656,0.003364028249549161,64,10,3e-05,500,128,256,0.1,4,2,16,0.0001,"{'model__batch_size': 64, 'model__callbacks__early_stopping__patience': 10, 'model__lr': 3e-05, 'model__max_epochs': 500, 'model__module__d_model': 128, 'model__module__dim_feedforward': 256, 'model__module__dropout': 0.1, 'model__module__nhead': 4, 'model__module__num_layers': 2, 'model__module__patch_size': 16, 'model__optimizer__weight_decay': 0.0001}",1.0,0.8102981029810298,0.8878143133462283,0.7785714285714285,0.6027542372881356,0.8158876164373645,0.1310880599859712,204,0.8665083477259643,0.9508498613551214,0.8831593706184764,0.9064039408866995,0.918499990525458,0.9050843022223439,0.02913765753360262
33,4.943921756744385,1.1583605028620434,0.02163972854614258,0.0023089040337561043,64,10,3e-05,500,128,256,0.1,4,2,32,0.0001,"{'model__batch_size': 64, 'model__callbacks__early_stopping__patience': 10, 'model__lr': 3e-05, 'model__max_epochs': 500, 'model__module__d_model': 128, 'model__module__dim_feedforward': 256, 'model__module__dropout': 0.1, 'model__module__nhead': 4, 'model__module__num_layers': 2, 'model__module__patch_size': 32, 'model__optimizer__weight_decay': 0.0001}",0.9794721407624634,0.8444444444444444,0.8878143133462283,0.7785714285714285,0.5608899297423888,0.8102384513733906,0.14071644645864892,222,0.8641025641025641,0.9171004434162329,0.8586411308709531,0.8936425429828069,0.918499990525458,0.890397334379603,0.02535041655972404
34,9.6242826461792,2.9594025475186765,0.024325037002563478,0.0028416612962262784,64,10,3e-05,500,128,256,0.1,4,3,16,0.0001,"{'model__batch_size': 64, 'model__callbacks__early_stopping__patience': 10, 'model__lr': 3e-05, 'model__max_epochs': 500, 'model__module__d_model': 128, 'model__module__dim_feedforward': 256, 'model__module__dropout': 0.1, 'model__module__nhead': 4, 'model__module__num_layers': 3, 'model__module__patch_size': 16, 'model__optimizer__weight_decay': 0.0001}",0.9794721407624634,0.8674242424242424,0.894927536231884,0.7343941248470012,0.6822033898305084,0.8316842868192198,0.10856170317123919,114,0.8824312333629104,0.9190291871534679,0.9034712882412026,0.8902014742014741,0.918499990525458,0.9027266346969025,0.014723514800063073
35,6.04760251045227,1.4773477112988609,0.02241058349609375,0.0030427182188971663,64,10,3e-05,500,128,256,0.1,4,3,32,0.0001,"{'model__batch_size': 64, 'model__callbacks__early_stopping__patience': 10, 'model__lr': 3e-05, 'model__max_epochs': 500, 'model__module__d_model': 128, 'model__module__dim_feedforward': 256, 'model__module__dropout': 0.1, 'model__module__nhead': 4, 'model__module__num_layers': 3, 'model__module__patch_size': 32, 'model__optimizer__weight_decay': 0.0001}",1.0,0.9028677150786308,0.9186535764375876,0.7479674796747967,0.6459627329192547,0.8430903008220539,0.12791515211526028,39,0.8405622709620959,0.8901286091474321,0.8819056591077317,0.9064039408866995,0.9280882269342277,0.8894177414076374,0.029078277560694456
36,8.761268997192383,1.5198098588397664,0.02265033721923828,0.0026411244849104294,64,10,3e-05,500,128,256,0.25,4,2,16,0.0001,"{'model__batch_size': 64, 'model__callbacks__early_stopping__patience': 10, 'model__lr': 3e-05, 'model__max_epochs': 500, 'model__module__d_model': 128, 'model__module__dim_feedforward': 256, 'model__module__dropout': 0.25, 'model__module__nhead': 4, 'model__module__num_layers': 2, 'model__module__patch_size': 16, 'model__optimizer__weight_decay': 0.0001}",0.9794721407624634,0.8853801169590643,0.9055887140531742,0.7631501616220981,0.625,0.8317182266793599,0.1245806335569611,113,0.8718316166592028,0.9239898989898989,0.8727193365342645,0.8913969087197433,0.9029312461632903,0.89257380141328,0.019596279897519275
37,5.307583618164062,0.560715514348244,0.020120906829833984,0.002513174733830216,64,10,3e-05,500,128,256,0.25,4,2,32,0.0001,"{'model__batch_size': 64, 'model__callbacks__early_stopping__patience': 10, 'model__lr': 3e-05, 'model__max_epochs': 500, 'model__module__d_model': 128, 'model__module__dim_feedforward': 256, 'model__module__dropout': 0.25, 'model__module__nhead': 4, 'model__module__num_layers': 2, 'model__module__patch_size': 32, 'model__optimizer__weight_decay': 0.0001}",0.9597186700767264,0.9199267902081903,0.8546365914786966,0.5788043478260869,0.5257452574525745,0.767766331408455,0.17990318457724813,256,0.8557064033686657,0.9141216609802779,0.8976144511858797,0.8301719699310062,0.9089117541166885,0.8813052479165036,0.03278700724970627
38,8.96989016532898,2.0655685435388085,0.02337174415588379,0.002984179798288215,64,10,3e-05,500,128,256,0.25,4,3,16,0.0001,"{'model__batch_size': 64, 'model__callbacks__early_stopping__patience': 10, 'model__lr': 3e-05, 'model__max_epochs': 500, 'model__module__d_model': 128, 'model__module__dim_feedforward': 256, 'model__module__dropout': 0.25, 'model__module__nhead': 4, 'model__module__num_layers': 3, 'model__module__patch_size': 16, 'model__optimizer__weight_decay': 0.0001}",0.9794721407624634,0.8853801169590643,0.9186535764375876,0.7496116806461635,0.6666666666666667,0.839956836294389,0.11481524424486005,61,0.8813078530904748,0.9092658102153541,0.8976144511858797,0.8960043787629994,0.918499990525458,0.9005384967560331,0.012630971323766844
39,5.187742376327515,0.9236661286897354,0.02145533561706543,0.0024540737969701433,64,10,3e-05,500,128,256,0.25,4,3,32,0.0001,"{'model__batch_size': 64, 'model__callbacks__early_stopping__patience': 10, 'model__lr': 3e-05, 'model__max_epochs': 500, 'model__module__d_model': 128, 'model__module__dim_feedforward': 256, 'model__module__dropout': 0.25, 'model__module__nhead': 4, 'model__module__num_layers': 3, 'model__module__patch_size': 32, 'model__optimizer__weight_decay': 0.0001}",1.0,0.9028677150786308,0.9186535764375876,0.7785714285714285,0.7083333333333333,0.8616852106841961,0.10440026185063689,2,0.8515567120218284,0.8758447536353176,0.8728214790390956,0.876978142406145,0.9073956346683619,0.8769193443541496,0.017832655958689384
40,8.178337478637696,2.402716369832937,0.022580718994140624,0.0030150100871390766,64,10,3e-05,500,128,384,0.1,4,2,16,0.0001,"{'model__batch_size': 64, 'model__callbacks__early_stopping__patience': 10, 'model__lr': 3e-05, 'model__max_epochs': 500, 'model__module__d_model': 128, 'model__module__dim_feedforward': 384, 'model__module__dropout': 0.1, 'model__module__nhead': 4, 'model__module__num_layers': 2, 'model__module__patch_size': 16, 'model__optimizer__weight_decay': 0.0001}",0.9794721407624634,0.9028677150786308,0.8878143133462283,0.7631501616220981,0.6366486178398404,0.8339905897298523,0.12063842956125195,99,0.8658227848101265,0.9131313131313131,0.8696911196911197,0.901740060270244,0.9235995772308622,0.8947969710267332,0.023167874097559247
41,4.976633548736572,0.5299473482355853,0.021378755569458008,0.001828982831351382,64,10,3e-05,500,128,384,0.1,4,2,32,0.0001,"{'model__batch_size': 64, 'model__callbacks__early_stopping__patience': 10, 'model__lr': 3e-05, 'model__max_epochs': 500, 'model__module__d_model': 128, 'model__module__dim_feedforward': 384, 'model__module__dropout': 0.1, 'model__module__nhead': 4, 'model__module__num_layers': 2, 'model__module__patch_size': 32, 'model__optimizer__weight_decay': 0.0001}",1.0,0.8731884057971014,0.8423913043478262,0.7839721254355401,0.648711943793911,0.8296527558748756,0.11480601420328741,135,0.8628364389233955,0.9110344827586206,0.9069222283507998,0.8936425429828069,0.9178336039736364,0.8984538593978518,0.019479780612683163
42,9.248341989517211,3.5845828545949843,0.024399709701538087,0.0029282358658287632,64,10,3e-05,500,128,384,0.1,4,3,16,0.0001,"{'model__batch_size': 64, 'model__callbacks__early_stopping__patience': 10, 'model__lr': 3e-05, 'model__max_epochs': 500, 'model__module__d_model': 128, 'model__module__dim_feedforward': 384, 'model__module__dropout': 0.1, 'model__module__nhead': 4, 'model__module__num_layers': 3, 'model__module__patch_size': 16, 'model__optimizer__weight_decay': 0.0001}",1.0,0.8674242424242424,0.8644226273959794,0.7047619047619047,0.6366486178398404,0.8146514784843936,0.12913322044803655,208,0.8598880563000237,0.9340771654884592,0.8819056591077317,0.8830067972810876,0.918499990525458,0.8954755337405519,0.02693061833997575
43,5.77661623954773,2.3641012145651725,0.02176666259765625,0.0029123275373201256,64,10,3e-05,500,128,384,0.1,4,3,32,0.0001,"{'model__batch_size': 64, 'model__callbacks__early_stopping__patience': 10, 'model__lr': 3e-05, 'model__max_epochs': 500, 'model__module__d_model': 128, 'model__module__dim_feedforward': 384, 'model__module__dropout': 0.1, 'model__module__nhead': 4, 'model__module__num_layers': 3, 'model__module__patch_size': 32, 'model__optimizer__weight_decay': 0.0001}",0.9794721407624634,0.8878975062914665,0.8644226273959794,0.7839721254355401,0.6048009367681498,0.8241130673307199,0.12612601857815683,173,0.8598880563000237,0.9839880841556508,0.8667763157894737,0.905360531309298,0.9081669691470053,0.9048359913402901,0.044148114613869534
44,8.471628761291504,0.8835896542360328,0.022775697708129882,0.0025486865476189906,64,10,3e-05,500,128,384,0.25,4,2,16,0.0001,"{'model__batch_size': 64, 'model__callbacks__early_stopping__patience': 10, 'model__lr': 3e-05, 'model__max_epochs': 500, 'model__module__d_model': 128, 'model__module__dim_feedforward': 384, 'model__module__dropout': 0.25, 'model__module__nhead': 4, 'model__module__num_layers': 2, 'model__module__patch_size': 16, 'model__optimizer__weight_decay': 0.0001}",1.0,0.8674242424242424,0.912781954887218,0.6477272727272727,0.642478813559322,0.8140824567196109,0.14441199917397454,211,0.8543956043956045,0.8949938949938949,0.9034712882412026,0.8538669705170203,0.9037290715372908,0.8820913659370027,0.023045339405718568
45,5.187095403671265,0.7852068388944582,0.021084403991699217,0.0029320935214239723,64,10,3e-05,500,128,384,0.25,4,2,32,0.0001,"{'model__batch_size': 64, 'model__callbacks__early_stopping__patience': 10, 'model__lr': 3e-05, 'model__max_epochs': 500, 'model__module__d_model': 128, 'model__module__dim_feedforward': 384, 'model__module__dropout': 0.25, 'model__module__nhead': 4, 'model__module__num_layers': 2, 'model__module__patch_size': 32, 'model__optimizer__weight_decay': 0.0001}",0.9794721407624634,0.8731884057971014,0.9186535764375876,0.7568627450980392,0.6543778801843317,0.8365109496559047,0.1166591964404167,82,0.8459446788560713,0.9110344827586206,0.8976144511858797,0.9006584766584766,0.9275002388002674,0.896550465651863,0.02737381481034285
46,8.865772676467895,2.3236669208314087,0.02424588203430176,0.003300449216884827,64,10,3e-05,500,128,384,0.25,4,3,16,0.0001,"{'model__batch_size': 64, 'model__callbacks__early_stopping__patience': 10, 'model__lr': 3e-05, 'model__max_epochs': 500, 'model__module__d_model': 128, 'model__module__dim_feedforward': 384, 'model__module__dropout': 0.25, 'model__module__nhead': 4, 'model__module__num_layers': 3, 'model__module__patch_size': 16, 'model__optimizer__weight_decay': 0.0001}",1.0,0.8526315789473684,0.894927536231884,0.7416666666666667,0.7219279661016949,0.8422307495895229,0.10233490063304866,43,0.8302050354289161,0.8974369703943927,0.88,0.8971225247524752,0.9133561643835616,0.8836241389918691,0.028718388089483047
47,5.3504609107971195,1.1645931107393397,0.021588706970214845,0.002841913370248886,64,10,3e-05,500,128,384,0.25,4,3,32,0.0001,"{'model__batch_size': 64, 'model__callbacks__early_stopping__patience': 10, 'model__lr': 3e-05, 'model__max_epochs': 500, 'model__module__d_model': 128, 'model__module__dim_feedforward': 384, 'model__module__dropout': 0.25, 'model__module__nhead': 4, 'model__module__num_layers': 3, 'model__module__patch_size': 32, 'model__optimizer__weight_decay': 0.0001}",0.9794721407624634,0.8704902867715079,0.8644226273959794,0.7568627450980392,0.7083333333333333,0.8359162266722645,0.09501908082693616,86,0.8516348163630935,0.8926520762253474,0.8976144511858797,0.8889617747033216,0.9275002388002674,0.8916726714555819,0.024208500009347596
48,4.724145460128784,2.3986555620745835,0.021550512313842772,0.00285246025707577,64,10,0.0001,500,96,128,0.1,4,2,16,0.0001,"{'model__batch_size': 64, 'model__callbacks__early_stopping__patience': 10, 'model__lr': 0.0001, 'model__max_epochs': 500, 'model__module__d_model': 96, 'model__module__dim_feedforward': 128, 'model__module__dropout': 0.1, 'model__module__nhead': 4, 'model__module__num_layers': 2, 'model__module__patch_size': 16, 'model__optimizer__weight_decay': 0.0001}",1.0,0.8153919923279789,0.9186535764375876,0.6218298555377207,0.657707910750507,0.8027166670107588,0.1457877376679626,234,0.8572649096413514,0.9946019458102312,0.9261538461538461,0.8723710515793682,0.8791670646671124,0.9059117635703817,0.04996491771340482
49,2.6737505912780763,0.3840224167285704,0.02034149169921875,0.00263570057903709,64,10,0.0001,500,96,128,0.1,4,2,32,0.0001,"{'model__batch_size': 64, 'model__callbacks__early_stopping__patience': 10, 'model__lr': 0.0001, 'model__max_epochs': 500, 'model__module__d_model': 96, 'model__module__dim_feedforward': 128, 'model__module__dropout': 0.1, 'model__module__nhead': 4, 'model__module__num_layers': 2, 'model__module__patch_size': 32, 'model__optimizer__weight_decay': 0.0001}",1.0,0.8853801169590643,0.8317214700193424,0.810281517747858,0.613716454323665,0.8282199118099859,0.12579464846825666,141,0.8419797257006559,0.8571671918916617,0.9126644988848975,0.8910996479161549,0.9522497357692888,0.8910321600325318,0.03941708157382719
50,4.561436700820923,1.35024354561675,0.02328152656555176,0.0033462826540027048,64,10,0.0001,500,96,128,0.1,4,3,16,0.0001,"{'model__batch_size': 64, 'model__callbacks__early_stopping__patience': 10, 'model__lr': 0.0001, 'model__max_epochs': 500, 'model__module__d_model': 96, 'model__module__dim_feedforward': 128, 'model__module__dropout': 0.1, 'model__module__nhead': 4, 'model__module__num_layers': 3, 'model__module__patch_size': 16, 'model__optimizer__weight_decay': 0.0001}",1.0,0.79,0.9439071566731141,0.7479674796747967,0.6697746697746698,0.8303298612245161,0.12318748892313468,128,0.870710684664173,0.945064304573716,0.8958333333333333,0.9176980198019802,0.9089117541166885,0.9076436192979781,0.02452154700320002
51,3.139610004425049,0.3114525051709871,0.021709108352661134,0.003459862082883218,64,10,0.0001,500,96,128,0.1,4,3,32,0.0001,"{'model__batch_size': 64, 'model__callbacks__early_stopping__patience': 10, 'model__lr': 0.0001, 'model__max_epochs': 500, 'model__module__d_model': 96, 'model__module__dim_feedforward': 128, 'model__module__dropout': 0.1, 'model__module__nhead': 4, 'model__module__num_layers': 3, 'model__module__patch_size': 32, 'model__optimizer__weight_decay': 0.0001}",0.9794721407624634,0.8526315789473684,0.894927536231884,0.8199767711962833,0.6048009367681498,0.8303617927812299,0.12480714956842737,127,0.8687561907457195,0.9199404207782536,0.8942780775975077,0.915876027830487,0.9223449969306323,0.90423914277652,0.020337314884800152
52,3.992561912536621,1.295029893844251,0.02232804298400879,0.0026781244398361463,64,10,0.0001,500,96,128,0.25,4,2,16,0.0001,"{'model__batch_size': 64, 'model__callbacks__early_stopping__patience': 10, 'model__lr': 0.0001, 'model__max_epochs': 500, 'model__module__d_model': 96, 'model__module__dim_feedforward': 128, 'model__module__dropout': 0.25, 'model__module__nhead': 4, 'model__module__num_layers': 2, 'model__module__patch_size': 16, 'model__optimizer__weight_decay': 0.0001}",1.0,0.8198830409356725,0.8878143133462283,0.7839721254355401,0.6309246309246309,0.8245188221284143,0.12160937376988784,166,0.8726338361431529,0.9677956228676041,0.8925066209689982,0.901740060270244,0.8672690177790732,0.9003890316058145,0.035985809460084575
53,2.96188645362854,0.24592460133742508,0.021310949325561525,0.0026813448704943498,64,10,0.0001,500,96,128,0.25,4,2,32,0.0001,"{'model__batch_size': 64, 'model__callbacks__early_stopping__patience': 10, 'model__lr': 0.0001, 'model__max_epochs': 500, 'model__module__d_model': 96, 'model__module__dim_feedforward': 128, 'model__module__dropout': 0.25, 'model__module__nhead': 4, 'model__module__num_layers': 2, 'model__module__patch_size': 32, 'model__optimizer__weight_decay': 0.0001}",1.0,0.8526315789473684,0.894927536231884,0.7685902957220787,0.6048009367681498,0.8241900695338963,0.13262335143306653,170,0.855883731833099,0.9102608695652175,0.886887306242145,0.9120832118207447,0.9126381215469613,0.8955506482016334,0.02204638639690522
54,4.154918098449707,0.648420005897545,0.023555946350097657,0.002704508494799594,64,10,0.0001,500,96,128,0.25,4,3,16,0.0001,"{'model__batch_size': 64, 'model__callbacks__early_stopping__patience': 10, 'model__lr': 0.0001, 'model__max_epochs': 500, 'model__module__d_model': 96, 'model__module__dim_feedforward': 128, 'model__module__dropout': 0.25, 'model__module__nhead': 4, 'model__module__num_layers': 3, 'model__module__patch_size': 16, 'model__optimizer__weight_decay': 0.0001}",1.0,0.8011363636363636,0.8644226273959794,0.7194570135746606,0.642478813559322,0.8054989636332651,0.12271957470404354,233,0.8459446788560713,0.8887931034482759,0.8883066740209598,0.9074102722772277,0.8949494186924354,0.8850808294589939,0.02074520862924871
55,3.2922787189483644,0.3415280486168896,0.021628475189208983,0.002991832368683079,64,10,0.0001,500,96,128,0.25,4,3,32,0.0001,"{'model__batch_size': 64, 'model__callbacks__early_stopping__patience': 10, 'model__lr': 0.0001, 'model__max_epochs': 500, 'model__module__d_model': 96, 'model__module__dim_feedforward': 128, 'model__module__dropout': 0.25, 'model__module__nhead': 4, 'model__module__num_layers': 3, 'model__module__patch_size': 32, 'model__optimizer__weight_decay': 0.0001}",1.0,0.8731884057971014,0.894927536231884,0.7416666666666667,0.7083333333333333,0.8436231884057971,0.1064503852508708,35,0.8474381116868164,0.8997033248081842,0.8618333085722776,0.8752052545155993,0.9191434963247044,0.8806646991815162,0.02581286508785848
56,3.4398140907287598,0.6707537396470411,0.0223419189453125,0.0024723971448705876,64,10,0.0001,500,96,256,0.1,4,2,16,0.0001,"{'model__batch_size': 64, 'model__callbacks__early_stopping__patience': 10, 'model__lr': 0.0001, 'model__max_epochs': 500, 'model__module__d_model': 96, 'model__module__dim_feedforward': 256, 'model__module__dropout': 0.1, 'model__module__nhead': 4, 'model__module__num_layers': 2, 'model__module__patch_size': 16, 'model__optimizer__weight_decay': 0.0001}",0.9794721407624634,0.8674242424242424,0.8512820512820514,0.7942684766214179,0.6666666666666667,0.8318227155513684,0.10211104599673819,112,0.8771047374429224,0.9348484848484848,0.890124796527401,0.876978142406145,0.9073956346683619,0.897290359178663,0.021836300784401026
57,2.5345996856689452,0.3269958830364605,0.02023448944091797,0.002648275420231095,64,10,0.0001,500,96,256,0.1,4,2,32,0.0001,"{'model__batch_size': 64, 'model__callbacks__early_stopping__patience': 10, 'model__lr': 0.0001, 'model__max_epochs': 500, 'model__module__d_model': 96, 'model__module__dim_feedforward': 256, 'model__module__dropout': 0.1, 'model__module__nhead': 4, 'model__module__num_layers': 2, 'model__module__patch_size': 32, 'model__optimizer__weight_decay': 0.0001}",0.9794721407624634,0.8198830409356725,0.8725274725274725,0.8041917886879126,0.625,0.8202148885827043,0.11529543042834157,188,0.8824312333629104,0.9190291871534679,0.9212138896994456,0.901740060270244,0.9268912905276542,0.9102611322027444,0.016251250946473367
58,3.9105079650878904,0.6265089967508211,0.024435663223266603,0.002551005721605371,64,10,0.0001,500,96,256,0.1,4,3,16,0.0001,"{'model__batch_size': 64, 'model__callbacks__early_stopping__patience': 10, 'model__lr': 0.0001, 'model__max_epochs': 500, 'model__module__d_model': 96, 'model__module__dim_feedforward': 256, 'model__module__dropout': 0.1, 'model__module__nhead': 4, 'model__module__num_layers': 3, 'model__module__patch_size': 16, 'model__optimizer__weight_decay': 0.0001}",0.9597186700767264,0.8489570846319827,0.8878143133462283,0.7343941248470012,0.6950393060449986,0.8251846997893875,0.097742248744245,162,0.8653259764774213,0.8839406207827261,0.8674242424242424,0.8936425429828069,0.9223449969306323,0.8865356759195657,0.020758841887560605
59,3.099030542373657,0.3271280639933825,0.021043062210083008,0.002747402288056949,64,10,0.0001,500,96,256,0.1,4,3,32,0.0001,"{'model__batch_size': 64, 'model__callbacks__early_stopping__patience': 10, 'model__lr': 0.0001, 'model__max_epochs': 500, 'model__module__d_model': 96, 'model__module__dim_feedforward': 256, 'model__module__dropout': 0.1, 'model__module__nhead': 4, 'model__module__num_layers': 3, 'model__module__patch_size': 32, 'model__optimizer__weight_decay': 0.0001}",1.0,0.834280303030303,0.894927536231884,0.7785714285714285,0.7083333333333333,0.8432225202333898,0.09970697717363947,38,0.8557064033686657,0.9033868686028126,0.8925066209689982,0.9188149836205668,0.9280882269342277,0.8997006206990541,0.025187490037302338
60,3.641493320465088,0.8559040684255251,0.02210073471069336,0.002747651194224399,64,10,0.0001,500,96,256,0.25,4,2,16,0.0001,"{'model__batch_size': 64, 'model__callbacks__early_stopping__patience': 10, 'model__lr': 0.0001, 'model__max_epochs': 500, 'model__module__d_model': 96, 'model__module__dim_feedforward': 256, 'model__module__dropout': 0.25, 'model__module__nhead': 4, 'model__module__num_layers': 2, 'model__module__patch_size': 16, 'model__optimizer__weight_decay': 0.0001}",0.9597186700767264,0.9028677150786308,0.9186535764375876,0.7723378212974297,0.6543778801843317,0.8415911326149412,0.11268751299697817,48,0.8888767343069153,0.9180831022585356,0.8718122626153011,0.8632985452245414,0.9037290715372908,0.8891599431885169,0.020092997609240465
61,2.77358717918396,0.2925702746040183,0.020572090148925783,0.002619658795302171,64,10,0.0001,500,96,256,0.25,4,2,32,0.0001,"{'model__batch_size': 64, 'model__callbacks__early_stopping__patience': 10, 'model__lr': 0.0001, 'model__max_epochs': 500, 'model__module__d_model': 96, 'model__module__dim_feedforward': 256, 'model__module__dropout': 0.25, 'model__module__nhead': 4, 'model__module__num_layers': 2, 'model__module__patch_size': 32, 'model__optimizer__weight_decay': 0.0001}",1.0,0.8198830409356725,0.8878143133462283,0.8238636363636364,0.625,0.8313121981291074,0.12198269822186478,116,0.8695509489689875,0.9239898989898989,0.8976144511858797,0.920686981930944,0.9280882269342277,0.9079861016019877,0.02193791888540405
62,3.9939388275146483,0.5884604961304818,0.024539804458618163,0.0034643433064565406,64,10,0.0001,500,96,256,0.25,4,3,16,0.0001,"{'model__batch_size': 64, 'model__callbacks__early_stopping__patience': 10, 'model__lr': 0.0001, 'model__max_epochs': 500, 'model__module__d_model': 96, 'model__module__dim_feedforward': 256, 'model__module__dropout': 0.25, 'model__module__nhead': 4, 'model__module__num_layers': 3, 'model__module__patch_size': 16, 'model__optimizer__weight_decay': 0.0001}",0.9794721407624634,0.8153919923279789,0.9186535764375876,0.6964504283965729,0.7357007319056655,0.8291337739660536,0.10690075740453041,136,0.8432416444838805,0.9082330787739303,0.8809685295713511,0.8856048166392994,0.9191434963247044,0.8874383131586331,0.026215286562186604
63,3.047264242172241,0.3164752306875394,0.021695852279663086,0.0034612758826771876,64,10,0.0001,500,96,256,0.25,4,3,32,0.0001,"{'model__batch_size': 64, 'model__callbacks__early_stopping__patience': 10, 'model__lr': 0.0001, 'model__max_epochs': 500, 'model__module__d_model': 96, 'model__module__dim_feedforward': 256, 'model__module__dropout': 0.25, 'model__module__nhead': 4, 'model__module__num_layers': 3, 'model__module__patch_size': 32, 'model__optimizer__weight_decay': 0.0001}",0.9794721407624634,0.8153919923279789,0.9186535764375876,0.7926421404682273,0.6793958392704474,0.8371111378533408,0.10415291916930332,77,0.8792138416379515,0.8776724137931033,0.8942780775975077,0.8913969087197433,0.9191434963247044,0.892340947614602,0.014903067436992648
64,3.6543064594268797,0.8810545440327083,0.021646595001220702,0.0024415795285229894,64,10,0.0001,500,96,384,0.1,4,2,16,0.0001,"{'model__batch_size': 64, 'model__callbacks__early_stopping__patience': 10, 'model__lr': 0.0001, 'model__max_epochs': 500, 'model__module__d_model': 96, 'model__module__dim_feedforward': 384, 'model__module__dropout': 0.1, 'model__module__nhead': 4, 'model__module__num_layers': 2, 'model__module__patch_size': 16, 'model__optimizer__weight_decay': 0.0001}",0.9794721407624634,0.8489570846319827,0.8317214700193424,0.7343941248470012,0.6957403651115619,0.8180570370744704,0.09915363481772106,194,0.8611336983430007,0.9230900264032025,0.8707692307692307,0.915876027830487,0.9126381215469613,0.8967014209785764,0.025516833078276905
65,2.861054801940918,0.6580407001606577,0.020263290405273436,0.002282288328885399,64,10,0.0001,500,96,384,0.1,4,2,32,0.0001,"{'model__batch_size': 64, 'model__callbacks__early_stopping__patience': 10, 'model__lr': 0.0001, 'model__max_epochs': 500, 'model__module__d_model': 96, 'model__module__dim_feedforward': 384, 'model__module__dropout': 0.1, 'model__module__nhead': 4, 'model__module__num_layers': 2, 'model__module__patch_size': 32, 'model__optimizer__weight_decay': 0.0001}",1.0,0.8558682223747426,0.8423913043478262,0.8041917886879126,0.6793958392704474,0.8363694309361858,0.10282756255031784,84,0.8749455495861769,0.9239898989898989,0.9126644988848975,0.9255497800879648,0.9426996829231467,0.915969882094417,0.022647290278629693
66,3.8307562351226805,0.5862242095895948,0.02382817268371582,0.0035615495591530583,64,10,0.0001,500,96,384,0.1,4,3,16,0.0001,"{'model__batch_size': 64, 'model__callbacks__early_stopping__patience': 10, 'model__lr': 0.0001, 'model__max_epochs': 500, 'model__module__d_model': 96, 'model__module__dim_feedforward': 384, 'model__module__dropout': 0.1, 'model__module__nhead': 4, 'model__module__num_layers': 3, 'model__module__patch_size': 16, 'model__optimizer__weight_decay': 0.0001}",0.9597186700767264,0.8526315789473684,0.912781954887218,0.7343941248470012,0.6697746697746698,0.8258601997065969,0.10855314262085236,156,0.8433497536945813,0.9011157482326888,0.8685765941172381,0.905360531309298,0.8965581326196848,0.8829921519946982,0.023631220941714135
67,3.0019654750823976,0.3546704641377733,0.022204256057739256,0.0033535311284670468,64,10,0.0001,500,96,384,0.1,4,3,32,0.0001,"{'model__batch_size': 64, 'model__callbacks__early_stopping__patience': 10, 'model__lr': 0.0001, 'model__max_epochs': 500, 'model__module__d_model': 96, 'model__module__dim_feedforward': 384, 'model__module__dropout': 0.1, 'model__module__nhead': 4, 'model__module__num_layers': 3, 'model__module__patch_size': 32, 'model__optimizer__weight_decay': 0.0001}",0.9794721407624634,0.858712715855573,0.9186535764375876,0.8154761904761905,0.6366486178398404,0.841792648274331,0.11655570581555352,47,0.8738095238095238,0.9033868686028126,0.8850848669538127,0.9057032634761756,0.9426996829231467,0.9021368411530943,0.02346415479513481
68,3.5847875118255614,0.40733080904844304,0.022888994216918944,0.0024688817680207325,64,10,0.0001,500,96,384,0.25,4,2,16,0.0001,"{'model__batch_size': 64, 'model__callbacks__early_stopping__patience': 10, 'model__lr': 0.0001, 'model__max_epochs': 500, 'model__module__d_model': 96, 'model__module__dim_feedforward': 384, 'model__module__dropout': 0.25, 'model__module__nhead': 4, 'model__module__num_layers': 2, 'model__module__patch_size': 16, 'model__optimizer__weight_decay': 0.0001}",1.0,0.8102981029810298,0.912781954887218,0.6725691208449829,0.6666666666666667,0.8124631690759795,0.1311987607381308,215,0.8501809136137495,0.8937005312804944,0.8809685295713511,0.876978142406145,0.8985003343203745,0.880065690238423,0.016906761588518972
69,2.9469401836395264,0.728663625679683,0.021807765960693358,0.0029675043671459965,64,10,0.0001,500,96,384,0.25,4,2,32,0.0001,"{'model__batch_size': 64, 'model__callbacks__early_stopping__patience': 10, 'model__lr': 0.0001, 'model__max_epochs': 500, 'model__module__d_model': 96, 'model__module__dim_feedforward': 384, 'model__module__dropout': 0.25, 'model__module__nhead': 4, 'model__module__num_layers': 2, 'model__module__patch_size': 32, 'model__optimizer__weight_decay': 0.0001}",0.9597186700767264,0.8558682223747426,0.8725274725274725,0.7886363636363636,0.648711943793911,0.8250925344818432,0.10369240846081686,163,0.8623376623376624,0.9033868686028126,0.9042407660738714,0.9064039408866995,0.961172498465316,0.9075083472732726,0.03146145351857444
70,4.011653232574463,0.6040948388974027,0.023920202255249025,0.002607909490764224,64,10,0.0001,500,96,384,0.25,4,3,16,0.0001,"{'model__batch_size': 64, 'model__callbacks__early_stopping__patience': 10, 'model__lr': 0.0001, 'model__max_epochs': 500, 'model__module__d_model': 96, 'model__module__dim_feedforward': 384, 'model__module__dropout': 0.25, 'model__module__nhead': 4, 'model__module__num_layers': 3, 'model__module__patch_size': 16, 'model__optimizer__weight_decay': 0.0001}",0.9794721407624634,0.8526315789473684,0.9186535764375876,0.7496116806461635,0.7086247086247086,0.8417987370836583,0.10120450395715068,46,0.8593816329418423,0.9131313131313131,0.8707692307692307,0.8995368437791957,0.9153657448706511,0.8916369530984467,0.022642167999435102
71,2.687043857574463,0.9735116097237424,0.021931266784667967,0.003037641018639343,64,10,0.0001,500,96,384,0.25,4,3,32,0.0001,"{'model__batch_size': 64, 'model__callbacks__early_stopping__patience': 10, 'model__lr': 0.0001, 'model__max_epochs': 500, 'model__module__d_model': 96, 'model__module__dim_feedforward': 384, 'model__module__dropout': 0.25, 'model__module__nhead': 4, 'model__module__num_layers': 3, 'model__module__patch_size': 32, 'model__optimizer__weight_decay': 0.0001}",0.42727272727272725,0.8558682223747426,0.8644226273959794,0.7839721254355401,0.6666666666666667,0.7196404738291312,0.16244602570418565,276,0.42516268980477223,0.9131313131313131,0.8674242424242424,0.901740060270244,0.9286560261688568,0.8072228663598857,0.1920886751127105
72,3.641738939285278,1.0586182590419984,0.022175359725952148,0.002371068323954946,64,10,0.0001,500,128,128,0.1,4,2,16,0.0001,"{'model__batch_size': 64, 'model__callbacks__early_stopping__patience': 10, 'model__lr': 0.0001, 'model__max_epochs': 500, 'model__module__d_model': 128, 'model__module__dim_feedforward': 128, 'model__module__dropout': 0.1, 'model__module__nhead': 4, 'model__module__num_layers': 2, 'model__module__patch_size': 16, 'model__optimizer__weight_decay': 0.0001}",0.9794721407624634,0.8299319727891157,0.8878143133462283,0.7995885982956215,0.625,0.8243614050386856,0.11702589876386102,168,0.8835164835164835,0.9677956228676041,0.8918269230769231,0.9042782886845262,0.9178336039736364,0.9130501844238348,0.029730646139414663
73,2.129811000823975,0.17784838461013325,0.020272111892700194,0.0025835152374424986,64,10,0.0001,500,128,128,0.1,4,2,32,0.0001,"{'model__batch_size': 64, 'model__callbacks__early_stopping__patience': 10, 'model__lr': 0.0001, 'model__max_epochs': 500, 'model__module__d_model': 128, 'model__module__dim_feedforward': 128, 'model__module__dropout': 0.1, 'model__module__nhead': 4, 'model__module__num_layers': 2, 'model__module__patch_size': 32, 'model__optimizer__weight_decay': 0.0001}",1.0,0.8755555555555555,0.8644226273959794,0.8397932816537468,0.625,0.8409542929210563,0.1213928759173007,55,0.8701567917985829,0.9022727272727273,0.9084373304395008,0.9006584766584766,0.9417587476979742,0.9046568147734524,0.022815643280855613
74,3.9834837913513184,0.8776535017941907,0.023531150817871094,0.0028615717218527046,64,10,0.0001,500,128,128,0.1,4,3,16,0.0001,"{'model__batch_size': 64, 'model__callbacks__early_stopping__patience': 10, 'model__lr': 0.0001, 'model__max_epochs': 500, 'model__module__d_model': 128, 'model__module__dim_feedforward': 128, 'model__module__dropout': 0.1, 'model__module__nhead': 4, 'model__module__num_layers': 3, 'model__module__patch_size': 16, 'model__optimizer__weight_decay': 0.0001}",0.9222222222222223,0.8299319727891157,0.8423913043478262,0.6964504283965729,0.6666666666666667,0.7915325188844807,0.09567969236898637,250,0.8258467878012824,0.9406214039125431,0.9026759813934327,0.8913969087197433,0.9229832572298327,0.8967048678113668,0.03925280123353814
75,2.254560041427612,0.25655026879792153,0.02165069580078125,0.003163321591043805,64,10,0.0001,500,128,128,0.1,4,3,32,0.0001,"{'model__batch_size': 64, 'model__callbacks__early_stopping__patience': 10, 'model__lr': 0.0001, 'model__max_epochs': 500, 'model__module__d_model': 128, 'model__module__dim_feedforward': 128, 'model__module__dropout': 0.1, 'model__module__nhead': 4, 'model__module__num_layers': 3, 'model__module__patch_size': 32, 'model__optimizer__weight_decay': 0.0001}",0.9794721407624634,0.8731884057971014,0.8878143133462283,0.7110904007455732,0.642478813559322,0.8188088148421377,0.12347236866593654,193,0.8500070751379651,0.8914141414141414,0.8644648699174327,0.8889617747033216,0.9044994715385777,0.8798694665422877,0.019756774783697553
76,3.7060687065124513,1.0531093786428727,0.022106170654296875,0.0019112924274749593,64,10,0.0001,500,128,128,0.25,4,2,16,0.0001,"{'model__batch_size': 64, 'model__callbacks__early_stopping__patience': 10, 'model__lr': 0.0001, 'model__max_epochs': 500, 'model__module__d_model': 128, 'model__module__dim_feedforward': 128, 'model__module__dropout': 0.25, 'model__module__nhead': 4, 'model__module__num_layers': 2, 'model__module__patch_size': 16, 'model__optimizer__weight_decay': 0.0001}",0.9406593406593406,0.8299319727891157,0.8644226273959794,0.6477272727272727,0.642478813559322,0.785044005426206,0.11976038310782615,253,0.8601688527061662,0.9508498613551214,0.8976144511858797,0.877841561423651,0.9235995772308622,0.9020148607803362,0.032266259973908605
77,2.421881628036499,0.2253996105511066,0.020597505569458007,0.0025554178112136934,64,10,0.0001,500,128,128,0.25,4,2,32,0.0001,"{'model__batch_size': 64, 'model__callbacks__early_stopping__patience': 10, 'model__lr': 0.0001, 'model__max_epochs': 500, 'model__module__d_model': 128, 'model__module__dim_feedforward': 128, 'model__module__dropout': 0.25, 'model__module__nhead': 4, 'model__module__num_layers': 2, 'model__module__patch_size': 32, 'model__optimizer__weight_decay': 0.0001}",0.9597186700767264,0.8444444444444444,0.8101916783543712,0.7839721254355401,0.5608899297423888,0.7918433696106941,0.13014384187186692,249,0.8623376623376624,0.9131313131313131,0.8892307692307693,0.9101119128550699,0.9178336039736364,0.8985290523056901,0.020573425435670784
78,4.272750282287598,0.9834723819891804,0.02322859764099121,0.002683226919515519,64,10,0.0001,500,128,128,0.25,4,3,16,0.0001,"{'model__batch_size': 64, 'model__callbacks__early_stopping__patience': 10, 'model__lr': 0.0001, 'model__max_epochs': 500, 'model__module__d_model': 128, 'model__module__dim_feedforward': 128, 'model__module__dropout': 0.25, 'model__module__nhead': 4, 'model__module__num_layers': 3, 'model__module__patch_size': 16, 'model__optimizer__weight_decay': 0.0001}",0.9597186700767264,0.8299319727891157,0.9186535764375876,0.7479674796747967,0.7083333333333333,0.8329210064623119,0.09609978708016949,105,0.8564538957521536,0.9121028873179458,0.916923076923077,0.9149140343862454,0.8976478067387158,0.8996083402236275,0.02261118244165917
79,2.230052375793457,0.13542936016249413,0.021137142181396486,0.0026466152532401348,64,10,0.0001,500,128,128,0.25,4,3,32,0.0001,"{'model__batch_size': 64, 'model__callbacks__early_stopping__patience': 10, 'model__lr': 0.0001, 'model__max_epochs': 500, 'model__module__d_model': 128, 'model__module__dim_feedforward': 128, 'model__module__dropout': 0.25, 'model__module__nhead': 4, 'model__module__num_layers': 3, 'model__module__patch_size': 32, 'model__optimizer__weight_decay': 0.0001}",1.0,0.8704902867715079,0.9186535764375876,0.7785714285714285,0.642478813559322,0.8420388210679691,0.12286850466884053,44,0.8572649096413514,0.8962385961941451,0.8951208390332877,0.8995368437791957,0.9059619387451681,0.8908246254786295,0.01719920961870394
80,3.683054256439209,0.8322781231711669,0.023995590209960938,0.0057222435984631585,64,10,0.0001,500,128,256,0.1,4,2,16,0.0001,"{'model__batch_size': 64, 'model__callbacks__early_stopping__patience': 10, 'model__lr': 0.0001, 'model__max_epochs': 500, 'model__module__d_model': 128, 'model__module__dim_feedforward': 256, 'model__module__dropout': 0.1, 'model__module__nhead': 4, 'model__module__num_layers': 2, 'model__module__patch_size': 16, 'model__optimizer__weight_decay': 0.0001}",1.0,0.8674242424242424,0.8317214700193424,0.7723378212974297,0.625,0.8192967067482029,0.12254032952511046,191,0.8366185770402861,0.9399276083229262,0.9026759813934327,0.9255497800879648,0.9229832572298327,0.9055510408148886,0.03645690788862485
81,1.9933526515960693,0.17648789987529362,0.021257448196411132,0.002911975936150602,64,10,0.0001,500,128,256,0.1,4,2,32,0.0001,"{'model__batch_size': 64, 'model__callbacks__early_stopping__patience': 10, 'model__lr': 0.0001, 'model__max_epochs': 500, 'model__module__d_model': 128, 'model__module__dim_feedforward': 256, 'model__module__dropout': 0.1, 'model__module__nhead': 4, 'model__module__num_layers': 2, 'model__module__patch_size': 32, 'model__optimizer__weight_decay': 0.0001}",0.9794721407624634,0.8414855072463767,0.8546365914786966,0.7631501616220981,0.6822033898305084,0.8241895581880287,0.09922170335062905,171,0.8379029936672424,0.8974369703943927,0.8850848669538127,0.8856048166392994,0.9235995772308622,0.885925844977122,0.027780643122357035
82,4.171336650848389,1.239311434971977,0.023400163650512694,0.0028357522780697313,64,10,0.0001,500,128,256,0.1,4,3,16,0.0001,"{'model__batch_size': 64, 'model__callbacks__early_stopping__patience': 10, 'model__lr': 0.0001, 'model__max_epochs': 500, 'model__module__d_model': 128, 'model__module__dim_feedforward': 256, 'model__module__dropout': 0.1, 'model__module__nhead': 4, 'model__module__num_layers': 3, 'model__module__patch_size': 16, 'model__optimizer__weight_decay': 0.0001}",0.9794721407624634,0.8102981029810298,0.8546365914786966,0.6585067319461444,0.6666666666666667,0.7939160467670003,0.12075968500365566,246,0.8474381116868164,0.9332758620689655,0.9035714285714285,0.8678116365515733,0.9133561643835616,0.893090640652469,0.03117233336496768
83,2.4739704608917235,0.6779567479269316,0.0210418701171875,0.0027812080708902345,64,10,0.0001,500,128,256,0.1,4,3,32,0.0001,"{'model__batch_size': 64, 'model__callbacks__early_stopping__patience': 10, 'model__lr': 0.0001, 'model__max_epochs': 500, 'model__module__d_model': 128, 'model__module__dim_feedforward': 256, 'model__module__dropout': 0.1, 'model__module__nhead': 4, 'model__module__num_layers': 3, 'model__module__patch_size': 32, 'model__optimizer__weight_decay': 0.0001}",1.0,0.9028677150786308,0.8546365914786966,0.6964504283965729,0.7219279661016949,0.8351765402111191,0.11331172515151057,89,0.8601688527061662,0.9355912457352085,0.8677610579115367,0.9006584766584766,0.91404952438472,0.8956458314792215,0.028268835363772185
84,3.6564086437225343,0.8141619197353823,0.022066402435302734,0.003340718746184452,64,10,0.0001,500,128,256,0.25,4,2,16,0.0001,"{'model__batch_size': 64, 'model__callbacks__early_stopping__patience': 10, 'model__lr': 0.0001, 'model__max_epochs': 500, 'model__module__d_model': 128, 'model__module__dim_feedforward': 256, 'model__module__dropout': 0.25, 'model__module__nhead': 4, 'model__module__num_layers': 2, 'model__module__patch_size': 16, 'model__optimizer__weight_decay': 0.0001}",0.9597186700767264,0.768976897689769,0.8644226273959794,0.7416666666666667,0.625,0.7919569723658283,0.11342582393686894,248,0.8488472648990781,0.9171004434162329,0.8850848669538127,0.920686981930944,0.9235995772308622,0.8990638268861859,0.028677509771644485
85,2.1893453121185305,0.13563119338908988,0.020694732666015625,0.0021308525065011617,64,10,0.0001,500,128,256,0.25,4,2,32,0.0001,"{'model__batch_size': 64, 'model__callbacks__early_stopping__patience': 10, 'model__lr': 0.0001, 'model__max_epochs': 500, 'model__module__d_model': 128, 'model__module__dim_feedforward': 256, 'model__module__dropout': 0.25, 'model__module__nhead': 4, 'model__module__num_layers': 2, 'model__module__patch_size': 32, 'model__optimizer__weight_decay': 0.0001}",0.9597186700767264,0.8381128584643849,0.8644226273959794,0.7568627450980392,0.625,0.8088233802070259,0.11243618727179756,226,0.8687561907457195,0.8974369703943927,0.8831593706184764,0.9101119128550699,0.9280882269342277,0.8975105343095773,0.020623111366722322
86,4.4179119110107425,1.6259807699179636,0.02489008903503418,0.004308444701450718,64,10,0.0001,500,128,256,0.25,4,3,16,0.0001,"{'model__batch_size': 64, 'model__callbacks__early_stopping__patience': 10, 'model__lr': 0.0001, 'model__max_epochs': 500, 'model__module__d_model': 128, 'model__module__dim_feedforward': 256, 'model__module__dropout': 0.25, 'model__module__nhead': 4, 'model__module__num_layers': 3, 'model__module__patch_size': 16, 'model__optimizer__weight_decay': 0.0001}",1.0,0.8674242424242424,0.8878143133462283,0.7267117249485748,0.6666666666666667,0.8297233894771425,0.11915446422412732,134,0.8515567120218284,0.9502602660497397,0.8850848669538127,0.8797444717444718,0.918499990525458,0.897029261459062,0.03406968542347177
87,2.3774624347686766,0.2454952350178307,0.021520042419433595,0.0028617509654761003,64,10,0.0001,500,128,256,0.25,4,3,32,0.0001,"{'model__batch_size': 64, 'model__callbacks__early_stopping__patience': 10, 'model__lr': 0.0001, 'model__max_epochs': 500, 'model__module__d_model': 128, 'model__module__dim_feedforward': 256, 'model__module__dropout': 0.25, 'model__module__nhead': 4, 'model__module__num_layers': 3, 'model__module__patch_size': 32, 'model__optimizer__weight_decay': 0.0001}",0.9794721407624634,0.8526315789473684,0.9186535764375876,0.7839721254355401,0.625,0.8319458843165919,0.12234230564526212,110,0.8641025641025641,0.9024357691024358,0.8789988968560397,0.8960043787629994,0.9229832572298327,0.8929049732107742,0.02014002623959181
88,3.63483247756958,0.9370092631460649,0.02274975776672363,0.0026216654509985684,64,10,0.0001,500,128,384,0.1,4,2,16,0.0001,"{'model__batch_size': 64, 'model__callbacks__early_stopping__patience': 10, 'model__lr': 0.0001, 'model__max_epochs': 500, 'model__module__d_model': 128, 'model__module__dim_feedforward': 384, 'model__module__dropout': 0.1, 'model__module__nhead': 4, 'model__module__num_layers': 2, 'model__module__patch_size': 16, 'model__optimizer__weight_decay': 0.0001}",1.0,0.781826900023975,0.8878143133462283,0.6868686868686869,0.642478813559322,0.7997977427596424,0.1308839400688609,239,0.8598880563000237,0.9281537176274017,0.8909898391763676,0.8816343042071197,0.91404952438472,0.8949430883391265,0.024040004082218156
89,2.134477233886719,0.4396376513450457,0.020705223083496094,0.002462159865819202,64,10,0.0001,500,128,384,0.1,4,2,32,0.0001,"{'model__batch_size': 64, 'model__callbacks__early_stopping__patience': 10, 'model__lr': 0.0001, 'model__max_epochs': 500, 'model__module__d_model': 128, 'model__module__dim_feedforward': 384, 'model__module__dropout': 0.1, 'model__module__nhead': 4, 'model__module__num_layers': 2, 'model__module__patch_size': 32, 'model__optimizer__weight_decay': 0.0001}",0.9794721407624634,0.834280303030303,0.8546365914786966,0.7995885982956215,0.6543778801843317,0.8244711027502832,0.10448190493670897,167,0.8601688527061662,0.9199404207782536,0.8626559956592512,0.9064039408866995,0.9247695509961344,0.8947877522053009,0.0279192364359145
90,3.5560330390930175,0.5233208864100038,0.02479829788208008,0.002666783283266519,64,10,0.0001,500,128,384,0.1,4,3,16,0.0001,"{'model__batch_size': 64, 'model__callbacks__early_stopping__patience': 10, 'model__lr': 0.0001, 'model__max_epochs': 500, 'model__module__d_model': 128, 'model__module__dim_feedforward': 384, 'model__module__dropout': 0.1, 'model__module__nhead': 4, 'model__module__num_layers': 3, 'model__module__patch_size': 16, 'model__optimizer__weight_decay': 0.0001}",1.0,0.8674242424242424,0.8423913043478262,0.7110904007455732,0.6366486178398404,0.8115109130714965,0.12670369879787455,219,0.8002087803746447,0.8805555555555555,0.9034712882412026,0.8797444717444718,0.91404952438472,0.875605924060119,0.039951832577909144
91,2.5631908893585207,0.7004384726401842,0.02282881736755371,0.0032404122655807473,64,10,0.0001,500,128,384,0.1,4,3,32,0.0001,"{'model__batch_size': 64, 'model__callbacks__early_stopping__patience': 10, 'model__lr': 0.0001, 'model__max_epochs': 500, 'model__module__d_model': 128, 'model__module__dim_feedforward': 384, 'model__module__dropout': 0.1, 'model__module__nhead': 4, 'model__module__num_layers': 3, 'model__module__patch_size': 32, 'model__optimizer__weight_decay': 0.0001}",0.9794721407624634,0.8612029081295439,0.9186535764375876,0.7110904007455732,0.6793958392704474,0.8299629730691231,0.11661569201780937,131,0.8405622709620959,0.9617721143873166,0.8877450898870799,0.8849552054371331,0.9029312461632903,0.8955931853673832,0.039081091444370455
92,3.8783894062042235,1.7412162675480674,0.022652912139892577,0.0023503302241174623,64,10,0.0001,500,128,384,0.25,4,2,16,0.0001,"{'model__batch_size': 64, 'model__callbacks__early_stopping__patience': 10, 'model__lr': 0.0001, 'model__max_epochs': 500, 'model__module__d_model': 128, 'model__module__dim_feedforward': 384, 'model__module__dropout': 0.25, 'model__module__nhead': 4, 'model__module__num_layers': 2, 'model__module__patch_size': 16, 'model__optimizer__weight_decay': 0.0001}",0.9597186700767264,0.8526315789473684,0.8423913043478262,0.7267117249485748,0.625,0.8012906556640992,0.11494781568840555,236,0.8653259764774213,0.9946626947185502,0.9026759813934327,0.901740060270244,0.9126381215469613,0.915408566881322,0.04276939282790619
93,2.0181331634521484,0.39661078330941074,0.021743965148925782,0.0028935505552373304,64,10,0.0001,500,128,384,0.25,4,2,32,0.0001,"{'model__batch_size': 64, 'model__callbacks__early_stopping__patience': 10, 'model__lr': 0.0001, 'model__max_epochs': 500, 'model__module__d_model': 128, 'model__module__dim_feedforward': 384, 'model__module__dropout': 0.25, 'model__module__nhead': 4, 'model__module__num_layers': 2, 'model__module__patch_size': 32, 'model__optimizer__weight_decay': 0.0001}",1.0,0.8414855072463767,0.8546365914786966,0.7995885982956215,0.625,0.8241421394041388,0.12034713059829648,172,0.8581977739726028,0.9239898989898989,0.8707692307692307,0.901740060270244,0.9103255293349501,0.8930044986673854,0.024667137635046247
94,4.135288858413697,1.4199151785492303,0.026417112350463866,0.003490407204780463,64,10,0.0001,500,128,384,0.25,4,3,16,0.0001,"{'model__batch_size': 64, 'model__callbacks__early_stopping__patience': 10, 'model__lr': 0.0001, 'model__max_epochs': 500, 'model__module__d_model': 128, 'model__module__dim_feedforward': 384, 'model__module__dropout': 0.25, 'model__module__nhead': 4, 'model__module__num_layers': 3, 'model__module__patch_size': 16, 'model__optimizer__weight_decay': 0.0001}",1.0,0.8853801169590643,0.8546365914786966,0.7267117249485748,0.6543778801843317,0.8242212627141334,0.1215882779733641,169,0.8641025641025641,0.9298252955330055,0.8906131651723591,0.8856048166392994,0.9126381215469613,0.8965567925988379,0.02268899230865012
95,2.2623650550842287,0.31972015565927264,0.021315479278564455,0.0029460829919990637,64,10,0.0001,500,128,384,0.25,4,3,32,0.0001,"{'model__batch_size': 64, 'model__callbacks__early_stopping__patience': 10, 'model__lr': 0.0001, 'model__max_epochs': 500, 'model__module__d_model': 128, 'model__module__dim_feedforward': 384, 'model__module__dropout': 0.25, 'model__module__nhead': 4, 'model__module__num_layers': 3, 'model__module__patch_size': 32, 'model__optimizer__weight_decay': 0.0001}",0.9794721407624634,0.8878975062914665,0.9439071566731141,0.7631501616220981,0.6543778801843317,0.8457609691066947,0.1206141546950664,25,0.8581977739726028,0.8887931034482759,0.8579545454545454,0.8889617747033216,0.9191434963247044,0.8826101387806901,0.02287846315730335
96,2.3254971504211426,0.230310697577621,0.021256637573242188,0.002594141414262287,64,10,0.0002,500,96,128,0.1,4,2,16,0.0001,"{'model__batch_size': 64, 'model__callbacks__early_stopping__patience': 10, 'model__lr': 0.0002, 'model__max_epochs': 500, 'model__module__d_model': 96, 'model__module__dim_feedforward': 128, 'model__module__dropout': 0.1, 'model__module__nhead': 4, 'model__module__num_layers': 2, 'model__module__patch_size': 16, 'model__optimizer__weight_decay': 0.0001}",0.9581117021276595,0.8153919923279789,0.8317214700193424,0.7568627450980392,0.6822033898305084,0.8088582598807056,0.09119977601403156,225,0.853039041703638,0.9239898989898989,0.886887306242145,0.9139174963354971,0.9118944435845844,0.8979456373711528,0.02556115043822132
97,1.8732744216918946,0.10590691489859812,0.020029592514038085,0.0025326217082474694,64,10,0.0002,500,96,128,0.1,4,2,32,0.0001,"{'model__batch_size': 64, 'model__callbacks__early_stopping__patience': 10, 'model__lr': 0.0002, 'model__max_epochs': 500, 'model__module__d_model': 96, 'model__module__dim_feedforward': 128, 'model__module__dropout': 0.1, 'model__module__nhead': 4, 'model__module__num_layers': 2, 'model__module__patch_size': 32, 'model__optimizer__weight_decay': 0.0001}",1.0,0.8238389384580187,0.894927536231884,0.8397932816537468,0.6366486178398404,0.8390416748366981,0.11851198215370251,66,0.8718316166592028,0.9060471692050639,0.911201121670042,0.932029484029484,0.9422374429223744,0.9126693668972334,0.024342622480037338
98,3.007263660430908,0.832310123162961,0.023633384704589845,0.0033049330795020346,64,10,0.0002,500,96,128,0.1,4,3,16,0.0001,"{'model__batch_size': 64, 'model__callbacks__early_stopping__patience': 10, 'model__lr': 0.0002, 'model__max_epochs': 500, 'model__module__d_model': 96, 'model__module__dim_feedforward': 128, 'model__module__dropout': 0.1, 'model__module__nhead': 4, 'model__module__num_layers': 3, 'model__module__patch_size': 16, 'model__optimizer__weight_decay': 0.0001}",1.0,0.8102981029810298,0.8725274725274725,0.7110904007455732,0.642478813559322,0.8072789579626795,0.12475512820592227,230,0.870710684664173,0.9121028873179458,0.8885752488486109,0.901740060270244,0.9081669691470053,0.896259170049596,0.01506404304525569
99,2.1018027782440187,0.10214711529919422,0.02108736038208008,0.0027868042579670318,64,10,0.0002,500,96,128,0.1,4,3,32,0.0001,"{'model__batch_size': 64, 'model__callbacks__early_stopping__patience': 10, 'model__lr': 0.0002, 'model__max_epochs': 500, 'model__module__d_model': 96, 'model__module__dim_feedforward': 128, 'model__module__dropout': 0.1, 'model__module__nhead': 4, 'model__module__num_layers': 3, 'model__module__patch_size': 32, 'model__optimizer__weight_decay': 0.0001}",1.0,0.9028677150786308,0.8878143133462283,0.7995885982956215,0.6950393060449986,0.8570619865530957,0.10298513039649686,4,0.8379318177846896,0.8938446346280449,0.911201121670042,0.9263915243516762,0.91404952438472,0.8966837245638345,0.031159994134279632
100,2.3573755264282226,0.42333932330268703,0.02197604179382324,0.0035105186171874208,64,10,0.0002,500,96,128,0.25,4,2,16,0.0001,"{'model__batch_size': 64, 'model__callbacks__early_stopping__patience': 10, 'model__lr': 0.0002, 'model__max_epochs': 500, 'model__module__d_model': 96, 'model__module__dim_feedforward': 128, 'model__module__dropout': 0.25, 'model__module__nhead': 4, 'model__module__num_layers': 2, 'model__module__patch_size': 16, 'model__optimizer__weight_decay': 0.0001}",0.9794721407624634,0.8674242424242424,0.8644226273959794,0.7568627450980392,0.6459627329192547,0.8228288977199959,0.11303898641758704,177,0.8540878492389123,0.9230900264032025,0.8951208390332877,0.9027833881547309,0.8957677902621723,0.894169978618461,0.022452591034833273
101,1.7584773540496825,0.13059488495901864,0.020270490646362306,0.0022084162375879644,64,10,0.0002,500,96,128,0.25,4,2,32,0.0001,"{'model__batch_size': 64, 'model__callbacks__early_stopping__patience': 10, 'model__lr': 0.0002, 'model__max_epochs': 500, 'model__module__d_model': 96, 'model__module__dim_feedforward': 128, 'model__module__dropout': 0.25, 'model__module__nhead': 4, 'model__module__num_layers': 2, 'model__module__patch_size': 32, 'model__optimizer__weight_decay': 0.0001}",0.9794721407624634,0.7959183673469388,0.8317214700193424,0.7685902957220787,0.5939013964092335,0.7939207340520114,0.12370252806448424,245,0.8908195253022839,0.8810250554469795,0.8892307692307693,0.9027833881547309,0.9268912905276542,0.8981500057324835,0.01596297171418865
102,2.8330643653869627,0.4059039629385211,0.02263669967651367,0.0031335597544162744,64,10,0.0002,500,96,128,0.25,4,3,16,0.0001,"{'model__batch_size': 64, 'model__callbacks__early_stopping__patience': 10, 'model__lr': 0.0002, 'model__max_epochs': 500, 'model__module__d_model': 96, 'model__module__dim_feedforward': 128, 'model__module__dropout': 0.25, 'model__module__nhead': 4, 'model__module__num_layers': 3, 'model__module__patch_size': 16, 'model__optimizer__weight_decay': 0.0001}",1.0,0.8489570846319827,0.9439071566731141,0.6964504283965729,0.6822033898305084,0.8343036119064356,0.1279225797699085,94,0.841191594656769,0.8937005312804944,0.911201121670042,0.8936627895909082,0.8957677902621723,0.8871047654920773,0.02387556676517366
103,2.315998601913452,0.0842416489114186,0.021416521072387694,0.0020482442947963512,64,10,0.0002,500,96,128,0.25,4,3,32,0.0001,"{'model__batch_size': 64, 'model__callbacks__early_stopping__patience': 10, 'model__lr': 0.0002, 'model__max_epochs': 500, 'model__module__d_model': 96, 'model__module__dim_feedforward': 128, 'model__module__dropout': 0.25, 'model__module__nhead': 4, 'model__module__num_layers': 3, 'model__module__patch_size': 32, 'model__optimizer__weight_decay': 0.0001}",0.9794721407624634,0.9199267902081903,0.8423913043478262,0.7960526315789473,0.6366486178398404,0.8348982969474535,0.11747298168151996,91,0.8732518318697506,0.8772419785266554,0.8959363217427734,0.9139174963354971,0.905243445692884,0.8931182148335122,0.015711786100109003
104,2.565332841873169,0.6861933846679291,0.02118678092956543,0.0023401643476848987,64,10,0.0002,500,96,256,0.1,4,2,16,0.0001,"{'model__batch_size': 64, 'model__callbacks__early_stopping__patience': 10, 'model__lr': 0.0002, 'model__max_epochs': 500, 'model__module__d_model': 96, 'model__module__dim_feedforward': 256, 'model__module__dropout': 0.1, 'model__module__nhead': 4, 'model__module__num_layers': 2, 'model__module__patch_size': 16, 'model__optimizer__weight_decay': 0.0001}",0.9794721407624634,0.8853801169590643,0.8644226273959794,0.7631501616220981,0.6366486178398404,0.8258147329158891,0.11692721759019557,158,0.870710684664173,0.945064304573716,0.8696911196911197,0.8797444717444718,0.9111241217798595,0.8952669404906679,0.029083696511349594
105,1.7934873580932618,0.14795077915725371,0.020877885818481445,0.0021920040707562754,64,10,0.0002,500,96,256,0.1,4,2,32,0.0001,"{'model__batch_size': 64, 'model__callbacks__early_stopping__patience': 10, 'model__lr': 0.0002, 'model__max_epochs': 500, 'model__module__d_model': 96, 'model__module__dim_feedforward': 256, 'model__module__dropout': 0.1, 'model__module__nhead': 4, 'model__module__num_layers': 2, 'model__module__patch_size': 32, 'model__optimizer__weight_decay': 0.0001}",1.0,0.834280303030303,0.8423913043478262,0.7785714285714285,0.648711943793911,0.8207909959486936,0.11327673540630714,186,0.8611336983430007,0.9131313131313131,0.9261538461538461,0.8948450347881087,0.9037290715372908,0.8997985927907118,0.02194229374623715
106,3.2027819633483885,1.1862420348341125,0.023740291595458984,0.0037636479148724336,64,10,0.0002,500,96,256,0.1,4,3,16,0.0001,"{'model__batch_size': 64, 'model__callbacks__early_stopping__patience': 10, 'model__lr': 0.0002, 'model__max_epochs': 500, 'model__module__d_model': 96, 'model__module__dim_feedforward': 256, 'model__module__dropout': 0.1, 'model__module__nhead': 4, 'model__module__num_layers': 3, 'model__module__patch_size': 16, 'model__optimizer__weight_decay': 0.0001}",1.0,0.8674242424242424,0.8644226273959794,0.7568627450980392,0.6950393060449986,0.836749784192652,0.10471020984798375,79,0.8343781367777126,0.9290053552907309,0.8637372989704596,0.8868347772277227,0.9133561643835616,0.8854623465300374,0.03393380741940051
107,1.997568130493164,0.12515224450096066,0.02149648666381836,0.003053004287434972,64,10,0.0002,500,96,256,0.1,4,3,32,0.0001,"{'model__batch_size': 64, 'model__callbacks__early_stopping__patience': 10, 'model__lr': 0.0002, 'model__max_epochs': 500, 'model__module__d_model': 96, 'model__module__dim_feedforward': 256, 'model__module__dropout': 0.1, 'model__module__nhead': 4, 'model__module__num_layers': 3, 'model__module__patch_size': 32, 'model__optimizer__weight_decay': 0.0001}",0.9597186700767264,0.8558682223747426,0.894927536231884,0.8199767711962833,0.6793958392704474,0.8419774078300166,0.0935697281277638,45,0.8635015363847889,0.9199404207782536,0.9084373304395008,0.9149140343862454,0.9229832572298327,0.9059553158437244,0.021791174234557543
108,2.579462766647339,0.6368345874411931,0.022446584701538087,0.0026386047444521116,64,10,0.0002,500,96,256,0.25,4,2,16,0.0001,"{'model__batch_size': 64, 'model__callbacks__early_stopping__patience': 10, 'model__lr': 0.0002, 'model__max_epochs': 500, 'model__module__d_model': 96, 'model__module__dim_feedforward': 256, 'model__module__dropout': 0.25, 'model__module__nhead': 4, 'model__module__num_layers': 2, 'model__module__patch_size': 16, 'model__optimizer__weight_decay': 0.0001}",0.9794721407624634,0.8674242424242424,0.8423913043478262,0.7416666666666667,0.613716454323665,0.8089341617049726,0.12349780678321902,224,0.8665083477259643,0.945064304573716,0.8597402597402597,0.8723710515793682,0.9081669691470053,0.8903701865532627,0.03206156778862374
109,1.9305478572845458,0.20359112257170742,0.02046494483947754,0.002459087307731079,64,10,0.0002,500,96,256,0.25,4,2,32,0.0001,"{'model__batch_size': 64, 'model__callbacks__early_stopping__patience': 10, 'model__lr': 0.0002, 'model__max_epochs': 500, 'model__module__d_model': 96, 'model__module__dim_feedforward': 256, 'model__module__dropout': 0.25, 'model__module__nhead': 4, 'model__module__num_layers': 2, 'model__module__patch_size': 32, 'model__optimizer__weight_decay': 0.0001}",1.0,0.8878975062914665,0.894927536231884,0.7631501616220981,0.6366486178398404,0.8365247643970578,0.12498680035757627,80,0.8392908105022832,0.9190291871534679,0.8738121202679545,0.9031553398058252,0.8949494186924354,0.8860473752843934,0.02755215620096991
110,3.2448192596435548,1.0409108087019032,0.024073314666748048,0.0038610304378610787,64,10,0.0002,500,96,256,0.25,4,3,16,0.0001,"{'model__batch_size': 64, 'model__callbacks__early_stopping__patience': 10, 'model__lr': 0.0002, 'model__max_epochs': 500, 'model__module__d_model': 96, 'model__module__dim_feedforward': 256, 'model__module__dropout': 0.25, 'model__module__nhead': 4, 'model__module__num_layers': 3, 'model__module__patch_size': 16, 'model__optimizer__weight_decay': 0.0001}",1.0,0.8299319727891157,0.894927536231884,0.7110904007455732,0.6950393060449986,0.8261978431623144,0.11436537003255501,154,0.8474211103062722,0.9121028873179458,0.8647836538461539,0.8723710515793682,0.918499990525458,0.8830357387150396,0.027632908622993498
111,2.0527865409851076,0.1325773941144083,0.021776151657104493,0.002563447382667201,64,10,0.0002,500,96,256,0.25,4,3,32,0.0001,"{'model__batch_size': 64, 'model__callbacks__early_stopping__patience': 10, 'model__lr': 0.0002, 'model__max_epochs': 500, 'model__module__d_model': 96, 'model__module__dim_feedforward': 256, 'model__module__dropout': 0.25, 'model__module__nhead': 4, 'model__module__num_layers': 3, 'model__module__patch_size': 32, 'model__optimizer__weight_decay': 0.0001}",0.9406593406593406,0.8878975062914665,0.894927536231884,0.8041917886879126,0.6950393060449986,0.8445430955831205,0.08675959936435738,28,0.8564538957521536,0.9190291871534679,0.9076923076923077,0.9263915243516762,0.91404952438472,0.904723287866865,0.024899394403056215
112,2.5107938289642333,0.5422132497132568,0.0230377197265625,0.002994845749531208,64,10,0.0002,500,96,384,0.1,4,2,16,0.0001,"{'model__batch_size': 64, 'model__callbacks__early_stopping__patience': 10, 'model__lr': 0.0002, 'model__max_epochs': 500, 'model__module__d_model': 96, 'model__module__dim_feedforward': 384, 'model__module__dropout': 0.1, 'model__module__nhead': 4, 'model__module__num_layers': 2, 'model__module__patch_size': 16, 'model__optimizer__weight_decay': 0.0001}",0.9222222222222223,0.9048913043478262,0.9439071566731141,0.6868686868686869,0.657707910750507,0.8231194561724713,0.12411519929461788,175,0.8698245614035087,0.9141216609802779,0.8677610579115367,0.8430423016664292,0.9073956346683619,0.8804290433260229,0.026582290632104273
113,1.8048886775970459,0.15042892691656912,0.021146440505981447,0.003028574284752252,64,10,0.0002,500,96,384,0.1,4,2,32,0.0001,"{'model__batch_size': 64, 'model__callbacks__early_stopping__patience': 10, 'model__lr': 0.0002, 'model__max_epochs': 500, 'model__module__d_model': 96, 'model__module__dim_feedforward': 384, 'model__module__dropout': 0.1, 'model__module__nhead': 4, 'model__module__num_layers': 2, 'model__module__patch_size': 32, 'model__optimizer__weight_decay': 0.0001}",1.0,0.8414855072463767,0.894927536231884,0.7534090909090909,0.6666666666666667,0.8312977602108036,0.11470224589185263,118,0.8749455495861769,0.88531634316195,0.8877450898870799,0.9168035030103996,0.9241947565543072,0.8978010484399827,0.01916812512416523
114,2.6939245223999024,0.578396791799767,0.024107074737548827,0.002578888756658385,64,10,0.0002,500,96,384,0.1,4,3,16,0.0001,"{'model__batch_size': 64, 'model__callbacks__early_stopping__patience': 10, 'model__lr': 0.0002, 'model__max_epochs': 500, 'model__module__d_model': 96, 'model__module__dim_feedforward': 384, 'model__module__dropout': 0.1, 'model__module__nhead': 4, 'model__module__num_layers': 3, 'model__module__patch_size': 16, 'model__optimizer__weight_decay': 0.0001}",1.0,0.8489570846319827,0.9186535764375876,0.7723378212974297,0.6543778801843317,0.8388652725102663,0.11907469774119858,67,0.822552564617651,0.8901286091474321,0.8728214790390956,0.877841561423651,0.9229832572298327,0.8772654942915323,0.032462776745935874
115,2.06201057434082,0.08164300792726116,0.02256021499633789,0.0028474036170253723,64,10,0.0002,500,96,384,0.1,4,3,32,0.0001,"{'model__batch_size': 64, 'model__callbacks__early_stopping__patience': 10, 'model__lr': 0.0002, 'model__max_epochs': 500, 'model__module__d_model': 96, 'model__module__dim_feedforward': 384, 'model__module__dropout': 0.1, 'model__module__nhead': 4, 'model__module__num_layers': 3, 'model__module__patch_size': 32, 'model__optimizer__weight_decay': 0.0001}",0.9597186700767264,0.834280303030303,0.894927536231884,0.7995885982956215,0.6666666666666667,0.8310363548602403,0.0986489739389818,122,0.864626820976237,0.8974369703943927,0.8756578947368421,0.9019896831245394,0.918499990525458,0.8916422719514939,0.019221443241147374
116,2.4137359142303465,0.2945238158430862,0.02207608222961426,0.002289460004830616,64,10,0.0002,500,96,384,0.25,4,2,16,0.0001,"{'model__batch_size': 64, 'model__callbacks__early_stopping__patience': 10, 'model__lr': 0.0002, 'model__max_epochs': 500, 'model__module__d_model': 96, 'model__module__dim_feedforward': 384, 'model__module__dropout': 0.25, 'model__module__nhead': 4, 'model__module__num_layers': 2, 'model__module__patch_size': 16, 'model__optimizer__weight_decay': 0.0001}",1.0,0.834280303030303,0.8317214700193424,0.7194570135746606,0.6822033898305084,0.813532435290963,0.111021593252171,213,0.8792138416379515,0.9060471692050639,0.8828125,0.8982013011863759,0.8967647916059458,0.8926079207270675,0.01004520285494849
117,1.791066551208496,0.11459629709627236,0.020973396301269532,0.0027811066022368457,64,10,0.0002,500,96,384,0.25,4,2,32,0.0001,"{'model__batch_size': 64, 'model__callbacks__early_stopping__patience': 10, 'model__lr': 0.0002, 'model__max_epochs': 500, 'model__module__d_model': 96, 'model__module__dim_feedforward': 384, 'model__module__dropout': 0.25, 'model__module__nhead': 4, 'model__module__num_layers': 2, 'model__module__patch_size': 32, 'model__optimizer__weight_decay': 0.0001}",1.0,0.8878975062914665,0.894927536231884,0.7534090909090909,0.6366486178398404,0.8345765502544564,0.1261855035044606,92,0.8446741620930356,0.8785882352941177,0.8716793130008686,0.8925500605920711,0.8897352812991492,0.8754454104558483,0.017133009244211364
118,2.8869394779205324,0.44591385189086497,0.023615407943725585,0.0029842421844820835,64,10,0.0002,500,96,384,0.25,4,3,16,0.0001,"{'model__batch_size': 64, 'model__callbacks__early_stopping__patience': 10, 'model__lr': 0.0002, 'model__max_epochs': 500, 'model__module__d_model': 96, 'model__module__dim_feedforward': 384, 'model__module__dropout': 0.25, 'model__module__nhead': 4, 'model__module__num_layers': 3, 'model__module__patch_size': 16, 'model__optimizer__weight_decay': 0.0001}",1.0,0.8674242424242424,0.9186535764375876,0.6725691208449829,0.6950393060449986,0.8307372491503623,0.1274018708488947,124,0.8207001875157068,0.8901286091474321,0.8728214790390956,0.8960043787629994,0.9029312461632903,0.8765171801257049,0.029637542630680296
119,1.9399535179138183,0.19512083697071472,0.022217178344726564,0.0024413788950400877,64,10,0.0002,500,96,384,0.25,4,3,32,0.0001,"{'model__batch_size': 64, 'model__callbacks__early_stopping__patience': 10, 'model__lr': 0.0002, 'model__max_epochs': 500, 'model__module__d_model': 96, 'model__module__dim_feedforward': 384, 'model__module__dropout': 0.25, 'model__module__nhead': 4, 'model__module__num_layers': 3, 'model__module__patch_size': 32, 'model__optimizer__weight_decay': 0.0001}",0.9794721407624634,0.8526315789473684,0.894927536231884,0.7785714285714285,0.7357007319056655,0.848260683283762,0.08595310505533675,17,0.8443976236529428,0.9092658102153541,0.8796612687564997,0.9188149836205668,0.9191434963247044,0.8942566365140134,0.028798227106880854
120,2.1171270847320556,0.44358336015782934,0.02177009582519531,0.0028090732631902604,64,10,0.0002,500,128,128,0.1,4,2,16,0.0001,"{'model__batch_size': 64, 'model__callbacks__early_stopping__patience': 10, 'model__lr': 0.0002, 'model__max_epochs': 500, 'model__module__d_model': 128, 'model__module__dim_feedforward': 128, 'model__module__dropout': 0.1, 'model__module__nhead': 4, 'model__module__num_layers': 2, 'model__module__patch_size': 16, 'model__optimizer__weight_decay': 0.0001}",0.9794721407624634,0.8526315789473684,0.8644226273959794,0.7785714285714285,0.6048009367681498,0.815979742489078,0.12362500106607138,203,0.8471153846153847,0.8985911996524545,0.8697843042690127,0.912879718332924,0.9081669691470053,0.8873075152033563,0.025055323622431906
121,1.5245080947875977,0.20618841472498017,0.020553159713745116,0.0029018239504703513,64,10,0.0002,500,128,128,0.1,4,2,32,0.0001,"{'model__batch_size': 64, 'model__callbacks__early_stopping__patience': 10, 'model__lr': 0.0002, 'model__max_epochs': 500, 'model__module__d_model': 128, 'model__module__dim_feedforward': 128, 'model__module__dropout': 0.1, 'model__module__nhead': 4, 'model__module__num_layers': 2, 'model__module__patch_size': 32, 'model__optimizer__weight_decay': 0.0001}",0.9597186700767264,0.8381128584643849,0.7964912280701755,0.7685902957220787,0.5608899297423888,0.7847605964151507,0.1295947168253217,254,0.8529721249689108,0.9281537176274017,0.8737980769230769,0.8971225247524752,0.9229832572298327,0.8950059403003395,0.02864472179786745
122,2.766177797317505,0.5616716966606905,0.023213291168212892,0.002991518749747983,64,10,0.0002,500,128,128,0.1,4,3,16,0.0001,"{'model__batch_size': 64, 'model__callbacks__early_stopping__patience': 10, 'model__lr': 0.0002, 'model__max_epochs': 500, 'model__module__d_model': 128, 'model__module__dim_feedforward': 128, 'model__module__dropout': 0.1, 'model__module__nhead': 4, 'model__module__num_layers': 3, 'model__module__patch_size': 16, 'model__optimizer__weight_decay': 0.0001}",0.9406593406593406,0.8102981029810298,0.8644226273959794,0.6964504283965729,0.6666666666666667,0.7956994332199179,0.10241991324367625,243,0.8671087089764307,0.9160793668003904,0.88,0.8797444717444718,0.8949494186924354,0.8875763932427457,0.01675976034470046
123,1.7600043296813965,0.21618309641079558,0.020840024948120116,0.003086375700279272,64,10,0.0002,500,128,128,0.1,4,3,32,0.0001,"{'model__batch_size': 64, 'model__callbacks__early_stopping__patience': 10, 'model__lr': 0.0002, 'model__max_epochs': 500, 'model__module__d_model': 128, 'model__module__dim_feedforward': 128, 'model__module__dropout': 0.1, 'model__module__nhead': 4, 'model__module__num_layers': 3, 'model__module__patch_size': 32, 'model__optimizer__weight_decay': 0.0001}",0.9794721407624634,0.8731884057971014,0.8878143133462283,0.8041917886879126,0.6926229508196722,0.8474579198826756,0.09546127661683412,21,0.8698245614035087,0.9099240638910709,0.8748691189344135,0.8960043787629994,0.9178336039736364,0.8936911453931258,0.01884462527747373
124,2.1528727531433107,0.31592456048645295,0.021486234664916993,0.0022820860596277394,64,10,0.0002,500,128,128,0.25,4,2,16,0.0001,"{'model__batch_size': 64, 'model__callbacks__early_stopping__patience': 10, 'model__lr': 0.0002, 'model__max_epochs': 500, 'model__module__d_model': 128, 'model__module__dim_feedforward': 128, 'model__module__dropout': 0.25, 'model__module__nhead': 4, 'model__module__num_layers': 2, 'model__module__patch_size': 16, 'model__optimizer__weight_decay': 0.0001}",0.9794721407624634,0.8299319727891157,0.8878143133462283,0.7886363636363636,0.6666666666666667,0.8305042914401675,0.1039921890924782,126,0.8569732297063903,0.8839406207827261,0.8821475338280227,0.915876027830487,0.9229832572298327,0.8923841338754916,0.024158594576670838
125,1.5419284343719482,0.14874329747133058,0.020604705810546874,0.00314595975608027,64,10,0.0002,500,128,128,0.25,4,2,32,0.0001,"{'model__batch_size': 64, 'model__callbacks__early_stopping__patience': 10, 'model__lr': 0.0002, 'model__max_epochs': 500, 'model__module__d_model': 128, 'model__module__dim_feedforward': 128, 'model__module__dropout': 0.25, 'model__module__nhead': 4, 'model__module__num_layers': 2, 'model__module__patch_size': 32, 'model__optimizer__weight_decay': 0.0001}",0.9581117021276595,0.8133333333333334,0.7756286266924565,0.7110904007455732,0.5416666666666666,0.7599661459131377,0.13594008426496743,259,0.870710684664173,0.9281537176274017,0.8819056591077317,0.8572365674756992,0.918499990525458,0.8913013238800926,0.027460979446909155
126,2.7850858688354494,0.6299037642382068,0.023936367034912108,0.0038547901029422687,64,10,0.0002,500,128,128,0.25,4,3,16,0.0001,"{'model__batch_size': 64, 'model__callbacks__early_stopping__patience': 10, 'model__lr': 0.0002, 'model__max_epochs': 500, 'model__module__d_model': 128, 'model__module__dim_feedforward': 128, 'model__module__dropout': 0.25, 'model__module__nhead': 4, 'model__module__num_layers': 3, 'model__module__patch_size': 16, 'model__optimizer__weight_decay': 0.0001}",0.9406593406593406,0.8299319727891157,0.8423913043478262,0.5664335664335665,0.6822033898305084,0.7723239148120715,0.13196778970172823,255,0.853039041703638,0.9230900264032025,0.8768809849521204,0.8555830367376485,0.909630966480552,0.8836448112554323,0.02828826939437529
127,1.7678961277008056,0.17918656897521684,0.021645402908325194,0.003522139419581204,64,10,0.0002,500,128,128,0.25,4,3,32,0.0001,"{'model__batch_size': 64, 'model__callbacks__early_stopping__patience': 10, 'model__lr': 0.0002, 'model__max_epochs': 500, 'model__module__d_model': 128, 'model__module__dim_feedforward': 128, 'model__module__dropout': 0.25, 'model__module__nhead': 4, 'model__module__num_layers': 3, 'model__module__patch_size': 32, 'model__optimizer__weight_decay': 0.0001}",0.9597186700767264,0.8755555555555555,0.8791666666666667,0.7631501616220981,0.7083333333333333,0.8371848774508759,0.08981444145411123,76,0.841743804120633,0.8974369703943927,0.8603833425261996,0.8889617747033216,0.9089117541166885,0.8794875291722469,0.024768074250253257
128,2.22959361076355,0.3361212648750148,0.022562599182128905,0.002343612976130889,64,10,0.0002,500,128,256,0.1,4,2,16,0.0001,"{'model__batch_size': 64, 'model__callbacks__early_stopping__patience': 10, 'model__lr': 0.0002, 'model__max_epochs': 500, 'model__module__d_model': 128, 'model__module__dim_feedforward': 256, 'model__module__dropout': 0.1, 'model__module__nhead': 4, 'model__module__num_layers': 2, 'model__module__patch_size': 16, 'model__optimizer__weight_decay': 0.0001}",1.0,0.8526315789473684,0.8215384615384616,0.6725691208449829,0.6366486178398404,0.7966775558341307,0.1312258345506824,241,0.8573076923076923,0.8926520762253474,0.9218577095285926,0.877841561423651,0.9021049373162049,0.8903527953602977,0.021837898068150306
129,1.5819722652435302,0.2754724110297617,0.02138214111328125,0.0029217532048002146,64,10,0.0002,500,128,256,0.1,4,2,32,0.0001,"{'model__batch_size': 64, 'model__callbacks__early_stopping__patience': 10, 'model__lr': 0.0002, 'model__max_epochs': 500, 'model__module__d_model': 128, 'model__module__dim_feedforward': 256, 'model__module__dropout': 0.1, 'model__module__nhead': 4, 'model__module__num_layers': 2, 'model__module__patch_size': 32, 'model__optimizer__weight_decay': 0.0001}",0.9794721407624634,0.8612029081295439,0.9709273182957393,0.8238636363636364,0.6031746031746031,0.8477281213451973,0.13644928402407197,20,0.8552907396642533,0.9514175122920807,0.896738752520687,0.915876027830487,0.9280882269342277,0.9094822518483472,0.03238748374481361
130,2.566908836364746,0.4028634044820082,0.024142980575561523,0.0033371397262858746,64,10,0.0002,500,128,256,0.1,4,3,16,0.0001,"{'model__batch_size': 64, 'model__callbacks__early_stopping__patience': 10, 'model__lr': 0.0002, 'model__max_epochs': 500, 'model__module__d_model': 128, 'model__module__dim_feedforward': 256, 'model__module__dropout': 0.1, 'model__module__nhead': 4, 'model__module__num_layers': 3, 'model__module__patch_size': 16, 'model__optimizer__weight_decay': 0.0001}",1.0,0.8853801169590643,0.8644226273959794,0.7343941248470012,0.7083333333333333,0.8385060405070757,0.10652076994394155,71,0.8284985533729252,0.8949938949938949,0.8725814063237376,0.8948450347881087,0.9089117541166885,0.8799661287190709,0.028243619709762812
131,1.76576886177063,0.3469614483232555,0.021402502059936525,0.0028252435096217756,64,10,0.0002,500,128,256,0.1,4,3,32,0.0001,"{'model__batch_size': 64, 'model__callbacks__early_stopping__patience': 10, 'model__lr': 0.0002, 'model__max_epochs': 500, 'model__module__d_model': 128, 'model__module__dim_feedforward': 256, 'model__module__dropout': 0.1, 'model__module__nhead': 4, 'model__module__num_layers': 3, 'model__module__patch_size': 32, 'model__optimizer__weight_decay': 0.0001}",0.9794721407624634,0.8731884057971014,0.9186535764375876,0.7995885982956215,0.6793958392704474,0.8500597121126443,0.10359644994598136,15,0.8487442922374429,0.9298252955330055,0.8976144511858797,0.8936425429828069,0.9286560261688568,0.8996965216215983,0.029609158295707115
132,2.1610924243927,0.42008048343742993,0.02231435775756836,0.002616391519092437,64,10,0.0002,500,128,256,0.25,4,2,16,0.0001,"{'model__batch_size': 64, 'model__callbacks__early_stopping__patience': 10, 'model__lr': 0.0002, 'model__max_epochs': 500, 'model__module__d_model': 128, 'model__module__dim_feedforward': 256, 'model__module__dropout': 0.25, 'model__module__nhead': 4, 'model__module__num_layers': 2, 'model__module__patch_size': 16, 'model__optimizer__weight_decay': 0.0001}",1.0,0.8853801169590643,0.8644226273959794,0.6725691208449829,0.6366486178398404,0.8118040966079734,0.136869031431327,218,0.8432416444838805,0.9171004434162329,0.8809685295713511,0.8588304668304668,0.8967647916059458,0.8793811751815754,0.026290113361826253
133,1.4087594032287598,0.20599032790127347,0.02069263458251953,0.0027583351982689184,64,10,0.0002,500,128,256,0.25,4,2,32,0.0001,"{'model__batch_size': 64, 'model__callbacks__early_stopping__patience': 10, 'model__lr': 0.0002, 'model__max_epochs': 500, 'model__module__d_model': 128, 'model__module__dim_feedforward': 256, 'model__module__dropout': 0.25, 'model__module__nhead': 4, 'model__module__num_layers': 2, 'model__module__patch_size': 32, 'model__optimizer__weight_decay': 0.0001}",1.0,0.8704902867715079,0.8546365914786966,0.7534090909090909,0.657707910750507,0.8272487759819604,0.11546368274731851,148,0.8581977739726028,0.9221551724137931,0.8821475338280227,0.901740060270244,0.90162750652669,0.8931736094022705,0.02158548984029202
134,2.6737664699554444,0.4510377842181779,0.02395496368408203,0.002752003801234439,64,10,0.0002,500,128,256,0.25,4,3,16,0.0001,"{'model__batch_size': 64, 'model__callbacks__early_stopping__patience': 10, 'model__lr': 0.0002, 'model__max_epochs': 500, 'model__module__d_model': 128, 'model__module__dim_feedforward': 256, 'model__module__dropout': 0.25, 'model__module__nhead': 4, 'model__module__num_layers': 3, 'model__module__patch_size': 16, 'model__optimizer__weight_decay': 0.0001}",1.0,0.9028677150786308,0.8423913043478262,0.7110904007455732,0.6926229508196722,0.8297944741983404,0.11608185349682165,132,0.8268476840423987,0.8985911996524545,0.8909898391763676,0.8646916393676114,0.9133561643835616,0.8788953053244788,0.03043831735592606
135,1.7306660652160644,0.4123018088255581,0.02135319709777832,0.003112565273601011,64,10,0.0002,500,128,256,0.25,4,3,32,0.0001,"{'model__batch_size': 64, 'model__callbacks__early_stopping__patience': 10, 'model__lr': 0.0002, 'model__max_epochs': 500, 'model__module__d_model': 128, 'model__module__dim_feedforward': 256, 'model__module__dropout': 0.25, 'model__module__nhead': 4, 'model__module__num_layers': 3, 'model__module__patch_size': 32, 'model__optimizer__weight_decay': 0.0001}",0.9597186700767264,0.8704902867715079,0.8878143133462283,0.7839721254355401,0.6793958392704474,0.83627824698009,0.09634520025125166,85,0.8564538957521536,0.9281537176274017,0.8546531189018236,0.9006584766584766,0.9326103500761035,0.8945059118031917,0.03363979231435347
136,2.1159570693969725,0.36860630659634286,0.021959781646728516,0.002615110245502437,64,10,0.0002,500,128,384,0.1,4,2,16,0.0001,"{'model__batch_size': 64, 'model__callbacks__early_stopping__patience': 10, 'model__lr': 0.0002, 'model__max_epochs': 500, 'model__module__d_model': 128, 'model__module__dim_feedforward': 384, 'model__module__dropout': 0.1, 'model__module__nhead': 4, 'model__module__num_layers': 2, 'model__module__patch_size': 16, 'model__optimizer__weight_decay': 0.0001}",0.9794721407624634,0.8526315789473684,0.8644226273959794,0.6477272727272727,0.648711943793911,0.7985931127253989,0.13053411055783826,240,0.8042988184079602,0.8985911996524545,0.8685765941172381,0.8876756952403932,0.9126381215469613,0.8743560857930014,0.037872655672842745
137,1.4906791210174561,0.2423983206380926,0.02081913948059082,0.0027673568441868067,64,10,0.0002,500,128,384,0.1,4,2,32,0.0001,"{'model__batch_size': 64, 'model__callbacks__early_stopping__patience': 10, 'model__lr': 0.0002, 'model__max_epochs': 500, 'model__module__d_model': 128, 'model__module__dim_feedforward': 384, 'model__module__dropout': 0.1, 'model__module__nhead': 4, 'model__module__num_layers': 2, 'model__module__patch_size': 32, 'model__optimizer__weight_decay': 0.0001}",1.0,0.834280303030303,0.8878143133462283,0.7534090909090909,0.5939013964092335,0.8138810207389712,0.13606647370496636,212,0.8628364389233955,0.8859618104667609,0.8850848669538127,0.8868347772277227,0.921683949852964,0.8884803686849312,0.018871510139599843
138,2.785641241073608,0.46139080610283484,0.024029302597045898,0.002998133717691475,64,10,0.0002,500,128,384,0.1,4,3,16,0.0001,"{'model__batch_size': 64, 'model__callbacks__early_stopping__patience': 10, 'model__lr': 0.0002, 'model__max_epochs': 500, 'model__module__d_model': 128, 'model__module__dim_feedforward': 384, 'model__module__dropout': 0.1, 'model__module__nhead': 4, 'model__module__num_layers': 3, 'model__module__patch_size': 16, 'model__optimizer__weight_decay': 0.0001}",0.9794721407624634,0.8299319727891157,0.912781954887218,0.7631501616220981,0.7083333333333333,0.8387339126788456,0.09806635515026076,68,0.8236468500443656,0.9011157482326888,0.8892307692307693,0.9006584766584766,0.9133561643835616,0.8856016017099723,0.03190384329696477
139,1.6456441402435302,0.25907111557983054,0.022536182403564455,0.002662098206147649,64,10,0.0002,500,128,384,0.1,4,3,32,0.0001,"{'model__batch_size': 64, 'model__callbacks__early_stopping__patience': 10, 'model__lr': 0.0002, 'model__max_epochs': 500, 'model__module__d_model': 128, 'model__module__dim_feedforward': 384, 'model__module__dropout': 0.1, 'model__module__nhead': 4, 'model__module__num_layers': 3, 'model__module__patch_size': 32, 'model__optimizer__weight_decay': 0.0001}",0.9222222222222223,0.8878975062914665,0.894927536231884,0.7839721254355401,0.648711943793911,0.8275462667950046,0.10102125023401289,145,0.8512280701754386,0.8743940901297547,0.8951208390332877,0.8971225247524752,0.9178336039736364,0.8871398256129185,0.022616661287608517
140,2.4664359092712402,0.408843780031532,0.023392438888549805,0.002873889221475544,64,10,0.0002,500,128,384,0.25,4,2,16,0.0001,"{'model__batch_size': 64, 'model__callbacks__early_stopping__patience': 10, 'model__lr': 0.0002, 'model__max_epochs': 500, 'model__module__d_model': 128, 'model__module__dim_feedforward': 384, 'model__module__dropout': 0.25, 'model__module__nhead': 4, 'model__module__num_layers': 2, 'model__module__patch_size': 16, 'model__optimizer__weight_decay': 0.0001}",0.9794721407624634,0.79,0.8644226273959794,0.7685902957220787,0.6793958392704474,0.8163761806301938,0.10064945193929792,202,0.8444158254578511,0.9239898989898989,0.8718122626153011,0.9090708009088899,0.9126381215469613,0.8923853819037804,0.029704389418247587
141,1.5190223693847655,0.12096907775199238,0.021250104904174803,0.0032729871782131857,64,10,0.0002,500,128,384,0.25,4,2,32,0.0001,"{'model__batch_size': 64, 'model__callbacks__early_stopping__patience': 10, 'model__lr': 0.0002, 'model__max_epochs': 500, 'model__module__d_model': 128, 'model__module__dim_feedforward': 384, 'model__module__dropout': 0.25, 'model__module__nhead': 4, 'model__module__num_layers': 2, 'model__module__patch_size': 32, 'model__optimizer__weight_decay': 0.0001}",0.9597186700767264,0.8901098901098901,0.8546365914786966,0.8041917886879126,0.6160794941282746,0.8249472868963,0.11605816726985534,164,0.8593816329418423,0.9022727272727273,0.88,0.8734080828463193,0.936092490041776,0.8902309866205329,0.026786738565978182
142,2.9717456817626955,0.5907397555734162,0.024161291122436524,0.002547328663232336,64,10,0.0002,500,128,384,0.25,4,3,16,0.0001,"{'model__batch_size': 64, 'model__callbacks__early_stopping__patience': 10, 'model__lr': 0.0002, 'model__max_epochs': 500, 'model__module__d_model': 128, 'model__module__dim_feedforward': 384, 'model__module__dropout': 0.25, 'model__module__nhead': 4, 'model__module__num_layers': 3, 'model__module__patch_size': 16, 'model__optimizer__weight_decay': 0.0001}",0.9794721407624634,0.8853801169590643,0.8644226273959794,0.7267117249485748,0.6793958392704474,0.827076489867306,0.10945422963963308,150,0.8405622709620959,0.8962385961941451,0.88413807308742,0.8889617747033216,0.9133561643835616,0.884651375866109,0.024169901728710683
143,1.7016514778137206,0.17892247130372393,0.022237682342529298,0.0030421343652035082,64,10,0.0002,500,128,384,0.25,4,3,32,0.0001,"{'model__batch_size': 64, 'model__callbacks__early_stopping__patience': 10, 'model__lr': 0.0002, 'model__max_epochs': 500, 'model__module__d_model': 128, 'model__module__dim_feedforward': 384, 'model__module__dropout': 0.25, 'model__module__nhead': 4, 'model__module__num_layers': 3, 'model__module__patch_size': 32, 'model__optimizer__weight_decay': 0.0001}",0.9406593406593406,0.8674242424242424,0.8644226273959794,0.8041917886879126,0.7221430607010544,0.8397682119737059,0.07301105967355964,63,0.8564538957521536,0.9150178967478425,0.8551176195669108,0.8823167330294113,0.9191434963247044,0.8856099282842045,0.027495559836424908
144,10.843660306930541,4.9163355223750616,0.02181272506713867,0.002651056948784097,128,10,3e-05,500,96,128,0.1,4,2,16,0.0001,"{'model__batch_size': 128, 'model__callbacks__early_stopping__patience': 10, 'model__lr': 3e-05, 'model__max_epochs': 500, 'model__module__d_model': 96, 'model__module__dim_feedforward': 128, 'model__module__dropout': 0.1, 'model__module__nhead': 4, 'model__module__num_layers': 2, 'model__module__patch_size': 16, 'model__optimizer__weight_decay': 0.0001}",0.42727272727272725,0.79,0.8791666666666667,0.7267117249485748,0.6027542372881356,0.685181071235221,0.15725972853859516,286,0.42516268980477223,0.9011157482326888,0.8906131651723591,0.9111154791154792,0.9081669691470053,0.8072348102944609,0.19116651373665353
145,6.540356874465942,1.5633271506692852,0.020382165908813477,0.001932720973057254,128,10,3e-05,500,96,128,0.1,4,2,32,0.0001,"{'model__batch_size': 128, 'model__callbacks__early_stopping__patience': 10, 'model__lr': 3e-05, 'model__max_epochs': 500, 'model__module__d_model': 96, 'model__module__dim_feedforward': 128, 'model__module__dropout': 0.1, 'model__module__nhead': 4, 'model__module__num_layers': 2, 'model__module__patch_size': 32, 'model__optimizer__weight_decay': 0.0001}",0.42727272727272725,0.8731884057971014,0.8215384615384616,0.7926421404682273,0.6366486178398404,0.7102580705832715,0.16199741391554018,279,0.42516268980477223,0.9033868686028126,0.911201121670042,0.9120832118207447,0.9118944435845844,0.8127456670965912,0.19381862444204692
146,13.918371343612671,2.6141900986821898,0.02347855567932129,0.002990512228485546,128,10,3e-05,500,96,128,0.1,4,3,16,0.0001,"{'model__batch_size': 128, 'model__callbacks__early_stopping__patience': 10, 'model__lr': 3e-05, 'model__max_epochs': 500, 'model__module__d_model': 96, 'model__module__dim_feedforward': 128, 'model__module__dropout': 0.1, 'model__module__nhead': 4, 'model__module__num_layers': 3, 'model__module__patch_size': 16, 'model__optimizer__weight_decay': 0.0001}",0.9358234295415959,0.8853801169590643,0.8878143133462283,0.7568627450980392,0.6950393060449986,0.8321839821979854,0.09071675534127636,109,0.8573076923076923,0.9392069918385708,0.8821475338280227,0.8995368437791957,0.9223449969306323,0.9001088117368228,0.02890669851467134
147,6.879234838485718,3.2709730854530217,0.020507383346557616,0.0019714671354689795,128,10,3e-05,500,96,128,0.1,4,3,32,0.0001,"{'model__batch_size': 128, 'model__callbacks__early_stopping__patience': 10, 'model__lr': 3e-05, 'model__max_epochs': 500, 'model__module__d_model': 96, 'model__module__dim_feedforward': 128, 'model__module__dropout': 0.1, 'model__module__nhead': 4, 'model__module__num_layers': 3, 'model__module__patch_size': 32, 'model__optimizer__weight_decay': 0.0001}",1.0,0.8731884057971014,0.44761904761904764,0.7926421404682273,0.7083333333333333,0.7643565854435419,0.1852746767437351,257,0.841743804120633,0.8891457800511509,0.4206008583690987,0.901740060270244,0.9326103500761035,0.797168170577446,0.19054116220668016
148,13.765023994445801,3.015075244322753,0.021394729614257812,0.0019993082526006635,128,10,3e-05,500,96,128,0.25,4,2,16,0.0001,"{'model__batch_size': 128, 'model__callbacks__early_stopping__patience': 10, 'model__lr': 3e-05, 'model__max_epochs': 500, 'model__module__d_model': 96, 'model__module__dim_feedforward': 128, 'model__module__dropout': 0.25, 'model__module__nhead': 4, 'model__module__num_layers': 2, 'model__module__patch_size': 16, 'model__optimizer__weight_decay': 0.0001}",0.9794721407624634,0.8489570846319827,0.9186535764375876,0.6477272727272727,0.6822033898305084,0.815402692877963,0.13004808860263062,205,0.8615258286055538,0.9092658102153541,0.9212138896994456,0.8360864293239509,0.9133561643835616,0.8882896244455732,0.03344790990507743
149,6.374966669082641,2.7441386794118916,0.02155413627624512,0.002380481486824968,128,10,3e-05,500,96,128,0.25,4,2,32,0.0001,"{'model__batch_size': 128, 'model__callbacks__early_stopping__patience': 10, 'model__lr': 3e-05, 'model__max_epochs': 500, 'model__module__d_model': 96, 'model__module__dim_feedforward': 128, 'model__module__dropout': 0.25, 'model__module__nhead': 4, 'model__module__num_layers': 2, 'model__module__patch_size': 32, 'model__optimizer__weight_decay': 0.0001}",0.42727272727272725,0.8704902867715079,0.894927536231884,0.8081575246132209,0.6366486178398404,0.727499338545836,0.17514235764308372,271,0.42516268980477223,0.8926520762253474,0.8942780775975077,0.913016715717391,0.9371668736268985,0.8124552865943834,0.19431295926423672
150,14.724554681777954,3.480460604148225,0.022678279876708986,0.002031643162222083,128,10,3e-05,500,96,128,0.25,4,3,16,0.0001,"{'model__batch_size': 128, 'model__callbacks__early_stopping__patience': 10, 'model__lr': 3e-05, 'model__max_epochs': 500, 'model__module__d_model': 96, 'model__module__dim_feedforward': 128, 'model__module__dropout': 0.25, 'model__module__nhead': 4, 'model__module__num_layers': 3, 'model__module__patch_size': 16, 'model__optimizer__weight_decay': 0.0001}",1.0,0.8704902867715079,0.8878143133462283,0.6964504283965729,0.6793958392704474,0.8268301735569514,0.12194164215447598,151,0.8601688527061662,0.9239898989898989,0.88413807308742,0.8913969087197433,0.9133561643835616,0.8946099795773579,0.02245339608835745
151,7.894204568862915,3.4796518553305495,0.020415544509887695,0.001481334459950379,128,10,3e-05,500,96,128,0.25,4,3,32,0.0001,"{'model__batch_size': 128, 'model__callbacks__early_stopping__patience': 10, 'model__lr': 3e-05, 'model__max_epochs': 500, 'model__module__d_model': 96, 'model__module__dim_feedforward': 128, 'model__module__dropout': 0.25, 'model__module__nhead': 4, 'model__module__num_layers': 3, 'model__module__patch_size': 32, 'model__optimizer__weight_decay': 0.0001}",0.42727272727272725,0.8731884057971014,0.9186535764375876,0.7926421404682273,0.6160794941282746,0.7255672688207836,0.1814059354058051,273,0.42516268980477223,0.9082330787739303,0.8984615384615384,0.9279857673267327,0.9229832572298327,0.8165652663193612,0.19598228540733226
152,11.587731981277466,2.5918458450741384,0.021883583068847655,0.0017384476614256581,128,10,3e-05,500,96,256,0.1,4,2,16,0.0001,"{'model__batch_size': 128, 'model__callbacks__early_stopping__patience': 10, 'model__lr': 3e-05, 'model__max_epochs': 500, 'model__module__d_model': 96, 'model__module__dim_feedforward': 256, 'model__module__dropout': 0.1, 'model__module__nhead': 4, 'model__module__num_layers': 2, 'model__module__patch_size': 16, 'model__optimizer__weight_decay': 0.0001}",1.0,0.8853801169590643,0.9439071566731141,0.7194570135746606,0.642478813559322,0.8382446201532321,0.13563618698588503,73,0.8498466227701686,0.9239898989898989,0.8831593706184764,0.9263915243516762,0.9029312461632903,0.897263732578702,0.02843291143636119
153,7.266707944869995,0.5986952839698323,0.019991445541381835,0.0020650960263242668,128,10,3e-05,500,96,256,0.1,4,2,32,0.0001,"{'model__batch_size': 128, 'model__callbacks__early_stopping__patience': 10, 'model__lr': 3e-05, 'model__max_epochs': 500, 'model__module__d_model': 96, 'model__module__dim_feedforward': 256, 'model__module__dropout': 0.1, 'model__module__nhead': 4, 'model__module__num_layers': 2, 'model__module__patch_size': 32, 'model__optimizer__weight_decay': 0.0001}",1.0,0.8238389384580187,0.8644226273959794,0.8081575246132209,0.648711943793911,0.829026206852226,0.11265929845751518,138,0.8615258286055538,0.9190291871534679,0.8951208390332877,0.9279857673267327,0.9178336039736364,0.9042990452185358,0.02397919804559554
154,11.886950016021729,1.2203367185954925,0.02483506202697754,0.003599215183353267,128,10,3e-05,500,96,256,0.1,4,3,16,0.0001,"{'model__batch_size': 128, 'model__callbacks__early_stopping__patience': 10, 'model__lr': 3e-05, 'model__max_epochs': 500, 'model__module__d_model': 96, 'model__module__dim_feedforward': 256, 'model__module__dropout': 0.1, 'model__module__nhead': 4, 'model__module__num_layers': 3, 'model__module__patch_size': 16, 'model__optimizer__weight_decay': 0.0001}",0.9794721407624634,0.8674242424242424,0.9186535764375876,0.7047619047619047,0.6950393060449986,0.8330702340862393,0.11441484967020457,103,0.8543956043956045,0.9180831022585356,0.8925066209689982,0.9120832118207447,0.9126381215469613,0.8979413321981689,0.023441185010943433
155,5.940753173828125,2.716286789322197,0.020600080490112305,0.0020887706638742826,128,10,3e-05,500,96,256,0.1,4,3,32,0.0001,"{'model__batch_size': 128, 'model__callbacks__early_stopping__patience': 10, 'model__lr': 3e-05, 'model__max_epochs': 500, 'model__module__d_model': 96, 'model__module__dim_feedforward': 256, 'model__module__dropout': 0.1, 'model__module__nhead': 4, 'model__module__num_layers': 3, 'model__module__patch_size': 32, 'model__optimizer__weight_decay': 0.0001}",0.42727272727272725,0.8558682223747426,0.894927536231884,0.7568627450980392,0.6160794941282746,0.7102021450211335,0.17113001880888143,280,0.42516268980477223,0.9180831022585356,0.8992810634834509,0.9006584766584766,0.9472646997517671,0.8180900063914004,0.19722380017623475
156,11.003023481369018,0.8884009273523081,0.021146249771118165,0.0018854598976583451,128,10,3e-05,500,96,256,0.25,4,2,16,0.0001,"{'model__batch_size': 128, 'model__callbacks__early_stopping__patience': 10, 'model__lr': 3e-05, 'model__max_epochs': 500, 'model__module__d_model': 96, 'model__module__dim_feedforward': 256, 'model__module__dropout': 0.25, 'model__module__nhead': 4, 'model__module__num_layers': 2, 'model__module__patch_size': 16, 'model__optimizer__weight_decay': 0.0001}",1.0,0.9028677150786308,0.912781954887218,0.7194570135746606,0.6793958392704474,0.8429005045621913,0.12258205899952895,40,0.8375773109711929,0.8962385961941451,0.8915757311217809,0.8971225247524752,0.9126381215469613,0.8870304569173111,0.025724172723248655
157,7.912594795227051,1.7213630197487946,0.020933198928833007,0.0033793235857259114,128,10,3e-05,500,96,256,0.25,4,2,32,0.0001,"{'model__batch_size': 128, 'model__callbacks__early_stopping__patience': 10, 'model__lr': 3e-05, 'model__max_epochs': 500, 'model__module__d_model': 96, 'model__module__dim_feedforward': 256, 'model__module__dropout': 0.25, 'model__module__nhead': 4, 'model__module__num_layers': 2, 'model__module__patch_size': 32, 'model__optimizer__weight_decay': 0.0001}",1.0,0.9028677150786308,0.8546365914786966,0.8199767711962833,0.5939013964092335,0.8342764948325689,0.1345869527356685,95,0.8726338361431529,0.9071608492263403,0.916923076923077,0.8868347772277227,0.9268912905276542,0.9020887660095893,0.019805176586432504
158,10.13098955154419,4.5442130724382634,0.02282552719116211,0.0019342063467039658,128,10,3e-05,500,96,256,0.25,4,3,16,0.0001,"{'model__batch_size': 128, 'model__callbacks__early_stopping__patience': 10, 'model__lr': 3e-05, 'model__max_epochs': 500, 'model__module__d_model': 96, 'model__module__dim_feedforward': 256, 'model__module__dropout': 0.25, 'model__module__nhead': 4, 'model__module__num_layers': 3, 'model__module__patch_size': 16, 'model__optimizer__weight_decay': 0.0001}",0.9794721407624634,0.8853801169590643,0.44761904761904764,0.6964504283965729,0.6822033898305084,0.7382250247135314,0.18395117100533462,268,0.8515567120218284,0.8974369703943927,0.4206008583690987,0.9064039408866995,0.8976478067387158,0.794729257682147,0.18804986338660284
159,6.078548383712769,2.5565467292814033,0.02084207534790039,0.001071182948198104,128,10,3e-05,500,96,256,0.25,4,3,32,0.0001,"{'model__batch_size': 128, 'model__callbacks__early_stopping__patience': 10, 'model__lr': 3e-05, 'model__max_epochs': 500, 'model__module__d_model': 96, 'model__module__dim_feedforward': 256, 'model__module__dropout': 0.25, 'model__module__nhead': 4, 'model__module__num_layers': 3, 'model__module__patch_size': 32, 'model__optimizer__weight_decay': 0.0001}",0.42727272727272725,0.8558682223747426,0.9186535764375876,0.7839721254355401,0.6612466124661247,0.7294026527973445,0.17361740549977886,269,0.42516268980477223,0.9121028873179458,0.8718122626153011,0.9006584766584766,0.9223449969306323,0.8064162626654257,0.19137484295776458
160,11.218385934829712,2.5298997842112176,0.021695899963378906,0.002045215047465577,128,10,3e-05,500,96,384,0.1,4,2,16,0.0001,"{'model__batch_size': 128, 'model__callbacks__early_stopping__patience': 10, 'model__lr': 3e-05, 'model__max_epochs': 500, 'model__module__d_model': 96, 'model__module__dim_feedforward': 384, 'model__module__dropout': 0.1, 'model__module__nhead': 4, 'model__module__num_layers': 2, 'model__module__patch_size': 16, 'model__optimizer__weight_decay': 0.0001}",1.0,0.8853801169590643,0.912781954887218,0.7416666666666667,0.6822033898305084,0.8444064256686914,0.11612811861214475,30,0.8444158254578511,0.9230900264032025,0.8738121202679545,0.9083811710677383,0.9081669691470053,0.8915732224687503,0.02860225634246956
161,6.342302989959717,0.42269141782696446,0.01972990036010742,0.0014798714869730548,128,10,3e-05,500,96,384,0.1,4,2,32,0.0001,"{'model__batch_size': 128, 'model__callbacks__early_stopping__patience': 10, 'model__lr': 3e-05, 'model__max_epochs': 500, 'model__module__d_model': 96, 'model__module__dim_feedforward': 384, 'model__module__dropout': 0.1, 'model__module__nhead': 4, 'model__module__num_layers': 2, 'model__module__patch_size': 32, 'model__optimizer__weight_decay': 0.0001}",1.0,0.9005681818181819,0.8878143133462283,0.7886363636363636,0.648711943793911,0.8451461605189369,0.11887105783721963,27,0.8781026329831276,0.8776724137931033,0.9034712882412026,0.9083811710677383,0.9223449969306323,0.8979945006031608,0.017547070452326643
162,8.756151580810547,3.867436992733244,0.022655296325683593,0.0021320470832844962,128,10,3e-05,500,96,384,0.1,4,3,16,0.0001,"{'model__batch_size': 128, 'model__callbacks__early_stopping__patience': 10, 'model__lr': 3e-05, 'model__max_epochs': 500, 'model__module__d_model': 96, 'model__module__dim_feedforward': 384, 'model__module__dropout': 0.1, 'model__module__nhead': 4, 'model__module__num_layers': 3, 'model__module__patch_size': 16, 'model__optimizer__weight_decay': 0.0001}",0.42727272727272725,0.8102981029810298,0.8878143133462283,0.7723378212974297,0.6543778801843317,0.7104201690163494,0.1603691315079513,278,0.42516268980477223,0.9071608492263403,0.8707692307692307,0.8856048166392994,0.9223449969306323,0.8022085166740549,0.18934985393249137
163,5.917889928817749,2.6896313541288377,0.021157217025756837,0.0016695652393314332,128,10,3e-05,500,96,384,0.1,4,3,32,0.0001,"{'model__batch_size': 128, 'model__callbacks__early_stopping__patience': 10, 'model__lr': 3e-05, 'model__max_epochs': 500, 'model__module__d_model': 96, 'model__module__dim_feedforward': 384, 'model__module__dropout': 0.1, 'model__module__nhead': 4, 'model__module__num_layers': 3, 'model__module__patch_size': 32, 'model__optimizer__weight_decay': 0.0001}",1.0,0.8558682223747426,0.44761904761904764,0.8041917886879126,0.6160794941282746,0.7447517105619955,0.19280873943657667,265,0.8701567917985829,0.9102608695652175,0.4206008583690987,0.8960043787629994,0.917143462598008,0.8028332722187812,0.19179282461906863
164,9.318718528747558,5.12832157516231,0.021792268753051756,0.001620325820116591,128,10,3e-05,500,96,384,0.25,4,2,16,0.0001,"{'model__batch_size': 128, 'model__callbacks__early_stopping__patience': 10, 'model__lr': 3e-05, 'model__max_epochs': 500, 'model__module__d_model': 96, 'model__module__dim_feedforward': 384, 'model__module__dropout': 0.25, 'model__module__nhead': 4, 'model__module__num_layers': 2, 'model__module__patch_size': 16, 'model__optimizer__weight_decay': 0.0001}",0.42727272727272725,0.9028677150786308,0.912781954887218,0.6964504283965729,0.6666666666666667,0.7212078984603633,0.17871008433787974,275,0.42516268980477223,0.9092658102153541,0.8831593706184764,0.8971225247524752,0.9021049373162049,0.8033630665414566,0.18929297888400526
165,5.689930725097656,2.5693578051526846,0.020511627197265625,0.0018881758931112906,128,10,3e-05,500,96,384,0.25,4,2,32,0.0001,"{'model__batch_size': 128, 'model__callbacks__early_stopping__patience': 10, 'model__lr': 3e-05, 'model__max_epochs': 500, 'model__module__d_model': 96, 'model__module__dim_feedforward': 384, 'model__module__dropout': 0.25, 'model__module__nhead': 4, 'model__module__num_layers': 2, 'model__module__patch_size': 32, 'model__optimizer__weight_decay': 0.0001}",1.0,0.834280303030303,0.44761904761904764,0.7995885982956215,0.648711943793911,0.7460399785477766,0.18637451564155091,264,0.8671087089764307,0.9092658102153541,0.4206008583690987,0.8783867056274475,0.9229832572298327,0.7996690680836327,0.19060698537623572
166,12.529046440124512,3.265928545110161,0.022797822952270508,0.0019779696005525803,128,10,3e-05,500,96,384,0.25,4,3,16,0.0001,"{'model__batch_size': 128, 'model__callbacks__early_stopping__patience': 10, 'model__lr': 3e-05, 'model__max_epochs': 500, 'model__module__d_model': 96, 'model__module__dim_feedforward': 384, 'model__module__dropout': 0.25, 'model__module__nhead': 4, 'model__module__num_layers': 3, 'model__module__patch_size': 16, 'model__optimizer__weight_decay': 0.0001}",1.0,0.8102981029810298,0.8878143133462283,0.6902732882750514,0.7083333333333333,0.8193438075871284,0.1152295267172316,190,0.8446886446886447,0.8974369703943927,0.890124796527401,0.8752052545155993,0.8932243707796195,0.8801360073811315,0.01924178958371286
167,5.638337230682373,2.3863991109947174,0.020736503601074218,0.0015293090041331476,128,10,3e-05,500,96,384,0.25,4,3,32,0.0001,"{'model__batch_size': 128, 'model__callbacks__early_stopping__patience': 10, 'model__lr': 3e-05, 'model__max_epochs': 500, 'model__module__d_model': 96, 'model__module__dim_feedforward': 384, 'model__module__dropout': 0.25, 'model__module__nhead': 4, 'model__module__num_layers': 3, 'model__module__patch_size': 32, 'model__optimizer__weight_decay': 0.0001}",0.42727272727272725,0.8704902867715079,0.8725274725274725,0.7839721254355401,0.6543778801843317,0.721728098438316,0.16732302669227359,274,0.42391304347826086,0.9033868686028126,0.8992810634834509,0.9111154791154792,0.9280882269342277,0.8131569363228464,0.1948715945143798
168,9.078200483322144,4.08384035166971,0.021920537948608397,0.001935946604262382,128,10,3e-05,500,128,128,0.1,4,2,16,0.0001,"{'model__batch_size': 128, 'model__callbacks__early_stopping__patience': 10, 'model__lr': 3e-05, 'model__max_epochs': 500, 'model__module__d_model': 128, 'model__module__dim_feedforward': 128, 'model__module__dropout': 0.1, 'model__module__nhead': 4, 'model__module__num_layers': 2, 'model__module__patch_size': 16, 'model__optimizer__weight_decay': 0.0001}",0.42727272727272725,0.8102981029810298,0.912781954887218,0.7416666666666667,0.625,0.7034038903615284,0.16680837862603948,283,0.42516268980477223,0.9298252955330055,0.9010039284155391,0.8823167330294113,0.9178336039736364,0.8112284501512729,0.19369554580735718
169,5.608884954452515,2.542281564044409,0.020325517654418944,0.0021741378258970513,128,10,3e-05,500,128,128,0.1,4,2,32,0.0001,"{'model__batch_size': 128, 'model__callbacks__early_stopping__patience': 10, 'model__lr': 3e-05, 'model__max_epochs': 500, 'model__module__d_model': 128, 'model__module__dim_feedforward': 128, 'model__module__dropout': 0.1, 'model__module__nhead': 4, 'model__module__num_layers': 2, 'model__module__patch_size': 32, 'model__optimizer__weight_decay': 0.0001}",1.0,0.8704902867715079,0.44761904761904764,0.7785714285714285,0.625,0.7443361525923968,0.19221502556377904,266,0.8516348163630935,0.9348484848484848,0.4206008583690987,0.9168035030103996,0.9275002388002674,0.8102775802782689,0.19706100716518804
170,12.707607889175415,3.3969775827819264,0.023038148880004883,0.002258715171707737,128,10,3e-05,500,128,128,0.1,4,3,16,0.0001,"{'model__batch_size': 128, 'model__callbacks__early_stopping__patience': 10, 'model__lr': 3e-05, 'model__max_epochs': 500, 'model__module__d_model': 128, 'model__module__dim_feedforward': 128, 'model__module__dropout': 0.1, 'model__module__nhead': 4, 'model__module__num_layers': 3, 'model__module__patch_size': 16, 'model__optimizer__weight_decay': 0.0001}",1.0,0.8674242424242424,0.8878143133462283,0.7267117249485748,0.6793958392704474,0.8322692239978986,0.11573020595601902,107,0.8644912028181284,0.9348484848484848,0.88,0.8960043787629994,0.9229832572298327,0.8996654647318889,0.026149291027760358
171,7.337329387664795,1.2003329759650851,0.02083444595336914,0.0016973423574552296,128,10,3e-05,500,128,128,0.1,4,3,32,0.0001,"{'model__batch_size': 128, 'model__callbacks__early_stopping__patience': 10, 'model__lr': 3e-05, 'model__max_epochs': 500, 'model__module__d_model': 128, 'model__module__dim_feedforward': 128, 'model__module__dropout': 0.1, 'model__module__nhead': 4, 'model__module__num_layers': 3, 'model__module__patch_size': 32, 'model__optimizer__weight_decay': 0.0001}",0.9794721407624634,0.8558682223747426,0.8878143133462283,0.8199767711962833,0.648711943793911,0.8383686782947256,0.10859947622090022,72,0.8760434657455383,0.9622136206716183,0.8696911196911197,0.905360531309298,0.9326103500761035,0.9091838174987356,0.034737691532077446
172,11.063681936264038,0.7527065979047197,0.021972179412841797,0.002377807252988374,128,10,3e-05,500,128,128,0.25,4,2,16,0.0001,"{'model__batch_size': 128, 'model__callbacks__early_stopping__patience': 10, 'model__lr': 3e-05, 'model__max_epochs': 500, 'model__module__d_model': 128, 'model__module__dim_feedforward': 128, 'model__module__dropout': 0.25, 'model__module__nhead': 4, 'model__module__num_layers': 2, 'model__module__patch_size': 16, 'model__optimizer__weight_decay': 0.0001}",0.9406593406593406,0.7959183673469388,0.912781954887218,0.6964504283965729,0.625,0.794162018258014,0.12140723439167202,244,0.8644912028181284,0.9022727272727273,0.9084373304395008,0.8752052545155993,0.9126381215469613,0.8926089273185834,0.01917597587851468
173,7.061296796798706,0.30651621038842247,0.021100282669067383,0.0027556695415251564,128,10,3e-05,500,128,128,0.25,4,2,32,0.0001,"{'model__batch_size': 128, 'model__callbacks__early_stopping__patience': 10, 'model__lr': 3e-05, 'model__max_epochs': 500, 'model__module__d_model': 128, 'model__module__dim_feedforward': 128, 'model__module__dropout': 0.25, 'model__module__nhead': 4, 'model__module__num_layers': 2, 'model__module__patch_size': 32, 'model__optimizer__weight_decay': 0.0001}",0.9597186700767264,0.8526315789473684,0.8878143133462283,0.7785714285714285,0.6048009367681498,0.8167073855419803,0.12096087351194203,201,0.8726338361431529,0.8805555555555555,0.911201121670042,0.8830067972810876,0.9133561643835616,0.8921506950066798,0.016802122437096743
174,14.371760511398316,4.137828603480969,0.023650264739990233,0.00281432050063187,128,10,3e-05,500,128,128,0.25,4,3,16,0.0001,"{'model__batch_size': 128, 'model__callbacks__early_stopping__patience': 10, 'model__lr': 3e-05, 'model__max_epochs': 500, 'model__module__d_model': 128, 'model__module__dim_feedforward': 128, 'model__module__dropout': 0.25, 'model__module__nhead': 4, 'model__module__num_layers': 3, 'model__module__patch_size': 16, 'model__optimizer__weight_decay': 0.0001}",1.0,0.8674242424242424,0.8101916783543712,0.7110904007455732,0.6950393060449986,0.816749125513837,0.11150685796117553,200,0.855883731833099,0.9892652076225348,0.8789988968560397,0.8678116365515733,0.9081669691470053,0.9000252884020504,0.04787140204997381
175,6.385997295379639,0.7109662188811442,0.020699501037597656,0.001606061897176534,128,10,3e-05,500,128,128,0.25,4,3,32,0.0001,"{'model__batch_size': 128, 'model__callbacks__early_stopping__patience': 10, 'model__lr': 3e-05, 'model__max_epochs': 500, 'model__module__d_model': 128, 'model__module__dim_feedforward': 128, 'model__module__dropout': 0.25, 'model__module__nhead': 4, 'model__module__num_layers': 3, 'model__module__patch_size': 32, 'model__optimizer__weight_decay': 0.0001}",0.9597186700767264,0.8238389384580187,0.9186535764375876,0.7839721254355401,0.6666666666666667,0.8305699954149078,0.10345923564555094,125,0.8760434657455383,0.9141216609802779,0.8809685295713511,0.9037901429632027,0.9229832572298327,0.8995814112980405,0.01831531011515104
176,9.018020582199096,4.174168743990551,0.022183799743652345,0.0019259948457279613,128,10,3e-05,500,128,256,0.1,4,2,16,0.0001,"{'model__batch_size': 128, 'model__callbacks__early_stopping__patience': 10, 'model__lr': 3e-05, 'model__max_epochs': 500, 'model__module__d_model': 128, 'model__module__dim_feedforward': 256, 'model__module__dropout': 0.1, 'model__module__nhead': 4, 'model__module__num_layers': 2, 'model__module__patch_size': 16, 'model__optimizer__weight_decay': 0.0001}",0.9794721407624634,0.8853801169590643,0.44761904761904764,0.7995885982956215,0.6366486178398404,0.7497417042952075,0.188534724203239,263,0.8769525083115098,0.9392069918385708,0.4206008583690987,0.915876027830487,0.9037290715372908,0.8112730915773915,0.1963647345740271
177,6.6997651100158695,0.6593965557780179,0.021204519271850585,0.002775376129449936,128,10,3e-05,500,128,256,0.1,4,2,32,0.0001,"{'model__batch_size': 128, 'model__callbacks__early_stopping__patience': 10, 'model__lr': 3e-05, 'model__max_epochs': 500, 'model__module__d_model': 128, 'model__module__dim_feedforward': 256, 'model__module__dropout': 0.1, 'model__module__nhead': 4, 'model__module__num_layers': 2, 'model__module__patch_size': 32, 'model__optimizer__weight_decay': 0.0001}",0.9794721407624634,0.9048913043478262,0.8878143133462283,0.7995885982956215,0.6793958392704474,0.8502324392045173,0.10281325961235134,14,0.8683508436217777,0.8985911996524545,0.8984615384615384,0.8913969087197433,0.9275002388002674,0.8968601458511563,0.018905044697359725
178,13.145710134506226,2.9277353106116912,0.024477195739746094,0.0026907361496447658,128,10,3e-05,500,128,256,0.1,4,3,16,0.0001,"{'model__batch_size': 128, 'model__callbacks__early_stopping__patience': 10, 'model__lr': 3e-05, 'model__max_epochs': 500, 'model__module__d_model': 128, 'model__module__dim_feedforward': 256, 'model__module__dropout': 0.1, 'model__module__nhead': 4, 'model__module__num_layers': 3, 'model__module__patch_size': 16, 'model__optimizer__weight_decay': 0.0001}",1.0,0.8299319727891157,0.8878143133462283,0.7479674796747967,0.6793958392704474,0.8290219210161176,0.11103932986366725,139,0.8585990542604279,0.9290053552907309,0.88,0.9027833881547309,0.9223449969306323,0.8985465589273044,0.026274826836207292
179,5.10343976020813,3.47030963178659,0.021527767181396484,0.0019792042594874645,128,10,3e-05,500,128,256,0.1,4,3,32,0.0001,"{'model__batch_size': 128, 'model__callbacks__early_stopping__patience': 10, 'model__lr': 3e-05, 'model__max_epochs': 500, 'model__module__d_model': 128, 'model__module__dim_feedforward': 256, 'model__module__dropout': 0.1, 'model__module__nhead': 4, 'model__module__num_layers': 3, 'model__module__patch_size': 32, 'model__optimizer__weight_decay': 0.0001}",0.42727272727272725,0.8878975062914665,0.44761904761904764,0.8199767711962833,0.6160794941282746,0.6397691093015598,0.18797875371718945,288,0.42391304347826086,0.9141216609802779,0.4206008583690987,0.9074102722772277,0.9280882269342277,0.7188268124078185,0.24224243624575428
180,9.436600303649902,4.421896851701285,0.022240304946899415,0.001869720079338541,128,10,3e-05,500,128,256,0.25,4,2,16,0.0001,"{'model__batch_size': 128, 'model__callbacks__early_stopping__patience': 10, 'model__lr': 3e-05, 'model__max_epochs': 500, 'model__module__d_model': 128, 'model__module__dim_feedforward': 256, 'model__module__dropout': 0.25, 'model__module__nhead': 4, 'model__module__num_layers': 2, 'model__module__patch_size': 16, 'model__optimizer__weight_decay': 0.0001}",0.9597186700767264,0.8489570846319827,0.44761904761904764,0.7343941248470012,0.6543778801843317,0.7290133614718179,0.17458155898845337,270,0.8428322715184908,0.9199404207782536,0.4206008583690987,0.8936425429828069,0.9178336039736364,0.7989699395244573,0.19121317718658887
181,5.1527512550354,2.145612328110162,0.02105422019958496,0.0020139823131995853,128,10,3e-05,500,128,256,0.25,4,2,32,0.0001,"{'model__batch_size': 128, 'model__callbacks__early_stopping__patience': 10, 'model__lr': 3e-05, 'model__max_epochs': 500, 'model__module__d_model': 128, 'model__module__dim_feedforward': 256, 'model__module__dropout': 0.25, 'model__module__nhead': 4, 'model__module__num_layers': 2, 'model__module__patch_size': 32, 'model__optimizer__weight_decay': 0.0001}",0.9794721407624634,0.9048913043478262,0.44761904761904764,0.7732770745428974,0.6543778801843317,0.7519274894913133,0.18854699988602974,262,0.8615258286055538,0.9048899490404423,0.4206008583690987,0.901740060270244,0.9178336039736364,0.8013180600517951,0.19128938775754353
182,12.759320831298828,2.137057952629741,0.024175548553466798,0.0017678373536252963,128,10,3e-05,500,128,256,0.25,4,3,16,0.0001,"{'model__batch_size': 128, 'model__callbacks__early_stopping__patience': 10, 'model__lr': 3e-05, 'model__max_epochs': 500, 'model__module__d_model': 128, 'model__module__dim_feedforward': 256, 'model__module__dropout': 0.25, 'model__module__nhead': 4, 'model__module__num_layers': 3, 'model__module__patch_size': 16, 'model__optimizer__weight_decay': 0.0001}",1.0,0.8674242424242424,0.8878143133462283,0.7631501616220981,0.7083333333333333,0.8453444101451805,0.1017226551011486,26,0.8486751941525811,0.9092658102153541,0.886887306242145,0.8913969087197433,0.9178336039736364,0.890811764660692,0.02392474007725846
183,5.561368322372436,2.6727385489435007,0.022133302688598634,0.002154562680242575,128,10,3e-05,500,128,256,0.25,4,3,32,0.0001,"{'model__batch_size': 128, 'model__callbacks__early_stopping__patience': 10, 'model__lr': 3e-05, 'model__max_epochs': 500, 'model__module__d_model': 128, 'model__module__dim_feedforward': 256, 'model__module__dropout': 0.25, 'model__module__nhead': 4, 'model__module__num_layers': 3, 'model__module__patch_size': 32, 'model__optimizer__weight_decay': 0.0001}",0.42727272727272725,0.8704902867715079,0.8644226273959794,0.7926421404682273,0.6793958392704474,0.7268447242357778,0.1648549696587358,272,0.42516268980477223,0.9082330787739303,0.8809685295713511,0.901740060270244,0.9178336039736364,0.8067875924787868,0.19119558167862677
184,11.302012538909912,3.137553676278261,0.023144292831420898,0.0028510506538110933,128,10,3e-05,500,128,384,0.1,4,2,16,0.0001,"{'model__batch_size': 128, 'model__callbacks__early_stopping__patience': 10, 'model__lr': 3e-05, 'model__max_epochs': 500, 'model__module__d_model': 128, 'model__module__dim_feedforward': 384, 'model__module__dropout': 0.1, 'model__module__nhead': 4, 'model__module__num_layers': 2, 'model__module__patch_size': 16, 'model__optimizer__weight_decay': 0.0001}",1.0,0.8526315789473684,0.8878143133462283,0.7194570135746606,0.648711943793911,0.8217229699324337,0.12449678568578766,182,0.8671087089764307,0.9248564533577432,0.88413807308742,0.8971225247524752,0.9280882269342277,0.9002627974216594,0.02344424905083319
185,6.608879852294922,0.6322191529969187,0.021128129959106446,0.0025367048413752493,128,10,3e-05,500,128,384,0.1,4,2,32,0.0001,"{'model__batch_size': 128, 'model__callbacks__early_stopping__patience': 10, 'model__lr': 3e-05, 'model__max_epochs': 500, 'model__module__d_model': 128, 'model__module__dim_feedforward': 384, 'model__module__dropout': 0.1, 'model__module__nhead': 4, 'model__module__num_layers': 2, 'model__module__patch_size': 32, 'model__optimizer__weight_decay': 0.0001}",1.0,0.8731884057971014,0.8546365914786966,0.7886363636363636,0.6950393060449986,0.8423001333914322,0.10053961702113935,42,0.8516348163630935,0.9399276083229262,0.9069222283507998,0.9279857673267327,0.9275002388002674,0.910794131832764,0.0314268103274374
186,10.716450119018555,2.659983772732845,0.024419736862182618,0.0022930635848974596,128,10,3e-05,500,128,384,0.1,4,3,16,0.0001,"{'model__batch_size': 128, 'model__callbacks__early_stopping__patience': 10, 'model__lr': 3e-05, 'model__max_epochs': 500, 'model__module__d_model': 128, 'model__module__dim_feedforward': 384, 'model__module__dropout': 0.1, 'model__module__nhead': 4, 'model__module__num_layers': 3, 'model__module__patch_size': 16, 'model__optimizer__weight_decay': 0.0001}",1.0,0.8489570846319827,0.912781954887218,0.7267117249485748,0.6793958392704474,0.8335693207476446,0.11781222674395683,101,0.853039041703638,0.9022727272727273,0.8727193365342645,0.9120832118207447,0.8967647916059458,0.8873758217874641,0.021514426304450582
187,5.081754398345947,2.2163677628772156,0.021905040740966795,0.0018937886883004518,128,10,3e-05,500,128,384,0.1,4,3,32,0.0001,"{'model__batch_size': 128, 'model__callbacks__early_stopping__patience': 10, 'model__lr': 3e-05, 'model__max_epochs': 500, 'model__module__d_model': 128, 'model__module__dim_feedforward': 384, 'model__module__dropout': 0.1, 'model__module__nhead': 4, 'model__module__num_layers': 3, 'model__module__patch_size': 32, 'model__optimizer__weight_decay': 0.0001}",0.9794721407624634,0.9048913043478262,0.44761904761904764,0.8199767711962833,0.648711943793911,0.7601342415439063,0.19116774021272737,258,0.8474211103062722,0.9239898989898989,0.4206008583690987,0.9111154791154792,0.9371668736268985,0.8080588440815294,0.19616454394434163
188,9.22359938621521,4.486577818891407,0.02282099723815918,0.0020341845359014214,128,10,3e-05,500,128,384,0.25,4,2,16,0.0001,"{'model__batch_size': 128, 'model__callbacks__early_stopping__patience': 10, 'model__lr': 3e-05, 'model__max_epochs': 500, 'model__module__d_model': 128, 'model__module__dim_feedforward': 384, 'model__module__dropout': 0.25, 'model__module__nhead': 4, 'model__module__num_layers': 2, 'model__module__patch_size': 16, 'model__optimizer__weight_decay': 0.0001}",1.0,0.8526315789473684,0.44761904761904764,0.7685902957220787,0.6366486178398404,0.7410979080256671,0.1882898723166475,267,0.8738095238095238,0.9239898989898989,0.43483870967741933,0.913016715717391,0.9280882269342277,0.8147486150256921,0.19092190680557614
189,6.323021459579468,0.6125643247376885,0.02342362403869629,0.006216078031650944,128,10,3e-05,500,128,384,0.25,4,2,32,0.0001,"{'model__batch_size': 128, 'model__callbacks__early_stopping__patience': 10, 'model__lr': 3e-05, 'model__max_epochs': 500, 'model__module__d_model': 128, 'model__module__dim_feedforward': 384, 'model__module__dropout': 0.25, 'model__module__nhead': 4, 'model__module__num_layers': 2, 'model__module__patch_size': 32, 'model__optimizer__weight_decay': 0.0001}",1.0,0.8878975062914665,0.8878143133462283,0.8081575246132209,0.6366486178398404,0.8441035924181512,0.12038430975940823,31,0.8878544223444773,0.9071608492263403,0.88,0.9185610409491006,0.9229832572298327,0.9033119139499501,0.016832654586702495
190,10.715604639053344,1.0225194594768825,0.024778413772583007,0.0019374505729783155,128,10,3e-05,500,128,384,0.25,4,3,16,0.0001,"{'model__batch_size': 128, 'model__callbacks__early_stopping__patience': 10, 'model__lr': 3e-05, 'model__max_epochs': 500, 'model__module__d_model': 128, 'model__module__dim_feedforward': 384, 'model__module__dropout': 0.25, 'model__module__nhead': 4, 'model__module__num_layers': 3, 'model__module__patch_size': 16, 'model__optimizer__weight_decay': 0.0001}",1.0,0.8674242424242424,0.8878143133462283,0.7047619047619047,0.6793958392704474,0.8278792599605647,0.11998897848141649,143,0.8502251636310598,0.8985911996524545,0.8575052350227277,0.8960043787629994,0.9133561643835616,0.8831364282905605,0.024729641997250543
191,4.823010873794556,3.3549093860890418,0.02182426452636719,0.001902492143507311,128,10,3e-05,500,128,384,0.25,4,3,32,0.0001,"{'model__batch_size': 128, 'model__callbacks__early_stopping__patience': 10, 'model__lr': 3e-05, 'model__max_epochs': 500, 'model__module__d_model': 128, 'model__module__dim_feedforward': 384, 'model__module__dropout': 0.25, 'model__module__nhead': 4, 'model__module__num_layers': 3, 'model__module__patch_size': 32, 'model__optimizer__weight_decay': 0.0001}",0.42727272727272725,0.9048913043478262,0.44761904761904764,0.7839721254355401,0.6612466124661247,0.6450003634282532,0.18627136107932316,287,0.42516268980477223,0.9092658102153541,0.4206008583690987,0.9111154791154792,0.9229832572298327,0.7178256189469074,0.24087097036268326
192,4.77698860168457,1.1320843125480002,0.02234025001525879,0.0023961063565306126,128,10,0.0001,500,96,128,0.1,4,2,16,0.0001,"{'model__batch_size': 128, 'model__callbacks__early_stopping__patience': 10, 'model__lr': 0.0001, 'model__max_epochs': 500, 'model__module__d_model': 96, 'model__module__dim_feedforward': 128, 'model__module__dropout': 0.1, 'model__module__nhead': 4, 'model__module__num_layers': 2, 'model__module__patch_size': 16, 'model__optimizer__weight_decay': 0.0001}",1.0,0.9048913043478262,0.8791666666666667,0.7631501616220981,0.657707910750507,0.8409832086774196,0.11872352683683042,54,0.8587635145424091,0.936996336996337,0.8748691189344135,0.8902014742014741,0.9133561643835616,0.8948373218116389,0.027719559418055338
193,3.5222599029541017,0.7794656595075397,0.020957756042480468,0.001875513459168822,128,10,0.0001,500,96,128,0.1,4,2,32,0.0001,"{'model__batch_size': 128, 'model__callbacks__early_stopping__patience': 10, 'model__lr': 0.0001, 'model__max_epochs': 500, 'model__module__d_model': 96, 'model__module__dim_feedforward': 128, 'model__module__dropout': 0.1, 'model__module__nhead': 4, 'model__module__num_layers': 2, 'model__module__patch_size': 32, 'model__optimizer__weight_decay': 0.0001}",1.0,0.8878975062914665,0.8644226273959794,0.8041917886879126,0.6793958392704474,0.8471815523291613,0.10517479432791543,22,0.8601688527061662,0.9892652076225348,0.890124796527401,0.9185610409491006,0.9229832572298327,0.916220631007007,0.042917397947550395
194,5.694849920272827,1.1651110655570893,0.02328004837036133,0.0018714004206070575,128,10,0.0001,500,96,128,0.1,4,3,16,0.0001,"{'model__batch_size': 128, 'model__callbacks__early_stopping__patience': 10, 'model__lr': 0.0001, 'model__max_epochs': 500, 'model__module__d_model': 96, 'model__module__dim_feedforward': 128, 'model__module__dropout': 0.1, 'model__module__nhead': 4, 'model__module__num_layers': 3, 'model__module__patch_size': 16, 'model__optimizer__weight_decay': 0.0001}",0.9794721407624634,0.79,0.912781954887218,0.7194570135746606,0.7083333333333333,0.8220088885115351,0.1072362002595842,181,0.8585990542604279,0.945064304573716,0.8674242424242424,0.8913969087197433,0.9044994715385777,0.8933967963033413,0.03060149265929111
195,3.1016879081726074,0.16132269436450788,0.021198368072509764,0.002036025989767943,128,10,0.0001,500,96,128,0.1,4,3,32,0.0001,"{'model__batch_size': 128, 'model__callbacks__early_stopping__patience': 10, 'model__lr': 0.0001, 'model__max_epochs': 500, 'model__module__d_model': 96, 'model__module__dim_feedforward': 128, 'model__module__dropout': 0.1, 'model__module__nhead': 4, 'model__module__num_layers': 3, 'model__module__patch_size': 32, 'model__optimizer__weight_decay': 0.0001}",0.9794721407624634,0.7959183673469388,0.894927536231884,0.7839721254355401,0.648711943793911,0.8206004227141473,0.11158963016669127,187,0.8419797257006559,0.8887931034482759,0.8687892752408881,0.9120832118207447,0.9178336039736364,0.8858957840368402,0.02805513499877497
196,4.278757190704345,1.915227929740927,0.021132373809814455,0.0016145387667236746,128,10,0.0001,500,96,128,0.25,4,2,16,0.0001,"{'model__batch_size': 128, 'model__callbacks__early_stopping__patience': 10, 'model__lr': 0.0001, 'model__max_epochs': 500, 'model__module__d_model': 96, 'model__module__dim_feedforward': 128, 'model__module__dropout': 0.25, 'model__module__nhead': 4, 'model__module__num_layers': 2, 'model__module__patch_size': 16, 'model__optimizer__weight_decay': 0.0001}",0.42727272727272725,0.8674242424242424,0.8546365914786966,0.7194570135746606,0.5816430020283976,0.690086715355745,0.16746289496401365,285,0.42391304347826086,0.9399276083229262,0.8850848669538127,0.8632985452245414,0.8748477929984779,0.7974143713956038,0.1885927037767865
197,2.963270425796509,0.15311809167071905,0.019681167602539063,0.0018430134632424168,128,10,0.0001,500,96,128,0.25,4,2,32,0.0001,"{'model__batch_size': 128, 'model__callbacks__early_stopping__patience': 10, 'model__lr': 0.0001, 'model__max_epochs': 500, 'model__module__d_model': 96, 'model__module__dim_feedforward': 128, 'model__module__dropout': 0.25, 'model__module__nhead': 4, 'model__module__num_layers': 2, 'model__module__patch_size': 32, 'model__optimizer__weight_decay': 0.0001}",0.9794721407624634,0.9048913043478262,0.8546365914786966,0.8238636363636364,0.625,0.8375727345905244,0.11860313097343225,74,0.8769525083115098,0.9082330787739303,0.890124796527401,0.901740060270244,0.9376764633429974,0.9029453814452164,0.02037477579432557
198,5.861511945724487,1.0398219229978705,0.023372840881347657,0.00199150858104582,128,10,0.0001,500,96,128,0.25,4,3,16,0.0001,"{'model__batch_size': 128, 'model__callbacks__early_stopping__patience': 10, 'model__lr': 0.0001, 'model__max_epochs': 500, 'model__module__d_model': 96, 'model__module__dim_feedforward': 128, 'model__module__dropout': 0.25, 'model__module__nhead': 4, 'model__module__num_layers': 3, 'model__module__patch_size': 16, 'model__optimizer__weight_decay': 0.0001}",1.0,0.8153919923279789,0.9439071566731141,0.7194570135746606,0.6822033898305084,0.8321919104812524,0.12339189738158295,108,0.8701567917985829,0.8949938949938949,0.8942780775975077,0.8971225247524752,0.91404952438472,0.8941201627054362,0.014008748161414453
199,3.251923751831055,0.412220176228714,0.021202754974365235,0.001855534664409858,128,10,0.0001,500,96,128,0.25,4,3,32,0.0001,"{'model__batch_size': 128, 'model__callbacks__early_stopping__patience': 10, 'model__lr': 0.0001, 'model__max_epochs': 500, 'model__module__d_model': 96, 'model__module__dim_feedforward': 128, 'model__module__dropout': 0.25, 'model__module__nhead': 4, 'model__module__num_layers': 3, 'model__module__patch_size': 32, 'model__optimizer__weight_decay': 0.0001}",1.0,0.9066666666666667,0.912781954887218,0.7995885982956215,0.648711943793911,0.8535498327286835,0.1205386820913432,9,0.8516348163630935,0.8938446346280449,0.8728214790390956,0.8880214313050134,0.9235995772308622,0.8859843877132219,0.023807522875367745
200,5.485754156112671,1.7168596006023478,0.022193145751953126,0.0022056579476448543,128,10,0.0001,500,96,256,0.1,4,2,16,0.0001,"{'model__batch_size': 128, 'model__callbacks__early_stopping__patience': 10, 'model__lr': 0.0001, 'model__max_epochs': 500, 'model__module__d_model': 96, 'model__module__dim_feedforward': 256, 'model__module__dropout': 0.1, 'model__module__nhead': 4, 'model__module__num_layers': 2, 'model__module__patch_size': 16, 'model__optimizer__weight_decay': 0.0001}",1.0,0.8674242424242424,0.912781954887218,0.7416666666666667,0.6710526315789473,0.8385850991114149,0.11819640438521757,69,0.8573076923076923,0.9946019458102312,0.8925066209689982,0.9064039408866995,0.9044994715385777,0.9110639343024397,0.04533765434656306
201,2.915589189529419,0.33484494961532346,0.021355962753295897,0.0025348151442552464,128,10,0.0001,500,96,256,0.1,4,2,32,0.0001,"{'model__batch_size': 128, 'model__callbacks__early_stopping__patience': 10, 'model__lr': 0.0001, 'model__max_epochs': 500, 'model__module__d_model': 96, 'model__module__dim_feedforward': 256, 'model__module__dropout': 0.1, 'model__module__nhead': 4, 'model__module__num_layers': 2, 'model__module__patch_size': 32, 'model__optimizer__weight_decay': 0.0001}",1.0,0.8704902867715079,0.894927536231884,0.7995885982956215,0.648711943793911,0.8427436730185848,0.11639008115004106,41,0.8738095238095238,0.8938446346280449,0.8768809849521204,0.8995368437791957,0.9089117541166885,0.8905967482571147,0.013385414309247579
202,4.9980144023895265,1.6328316413088602,0.0242311954498291,0.0022202977767946377,128,10,0.0001,500,96,256,0.1,4,3,16,0.0001,"{'model__batch_size': 128, 'model__callbacks__early_stopping__patience': 10, 'model__lr': 0.0001, 'model__max_epochs': 500, 'model__module__d_model': 96, 'model__module__dim_feedforward': 256, 'model__module__dropout': 0.1, 'model__module__nhead': 4, 'model__module__num_layers': 3, 'model__module__patch_size': 16, 'model__optimizer__weight_decay': 0.0001}",1.0,0.8102981029810298,0.8878143133462283,0.7785714285714285,0.7083333333333333,0.8370034356464039,0.09983295523677224,78,0.8516348163630935,0.9298252955330055,0.8892307692307693,0.8971225247524752,0.9178336039736364,0.897129401970596,0.026943760696978757
203,3.1413991928100584,0.43261479230723454,0.021856260299682618,0.0017110674878380704,128,10,0.0001,500,96,256,0.1,4,3,32,0.0001,"{'model__batch_size': 128, 'model__callbacks__early_stopping__patience': 10, 'model__lr': 0.0001, 'model__max_epochs': 500, 'model__module__d_model': 96, 'model__module__dim_feedforward': 256, 'model__module__dropout': 0.1, 'model__module__nhead': 4, 'model__module__num_layers': 3, 'model__module__patch_size': 32, 'model__optimizer__weight_decay': 0.0001}",1.0,0.8011363636363636,0.9186535764375876,0.8199767711962833,0.7221430607010544,0.8523819543942579,0.09676920086201223,11,0.8572649096413514,0.9239898989898989,0.8892307692307693,0.9064039408866995,0.8993235177079189,0.8952426072913277,0.022118244474268547
204,4.257236909866333,0.2782576501673838,0.022771358489990234,0.0024003454976655415,128,10,0.0001,500,96,256,0.25,4,2,16,0.0001,"{'model__batch_size': 128, 'model__callbacks__early_stopping__patience': 10, 'model__lr': 0.0001, 'model__max_epochs': 500, 'model__module__d_model': 96, 'model__module__dim_feedforward': 256, 'model__module__dropout': 0.25, 'model__module__nhead': 4, 'model__module__num_layers': 2, 'model__module__patch_size': 16, 'model__optimizer__weight_decay': 0.0001}",1.0,0.8704902867715079,0.9439071566731141,0.7343941248470012,0.657707910750507,0.8412998958084261,0.12782872354796626,51,0.8585990542604279,0.9340771654884592,0.8707692307692307,0.8823167330294113,0.9133561643835616,0.8918236695862183,0.027880288909186278
205,3.0904775142669676,0.4850505923334925,0.021689128875732423,0.0019789055936691134,128,10,0.0001,500,96,256,0.25,4,2,32,0.0001,"{'model__batch_size': 128, 'model__callbacks__early_stopping__patience': 10, 'model__lr': 0.0001, 'model__max_epochs': 500, 'model__module__d_model': 96, 'model__module__dim_feedforward': 256, 'model__module__dropout': 0.25, 'model__module__nhead': 4, 'model__module__num_layers': 2, 'model__module__patch_size': 32, 'model__optimizer__weight_decay': 0.0001}",1.0,0.8731884057971014,0.8423913043478262,0.7886363636363636,0.625,0.8258432147562583,0.12212152874423556,157,0.8543956043956045,0.8985911996524545,0.8850848669538127,0.8880214313050134,0.9133561643835616,0.8878898533380892,0.019456627584467073
206,5.150297164916992,1.2343423060162266,0.023496437072753906,0.002220544417134261,128,10,0.0001,500,96,256,0.25,4,3,16,0.0001,"{'model__batch_size': 128, 'model__callbacks__early_stopping__patience': 10, 'model__lr': 0.0001, 'model__max_epochs': 500, 'model__module__d_model': 96, 'model__module__dim_feedforward': 256, 'model__module__dropout': 0.25, 'model__module__nhead': 4, 'model__module__num_layers': 3, 'model__module__patch_size': 16, 'model__optimizer__weight_decay': 0.0001}",1.0,0.9028677150786308,0.9186535764375876,0.7194570135746606,0.7357007319056655,0.855335807399309,0.10951871862292879,7,0.8460868302599099,0.9082330787739303,0.8685765941172381,0.8982013011863759,0.8985003343203745,0.8839196277315657,0.02312763000356903
207,2.7388370990753175,1.067862043992,0.022291135787963868,0.002252526440122401,128,10,0.0001,500,96,256,0.25,4,3,32,0.0001,"{'model__batch_size': 128, 'model__callbacks__early_stopping__patience': 10, 'model__lr': 0.0001, 'model__max_epochs': 500, 'model__module__d_model': 96, 'model__module__dim_feedforward': 256, 'model__module__dropout': 0.25, 'model__module__nhead': 4, 'model__module__num_layers': 3, 'model__module__patch_size': 32, 'model__optimizer__weight_decay': 0.0001}",1.0,0.8526315789473684,0.44761904761904764,0.7995885982956215,0.6926229508196722,0.7584924351363419,0.18431387844700306,260,0.8143027594174352,0.8926520762253474,0.4206008583690987,0.9027833881547309,0.9223449969306323,0.790536815819449,0.1885829518840092
208,4.435552883148193,0.46319845761737477,0.022210693359375,0.0020301216744458123,128,10,0.0001,500,96,384,0.1,4,2,16,0.0001,"{'model__batch_size': 128, 'model__callbacks__early_stopping__patience': 10, 'model__lr': 0.0001, 'model__max_epochs': 500, 'model__module__d_model': 96, 'model__module__dim_feedforward': 384, 'model__module__dropout': 0.1, 'model__module__nhead': 4, 'model__module__num_layers': 2, 'model__module__patch_size': 16, 'model__optimizer__weight_decay': 0.0001}",1.0,0.834280303030303,0.8878143133462283,0.6820512820512821,0.6822033898305084,0.8172698576516645,0.12262397344805344,199,0.8601688527061662,0.9121028873179458,0.8696911196911197,0.8632807294740248,0.9029312461632903,0.8816349670705094,0.021550653174672866
209,2.6753737449646,0.10842000198834631,0.021544837951660158,0.0027907834251096903,128,10,0.0001,500,96,384,0.1,4,2,32,0.0001,"{'model__batch_size': 128, 'model__callbacks__early_stopping__patience': 10, 'model__lr': 0.0001, 'model__max_epochs': 500, 'model__module__d_model': 96, 'model__module__dim_feedforward': 384, 'model__module__dropout': 0.1, 'model__module__nhead': 4, 'model__module__num_layers': 2, 'model__module__patch_size': 32, 'model__optimizer__weight_decay': 0.0001}",0.9794721407624634,0.8704902867715079,0.8878143133462283,0.8081575246132209,0.6366486178398404,0.8365165766666521,0.1139942111439461,81,0.8792138416379515,0.9011157482326888,0.8850848669538127,0.9006584766584766,0.9376764633429974,0.9007498793651854,0.02036127871029079
210,5.377206659317016,1.1876570499062005,0.02367401123046875,0.0018856761667785603,128,10,0.0001,500,96,384,0.1,4,3,16,0.0001,"{'model__batch_size': 128, 'model__callbacks__early_stopping__patience': 10, 'model__lr': 0.0001, 'model__max_epochs': 500, 'model__module__d_model': 96, 'model__module__dim_feedforward': 384, 'model__module__dropout': 0.1, 'model__module__nhead': 4, 'model__module__num_layers': 3, 'model__module__patch_size': 16, 'model__optimizer__weight_decay': 0.0001}",0.9794721407624634,0.8674242424242424,0.8878143133462283,0.7267117249485748,0.6950393060449986,0.8312923455053015,0.10579177236839075,119,0.8446886446886447,0.9011157482326888,0.8758916563101176,0.8971225247524752,0.8906059067922472,0.8818848961552346,0.02048192896399237
211,3.01307897567749,0.40507792341547605,0.021382522583007813,0.0019301814598600654,128,10,0.0001,500,96,384,0.1,4,3,32,0.0001,"{'model__batch_size': 128, 'model__callbacks__early_stopping__patience': 10, 'model__lr': 0.0001, 'model__max_epochs': 500, 'model__module__d_model': 96, 'model__module__dim_feedforward': 384, 'model__module__dropout': 0.1, 'model__module__nhead': 4, 'model__module__num_layers': 3, 'model__module__patch_size': 32, 'model__optimizer__weight_decay': 0.0001}",1.0,0.8153919923279789,0.9186535764375876,0.7568627450980392,0.6793958392704474,0.8340608306268106,0.11394829534492396,98,0.8543956043956045,0.9141216609802779,0.8925066209689982,0.8863409770687936,0.9472646997517671,0.8989259126330882,0.03082234698489876
212,4.603903293609619,0.5884175458420488,0.0223175048828125,0.0018964024718360578,128,10,0.0001,500,96,384,0.25,4,2,16,0.0001,"{'model__batch_size': 128, 'model__callbacks__early_stopping__patience': 10, 'model__lr': 0.0001, 'model__max_epochs': 500, 'model__module__d_model': 96, 'model__module__dim_feedforward': 384, 'model__module__dropout': 0.25, 'model__module__nhead': 4, 'model__module__num_layers': 2, 'model__module__patch_size': 16, 'model__optimizer__weight_decay': 0.0001}",1.0,0.8704902867715079,0.912781954887218,0.6340478409443927,0.6710526315789473,0.8176745428364132,0.1416292663773015,195,0.8557064033686657,0.9060471692050639,0.8809685295713511,0.8676616915422886,0.9133561643835616,0.884747991614186,0.02200782745548818
213,2.8915090560913086,0.14916123419123148,0.021261310577392577,0.002266996183889955,128,10,0.0001,500,96,384,0.25,4,2,32,0.0001,"{'model__batch_size': 128, 'model__callbacks__early_stopping__patience': 10, 'model__lr': 0.0001, 'model__max_epochs': 500, 'model__module__d_model': 96, 'model__module__dim_feedforward': 384, 'model__module__dropout': 0.25, 'model__module__nhead': 4, 'model__module__num_layers': 2, 'model__module__patch_size': 32, 'model__optimizer__weight_decay': 0.0001}",1.0,0.8878975062914665,0.9186535764375876,0.7839721254355401,0.6160794941282746,0.8413205404585737,0.13217515102159796,50,0.8855785837651122,0.8962385961941451,0.88,0.8913969087197433,0.9326103500761035,0.8971648877510209,0.01854391657202694
214,5.347425699234009,1.2891335254207148,0.023790884017944335,0.0020753977907761985,128,10,0.0001,500,96,384,0.25,4,3,16,0.0001,"{'model__batch_size': 128, 'model__callbacks__early_stopping__patience': 10, 'model__lr': 0.0001, 'model__max_epochs': 500, 'model__module__d_model': 96, 'model__module__dim_feedforward': 384, 'model__module__dropout': 0.25, 'model__module__nhead': 4, 'model__module__num_layers': 3, 'model__module__patch_size': 16, 'model__optimizer__weight_decay': 0.0001}",1.0,0.8489570846319827,0.8878143133462283,0.7416666666666667,0.7083333333333333,0.8373542795956421,0.10482079402403056,75,0.8390954755377285,0.9281537176274017,0.8677610579115367,0.8960043787629994,0.9089117541166885,0.8879852767912709,0.03135269935682163
215,3.013093280792236,0.4240112004266556,0.021823740005493163,0.0015928178429420667,128,10,0.0001,500,96,384,0.25,4,3,32,0.0001,"{'model__batch_size': 128, 'model__callbacks__early_stopping__patience': 10, 'model__lr': 0.0001, 'model__max_epochs': 500, 'model__module__d_model': 96, 'model__module__dim_feedforward': 384, 'model__module__dropout': 0.25, 'model__module__nhead': 4, 'model__module__num_layers': 3, 'model__module__patch_size': 32, 'model__optimizer__weight_decay': 0.0001}",0.9597186700767264,0.8526315789473684,0.9186535764375876,0.7568627450980392,0.648711943793911,0.8273157028707265,0.11258505093438127,146,0.8364672571511543,0.9044601711652402,0.88413807308742,0.8995368437791957,0.9235995772308622,0.8896403844827745,0.029422609187281203
216,4.450364971160889,0.6997143076796932,0.02235126495361328,0.0020286856196696334,128,10,0.0001,500,128,128,0.1,4,2,16,0.0001,"{'model__batch_size': 128, 'model__callbacks__early_stopping__patience': 10, 'model__lr': 0.0001, 'model__max_epochs': 500, 'model__module__d_model': 128, 'model__module__dim_feedforward': 128, 'model__module__dropout': 0.1, 'model__module__nhead': 4, 'model__module__num_layers': 2, 'model__module__patch_size': 16, 'model__optimizer__weight_decay': 0.0001}",0.9794721407624634,0.8674242424242424,0.8644226273959794,0.7631501616220981,0.6366486178398404,0.8222235580089249,0.11530715908925816,180,0.8459446788560713,0.9060471692050639,0.9119449355464392,0.8843295382669196,0.9126381215469613,0.892180888684291,0.025301464237877595
217,2.868468713760376,0.4114975146515341,0.022400856018066406,0.0020664012814021753,128,10,0.0001,500,128,128,0.1,4,2,32,0.0001,"{'model__batch_size': 128, 'model__callbacks__early_stopping__patience': 10, 'model__lr': 0.0001, 'model__max_epochs': 500, 'model__module__d_model': 128, 'model__module__dim_feedforward': 128, 'model__module__dropout': 0.1, 'model__module__nhead': 4, 'model__module__num_layers': 2, 'model__module__patch_size': 32, 'model__optimizer__weight_decay': 0.0001}",0.9794721407624634,0.8704902867715079,0.8317214700193424,0.8081575246132209,0.6666666666666667,0.8313016177666401,0.10112442643667031,117,0.8801447308909995,0.9121028873179458,0.8992810634834509,0.9312620510068181,0.9178336039736364,0.9081248673345701,0.017358078121474864
218,4.939527082443237,0.5510531403470612,0.022997713088989256,0.0018916530607294227,128,10,0.0001,500,128,128,0.1,4,3,16,0.0001,"{'model__batch_size': 128, 'model__callbacks__early_stopping__patience': 10, 'model__lr': 0.0001, 'model__max_epochs': 500, 'model__module__d_model': 128, 'model__module__dim_feedforward': 128, 'model__module__dropout': 0.1, 'model__module__nhead': 4, 'model__module__num_layers': 3, 'model__module__patch_size': 16, 'model__optimizer__weight_decay': 0.0001}",0.9794721407624634,0.8853801169590643,0.8644226273959794,0.6964504283965729,0.6366486178398404,0.8124747862707841,0.12671099003068773,214,0.8419797257006559,0.9011157482326888,0.88413807308742,0.8738140417457305,0.9133561643835616,0.8828807506300114,0.024568051982384303
219,2.763687801361084,0.3821119696008498,0.020786285400390625,0.0019257491654849012,128,10,0.0001,500,128,128,0.1,4,3,32,0.0001,"{'model__batch_size': 128, 'model__callbacks__early_stopping__patience': 10, 'model__lr': 0.0001, 'model__max_epochs': 500, 'model__module__d_model': 128, 'model__module__dim_feedforward': 128, 'model__module__dropout': 0.1, 'model__module__nhead': 4, 'model__module__num_layers': 3, 'model__module__patch_size': 32, 'model__optimizer__weight_decay': 0.0001}",0.9794721407624634,0.8526315789473684,0.8878143133462283,0.7839721254355401,0.6666666666666667,0.8341113650316533,0.10479354031622598,97,0.8623376623376624,0.9171004434162329,0.8819056591077317,0.8948450347881087,0.9286560261688568,0.8969689651637184,0.023833118372473136
220,4.790461015701294,1.082438984105184,0.021708106994628905,0.0018377287968112316,128,10,0.0001,500,128,128,0.25,4,2,16,0.0001,"{'model__batch_size': 128, 'model__callbacks__early_stopping__patience': 10, 'model__lr': 0.0001, 'model__max_epochs': 500, 'model__module__d_model': 128, 'model__module__dim_feedforward': 128, 'model__module__dropout': 0.25, 'model__module__nhead': 4, 'model__module__num_layers': 2, 'model__module__patch_size': 16, 'model__optimizer__weight_decay': 0.0001}",0.9406593406593406,0.8853801169590643,0.912781954887218,0.7839721254355401,0.6366486178398404,0.8318884311562007,0.11104124498898257,111,0.8248989427860697,0.9892652076225348,0.8942780775975077,0.8902014742014741,0.9073956346683619,0.9012078673751895,0.05250637729746062
221,2.7399824142456053,0.0936503405405134,0.020587348937988283,0.0017854954221249904,128,10,0.0001,500,128,128,0.25,4,2,32,0.0001,"{'model__batch_size': 128, 'model__callbacks__early_stopping__patience': 10, 'model__lr': 0.0001, 'model__max_epochs': 500, 'model__module__d_model': 128, 'model__module__dim_feedforward': 128, 'model__module__dropout': 0.25, 'model__module__nhead': 4, 'model__module__num_layers': 2, 'model__module__patch_size': 32, 'model__optimizer__weight_decay': 0.0001}",1.0,0.8198830409356725,0.7964912280701755,0.7886363636363636,0.642478813559322,0.8094978892403069,0.11392862125584007,223,0.9010898775753956,0.8479797979797981,0.8863636363636365,0.8971225247524752,0.9229832572298327,0.8911078187802277,0.02463491508831122
222,5.284927892684936,0.7311044677880106,0.023028564453125,0.0020234855722182673,128,10,0.0001,500,128,128,0.25,4,3,16,0.0001,"{'model__batch_size': 128, 'model__callbacks__early_stopping__patience': 10, 'model__lr': 0.0001, 'model__max_epochs': 500, 'model__module__d_model': 128, 'model__module__dim_feedforward': 128, 'model__module__dropout': 0.25, 'model__module__nhead': 4, 'model__module__num_layers': 3, 'model__module__patch_size': 16, 'model__optimizer__weight_decay': 0.0001}",1.0,0.8674242424242424,0.8644226273959794,0.6964504283965729,0.6666666666666667,0.8189927929766924,0.12279492173444127,192,0.8544535141379899,0.9121028873179458,0.8831593706184764,0.8676616915422886,0.9178336039736364,0.8870422135180673,0.024612401450540475
223,2.880837821960449,0.5467535395036371,0.020536279678344725,0.0017139570459919662,128,10,0.0001,500,128,128,0.25,4,3,32,0.0001,"{'model__batch_size': 128, 'model__callbacks__early_stopping__patience': 10, 'model__lr': 0.0001, 'model__max_epochs': 500, 'model__module__d_model': 128, 'model__module__dim_feedforward': 128, 'model__module__dropout': 0.25, 'model__module__nhead': 4, 'model__module__num_layers': 3, 'model__module__patch_size': 32, 'model__optimizer__weight_decay': 0.0001}",1.0,0.8878975062914665,0.8791666666666667,0.7479674796747967,0.6822033898305084,0.8394470084926876,0.11206821571442502,65,0.8581977739726028,0.9121028873179458,0.8707692307692307,0.8843295382669196,0.9286560261688568,0.8908110912991111,0.02604954833869782
224,4.514985132217407,0.6838996177690392,0.022141313552856444,0.001876192828778665,128,10,0.0001,500,128,256,0.1,4,2,16,0.0001,"{'model__batch_size': 128, 'model__callbacks__early_stopping__patience': 10, 'model__lr': 0.0001, 'model__max_epochs': 500, 'model__module__d_model': 128, 'model__module__dim_feedforward': 256, 'model__module__dropout': 0.1, 'model__module__nhead': 4, 'model__module__num_layers': 2, 'model__module__patch_size': 16, 'model__optimizer__weight_decay': 0.0001}",1.0,0.8526315789473684,0.912781954887218,0.7839721254355401,0.6543778801843317,0.8407527078908916,0.1171739143249356,57,0.8671087089764307,0.9463260381126737,0.890124796527401,0.8902014742014741,0.9235995772308622,0.9034721190097684,0.027993326266269585
225,2.3863810539245605,0.32320559298315676,0.020403480529785155,0.001631075226398348,128,10,0.0001,500,128,256,0.1,4,2,32,0.0001,"{'model__batch_size': 128, 'model__callbacks__early_stopping__patience': 10, 'model__lr': 0.0001, 'model__max_epochs': 500, 'model__module__d_model': 128, 'model__module__dim_feedforward': 256, 'model__module__dropout': 0.1, 'model__module__nhead': 4, 'model__module__num_layers': 2, 'model__module__patch_size': 32, 'model__optimizer__weight_decay': 0.0001}",0.9786078098471986,0.9199267902081903,0.8791666666666667,0.7995885982956215,0.6793958392704474,0.8513371408576249,0.1038446614310312,13,0.8781026329831276,0.9399276083229262,0.8696911196911197,0.8889617747033216,0.9081669691470053,0.8969700209695001,0.02503986722153563
226,4.631353092193604,0.896245549889712,0.023434877395629883,0.002090452899680175,128,10,0.0001,500,128,256,0.1,4,3,16,0.0001,"{'model__batch_size': 128, 'model__callbacks__early_stopping__patience': 10, 'model__lr': 0.0001, 'model__max_epochs': 500, 'model__module__d_model': 128, 'model__module__dim_feedforward': 256, 'model__module__dropout': 0.1, 'model__module__nhead': 4, 'model__module__num_layers': 3, 'model__module__patch_size': 16, 'model__optimizer__weight_decay': 0.0001}",1.0,0.9028677150786308,0.8644226273959794,0.7416666666666667,0.7357007319056655,0.8489315482093887,0.10029729141956516,16,0.8653259764774213,0.9332758620689655,0.890124796527401,0.8856048166392994,0.9089117541166885,0.8966486411659552,0.022967686790594504
227,2.4526203632354737,0.36961963644435125,0.021124553680419923,0.0018495876859888221,128,10,0.0001,500,128,256,0.1,4,3,32,0.0001,"{'model__batch_size': 128, 'model__callbacks__early_stopping__patience': 10, 'model__lr': 0.0001, 'model__max_epochs': 500, 'model__module__d_model': 128, 'model__module__dim_feedforward': 256, 'model__module__dropout': 0.1, 'model__module__nhead': 4, 'model__module__num_layers': 3, 'model__module__patch_size': 32, 'model__optimizer__weight_decay': 0.0001}",0.9794721407624634,0.8381128584643849,0.8546365914786966,0.8559814169570268,0.6793958392704474,0.8415197693866038,0.0956115294290496,49,0.8343781367777126,0.9190291871534679,0.8637372989704596,0.9168035030103996,0.9223449969306323,0.8912586245685343,0.03572931782591284
228,4.418887901306152,0.7439538220384071,0.02183375358581543,0.002125396967165266,128,10,0.0001,500,128,256,0.25,4,2,16,0.0001,"{'model__batch_size': 128, 'model__callbacks__early_stopping__patience': 10, 'model__lr': 0.0001, 'model__max_epochs': 500, 'model__module__d_model': 128, 'model__module__dim_feedforward': 256, 'model__module__dropout': 0.25, 'model__module__nhead': 4, 'model__module__num_layers': 2, 'model__module__patch_size': 16, 'model__optimizer__weight_decay': 0.0001}",0.9794721407624634,0.8526315789473684,0.8878143133462283,0.7416666666666667,0.625,0.8173169399445452,0.1226540515216574,197,0.8781026329831276,0.9180831022585356,0.8850848669538127,0.901740060270244,0.918499990525458,0.9003021305982356,0.016575738342794282
229,2.4684051990509035,0.18005920201642933,0.020695972442626952,0.001421692617261374,128,10,0.0001,500,128,256,0.25,4,2,32,0.0001,"{'model__batch_size': 128, 'model__callbacks__early_stopping__patience': 10, 'model__lr': 0.0001, 'model__max_epochs': 500, 'model__module__d_model': 128, 'model__module__dim_feedforward': 256, 'model__module__dropout': 0.25, 'model__module__nhead': 4, 'model__module__num_layers': 2, 'model__module__patch_size': 32, 'model__optimizer__weight_decay': 0.0001}",0.9794721407624634,0.8901098901098901,0.8878143133462283,0.8081575246132209,0.6543778801843317,0.8439863498032268,0.10921515222377566,32,0.8390954755377285,0.9160793668003904,0.8586411308709531,0.9120832118207447,0.9133561643835616,0.8878510698826755,0.032449566444802035
230,4.995220947265625,0.9434110764576743,0.023225879669189452,0.0017559623724477077,128,10,0.0001,500,128,256,0.25,4,3,16,0.0001,"{'model__batch_size': 128, 'model__callbacks__early_stopping__patience': 10, 'model__lr': 0.0001, 'model__max_epochs': 500, 'model__module__d_model': 128, 'model__module__dim_feedforward': 256, 'model__module__dropout': 0.25, 'model__module__nhead': 4, 'model__module__num_layers': 3, 'model__module__patch_size': 16, 'model__optimizer__weight_decay': 0.0001}",1.0,0.8853801169590643,0.9186535764375876,0.7343941248470012,0.6666666666666667,0.841018896982064,0.12250517920285386,53,0.8390954755377285,0.8866408620148551,0.8789988968560397,0.8783867056274475,0.918499990525458,0.8803243861123058,0.02530853308563477
231,2.7753313541412354,0.23445200903473237,0.020949506759643556,0.0018062049979456413,128,10,0.0001,500,128,256,0.25,4,3,32,0.0001,"{'model__batch_size': 128, 'model__callbacks__early_stopping__patience': 10, 'model__lr': 0.0001, 'model__max_epochs': 500, 'model__module__d_model': 128, 'model__module__dim_feedforward': 256, 'model__module__dropout': 0.25, 'model__module__nhead': 4, 'model__module__num_layers': 3, 'model__module__patch_size': 32, 'model__optimizer__weight_decay': 0.0001}",0.9597186700767264,0.8853801169590643,0.9186535764375876,0.7631501616220981,0.6793958392704474,0.8412596728731847,0.1041824940095007,52,0.864626820976237,0.9256912442396313,0.8656001647814071,0.9111154791154792,0.9223449969306323,0.8978757412086773,0.027184336941069524
232,4.627751350402832,0.44494559862726396,0.022177600860595705,0.0019097675398909858,128,10,0.0001,500,128,384,0.1,4,2,16,0.0001,"{'model__batch_size': 128, 'model__callbacks__early_stopping__patience': 10, 'model__lr': 0.0001, 'model__max_epochs': 500, 'model__module__d_model': 128, 'model__module__dim_feedforward': 384, 'model__module__dropout': 0.1, 'model__module__nhead': 4, 'model__module__num_layers': 2, 'model__module__patch_size': 16, 'model__optimizer__weight_decay': 0.0001}",0.9794721407624634,0.8639455782312926,0.912781954887218,0.7343941248470012,0.6366486178398404,0.8254484833135631,0.12391023688686918,160,0.8671087089764307,0.9024357691024358,0.8748691189344135,0.8960043787629994,0.918499990525458,0.8917835932603474,0.018654753385690944
233,2.806690788269043,0.4406917136151337,0.020571374893188478,0.0018886882192898937,128,10,0.0001,500,128,384,0.1,4,2,32,0.0001,"{'model__batch_size': 128, 'model__callbacks__early_stopping__patience': 10, 'model__lr': 0.0001, 'model__max_epochs': 500, 'model__module__d_model': 128, 'model__module__dim_feedforward': 384, 'model__module__dropout': 0.1, 'model__module__nhead': 4, 'model__module__num_layers': 2, 'model__module__patch_size': 32, 'model__optimizer__weight_decay': 0.0001}",0.9794721407624634,0.8381128584643849,0.8878143133462283,0.7785714285714285,0.6666666666666667,0.8301274815622344,0.10495030123205036,130,0.8781026329831276,0.9838058374306935,0.9212138896994456,0.8902014742014741,0.9275002388002674,0.9201648146230017,0.036802493621785164
234,5.265720558166504,2.1702853614887814,0.023816680908203124,0.0021404257019960785,128,10,0.0001,500,128,384,0.1,4,3,16,0.0001,"{'model__batch_size': 128, 'model__callbacks__early_stopping__patience': 10, 'model__lr': 0.0001, 'model__max_epochs': 500, 'model__module__d_model': 128, 'model__module__dim_feedforward': 384, 'model__module__dropout': 0.1, 'model__module__nhead': 4, 'model__module__num_layers': 3, 'model__module__patch_size': 16, 'model__optimizer__weight_decay': 0.0001}",1.0,0.834280303030303,0.8644226273959794,0.7416666666666667,0.7083333333333333,0.8297405860852566,0.10267273966202851,133,0.8432416444838805,0.9892652076225348,0.8860009119927041,0.9064039408866995,0.909630966480552,0.9069085342932741,0.04749924088161325
235,2.7387595176696777,0.6216156660331127,0.02149515151977539,0.0016779279345089456,128,10,0.0001,500,128,384,0.1,4,3,32,0.0001,"{'model__batch_size': 128, 'model__callbacks__early_stopping__patience': 10, 'model__lr': 0.0001, 'model__max_epochs': 500, 'model__module__d_model': 128, 'model__module__dim_feedforward': 384, 'model__module__dropout': 0.1, 'model__module__nhead': 4, 'model__module__num_layers': 3, 'model__module__patch_size': 32, 'model__optimizer__weight_decay': 0.0001}",1.0,0.8526315789473684,0.8546365914786966,0.7685902957220787,0.7221430607010544,0.8396003053698398,0.09482888992686403,64,0.8252747252747252,0.9392069918385708,0.8626559956592512,0.8960043787629994,0.9147191011235956,0.8875722385318283,0.03993995544165457
236,4.3787699222564695,0.5316883494413408,0.02241959571838379,0.002033701835157798,128,10,0.0001,500,128,384,0.25,4,2,16,0.0001,"{'model__batch_size': 128, 'model__callbacks__early_stopping__patience': 10, 'model__lr': 0.0001, 'model__max_epochs': 500, 'model__module__d_model': 128, 'model__module__dim_feedforward': 384, 'model__module__dropout': 0.25, 'model__module__nhead': 4, 'model__module__num_layers': 2, 'model__module__patch_size': 16, 'model__optimizer__weight_decay': 0.0001}",1.0,0.8526315789473684,0.8791666666666667,0.7343941248470012,0.6666666666666667,0.8265718074255407,0.11626611552526621,153,0.8529721249689108,0.9011157482326888,0.9018538713195201,0.8913969087197433,0.918499990525458,0.8931677287532642,0.021905095023767557
237,2.3671157360076904,0.7373026061525938,0.020867013931274415,0.0017901292575071366,128,10,0.0001,500,128,384,0.25,4,2,32,0.0001,"{'model__batch_size': 128, 'model__callbacks__early_stopping__patience': 10, 'model__lr': 0.0001, 'model__max_epochs': 500, 'model__module__d_model': 128, 'model__module__dim_feedforward': 384, 'model__module__dropout': 0.25, 'model__module__nhead': 4, 'model__module__num_layers': 2, 'model__module__patch_size': 32, 'model__optimizer__weight_decay': 0.0001}",0.42727272727272725,0.8878975062914665,0.8317214700193424,0.7568627450980392,0.6543778801843317,0.7116264657731814,0.16228065805175265,277,0.4403726708074534,0.8618816298205612,0.8831593706184764,0.901740060270244,0.9191434963247044,0.8012594455682878,0.18144691482504996
238,4.728393077850342,1.1135428426162814,0.02377352714538574,0.002227843458115247,128,10,0.0001,500,128,384,0.25,4,3,16,0.0001,"{'model__batch_size': 128, 'model__callbacks__early_stopping__patience': 10, 'model__lr': 0.0001, 'model__max_epochs': 500, 'model__module__d_model': 128, 'model__module__dim_feedforward': 384, 'model__module__dropout': 0.25, 'model__module__nhead': 4, 'model__module__num_layers': 3, 'model__module__patch_size': 16, 'model__optimizer__weight_decay': 0.0001}",1.0,0.8674242424242424,0.8644226273959794,0.7416666666666667,0.6666666666666667,0.828036040630711,0.1148449050427622,142,0.8349816849816849,0.9131313131313131,0.8697843042690127,0.8752052545155993,0.9235995772308622,0.8833404268256946,0.03192745996236623
239,2.8820778369903564,0.28360758701665706,0.022023391723632813,0.0021127739817424977,128,10,0.0001,500,128,384,0.25,4,3,32,0.0001,"{'model__batch_size': 128, 'model__callbacks__early_stopping__patience': 10, 'model__lr': 0.0001, 'model__max_epochs': 500, 'model__module__d_model': 128, 'model__module__dim_feedforward': 384, 'model__module__dropout': 0.25, 'model__module__nhead': 4, 'model__module__num_layers': 3, 'model__module__patch_size': 32, 'model__optimizer__weight_decay': 0.0001}",0.9794721407624634,0.8558682223747426,0.8546365914786966,0.7194570135746606,0.6277915632754343,0.8074451062931995,0.12180511895025685,229,0.8581977739726028,0.8926520762253474,0.8748691189344135,0.905360531309298,0.9280882269342277,0.8918335454751778,0.024154536462010854
240,3.306601715087891,0.4810996665744607,0.021651315689086913,0.0020670848921191093,128,10,0.0002,500,96,128,0.1,4,2,16,0.0001,"{'model__batch_size': 128, 'model__callbacks__early_stopping__patience': 10, 'model__lr': 0.0002, 'model__max_epochs': 500, 'model__module__d_model': 96, 'model__module__dim_feedforward': 128, 'model__module__dropout': 0.1, 'model__module__nhead': 4, 'model__module__num_layers': 2, 'model__module__patch_size': 16, 'model__optimizer__weight_decay': 0.0001}",0.9597186700767264,0.8299319727891157,0.8791666666666667,0.6964504283965729,0.642478813559322,0.8015493102976807,0.11678764816724178,235,0.8512280701754386,0.9399276083229262,0.8811012664916947,0.8823167330294113,0.9223449969306323,0.8953837349900207,0.031734916035150225
241,1.9605059146881103,0.1156629068118107,0.020179271697998047,0.0018069076594963722,128,10,0.0002,500,96,128,0.1,4,2,32,0.0001,"{'model__batch_size': 128, 'model__callbacks__early_stopping__patience': 10, 'model__lr': 0.0002, 'model__max_epochs': 500, 'model__module__d_model': 96, 'model__module__dim_feedforward': 128, 'model__module__dropout': 0.1, 'model__module__nhead': 4, 'model__module__num_layers': 2, 'model__module__patch_size': 32, 'model__optimizer__weight_decay': 0.0001}",1.0,0.8558682223747426,0.8644226273959794,0.7886363636363636,0.6366486178398404,0.8291151662493853,0.11819126443888114,137,0.8572649096413514,0.8926520762253474,0.8860009119927041,0.8707106056187421,0.9089117541166885,0.8831080515189667,0.017814896935002114
242,3.8771072387695313,0.7561986245600473,0.02281327247619629,0.0021032812659743387,128,10,0.0002,500,96,128,0.1,4,3,16,0.0001,"{'model__batch_size': 128, 'model__callbacks__early_stopping__patience': 10, 'model__lr': 0.0002, 'model__max_epochs': 500, 'model__module__d_model': 96, 'model__module__dim_feedforward': 128, 'model__module__dropout': 0.1, 'model__module__nhead': 4, 'model__module__num_layers': 3, 'model__module__patch_size': 16, 'model__optimizer__weight_decay': 0.0001}",1.0,0.79,0.8644226273959794,0.6725691208449829,0.7083333333333333,0.807065016314859,0.11716834844184963,231,0.8718316166592028,0.9457070707070707,0.8656001647814071,0.8692874692874692,0.91404952438472,0.893295169163974,0.03156522672571183
243,2.249568796157837,0.5132249952742822,0.020887041091918947,0.0017063670280229508,128,10,0.0002,500,96,128,0.1,4,3,32,0.0001,"{'model__batch_size': 128, 'model__callbacks__early_stopping__patience': 10, 'model__lr': 0.0002, 'model__max_epochs': 500, 'model__module__d_model': 96, 'model__module__dim_feedforward': 128, 'model__module__dropout': 0.1, 'model__module__nhead': 4, 'model__module__num_layers': 3, 'model__module__patch_size': 32, 'model__optimizer__weight_decay': 0.0001}",1.0,0.8853801169590643,0.9186535764375876,0.7886363636363636,0.6832298136645962,0.8551799741395223,0.10946113144983662,8,0.853039041703638,0.8879165890895551,0.8696911196911197,0.9369070208728653,0.9711187214611872,0.903734498563673,0.04386396467100301
244,2.9882998943328856,0.2781421586118683,0.021447038650512694,0.001967768549876083,128,10,0.0002,500,96,128,0.25,4,2,16,0.0001,"{'model__batch_size': 128, 'model__callbacks__early_stopping__patience': 10, 'model__lr': 0.0002, 'model__max_epochs': 500, 'model__module__d_model': 96, 'model__module__dim_feedforward': 128, 'model__module__dropout': 0.25, 'model__module__nhead': 4, 'model__module__num_layers': 2, 'model__module__patch_size': 16, 'model__optimizer__weight_decay': 0.0001}",0.9794721407624634,0.8878975062914665,0.8546365914786966,0.6964504283965729,0.625,0.8086913333858398,0.12953084223432196,228,0.8272592592592592,0.8601322780006506,0.8909898391763676,0.8618500779040914,0.8985003343203745,0.8677463577321486,0.025369319952882857
245,1.8567244052886962,0.11287635760780643,0.02029528617858887,0.0018772042529038829,128,10,0.0002,500,96,128,0.25,4,2,32,0.0001,"{'model__batch_size': 128, 'model__callbacks__early_stopping__patience': 10, 'model__lr': 0.0002, 'model__max_epochs': 500, 'model__module__d_model': 96, 'model__module__dim_feedforward': 128, 'model__module__dropout': 0.25, 'model__module__nhead': 4, 'model__module__num_layers': 2, 'model__module__patch_size': 32, 'model__optimizer__weight_decay': 0.0001}",0.9794721407624634,0.8704902867715079,0.894927536231884,0.7685902957220787,0.6793958392704474,0.8385752197516763,0.10419410941862517,70,0.8641025641025641,0.8832290980908493,0.8728214790390956,0.9272030651340997,0.8985003343203745,0.8891713081373966,0.022201414229926195
246,3.3570884704589843,0.28383259792334203,0.022863388061523438,0.0018045094433289193,128,10,0.0002,500,96,128,0.25,4,3,16,0.0001,"{'model__batch_size': 128, 'model__callbacks__early_stopping__patience': 10, 'model__lr': 0.0002, 'model__max_epochs': 500, 'model__module__d_model': 96, 'model__module__dim_feedforward': 128, 'model__module__dropout': 0.25, 'model__module__nhead': 4, 'model__module__num_layers': 3, 'model__module__patch_size': 16, 'model__optimizer__weight_decay': 0.0001}",1.0,0.8526315789473684,0.9186535764375876,0.6964504283965729,0.7357007319056655,0.8406872631374389,0.1126307214329802,58,0.8543956043956045,0.9048899490404423,0.8718122626153011,0.8982013011863759,0.91404952438472,0.8886697283244887,0.022167409458859175
247,1.998698854446411,0.2241379418560693,0.02071347236633301,0.001667319526151335,128,10,0.0002,500,96,128,0.25,4,3,32,0.0001,"{'model__batch_size': 128, 'model__callbacks__early_stopping__patience': 10, 'model__lr': 0.0002, 'model__max_epochs': 500, 'model__module__d_model': 96, 'model__module__dim_feedforward': 128, 'model__module__dropout': 0.25, 'model__module__nhead': 4, 'model__module__num_layers': 3, 'model__module__patch_size': 32, 'model__optimizer__weight_decay': 0.0001}",0.9794721407624634,0.8198830409356725,0.894927536231884,0.8081575246132209,0.6366486178398404,0.8278177720766162,0.11357631690337887,144,0.8515567120218284,0.8985911996524545,0.8748691189344135,0.913016715717391,0.9191434963247044,0.8914354485301583,0.02509760419598442
248,2.8780335903167726,0.21972636837071133,0.02176246643066406,0.0019252313436733972,128,10,0.0002,500,96,256,0.1,4,2,16,0.0001,"{'model__batch_size': 128, 'model__callbacks__early_stopping__patience': 10, 'model__lr': 0.0002, 'model__max_epochs': 500, 'model__module__d_model': 96, 'model__module__dim_feedforward': 256, 'model__module__dropout': 0.1, 'model__module__nhead': 4, 'model__module__num_layers': 2, 'model__module__patch_size': 16, 'model__optimizer__weight_decay': 0.0001}",1.0,0.8853801169590643,0.9439071566731141,0.7343941248470012,0.6543778801843317,0.8436118557327023,0.12961404009260202,36,0.8446886446886447,0.8999137931034482,0.8748691189344135,0.8925500605920711,0.917143462598008,0.8858330159833171,0.024644664199485578
249,1.987839412689209,0.20514395916435504,0.02036309242248535,0.0017784214886352194,128,10,0.0002,500,96,256,0.1,4,2,32,0.0001,"{'model__batch_size': 128, 'model__callbacks__early_stopping__patience': 10, 'model__lr': 0.0002, 'model__max_epochs': 500, 'model__module__d_model': 96, 'model__module__dim_feedforward': 256, 'model__module__dropout': 0.1, 'model__module__nhead': 4, 'model__module__num_layers': 2, 'model__module__patch_size': 32, 'model__optimizer__weight_decay': 0.0001}",1.0,0.8526315789473684,0.8878143133462283,0.7926421404682273,0.6666666666666667,0.8399509398856981,0.10984804469527562,62,0.8557064033686657,0.8680306905370845,0.8828125,0.9064039408866995,0.9280882269342277,0.8882083523453355,0.026130877465003918
250,3.293358659744263,0.44069039780774444,0.023244333267211915,0.0020671584294795855,128,10,0.0002,500,96,256,0.1,4,3,16,0.0001,"{'model__batch_size': 128, 'model__callbacks__early_stopping__patience': 10, 'model__lr': 0.0002, 'model__max_epochs': 500, 'model__module__d_model': 96, 'model__module__dim_feedforward': 256, 'model__module__dropout': 0.1, 'model__module__nhead': 4, 'model__module__num_layers': 3, 'model__module__patch_size': 16, 'model__optimizer__weight_decay': 0.0001}",1.0,0.8489570846319827,0.912781954887218,0.7568627450980392,0.7219279661016949,0.8481059501437869,0.10149060894994952,18,0.8375773109711929,0.8901286091474321,0.8666984456664226,0.877841561423651,0.905243445692884,0.8754978745803165,0.022889951316899197
251,2.138082218170166,0.18200855805331642,0.02170414924621582,0.001466741017739783,128,10,0.0002,500,96,256,0.1,4,3,32,0.0001,"{'model__batch_size': 128, 'model__callbacks__early_stopping__patience': 10, 'model__lr': 0.0002, 'model__max_epochs': 500, 'model__module__d_model': 96, 'model__module__dim_feedforward': 256, 'model__module__dropout': 0.1, 'model__module__nhead': 4, 'model__module__num_layers': 3, 'model__module__patch_size': 32, 'model__optimizer__weight_decay': 0.0001}",0.9794721407624634,0.8558682223747426,0.894927536231884,0.7839721254355401,0.6612466124661247,0.8350973274541509,0.10741790172898665,90,0.8277335116361138,0.8962385961941451,0.9042407660738714,0.8995368437791957,0.9178336039736364,0.8891166643313925,0.03156135156778668
252,2.865735483169556,0.312666970159426,0.021694135665893555,0.0019305841671480803,128,10,0.0002,500,96,256,0.25,4,2,16,0.0001,"{'model__batch_size': 128, 'model__callbacks__early_stopping__patience': 10, 'model__lr': 0.0002, 'model__max_epochs': 500, 'model__module__d_model': 96, 'model__module__dim_feedforward': 256, 'model__module__dropout': 0.25, 'model__module__nhead': 4, 'model__module__num_layers': 2, 'model__module__patch_size': 16, 'model__optimizer__weight_decay': 0.0001}",1.0,0.8674242424242424,0.9186535764375876,0.7839721254355401,0.6027542372881356,0.8345608363171012,0.13551031422298845,93,0.8360056258790436,0.8999137931034482,0.9026759813934327,0.8810537571692427,0.8976478067387158,0.8834593928567767,0.02489571342375284
253,1.99739351272583,0.21209627293770522,0.02041792869567871,0.0019653594871418723,128,10,0.0002,500,96,256,0.25,4,2,32,0.0001,"{'model__batch_size': 128, 'model__callbacks__early_stopping__patience': 10, 'model__lr': 0.0002, 'model__max_epochs': 500, 'model__module__d_model': 96, 'model__module__dim_feedforward': 256, 'model__module__dropout': 0.25, 'model__module__nhead': 4, 'model__module__num_layers': 2, 'model__module__patch_size': 32, 'model__optimizer__weight_decay': 0.0001}",1.0,0.8526315789473684,0.9186535764375876,0.8081575246132209,0.625,0.8408885359996354,0.1258419148223448,56,0.8581977739726028,0.8542525368762423,0.8737980769230769,0.8948450347881087,0.9280882269342277,0.8818363298988515,0.02717618390047399
254,3.374233531951904,0.43644322050573336,0.023508453369140626,0.002554351074298322,128,10,0.0002,500,96,256,0.25,4,3,16,0.0001,"{'model__batch_size': 128, 'model__callbacks__early_stopping__patience': 10, 'model__lr': 0.0002, 'model__max_epochs': 500, 'model__module__d_model': 96, 'model__module__dim_feedforward': 256, 'model__module__dropout': 0.25, 'model__module__nhead': 4, 'model__module__num_layers': 3, 'model__module__patch_size': 16, 'model__optimizer__weight_decay': 0.0001}",0.9406593406593406,0.8489570846319827,0.8878143133462283,0.7194570135746606,0.7086247086247086,0.8211024921673843,0.09219895936149429,184,0.8564538957521536,0.9092658102153541,0.8575052350227277,0.8868347772277227,0.9089117541166885,0.8837942944669294,0.023356119016402922
255,2.092672824859619,0.2236347450751081,0.021025371551513673,0.0018022558539982833,128,10,0.0002,500,96,256,0.25,4,3,32,0.0001,"{'model__batch_size': 128, 'model__callbacks__early_stopping__patience': 10, 'model__lr': 0.0002, 'model__max_epochs': 500, 'model__module__d_model': 96, 'model__module__dim_feedforward': 256, 'model__module__dropout': 0.25, 'model__module__nhead': 4, 'model__module__num_layers': 3, 'model__module__patch_size': 32, 'model__optimizer__weight_decay': 0.0001}",1.0,0.834280303030303,0.9186535764375876,0.7785714285714285,0.5812655086848635,0.8225541633448366,0.14213677942088948,179,0.8515567120218284,0.8962385961941451,0.88413807308742,0.8913969087197433,0.9280882269342277,0.8902837033914729,0.024508898820907975
256,3.197549343109131,0.6828582219490915,0.02180204391479492,0.0019728965591419984,128,10,0.0002,500,96,384,0.1,4,2,16,0.0001,"{'model__batch_size': 128, 'model__callbacks__early_stopping__patience': 10, 'model__lr': 0.0002, 'model__max_epochs': 500, 'model__module__d_model': 96, 'model__module__dim_feedforward': 384, 'model__module__dropout': 0.1, 'model__module__nhead': 4, 'model__module__num_layers': 2, 'model__module__patch_size': 16, 'model__optimizer__weight_decay': 0.0001}",0.9597186700767264,0.8878975062914665,0.8878143133462283,0.7047619047619047,0.657707910750507,0.8195800610453666,0.11691690921904402,189,0.8941846958036881,0.9011157482326888,0.8883066740209598,0.8913969087197433,0.9073956346683619,0.8964799322890883,0.00690725325645124
257,1.9482485771179199,0.0705573896793235,0.020391511917114257,0.001811337076693245,128,10,0.0002,500,96,384,0.1,4,2,32,0.0001,"{'model__batch_size': 128, 'model__callbacks__early_stopping__patience': 10, 'model__lr': 0.0002, 'model__max_epochs': 500, 'model__module__d_model': 96, 'model__module__dim_feedforward': 384, 'model__module__dropout': 0.1, 'model__module__nhead': 4, 'model__module__num_layers': 2, 'model__module__patch_size': 32, 'model__optimizer__weight_decay': 0.0001}",1.0,0.834280303030303,0.894927536231884,0.7732770745428974,0.6793958392704474,0.8363761506151064,0.10847094815968573,83,0.8598880563000237,0.9033868686028126,0.8778382907415165,0.9064039408866995,0.909630966480552,0.8914296246023209,0.019380864611902502
258,3.2770849227905274,0.5234347803267817,0.02384347915649414,0.002384482772450505,128,10,0.0002,500,96,384,0.1,4,3,16,0.0001,"{'model__batch_size': 128, 'model__callbacks__early_stopping__patience': 10, 'model__lr': 0.0002, 'model__max_epochs': 500, 'model__module__d_model': 96, 'model__module__dim_feedforward': 384, 'model__module__dropout': 0.1, 'model__module__nhead': 4, 'model__module__num_layers': 3, 'model__module__patch_size': 16, 'model__optimizer__weight_decay': 0.0001}",0.9794721407624634,0.834280303030303,0.9186535764375876,0.7416666666666667,0.6950393060449986,0.8338223985884039,0.10598472673840342,100,0.8349816849816849,0.9256912442396313,0.8707692307692307,0.8823167330294113,0.8862921348314606,0.8800102055702836,0.02913589977928994
259,2.4355799674987795,0.24410388837606944,0.022634124755859374,0.0042499459369687515,128,10,0.0002,500,96,384,0.1,4,3,32,0.0001,"{'model__batch_size': 128, 'model__callbacks__early_stopping__patience': 10, 'model__lr': 0.0002, 'model__max_epochs': 500, 'model__module__d_model': 96, 'model__module__dim_feedforward': 384, 'model__module__dropout': 0.1, 'model__module__nhead': 4, 'model__module__num_layers': 3, 'model__module__patch_size': 32, 'model__optimizer__weight_decay': 0.0001}",1.0,0.8153919923279789,0.894927536231884,0.8081575246132209,0.7219279661016949,0.8480810038549557,0.09364937115561674,19,0.8623376623376624,0.8962385961941451,0.8768809849521204,0.9027833881547309,0.9235995772308622,0.8923680417739043,0.02116857131144038
260,2.9520546913146974,0.4399358430803229,0.021970224380493165,0.0021023728588471127,128,10,0.0002,500,96,384,0.25,4,2,16,0.0001,"{'model__batch_size': 128, 'model__callbacks__early_stopping__patience': 10, 'model__lr': 0.0002, 'model__max_epochs': 500, 'model__module__d_model': 96, 'model__module__dim_feedforward': 384, 'model__module__dropout': 0.25, 'model__module__nhead': 4, 'model__module__num_layers': 2, 'model__module__patch_size': 16, 'model__optimizer__weight_decay': 0.0001}",1.0,0.8674242424242424,0.8644226273959794,0.6585067319461444,0.6697746697746698,0.8120256543082073,0.13034738441275928,217,0.8598880563000237,0.8999137931034482,0.8728214790390956,0.8678116365515733,0.9029312461632903,0.8806732422314862,0.017462603339623673
261,1.9641037464141846,0.026994225395765674,0.020548248291015626,0.0016570670275554051,128,10,0.0002,500,96,384,0.25,4,2,32,0.0001,"{'model__batch_size': 128, 'model__callbacks__early_stopping__patience': 10, 'model__lr': 0.0002, 'model__max_epochs': 500, 'model__module__d_model': 96, 'model__module__dim_feedforward': 384, 'model__module__dropout': 0.25, 'model__module__nhead': 4, 'model__module__num_layers': 2, 'model__module__patch_size': 32, 'model__optimizer__weight_decay': 0.0001}",1.0,0.834280303030303,0.9186535764375876,0.7685902957220787,0.6950393060449986,0.8433126962469937,0.10758919917417371,37,0.8598880563000237,0.8891457800511509,0.8768809849521204,0.901740060270244,0.9197649472996922,0.8894839657746463,0.02050374135240578
262,3.355881452560425,0.49099218123778815,0.02352457046508789,0.0022960208350644444,128,10,0.0002,500,96,384,0.25,4,3,16,0.0001,"{'model__batch_size': 128, 'model__callbacks__early_stopping__patience': 10, 'model__lr': 0.0002, 'model__max_epochs': 500, 'model__module__d_model': 96, 'model__module__dim_feedforward': 384, 'model__module__dropout': 0.25, 'model__module__nhead': 4, 'model__module__num_layers': 3, 'model__module__patch_size': 16, 'model__optimizer__weight_decay': 0.0001}",1.0,0.834280303030303,0.9439071566731141,0.7047619047619047,0.7357007319056655,0.8437300192741974,0.11447927904300308,34,0.8349816849816849,0.9150757077024358,0.8748691189344135,0.8752052545155993,0.909630966480552,0.8819525465229372,0.028862437414864228
263,2.2212890625,0.309771326684089,0.021826696395874024,0.0020083961568473645,128,10,0.0002,500,96,384,0.25,4,3,32,0.0001,"{'model__batch_size': 128, 'model__callbacks__early_stopping__patience': 10, 'model__lr': 0.0002, 'model__max_epochs': 500, 'model__module__d_model': 96, 'model__module__dim_feedforward': 384, 'model__module__dropout': 0.25, 'model__module__nhead': 4, 'model__module__num_layers': 3, 'model__module__patch_size': 32, 'model__optimizer__weight_decay': 0.0001}",0.9222222222222223,0.834280303030303,0.894927536231884,0.7839721254355401,0.7357007319056655,0.834220583765123,0.06879054410343838,96,0.8459546583522697,0.8962385961941451,0.9084373304395008,0.905360531309298,0.9203651243311299,0.8952712481252687,0.025837584139514244
264,2.838492822647095,0.2680708339780588,0.0218019962310791,0.002008828504908737,128,10,0.0002,500,128,128,0.1,4,2,16,0.0001,"{'model__batch_size': 128, 'model__callbacks__early_stopping__patience': 10, 'model__lr': 0.0002, 'model__max_epochs': 500, 'model__module__d_model': 128, 'model__module__dim_feedforward': 128, 'model__module__dropout': 0.1, 'model__module__nhead': 4, 'model__module__num_layers': 2, 'model__module__patch_size': 16, 'model__optimizer__weight_decay': 0.0001}",0.9794721407624634,0.8489570846319827,0.894927536231884,0.6964504283965729,0.642478813559322,0.8124572007164449,0.12520208567676766,216,0.8845665801784057,0.9190291871534679,0.8637372989704596,0.8752052545155993,0.9229832572298327,0.8931043156095531,0.023750962496432496
265,1.6814250946044922,0.12014138038260982,0.02012491226196289,0.001774566387770997,128,10,0.0002,500,128,128,0.1,4,2,32,0.0001,"{'model__batch_size': 128, 'model__callbacks__early_stopping__patience': 10, 'model__lr': 0.0002, 'model__max_epochs': 500, 'model__module__d_model': 128, 'model__module__dim_feedforward': 128, 'model__module__dropout': 0.1, 'model__module__nhead': 4, 'model__module__num_layers': 2, 'model__module__patch_size': 32, 'model__optimizer__weight_decay': 0.0001}",0.9794721407624634,0.8526315789473684,0.8684807256235827,0.7886363636363636,0.5833333333333334,0.8145108284606224,0.1309127176076246,209,0.853039041703638,0.8879165890895551,0.8976144511858797,0.9168035030103996,0.918499990525458,0.894774715102986,0.0238542265356712
266,3.1978702545166016,0.20207841821511824,0.02315797805786133,0.0020388369139805974,128,10,0.0002,500,128,128,0.1,4,3,16,0.0001,"{'model__batch_size': 128, 'model__callbacks__early_stopping__patience': 10, 'model__lr': 0.0002, 'model__max_epochs': 500, 'model__module__d_model': 128, 'model__module__dim_feedforward': 128, 'model__module__dropout': 0.1, 'model__module__nhead': 4, 'model__module__num_layers': 3, 'model__module__patch_size': 16, 'model__optimizer__weight_decay': 0.0001}",0.9597186700767264,0.781826900023975,0.8878143133462283,0.7047619047619047,0.6666666666666667,0.8001576909751004,0.10990870483490056,237,0.8540878492389123,0.8761455878502226,0.8925066209689982,0.8913969087197433,0.9235995772308622,0.8875473088017477,0.02275396638161908
267,1.9651884078979491,0.3986801793739688,0.020909690856933595,0.0019649776223781153,128,10,0.0002,500,128,128,0.1,4,3,32,0.0001,"{'model__batch_size': 128, 'model__callbacks__early_stopping__patience': 10, 'model__lr': 0.0002, 'model__max_epochs': 500, 'model__module__d_model': 128, 'model__module__dim_feedforward': 128, 'model__module__dropout': 0.1, 'model__module__nhead': 4, 'model__module__num_layers': 3, 'model__module__patch_size': 32, 'model__optimizer__weight_decay': 0.0001}",0.9597186700767264,0.8414855072463767,0.8644226273959794,0.7839721254355401,0.6793958392704474,0.825798953885014,0.09258045370778538,159,0.835260474947159,0.945064304573716,0.8626559956592512,0.9168035030103996,0.909630966480552,0.8938830489342156,0.039508480325231306
268,2.970511722564697,0.3912674426695566,0.02189006805419922,0.0017631967409983936,128,10,0.0002,500,128,128,0.25,4,2,16,0.0001,"{'model__batch_size': 128, 'model__callbacks__early_stopping__patience': 10, 'model__lr': 0.0002, 'model__max_epochs': 500, 'model__module__d_model': 128, 'model__module__dim_feedforward': 128, 'model__module__dropout': 0.25, 'model__module__nhead': 4, 'model__module__num_layers': 2, 'model__module__patch_size': 16, 'model__optimizer__weight_decay': 0.0001}",0.9597186700767264,0.8674242424242424,0.8644226273959794,0.6964504283965729,0.642478813559322,0.8060989563705686,0.1179455879387135,232,0.8459446788560713,0.9508498613551214,0.8768809849521204,0.8971225247524752,0.9229832572298327,0.8987562614291242,0.03625176009277831
269,1.8182108402252197,0.15530056945603896,0.02028689384460449,0.0018675124103858364,128,10,0.0002,500,128,128,0.25,4,2,32,0.0001,"{'model__batch_size': 128, 'model__callbacks__early_stopping__patience': 10, 'model__lr': 0.0002, 'model__max_epochs': 500, 'model__module__d_model': 128, 'model__module__dim_feedforward': 128, 'model__module__dropout': 0.25, 'model__module__nhead': 4, 'model__module__num_layers': 2, 'model__module__patch_size': 32, 'model__optimizer__weight_decay': 0.0001}",0.9794721407624634,0.858712715855573,0.8317214700193424,0.7886363636363636,0.5416666666666666,0.8000418713880817,0.14389504407701964,238,0.8726338361431529,0.9248564533577432,0.8707692307692307,0.901740060270244,0.9326103500761035,0.9005219861232948,0.02563703751159052
270,4.106840801239014,1.714845873745305,0.022999143600463866,0.001989034385738346,128,10,0.0002,500,128,128,0.25,4,3,16,0.0001,"{'model__batch_size': 128, 'model__callbacks__early_stopping__patience': 10, 'model__lr': 0.0002, 'model__max_epochs': 500, 'model__module__d_model': 128, 'model__module__dim_feedforward': 128, 'model__module__dropout': 0.25, 'model__module__nhead': 4, 'model__module__num_layers': 3, 'model__module__patch_size': 16, 'model__optimizer__weight_decay': 0.0001}",0.9794721407624634,0.7413155949741316,0.8512820512820514,0.7047619047619047,0.6612466124661247,0.7876156608493351,0.11475181527323167,252,0.8394912174439734,0.9946019458102312,0.9076923076923077,0.8823167330294113,0.9229832572298327,0.9094170922411513,0.0511224655653101
271,1.938185977935791,0.09392433940436841,0.020924758911132813,0.0021184827620698665,128,10,0.0002,500,128,128,0.25,4,3,32,0.0001,"{'model__batch_size': 128, 'model__callbacks__early_stopping__patience': 10, 'model__lr': 0.0002, 'model__max_epochs': 500, 'model__module__d_model': 128, 'model__module__dim_feedforward': 128, 'model__module__dropout': 0.25, 'model__module__nhead': 4, 'model__module__num_layers': 3, 'model__module__patch_size': 32, 'model__optimizer__weight_decay': 0.0001}",0.9597186700767264,0.8878975062914665,0.8644226273959794,0.7886363636363636,0.6543778801843317,0.8310106095169735,0.10383924556917824,123,0.835260474947159,0.8694411270570613,0.8568493604612633,0.8960043787629994,0.91404952438472,0.8743209731226406,0.027940366962077513
272,2.764173126220703,0.30761543957406523,0.02194828987121582,0.0017475466138394157,128,10,0.0002,500,128,256,0.1,4,2,16,0.0001,"{'model__batch_size': 128, 'model__callbacks__early_stopping__patience': 10, 'model__lr': 0.0002, 'model__max_epochs': 500, 'model__module__d_model': 128, 'model__module__dim_feedforward': 256, 'model__module__dropout': 0.1, 'model__module__nhead': 4, 'model__module__num_layers': 2, 'model__module__patch_size': 16, 'model__optimizer__weight_decay': 0.0001}",1.0,0.8853801169590643,0.8878143133462283,0.7267117249485748,0.7221430607010544,0.8444098431909843,0.10636994067516163,29,0.8726338361431529,0.9071608492263403,0.8809685295713511,0.8971225247524752,0.9229832572298327,0.8961737993846304,0.018031597120090174
273,1.5526087284088135,0.10928492975715814,0.020483732223510742,0.001677209663756807,128,10,0.0002,500,128,256,0.1,4,2,32,0.0001,"{'model__batch_size': 128, 'model__callbacks__early_stopping__patience': 10, 'model__lr': 0.0002, 'model__max_epochs': 500, 'model__module__d_model': 128, 'model__module__dim_feedforward': 256, 'model__module__dropout': 0.1, 'model__module__nhead': 4, 'model__module__num_layers': 2, 'model__module__patch_size': 32, 'model__optimizer__weight_decay': 0.0001}",0.9794721407624634,0.8878975062914665,0.8791666666666667,0.8199767711962833,0.6666666666666667,0.8466359503167092,0.10344648074122625,24,0.833444247264123,0.8938446346280449,0.8620774691303659,0.8902014742014741,0.9133561643835616,0.8785847979215138,0.02788196164982992
274,3.218333530426025,0.6111265085450283,0.023214340209960938,0.0018997852809947001,128,10,0.0002,500,128,256,0.1,4,3,16,0.0001,"{'model__batch_size': 128, 'model__callbacks__early_stopping__patience': 10, 'model__lr': 0.0002, 'model__max_epochs': 500, 'model__module__d_model': 128, 'model__module__dim_feedforward': 256, 'model__module__dropout': 0.1, 'model__module__nhead': 4, 'model__module__num_layers': 3, 'model__module__patch_size': 16, 'model__optimizer__weight_decay': 0.0001}",0.9794721407624634,0.8489570846319827,0.8644226273959794,0.7267117249485748,0.6950393060449986,0.8229205767567997,0.10248753554197002,176,0.8375773109711929,0.8962385961941451,0.8758916563101176,0.8856048166392994,0.9191434963247044,0.8828911752878918,0.026840595522533768
275,1.9439515590667724,0.2924819068659582,0.021115827560424804,0.0019238126745800966,128,10,0.0002,500,128,256,0.1,4,3,32,0.0001,"{'model__batch_size': 128, 'model__callbacks__early_stopping__patience': 10, 'model__lr': 0.0002, 'model__max_epochs': 500, 'model__module__d_model': 128, 'model__module__dim_feedforward': 256, 'model__module__dropout': 0.1, 'model__module__nhead': 4, 'model__module__num_layers': 3, 'model__module__patch_size': 32, 'model__optimizer__weight_decay': 0.0001}",0.9597186700767264,0.9028677150786308,0.8878143133462283,0.7416666666666667,0.7083333333333333,0.8400801397003171,0.09754654434537084,60,0.8665083477259643,0.9281537176274017,0.916923076923077,0.901740060270244,0.9133561643835616,0.9053362733860497,0.02116482454150877
276,2.744437313079834,0.493672548121595,0.022232961654663087,0.001998359365772969,128,10,0.0002,500,128,256,0.25,4,2,16,0.0001,"{'model__batch_size': 128, 'model__callbacks__early_stopping__patience': 10, 'model__lr': 0.0002, 'model__max_epochs': 500, 'model__module__d_model': 128, 'model__module__dim_feedforward': 256, 'model__module__dropout': 0.25, 'model__module__nhead': 4, 'model__module__num_layers': 2, 'model__module__patch_size': 16, 'model__optimizer__weight_decay': 0.0001}",0.9406593406593406,0.8558682223747426,0.8317214700193424,0.6964504283965729,0.642478813559322,0.7934356550018642,0.10884166929708633,247,0.8488472648990781,0.8810250554469795,0.8934070272404264,0.8678116365515733,0.9178336039736364,0.8817849176223389,0.023303648473813506
277,1.622574234008789,0.13595138064986192,0.020378684997558592,0.0018228746374791811,128,10,0.0002,500,128,256,0.25,4,2,32,0.0001,"{'model__batch_size': 128, 'model__callbacks__early_stopping__patience': 10, 'model__lr': 0.0002, 'model__max_epochs': 500, 'model__module__d_model': 128, 'model__module__dim_feedforward': 256, 'model__module__dropout': 0.25, 'model__module__nhead': 4, 'model__module__num_layers': 2, 'model__module__patch_size': 32, 'model__optimizer__weight_decay': 0.0001}",0.9406593406593406,0.8878975062914665,0.9439071566731141,0.7416666666666667,0.6366486178398404,0.8301558576260856,0.12145770008880259,129,0.8268476840423987,0.9071608492263403,0.88,0.8925500605920711,0.9326103500761035,0.8878337887873828,0.03516075125625409
278,3.2924853801727294,0.6995001997152476,0.023530960083007812,0.0018789404733784677,128,10,0.0002,500,128,256,0.25,4,3,16,0.0001,"{'model__batch_size': 128, 'model__callbacks__early_stopping__patience': 10, 'model__lr': 0.0002, 'model__max_epochs': 500, 'model__module__d_model': 128, 'model__module__dim_feedforward': 256, 'model__module__dropout': 0.25, 'model__module__nhead': 4, 'model__module__num_layers': 3, 'model__module__patch_size': 16, 'model__optimizer__weight_decay': 0.0001}",1.0,0.8526315789473684,0.8644226273959794,0.7267117249485748,0.6926229508196722,0.8272777764223189,0.10963664947548521,147,0.8326924180680709,0.9033868686028126,0.8707692307692307,0.8868347772277227,0.9133561643835616,0.8814078918102796,0.02835347286408364
279,1.8749726295471192,0.2556952878825155,0.021172046661376953,0.0017020963889102035,128,10,0.0002,500,128,256,0.25,4,3,32,0.0001,"{'model__batch_size': 128, 'model__callbacks__early_stopping__patience': 10, 'model__lr': 0.0002, 'model__max_epochs': 500, 'model__module__d_model': 128, 'model__module__dim_feedforward': 256, 'model__module__dropout': 0.25, 'model__module__nhead': 4, 'model__module__num_layers': 3, 'model__module__patch_size': 32, 'model__optimizer__weight_decay': 0.0001}",1.0,0.8526315789473684,0.8546365914786966,0.8115501519756838,0.648711943793911,0.8335060532391321,0.11239523492912275,102,0.8324027393794835,0.9298252955330055,0.8615384615384616,0.8971225247524752,0.9089117541166885,0.8859601550640228,0.03475727501966334
280,3.0931818962097166,0.8933712780765675,0.022184371948242188,0.0019389499732309517,128,10,0.0002,500,128,384,0.1,4,2,16,0.0001,"{'model__batch_size': 128, 'model__callbacks__early_stopping__patience': 10, 'model__lr': 0.0002, 'model__max_epochs': 500, 'model__module__d_model': 128, 'model__module__dim_feedforward': 384, 'model__module__dropout': 0.1, 'model__module__nhead': 4, 'model__module__num_layers': 2, 'model__module__patch_size': 16, 'model__optimizer__weight_decay': 0.0001}",0.9597186700767264,0.8674242424242424,0.894927536231884,0.6352941176470588,0.6950393060449986,0.8104807744849822,0.12382476405046607,221,0.8459546583522697,0.978768926925609,0.8819056591077317,0.8555830367376485,0.9191434963247044,0.8962711554895926,0.048420381339321396
281,1.6541630268096923,0.1790133512018504,0.02046809196472168,0.0020276431969972683,128,10,0.0002,500,128,384,0.1,4,2,32,0.0001,"{'model__batch_size': 128, 'model__callbacks__early_stopping__patience': 10, 'model__lr': 0.0002, 'model__max_epochs': 500, 'model__module__d_model': 128, 'model__module__dim_feedforward': 384, 'model__module__dropout': 0.1, 'model__module__nhead': 4, 'model__module__num_layers': 2, 'model__module__patch_size': 32, 'model__optimizer__weight_decay': 0.0001}",0.9597186700767264,0.8153919923279789,0.8878143133462283,0.7568627450980392,0.6666666666666667,0.817290877503128,0.10158941769838621,198,0.8364672571511543,0.9131313131313131,0.8707692307692307,0.8925500605920711,0.9235995772308622,0.8873034877749264,0.03120805408071014
282,3.8279631614685057,0.8957517329169535,0.023834419250488282,0.0019823353006204036,128,10,0.0002,500,128,384,0.1,4,3,16,0.0001,"{'model__batch_size': 128, 'model__callbacks__early_stopping__patience': 10, 'model__lr': 0.0002, 'model__max_epochs': 500, 'model__module__d_model': 128, 'model__module__dim_feedforward': 384, 'model__module__dropout': 0.1, 'model__module__nhead': 4, 'model__module__num_layers': 3, 'model__module__patch_size': 16, 'model__optimizer__weight_decay': 0.0001}",0.9597186700767264,0.8526315789473684,0.9186535764375876,0.6585067319461444,0.6543778801843317,0.8087776875184318,0.12899590347628456,227,0.8598880563000237,0.9199404207782536,0.8860009119927041,0.8856048166392994,0.9292043652644343,0.8961277141949429,0.025249578772511612
283,1.9375893592834472,0.0735717363403577,0.021346139907836913,0.002071938400091959,128,10,0.0002,500,128,384,0.1,4,3,32,0.0001,"{'model__batch_size': 128, 'model__callbacks__early_stopping__patience': 10, 'model__lr': 0.0002, 'model__max_epochs': 500, 'model__module__d_model': 128, 'model__module__dim_feedforward': 384, 'model__module__dropout': 0.1, 'model__module__nhead': 4, 'model__module__num_layers': 3, 'model__module__patch_size': 32, 'model__optimizer__weight_decay': 0.0001}",0.9597186700767264,0.8704902867715079,0.8423913043478262,0.7194570135746606,0.6793958392704474,0.8142906228082337,0.10226180472774155,210,0.8379318177846896,0.8819172838478821,0.8687892752408881,0.8948450347881087,0.9223449969306323,0.8811656817184401,0.02794912533676273
284,3.316157913208008,1.065236496680692,0.022780609130859376,0.0022533682873595953,128,10,0.0002,500,128,384,0.25,4,2,16,0.0001,"{'model__batch_size': 128, 'model__callbacks__early_stopping__patience': 10, 'model__lr': 0.0002, 'model__max_epochs': 500, 'model__module__d_model': 128, 'model__module__dim_feedforward': 384, 'model__module__dropout': 0.25, 'model__module__nhead': 4, 'model__module__num_layers': 2, 'model__module__patch_size': 16, 'model__optimizer__weight_decay': 0.0001}",0.9794721407624634,0.8299319727891157,0.8017094017094017,0.6340478409443927,0.6950393060449986,0.7880401324500744,0.11912243161620582,251,0.8324027393794835,0.9891414141414141,0.9162300055157198,0.8692874692874692,0.9191434963247044,0.9052410249297582,0.05282307397397431
285,1.6000379085540772,0.1237294854589161,0.02045755386352539,0.001848462662754565,128,10,0.0002,500,128,384,0.25,4,2,32,0.0001,"{'model__batch_size': 128, 'model__callbacks__early_stopping__patience': 10, 'model__lr': 0.0002, 'model__max_epochs': 500, 'model__module__d_model': 128, 'model__module__dim_feedforward': 384, 'model__module__dropout': 0.25, 'model__module__nhead': 4, 'model__module__num_layers': 2, 'model__module__patch_size': 32, 'model__optimizer__weight_decay': 0.0001}",0.9794721407624634,0.8731884057971014,0.8423913043478262,0.7785714285714285,0.613716454323665,0.8174679467604969,0.12082955928113907,196,0.8512280701754386,0.8962385961941451,0.8778382907415165,0.9006584766584766,0.91404952438472,0.8880025916308594,0.021735336867539777
286,3.131471586227417,0.5407250262986094,0.02357001304626465,0.0018485708933637741,128,10,0.0002,500,128,384,0.25,4,3,16,0.0001,"{'model__batch_size': 128, 'model__callbacks__early_stopping__patience': 10, 'model__lr': 0.0002, 'model__max_epochs': 500, 'model__module__d_model': 128, 'model__module__dim_feedforward': 384, 'model__module__dropout': 0.25, 'model__module__nhead': 4, 'model__module__num_layers': 3, 'model__module__patch_size': 16, 'model__optimizer__weight_decay': 0.0001}",1.0,0.8153919923279789,0.8644226273959794,0.7479674796747967,0.648711943793911,0.8152988086385331,0.11731357955636927,206,0.8474211103062722,0.9141216609802779,0.8768809849521204,0.9111154791154792,0.9126381215469613,0.8924354713802222,0.026440935433741434
287,1.852645492553711,0.19882720424119604,0.021608400344848632,0.002284575221767889,128,10,0.0002,500,128,384,0.25,4,3,32,0.0001,"{'model__batch_size': 128, 'model__callbacks__early_stopping__patience': 10, 'model__lr': 0.0002, 'model__max_epochs': 500, 'model__module__d_model': 128, 'model__module__dim_feedforward': 384, 'model__module__dropout': 0.25, 'model__module__nhead': 4, 'model__module__num_layers': 3, 'model__module__patch_size': 32, 'model__optimizer__weight_decay': 0.0001}",0.9406593406593406,0.8704902867715079,0.8423913043478262,0.7416666666666667,0.6793958392704474,0.8149206875431577,0.09315144669559855,207,0.8569732297063903,0.9248564533577432,0.8707472886643887,0.8971225247524752,0.9229832572298327,0.8945365507421661,0.027247498760941197
