,mean_fit_time,std_fit_time,mean_score_time,std_score_time,param_model__batch_size,param_model__callbacks__early_stopping__patience,param_model__lr,param_model__max_epochs,param_model__module__d_model,param_model__module__dim_feedforward,param_model__module__dropout,param_model__module__nhead,param_model__module__num_layers,param_model__module__patch_size,param_model__optimizer__weight_decay,params,split0_test_score,split1_test_score,split2_test_score,split3_test_score,split4_test_score,mean_test_score,std_test_score,rank_test_score,split0_train_score,split1_train_score,split2_train_score,split3_train_score,split4_train_score,mean_train_score,std_train_score
0,8.677732038497926,4.284332162442621,0.037744665145874025,0.005479339205473825,64,10,3e-05,500,96,128,0.1,4,2,16,0.0001,"{'model__batch_size': 64, 'model__callbacks__early_stopping__patience': 10, 'model__lr': 3e-05, 'model__max_epochs': 500, 'model__module__d_model': 96, 'model__module__dim_feedforward': 128, 'model__module__dropout': 0.1, 'model__module__nhead': 4, 'model__module__num_layers': 2, 'model__module__patch_size': 16, 'model__optimizer__weight_decay': 0.0001}",0.8186379928315413,0.5292207792207793,0.5931385687483248,0.6961524631427544,0.8008578431372549,0.687601529416131,0.11320634150106856,124,0.8186323924731183,0.5613410162388686,0.6839996826907822,0.8391075388026608,0.9109730848861284,0.7628107430183115,0.12465197245218604
1,6.442871761322022,3.670982437691927,0.03371243476867676,0.005344478865888781,64,10,3e-05,500,96,128,0.1,4,2,32,0.0001,"{'model__batch_size': 64, 'model__callbacks__early_stopping__patience': 10, 'model__lr': 3e-05, 'model__max_epochs': 500, 'model__module__d_model': 96, 'model__module__dim_feedforward': 128, 'model__module__dropout': 0.1, 'model__module__nhead': 4, 'model__module__num_layers': 2, 'model__module__patch_size': 32, 'model__optimizer__weight_decay': 0.0001}",0.7946428571428572,0.6073500967117988,0.6054347826086957,0.7115384615384615,0.8079196217494089,0.7053771639502444,0.08731445094623451,86,0.8311310562619463,0.4855994944023113,0.6414491449144915,0.8642474825365145,0.8651433691756272,0.7375141094581781,0.15086693422232833
2,9.530572032928466,4.996003245274679,0.03509812355041504,0.00433683801024815,64,10,3e-05,500,96,128,0.1,4,3,16,0.0001,"{'model__batch_size': 64, 'model__callbacks__early_stopping__patience': 10, 'model__lr': 3e-05, 'model__max_epochs': 500, 'model__module__d_model': 96, 'model__module__dim_feedforward': 128, 'model__module__dropout': 0.1, 'model__module__nhead': 4, 'model__module__num_layers': 3, 'model__module__patch_size': 16, 'model__optimizer__weight_decay': 0.0001}",0.7744531053557959,0.7646103896103896,0.5814722911497106,0.6358543417366946,0.7610294117647058,0.7034839079234594,0.07942940464375853,91,0.7902651021295088,0.6538145715138848,0.6771356783919598,0.852991452991453,0.8542592453114408,0.7656932100676495,0.08535569093742054
3,7.828205728530884,2.77525258043508,0.032668018341064455,0.0021529680734582684,64,10,3e-05,500,96,128,0.1,4,3,32,0.0001,"{'model__batch_size': 64, 'model__callbacks__early_stopping__patience': 10, 'model__lr': 3e-05, 'model__max_epochs': 500, 'model__module__d_model': 96, 'model__module__dim_feedforward': 128, 'model__module__dropout': 0.1, 'model__module__nhead': 4, 'model__module__num_layers': 3, 'model__module__patch_size': 32, 'model__optimizer__weight_decay': 0.0001}",0.785663082437276,0.8018975332068312,0.5565509518477043,0.6634615384615385,0.7849624060150375,0.7185071023936775,0.09501579426022165,65,0.8015625,0.8460868302599099,0.706090283409228,0.8500079276993817,0.8857153862450167,0.8178925855227073,0.06195590268617977
4,7.6834314346313475,4.149988239128681,0.030882883071899413,0.0037494591383872775,64,10,3e-05,500,96,128,0.25,4,2,16,0.0001,"{'model__batch_size': 64, 'model__callbacks__early_stopping__patience': 10, 'model__lr': 3e-05, 'model__max_epochs': 500, 'model__module__d_model': 96, 'model__module__dim_feedforward': 128, 'model__module__dropout': 0.25, 'model__module__nhead': 4, 'model__module__num_layers': 2, 'model__module__patch_size': 16, 'model__optimizer__weight_decay': 0.0001}",0.731934731934732,0.49313358302122345,0.4362297496318115,0.7115384615384615,0.7360199937519525,0.6217713039756362,0.12978460478260181,273,0.7583360991260095,0.6104798982996981,0.6280263157894737,0.8340951354733311,0.8375283857794401,0.7336931668935904,0.09779220323177241
5,6.636649084091187,3.908761674936497,0.02954726219177246,0.0030960448778117725,64,10,3e-05,500,96,128,0.25,4,2,32,0.0001,"{'model__batch_size': 64, 'model__callbacks__early_stopping__patience': 10, 'model__lr': 3e-05, 'model__max_epochs': 500, 'model__module__d_model': 96, 'model__module__dim_feedforward': 128, 'model__module__dropout': 0.25, 'model__module__nhead': 4, 'model__module__num_layers': 2, 'model__module__patch_size': 32, 'model__optimizer__weight_decay': 0.0001}",0.7804161566707466,0.6073500967117988,0.5565509518477043,0.726890756302521,0.8299912816041848,0.7002398486273911,0.10319782040295858,97,0.8449328449328449,0.4679083292944679,0.6059145673603505,0.860106998264893,0.879075348244249,0.731587617619361,0.16518927634326744
6,8.960984659194946,4.8783850609935975,0.033337068557739255,0.00419572085046232,64,10,3e-05,500,96,128,0.25,4,3,16,0.0001,"{'model__batch_size': 64, 'model__callbacks__early_stopping__patience': 10, 'model__lr': 3e-05, 'model__max_epochs': 500, 'model__module__d_model': 96, 'model__module__dim_feedforward': 128, 'model__module__dropout': 0.25, 'model__module__nhead': 4, 'model__module__num_layers': 3, 'model__module__patch_size': 16, 'model__optimizer__weight_decay': 0.0001}",0.7804161566707466,0.7138519924098672,0.5223800589654248,0.6823069403714566,0.7849624060150375,0.6967835108865066,0.09559017228182007,102,0.816614286927716,0.6440757949760418,0.5593425894948143,0.8065577967558473,0.8975319148936169,0.7448244766096073,0.12396626048051877
7,5.926867818832397,3.4943973848572725,0.030743408203125,0.003620310384418477,64,10,3e-05,500,96,128,0.25,4,3,32,0.0001,"{'model__batch_size': 64, 'model__callbacks__early_stopping__patience': 10, 'model__lr': 3e-05, 'model__max_epochs': 500, 'model__module__d_model': 96, 'model__module__dim_feedforward': 128, 'model__module__dropout': 0.25, 'model__module__nhead': 4, 'model__module__num_layers': 3, 'model__module__patch_size': 32, 'model__optimizer__weight_decay': 0.0001}",0.7535714285714286,0.6322463768115942,0.5931385687483248,0.7724089635854342,0.7695035460992907,0.7041737767632146,0.07598225551935645,89,0.7792264232942199,0.46168745275888134,0.6500503226570362,0.8510366547108739,0.8458781362007168,0.7175757979243456,0.14704599614506406
8,7.430718088150025,3.3851964947618534,0.03136134147644043,0.003716204219397268,64,10,3e-05,500,96,256,0.1,4,2,16,0.0001,"{'model__batch_size': 64, 'model__callbacks__early_stopping__patience': 10, 'model__lr': 3e-05, 'model__max_epochs': 500, 'model__module__d_model': 96, 'model__module__dim_feedforward': 256, 'model__module__dropout': 0.1, 'model__module__nhead': 4, 'model__module__num_layers': 2, 'model__module__patch_size': 16, 'model__optimizer__weight_decay': 0.0001}",0.7604166666666666,0.7011494252873562,0.5195968645016797,0.7115056333219529,0.7849624060150375,0.6955261991585386,0.09321770395304277,104,0.8100224382946897,0.5876861524783286,0.697172034564022,0.8580983978851374,0.8834073962491527,0.7672772838942661,0.11020848101097276
9,5.8149614334106445,3.372312182712422,0.032176971435546875,0.009002476399071353,64,10,3e-05,500,96,256,0.1,4,2,32,0.0001,"{'model__batch_size': 64, 'model__callbacks__early_stopping__patience': 10, 'model__lr': 3e-05, 'model__max_epochs': 500, 'model__module__d_model': 96, 'model__module__dim_feedforward': 256, 'model__module__dropout': 0.1, 'model__module__nhead': 4, 'model__module__num_layers': 2, 'model__module__patch_size': 32, 'model__optimizer__weight_decay': 0.0001}",0.7261904761904763,0.5166666666666667,0.44537815126050423,0.6966666666666667,0.7610294117647058,0.6291862745098038,0.12473341142786609,263,0.8267716535433072,0.4657258064516129,0.6247357524245396,0.8590983563236616,0.8658398012441499,0.7284342739974542,0.1583620812194195
10,9.04048285484314,3.110219978043032,0.033554363250732425,0.0029511721550155865,64,10,3e-05,500,96,256,0.1,4,3,16,0.0001,"{'model__batch_size': 64, 'model__callbacks__early_stopping__patience': 10, 'model__lr': 3e-05, 'model__max_epochs': 500, 'model__module__d_model': 96, 'model__module__dim_feedforward': 256, 'model__module__dropout': 0.1, 'model__module__nhead': 4, 'model__module__num_layers': 3, 'model__module__patch_size': 16, 'model__optimizer__weight_decay': 0.0001}",0.7466340269277846,0.8459203036053131,0.4652777777777778,0.7115056333219529,0.7849624060150375,0.7108600295295732,0.13063175563682336,74,0.8101522625835522,0.8283678756476685,0.5866576056178503,0.8293986238942006,0.8645669291338582,0.7838286593754259,0.10014827824950864
11,4.745894718170166,2.9143065129572956,0.028137683868408203,0.002479230937737025,64,10,3e-05,500,96,256,0.1,4,3,32,0.0001,"{'model__batch_size': 64, 'model__callbacks__early_stopping__patience': 10, 'model__lr': 3e-05, 'model__max_epochs': 500, 'model__module__d_model': 96, 'model__module__dim_feedforward': 256, 'model__module__dropout': 0.1, 'model__module__nhead': 4, 'model__module__num_layers': 3, 'model__module__patch_size': 32, 'model__optimizer__weight_decay': 0.0001}",0.7183673469387755,0.5639097744360901,0.4652777777777778,0.7596153846153846,0.8079196217494089,0.6630179811034874,0.1283080050235441,191,0.7624899812984237,0.4384657508154568,0.6150716473297119,0.8652838545886674,0.8857153862450167,0.7134053240554554,0.1675878456554374
12,6.716918039321899,3.392555455229371,0.029823923110961915,0.0027790759324486,64,10,3e-05,500,96,256,0.25,4,2,16,0.0001,"{'model__batch_size': 64, 'model__callbacks__early_stopping__patience': 10, 'model__lr': 3e-05, 'model__max_epochs': 500, 'model__module__d_model': 96, 'model__module__dim_feedforward': 256, 'model__module__dropout': 0.25, 'model__module__nhead': 4, 'model__module__num_layers': 2, 'model__module__patch_size': 16, 'model__optimizer__weight_decay': 0.0001}",0.731934731934732,0.6034188034188034,0.4362297496318115,0.7360199937519525,0.7849624060150375,0.6585131369504674,0.12635881526304146,210,0.781786941580756,0.5583333333333333,0.6208357129259471,0.778249181646947,0.8333586626139817,0.7145127664201931,0.10571650579005419
13,6.300366592407227,4.005262453491159,0.028971338272094728,0.00342398460795741,64,10,3e-05,500,96,256,0.25,4,2,32,0.0001,"{'model__batch_size': 64, 'model__callbacks__early_stopping__patience': 10, 'model__lr': 3e-05, 'model__max_epochs': 500, 'model__module__d_model': 96, 'model__module__dim_feedforward': 256, 'model__module__dropout': 0.25, 'model__module__nhead': 4, 'model__module__num_layers': 2, 'model__module__patch_size': 32, 'model__optimizer__weight_decay': 0.0001}",0.731934731934732,0.483065953654189,0.44537815126050423,0.6823069403714566,0.7695035460992907,0.6224378646640345,0.13264754540755788,272,0.8079637096774194,0.46268992966031686,0.5983010533469248,0.8590983563236616,0.9028394968742939,0.7261785091765234,0.16813356869219268
14,8.397138357162476,5.3975149857864,0.0313603401184082,0.003485109193181583,64,10,3e-05,500,96,256,0.25,4,3,16,0.0001,"{'model__batch_size': 64, 'model__callbacks__early_stopping__patience': 10, 'model__lr': 3e-05, 'model__max_epochs': 500, 'model__module__d_model': 96, 'model__module__dim_feedforward': 256, 'model__module__dropout': 0.25, 'model__module__nhead': 4, 'model__module__num_layers': 3, 'model__module__patch_size': 16, 'model__optimizer__weight_decay': 0.0001}",0.7943132309103417,0.42574257425742573,0.4560439560439561,0.7098214285714286,0.7849624060150375,0.634176719159638,0.1607969041209912,255,0.8826444892473119,0.42144416592544676,0.6208357129259471,0.822736641826542,0.8588731734000157,0.7213068366650527,0.1762126037075763
15,5.896888065338135,3.6016483683509133,0.030055952072143555,0.00424254191876683,64,10,3e-05,500,96,256,0.25,4,3,32,0.0001,"{'model__batch_size': 64, 'model__callbacks__early_stopping__patience': 10, 'model__lr': 3e-05, 'model__max_epochs': 500, 'model__module__d_model': 96, 'model__module__dim_feedforward': 256, 'model__module__dropout': 0.25, 'model__module__nhead': 4, 'model__module__num_layers': 3, 'model__module__patch_size': 32, 'model__optimizer__weight_decay': 0.0001}",0.731934731934732,0.5396825396825397,0.396078431372549,0.6813725490196079,0.8079196217494089,0.6313975747517675,0.14666424104206166,262,0.781786941580756,0.4624172538970745,0.5393188371911776,0.8550561797752809,0.8780141843971632,0.7033186793682904,0.17007616041637366
16,7.585497856140137,4.5301330596350216,0.029604578018188478,0.0025282939850543524,64,10,3e-05,500,96,384,0.1,4,2,16,0.0001,"{'model__batch_size': 64, 'model__callbacks__early_stopping__patience': 10, 'model__lr': 3e-05, 'model__max_epochs': 500, 'model__module__d_model': 96, 'model__module__dim_feedforward': 384, 'model__module__dropout': 0.1, 'model__module__nhead': 4, 'model__module__num_layers': 2, 'model__module__patch_size': 16, 'model__optimizer__weight_decay': 0.0001}",0.7397535831028413,0.5908844275637548,0.5642256902761105,0.6961524631427544,0.7610294117647058,0.6704091151700334,0.07909805182647016,166,0.805826892041111,0.4784466205837174,0.6495428430912302,0.8409174990751018,0.8500534318228687,0.7249574573228058,0.1428919565689236
17,4.989571380615234,2.7328187067110496,0.029435205459594726,0.003616262092679689,64,10,3e-05,500,96,384,0.1,4,2,32,0.0001,"{'model__batch_size': 64, 'model__callbacks__early_stopping__patience': 10, 'model__lr': 3e-05, 'model__max_epochs': 500, 'model__module__d_model': 96, 'model__module__dim_feedforward': 384, 'model__module__dropout': 0.1, 'model__module__nhead': 4, 'model__module__num_layers': 2, 'model__module__patch_size': 32, 'model__optimizer__weight_decay': 0.0001}",0.7604166666666666,0.6034188034188034,0.5814722911497106,0.6961524631427544,0.7849624060150375,0.6852845260785945,0.08145870981244419,130,0.7908140639847957,0.5473144764023519,0.6560722649715625,0.8346153846153846,0.8780141843971632,0.7413660748742517,0.12226553079889309
18,8.705675077438354,3.9697186124400794,0.03200397491455078,0.002917771790610911,64,10,3e-05,500,96,384,0.1,4,3,16,0.0001,"{'model__batch_size': 64, 'model__callbacks__early_stopping__patience': 10, 'model__lr': 3e-05, 'model__max_epochs': 500, 'model__module__d_model': 96, 'model__module__dim_feedforward': 384, 'model__module__dropout': 0.1, 'model__module__nhead': 4, 'model__module__num_layers': 3, 'model__module__patch_size': 16, 'model__optimizer__weight_decay': 0.0001}",0.7804161566707466,0.7751937984496124,0.46375,0.7596153846153846,0.7610294117647058,0.7080009503000898,0.12238744644254876,82,0.8122690317812269,0.767398119122257,0.6258524251015247,0.8357966197581501,0.88777304964539,0.7858178490817098,0.08890515038787263
19,4.785783863067627,2.6242462922283356,0.03027200698852539,0.002939595748858244,64,10,3e-05,500,96,384,0.1,4,3,32,0.0001,"{'model__batch_size': 64, 'model__callbacks__early_stopping__patience': 10, 'model__lr': 3e-05, 'model__max_epochs': 500, 'model__module__d_model': 96, 'model__module__dim_feedforward': 384, 'model__module__dropout': 0.1, 'model__module__nhead': 4, 'model__module__num_layers': 3, 'model__module__patch_size': 32, 'model__optimizer__weight_decay': 0.0001}",0.7183673469387755,0.42,0.6590909090909091,0.726890756302521,0.7849624060150375,0.6618622836694487,0.12734222342052556,197,0.7624899812984237,0.46168745275888134,0.6668892380204242,0.8409174990751018,0.8769154437723031,0.7217799229850269,0.14871394087889653
20,6.688734292984009,3.7753454867644396,0.029767942428588868,0.0024225255718617286,64,10,3e-05,500,96,384,0.25,4,2,16,0.0001,"{'model__batch_size': 64, 'model__callbacks__early_stopping__patience': 10, 'model__lr': 3e-05, 'model__max_epochs': 500, 'model__module__d_model': 96, 'model__module__dim_feedforward': 384, 'model__module__dropout': 0.25, 'model__module__nhead': 4, 'model__module__num_layers': 2, 'model__module__patch_size': 16, 'model__optimizer__weight_decay': 0.0001}",0.7261904761904763,0.42,0.5642256902761105,0.6966666666666667,0.7610294117647058,0.6336224489795919,0.1258780425953671,259,0.781786941580756,0.4494230143432877,0.6731140350877193,0.7876853866832471,0.8780141843971632,0.7140047124184347,0.1473756436443723
21,5.2109204769134525,2.9604316635740635,0.02873077392578125,0.0029391175160348943,64,10,3e-05,500,96,384,0.25,4,2,32,0.0001,"{'model__batch_size': 64, 'model__callbacks__early_stopping__patience': 10, 'model__lr': 3e-05, 'model__max_epochs': 500, 'model__module__d_model': 96, 'model__module__dim_feedforward': 384, 'model__module__dropout': 0.25, 'model__module__nhead': 4, 'model__module__num_layers': 2, 'model__module__patch_size': 32, 'model__optimizer__weight_decay': 0.0001}",0.7604166666666666,0.53903693314633,0.4930298719772404,0.6813725490196079,0.7849624060150375,0.6517636853649765,0.11689978487050667,222,0.8224506578947368,0.4736366919465511,0.6775677484108398,0.8357966197581501,0.8645669291338582,0.7348037294288272,0.1457423857047954
22,7.685653257369995,4.848283845341759,0.033054780960083005,0.00286695891110107,64,10,3e-05,500,96,384,0.25,4,3,16,0.0001,"{'model__batch_size': 64, 'model__callbacks__early_stopping__patience': 10, 'model__lr': 3e-05, 'model__max_epochs': 500, 'model__module__d_model': 96, 'model__module__dim_feedforward': 384, 'model__module__dropout': 0.25, 'model__module__nhead': 4, 'model__module__num_layers': 3, 'model__module__patch_size': 16, 'model__optimizer__weight_decay': 0.0001}",0.785663082437276,0.5797101449275363,0.4362297496318115,0.6966666666666667,0.7360199937519525,0.6468579274830486,0.12535606057093843,230,0.8186323924731183,0.5358424470266575,0.6067506750675067,0.8056253139126067,0.8663212435233161,0.726634414400641,0.13037583071751527
23,4.785106945037842,2.873605675649325,0.029520654678344728,0.0031762695278711815,64,10,3e-05,500,96,384,0.25,4,3,32,0.0001,"{'model__batch_size': 64, 'model__callbacks__early_stopping__patience': 10, 'model__lr': 3e-05, 'model__max_epochs': 500, 'model__module__d_model': 96, 'model__module__dim_feedforward': 384, 'model__module__dropout': 0.25, 'model__module__nhead': 4, 'model__module__num_layers': 3, 'model__module__patch_size': 32, 'model__optimizer__weight_decay': 0.0001}",0.7183673469387755,0.5932678821879382,0.494949494949495,0.7115056333219529,0.7849624060150375,0.6606105526826399,0.10331327239212997,203,0.7583360991260095,0.4693396226415094,0.5443262411347518,0.8346153846153846,0.8658398012441499,0.6944914297523611,0.15894278786067492
24,7.047068023681641,4.170324001718682,0.031093835830688477,0.002359997174772252,64,10,3e-05,500,128,128,0.1,4,2,16,0.0001,"{'model__batch_size': 64, 'model__callbacks__early_stopping__patience': 10, 'model__lr': 3e-05, 'model__max_epochs': 500, 'model__module__d_model': 128, 'model__module__dim_feedforward': 128, 'model__module__dropout': 0.1, 'model__module__nhead': 4, 'model__module__num_layers': 2, 'model__module__patch_size': 16, 'model__optimizer__weight_decay': 0.0001}",0.7128518971848226,0.5279435702658708,0.5931385687483248,0.7428982380438691,0.7849624060150375,0.672358936051585,0.09636044722332061,161,0.8311310562619463,0.4979208188774883,0.7130272952853598,0.8590983563236616,0.8834073962491527,0.7569169845995217,0.14209426736237046
25,4.6226551055908205,2.790419857957759,0.02888169288635254,0.002492177706951636,64,10,3e-05,500,128,128,0.1,4,2,32,0.0001,"{'model__batch_size': 64, 'model__callbacks__early_stopping__patience': 10, 'model__lr': 3e-05, 'model__max_epochs': 500, 'model__module__d_model': 128, 'model__module__dim_feedforward': 128, 'model__module__dropout': 0.1, 'model__module__nhead': 4, 'model__module__num_layers': 2, 'model__module__patch_size': 32, 'model__optimizer__weight_decay': 0.0001}",0.6919642857142857,0.652991452991453,0.494949494949495,0.726890756302521,0.7610294117647058,0.6655650803444921,0.09256237813913896,184,0.8100224382946897,0.47449279783826187,0.6183168316831683,0.8580983978851374,0.8658398012441499,0.7253540533890814,0.15421697579427765
26,8.737847566604614,5.360833262228508,0.03092670440673828,0.0025649304636214845,64,10,3e-05,500,128,128,0.1,4,3,16,0.0001,"{'model__batch_size': 64, 'model__callbacks__early_stopping__patience': 10, 'model__lr': 3e-05, 'model__max_epochs': 500, 'model__module__d_model': 128, 'model__module__dim_feedforward': 128, 'model__module__dropout': 0.1, 'model__module__nhead': 4, 'model__module__num_layers': 3, 'model__module__patch_size': 16, 'model__optimizer__weight_decay': 0.0001}",0.8548047696983867,0.7302325581395348,0.5034722222222222,0.7724089635854342,0.7610294117647058,0.7243895850820568,0.11789408766922185,54,0.8955592105263157,0.6758059873344848,0.5077005593441115,0.8681887849479415,0.9359960307615977,0.7766501145828901,0.16150122199955355
27,4.884370899200439,2.823462072978836,0.030408525466918947,0.0036797192040532805,64,10,3e-05,500,128,128,0.1,4,3,32,0.0001,"{'model__batch_size': 64, 'model__callbacks__early_stopping__patience': 10, 'model__lr': 3e-05, 'model__max_epochs': 500, 'model__module__d_model': 128, 'model__module__dim_feedforward': 128, 'model__module__dropout': 0.1, 'model__module__nhead': 4, 'model__module__num_layers': 3, 'model__module__patch_size': 32, 'model__optimizer__weight_decay': 0.0001}",0.6919642857142857,0.5279435702658708,0.5688528873791482,0.7833333333333333,0.8079196217494089,0.6760027396884094,0.11187430407058815,153,0.837270341207349,0.46168745275888134,0.6534154206977426,0.8510366547108739,0.8780141843971632,0.736284810754402,0.15857132353103812
28,7.145515727996826,4.1086723195868,0.031025505065917967,0.0038965563723855454,64,10,3e-05,500,128,128,0.25,4,2,16,0.0001,"{'model__batch_size': 64, 'model__callbacks__early_stopping__patience': 10, 'model__lr': 3e-05, 'model__max_epochs': 500, 'model__module__d_model': 128, 'model__module__dim_feedforward': 128, 'model__module__dropout': 0.25, 'model__module__nhead': 4, 'model__module__num_layers': 2, 'model__module__patch_size': 16, 'model__optimizer__weight_decay': 0.0001}",0.7261904761904763,0.6073500967117988,0.4930298719772404,0.74,0.7849624060150375,0.6703065701789106,0.10631715861451407,169,0.7884553783073868,0.43615609902625846,0.6919437259478898,0.8489434558132107,0.8529635258358663,0.7236924369861224,0.15509880528112513
29,5.085560512542725,3.246551010819128,0.03358979225158691,0.005374244966008366,64,10,3e-05,500,128,128,0.25,4,2,32,0.0001,"{'model__batch_size': 64, 'model__callbacks__early_stopping__patience': 10, 'model__lr': 3e-05, 'model__max_epochs': 500, 'model__module__d_model': 128, 'model__module__dim_feedforward': 128, 'model__module__dropout': 0.25, 'model__module__nhead': 4, 'model__module__num_layers': 2, 'model__module__patch_size': 32, 'model__optimizer__weight_decay': 0.0001}",0.6919642857142857,0.7344985434873075,0.4652777777777778,0.7428982380438691,0.7610294117647058,0.6791336513575891,0.10930422609491988,143,0.8057742782152231,0.590650406504065,0.5833839918946302,0.8713675213675214,0.8084707353285926,0.7319293866620065,0.12064835184570341
30,8.075639152526856,4.936063458681976,0.031837081909179686,0.0025955329373429,64,10,3e-05,500,128,128,0.25,4,3,16,0.0001,"{'model__batch_size': 64, 'model__callbacks__early_stopping__patience': 10, 'model__lr': 3e-05, 'model__max_epochs': 500, 'model__module__d_model': 128, 'model__module__dim_feedforward': 128, 'model__module__dropout': 0.25, 'model__module__nhead': 4, 'model__module__num_layers': 3, 'model__module__patch_size': 16, 'model__optimizer__weight_decay': 0.0001}",0.8402777777777777,0.7302325581395348,0.5034722222222222,0.6823069403714566,0.8008578431372549,0.7114294683296493,0.11751358653196624,72,0.874671052631579,0.6819525302283923,0.49925960564258437,0.822736641826542,0.9222715974994351,0.7601782855657065,0.15329331998037019
31,4.402274894714355,2.5594351040548347,0.030461597442626952,0.0029933728258967037,64,10,3e-05,500,128,128,0.25,4,3,32,0.0001,"{'model__batch_size': 64, 'model__callbacks__early_stopping__patience': 10, 'model__lr': 3e-05, 'model__max_epochs': 500, 'model__module__d_model': 128, 'model__module__dim_feedforward': 128, 'model__module__dropout': 0.25, 'model__module__nhead': 4, 'model__module__num_layers': 3, 'model__module__patch_size': 32, 'model__optimizer__weight_decay': 0.0001}",0.7466340269277846,0.5770833333333333,0.34,0.7833333333333333,0.8079196217494089,0.650994063068772,0.17519498813743972,224,0.805826892041111,0.5629466739967015,0.5942105263157894,0.8409174990751018,0.873691345936582,0.7355185874730572,0.13030190551827425
32,6.839378690719604,3.2341191553930866,0.032242345809936526,0.00380712987136428,64,10,3e-05,500,128,256,0.1,4,2,16,0.0001,"{'model__batch_size': 64, 'model__callbacks__early_stopping__patience': 10, 'model__lr': 3e-05, 'model__max_epochs': 500, 'model__module__d_model': 128, 'model__module__dim_feedforward': 256, 'model__module__dropout': 0.1, 'model__module__nhead': 4, 'model__module__num_layers': 2, 'model__module__patch_size': 16, 'model__optimizer__weight_decay': 0.0001}",0.7763888888888889,0.7138519924098672,0.4225,0.6966666666666667,0.7610294117647058,0.6740873919460257,0.12916019043812588,158,0.8205767472783179,0.7401290322580645,0.5208987441130298,0.8123236875255042,0.8801003810763082,0.7548057184502449,0.12510857304229717
33,4.235862684249878,1.686547108613507,0.029274845123291017,0.0025948762997730366,64,10,3e-05,500,128,256,0.1,4,2,32,0.0001,"{'model__batch_size': 64, 'model__callbacks__early_stopping__patience': 10, 'model__lr': 3e-05, 'model__max_epochs': 500, 'model__module__d_model': 128, 'model__module__dim_feedforward': 256, 'model__module__dropout': 0.1, 'model__module__nhead': 4, 'model__module__num_layers': 2, 'model__module__patch_size': 32, 'model__optimizer__weight_decay': 0.0001}",0.7526881720430108,0.7578747628083491,0.4652777777777778,0.7896440129449838,0.706766917293233,0.6944503285734709,0.11759923401971335,109,0.8508514386376982,0.7245856012964822,0.6150716473297119,0.826674209744714,0.8321405335068315,0.7698646861030876,0.08907922047926185
34,8.164748573303223,5.360098777014564,0.033797073364257815,0.004223770890388924,64,10,3e-05,500,128,256,0.1,4,3,16,0.0001,"{'model__batch_size': 64, 'model__callbacks__early_stopping__patience': 10, 'model__lr': 3e-05, 'model__max_epochs': 500, 'model__module__d_model': 128, 'model__module__dim_feedforward': 256, 'model__module__dropout': 0.1, 'model__module__nhead': 4, 'model__module__num_layers': 3, 'model__module__patch_size': 16, 'model__optimizer__weight_decay': 0.0001}",0.7804545454545455,0.42,0.5565509518477043,0.8179271708683473,0.7544318512060448,0.6658729038753284,0.15264135344349755,183,0.8522396742292031,0.4465300727032386,0.576936406168775,0.8420085731781997,0.9500773993808049,0.7335584251320443,0.18954834297896447
35,4.569380283355713,2.8032263036848537,0.030726814270019533,0.004033874694234804,64,10,3e-05,500,128,256,0.1,4,3,32,0.0001,"{'model__batch_size': 64, 'model__callbacks__early_stopping__patience': 10, 'model__lr': 3e-05, 'model__max_epochs': 500, 'model__module__d_model': 128, 'model__module__dim_feedforward': 256, 'model__module__dropout': 0.1, 'model__module__nhead': 4, 'model__module__num_layers': 3, 'model__module__patch_size': 32, 'model__optimizer__weight_decay': 0.0001}",0.7397535831028413,0.6073500967117988,0.5695652173913044,0.7115056333219529,0.7360199937519525,0.67283890485597,0.07059572021577498,160,0.836340206185567,0.5411255411255411,0.6668892380204242,0.8321283979178716,0.8004956875185882,0.7353958141535983,0.11508175051887239
36,7.613395166397095,3.7409797372306235,0.031012868881225585,0.002918749024495928,64,10,3e-05,500,128,256,0.25,4,2,16,0.0001,"{'model__batch_size': 64, 'model__callbacks__early_stopping__patience': 10, 'model__lr': 3e-05, 'model__max_epochs': 500, 'model__module__d_model': 128, 'model__module__dim_feedforward': 256, 'model__module__dropout': 0.25, 'model__module__nhead': 4, 'model__module__num_layers': 2, 'model__module__patch_size': 16, 'model__optimizer__weight_decay': 0.0001}",0.7626691125888558,0.7247170500182549,0.4225,0.7246660149885957,0.6966666666666667,0.6662437688524746,0.12366625079978978,181,0.8582677165354331,0.7279031796529145,0.5208987441130298,0.8290437329985352,0.8966089727687346,0.7665444692137294,0.1349600375496853
37,4.833220195770264,2.864182397854078,0.02983407974243164,0.0036260284237856024,64,10,3e-05,500,128,256,0.25,4,2,32,0.0001,"{'model__batch_size': 64, 'model__callbacks__early_stopping__patience': 10, 'model__lr': 3e-05, 'model__max_epochs': 500, 'model__module__d_model': 128, 'model__module__dim_feedforward': 256, 'model__module__dropout': 0.25, 'model__module__nhead': 4, 'model__module__num_layers': 2, 'model__module__patch_size': 32, 'model__optimizer__weight_decay': 0.0001}",0.7094736842105263,0.44761904761904764,0.4034147974556411,0.7955974842767295,0.7849624060150375,0.6282134839153966,0.16872441919508513,265,0.8122690317812269,0.4510844979881431,0.5313069908814589,0.8621794871794872,0.8627659574468085,0.703921193055425,0.17648719962357906
38,8.244198942184449,5.376985306570723,0.03412847518920899,0.003073651855449742,64,10,3e-05,500,128,256,0.25,4,3,16,0.0001,"{'model__batch_size': 64, 'model__callbacks__early_stopping__patience': 10, 'model__lr': 3e-05, 'model__max_epochs': 500, 'model__module__d_model': 128, 'model__module__dim_feedforward': 256, 'model__module__dropout': 0.25, 'model__module__nhead': 4, 'model__module__num_layers': 3, 'model__module__patch_size': 16, 'model__optimizer__weight_decay': 0.0001}",0.7466340269277846,0.42,0.530583214793741,0.7670250896057347,0.7544318512060448,0.643734836506661,0.14205852704067992,237,0.837270341207349,0.42437240507025215,0.5603947368421053,0.8420085731781997,0.9442863032254265,0.7216664719046665,0.1958562738024998
39,4.760849475860596,2.915337173565181,0.02909088134765625,0.003059845567343986,64,10,3e-05,500,128,256,0.25,4,3,32,0.0001,"{'model__batch_size': 64, 'model__callbacks__early_stopping__patience': 10, 'model__lr': 3e-05, 'model__max_epochs': 500, 'model__module__d_model': 128, 'model__module__dim_feedforward': 256, 'model__module__dropout': 0.25, 'model__module__nhead': 4, 'model__module__num_layers': 3, 'model__module__patch_size': 32, 'model__optimizer__weight_decay': 0.0001}",0.785663082437276,0.6802005012531328,0.6590909090909091,0.7558893820416525,0.8079196217494089,0.7377526993144758,0.058391221631642815,39,0.8416853652455747,0.445756748111513,0.6903557063152237,0.8459971910112359,0.8984232925251692,0.7444436606417433,0.1646925464007347
40,6.929871511459351,4.112297981193892,0.030311441421508788,0.0019885590701656836,64,10,3e-05,500,128,384,0.1,4,2,16,0.0001,"{'model__batch_size': 64, 'model__callbacks__early_stopping__patience': 10, 'model__lr': 3e-05, 'model__max_epochs': 500, 'model__module__d_model': 128, 'model__module__dim_feedforward': 384, 'model__module__dropout': 0.1, 'model__module__nhead': 4, 'model__module__num_layers': 2, 'model__module__patch_size': 16, 'model__optimizer__weight_decay': 0.0001}",0.7744531053557959,0.6551724137931034,0.5695652173913044,0.6966666666666667,0.7610294117647058,0.6913773629943153,0.07473949526620284,115,0.8267716535433072,0.6374963028689736,0.6883154901304784,0.8254273504273504,0.9261492662633819,0.7808320126466983,0.10423121566225131
41,4.626079893112182,2.704489834692526,0.02913947105407715,0.0030521779866345654,64,10,3e-05,500,128,384,0.1,4,2,32,0.0001,"{'model__batch_size': 64, 'model__callbacks__early_stopping__patience': 10, 'model__lr': 3e-05, 'model__max_epochs': 500, 'model__module__d_model': 128, 'model__module__dim_feedforward': 384, 'model__module__dropout': 0.1, 'model__module__nhead': 4, 'model__module__num_layers': 2, 'model__module__patch_size': 32, 'model__optimizer__weight_decay': 0.0001}",0.7535714285714286,0.5414065751144403,0.4930298719772404,0.74,0.8079196217494089,0.6671854994825036,0.1254759688604511,178,0.8100224382946897,0.4836039811419591,0.6227422614615467,0.8650345260514751,0.9010812054290316,0.7364968824757405,0.15868891951461625
42,6.947457218170166,4.404055229536196,0.031287622451782224,0.002933977455040779,64,10,3e-05,500,128,384,0.1,4,3,16,0.0001,"{'model__batch_size': 64, 'model__callbacks__early_stopping__patience': 10, 'model__lr': 3e-05, 'model__max_epochs': 500, 'model__module__d_model': 128, 'model__module__dim_feedforward': 384, 'model__module__dropout': 0.1, 'model__module__nhead': 4, 'model__module__num_layers': 3, 'model__module__patch_size': 16, 'model__optimizer__weight_decay': 0.0001}",0.7744531053557959,0.5770833333333333,0.4652777777777778,0.800273130761352,0.7849624060150375,0.6804099506486594,0.13498203915122295,137,0.8186323924731183,0.4292800967937084,0.6775016191709844,0.8520307965032412,0.8670686792740874,0.7289027168430279,0.1641447892265264
43,3.720653533935547,2.012401993285185,0.028663110733032227,0.002112403563883537,64,10,3e-05,500,128,384,0.1,4,3,32,0.0001,"{'model__batch_size': 64, 'model__callbacks__early_stopping__patience': 10, 'model__lr': 3e-05, 'model__max_epochs': 500, 'model__module__d_model': 128, 'model__module__dim_feedforward': 384, 'model__module__dropout': 0.1, 'model__module__nhead': 4, 'model__module__num_layers': 3, 'model__module__patch_size': 32, 'model__optimizer__weight_decay': 0.0001}",0.7094736842105263,0.6220551378446115,0.494949494949495,0.7428982380438691,0.7360199937519525,0.6610793097600909,0.09356757983812004,201,0.7902651021295088,0.4568612141323444,0.641243654822335,0.8426490636435389,0.8172175778798858,0.7096473225215225,0.14445755620078818
44,7.052817010879517,4.383985805060891,0.02990574836730957,0.0027212903209404716,64,10,3e-05,500,128,384,0.25,4,2,16,0.0001,"{'model__batch_size': 64, 'model__callbacks__early_stopping__patience': 10, 'model__lr': 3e-05, 'model__max_epochs': 500, 'model__module__d_model': 128, 'model__module__dim_feedforward': 384, 'model__module__dropout': 0.25, 'model__module__nhead': 4, 'model__module__num_layers': 2, 'model__module__patch_size': 16, 'model__optimizer__weight_decay': 0.0001}",0.7183673469387755,0.483065953654189,0.5931385687483248,0.7360199937519525,0.8299912816041848,0.6721166289394853,0.12093375601641565,162,0.7945657638752268,0.4465300727032386,0.6883154901304784,0.8200460347353002,0.9010812054290316,0.7301077133746551,0.1572504658951642
45,4.198215007781982,2.325610389216269,0.02830538749694824,0.002357110012138871,64,10,3e-05,500,128,384,0.25,4,2,32,0.0001,"{'model__batch_size': 64, 'model__callbacks__early_stopping__patience': 10, 'model__lr': 3e-05, 'model__max_epochs': 500, 'model__module__d_model': 128, 'model__module__dim_feedforward': 384, 'model__module__dropout': 0.25, 'model__module__nhead': 4, 'model__module__num_layers': 2, 'model__module__patch_size': 32, 'model__optimizer__weight_decay': 0.0001}",0.7183673469387755,0.4848059841047218,0.4930298719772404,0.74,0.7360199937519525,0.6344446393545381,0.11907339854692303,252,0.7972950268817205,0.4833613445378151,0.6303722504230118,0.8318270704508219,0.8702012383900929,0.7226113861366924,0.1449393783245864
46,7.198246717453003,4.916187254096549,0.032468414306640624,0.002787893798640855,64,10,3e-05,500,128,384,0.25,4,3,16,0.0001,"{'model__batch_size': 64, 'model__callbacks__early_stopping__patience': 10, 'model__lr': 3e-05, 'model__max_epochs': 500, 'model__module__d_model': 128, 'model__module__dim_feedforward': 384, 'model__module__dropout': 0.25, 'model__module__nhead': 4, 'model__module__num_layers': 3, 'model__module__patch_size': 16, 'model__optimizer__weight_decay': 0.0001}",0.7664410058027079,0.40816326530612246,0.5931385687483248,0.7833333333333333,0.7610294117647058,0.6624211169910389,0.14464482276376237,195,0.8285574032030435,0.40848214285714285,0.6300575785869903,0.8550561797752809,0.9371191810870094,0.7318544971018934,0.19057596346989497
47,3.923296499252319,2.148897173152851,0.029214954376220702,0.0026802745480769725,64,10,3e-05,500,128,384,0.25,4,3,32,0.0001,"{'model__batch_size': 64, 'model__callbacks__early_stopping__patience': 10, 'model__lr': 3e-05, 'model__max_epochs': 500, 'model__module__d_model': 128, 'model__module__dim_feedforward': 384, 'model__module__dropout': 0.25, 'model__module__nhead': 4, 'model__module__num_layers': 3, 'model__module__patch_size': 32, 'model__optimizer__weight_decay': 0.0001}",0.731934731934732,0.42574257425742573,0.5814722911497106,0.7428982380438691,0.7098214285714286,0.6383738527914332,0.1210236254882312,250,0.8036971279373368,0.4124168514412417,0.6990632318501171,0.8397885137412842,0.7876892692560895,0.7085309988452139,0.15512858280933714
48,3.6621767044067384,2.2612578413016546,0.029444074630737303,0.0024425704962845185,64,10,0.0001,500,96,128,0.1,4,2,16,0.0001,"{'model__batch_size': 64, 'model__callbacks__early_stopping__patience': 10, 'model__lr': 0.0001, 'model__max_epochs': 500, 'model__module__d_model': 96, 'model__module__dim_feedforward': 128, 'model__module__dropout': 0.1, 'model__module__nhead': 4, 'model__module__num_layers': 2, 'model__module__patch_size': 16, 'model__optimizer__weight_decay': 0.0001}",0.8331721470019342,0.46500271296798695,0.5450785773366419,0.6966666666666667,0.7115056333219529,0.6502851474590365,0.1301882104823256,225,0.8673629242819844,0.4889407395062022,0.6568074462360234,0.8136462132022619,0.9509878419452888,0.7555490330343522,0.16425823558614622
49,2.6363977909088137,1.4580555047059187,0.027755117416381835,0.0027271411663339165,64,10,0.0001,500,96,128,0.1,4,2,32,0.0001,"{'model__batch_size': 64, 'model__callbacks__early_stopping__patience': 10, 'model__lr': 0.0001, 'model__max_epochs': 500, 'model__module__d_model': 96, 'model__module__dim_feedforward': 128, 'model__module__dropout': 0.1, 'model__module__nhead': 4, 'model__module__num_layers': 2, 'model__module__patch_size': 32, 'model__optimizer__weight_decay': 0.0001}",0.7664410058027079,0.42574257425742573,0.6530663329161452,0.7428982380438691,0.8079196217494089,0.6792135545539113,0.1364996951991799,142,0.8461409921671018,0.4111111111111111,0.6842986896962477,0.8519050010762719,0.9261492662633819,0.7439210120628228,0.1841922117466596
50,4.632930088043213,1.6871424729285014,0.031058025360107423,0.0026741537544668474,64,10,0.0001,500,96,128,0.1,4,3,16,0.0001,"{'model__batch_size': 64, 'model__callbacks__early_stopping__patience': 10, 'model__lr': 0.0001, 'model__max_epochs': 500, 'model__module__d_model': 96, 'model__module__dim_feedforward': 128, 'model__module__dropout': 0.1, 'model__module__nhead': 4, 'model__module__num_layers': 3, 'model__module__patch_size': 16, 'model__optimizer__weight_decay': 0.0001}",0.8331721470019342,0.9136904761904762,0.5931385687483248,0.7428982380438691,0.7849624060150375,0.7735723671999285,0.10659475505567881,11,0.837270341207349,0.8875053063534739,0.7173605655930873,0.836938202247191,0.9019756838905775,0.8362100198583358,0.06493562395530207
51,3.0259374618530273,1.7088766320656559,0.02889399528503418,0.0028187737847410023,64,10,0.0001,500,96,128,0.1,4,3,32,0.0001,"{'model__batch_size': 64, 'model__callbacks__early_stopping__patience': 10, 'model__lr': 0.0001, 'model__max_epochs': 500, 'model__module__d_model': 96, 'model__module__dim_feedforward': 128, 'model__module__dropout': 0.1, 'model__module__nhead': 4, 'model__module__num_layers': 3, 'model__module__patch_size': 32, 'model__optimizer__weight_decay': 0.0001}",0.7946428571428572,0.5908844275637548,0.5195968645016797,0.7115056333219529,0.7849624060150375,0.6803184377090565,0.10846468588146088,138,0.8399697580645161,0.4494230143432877,0.6432254481992702,0.8764082820289907,0.8790341486285849,0.7376121302529299,0.16834693657942365
52,3.8971915245056152,2.3220103197539292,0.02929091453552246,0.0022747845158065305,64,10,0.0001,500,96,128,0.25,4,2,16,0.0001,"{'model__batch_size': 64, 'model__callbacks__early_stopping__patience': 10, 'model__lr': 0.0001, 'model__max_epochs': 500, 'model__module__d_model': 96, 'model__module__dim_feedforward': 128, 'model__module__dropout': 0.25, 'model__module__nhead': 4, 'model__module__num_layers': 2, 'model__module__patch_size': 16, 'model__optimizer__weight_decay': 0.0001}",0.8186379928315413,0.4925,0.4930298719772404,0.7512755102040816,0.8008578431372549,0.6712602436300236,0.14740384779564905,164,0.8537828947368421,0.4552777777777778,0.6808092948717949,0.8550561797752809,0.92546655624675,0.7540785406816891,0.1698008080000273
53,2.772539234161377,1.6356591730720504,0.02734513282775879,0.001955953557764741,64,10,0.0001,500,96,128,0.25,4,2,32,0.0001,"{'model__batch_size': 64, 'model__callbacks__early_stopping__patience': 10, 'model__lr': 0.0001, 'model__max_epochs': 500, 'model__module__d_model': 96, 'model__module__dim_feedforward': 128, 'model__module__dropout': 0.25, 'model__module__nhead': 4, 'model__module__num_layers': 2, 'model__module__patch_size': 32, 'model__optimizer__weight_decay': 0.0001}",0.7261904761904763,0.42574257425742573,0.5577593138568748,0.6780952380952381,0.8079196217494089,0.6391414448298847,0.13397248529318592,248,0.8249190600522194,0.413716814159292,0.6735072803674387,0.8871489808415711,0.8757775937445833,0.7350139458330209,0.17779613029065103
54,4.410322284698486,2.009868604236563,0.030379438400268556,0.00264245119033604,64,10,0.0001,500,96,128,0.25,4,3,16,0.0001,"{'model__batch_size': 64, 'model__callbacks__early_stopping__patience': 10, 'model__lr': 0.0001, 'model__max_epochs': 500, 'model__module__d_model': 96, 'model__module__dim_feedforward': 128, 'model__module__dropout': 0.25, 'model__module__nhead': 4, 'model__module__num_layers': 3, 'model__module__patch_size': 16, 'model__optimizer__weight_decay': 0.0001}",0.7397535831028413,0.8310445276737412,0.5450785773366419,0.7428982380438691,0.8008578431372549,0.7319265538588697,0.0996691546526189,46,0.8186323924731183,0.7942273820571579,0.6265121759622938,0.8278792134831461,0.9001547987616099,0.7934811925474652,0.09063583646982658
55,3.4460801124572753,1.4065855930380544,0.02945370674133301,0.0021497198384703748,64,10,0.0001,500,96,128,0.25,4,3,32,0.0001,"{'model__batch_size': 64, 'model__callbacks__early_stopping__patience': 10, 'model__lr': 0.0001, 'model__max_epochs': 500, 'model__module__d_model': 96, 'model__module__dim_feedforward': 128, 'model__module__dropout': 0.25, 'model__module__nhead': 4, 'model__module__num_layers': 3, 'model__module__patch_size': 32, 'model__optimizer__weight_decay': 0.0001}",0.7998065764023211,0.8459203036053131,0.7380952380952381,0.6966666666666667,0.7766323024054982,0.7714242174350074,0.0511504869283074,13,0.8779738903394256,0.7883693916073762,0.7214648337231191,0.8814086698253306,0.8914728682170543,0.8321379307424612,0.0666534247416182
56,3.477760410308838,2.1168966683024273,0.029186439514160157,0.0015745138876496253,64,10,0.0001,500,96,256,0.1,4,2,16,0.0001,"{'model__batch_size': 64, 'model__callbacks__early_stopping__patience': 10, 'model__lr': 0.0001, 'model__max_epochs': 500, 'model__module__d_model': 96, 'model__module__dim_feedforward': 256, 'model__module__dropout': 0.1, 'model__module__nhead': 4, 'model__module__num_layers': 2, 'model__module__patch_size': 16, 'model__optimizer__weight_decay': 0.0001}",0.8665377176015474,0.42574257425742573,0.5695652173913044,0.6966666666666667,0.7849624060150375,0.6686949163863962,0.1563936441929503,173,0.8582677165354331,0.4175824175824176,0.7135617100918974,0.8188202247191011,0.9509878419452888,0.7518439821748275,0.1836662359305491
57,3.015083408355713,1.1165766498934868,0.02907695770263672,0.005384315793377452,64,10,0.0001,500,96,256,0.1,4,2,32,0.0001,"{'model__batch_size': 64, 'model__callbacks__early_stopping__patience': 10, 'model__lr': 0.0001, 'model__max_epochs': 500, 'model__module__d_model': 96, 'model__module__dim_feedforward': 256, 'model__module__dropout': 0.1, 'model__module__nhead': 4, 'model__module__num_layers': 2, 'model__module__patch_size': 32, 'model__optimizer__weight_decay': 0.0001}",0.7397535831028413,0.8517707192405988,0.6136585365853658,0.7771428571428571,0.7849624060150375,0.7534576204173401,0.0786773052836827,29,0.8399697580645161,0.8611336983430007,0.7222606076711844,0.904550499445061,0.9147273257509478,0.8485283778549422,0.0688425343439623
58,5.47334303855896,2.402788133332053,0.035406303405761716,0.009119851474252335,64,10,0.0001,500,96,256,0.1,4,3,16,0.0001,"{'model__batch_size': 64, 'model__callbacks__early_stopping__patience': 10, 'model__lr': 0.0001, 'model__max_epochs': 500, 'model__module__d_model': 96, 'model__module__dim_feedforward': 256, 'model__module__dropout': 0.1, 'model__module__nhead': 4, 'model__module__num_layers': 3, 'model__module__patch_size': 16, 'model__optimizer__weight_decay': 0.0001}",0.8695652173913043,0.8651162790697675,0.49782608695652175,0.7098214285714286,0.7610294117647058,0.7406716847507455,0.13597070238498224,37,0.9107611548556431,0.8487442922374429,0.5808380729340916,0.822736641826542,0.9604324821716126,0.8247025288050664,0.13105758375339832
59,2.8046282291412354,1.4888682950588195,0.03028216361999512,0.003049120618868955,64,10,0.0001,500,96,256,0.1,4,3,32,0.0001,"{'model__batch_size': 64, 'model__callbacks__early_stopping__patience': 10, 'model__lr': 0.0001, 'model__max_epochs': 500, 'model__module__d_model': 96, 'model__module__dim_feedforward': 256, 'model__module__dropout': 0.1, 'model__module__nhead': 4, 'model__module__num_layers': 3, 'model__module__patch_size': 32, 'model__optimizer__weight_decay': 0.0001}",0.7466340269277846,0.7087517934002869,0.6325344952795933,0.6933962264150944,0.7610294117647058,0.708469190757493,0.045193989971841514,80,0.8642269736842105,0.588111356728378,0.7223051196295344,0.8897435897435897,0.884631087780694,0.7898036255132813,0.11811426534296707
60,4.034256219863892,2.567339487811462,0.03468070030212402,0.010769620118835857,64,10,0.0001,500,96,256,0.25,4,2,16,0.0001,"{'model__batch_size': 64, 'model__callbacks__early_stopping__patience': 10, 'model__lr': 0.0001, 'model__max_epochs': 500, 'model__module__d_model': 96, 'model__module__dim_feedforward': 256, 'model__module__dropout': 0.25, 'model__module__nhead': 4, 'model__module__num_layers': 2, 'model__module__patch_size': 16, 'model__optimizer__weight_decay': 0.0001}",0.8148479427549196,0.42574257425742573,0.4930298719772404,0.706766917293233,0.7766323024054982,0.6434039217376634,0.15565766283224025,238,0.8701192448507905,0.4316600973800139,0.6568074462360234,0.8212305986696231,0.9411854103343464,0.7442005594941594,0.18215996839114765
61,2.8005651950836183,1.5622399260623627,0.030447053909301757,0.003838383474215211,64,10,0.0001,500,96,256,0.25,4,2,32,0.0001,"{'model__batch_size': 64, 'model__callbacks__early_stopping__patience': 10, 'model__lr': 0.0001, 'model__max_epochs': 500, 'model__module__d_model': 96, 'model__module__dim_feedforward': 256, 'model__module__dropout': 0.25, 'model__module__nhead': 4, 'model__module__num_layers': 2, 'model__module__patch_size': 32, 'model__optimizer__weight_decay': 0.0001}",0.8665377176015474,0.4020618556701031,0.5695652173913044,0.7771428571428571,0.7610294117647058,0.6752674119141036,0.1674110430564418,156,0.8701192448507905,0.4258470036427704,0.7010758941552777,0.904550499445061,0.9055909712458833,0.7614367226679566,0.18403139962986545
62,4.213655471801758,1.8888598255695488,0.03248577117919922,0.003925987495997859,64,10,0.0001,500,96,256,0.25,4,3,16,0.0001,"{'model__batch_size': 64, 'model__callbacks__early_stopping__patience': 10, 'model__lr': 0.0001, 'model__max_epochs': 500, 'model__module__d_model': 96, 'model__module__dim_feedforward': 256, 'model__module__dropout': 0.25, 'model__module__nhead': 4, 'model__module__num_layers': 3, 'model__module__patch_size': 16, 'model__optimizer__weight_decay': 0.0001}",0.7183673469387755,0.7827715355805243,0.5931385687483248,0.6954076850984068,0.7610294117647058,0.7101429096261475,0.06608954138615925,75,0.821000704721635,0.76108116064693,0.7043867999365381,0.8200460347353002,0.9365673758865248,0.8086164151853856,0.07717365909904296
63,2.89586181640625,1.7647086455474463,0.03076333999633789,0.0038736353679375557,64,10,0.0001,500,96,256,0.25,4,3,32,0.0001,"{'model__batch_size': 64, 'model__callbacks__early_stopping__patience': 10, 'model__lr': 0.0001, 'model__max_epochs': 500, 'model__module__d_model': 96, 'model__module__dim_feedforward': 256, 'model__module__dropout': 0.25, 'model__module__nhead': 4, 'model__module__num_layers': 3, 'model__module__patch_size': 32, 'model__optimizer__weight_decay': 0.0001}",0.7676767676767677,0.5632183908045978,0.7191489361702128,0.7115056333219529,0.7849624060150375,0.7093024267977137,0.07819763368041135,78,0.8355300261096605,0.5533228537338308,0.6789419368855576,0.8480460088691797,0.90469524642753,0.7641072144051517,0.12930205349829854
64,3.651389169692993,2.2469668945942045,0.03061833381652832,0.0038413790113413174,64,10,0.0001,500,96,384,0.1,4,2,16,0.0001,"{'model__batch_size': 64, 'model__callbacks__early_stopping__patience': 10, 'model__lr': 0.0001, 'model__max_epochs': 500, 'model__module__d_model': 96, 'model__module__dim_feedforward': 384, 'model__module__dropout': 0.1, 'model__module__nhead': 4, 'model__module__num_layers': 2, 'model__module__patch_size': 16, 'model__optimizer__weight_decay': 0.0001}",0.8722222222222222,0.42574257425742573,0.4057623049219688,0.6966666666666667,0.8008578431372549,0.6402503222411077,0.19172206251701418,246,0.8851151315789474,0.43020555603337063,0.5364872364039955,0.8188202247191011,0.9604324821716126,0.7262121261814055,0.20605874093140136
65,2.293758678436279,1.3230756523343468,0.02853879928588867,0.002695053607290333,64,10,0.0001,500,96,384,0.1,4,2,32,0.0001,"{'model__batch_size': 64, 'model__callbacks__early_stopping__patience': 10, 'model__lr': 0.0001, 'model__max_epochs': 500, 'model__module__d_model': 96, 'model__module__dim_feedforward': 384, 'model__module__dropout': 0.1, 'model__module__nhead': 4, 'model__module__num_layers': 2, 'model__module__patch_size': 32, 'model__optimizer__weight_decay': 0.0001}",0.7183673469387755,0.4739229024943311,0.5086848635235732,0.6813725490196079,0.7360199937519525,0.6236735311456479,0.11005949985003262,270,0.8249190600522194,0.4867252456538171,0.570090331214453,0.8755071039227951,0.8670686792740874,0.7248620840234744,0.16345732498822338
66,4.952205038070678,1.195537629106373,0.03227014541625976,0.002307871729786747,64,10,0.0001,500,96,384,0.1,4,3,16,0.0001,"{'model__batch_size': 64, 'model__callbacks__early_stopping__patience': 10, 'model__lr': 0.0001, 'model__max_epochs': 500, 'model__module__d_model': 96, 'model__module__dim_feedforward': 384, 'model__module__dropout': 0.1, 'model__module__nhead': 4, 'model__module__num_layers': 3, 'model__module__patch_size': 16, 'model__optimizer__weight_decay': 0.0001}",0.8141982864137087,0.8116883116883117,0.7808429118773946,0.6823069403714566,0.7610294117647058,0.7700131724231154,0.0481238316929353,15,0.8293010752688172,0.796249413970933,0.907154944574373,0.825127304958376,0.9371191810870094,0.8589903839719017,0.05364424726825529
67,2.975441408157349,1.099647351821811,0.02996659278869629,0.003369588302939804,64,10,0.0001,500,96,384,0.1,4,3,32,0.0001,"{'model__batch_size': 64, 'model__callbacks__early_stopping__patience': 10, 'model__lr': 0.0001, 'model__max_epochs': 500, 'model__module__d_model': 96, 'model__module__dim_feedforward': 384, 'model__module__dropout': 0.1, 'model__module__nhead': 4, 'model__module__num_layers': 3, 'model__module__patch_size': 32, 'model__optimizer__weight_decay': 0.0001}",0.7466340269277846,0.8273809523809523,0.4362297496318115,0.7115384615384615,0.7360199937519525,0.6915606368461924,0.13345399676939815,114,0.814308093994778,0.8760434657455383,0.6499198717948718,0.8855632241009173,0.8801857585139319,0.8212040828300073,0.08945851626548842
68,3.7109591484069826,2.217583757675635,0.03159914016723633,0.0040801181494965226,64,10,0.0001,500,96,384,0.25,4,2,16,0.0001,"{'model__batch_size': 64, 'model__callbacks__early_stopping__patience': 10, 'model__lr': 0.0001, 'model__max_epochs': 500, 'model__module__d_model': 96, 'model__module__dim_feedforward': 384, 'model__module__dropout': 0.25, 'model__module__nhead': 4, 'model__module__num_layers': 2, 'model__module__patch_size': 16, 'model__optimizer__weight_decay': 0.0001}",0.8331721470019342,0.4739229024943311,0.6590909090909091,0.6954076850984068,0.8008578431372549,0.6924902973645672,0.1268311035848795,113,0.8933131720430108,0.46074052015088346,0.6877861882067097,0.8084293897178417,0.9655363242562449,0.7631611188749382,0.17724790308940375
69,2.34014949798584,1.3462854970366658,0.02979617118835449,0.0040983358550776144,64,10,0.0001,500,96,384,0.25,4,2,32,0.0001,"{'model__batch_size': 64, 'model__callbacks__early_stopping__patience': 10, 'model__lr': 0.0001, 'model__max_epochs': 500, 'model__module__d_model': 96, 'model__module__dim_feedforward': 384, 'model__module__dropout': 0.25, 'model__module__nhead': 4, 'model__module__num_layers': 2, 'model__module__patch_size': 32, 'model__optimizer__weight_decay': 0.0001}",0.7183673469387755,0.42,0.46195652173913043,0.6823069403714566,0.7360199937519525,0.603730160560263,0.13466486650663462,284,0.814308093994778,0.4465300727032386,0.5542724196277495,0.8755071039227951,0.8682553191489362,0.7117746018794995,0.17718310403640006
70,3.892433929443359,2.4922708378920535,0.03260960578918457,0.003326627949182938,64,10,0.0001,500,96,384,0.25,4,3,16,0.0001,"{'model__batch_size': 64, 'model__callbacks__early_stopping__patience': 10, 'model__lr': 0.0001, 'model__max_epochs': 500, 'model__module__d_model': 96, 'model__module__dim_feedforward': 384, 'model__module__dropout': 0.25, 'model__module__nhead': 4, 'model__module__num_layers': 3, 'model__module__patch_size': 16, 'model__optimizer__weight_decay': 0.0001}",0.7604166666666666,0.42574257425742573,0.3886937080804854,0.6415441176470589,0.7512755102040816,0.5935345153711437,0.1582091575205407,288,0.816614286927716,0.42583333333333334,0.45719142798269113,0.8200460347353002,0.9458427952598134,0.6931055756477708,0.21087167693786657
71,2.4210553646087645,1.3285226382935142,0.029213571548461915,0.0015143145238993654,64,10,0.0001,500,96,384,0.25,4,3,32,0.0001,"{'model__batch_size': 64, 'model__callbacks__early_stopping__patience': 10, 'model__lr': 0.0001, 'model__max_epochs': 500, 'model__module__d_model': 96, 'model__module__dim_feedforward': 384, 'model__module__dropout': 0.25, 'model__module__nhead': 4, 'model__module__num_layers': 3, 'model__module__patch_size': 32, 'model__optimizer__weight_decay': 0.0001}",0.7599678886807599,0.42,0.4751104565537555,0.7276190476190476,0.7849624060150375,0.63353195977372,0.15392392588153656,260,0.7920566434340082,0.413716814159292,0.5058293781185348,0.8755071039227951,0.879075348244249,0.6932370575757758,0.1953339475986063
72,3.2552864074707033,1.732570752470903,0.03253397941589355,0.004964356143950485,64,10,0.0001,500,128,128,0.1,4,2,16,0.0001,"{'model__batch_size': 64, 'model__callbacks__early_stopping__patience': 10, 'model__lr': 0.0001, 'model__max_epochs': 500, 'model__module__d_model': 128, 'model__module__dim_feedforward': 128, 'model__module__dropout': 0.1, 'model__module__nhead': 4, 'model__module__num_layers': 2, 'model__module__patch_size': 16, 'model__optimizer__weight_decay': 0.0001}",0.7050540608498868,0.42,0.6590909090909091,0.7896440129449838,0.74,0.6627577965771559,0.12868584827246587,192,0.7972950268817205,0.45681222594120546,0.7093059125964011,0.8731741573033708,0.9505406027145158,0.7574255850874427,0.17027308006255581
73,2.0940743923187255,0.8607713517090451,0.031087303161621095,0.0011808215444004371,64,10,0.0001,500,128,128,0.1,4,2,32,0.0001,"{'model__batch_size': 64, 'model__callbacks__early_stopping__patience': 10, 'model__lr': 0.0001, 'model__max_epochs': 500, 'model__module__d_model': 128, 'model__module__dim_feedforward': 128, 'model__module__dropout': 0.1, 'model__module__nhead': 4, 'model__module__num_layers': 2, 'model__module__patch_size': 32, 'model__optimizer__weight_decay': 0.0001}",0.7535714285714286,0.7195604395604396,0.7565773297270715,0.726890756302521,0.7610294117647058,0.7435258731852332,0.016903826112508284,35,0.816614286927716,0.4992441421012849,0.6767295597484277,0.8560368277882402,0.9055909712458833,0.7508431575623105,0.14706007310981703
74,3.651239013671875,2.0101967984724407,0.032462024688720705,0.00282011499814421,64,10,0.0001,500,128,128,0.1,4,3,16,0.0001,"{'model__batch_size': 64, 'model__callbacks__early_stopping__patience': 10, 'model__lr': 0.0001, 'model__max_epochs': 500, 'model__module__d_model': 128, 'model__module__dim_feedforward': 128, 'model__module__dropout': 0.1, 'model__module__nhead': 4, 'model__module__num_layers': 3, 'model__module__patch_size': 16, 'model__optimizer__weight_decay': 0.0001}",0.7744531053557959,0.42,0.494949494949495,0.7428982380438691,0.7397025171624714,0.6344006711023262,0.14689395049202494,253,0.8337239995776581,0.4827249658403279,0.5157971014492754,0.8559930859396101,0.930756843800322,0.7237991993214387,0.18642521865164147
75,2.4947601318359376,0.78318332663961,0.029880380630493163,0.003846842101231642,64,10,0.0001,500,128,128,0.1,4,3,32,0.0001,"{'model__batch_size': 64, 'model__callbacks__early_stopping__patience': 10, 'model__lr': 0.0001, 'model__max_epochs': 500, 'model__module__d_model': 128, 'model__module__dim_feedforward': 128, 'model__module__dropout': 0.1, 'model__module__nhead': 4, 'model__module__num_layers': 3, 'model__module__patch_size': 32, 'model__optimizer__weight_decay': 0.0001}",0.7050540608498868,0.8459203036053131,0.4554765291607397,0.7558893820416525,0.7695035460992907,0.7063687643513765,0.13331283994812868,84,0.8145189003436426,0.8749455495861769,0.5992029111072604,0.8621794871794872,0.8362455197132617,0.7974184735859657,0.10128554656002815
76,2.7578391551971437,1.3121336189444546,0.02948770523071289,0.003207072950823597,64,10,0.0001,500,128,128,0.25,4,2,16,0.0001,"{'model__batch_size': 64, 'model__callbacks__early_stopping__patience': 10, 'model__lr': 0.0001, 'model__max_epochs': 500, 'model__module__d_model': 128, 'model__module__dim_feedforward': 128, 'model__module__dropout': 0.25, 'model__module__nhead': 4, 'model__module__num_layers': 2, 'model__module__patch_size': 16, 'model__optimizer__weight_decay': 0.0001}",0.7466340269277846,0.5639097744360901,0.6796934865900384,0.7098214285714286,0.7212009803921569,0.6842519393834997,0.06389612102666892,131,0.821000704721635,0.5755411255411256,0.6903557063152237,0.8619010619010619,0.9001547987616099,0.7697906794481312,0.1201202705609785
77,2.416904354095459,1.059529057188271,0.028814077377319336,0.003613579869390221,64,10,0.0001,500,128,128,0.25,4,2,32,0.0001,"{'model__batch_size': 64, 'model__callbacks__early_stopping__patience': 10, 'model__lr': 0.0001, 'model__max_epochs': 500, 'model__module__d_model': 128, 'model__module__dim_feedforward': 128, 'model__module__dropout': 0.25, 'model__module__nhead': 4, 'model__module__num_layers': 2, 'model__module__patch_size': 32, 'model__optimizer__weight_decay': 0.0001}",0.6997098646034816,0.8459203036053131,0.3888888888888889,0.7115056333219529,0.706766917293233,0.6705583215425739,0.15094836948801105,165,0.8285574032030435,0.7997625215889465,0.49215221318879854,0.8201769278884818,0.9268085106382978,0.7734915153015136,0.14734982151500745
78,4.013733911514282,1.946469709712981,0.03173031806945801,0.0034835792062987998,64,10,0.0001,500,128,128,0.25,4,3,16,0.0001,"{'model__batch_size': 64, 'model__callbacks__early_stopping__patience': 10, 'model__lr': 0.0001, 'model__max_epochs': 500, 'model__module__d_model': 128, 'model__module__dim_feedforward': 128, 'model__module__dropout': 0.25, 'model__module__nhead': 4, 'model__module__num_layers': 3, 'model__module__patch_size': 16, 'model__optimizer__weight_decay': 0.0001}",0.8438521498617049,0.7302325581395348,0.5695652173913044,0.7246660149885957,0.7922115664051148,0.7321055013572508,0.09228027990093306,44,0.8627939832128313,0.7505372906342693,0.6900482415188297,0.8609986270181964,0.9177712368060893,0.8164298758380433,0.08333093753859619
79,2.790989065170288,1.0553043027441735,0.030547237396240233,0.004017462747587533,64,10,0.0001,500,128,128,0.25,4,3,32,0.0001,"{'model__batch_size': 64, 'model__callbacks__early_stopping__patience': 10, 'model__lr': 0.0001, 'model__max_epochs': 500, 'model__module__d_model': 128, 'model__module__dim_feedforward': 128, 'model__module__dropout': 0.25, 'model__module__nhead': 4, 'model__module__num_layers': 3, 'model__module__patch_size': 32, 'model__optimizer__weight_decay': 0.0001}",0.731934731934732,0.8273809523809523,0.4270833333333333,0.7512755102040816,0.7695035460992907,0.7014356147904779,0.14083952356891727,95,0.769576280562009,0.8665083477259643,0.5604860486048605,0.8789342880481065,0.8812974465148378,0.7913604822911555,0.12262347755864682
80,3.7164150714874267,2.0433194020304186,0.03305802345275879,0.0035494829435515703,64,10,0.0001,500,128,256,0.1,4,2,16,0.0001,"{'model__batch_size': 64, 'model__callbacks__early_stopping__patience': 10, 'model__lr': 0.0001, 'model__max_epochs': 500, 'model__module__d_model': 128, 'model__module__dim_feedforward': 256, 'model__module__dropout': 0.1, 'model__module__nhead': 4, 'model__module__num_layers': 2, 'model__module__patch_size': 16, 'model__optimizer__weight_decay': 0.0001}",0.785663082437276,0.7705494505494506,0.4362297496318115,0.6933962264150944,0.7849624060150375,0.694160183009734,0.1334030258980714,110,0.9493175832069598,0.7451923076923077,0.5773026315789473,0.9031721919399518,0.8403794596824088,0.8030728348201152,0.13200116065952078
81,2.3515535831451415,1.1603545918299492,0.03089590072631836,0.004969046432199804,64,10,0.0001,500,128,256,0.1,4,2,32,0.0001,"{'model__batch_size': 64, 'model__callbacks__early_stopping__patience': 10, 'model__lr': 0.0001, 'model__max_epochs': 500, 'model__module__d_model': 128, 'model__module__dim_feedforward': 256, 'model__module__dropout': 0.1, 'model__module__nhead': 4, 'model__module__num_layers': 2, 'model__module__patch_size': 32, 'model__optimizer__weight_decay': 0.0001}",0.7717391304347826,0.6175824175824176,0.7565773297270715,0.6683673469387755,0.7458646616541353,0.7120261772674364,0.059196625235134095,70,0.8805097052627273,0.4679083292944679,0.7033189033189033,0.8540414397850222,0.9564671253679297,0.7724491006058101,0.17304398463786025
82,4.565439319610595,1.8630187430077971,0.03432798385620117,0.0027470310286250295,64,10,0.0001,500,128,256,0.1,4,3,16,0.0001,"{'model__batch_size': 64, 'model__callbacks__early_stopping__patience': 10, 'model__lr': 0.0001, 'model__max_epochs': 500, 'model__module__d_model': 128, 'model__module__dim_feedforward': 256, 'model__module__dropout': 0.1, 'model__module__nhead': 4, 'model__module__num_layers': 3, 'model__module__patch_size': 16, 'model__optimizer__weight_decay': 0.0001}",0.8225391629646949,0.8116883116883117,0.6158730158730159,0.8076923076923077,0.7849624060150375,0.7685510408466735,0.07731428387086385,16,0.9189081331311357,0.8593816329418423,0.705841086988628,0.8409174990751018,0.951836917562724,0.8553770539398864,0.08476653125527751
83,2.4695293426513674,0.7888628466581113,0.029451751708984376,0.0029496303018112105,64,10,0.0001,500,128,256,0.1,4,3,32,0.0001,"{'model__batch_size': 64, 'model__callbacks__early_stopping__patience': 10, 'model__lr': 0.0001, 'model__max_epochs': 500, 'model__module__d_model': 128, 'model__module__dim_feedforward': 256, 'model__module__dropout': 0.1, 'model__module__nhead': 4, 'model__module__num_layers': 3, 'model__module__patch_size': 32, 'model__optimizer__weight_decay': 0.0001}",0.6919642857142857,0.8517707192405988,0.396078431372549,0.7115056333219529,0.7360199937519525,0.6774678126802678,0.15123396842034736,148,0.8355300261096605,0.8585990542604279,0.5415902524808441,0.8550561797752809,0.8445027704870225,0.7870556566226472,0.12300059261125387
84,3.5504799365997313,1.6869037976770886,0.03019294738769531,0.0024010073313807645,64,10,0.0001,500,128,256,0.25,4,2,16,0.0001,"{'model__batch_size': 64, 'model__callbacks__early_stopping__patience': 10, 'model__lr': 0.0001, 'model__max_epochs': 500, 'model__module__d_model': 128, 'model__module__dim_feedforward': 256, 'model__module__dropout': 0.25, 'model__module__nhead': 4, 'model__module__num_layers': 2, 'model__module__patch_size': 16, 'model__optimizer__weight_decay': 0.0001}",0.8516129032258064,0.7521367521367521,0.494949494949495,0.7512755102040816,0.7849624060150375,0.7269874133062345,0.12161957816662529,52,0.8817097616781744,0.7573260073260073,0.5201131028595817,0.8380414312617703,0.9708518490622882,0.7936084304375643,0.15314533881788553
85,2.039812135696411,1.0307929433203995,0.029659366607666014,0.00246061988457301,64,10,0.0001,500,128,256,0.25,4,2,32,0.0001,"{'model__batch_size': 64, 'model__callbacks__early_stopping__patience': 10, 'model__lr': 0.0001, 'model__max_epochs': 500, 'model__module__d_model': 128, 'model__module__dim_feedforward': 256, 'model__module__dropout': 0.25, 'model__module__nhead': 4, 'model__module__num_layers': 2, 'model__module__patch_size': 32, 'model__optimizer__weight_decay': 0.0001}",0.7535714285714286,0.42574257425742573,0.34,0.726890756302521,0.7610294117647058,0.6014468341792162,0.18087072894335357,285,0.805826892041111,0.4175824175824176,0.4877076411960133,0.8704168759417379,0.8801857585139319,0.6923439170550424,0.19861661999486138
86,3.880243492126465,1.3011889429986596,0.03374161720275879,0.004356581799631412,64,10,0.0001,500,128,256,0.25,4,3,16,0.0001,"{'model__batch_size': 64, 'model__callbacks__early_stopping__patience': 10, 'model__lr': 0.0001, 'model__max_epochs': 500, 'model__module__d_model': 128, 'model__module__dim_feedforward': 256, 'model__module__dropout': 0.25, 'model__module__nhead': 4, 'model__module__num_layers': 3, 'model__module__patch_size': 16, 'model__optimizer__weight_decay': 0.0001}",0.7369281045751634,0.7827715355805243,0.7521902377972465,0.7115384615384615,0.7849624060150375,0.7536781491012867,0.02786991570509025,28,0.7521501350216715,0.7540766273366035,0.7413415428334615,0.8569844789356984,0.8694013761037889,0.7947908320462448,0.056156005953423266
87,2.268916893005371,1.25421343231511,0.03147621154785156,0.004932012706144722,64,10,0.0001,500,128,256,0.25,4,3,32,0.0001,"{'model__batch_size': 64, 'model__callbacks__early_stopping__patience': 10, 'model__lr': 0.0001, 'model__max_epochs': 500, 'model__module__d_model': 128, 'model__module__dim_feedforward': 256, 'model__module__dropout': 0.25, 'model__module__nhead': 4, 'model__module__num_layers': 3, 'model__module__patch_size': 32, 'model__optimizer__weight_decay': 0.0001}",0.731934731934732,0.5519904931669638,0.5195968645016797,0.726890756302521,0.8079196217494089,0.6676664935310611,0.11190568515004014,177,0.7737999821889749,0.4316600973800139,0.6182264419040238,0.8631638497984584,0.88777304964539,0.7149246841833723,0.17023929310073493
88,3.7640499114990233,1.688035535177614,0.030689096450805663,0.0031444746494602087,64,10,0.0001,500,128,384,0.1,4,2,16,0.0001,"{'model__batch_size': 64, 'model__callbacks__early_stopping__patience': 10, 'model__lr': 0.0001, 'model__max_epochs': 500, 'model__module__d_model': 128, 'model__module__dim_feedforward': 384, 'model__module__dropout': 0.1, 'model__module__nhead': 4, 'model__module__num_layers': 2, 'model__module__patch_size': 16, 'model__optimizer__weight_decay': 0.0001}",0.7391304347826086,0.7827715355805243,0.7191489361702128,0.7264309764309764,0.7212009803921569,0.7377365726712959,0.023566218554907672,40,0.8851151315789474,0.7468869392953162,0.6858357693329791,0.9404928765324769,0.9109730848861284,0.8338607603251698,0.0994178785545482
89,2.366633939743042,0.8149400996734304,0.028361129760742187,0.00231268922748264,64,10,0.0001,500,128,384,0.1,4,2,32,0.0001,"{'model__batch_size': 64, 'model__callbacks__early_stopping__patience': 10, 'model__lr': 0.0001, 'model__max_epochs': 500, 'model__module__d_model': 128, 'model__module__dim_feedforward': 384, 'model__module__dropout': 0.1, 'model__module__nhead': 4, 'model__module__num_layers': 2, 'model__module__patch_size': 32, 'model__optimizer__weight_decay': 0.0001}",0.7183673469387755,0.8459203036053131,0.5695652173913044,0.6634615384615385,0.7610294117647058,0.7116687636323273,0.0927600937908342,71,0.8444514834758737,0.8515567120218284,0.6906241982910031,0.8713675213675214,0.8966089727687346,0.8309217775849923,0.07244712557125854
90,4.364944696426392,1.6759923750305383,0.03199000358581543,0.002792157410367575,64,10,0.0001,500,128,384,0.1,4,3,16,0.0001,"{'model__batch_size': 64, 'model__callbacks__early_stopping__patience': 10, 'model__lr': 0.0001, 'model__max_epochs': 500, 'model__module__d_model': 128, 'model__module__dim_feedforward': 384, 'model__module__dropout': 0.1, 'model__module__nhead': 4, 'model__module__num_layers': 3, 'model__module__patch_size': 16, 'model__optimizer__weight_decay': 0.0001}",0.7466340269277846,0.7705494505494506,0.6992763334226748,0.6933962264150944,0.8079196217494089,0.7435551318128828,0.043260809473596604,34,0.8408761962368495,0.7462925695082159,0.748840787640613,0.8974117987275883,0.9177712368060893,0.8302385177838711,0.07205539463414071
91,2.2594379425048827,1.0391219438618284,0.029428672790527344,0.0028277558132672022,64,10,0.0001,500,128,384,0.1,4,3,32,0.0001,"{'model__batch_size': 64, 'model__callbacks__early_stopping__patience': 10, 'model__lr': 0.0001, 'model__max_epochs': 500, 'model__module__d_model': 128, 'model__module__dim_feedforward': 384, 'model__module__dropout': 0.1, 'model__module__nhead': 4, 'model__module__num_layers': 3, 'model__module__patch_size': 32, 'model__optimizer__weight_decay': 0.0001}",0.7183673469387755,0.6979166666666667,0.4930298719772404,0.7833333333333333,0.7610294117647058,0.6907353261361443,0.10336169139567815,119,0.8101522625835522,0.7595106722811094,0.5850287412000258,0.8500079276993817,0.9092756114714386,0.7827950430471017,0.11037843592045193
92,3.5368416786193846,1.7261641896181839,0.030173110961914062,0.0023178359417367947,64,10,0.0001,500,128,384,0.25,4,2,16,0.0001,"{'model__batch_size': 64, 'model__callbacks__early_stopping__patience': 10, 'model__lr': 0.0001, 'model__max_epochs': 500, 'model__module__d_model': 128, 'model__module__dim_feedforward': 384, 'model__module__dropout': 0.25, 'model__module__nhead': 4, 'model__module__num_layers': 2, 'model__module__patch_size': 16, 'model__optimizer__weight_decay': 0.0001}",0.7391304347826086,0.7646103896103896,0.7191489361702128,0.7927295918367347,0.7849624060150375,0.7601163516829967,0.027640130491862886,23,0.8687664041994752,0.7411236034883928,0.6858357693329791,0.8587848932676518,0.9411854103343464,0.8191392161245691,0.09250530338846798
93,1.9198529243469238,0.9555009622338901,0.02919940948486328,0.003299557357622527,64,10,0.0001,500,128,384,0.25,4,2,32,0.0001,"{'model__batch_size': 64, 'model__callbacks__early_stopping__patience': 10, 'model__lr': 0.0001, 'model__max_epochs': 500, 'model__module__d_model': 128, 'model__module__dim_feedforward': 384, 'model__module__dropout': 0.25, 'model__module__nhead': 4, 'model__module__num_layers': 2, 'model__module__patch_size': 32, 'model__optimizer__weight_decay': 0.0001}",0.7535714285714286,0.42574257425742573,0.48700080407397484,0.6966666666666667,0.7610294117647058,0.6248021770668404,0.14065406381707107,267,0.781786941580756,0.4175824175824176,0.5973120296603625,0.8510366547108739,0.8966089727687346,0.708865403260629,0.17780202264809092
94,4.871538257598877,2.145862641874758,0.032740116119384766,0.001153218536636501,64,10,0.0001,500,128,384,0.25,4,3,16,0.0001,"{'model__batch_size': 64, 'model__callbacks__early_stopping__patience': 10, 'model__lr': 0.0001, 'model__max_epochs': 500, 'model__module__d_model': 128, 'model__module__dim_feedforward': 384, 'model__module__dropout': 0.25, 'model__module__nhead': 4, 'model__module__num_layers': 3, 'model__module__patch_size': 16, 'model__optimizer__weight_decay': 0.0001}",0.7466340269277846,0.7521367521367521,0.6542597187758478,0.7724089635854342,0.7849624060150375,0.7420803734881712,0.04602830867237225,36,0.8551789673740893,0.7451923076923077,0.7381531615827668,0.8529914529914531,0.955689559758029,0.8294410898797292,0.08073051125818002
95,2.377679681777954,1.258228439376673,0.03007969856262207,0.003281918884115286,64,10,0.0001,500,128,384,0.25,4,3,32,0.0001,"{'model__batch_size': 64, 'model__callbacks__early_stopping__patience': 10, 'model__lr': 0.0001, 'model__max_epochs': 500, 'model__module__d_model': 128, 'model__module__dim_feedforward': 384, 'model__module__dropout': 0.25, 'model__module__nhead': 4, 'model__module__num_layers': 3, 'model__module__patch_size': 32, 'model__optimizer__weight_decay': 0.0001}",0.7535714285714286,0.42574257425742573,0.49986934935981187,0.7276190476190476,0.7849624060150375,0.6383529611645503,0.14636867567969752,251,0.7765657987332863,0.4535181060793533,0.6567949725058916,0.8855632241009173,0.8584964539007092,0.7261877110640315,0.15786587658585538
96,2.663715362548828,0.9440074049809466,0.028742599487304687,0.0021689736012039207,64,10,0.0002,500,96,128,0.1,4,2,16,0.0001,"{'model__batch_size': 64, 'model__callbacks__early_stopping__patience': 10, 'model__lr': 0.0002, 'model__max_epochs': 500, 'model__module__d_model': 96, 'model__module__dim_feedforward': 128, 'model__module__dropout': 0.1, 'model__module__nhead': 4, 'model__module__num_layers': 2, 'model__module__patch_size': 16, 'model__optimizer__weight_decay': 0.0001}",0.7946428571428572,0.8705357142857143,0.4930298719772404,0.7115056333219529,0.7610294117647058,0.7261486976984942,0.12752609998797004,53,0.8627939832128313,0.8623376623376624,0.5778743961352657,0.8470391295250053,0.9229390681003584,0.8145968478622247,0.12118597831434193
97,1.8115889072418212,0.8683321634502583,0.02804121971130371,0.002046869552374201,64,10,0.0002,500,96,128,0.1,4,2,32,0.0001,"{'model__batch_size': 64, 'model__callbacks__early_stopping__patience': 10, 'model__lr': 0.0002, 'model__max_epochs': 500, 'model__module__d_model': 96, 'model__module__dim_feedforward': 128, 'model__module__dropout': 0.1, 'model__module__nhead': 4, 'model__module__num_layers': 2, 'model__module__patch_size': 32, 'model__optimizer__weight_decay': 0.0001}",0.7183673469387755,0.6054421768707483,0.47619047619047616,0.7115056333219529,0.7610294117647058,0.6545070090173317,0.10283788392620452,216,0.8123424598000869,0.5071212005401411,0.6686721100128921,0.8467023172905526,0.9155287637463168,0.7500733702779978,0.14576831074791333
98,2.7756258487701415,1.348398861407537,0.0315546989440918,0.0029023745081463597,64,10,0.0002,500,96,128,0.1,4,3,16,0.0001,"{'model__batch_size': 64, 'model__callbacks__early_stopping__patience': 10, 'model__lr': 0.0002, 'model__max_epochs': 500, 'model__module__d_model': 96, 'model__module__dim_feedforward': 128, 'model__module__dropout': 0.1, 'model__module__nhead': 4, 'model__module__num_layers': 3, 'model__module__patch_size': 16, 'model__optimizer__weight_decay': 0.0001}",0.8118181818181818,0.40816326530612246,0.6378364253984845,0.6961524631427544,0.7849624060150375,0.6677865483361162,0.14393135665613094,175,0.849338324026917,0.4293090475078488,0.7010758941552777,0.8357966197581501,0.9147273257509478,0.7460494422398284,0.172929161821485
99,2.1344565391540526,0.9140132784006801,0.02867608070373535,0.002483513660446664,64,10,0.0002,500,96,128,0.1,4,3,32,0.0001,"{'model__batch_size': 64, 'model__callbacks__early_stopping__patience': 10, 'model__lr': 0.0002, 'model__max_epochs': 500, 'model__module__d_model': 96, 'model__module__dim_feedforward': 128, 'model__module__dropout': 0.1, 'model__module__nhead': 4, 'model__module__num_layers': 3, 'model__module__patch_size': 32, 'model__optimizer__weight_decay': 0.0001}",0.7128518971848226,0.8390804597701149,0.5195968645016797,0.7596153846153846,0.7458646616541353,0.7154018535452276,0.1063252676056698,67,0.8362346872985171,0.8138494528246081,0.676715291417474,0.8174362696180713,0.9807347670250897,0.8249940936367519,0.09648775591092851
100,2.704613542556763,0.9150218752074868,0.028870344161987305,0.0016347521449748016,64,10,0.0002,500,96,128,0.25,4,2,16,0.0001,"{'model__batch_size': 64, 'model__callbacks__early_stopping__patience': 10, 'model__lr': 0.0002, 'model__max_epochs': 500, 'model__module__d_model': 96, 'model__module__dim_feedforward': 128, 'model__module__dropout': 0.25, 'model__module__nhead': 4, 'model__module__num_layers': 2, 'model__module__patch_size': 16, 'model__optimizer__weight_decay': 0.0001}",0.8225391629646949,0.8705357142857143,0.5450785773366419,0.654795376444861,0.7610294117647058,0.7307956485593236,0.11757985435203319,48,0.8817097616781744,0.8569732297063903,0.6103361635765032,0.8273596074326991,0.9274452089465495,0.8207647942680634,0.11020866653842265
101,1.7526729106903076,0.7920124474108109,0.027797555923461913,0.0026209329897274756,64,10,0.0002,500,96,128,0.25,4,2,32,0.0001,"{'model__batch_size': 64, 'model__callbacks__early_stopping__patience': 10, 'model__lr': 0.0002, 'model__max_epochs': 500, 'model__module__d_model': 96, 'model__module__dim_feedforward': 128, 'model__module__dropout': 0.25, 'model__module__nhead': 4, 'model__module__num_layers': 2, 'model__module__patch_size': 32, 'model__optimizer__weight_decay': 0.0001}",0.7457894736842106,0.6054421768707483,0.4358974358974359,0.7115056333219529,0.8512585812356979,0.6699786602020091,0.1409206556612707,170,0.7605481593892989,0.5118185828079189,0.6432795238910121,0.852991452991453,0.8966089727687346,0.7330493383696834,0.14063834243912726
102,2.4895181179046633,1.1870582495397672,0.03570013046264649,0.010067312791187628,64,10,0.0002,500,96,128,0.25,4,3,16,0.0001,"{'model__batch_size': 64, 'model__callbacks__early_stopping__patience': 10, 'model__lr': 0.0002, 'model__max_epochs': 500, 'model__module__d_model': 96, 'model__module__dim_feedforward': 128, 'model__module__dropout': 0.25, 'model__module__nhead': 4, 'model__module__num_layers': 3, 'model__module__patch_size': 16, 'model__optimizer__weight_decay': 0.0001}",0.7604166666666666,0.42574257425742573,0.6590909090909091,0.7115056333219529,0.7610294117647058,0.663557039020332,0.12470556088540741,189,0.7945657638752268,0.41629955947136565,0.7258569193571327,0.8329804916455253,0.899195123857154,0.7337795716412809,0.16837720460768912
103,1.8653129100799561,1.0641113902650237,0.029917192459106446,0.00192516205080098,64,10,0.0002,500,96,128,0.25,4,3,32,0.0001,"{'model__batch_size': 64, 'model__callbacks__early_stopping__patience': 10, 'model__lr': 0.0002, 'model__max_epochs': 500, 'model__module__d_model': 96, 'model__module__dim_feedforward': 128, 'model__module__dropout': 0.25, 'model__module__nhead': 4, 'model__module__num_layers': 3, 'model__module__patch_size': 32, 'model__optimizer__weight_decay': 0.0001}",0.7050540608498868,0.5770833333333333,0.3592233009708738,0.5975887911371782,0.7619047619047619,0.6001708496392067,0.13838624788261797,286,0.8100224382946897,0.42610002802619174,0.5201131028595817,0.8200460347353002,0.9756028368794326,0.7103768881590392,0.20460449772705547
104,2.439478063583374,1.3430474244880812,0.029126310348510744,0.0025695567892034614,64,10,0.0002,500,96,256,0.1,4,2,16,0.0001,"{'model__batch_size': 64, 'model__callbacks__early_stopping__patience': 10, 'model__lr': 0.0002, 'model__max_epochs': 500, 'model__module__d_model': 96, 'model__module__dim_feedforward': 256, 'model__module__dropout': 0.1, 'model__module__nhead': 4, 'model__module__num_layers': 2, 'model__module__patch_size': 16, 'model__optimizer__weight_decay': 0.0001}",0.7763888888888889,0.7756286266924565,0.4545454545454546,0.6683673469387755,0.8008578431372549,0.695157632040566,0.12873117107373924,105,0.847769028871391,0.6211535306662916,0.6523671497584541,0.8489434558132107,0.960790273556231,0.7862046877331158,0.12912073336022736
105,2.001749563217163,0.7280696094139681,0.029072284698486328,0.002666373909307494,64,10,0.0002,500,96,256,0.1,4,2,32,0.0001,"{'model__batch_size': 64, 'model__callbacks__early_stopping__patience': 10, 'model__lr': 0.0002, 'model__max_epochs': 500, 'model__module__d_model': 96, 'model__module__dim_feedforward': 256, 'model__module__dropout': 0.1, 'model__module__nhead': 4, 'model__module__num_layers': 2, 'model__module__patch_size': 32, 'model__optimizer__weight_decay': 0.0001}",0.8034188034188035,0.8459203036053131,0.4392156862745098,0.6961524631427544,0.7922115664051148,0.7153837645692991,0.14651356090632253,68,0.8293010752688172,0.8515567120218284,0.5126126828254488,0.8567197334320622,0.9411854103343464,0.7982751227765006,0.14781318607208083
106,3.678212213516235,1.5243439323806325,0.03185062408447266,0.003501865005985775,64,10,0.0002,500,96,256,0.1,4,3,16,0.0001,"{'model__batch_size': 64, 'model__callbacks__early_stopping__patience': 10, 'model__lr': 0.0002, 'model__max_epochs': 500, 'model__module__d_model': 96, 'model__module__dim_feedforward': 256, 'model__module__dropout': 0.1, 'model__module__nhead': 4, 'model__module__num_layers': 3, 'model__module__patch_size': 16, 'model__optimizer__weight_decay': 0.0001}",0.8548047696983867,0.8116883116883117,0.6158730158730159,0.7276190476190476,0.7458646616541353,0.7511699613065794,0.0815974257276603,31,0.8779738903394256,0.8738095238095238,0.6800497976968565,0.8397885137412842,0.9713439466864124,0.8485931344547005,0.09492232058201273
107,2.34753360748291,0.8462542804085933,0.029455947875976562,0.0024950114259436923,64,10,0.0002,500,96,256,0.1,4,3,32,0.0001,"{'model__batch_size': 64, 'model__callbacks__early_stopping__patience': 10, 'model__lr': 0.0002, 'model__max_epochs': 500, 'model__module__d_model': 96, 'model__module__dim_feedforward': 256, 'model__module__dropout': 0.1, 'model__module__nhead': 4, 'model__module__num_layers': 3, 'model__module__patch_size': 32, 'model__optimizer__weight_decay': 0.0001}",0.8091526276087503,0.8941219423147134,0.4392156862745098,0.7276190476190476,0.7360199937519525,0.7212258595137947,0.1532407576775732,62,0.8597287844388537,0.8581977739726028,0.4673073299415866,0.8820474370462483,0.916302501765166,0.7967167654328915,0.16603799384061876
108,2.2466382026672362,1.1287032594484494,0.028822994232177733,0.002722488405041428,64,10,0.0002,500,96,256,0.25,4,2,16,0.0001,"{'model__batch_size': 64, 'model__callbacks__early_stopping__patience': 10, 'model__lr': 0.0002, 'model__max_epochs': 500, 'model__module__d_model': 96, 'model__module__dim_feedforward': 256, 'model__module__dropout': 0.25, 'model__module__nhead': 4, 'model__module__num_layers': 2, 'model__module__patch_size': 16, 'model__optimizer__weight_decay': 0.0001}",0.7943132309103417,0.5519904931669638,0.4849939975990396,0.6823069403714566,0.8172446110590441,0.666169854621369,0.13066470847620412,182,0.8537828947368421,0.4759568449773461,0.5107666444164256,0.8489434558132107,0.8975319148936169,0.7173963509674882,0.18403457402769072
109,2.09521222114563,0.5905708222626381,0.02892589569091797,0.001846733019733193,64,10,0.0002,500,96,256,0.25,4,2,32,0.0001,"{'model__batch_size': 64, 'model__callbacks__early_stopping__patience': 10, 'model__lr': 0.0002, 'model__max_epochs': 500, 'model__module__d_model': 96, 'model__module__dim_feedforward': 256, 'model__module__dropout': 0.25, 'model__module__nhead': 4, 'model__module__num_layers': 2, 'model__module__patch_size': 32, 'model__optimizer__weight_decay': 0.0001}",0.7804161566707466,0.7931034482758621,0.5450785773366419,0.7276190476190476,0.8079196217494089,0.7308273703303414,0.09674035381069028,47,0.7993038204454694,0.841743804120633,0.6195008460236887,0.8652838545886674,0.8966089727687346,0.8044882595894386,0.09779317701483217
110,3.3614221096038817,1.3226719784839542,0.03154134750366211,0.0027208746792555393,64,10,0.0002,500,96,256,0.25,4,3,16,0.0001,"{'model__batch_size': 64, 'model__callbacks__early_stopping__patience': 10, 'model__lr': 0.0002, 'model__max_epochs': 500, 'model__module__d_model': 96, 'model__module__dim_feedforward': 256, 'model__module__dropout': 0.25, 'model__module__nhead': 4, 'model__module__num_layers': 3, 'model__module__patch_size': 16, 'model__optimizer__weight_decay': 0.0001}",0.7457894736842106,0.9136904761904762,0.6054347826086957,0.7115384615384615,0.7849624060150375,0.7522831200073764,0.1003862532392401,30,0.7884553783073868,0.8528437080161217,0.6103361635765032,0.8346153846153846,0.9463262411347517,0.8065153751300297,0.11072077469478715
111,1.6686501026153564,0.7004114905108793,0.02976193428039551,0.0032226783653075274,64,10,0.0002,500,96,256,0.25,4,3,32,0.0001,"{'model__batch_size': 64, 'model__callbacks__early_stopping__patience': 10, 'model__lr': 0.0002, 'model__max_epochs': 500, 'model__module__d_model': 96, 'model__module__dim_feedforward': 256, 'model__module__dropout': 0.25, 'model__module__nhead': 4, 'model__module__num_layers': 3, 'model__module__patch_size': 32, 'model__optimizer__weight_decay': 0.0001}",0.7183673469387755,0.42574257425742573,0.4057623049219688,0.6966666666666667,0.7849624060150375,0.6063002597599748,0.1584057013841861,281,0.8100224382946897,0.4175824175824176,0.5576196543938479,0.8306335716693576,0.8984232925251692,0.7028562748930963,0.1835935359069733
112,2.705022382736206,1.0751598745680249,0.03695569038391113,0.010740209293055523,64,10,0.0002,500,96,384,0.1,4,2,16,0.0001,"{'model__batch_size': 64, 'model__callbacks__early_stopping__patience': 10, 'model__lr': 0.0002, 'model__max_epochs': 500, 'model__module__d_model': 96, 'model__module__dim_feedforward': 384, 'model__module__dropout': 0.1, 'model__module__nhead': 4, 'model__module__num_layers': 2, 'model__module__patch_size': 16, 'model__optimizer__weight_decay': 0.0001}",0.8892455858747994,0.8201550387596899,0.6590909090909091,0.706766917293233,0.7360199937519525,0.7622556889541168,0.0823274631155757,21,0.874671052631579,0.8419797257006559,0.6952365314797584,0.8459971910112359,0.9208649643432252,0.835749893033291,0.07569313672263361
113,1.9983811855316163,0.6751270334739121,0.029728460311889648,0.0021635584163521827,64,10,0.0002,500,96,384,0.1,4,2,32,0.0001,"{'model__batch_size': 64, 'model__callbacks__early_stopping__patience': 10, 'model__lr': 0.0002, 'model__max_epochs': 500, 'model__module__d_model': 96, 'model__module__dim_feedforward': 384, 'model__module__dropout': 0.1, 'model__module__nhead': 4, 'model__module__num_layers': 2, 'model__module__patch_size': 32, 'model__optimizer__weight_decay': 0.0001}",0.7397535831028413,0.8651162790697675,0.5688528873791482,0.7771428571428571,0.7922115664051148,0.7486154346199457,0.09867116002435898,32,0.8079637096774194,0.910569972114172,0.659798561151079,0.8621794871794872,0.8966089727687346,0.8274241405781785,0.09097774197410967
114,3.204155683517456,1.1973726945430516,0.0311251163482666,0.0027674160253898235,64,10,0.0002,500,96,384,0.1,4,3,16,0.0001,"{'model__batch_size': 64, 'model__callbacks__early_stopping__patience': 10, 'model__lr': 0.0002, 'model__max_epochs': 500, 'model__module__d_model': 96, 'model__module__dim_feedforward': 384, 'model__module__dropout': 0.1, 'model__module__nhead': 4, 'model__module__num_layers': 3, 'model__module__patch_size': 16, 'model__optimizer__weight_decay': 0.0001}",0.8722222222222222,0.8459203036053131,0.6780487804878048,0.6813725490196079,0.7360199937519525,0.7627167698173801,0.08174660930923831,20,0.906959706959707,0.8771047374429224,0.7081957060280759,0.8212305986696231,0.92546655624675,0.8477914610694157,0.07821256183155485
115,1.9085179328918458,0.7451059996062185,0.029426002502441408,0.002574549218161211,64,10,0.0002,500,96,384,0.1,4,3,32,0.0001,"{'model__batch_size': 64, 'model__callbacks__early_stopping__patience': 10, 'model__lr': 0.0002, 'model__max_epochs': 500, 'model__module__d_model': 96, 'model__module__dim_feedforward': 384, 'model__module__dropout': 0.1, 'model__module__nhead': 4, 'model__module__num_layers': 3, 'model__module__patch_size': 32, 'model__optimizer__weight_decay': 0.0001}",0.7050540608498868,0.8017094017094017,0.5942955495451192,0.6813725490196079,0.8079196217494089,0.7180702365746849,0.07988083150839652,66,0.814308093994778,0.7823977306658705,0.7063772330702118,0.9342076502732239,0.8931234465617233,0.8260828309131615,0.08069929773701297
116,2.4955525398254395,1.4188017221654952,0.029759836196899415,0.0022328397788074273,64,10,0.0002,500,96,384,0.25,4,2,16,0.0001,"{'model__batch_size': 64, 'model__callbacks__early_stopping__patience': 10, 'model__lr': 0.0002, 'model__max_epochs': 500, 'model__module__d_model': 96, 'model__module__dim_feedforward': 384, 'model__module__dropout': 0.25, 'model__module__nhead': 4, 'model__module__num_layers': 2, 'model__module__patch_size': 16, 'model__optimizer__weight_decay': 0.0001}",0.8083333333333333,0.42574257425742573,0.4930298719772404,0.6823069403714566,0.7098214285714286,0.623846829702177,0.14226936329791381,269,0.9189081331311357,0.4175824175824176,0.6492555831265509,0.8212305986696231,0.9147273257509478,0.7443408116521351,0.19038361381246852
117,1.5165305137634277,0.6939844438780761,0.02845029830932617,0.0017898910677861275,64,10,0.0002,500,96,384,0.25,4,2,32,0.0001,"{'model__batch_size': 64, 'model__callbacks__early_stopping__patience': 10, 'model__lr': 0.0002, 'model__max_epochs': 500, 'model__module__d_model': 96, 'model__module__dim_feedforward': 384, 'model__module__dropout': 0.25, 'model__module__nhead': 4, 'model__module__num_layers': 2, 'model__module__patch_size': 32, 'model__optimizer__weight_decay': 0.0001}",0.7183673469387755,0.5639097744360901,0.4554765291607397,0.7896440129449838,0.7922115664051148,0.6639218459771408,0.1331769445258175,188,0.7908140639847957,0.4155574582911704,0.5364872364039955,0.8621794871794872,0.8857153862450167,0.698150726420893,0.18797152406473805
118,3.2520447731018067,1.2407474575587907,0.030788755416870116,0.0022224303202889105,64,10,0.0002,500,96,384,0.25,4,3,16,0.0001,"{'model__batch_size': 64, 'model__callbacks__early_stopping__patience': 10, 'model__lr': 0.0002, 'model__max_epochs': 500, 'model__module__d_model': 96, 'model__module__dim_feedforward': 384, 'model__module__dropout': 0.25, 'model__module__nhead': 4, 'model__module__num_layers': 3, 'model__module__patch_size': 16, 'model__optimizer__weight_decay': 0.0001}",0.8576014675533135,0.8459203036053131,0.6398809523809523,0.6676691729323307,0.7610294117647058,0.754420261647323,0.08911487480354356,27,0.889763779527559,0.8593816329418423,0.7040481885020817,0.8084293897178417,0.9215805471124621,0.8366407075603574,0.07606660419685721
119,1.978657341003418,0.8873180357377778,0.02953476905822754,0.002055249109687189,64,10,0.0002,500,96,384,0.25,4,3,32,0.0001,"{'model__batch_size': 64, 'model__callbacks__early_stopping__patience': 10, 'model__lr': 0.0002, 'model__max_epochs': 500, 'model__module__d_model': 96, 'model__module__dim_feedforward': 384, 'model__module__dropout': 0.25, 'model__module__nhead': 4, 'model__module__num_layers': 3, 'model__module__patch_size': 32, 'model__optimizer__weight_decay': 0.0001}",0.7050540608498868,0.7646103896103896,0.5227272727272727,0.7444968553459119,0.7849624060150375,0.7043701969096997,0.09458197849250438,88,0.7908140639847957,0.7711571675302245,0.6823931375399825,0.8787593984962406,0.9371191810870094,0.8120485897276506,0.08834764807778406
120,2.3734014511108397,0.8093888260294789,0.028896188735961913,0.002250051527213092,64,10,0.0002,500,128,128,0.1,4,2,16,0.0001,"{'model__batch_size': 64, 'model__callbacks__early_stopping__patience': 10, 'model__lr': 0.0002, 'model__max_epochs': 500, 'model__module__d_model': 128, 'model__module__dim_feedforward': 128, 'model__module__dropout': 0.1, 'model__module__nhead': 4, 'model__module__num_layers': 2, 'model__module__patch_size': 16, 'model__optimizer__weight_decay': 0.0001}",0.785663082437276,0.9058441558441559,0.5195968645016797,0.6494066882416396,0.7360199937519525,0.7193061569553407,0.12980659162625147,64,0.8687664041994752,0.8459546583522697,0.676715291417474,0.8684153005464481,0.9664281067013663,0.8452559522434067,0.09399811734588352
121,1.7532798767089843,0.5751223036061641,0.02751932144165039,0.0019598780312800857,64,10,0.0002,500,128,128,0.1,4,2,32,0.0001,"{'model__batch_size': 64, 'model__callbacks__early_stopping__patience': 10, 'model__lr': 0.0002, 'model__max_epochs': 500, 'model__module__d_model': 128, 'model__module__dim_feedforward': 128, 'model__module__dropout': 0.1, 'model__module__nhead': 4, 'model__module__num_layers': 2, 'model__module__patch_size': 32, 'model__optimizer__weight_decay': 0.0001}",0.731934731934732,0.8705357142857143,0.5565509518477043,0.74,0.7212009803921569,0.7240444756920614,0.09983855355476616,55,0.8293010752688172,0.8593816329418423,0.6668200066912011,0.8673619271445359,0.955689559758029,0.8357108403608852,0.09436332932909038
122,3.3365729331970213,0.736713948507334,0.03094925880432129,0.002524788068603791,64,10,0.0002,500,128,128,0.1,4,3,16,0.0001,"{'model__batch_size': 64, 'model__callbacks__early_stopping__patience': 10, 'model__lr': 0.0002, 'model__max_epochs': 500, 'model__module__d_model': 128, 'model__module__dim_feedforward': 128, 'model__module__dropout': 0.1, 'model__module__nhead': 4, 'model__module__num_layers': 3, 'model__module__patch_size': 16, 'model__optimizer__weight_decay': 0.0001}",0.8431818181818183,0.9100775193798449,0.7413117324274889,0.8266666666666667,0.7849624060150375,0.8212400285341712,0.05675841563728862,1,0.8643944732739659,0.8943326225273487,0.7528846153846154,0.8822331460674158,0.9713439466864124,0.8730377607879516,0.07030450512194115
123,1.6634947299957275,0.7972992697245855,0.02927231788635254,0.0026928782931425147,64,10,0.0002,500,128,128,0.1,4,3,32,0.0001,"{'model__batch_size': 64, 'model__callbacks__early_stopping__patience': 10, 'model__lr': 0.0002, 'model__max_epochs': 500, 'model__module__d_model': 128, 'model__module__dim_feedforward': 128, 'model__module__dropout': 0.1, 'model__module__nhead': 4, 'model__module__num_layers': 3, 'model__module__patch_size': 32, 'model__optimizer__weight_decay': 0.0001}",0.7397535831028413,0.42574257425742573,0.396078431372549,0.6494066882416396,0.7610294117647058,0.5944021377478323,0.15472267613721932,287,0.7776069361693041,0.4175824175824176,0.4710068219242531,0.8764082820289907,0.9185606060606061,0.6922330127531142,0.20823419173658395
124,2.847647762298584,0.9839041210908762,0.029119300842285156,0.0024824719783182207,64,10,0.0002,500,128,128,0.25,4,2,16,0.0001,"{'model__batch_size': 64, 'model__callbacks__early_stopping__patience': 10, 'model__lr': 0.0002, 'model__max_epochs': 500, 'model__module__d_model': 128, 'model__module__dim_feedforward': 128, 'model__module__dropout': 0.25, 'model__module__nhead': 4, 'model__module__num_layers': 2, 'model__module__patch_size': 16, 'model__optimizer__weight_decay': 0.0001}",0.8043478260869565,0.9008547008547009,0.5931385687483248,0.7596153846153846,0.7695035460992907,0.7654920052809315,0.0995883209802136,17,0.906959706959707,0.8951137017846862,0.6666150361091212,0.8745746232377248,0.9426878933728249,0.8571901922928127,0.09782245411565012
125,1.8360992908477782,0.6279929174329658,0.027696514129638673,0.002240381391230873,64,10,0.0002,500,128,128,0.25,4,2,32,0.0001,"{'model__batch_size': 64, 'model__callbacks__early_stopping__patience': 10, 'model__lr': 0.0002, 'model__max_epochs': 500, 'model__module__d_model': 128, 'model__module__dim_feedforward': 128, 'model__module__dropout': 0.25, 'model__module__nhead': 4, 'model__module__num_layers': 2, 'model__module__patch_size': 32, 'model__optimizer__weight_decay': 0.0001}",0.7676767676767677,0.8705357142857143,0.5034722222222222,0.7670250896057347,0.706766917293233,0.7230953422167344,0.1217841712326815,58,0.8229965156794425,0.8500070751379651,0.653015301530153,0.8578877790834312,0.9658439716312057,0.8299501286124397,0.10099922351744765
126,3.181020164489746,1.4396031643135683,0.03094620704650879,0.002717647902948773,64,10,0.0002,500,128,128,0.25,4,3,16,0.0001,"{'model__batch_size': 64, 'model__callbacks__early_stopping__patience': 10, 'model__lr': 0.0002, 'model__max_epochs': 500, 'model__module__d_model': 128, 'model__module__dim_feedforward': 128, 'model__module__dropout': 0.25, 'model__module__nhead': 4, 'model__module__num_layers': 3, 'model__module__patch_size': 16, 'model__optimizer__weight_decay': 0.0001}",0.8548047696983867,0.7827715355805243,0.7847826086956522,0.8266666666666667,0.7360199937519525,0.7970091148786365,0.04072291027817469,3,0.906959706959707,0.5754716981132075,0.7437791206331767,0.8772792135722214,0.9711021505376345,0.8149183779631894,0.14081857640349396
127,1.8466562271118163,0.5285365365906581,0.029016494750976562,0.002416387794587973,64,10,0.0002,500,128,128,0.25,4,3,32,0.0001,"{'model__batch_size': 64, 'model__callbacks__early_stopping__patience': 10, 'model__lr': 0.0002, 'model__max_epochs': 500, 'model__module__d_model': 128, 'model__module__dim_feedforward': 128, 'model__module__dropout': 0.25, 'model__module__nhead': 4, 'model__module__num_layers': 3, 'model__module__patch_size': 32, 'model__optimizer__weight_decay': 0.0001}",0.7676767676767677,0.8705357142857143,0.6378364253984845,0.6954076850984068,0.7610294117647058,0.7464972008448159,0.07805461518941446,33,0.8145189003436426,0.8695509489689875,0.686518616042905,0.8301690687361419,0.8745990084572761,0.8150713085097905,0.06821381171686762
128,2.611306142807007,0.9623296567470162,0.029300594329833986,0.0024609861739842923,64,10,0.0002,500,128,256,0.1,4,2,16,0.0001,"{'model__batch_size': 64, 'model__callbacks__early_stopping__patience': 10, 'model__lr': 0.0002, 'model__max_epochs': 500, 'model__module__d_model': 128, 'model__module__dim_feedforward': 256, 'model__module__dropout': 0.1, 'model__module__nhead': 4, 'model__module__num_layers': 2, 'model__module__patch_size': 16, 'model__optimizer__weight_decay': 0.0001}",0.8431818181818183,0.8512820512820514,0.5695652173913044,0.7670250896057347,0.8240601503759399,0.7710228653673697,0.10494052709524011,14,0.938588007736944,0.833444247264123,0.6879047927461139,0.8886298886298887,0.8801857585139319,0.8457505389782003,0.0856854048200423
129,1.6306547164916991,0.6261864113488311,0.02798633575439453,0.0023807801069473467,64,10,0.0002,500,128,256,0.1,4,2,32,0.0001,"{'model__batch_size': 64, 'model__callbacks__early_stopping__patience': 10, 'model__lr': 0.0002, 'model__max_epochs': 500, 'model__module__d_model': 128, 'model__module__dim_feedforward': 256, 'model__module__dropout': 0.1, 'model__module__nhead': 4, 'model__module__num_layers': 2, 'model__module__patch_size': 32, 'model__optimizer__weight_decay': 0.0001}",0.6961926961926962,0.7827715355805243,0.6796934865900384,0.7246660149885957,0.7360199937519525,0.7238687454207614,0.03559562994810118,56,0.8293010752688172,0.7922478076172765,0.6917345158476301,0.8672533399570641,0.960061919504644,0.8281197316390865,0.08812411455556883
130,3.5002899169921875,1.2374686510083974,0.032059431076049805,0.0028872767013177858,64,10,0.0002,500,128,256,0.1,4,3,16,0.0001,"{'model__batch_size': 64, 'model__callbacks__early_stopping__patience': 10, 'model__lr': 0.0002, 'model__max_epochs': 500, 'model__module__d_model': 128, 'model__module__dim_feedforward': 256, 'model__module__dropout': 0.1, 'model__module__nhead': 4, 'model__module__num_layers': 3, 'model__module__patch_size': 16, 'model__optimizer__weight_decay': 0.0001}",0.8369565217391304,0.9310344827586208,0.3888888888888889,0.7264309764309764,0.7766323024054982,0.731988634444623,0.18459625518743247,45,0.890900165674664,0.8994416436276902,0.45956500841143955,0.8954600708207812,0.955689559758029,0.8202112896585207,0.18185535301190087
131,2.05943341255188,0.7091009326573977,0.030769157409667968,0.0042829763870000405,64,10,0.0002,500,128,256,0.1,4,3,32,0.0001,"{'model__batch_size': 64, 'model__callbacks__early_stopping__patience': 10, 'model__lr': 0.0002, 'model__max_epochs': 500, 'model__module__d_model': 128, 'model__module__dim_feedforward': 256, 'model__module__dropout': 0.1, 'model__module__nhead': 4, 'model__module__num_layers': 3, 'model__module__patch_size': 32, 'model__optimizer__weight_decay': 0.0001}",0.7183673469387755,0.8651162790697675,0.5034722222222222,0.726890756302521,0.7360199937519525,0.7099733196570478,0.11640200143055127,76,0.821000704721635,0.8195918968150289,0.6664822891181789,0.8500079276993817,0.9130365817388718,0.8140238800186193,0.08117458559038009
132,2.327352523803711,0.5353826758106344,0.029448986053466797,0.0021901976259478596,64,10,0.0002,500,128,256,0.25,4,2,16,0.0001,"{'model__batch_size': 64, 'model__callbacks__early_stopping__patience': 10, 'model__lr': 0.0002, 'model__max_epochs': 500, 'model__module__d_model': 128, 'model__module__dim_feedforward': 256, 'model__module__dropout': 0.25, 'model__module__nhead': 4, 'model__module__num_layers': 2, 'model__module__patch_size': 16, 'model__optimizer__weight_decay': 0.0001}",0.8548047696983867,0.7827715355805243,0.7521902377972465,0.6813725490196079,0.8079196217494089,0.7758117427690349,0.05795858819059095,10,0.8714236539980157,0.7679686310339577,0.743828789211375,0.8672533399570641,0.8694013761037889,0.8239751580608402,0.0561214283317803
133,1.7916285037994384,0.6457809814158973,0.028188085556030272,0.002772244003269796,64,10,0.0002,500,128,256,0.25,4,2,32,0.0001,"{'model__batch_size': 64, 'model__callbacks__early_stopping__patience': 10, 'model__lr': 0.0002, 'model__max_epochs': 500, 'model__module__d_model': 128, 'model__module__dim_feedforward': 256, 'model__module__dropout': 0.25, 'model__module__nhead': 4, 'model__module__num_layers': 2, 'model__module__patch_size': 32, 'model__optimizer__weight_decay': 0.0001}",0.8043478260869565,0.8587662337662337,0.41414141414141414,0.7558893820416525,0.7212009803921569,0.7108691672856827,0.15543019494913093,73,0.8416853652455747,0.8212364856241681,0.5502361374151943,0.8611609385090049,0.9611357987497176,0.8070909451087319,0.1371310640051631
134,3.455846881866455,0.9608541740277836,0.031028032302856445,0.0028123035585499146,64,10,0.0002,500,128,256,0.25,4,3,16,0.0001,"{'model__batch_size': 64, 'model__callbacks__early_stopping__patience': 10, 'model__lr': 0.0002, 'model__max_epochs': 500, 'model__module__d_model': 128, 'model__module__dim_feedforward': 256, 'model__module__dropout': 0.25, 'model__module__nhead': 4, 'model__module__num_layers': 3, 'model__module__patch_size': 16, 'model__optimizer__weight_decay': 0.0001}",0.7664410058027079,0.952922077922078,0.7521902377972465,0.7771428571428571,0.8008578431372549,0.809910804360429,0.07325190240329638,2,0.8399697580645161,0.8994416436276902,0.7440841525899371,0.8889287508072038,0.9505406027145158,0.8645929815607726,0.06974572888704485
135,1.898195505142212,0.624875879005795,0.02931661605834961,0.0025616722679143574,64,10,0.0002,500,128,256,0.25,4,3,32,0.0001,"{'model__batch_size': 64, 'model__callbacks__early_stopping__patience': 10, 'model__lr': 0.0002, 'model__max_epochs': 500, 'model__module__d_model': 128, 'model__module__dim_feedforward': 256, 'model__module__dropout': 0.25, 'model__module__nhead': 4, 'model__module__num_layers': 3, 'model__module__patch_size': 32, 'model__optimizer__weight_decay': 0.0001}",0.7128987517337031,0.8310445276737412,0.4545454545454546,0.7115056333219529,0.7360199937519525,0.6892028722053609,0.12524688388840674,122,0.8370173691780064,0.8080459129659553,0.6217621664050235,0.8480460088691797,0.8811369509043927,0.7992016816645116,0.09175204070803257
136,2.84649977684021,0.9049420469800584,0.02981405258178711,0.002043804942767637,64,10,0.0002,500,128,384,0.1,4,2,16,0.0001,"{'model__batch_size': 64, 'model__callbacks__early_stopping__patience': 10, 'model__lr': 0.0002, 'model__max_epochs': 500, 'model__module__d_model': 128, 'model__module__dim_feedforward': 384, 'model__module__dropout': 0.1, 'model__module__nhead': 4, 'model__module__num_layers': 2, 'model__module__patch_size': 16, 'model__optimizer__weight_decay': 0.0001}",0.785663082437276,0.8390804597701149,0.7471264367816092,0.74,0.8079196217494089,0.7839579201476818,0.03716025297859536,7,0.8381890767009258,0.8432416444838805,0.7476681394207167,0.8731741573033708,0.985612045729157,0.8575770127276101,0.07654749619977552
137,1.6915860652923584,0.5233340201010797,0.02808985710144043,0.0023678881013030765,64,10,0.0002,500,128,384,0.1,4,2,32,0.0001,"{'model__batch_size': 64, 'model__callbacks__early_stopping__patience': 10, 'model__lr': 0.0002, 'model__max_epochs': 500, 'model__module__d_model': 128, 'model__module__dim_feedforward': 384, 'model__module__dropout': 0.1, 'model__module__nhead': 4, 'model__module__num_layers': 2, 'model__module__patch_size': 32, 'model__optimizer__weight_decay': 0.0001}",0.7183673469387755,0.8116883116883117,0.4362297496318115,0.726890756302521,0.7610294117647058,0.6908411152652251,0.13146456511744506,118,0.8355300261096605,0.8228257530583112,0.5573951181427816,0.8641151685393258,0.9201238390092878,0.7999979809718735,0.12584197866670735
138,3.860788106918335,0.9685285892558783,0.03194446563720703,0.0028913039564244904,64,10,0.0002,500,128,384,0.1,4,3,16,0.0001,"{'model__batch_size': 64, 'model__callbacks__early_stopping__patience': 10, 'model__lr': 0.0002, 'model__max_epochs': 500, 'model__module__d_model': 128, 'model__module__dim_feedforward': 384, 'model__module__dropout': 0.1, 'model__module__nhead': 4, 'model__module__num_layers': 3, 'model__module__patch_size': 16, 'model__optimizer__weight_decay': 0.0001}",0.8043478260869565,0.8459203036053131,0.7700348432055749,0.7094676960585128,0.8008578431372549,0.7861257024187224,0.045298657334481275,5,0.9107611548556431,0.8977192982456141,0.7717719495589367,0.8931561605358397,0.92546655624675,0.8797750238885567,0.055160805480654995
139,1.8171563625335694,0.5013185042835376,0.02902045249938965,0.0020755159508569184,64,10,0.0002,500,128,384,0.1,4,3,32,0.0001,"{'model__batch_size': 64, 'model__callbacks__early_stopping__patience': 10, 'model__lr': 0.0002, 'model__max_epochs': 500, 'model__module__d_model': 128, 'model__module__dim_feedforward': 384, 'model__module__dropout': 0.1, 'model__module__nhead': 4, 'model__module__num_layers': 3, 'model__module__patch_size': 32, 'model__optimizer__weight_decay': 0.0001}",0.7887755102040817,0.8705357142857143,0.4652777777777778,0.7428982380438691,0.7849624060150375,0.730489929265296,0.13890193158771463,49,0.836340206185567,0.8616332497911445,0.6287411747950111,0.8510366547108739,0.8966089727687346,0.8148720516502662,0.0951640661364217
140,3.090477466583252,1.2630186290171013,0.029837799072265626,0.002301357168530264,64,10,0.0002,500,128,384,0.25,4,2,16,0.0001,"{'model__batch_size': 64, 'model__callbacks__early_stopping__patience': 10, 'model__lr': 0.0002, 'model__max_epochs': 500, 'model__module__d_model': 128, 'model__module__dim_feedforward': 384, 'model__module__dropout': 0.25, 'model__module__nhead': 4, 'model__module__num_layers': 2, 'model__module__patch_size': 16, 'model__optimizer__weight_decay': 0.0001}",0.8141982864137087,0.7827715355805243,0.7808429118773946,0.74,0.7695035460992907,0.7774632559941835,0.02389943470994956,9,0.9228541923988094,0.7557868488101046,0.7592529846730314,0.8722862598118946,0.9808959644576083,0.8582152500302896,0.08911997668352001
141,1.6984728813171386,0.5370978691811016,0.028204584121704103,0.0023612772156122994,64,10,0.0002,500,128,384,0.25,4,2,32,0.0001,"{'model__batch_size': 64, 'model__callbacks__early_stopping__patience': 10, 'model__lr': 0.0002, 'model__max_epochs': 500, 'model__module__d_model': 128, 'model__module__dim_feedforward': 384, 'model__module__dropout': 0.25, 'model__module__nhead': 4, 'model__module__num_layers': 2, 'model__module__patch_size': 32, 'model__optimizer__weight_decay': 0.0001}",0.723039871554723,0.7827715355805243,0.38125,0.7558893820416525,0.7610294117647058,0.6807960401883211,0.1509885936398621,136,0.7737999821889749,0.7997625215889465,0.476827495042961,0.8631638497984584,0.890170278637771,0.7607448254514224,0.1480151834889111
142,4.059543323516846,1.165809455986544,0.03209495544433594,0.00349786786980193,64,10,0.0002,500,128,384,0.25,4,3,16,0.0001,"{'model__batch_size': 64, 'model__callbacks__early_stopping__patience': 10, 'model__lr': 0.0002, 'model__max_epochs': 500, 'model__module__d_model': 128, 'model__module__dim_feedforward': 384, 'model__module__dropout': 0.25, 'model__module__nhead': 4, 'model__module__num_layers': 3, 'model__module__patch_size': 16, 'model__optimizer__weight_decay': 0.0001}",0.8186379928315413,0.8705357142857143,0.7847826086956522,0.6780952380952381,0.7695035460992907,0.7843110200014873,0.06342604350469964,6,0.8766339351705206,0.8771047374429224,0.7711301813471503,0.8897435897435897,0.9853617021276595,0.8799948291663686,0.06792403997681012
143,1.5665920734405518,0.45720505085814067,0.029477453231811522,0.0028544570388408185,64,10,0.0002,500,128,384,0.25,4,3,32,0.0001,"{'model__batch_size': 64, 'model__callbacks__early_stopping__patience': 10, 'model__lr': 0.0002, 'model__max_epochs': 500, 'model__module__d_model': 128, 'model__module__dim_feedforward': 384, 'model__module__dropout': 0.25, 'model__module__nhead': 4, 'model__module__num_layers': 3, 'model__module__patch_size': 32, 'model__optimizer__weight_decay': 0.0001}",0.731934731934732,0.8335724533715925,0.7191489361702128,0.7724089635854342,0.7610294117647058,0.7636188993653354,0.03989720412630355,19,0.8013037809647979,0.8272824957283025,0.6990369321657666,0.8490189328743545,0.8801857585139319,0.8113655800494307,0.061848694543642585
144,10.945443105697631,3.358530599703518,0.029622745513916016,0.002504365993412825,128,10,3e-05,500,96,128,0.1,4,2,16,0.0001,"{'model__batch_size': 128, 'model__callbacks__early_stopping__patience': 10, 'model__lr': 3e-05, 'model__max_epochs': 500, 'model__module__d_model': 96, 'model__module__dim_feedforward': 128, 'model__module__dropout': 0.1, 'model__module__nhead': 4, 'model__module__num_layers': 2, 'model__module__patch_size': 16, 'model__optimizer__weight_decay': 0.0001}",0.7978363759296823,0.7751937984496124,0.4362297496318115,0.74,0.7458646616541353,0.6990249171330483,0.13304106284549375,98,0.8759462759462759,0.8140350877192982,0.6645814581458146,0.8080740270343827,0.8639752956240114,0.8053224288939566,0.07525873917544132
145,6.829721403121948,3.4312530046188896,0.027615451812744142,0.0024511782908023215,128,10,3e-05,500,96,128,0.1,4,2,32,0.0001,"{'model__batch_size': 128, 'model__callbacks__early_stopping__patience': 10, 'model__lr': 3e-05, 'model__max_epochs': 500, 'model__module__d_model': 96, 'model__module__dim_feedforward': 128, 'model__module__dropout': 0.1, 'model__module__nhead': 4, 'model__module__num_layers': 2, 'model__module__patch_size': 32, 'model__optimizer__weight_decay': 0.0001}",0.8043478260869565,0.5271739130434783,0.4930298719772404,0.7670250896057347,0.8079196217494089,0.6798992644925638,0.1397946841557483,141,0.8378162662622715,0.6200236167341431,0.6164091023904108,0.8397885137412842,0.9177712368060893,0.7663617471868397,0.1243565165124355
146,13.262303876876832,8.908131192589666,0.028812932968139648,0.001787263518422076,128,10,3e-05,500,96,128,0.1,4,3,16,0.0001,"{'model__batch_size': 128, 'model__callbacks__early_stopping__patience': 10, 'model__lr': 3e-05, 'model__max_epochs': 500, 'model__module__d_model': 96, 'model__module__dim_feedforward': 128, 'model__module__dropout': 0.1, 'model__module__nhead': 4, 'model__module__num_layers': 3, 'model__module__patch_size': 16, 'model__optimizer__weight_decay': 0.0001}",0.8402777777777777,0.5166666666666667,0.4652777777777778,0.7115384615384615,0.7458646616541353,0.6559250690829638,0.14206139043451338,212,0.9012906260866007,0.46464646464646464,0.5576196543938479,0.8580983978851374,0.9371191810870094,0.743754864819812,0.1938192632556898
147,5.90060133934021,3.6190119569088597,0.028280019760131836,0.002192809752378122,128,10,3e-05,500,96,128,0.1,4,3,32,0.0001,"{'model__batch_size': 128, 'model__callbacks__early_stopping__patience': 10, 'model__lr': 3e-05, 'model__max_epochs': 500, 'model__module__d_model': 96, 'model__module__dim_feedforward': 128, 'model__module__dropout': 0.1, 'model__module__nhead': 4, 'model__module__num_layers': 3, 'model__module__patch_size': 32, 'model__optimizer__weight_decay': 0.0001}",0.7466340269277846,0.5538461538461539,0.5086848635235732,0.7444968553459119,0.7849624060150375,0.6677248611316923,0.11324956360600565,176,0.7889138203274328,0.49470927187008906,0.6054717893718587,0.8764082820289907,0.8769154437723031,0.7284837214741349,0.15319783116896704
148,10.502943515777588,5.24302112071016,0.028182506561279297,0.002028814265821561,128,10,3e-05,500,96,128,0.25,4,2,16,0.0001,"{'model__batch_size': 128, 'model__callbacks__early_stopping__patience': 10, 'model__lr': 3e-05, 'model__max_epochs': 500, 'model__module__d_model': 96, 'model__module__dim_feedforward': 128, 'model__module__dropout': 0.25, 'model__module__nhead': 4, 'model__module__num_layers': 2, 'model__module__patch_size': 16, 'model__optimizer__weight_decay': 0.0001}",0.7717391304347826,0.5279435702658708,0.5034722222222222,0.6813725490196079,0.7849624060150375,0.6538979755915042,0.11858473289572229,217,0.8242572242572243,0.5498720677718291,0.6196818349981502,0.8278792134831461,0.8597274039633289,0.7362835488947357,0.12626378630504465
149,6.755906963348389,3.827011526688336,0.0267794132232666,0.0014954229461980682,128,10,3e-05,500,96,128,0.25,4,2,32,0.0001,"{'model__batch_size': 128, 'model__callbacks__early_stopping__patience': 10, 'model__lr': 3e-05, 'model__max_epochs': 500, 'model__module__d_model': 96, 'model__module__dim_feedforward': 128, 'model__module__dropout': 0.25, 'model__module__nhead': 4, 'model__module__num_layers': 2, 'model__module__patch_size': 32, 'model__optimizer__weight_decay': 0.0001}",0.7744531053557959,0.42,0.4392156862745098,0.6813725490196079,0.7849624060150375,0.6200007493329902,0.15969841264826137,274,0.8162729658792651,0.49694157350769885,0.5361813641870009,0.8805555555555555,0.8940412186379929,0.7247985355535027,0.17249123974742778
150,14.093905210494995,6.26482699860854,0.028855419158935545,0.0018035476552987686,128,10,3e-05,500,96,128,0.25,4,3,16,0.0001,"{'model__batch_size': 128, 'model__callbacks__early_stopping__patience': 10, 'model__lr': 3e-05, 'model__max_epochs': 500, 'model__module__d_model': 96, 'model__module__dim_feedforward': 128, 'model__module__dropout': 0.25, 'model__module__nhead': 4, 'model__module__num_layers': 3, 'model__module__patch_size': 16, 'model__optimizer__weight_decay': 0.0001}",0.8695652173913043,0.8517707192405988,0.44537815126050423,0.6954076850984068,0.7849624060150375,0.7294168358011703,0.15461691283461976,50,0.8537828947368421,0.8676512557077626,0.5932487657383129,0.821478629597431,0.855510752688172,0.7983344596937041,0.10367668021756281
151,6.249680614471435,3.8923848109218575,0.02790660858154297,0.0019310470833926296,128,10,3e-05,500,96,128,0.25,4,3,32,0.0001,"{'model__batch_size': 128, 'model__callbacks__early_stopping__patience': 10, 'model__lr': 3e-05, 'model__max_epochs': 500, 'model__module__d_model': 96, 'model__module__dim_feedforward': 128, 'model__module__dropout': 0.25, 'model__module__nhead': 4, 'model__module__num_layers': 3, 'model__module__patch_size': 32, 'model__optimizer__weight_decay': 0.0001}",0.7050540608498868,0.42574257425742573,0.49782608695652175,0.6533333333333333,0.7849624060150375,0.6133836922824409,0.13266607299672167,278,0.8036971279373368,0.4175824175824176,0.6173697270471464,0.826674209744714,0.8896923505902036,0.7110031665803637,0.172490429950311
152,10.531493139266967,5.7684589831397695,0.0281801700592041,0.001910560040612837,128,10,3e-05,500,96,256,0.1,4,2,16,0.0001,"{'model__batch_size': 128, 'model__callbacks__early_stopping__patience': 10, 'model__lr': 3e-05, 'model__max_epochs': 500, 'model__module__d_model': 96, 'model__module__dim_feedforward': 256, 'model__module__dropout': 0.1, 'model__module__nhead': 4, 'model__module__num_layers': 2, 'model__module__patch_size': 16, 'model__optimizer__weight_decay': 0.0001}",0.8043478260869565,0.7138519924098672,0.5034722222222222,0.726890756302521,0.8008578431372549,0.7098841280317644,0.10964529292509323,77,0.8328947368421052,0.7175383109961733,0.6505701754385964,0.8148812513453397,0.916302501765166,0.7864373952774762,0.09277851977464346
153,5.623228549957275,3.166632781201183,0.026549768447875977,0.001504995259227731,128,10,3e-05,500,96,256,0.1,4,2,32,0.0001,"{'model__batch_size': 128, 'model__callbacks__early_stopping__patience': 10, 'model__lr': 3e-05, 'model__max_epochs': 500, 'model__module__d_model': 96, 'model__module__dim_feedforward': 256, 'model__module__dropout': 0.1, 'model__module__nhead': 4, 'model__module__num_layers': 2, 'model__module__patch_size': 32, 'model__optimizer__weight_decay': 0.0001}",0.7804161566707466,0.6379525593008739,0.4308527626956244,0.6671218846022533,0.7849624060150375,0.6602611538569072,0.128965561250772,206,0.8345950345950346,0.4693396226415094,0.5748807326253207,0.852991452991453,0.9080972646656292,0.7279808215037893,0.17307286816759848
154,10.549736261367798,7.139522309993136,0.030848169326782228,0.0029835611961759895,128,10,3e-05,500,96,256,0.1,4,3,16,0.0001,"{'model__batch_size': 128, 'model__callbacks__early_stopping__patience': 10, 'model__lr': 3e-05, 'model__max_epochs': 500, 'model__module__d_model': 96, 'model__module__dim_feedforward': 256, 'model__module__dropout': 0.1, 'model__module__nhead': 4, 'model__module__num_layers': 3, 'model__module__patch_size': 16, 'model__optimizer__weight_decay': 0.0001}",0.7943132309103417,0.6034188034188034,0.5254901960784314,0.7512755102040816,0.7610294117647058,0.6871054304752727,0.10411436226903786,125,0.8701192448507905,0.6497978855721394,0.6298829882988298,0.8420085731781997,0.8584964539007092,0.7700610291601337,0.10688500999846091
155,8.439010667800904,4.005871953596827,0.03364100456237793,0.013351773968515442,128,10,3e-05,500,96,256,0.1,4,3,32,0.0001,"{'model__batch_size': 128, 'model__callbacks__early_stopping__patience': 10, 'model__lr': 3e-05, 'model__max_epochs': 500, 'model__module__d_model': 96, 'model__module__dim_feedforward': 256, 'model__module__dropout': 0.1, 'model__module__nhead': 4, 'model__module__num_layers': 3, 'model__module__patch_size': 32, 'model__optimizer__weight_decay': 0.0001}",0.8043478260869565,0.8517707192405988,0.4849939975990396,0.7428982380438691,0.7310874704491725,0.7230196502839273,0.12673402798502795,59,0.8464700193423598,0.8433497536945813,0.5498660622295487,0.8681887849479415,0.960790273556231,0.8137329787541325,0.13868374064991837
156,11.038875770568847,7.3223012204233955,0.029403257369995116,0.004479293823303101,128,10,3e-05,500,96,256,0.25,4,2,16,0.0001,"{'model__batch_size': 128, 'model__callbacks__early_stopping__patience': 10, 'model__lr': 3e-05, 'model__max_epochs': 500, 'model__module__d_model': 96, 'model__module__dim_feedforward': 256, 'model__module__dropout': 0.25, 'model__module__nhead': 4, 'model__module__num_layers': 2, 'model__module__patch_size': 16, 'model__optimizer__weight_decay': 0.0001}",0.7257423427636194,0.6551724137931034,0.5931385687483248,0.74,0.8240601503759399,0.7076226951361975,0.07847539702461746,83,0.8464700193423598,0.663314941193553,0.7069298245614035,0.8346153846153846,0.9463262411347517,0.7995312821694907,0.10209096019672419
157,5.755449628829956,3.3185692678582415,0.02724142074584961,0.0028959847798962707,128,10,3e-05,500,96,256,0.25,4,2,32,0.0001,"{'model__batch_size': 128, 'model__callbacks__early_stopping__patience': 10, 'model__lr': 3e-05, 'model__max_epochs': 500, 'model__module__d_model': 96, 'model__module__dim_feedforward': 256, 'model__module__dropout': 0.25, 'model__module__nhead': 4, 'model__module__num_layers': 2, 'model__module__patch_size': 32, 'model__optimizer__weight_decay': 0.0001}",0.7535714285714286,0.6862255513940907,0.4057623049219688,0.6533333333333333,0.8079196217494089,0.6613624479940461,0.13856087110700643,199,0.795275590551181,0.4736366919465511,0.5539868667917448,0.8652838545886674,0.879075348244249,0.7134516704244787,0.16740347440092837
158,9.023329544067384,5.138345614754626,0.029210901260375975,0.0020283464875390355,128,10,3e-05,500,96,256,0.25,4,3,16,0.0001,"{'model__batch_size': 128, 'model__callbacks__early_stopping__patience': 10, 'model__lr': 3e-05, 'model__max_epochs': 500, 'model__module__d_model': 96, 'model__module__dim_feedforward': 256, 'model__module__dropout': 0.25, 'model__module__nhead': 4, 'model__module__num_layers': 3, 'model__module__patch_size': 16, 'model__optimizer__weight_decay': 0.0001}",0.7330754352030948,0.7025641025641025,0.5695652173913044,0.7115056333219529,0.7360199937519525,0.6905460764464815,0.06180085395083487,120,0.7842521022679011,0.5293298771121352,0.7153931339977851,0.8386203198999196,0.8307054875419486,0.7396601841639379,0.11392850624891092
159,5.351033544540405,2.938882661777157,0.03275914192199707,0.009060341822532,128,10,3e-05,500,96,256,0.25,4,3,32,0.0001,"{'model__batch_size': 128, 'model__callbacks__early_stopping__patience': 10, 'model__lr': 3e-05, 'model__max_epochs': 500, 'model__module__d_model': 96, 'model__module__dim_feedforward': 256, 'model__module__dropout': 0.25, 'model__module__nhead': 4, 'model__module__num_layers': 3, 'model__module__patch_size': 32, 'model__optimizer__weight_decay': 0.0001}",0.7466340269277846,0.6551724137931034,0.530583214793741,0.6671218846022533,0.7212009803921569,0.6641425041018079,0.07481703555142183,187,0.7930861618798956,0.5655308641975308,0.6336772683757047,0.8397885137412842,0.8210315154014887,0.7306228647191808,0.11013295948391931
160,8.756137609481812,4.753592078411536,0.029346466064453125,0.00330691494660939,128,10,3e-05,500,96,384,0.1,4,2,16,0.0001,"{'model__batch_size': 128, 'model__callbacks__early_stopping__patience': 10, 'model__lr': 3e-05, 'model__max_epochs': 500, 'model__module__d_model': 96, 'model__module__dim_feedforward': 384, 'model__module__dropout': 0.1, 'model__module__nhead': 4, 'model__module__num_layers': 2, 'model__module__patch_size': 16, 'model__optimizer__weight_decay': 0.0001}",0.8315205327413985,0.652991452991453,0.6054347826086957,0.6683673469387755,0.7849624060150375,0.7086553042590721,0.08519941089135653,79,0.8874113475177305,0.5140407856653632,0.7360041088854647,0.822736641826542,0.873691345936582,0.7667768459663364,0.13706740644300708
161,6.125734138488769,3.758463929546946,0.02723546028137207,0.002241157310452377,128,10,3e-05,500,96,384,0.1,4,2,32,0.0001,"{'model__batch_size': 128, 'model__callbacks__early_stopping__patience': 10, 'model__lr': 3e-05, 'model__max_epochs': 500, 'model__module__d_model': 96, 'model__module__dim_feedforward': 384, 'model__module__dropout': 0.1, 'model__module__nhead': 4, 'model__module__num_layers': 2, 'model__module__patch_size': 32, 'model__optimizer__weight_decay': 0.0001}",0.7466340269277846,0.41414141414141414,0.5151708719259023,0.6494066882416396,0.8079196217494089,0.6266545245972298,0.14516211923509895,266,0.7908140639847957,0.45767441860465113,0.6248859697135559,0.8989316239316238,0.9036738351254481,0.7351959822720149,0.17174052255435962
162,8.941638231277466,5.238096850693765,0.029214859008789062,0.002127479949946525,128,10,3e-05,500,96,384,0.1,4,3,16,0.0001,"{'model__batch_size': 128, 'model__callbacks__early_stopping__patience': 10, 'model__lr': 3e-05, 'model__max_epochs': 500, 'model__module__d_model': 96, 'model__module__dim_feedforward': 384, 'model__module__dropout': 0.1, 'model__module__nhead': 4, 'model__module__num_layers': 3, 'model__module__patch_size': 16, 'model__optimizer__weight_decay': 0.0001}",0.8043478260869565,0.6220551378446115,0.5195968645016797,0.7428982380438691,0.7849624060150375,0.694772094498431,0.10810307666906377,108,0.8224506578947368,0.4705638151578838,0.6633397791778429,0.8357966197581501,0.8834073962491527,0.7351116536475532,0.15158756687261227
163,5.1518724918365475,2.8685848890072614,0.02783656120300293,0.002525532489589148,128,10,3e-05,500,96,384,0.1,4,3,32,0.0001,"{'model__batch_size': 128, 'model__callbacks__early_stopping__patience': 10, 'model__lr': 3e-05, 'model__max_epochs': 500, 'model__module__d_model': 96, 'model__module__dim_feedforward': 384, 'model__module__dropout': 0.1, 'model__module__nhead': 4, 'model__module__num_layers': 3, 'model__module__patch_size': 32, 'model__optimizer__weight_decay': 0.0001}",0.785663082437276,0.4925,0.4652777777777778,0.7276190476190476,0.7849624060150375,0.6512044627698279,0.14252391747137425,223,0.8389478636149803,0.478030303030303,0.5850287412000258,0.8713675213675214,0.8834073962491527,0.7313563650923967,0.16726292939294118
164,9.897545289993285,5.7258218788481985,0.028148317337036134,0.0017161942777409135,128,10,3e-05,500,96,384,0.25,4,2,16,0.0001,"{'model__batch_size': 128, 'model__callbacks__early_stopping__patience': 10, 'model__lr': 3e-05, 'model__max_epochs': 500, 'model__module__d_model': 96, 'model__module__dim_feedforward': 384, 'model__module__dropout': 0.25, 'model__module__nhead': 4, 'model__module__num_layers': 2, 'model__module__patch_size': 16, 'model__optimizer__weight_decay': 0.0001}",0.8315205327413985,0.6847826086956521,0.6054347826086957,0.7115384615384615,0.7849624060150375,0.7236477583198491,0.07877495037602278,57,0.8874113475177305,0.5308683473389355,0.748840787640613,0.8449190297715862,0.8931234465617233,0.7810325917661177,0.13533716252956926
165,5.583532667160034,3.0585956953065034,0.026608991622924804,0.00208140337943097,128,10,3e-05,500,96,384,0.25,4,2,32,0.0001,"{'model__batch_size': 128, 'model__callbacks__early_stopping__patience': 10, 'model__lr': 3e-05, 'model__max_epochs': 500, 'model__module__d_model': 96, 'model__module__dim_feedforward': 384, 'model__module__dropout': 0.25, 'model__module__nhead': 4, 'model__module__num_layers': 2, 'model__module__patch_size': 32, 'model__optimizer__weight_decay': 0.0001}",0.7604166666666666,0.6220551378446115,0.5681365576102418,0.6961524631427544,0.7849624060150375,0.6863446462558624,0.08174914450042273,128,0.7792264232942199,0.4292800967937084,0.6840140388527485,0.8590983563236616,0.8443026169010479,0.7191843064330772,0.15755442694929941
166,9.069769430160523,5.125300226737871,0.029721164703369142,0.002189254709851307,128,10,3e-05,500,96,384,0.25,4,3,16,0.0001,"{'model__batch_size': 128, 'model__callbacks__early_stopping__patience': 10, 'model__lr': 3e-05, 'model__max_epochs': 500, 'model__module__d_model': 96, 'model__module__dim_feedforward': 384, 'model__module__dropout': 0.25, 'model__module__nhead': 4, 'model__module__num_layers': 3, 'model__module__patch_size': 16, 'model__optimizer__weight_decay': 0.0001}",0.8457066189624329,0.5166666666666667,0.4362297496318115,0.7115056333219529,0.7849624060150375,0.6590142149195805,0.1570783830070727,209,0.8345950345950346,0.5518867924528302,0.6014413428206531,0.8293986238942006,0.8682553191489362,0.7371154225823309,0.1326146581738563
167,5.569860029220581,3.0632715630665963,0.027569150924682616,0.0022917225095871437,128,10,3e-05,500,96,384,0.25,4,3,32,0.0001,"{'model__batch_size': 128, 'model__callbacks__early_stopping__patience': 10, 'model__lr': 3e-05, 'model__max_epochs': 500, 'model__module__d_model': 96, 'model__module__dim_feedforward': 384, 'model__module__dropout': 0.25, 'model__module__nhead': 4, 'model__module__num_layers': 3, 'model__module__patch_size': 32, 'model__optimizer__weight_decay': 0.0001}",0.7330754352030948,0.483065953654189,0.6056899004267425,0.6961524631427544,0.7849624060150375,0.6605892316883637,0.10631663128647643,204,0.7993038204454694,0.5562790697674418,0.6956877435466856,0.8590983563236616,0.8949278045168456,0.7610593589200209,0.12264049861096114
168,8.454214429855346,5.279527220291826,0.02884678840637207,0.0023776335345641634,128,10,3e-05,500,128,128,0.1,4,2,16,0.0001,"{'model__batch_size': 128, 'model__callbacks__early_stopping__patience': 10, 'model__lr': 3e-05, 'model__max_epochs': 500, 'model__module__d_model': 128, 'model__module__dim_feedforward': 128, 'model__module__dropout': 0.1, 'model__module__nhead': 4, 'model__module__num_layers': 2, 'model__module__patch_size': 16, 'model__optimizer__weight_decay': 0.0001}",0.8118181818181818,0.4739229024943311,0.5681365576102418,0.7833333333333333,0.8299912816041848,0.6934404513720546,0.14465764175260135,112,0.8839837156191044,0.48704586063132815,0.6263133208255159,0.8333931262108059,0.9286543885847022,0.7518780823742912,0.1680768146772146
169,5.517340612411499,3.021721597745782,0.026797914505004884,0.00180116973311249,128,10,3e-05,500,128,128,0.1,4,2,32,0.0001,"{'model__batch_size': 128, 'model__callbacks__early_stopping__patience': 10, 'model__lr': 3e-05, 'model__max_epochs': 500, 'model__module__d_model': 128, 'model__module__dim_feedforward': 128, 'model__module__dropout': 0.1, 'model__module__nhead': 4, 'model__module__num_layers': 2, 'model__module__patch_size': 32, 'model__optimizer__weight_decay': 0.0001}",0.7763888888888889,0.7521367521367521,0.5814722911497106,0.726890756302521,0.8079196217494089,0.7289616620454564,0.07845787305965932,51,0.8389478636149803,0.5748313312489715,0.6660024259227171,0.8897435897435897,0.88777304964539,0.7714596520351298,0.1279519270352869
170,9.445746326446534,5.4558229927917985,0.029391384124755858,0.0019756102968205226,128,10,3e-05,500,128,128,0.1,4,3,16,0.0001,"{'model__batch_size': 128, 'model__callbacks__early_stopping__patience': 10, 'model__lr': 3e-05, 'model__max_epochs': 500, 'model__module__d_model': 128, 'model__module__dim_feedforward': 128, 'model__module__dropout': 0.1, 'model__module__nhead': 4, 'model__module__num_layers': 3, 'model__module__patch_size': 16, 'model__optimizer__weight_decay': 0.0001}",0.7763888888888889,0.44761904761904764,0.5931385687483248,0.7115384615384615,0.7849624060150375,0.6627294745619521,0.12755944430574306,193,0.8537828947368421,0.4530049923195084,0.7173434856175973,0.8681887849479415,0.873691345936582,0.7532023007116944,0.16078571830640628
171,4.852790498733521,2.772392089874662,0.02701125144958496,0.001803527011179754,128,10,3e-05,500,128,128,0.1,4,3,32,0.0001,"{'model__batch_size': 128, 'model__callbacks__early_stopping__patience': 10, 'model__lr': 3e-05, 'model__max_epochs': 500, 'model__module__d_model': 128, 'model__module__dim_feedforward': 128, 'model__module__dropout': 0.1, 'model__module__nhead': 4, 'model__module__num_layers': 3, 'model__module__patch_size': 32, 'model__optimizer__weight_decay': 0.0001}",0.7804161566707466,0.3894736842105263,0.5460317460317461,0.7428982380438691,0.8079196217494089,0.6533478893412594,0.1607509755632841,219,0.849338324026917,0.4344351796704387,0.6370056497175142,0.8357966197581501,0.8810906476411703,0.727533284162838,0.16984642057119326
172,8.021611261367799,5.002723004520271,0.028255271911621093,0.001661536045950243,128,10,3e-05,500,128,128,0.25,4,2,16,0.0001,"{'model__batch_size': 128, 'model__callbacks__early_stopping__patience': 10, 'model__lr': 3e-05, 'model__max_epochs': 500, 'model__module__d_model': 128, 'model__module__dim_feedforward': 128, 'model__module__dropout': 0.25, 'model__module__nhead': 4, 'model__module__num_layers': 2, 'model__module__patch_size': 16, 'model__optimizer__weight_decay': 0.0001}",0.735632183908046,0.5279435702658708,0.44537815126050423,0.7115056333219529,0.7922115664051148,0.6425342210322977,0.13253612882050758,241,0.8436302253996624,0.5143851933296684,0.5870764931889627,0.8346153846153846,0.8896923505902036,0.7338799294247764,0.15244635650127575
173,5.353053140640259,3.2989452173351212,0.02623753547668457,0.0017555726184183078,128,10,3e-05,500,128,128,0.25,4,2,32,0.0001,"{'model__batch_size': 128, 'model__callbacks__early_stopping__patience': 10, 'model__lr': 3e-05, 'model__max_epochs': 500, 'model__module__d_model': 128, 'model__module__dim_feedforward': 128, 'model__module__dropout': 0.25, 'model__module__nhead': 4, 'model__module__num_layers': 2, 'model__module__patch_size': 32, 'model__optimizer__weight_decay': 0.0001}",0.7261904761904763,0.483065953654189,0.3737373737373737,0.7428982380438691,0.7360199937519525,0.6123824070755721,0.15423819801245212,279,0.8285574032030435,0.4705638151578838,0.5406280193236714,0.8357966197581501,0.8914836420825485,0.7134058999050594,0.17249667441404568
174,10.844791793823243,4.5569296765728655,0.03020334243774414,0.0011668752139908064,128,10,3e-05,500,128,128,0.25,4,3,16,0.0001,"{'model__batch_size': 128, 'model__callbacks__early_stopping__patience': 10, 'model__lr': 3e-05, 'model__max_epochs': 500, 'model__module__d_model': 128, 'model__module__dim_feedforward': 128, 'model__module__dropout': 0.25, 'model__module__nhead': 4, 'model__module__num_layers': 3, 'model__module__patch_size': 16, 'model__optimizer__weight_decay': 0.0001}",0.8548047696983867,0.7302325581395348,0.4362297496318115,0.726890756302521,0.7610294117647058,0.7018374491073919,0.14063007505585998,94,0.8464700193423598,0.7582456140350877,0.6370056497175142,0.8426490636435389,0.8487375886524823,0.7866215870781966,0.08218203597477207
175,5.3124805927276615,3.1090871382490923,0.027550172805786134,0.0015508289292458439,128,10,3e-05,500,128,128,0.25,4,3,32,0.0001,"{'model__batch_size': 128, 'model__callbacks__early_stopping__patience': 10, 'model__lr': 3e-05, 'model__max_epochs': 500, 'model__module__d_model': 128, 'model__module__dim_feedforward': 128, 'model__module__dropout': 0.25, 'model__module__nhead': 4, 'model__module__num_layers': 3, 'model__module__patch_size': 32, 'model__optimizer__weight_decay': 0.0001}",0.8083333333333333,0.5762987012987013,0.5195968645016797,0.726890756302521,0.7849624060150375,0.6832164122902545,0.11499277615351011,132,0.8552706552706553,0.5589163749067325,0.6380524445040574,0.8333931262108059,0.8810906476411703,0.7533446497066844,0.1297770055220149
176,8.17564778327942,5.20382530129234,0.028845500946044923,0.0022808162628349194,128,10,3e-05,500,128,256,0.1,4,2,16,0.0001,"{'model__batch_size': 128, 'model__callbacks__early_stopping__patience': 10, 'model__lr': 3e-05, 'model__max_epochs': 500, 'model__module__d_model': 128, 'model__module__dim_feedforward': 256, 'model__module__dropout': 0.1, 'model__module__nhead': 4, 'model__module__num_layers': 2, 'model__module__patch_size': 16, 'model__optimizer__weight_decay': 0.0001}",0.7664410058027079,0.5166666666666667,0.5034722222222222,0.7428982380438691,0.8299912816041848,0.6718938828679303,0.13523084620057432,163,0.8100224382946897,0.47000000000000003,0.6263133208255159,0.8162393162393162,0.9472441676735757,0.7339638486066196,0.16691806711293314
177,5.207831525802613,3.0295033710754087,0.026703834533691406,0.0015458556319380861,128,10,3e-05,500,128,256,0.1,4,2,32,0.0001,"{'model__batch_size': 128, 'model__callbacks__early_stopping__patience': 10, 'model__lr': 3e-05, 'model__max_epochs': 500, 'model__module__d_model': 128, 'model__module__dim_feedforward': 256, 'model__module__dropout': 0.1, 'model__module__nhead': 4, 'model__module__num_layers': 2, 'model__module__patch_size': 32, 'model__optimizer__weight_decay': 0.0001}",0.7466340269277846,0.6073500967117988,0.4930298719772404,0.7428982380438691,0.7922115664051148,0.6764247600131615,0.11059804975182888,151,0.8362346872985171,0.440284178187404,0.6215879488050742,0.8745746232377248,0.9019756838905775,0.7349314242838595,0.1773866408977167
178,10.851816749572754,4.370268390572323,0.029276227951049803,0.0013260561848547267,128,10,3e-05,500,128,256,0.1,4,3,16,0.0001,"{'model__batch_size': 128, 'model__callbacks__early_stopping__patience': 10, 'model__lr': 3e-05, 'model__max_epochs': 500, 'model__module__d_model': 128, 'model__module__dim_feedforward': 256, 'model__module__dropout': 0.1, 'model__module__nhead': 4, 'model__module__num_layers': 3, 'model__module__patch_size': 16, 'model__optimizer__weight_decay': 0.0001}",0.7978363759296823,0.7751937984496124,0.34,0.7264309764309764,0.7610294117647058,0.6800981125149954,0.17162099158811953,140,0.9022819770384919,0.767398119122257,0.5631388985912213,0.8722862598118946,0.8694013761037889,0.7949013261335307,0.12453075026752071
179,4.996699476242066,3.0870693269896545,0.02676987648010254,0.0013117913980846608,128,10,3e-05,500,128,256,0.1,4,3,32,0.0001,"{'model__batch_size': 128, 'model__callbacks__early_stopping__patience': 10, 'model__lr': 3e-05, 'model__max_epochs': 500, 'model__module__d_model': 128, 'model__module__dim_feedforward': 256, 'model__module__dropout': 0.1, 'model__module__nhead': 4, 'model__module__num_layers': 3, 'model__module__patch_size': 32, 'model__optimizer__weight_decay': 0.0001}",0.7604166666666666,0.5639097744360901,0.4057623049219688,0.6966666666666667,0.8079196217494089,0.6469350068881602,0.14582512315086726,229,0.8328947368421052,0.6077196703563774,0.6326026685149887,0.8306335716693576,0.8949278045168456,0.7597556903799348,0.11655671320666698
180,9.421485328674317,5.559883093397293,0.028309726715087892,0.002054237171453295,128,10,3e-05,500,128,256,0.25,4,2,16,0.0001,"{'model__batch_size': 128, 'model__callbacks__early_stopping__patience': 10, 'model__lr': 3e-05, 'model__max_epochs': 500, 'model__module__d_model': 128, 'model__module__dim_feedforward': 256, 'model__module__dropout': 0.25, 'model__module__nhead': 4, 'model__module__num_layers': 2, 'model__module__patch_size': 16, 'model__optimizer__weight_decay': 0.0001}",0.8083333333333333,0.5172413793103448,0.4849939975990396,0.7596153846153846,0.8079196217494089,0.6756207433215022,0.14393978162852236,154,0.8580892329794876,0.5798780487804878,0.53920130399348,0.8652838545886674,0.9286543885847022,0.7542213657853649,0.1613564432272866
181,4.772137594223023,2.627390289315892,0.026680183410644532,0.0017321648618871394,128,10,3e-05,500,128,256,0.25,4,2,32,0.0001,"{'model__batch_size': 128, 'model__callbacks__early_stopping__patience': 10, 'model__lr': 3e-05, 'model__max_epochs': 500, 'model__module__d_model': 128, 'model__module__dim_feedforward': 256, 'model__module__dropout': 0.25, 'model__module__nhead': 4, 'model__module__num_layers': 2, 'model__module__patch_size': 32, 'model__optimizer__weight_decay': 0.0001}",0.7466340269277846,0.42574257425742573,0.5681365576102418,0.7896440129449838,0.7849624060150375,0.6630239155510947,0.1436651251126756,190,0.8120065789473685,0.41703331238214963,0.7030046224961479,0.8822331460674158,0.8430396548863448,0.7314634629558854,0.1681333772188059
182,11.399224472045898,4.921270374273521,0.03147139549255371,0.00350964434100289,128,10,3e-05,500,128,256,0.25,4,3,16,0.0001,"{'model__batch_size': 128, 'model__callbacks__early_stopping__patience': 10, 'model__lr': 3e-05, 'model__max_epochs': 500, 'model__module__d_model': 128, 'model__module__dim_feedforward': 256, 'model__module__dropout': 0.25, 'model__module__nhead': 4, 'model__module__num_layers': 3, 'model__module__patch_size': 16, 'model__optimizer__weight_decay': 0.0001}",0.8141982864137087,0.8390804597701149,0.6285178236397748,0.7724089635854342,0.7695035460992907,0.7647418159016647,0.07295287759034061,18,0.8267716535433072,0.8366185770402861,0.6312769010043041,0.8426490636435389,0.9274452089465495,0.8129522808355972,0.09772158591784012
183,6.1370368003845215,2.447422424056713,0.02836465835571289,0.0033308176337845797,128,10,3e-05,500,128,256,0.25,4,3,32,0.0001,"{'model__batch_size': 128, 'model__callbacks__early_stopping__patience': 10, 'model__lr': 3e-05, 'model__max_epochs': 500, 'model__module__d_model': 128, 'model__module__dim_feedforward': 256, 'model__module__dropout': 0.25, 'model__module__nhead': 4, 'model__module__num_layers': 3, 'model__module__patch_size': 32, 'model__optimizer__weight_decay': 0.0001}",0.7050540608498868,0.7646103896103896,0.530583214793741,0.6823069403714566,0.8299912816041848,0.7025091774459318,0.10008135778569972,92,0.7994681293110613,0.7787783520718993,0.6847150312935355,0.821478629597431,0.8834073962491527,0.793569507704616,0.0647342789555987
184,8.024001789093017,4.443652819650877,0.02946476936340332,0.003032180334144462,128,10,3e-05,500,128,384,0.1,4,2,16,0.0001,"{'model__batch_size': 128, 'model__callbacks__early_stopping__patience': 10, 'model__lr': 3e-05, 'model__max_epochs': 500, 'model__module__d_model': 128, 'model__module__dim_feedforward': 384, 'model__module__dropout': 0.1, 'model__module__nhead': 4, 'model__module__num_layers': 2, 'model__module__patch_size': 16, 'model__optimizer__weight_decay': 0.0001}",0.8289384719405004,0.5279435702658708,0.4652777777777778,0.7276190476190476,0.7849624060150375,0.6669482547236468,0.14411273299908475,179,0.8726817042606516,0.546626356371136,0.5934039187051235,0.8631638497984584,0.8529635258358663,0.7457678709942471,0.14439664963858698
185,4.640901756286621,2.4963378297559164,0.027159452438354492,0.001425927821603863,128,10,3e-05,500,128,384,0.1,4,2,32,0.0001,"{'model__batch_size': 128, 'model__callbacks__early_stopping__patience': 10, 'model__lr': 3e-05, 'model__max_epochs': 500, 'model__module__d_model': 128, 'model__module__dim_feedforward': 384, 'model__module__dropout': 0.1, 'model__module__nhead': 4, 'model__module__num_layers': 2, 'model__module__patch_size': 32, 'model__optimizer__weight_decay': 0.0001}",0.7763888888888889,0.6474988312295465,0.44537815126050423,0.6823069403714566,0.7610294117647058,0.6625204447030203,0.11869116989610455,194,0.8624962406015038,0.5115850447604002,0.5932487657383129,0.8489434558132107,0.8801003810763082,0.7392747775979471,0.15505406095973626
186,8.714732599258422,5.662388301444957,0.030080604553222656,0.0019918577156677088,128,10,3e-05,500,128,384,0.1,4,3,16,0.0001,"{'model__batch_size': 128, 'model__callbacks__early_stopping__patience': 10, 'model__lr': 3e-05, 'model__max_epochs': 500, 'model__module__d_model': 128, 'model__module__dim_feedforward': 384, 'model__module__dropout': 0.1, 'model__module__nhead': 4, 'model__module__num_layers': 3, 'model__module__patch_size': 16, 'model__optimizer__weight_decay': 0.0001}",0.8369565217391304,0.5414065751144403,0.4849939975990396,0.7276190476190476,0.7849624060150375,0.6751877096173391,0.13786929882271412,157,0.8701192448507905,0.519441632928475,0.5951845184518452,0.8931561605358397,0.8584964539007092,0.747279602133532,0.15734153356493744
187,4.412461471557617,2.458821904692192,0.026962995529174805,0.001586145019221339,128,10,3e-05,500,128,384,0.1,4,3,32,0.0001,"{'model__batch_size': 128, 'model__callbacks__early_stopping__patience': 10, 'model__lr': 3e-05, 'model__max_epochs': 500, 'model__module__d_model': 128, 'model__module__dim_feedforward': 384, 'model__module__dropout': 0.1, 'model__module__nhead': 4, 'model__module__num_layers': 3, 'model__module__patch_size': 32, 'model__optimizer__weight_decay': 0.0001}",0.7397535831028413,0.7025641025641025,0.6122605363984674,0.6961524631427544,0.7610294117647058,0.7023520193945743,0.05098405266082722,93,0.8100224382946897,0.4994800619681246,0.6912912912912913,0.8580983978851374,0.8333586626139817,0.738450170410645,0.13249647721278324
188,8.500373697280883,4.930974585866867,0.02811856269836426,0.0014307906466507374,128,10,3e-05,500,128,384,0.25,4,2,16,0.0001,"{'model__batch_size': 128, 'model__callbacks__early_stopping__patience': 10, 'model__lr': 3e-05, 'model__max_epochs': 500, 'model__module__d_model': 128, 'model__module__dim_feedforward': 384, 'model__module__dropout': 0.25, 'model__module__nhead': 4, 'model__module__num_layers': 2, 'model__module__patch_size': 16, 'model__optimizer__weight_decay': 0.0001}",0.8289384719405004,0.53903693314633,0.4652777777777778,0.726890756302521,0.7360199937519525,0.6592327865838163,0.1351587838936393,208,0.8783621996967037,0.4658237126626351,0.5934039187051235,0.8611609385090049,0.8513244725346222,0.7300150484216179,0.16874937677479426
189,5.239312744140625,2.1160511878920922,0.026252031326293945,0.0015028392980512768,128,10,3e-05,500,128,384,0.25,4,2,32,0.0001,"{'model__batch_size': 128, 'model__callbacks__early_stopping__patience': 10, 'model__lr': 3e-05, 'model__max_epochs': 500, 'model__module__d_model': 128, 'model__module__dim_feedforward': 384, 'model__module__dropout': 0.25, 'model__module__nhead': 4, 'model__module__num_layers': 2, 'model__module__patch_size': 32, 'model__optimizer__weight_decay': 0.0001}",0.7183673469387755,0.7842261904761905,0.5034722222222222,0.726890756302521,0.8079196217494089,0.7081752275378237,0.10778697865749239,81,0.7908140639847957,0.8047368421052632,0.5960946414346918,0.8357966197581501,0.9044798222880415,0.7863843979141885,0.10291231461385664
190,8.289356708526611,4.920253682449874,0.029590606689453125,0.001673803258259119,128,10,3e-05,500,128,384,0.25,4,3,16,0.0001,"{'model__batch_size': 128, 'model__callbacks__early_stopping__patience': 10, 'model__lr': 3e-05, 'model__max_epochs': 500, 'model__module__d_model': 128, 'model__module__dim_feedforward': 384, 'model__module__dropout': 0.25, 'model__module__nhead': 4, 'model__module__num_layers': 3, 'model__module__patch_size': 16, 'model__optimizer__weight_decay': 0.0001}",0.7998065764023211,0.5770833333333333,0.5695652173913044,0.7115056333219529,0.7849624060150375,0.68858463329279,0.09877502639885996,123,0.8285574032030435,0.5265038713519953,0.6279983457402812,0.8175517997312778,0.8758237689744539,0.7352870378002103,0.13440141291159718
191,4.649736928939819,2.712132934622947,0.027235031127929688,0.0013156536295358206,128,10,3e-05,500,128,384,0.25,4,3,32,0.0001,"{'model__batch_size': 128, 'model__callbacks__early_stopping__patience': 10, 'model__lr': 3e-05, 'model__max_epochs': 500, 'model__module__d_model': 128, 'model__module__dim_feedforward': 384, 'model__module__dropout': 0.25, 'model__module__nhead': 4, 'model__module__num_layers': 3, 'model__module__patch_size': 32, 'model__optimizer__weight_decay': 0.0001}",0.7050540608498868,0.5166666666666667,0.6122605363984674,0.6823069403714566,0.8079196217494089,0.6648415652071773,0.09707108688731053,185,0.7884553783073868,0.4742063492063492,0.6823721788070656,0.8357966197581501,0.8662717512032581,0.729420455456442,0.14204018301864682
192,4.165107727050781,2.5572471007674076,0.027628564834594728,0.0019710866304518174,128,10,0.0001,500,96,128,0.1,4,2,16,0.0001,"{'model__batch_size': 128, 'model__callbacks__early_stopping__patience': 10, 'model__lr': 0.0001, 'model__max_epochs': 500, 'model__module__d_model': 96, 'model__module__dim_feedforward': 128, 'model__module__dropout': 0.1, 'model__module__nhead': 4, 'model__module__num_layers': 2, 'model__module__patch_size': 16, 'model__optimizer__weight_decay': 0.0001}",0.8083333333333333,0.6220551378446115,0.5195968645016797,0.7098214285714286,0.7695035460992907,0.6858620620700687,0.1041965458930054,129,0.9331403000789682,0.5547715053763441,0.6227422614615467,0.8175517997312778,0.9155287637463168,0.7687469260788907,0.15365861364156347
193,2.673553705215454,1.6409202976279536,0.026912450790405273,0.0019437119252277452,128,10,0.0001,500,96,128,0.1,4,2,32,0.0001,"{'model__batch_size': 128, 'model__callbacks__early_stopping__patience': 10, 'model__lr': 0.0001, 'model__max_epochs': 500, 'model__module__d_model': 96, 'model__module__dim_feedforward': 128, 'model__module__dropout': 0.1, 'model__module__nhead': 4, 'model__module__num_layers': 2, 'model__module__patch_size': 32, 'model__optimizer__weight_decay': 0.0001}",0.7946428571428572,0.5271739130434783,0.6054347826086957,0.6933962264150944,0.7310874704491725,0.6703470499318597,0.09421492502454361,168,0.8285574032030435,0.5206912331931399,0.656452442159383,0.8662854079170762,0.9664281067013663,0.7676829186348018,0.1589370410684594
194,4.7720318794250485,2.724906825044806,0.029223155975341798,0.0016691297098352276,128,10,0.0001,500,96,128,0.1,4,3,16,0.0001,"{'model__batch_size': 128, 'model__callbacks__early_stopping__patience': 10, 'model__lr': 0.0001, 'model__max_epochs': 500, 'model__module__d_model': 96, 'model__module__dim_feedforward': 128, 'model__module__dropout': 0.1, 'model__module__nhead': 4, 'model__module__num_layers': 3, 'model__module__patch_size': 16, 'model__optimizer__weight_decay': 0.0001}",0.8083333333333333,0.5908844275637548,0.4362297496318115,0.726890756302521,0.7849624060150375,0.6694601345692917,0.13892110750080724,171,0.8673629242819844,0.5267969810242613,0.6668892380204242,0.8580983978851374,0.9229390681003584,0.7684173218624331,0.14859221958807942
195,2.5949118614196776,1.5192036496669779,0.026869487762451173,0.001239759146127192,128,10,0.0001,500,96,128,0.1,4,3,32,0.0001,"{'model__batch_size': 128, 'model__callbacks__early_stopping__patience': 10, 'model__lr': 0.0001, 'model__max_epochs': 500, 'model__module__d_model': 96, 'model__module__dim_feedforward': 128, 'model__module__dropout': 0.1, 'model__module__nhead': 4, 'model__module__num_layers': 3, 'model__module__patch_size': 32, 'model__optimizer__weight_decay': 0.0001}",0.7946428571428572,0.7195604395604396,0.4652777777777778,0.6634615384615385,0.8079196217494089,0.6901724469384043,0.12404289801769378,121,0.8461409921671018,0.5475179077128103,0.5400838147015516,0.9038731082447705,0.9036738351254481,0.7482579315903365,0.16827614207217598
196,4.187754964828491,2.348680554268225,0.02783045768737793,0.0018717504088831057,128,10,0.0001,500,96,128,0.25,4,2,16,0.0001,"{'model__batch_size': 128, 'model__callbacks__early_stopping__patience': 10, 'model__lr': 0.0001, 'model__max_epochs': 500, 'model__module__d_model': 96, 'model__module__dim_feedforward': 128, 'model__module__dropout': 0.25, 'model__module__nhead': 4, 'model__module__num_layers': 2, 'model__module__patch_size': 16, 'model__optimizer__weight_decay': 0.0001}",0.8083333333333333,0.6034188034188034,0.6158730158730159,0.6966666666666667,0.7098214285714286,0.6868226495726496,0.07400100925168185,126,0.8508514386376982,0.522878251691811,0.6950990018000327,0.8241371887780728,0.9229390681003584,0.7631809898015947,0.14092904058979602
197,2.851068210601807,1.6500817905312244,0.029192399978637696,0.004360012538975712,128,10,0.0001,500,96,128,0.25,4,2,32,0.0001,"{'model__batch_size': 128, 'model__callbacks__early_stopping__patience': 10, 'model__lr': 0.0001, 'model__max_epochs': 500, 'model__module__d_model': 96, 'model__module__dim_feedforward': 128, 'model__module__dropout': 0.25, 'model__module__nhead': 4, 'model__module__num_layers': 2, 'model__module__patch_size': 32, 'model__optimizer__weight_decay': 0.0001}",0.8141982864137087,0.5770833333333333,0.5814722911497106,0.7596153846153846,0.7544318512060448,0.6973602293436363,0.09867173039177649,101,0.8362346872985171,0.5165094339622641,0.6480054785139531,0.8772792135722214,0.9560851063829787,0.7668227839459869,0.1610050850856848
198,5.348959636688233,3.4000233830853994,0.03109850883483887,0.004713460040806008,128,10,0.0001,500,96,128,0.25,4,3,16,0.0001,"{'model__batch_size': 128, 'model__callbacks__early_stopping__patience': 10, 'model__lr': 0.0001, 'model__max_epochs': 500, 'model__module__d_model': 96, 'model__module__dim_feedforward': 128, 'model__module__dropout': 0.25, 'model__module__nhead': 4, 'model__module__num_layers': 3, 'model__module__patch_size': 16, 'model__optimizer__weight_decay': 0.0001}",0.8431818181818183,0.5156043956043956,0.4057623049219688,0.7115056333219529,0.7849624060150375,0.6522033116090347,0.16553366190076993,221,0.8733482921964597,0.5296536796536797,0.5859687065522036,0.8540414397850222,0.951836917562724,0.7589698071500178,0.16842448906873564
199,2.577256965637207,1.4000280125073614,0.028087091445922852,0.0029608566841142015,128,10,0.0001,500,96,128,0.25,4,3,32,0.0001,"{'model__batch_size': 128, 'model__callbacks__early_stopping__patience': 10, 'model__lr': 0.0001, 'model__max_epochs': 500, 'model__module__d_model': 96, 'model__module__dim_feedforward': 128, 'model__module__dropout': 0.25, 'model__module__nhead': 4, 'model__module__num_layers': 3, 'model__module__patch_size': 32, 'model__optimizer__weight_decay': 0.0001}",0.8141982864137087,0.5279435702658708,0.44568868980963045,0.8076923076923077,0.7849624060150375,0.676097052039311,0.1570212693168202,152,0.8479527496208796,0.4992441421012849,0.649937649880096,0.8611609385090049,0.8715778994524639,0.7459746759127459,0.14801529586888554
200,4.157929086685181,2.713117539956151,0.027289104461669923,0.001545329161314075,128,10,0.0001,500,96,256,0.1,4,2,16,0.0001,"{'model__batch_size': 128, 'model__callbacks__early_stopping__patience': 10, 'model__lr': 0.0001, 'model__max_epochs': 500, 'model__module__d_model': 96, 'model__module__dim_feedforward': 256, 'model__module__dropout': 0.1, 'model__module__nhead': 4, 'model__module__num_layers': 2, 'model__module__patch_size': 16, 'model__optimizer__weight_decay': 0.0001}",0.8431818181818183,0.5166666666666667,0.6378364253984845,0.6823069403714566,0.7766323024054982,0.6913248306047848,0.11294752364439785,116,0.8976466795615732,0.43787878787878787,0.6893812949640288,0.8056253139126067,0.9758150696488498,0.7612694291931692,0.18780066107365131
201,2.490085315704346,1.4630617984753502,0.027122688293457032,0.0015228441831466378,128,10,0.0001,500,96,256,0.1,4,2,32,0.0001,"{'model__batch_size': 128, 'model__callbacks__early_stopping__patience': 10, 'model__lr': 0.0001, 'model__max_epochs': 500, 'model__module__d_model': 96, 'model__module__dim_feedforward': 256, 'model__module__dropout': 0.1, 'model__module__nhead': 4, 'model__module__num_layers': 2, 'model__module__patch_size': 32, 'model__optimizer__weight_decay': 0.0001}",0.8141982864137087,0.42574257425742573,0.4554765291607397,0.7115384615384615,0.8079196217494089,0.6429750946239489,0.16945246747894926,240,0.8285574032030435,0.4175824175824176,0.5691100529810207,0.8540414397850222,0.9417036981245763,0.7221990023352161,0.19652192719504732
202,4.493110179901123,2.350038109193762,0.029021406173706056,0.0019909506274506084,128,10,0.0001,500,96,256,0.1,4,3,16,0.0001,"{'model__batch_size': 128, 'model__callbacks__early_stopping__patience': 10, 'model__lr': 0.0001, 'model__max_epochs': 500, 'model__module__d_model': 96, 'model__module__dim_feedforward': 256, 'model__module__dropout': 0.1, 'model__module__nhead': 4, 'model__module__num_layers': 3, 'model__module__patch_size': 16, 'model__optimizer__weight_decay': 0.0001}",0.8576014675533135,0.42574257425742573,0.6158730158730159,0.726890756302521,0.7849624060150375,0.6822140440002628,0.1506603661647391,134,0.879265091863517,0.4175824175824176,0.659798561151079,0.8346153846153846,0.9133064516129032,0.7409135813650604,0.18371889292024887
203,2.853136730194092,1.614498027266256,0.02716670036315918,0.0012737536059934979,128,10,0.0001,500,96,256,0.1,4,3,32,0.0001,"{'model__batch_size': 128, 'model__callbacks__early_stopping__patience': 10, 'model__lr': 0.0001, 'model__max_epochs': 500, 'model__module__d_model': 96, 'model__module__dim_feedforward': 256, 'model__module__dropout': 0.1, 'model__module__nhead': 4, 'model__module__num_layers': 3, 'model__module__patch_size': 32, 'model__optimizer__weight_decay': 0.0001}",0.7397535831028413,0.42574257425742573,0.6200250312891114,0.6813725490196079,0.8079196217494089,0.654962671883679,0.13041878747637733,215,0.8433388157894737,0.4175824175824176,0.6905562045107377,0.906737998843262,0.9088762896179943,0.753418345268777,0.18574024804429926
204,3.7689054012298584,2.409773351047552,0.02793569564819336,0.0015721693691134664,128,10,0.0001,500,96,256,0.25,4,2,16,0.0001,"{'model__batch_size': 128, 'model__callbacks__early_stopping__patience': 10, 'model__lr': 0.0001, 'model__max_epochs': 500, 'model__module__d_model': 96, 'model__module__dim_feedforward': 256, 'model__module__dropout': 0.25, 'model__module__nhead': 4, 'model__module__num_layers': 2, 'model__module__patch_size': 16, 'model__optimizer__weight_decay': 0.0001}",0.7804161566707466,0.42,0.5931385687483248,0.6954076850984068,0.8008578431372549,0.6579640507309465,0.1397457780876066,211,0.8416853652455747,0.46464646464646464,0.6935991400371347,0.7593767715743467,0.9758150696488498,0.7470245622304741,0.16973509166910494
205,2.7483407974243166,1.631000372516804,0.027243375778198242,0.0018005609258191899,128,10,0.0001,500,96,256,0.25,4,2,32,0.0001,"{'model__batch_size': 128, 'model__callbacks__early_stopping__patience': 10, 'model__lr': 0.0001, 'model__max_epochs': 500, 'model__module__d_model': 96, 'model__module__dim_feedforward': 256, 'model__module__dropout': 0.25, 'model__module__nhead': 4, 'model__module__num_layers': 2, 'model__module__patch_size': 32, 'model__optimizer__weight_decay': 0.0001}",0.7804161566707466,0.42574257425742573,0.5195968645016797,0.6780952380952381,0.8079196217494089,0.6423540910548998,0.1481488402846063,242,0.8100224382946897,0.4111111111111111,0.6775677484108398,0.8631638497984584,0.9514197484371469,0.7426569792104492,0.18804317343183383
206,4.333241653442383,2.375762710753372,0.029186058044433593,0.0018059093069568342,128,10,0.0001,500,96,256,0.25,4,3,16,0.0001,"{'model__batch_size': 128, 'model__callbacks__early_stopping__patience': 10, 'model__lr': 0.0001, 'model__max_epochs': 500, 'model__module__d_model': 96, 'model__module__dim_feedforward': 256, 'model__module__dropout': 0.25, 'model__module__nhead': 4, 'model__module__num_layers': 3, 'model__module__patch_size': 16, 'model__optimizer__weight_decay': 0.0001}",0.8369565217391304,0.42574257425742573,0.6158730158730159,0.726890756302521,0.7849624060150375,0.6780850548374261,0.14600820044307028,147,0.8036971279373368,0.4175824175824176,0.6666150361091212,0.8386203198999196,0.9422043010752688,0.7337438405208129,0.18100421193888547
207,3.0304336547851562,1.8084453517526238,0.03374261856079101,0.013784042956672547,128,10,0.0001,500,96,256,0.25,4,3,32,0.0001,"{'model__batch_size': 128, 'model__callbacks__early_stopping__patience': 10, 'model__lr': 0.0001, 'model__max_epochs': 500, 'model__module__d_model': 96, 'model__module__dim_feedforward': 256, 'model__module__dropout': 0.25, 'model__module__nhead': 4, 'model__module__num_layers': 3, 'model__module__patch_size': 32, 'model__optimizer__weight_decay': 0.0001}",0.7466340269277846,0.42574257425742573,0.5995955510616784,0.6961524631427544,0.8079196217494089,0.6552088474278104,0.13349391968455382,214,0.8249190600522194,0.4175824175824176,0.6651652769505658,0.8805555555555555,0.9140318400592373,0.7404508300399992,0.18265076473934977
208,4.5979804515838625,2.566148114121699,0.027857494354248048,0.0014801426595112007,128,10,0.0001,500,96,384,0.1,4,2,16,0.0001,"{'model__batch_size': 128, 'model__callbacks__early_stopping__patience': 10, 'model__lr': 0.0001, 'model__max_epochs': 500, 'model__module__d_model': 96, 'model__module__dim_feedforward': 384, 'model__module__dropout': 0.1, 'model__module__nhead': 4, 'model__module__num_layers': 2, 'model__module__patch_size': 16, 'model__optimizer__weight_decay': 0.0001}",0.8845878136200717,0.42574257425742573,0.6590909090909091,0.7115384615384615,0.8008578431372549,0.6963635203288245,0.1556937191578193,103,0.8701192448507905,0.4175824175824176,0.6903557063152237,0.9259525005381359,0.9614695340501792,0.7730958806673494,0.20074813653483842
209,2.715210962295532,1.0463800067381266,0.026391077041625976,0.001532933033264582,128,10,0.0001,500,96,384,0.1,4,2,32,0.0001,"{'model__batch_size': 128, 'model__callbacks__early_stopping__patience': 10, 'model__lr': 0.0001, 'model__max_epochs': 500, 'model__module__d_model': 96, 'model__module__dim_feedforward': 384, 'model__module__dropout': 0.1, 'model__module__nhead': 4, 'model__module__num_layers': 2, 'model__module__patch_size': 32, 'model__optimizer__weight_decay': 0.0001}",0.7804161566707466,0.8517707192405988,0.44568868980963045,0.8363897878460985,0.7849624060150375,0.7398455519164224,0.14970490746143988,38,0.8537828947368421,0.8515567120218284,0.5746253834440448,0.8631638497984584,0.8975319148936169,0.8081321509789581,0.1179117458567847
210,4.506652212142944,3.1822912362040996,0.03057069778442383,0.0008560411881275279,128,10,0.0001,500,96,384,0.1,4,3,16,0.0001,"{'model__batch_size': 128, 'model__callbacks__early_stopping__patience': 10, 'model__lr': 0.0001, 'model__max_epochs': 500, 'model__module__d_model': 96, 'model__module__dim_feedforward': 384, 'model__module__dropout': 0.1, 'model__module__nhead': 4, 'model__module__num_layers': 3, 'model__module__patch_size': 16, 'model__optimizer__weight_decay': 0.0001}",0.8431818181818183,0.495164410058027,0.4930298719772404,0.6683673469387755,0.7695035460992907,0.6538493986510303,0.1417584307857528,218,0.874671052631579,0.4155574582911704,0.6492555831265509,0.821478629597431,0.9422043010752688,0.7406334049444,0.1892919147382586
211,3.217457389831543,1.3661369208522338,0.02815899848937988,0.0026129449063741345,128,10,0.0001,500,96,384,0.1,4,3,32,0.0001,"{'model__batch_size': 128, 'model__callbacks__early_stopping__patience': 10, 'model__lr': 0.0001, 'model__max_epochs': 500, 'model__module__d_model': 96, 'model__module__dim_feedforward': 384, 'model__module__dropout': 0.1, 'model__module__nhead': 4, 'model__module__num_layers': 3, 'model__module__patch_size': 32, 'model__optimizer__weight_decay': 0.0001}",0.7744531053557959,0.8273809523809523,0.7380952380952381,0.6358543417366946,0.8079196217494089,0.7567406518636179,0.06765237831024028,26,0.8567519582245431,0.8611336983430007,0.705841086988628,0.9259525005381359,0.9177712368060893,0.8534900961800794,0.07905967290442173
212,4.257581424713135,2.2969314912241843,0.029039669036865234,0.0027196478126689867,128,10,0.0001,500,96,384,0.25,4,2,16,0.0001,"{'model__batch_size': 128, 'model__callbacks__early_stopping__patience': 10, 'model__lr': 0.0001, 'model__max_epochs': 500, 'model__module__d_model': 96, 'model__module__dim_feedforward': 384, 'model__module__dropout': 0.25, 'model__module__nhead': 4, 'model__module__num_layers': 2, 'model__module__patch_size': 16, 'model__optimizer__weight_decay': 0.0001}",0.8431818181818183,0.495164410058027,0.6590909090909091,0.7596153846153846,0.7610294117647058,0.703616386742169,0.11945325244762253,90,0.866940683430045,0.41322825647008404,0.6928380987404614,0.8704168759417379,0.9235838578304332,0.7534015544825523,0.18704627260827508
213,2.244437313079834,1.2703989356287646,0.02642068862915039,0.0013155824820469595,128,10,0.0001,500,96,384,0.25,4,2,32,0.0001,"{'model__batch_size': 128, 'model__callbacks__early_stopping__patience': 10, 'model__lr': 0.0001, 'model__max_epochs': 500, 'model__module__d_model': 96, 'model__module__dim_feedforward': 384, 'model__module__dropout': 0.25, 'model__module__nhead': 4, 'model__module__num_layers': 2, 'model__module__patch_size': 32, 'model__optimizer__weight_decay': 0.0001}",0.7604166666666666,0.6091954022988506,0.4554765291607397,0.6961524631427544,0.7849624060150375,0.6612406934568098,0.1195067957258032,200,0.7930861618798956,0.5177779140853422,0.5346388572195024,0.8830299225779452,0.843161094224924,0.7143387899975219,0.15632100091535506
214,4.733176612854004,2.7166216504602505,0.02980518341064453,0.002390847678728416,128,10,0.0001,500,96,384,0.25,4,3,16,0.0001,"{'model__batch_size': 128, 'model__callbacks__early_stopping__patience': 10, 'model__lr': 0.0001, 'model__max_epochs': 500, 'model__module__d_model': 96, 'model__module__dim_feedforward': 384, 'model__module__dropout': 0.25, 'model__module__nhead': 4, 'model__module__num_layers': 3, 'model__module__patch_size': 16, 'model__optimizer__weight_decay': 0.0001}",0.7804161566707466,0.5396825396825397,0.6726190476190477,0.6813725490196079,0.8008578431372549,0.6949896272258393,0.09307194009503433,106,0.821000704721635,0.44479363084014245,0.7241567399222282,0.7916432584269664,0.9467931532274696,0.7456774974276883,0.16687012190643755
215,2.5062275886535645,1.3492580399098366,0.02689085006713867,0.0015726160366784584,128,10,0.0001,500,96,384,0.25,4,3,32,0.0001,"{'model__batch_size': 128, 'model__callbacks__early_stopping__patience': 10, 'model__lr': 0.0001, 'model__max_epochs': 500, 'model__module__d_model': 96, 'model__module__dim_feedforward': 384, 'model__module__dropout': 0.25, 'model__module__nhead': 4, 'model__module__num_layers': 3, 'model__module__patch_size': 32, 'model__optimizer__weight_decay': 0.0001}",0.7261904761904763,0.42574257425742573,0.6590909090909091,0.6933962264150944,0.7360199937519525,0.6480880359411716,0.11440578661087186,228,0.7824751958224543,0.413716814159292,0.6912912912912913,0.8764082820289907,0.8144065325167688,0.7156596231637594,0.16236913480782378
216,3.5297708034515383,1.8361869749483948,0.02771024703979492,0.001451541452415562,128,10,0.0001,500,128,128,0.1,4,2,16,0.0001,"{'model__batch_size': 128, 'model__callbacks__early_stopping__patience': 10, 'model__lr': 0.0001, 'model__max_epochs': 500, 'model__module__d_model': 128, 'model__module__dim_feedforward': 128, 'model__module__dropout': 0.1, 'model__module__nhead': 4, 'model__module__num_layers': 2, 'model__module__patch_size': 16, 'model__optimizer__weight_decay': 0.0001}",0.8008879023307436,0.5166666666666667,0.5450785773366419,0.7115384615384615,0.7360199937519525,0.6620383203248933,0.11136898811934655,196,0.8624962406015038,0.5193023255813953,0.5992140228307654,0.8954600708207812,0.9170496453900709,0.7587044610449032,0.16570975231423696
217,2.478361797332764,1.3638250520628747,0.026430606842041016,0.0015015337797245044,128,10,0.0001,500,128,128,0.1,4,2,32,0.0001,"{'model__batch_size': 128, 'model__callbacks__early_stopping__patience': 10, 'model__lr': 0.0001, 'model__max_epochs': 500, 'model__module__d_model': 128, 'model__module__dim_feedforward': 128, 'model__module__dropout': 0.1, 'model__module__nhead': 4, 'model__module__num_layers': 2, 'model__module__patch_size': 32, 'model__optimizer__weight_decay': 0.0001}",0.7183673469387755,0.5396825396825397,0.5195968645016797,0.7115384615384615,0.7397025171624714,0.6457775459647855,0.09549177155078994,232,0.8036971279373368,0.43894525557480274,0.6465628923923226,0.884728799928514,0.9280602286457849,0.7403988608957521,0.17873670915816758
218,5.569824123382569,2.063907318627437,0.028530359268188477,0.0015902913058664452,128,10,0.0001,500,128,128,0.1,4,3,16,0.0001,"{'model__batch_size': 128, 'model__callbacks__early_stopping__patience': 10, 'model__lr': 0.0001, 'model__max_epochs': 500, 'model__module__d_model': 128, 'model__module__dim_feedforward': 128, 'model__module__dropout': 0.1, 'model__module__nhead': 4, 'model__module__num_layers': 3, 'model__module__patch_size': 16, 'model__optimizer__weight_decay': 0.0001}",0.8225391629646949,0.8587662337662337,0.6590909090909091,0.7444968553459119,0.8079196217494089,0.7785625565834317,0.07023155355393565,8,0.9078820116054158,0.8695509489689875,0.6956837280366692,0.8731741573033708,0.9274452089465495,0.8547472109721985,0.0824235410076046
219,2.62093448638916,1.4976888585523993,0.02640385627746582,0.0014646543874633575,128,10,0.0001,500,128,128,0.1,4,3,32,0.0001,"{'model__batch_size': 128, 'model__callbacks__early_stopping__patience': 10, 'model__lr': 0.0001, 'model__max_epochs': 500, 'model__module__d_model': 128, 'model__module__dim_feedforward': 128, 'model__module__dropout': 0.1, 'model__module__nhead': 4, 'model__module__num_layers': 3, 'model__module__patch_size': 32, 'model__optimizer__weight_decay': 0.0001}",0.7763888888888889,0.42574257425742573,0.6590909090909091,0.6494066882416396,0.7166521360069747,0.6454562392971677,0.11890148805617626,233,0.8642269736842105,0.4175824175824176,0.7028214616096207,0.8650345260514751,0.9617919289152166,0.7622914615685881,0.19136793268576177
220,3.8509237289428713,2.2925738190155047,0.02764439582824707,0.0016249022006040068,128,10,0.0001,500,128,128,0.25,4,2,16,0.0001,"{'model__batch_size': 128, 'model__callbacks__early_stopping__patience': 10, 'model__lr': 0.0001, 'model__max_epochs': 500, 'model__module__d_model': 128, 'model__module__dim_feedforward': 128, 'model__module__dropout': 0.25, 'model__module__nhead': 4, 'model__module__num_layers': 2, 'model__module__patch_size': 16, 'model__optimizer__weight_decay': 0.0001}",0.731934731934732,0.5166666666666667,0.5695652173913044,0.6533333333333333,0.7544318512060448,0.6451863601064163,0.09139157438255385,236,0.849338324026917,0.5798780487804878,0.6941932413136601,0.8641151685393258,0.9229390681003584,0.7820927701521498,0.12625722847288529
221,2.2661587715148928,1.1328059964991448,0.02706151008605957,0.001976950246747567,128,10,0.0001,500,128,128,0.25,4,2,32,0.0001,"{'model__batch_size': 128, 'model__callbacks__early_stopping__patience': 10, 'model__lr': 0.0001, 'model__max_epochs': 500, 'model__module__d_model': 128, 'model__module__dim_feedforward': 128, 'model__module__dropout': 0.25, 'model__module__nhead': 4, 'model__module__num_layers': 2, 'model__module__patch_size': 32, 'model__optimizer__weight_decay': 0.0001}",0.7397535831028413,0.42574257425742573,0.5695652173913044,0.726890756302521,0.7849624060150375,0.649382907413826,0.13337315199067235,227,0.8355300261096605,0.4287497163603358,0.6912912912912913,0.8672533399570641,0.8940412186379929,0.743373118471269,0.1721862266192936
222,4.290100622177124,2.5366610164091297,0.029151010513305663,0.0019225745763603223,128,10,0.0001,500,128,128,0.25,4,3,16,0.0001,"{'model__batch_size': 128, 'model__callbacks__early_stopping__patience': 10, 'model__lr': 0.0001, 'model__max_epochs': 500, 'model__module__d_model': 128, 'model__module__dim_feedforward': 128, 'model__module__dropout': 0.25, 'model__module__nhead': 4, 'model__module__num_layers': 3, 'model__module__patch_size': 16, 'model__optimizer__weight_decay': 0.0001}",0.7943132309103417,0.42574257425742573,0.6590909090909091,0.6823069403714566,0.7849624060150375,0.6692832121290342,0.1331162832474172,172,0.9041604607288254,0.4175824175824176,0.6532917052112241,0.8109552318827629,0.9280602286457849,0.742810008810203,0.18909357286071385
223,2.3415932178497316,1.187521909571349,0.02785325050354004,0.0024045520807715564,128,10,0.0001,500,128,128,0.25,4,3,32,0.0001,"{'model__batch_size': 128, 'model__callbacks__early_stopping__patience': 10, 'model__lr': 0.0001, 'model__max_epochs': 500, 'model__module__d_model': 128, 'model__module__dim_feedforward': 128, 'model__module__dropout': 0.25, 'model__module__nhead': 4, 'model__module__num_layers': 3, 'model__module__patch_size': 32, 'model__optimizer__weight_decay': 0.0001}",0.7804161566707466,0.40816326530612246,0.4057623049219688,0.7115056333219529,0.7922115664051148,0.6196117853251811,0.17580403093178013,275,0.8267716535433072,0.445756748111513,0.582938596491228,0.8357966197581501,0.8975319148936169,0.717759106559563,0.17337629911535754
224,3.4610058307647704,1.9576552928218134,0.028137874603271485,0.0018208574700390766,128,10,0.0001,500,128,256,0.1,4,2,16,0.0001,"{'model__batch_size': 128, 'model__callbacks__early_stopping__patience': 10, 'model__lr': 0.0001, 'model__max_epochs': 500, 'model__module__d_model': 128, 'model__module__dim_feedforward': 256, 'model__module__dropout': 0.1, 'model__module__nhead': 4, 'model__module__num_layers': 2, 'model__module__patch_size': 16, 'model__optimizer__weight_decay': 0.0001}",0.7580079494973112,0.5639097744360901,0.3886937080804854,0.7115384615384615,0.7849624060150375,0.6414224599134771,0.1476429372541702,244,0.8726817042606516,0.5400943396226415,0.5313069908814589,0.8580983978851374,0.933135875601629,0.7470634616503037,0.17442403236159165
225,2.464160919189453,1.3761672952416935,0.026221752166748047,0.0017571590001178128,128,10,0.0001,500,128,256,0.1,4,2,32,0.0001,"{'model__batch_size': 128, 'model__callbacks__early_stopping__patience': 10, 'model__lr': 0.0001, 'model__max_epochs': 500, 'model__module__d_model': 128, 'model__module__dim_feedforward': 256, 'model__module__dropout': 0.1, 'model__module__nhead': 4, 'model__module__num_layers': 2, 'model__module__patch_size': 32, 'model__optimizer__weight_decay': 0.0001}",0.785663082437276,0.483065953654189,0.5195968645016797,0.726890756302521,0.8079196217494089,0.6646272557290149,0.1364239259081792,186,0.8966218966218966,0.407158836689038,0.6670231362467867,0.8672533399570641,0.9072907801418439,0.7490695979313259,0.19204562518131202
226,4.359024143218994,2.6727477843130214,0.02880725860595703,0.0014750281878448048,128,10,0.0001,500,128,256,0.1,4,3,16,0.0001,"{'model__batch_size': 128, 'model__callbacks__early_stopping__patience': 10, 'model__lr': 0.0001, 'model__max_epochs': 500, 'model__module__d_model': 128, 'model__module__dim_feedforward': 256, 'model__module__dropout': 0.1, 'model__module__nhead': 4, 'model__module__num_layers': 3, 'model__module__patch_size': 16, 'model__optimizer__weight_decay': 0.0001}",0.8008879023307436,0.42574257425742573,0.37735849056603776,0.7955974842767295,0.7695035460992907,0.6338179995060453,0.19055832912521753,257,0.9032380952380952,0.4454000745391474,0.5090525475436946,0.8981846882399369,0.9621034077555817,0.7435957626632912,0.2195723978095213
227,2.662490653991699,1.4100061059813807,0.027259254455566408,0.0015491085060815432,128,10,0.0001,500,128,256,0.1,4,3,32,0.0001,"{'model__batch_size': 128, 'model__callbacks__early_stopping__patience': 10, 'model__lr': 0.0001, 'model__max_epochs': 500, 'model__module__d_model': 128, 'model__module__dim_feedforward': 256, 'model__module__dropout': 0.1, 'model__module__nhead': 4, 'model__module__num_layers': 3, 'model__module__patch_size': 32, 'model__optimizer__weight_decay': 0.0001}",0.7664410058027079,0.42574257425742573,0.4652777777777778,0.7115056333219529,0.7458646616541353,0.6229663305627999,0.14648623149220946,271,0.8355300261096605,0.497236657593005,0.6499198717948718,0.852991452991453,0.9229390681003584,0.7517234153178697,0.1560263019849869
228,3.8464833736419677,2.261653897528249,0.027798891067504883,0.0011679607828757462,128,10,0.0001,500,128,256,0.25,4,2,16,0.0001,"{'model__batch_size': 128, 'model__callbacks__early_stopping__patience': 10, 'model__lr': 0.0001, 'model__max_epochs': 500, 'model__module__d_model': 128, 'model__module__dim_feedforward': 256, 'model__module__dropout': 0.25, 'model__module__nhead': 4, 'model__module__num_layers': 2, 'model__module__patch_size': 16, 'model__optimizer__weight_decay': 0.0001}",0.8431818181818183,0.42574257425742573,0.3886937080804854,0.726890756302521,0.8079196217494089,0.6384856957143319,0.19291422207591705,249,0.9297122074636306,0.40979955456570155,0.5545520890348477,0.8333931262108059,0.9044798222880415,0.7263873599126054,0.20700886532690346
229,2.326093864440918,1.28502815436659,0.02628979682922363,0.0017124187856025544,128,10,0.0001,500,128,256,0.25,4,2,32,0.0001,"{'model__batch_size': 128, 'model__callbacks__early_stopping__patience': 10, 'model__lr': 0.0001, 'model__max_epochs': 500, 'model__module__d_model': 128, 'model__module__dim_feedforward': 256, 'model__module__dropout': 0.25, 'model__module__nhead': 4, 'model__module__num_layers': 2, 'model__module__patch_size': 32, 'model__optimizer__weight_decay': 0.0001}",0.7804161566707466,0.3958333333333333,0.530583214793741,0.6961524631427544,0.8079196217494089,0.6421809579379969,0.15660932708366623,243,0.8817097616781744,0.5046043065845046,0.6480054785139531,0.8713675213675214,0.873691345936582,0.755875682816147,0.15350986687576806
230,4.887020921707153,3.0231523301037875,0.029603004455566406,0.0013890118848604099,128,10,0.0001,500,128,256,0.25,4,3,16,0.0001,"{'model__batch_size': 128, 'model__callbacks__early_stopping__patience': 10, 'model__lr': 0.0001, 'model__max_epochs': 500, 'model__module__d_model': 128, 'model__module__dim_feedforward': 256, 'model__module__dropout': 0.25, 'model__module__nhead': 4, 'model__module__num_layers': 3, 'model__module__patch_size': 16, 'model__optimizer__weight_decay': 0.0001}",0.8141982864137087,0.42574257425742573,0.6378364253984845,0.7246660149885957,0.7922115664051148,0.678930973492666,0.14072281981716972,144,0.8919958693583332,0.41629955947136565,0.6929155103299414,0.8539196678276684,0.9509878419452888,0.7612236897865194,0.19253207722031243
231,2.550006628036499,1.337649328847818,0.026509857177734374,0.0017430373639551995,128,10,0.0001,500,128,256,0.25,4,3,32,0.0001,"{'model__batch_size': 128, 'model__callbacks__early_stopping__patience': 10, 'model__lr': 0.0001, 'model__max_epochs': 500, 'model__module__d_model': 128, 'model__module__dim_feedforward': 256, 'model__module__dropout': 0.25, 'model__module__nhead': 4, 'model__module__num_layers': 3, 'model__module__patch_size': 32, 'model__optimizer__weight_decay': 0.0001}",0.7397535831028413,0.42574257425742573,0.4057623049219688,0.7115056333219529,0.7922115664051148,0.6149951324018608,0.16485115659250243,277,0.8122690317812269,0.4175824175824176,0.634576781532285,0.8540414397850222,0.9044798222880415,0.7245898985937986,0.1784161826741541
232,3.331917333602905,1.620696147339046,0.028327035903930663,0.0016937274076370373,128,10,0.0001,500,128,384,0.1,4,2,16,0.0001,"{'model__batch_size': 128, 'model__callbacks__early_stopping__patience': 10, 'model__lr': 0.0001, 'model__max_epochs': 500, 'model__module__d_model': 128, 'model__module__dim_feedforward': 384, 'model__module__dropout': 0.1, 'model__module__nhead': 4, 'model__module__num_layers': 2, 'model__module__patch_size': 16, 'model__optimizer__weight_decay': 0.0001}",0.8043478260869565,0.4925,0.6378364253984845,0.6961524631427544,0.7458646616541353,0.6753402752564661,0.10666479215063779,155,0.8523107769423559,0.430913471611146,0.6662337662337663,0.8200460347353002,0.8375283857794401,0.7214064870604018,0.159862572220853
233,2.2486188888549803,1.2044042136375073,0.02638688087463379,0.001971631368625172,128,10,0.0001,500,128,384,0.1,4,2,32,0.0001,"{'model__batch_size': 128, 'model__callbacks__early_stopping__patience': 10, 'model__lr': 0.0001, 'model__max_epochs': 500, 'model__module__d_model': 128, 'model__module__dim_feedforward': 384, 'model__module__dropout': 0.1, 'model__module__nhead': 4, 'model__module__num_layers': 2, 'model__module__patch_size': 32, 'model__optimizer__weight_decay': 0.0001}",0.785663082437276,0.505764411027569,0.5450785773366419,0.7724089635854342,0.7922115664051148,0.6802253201584072,0.12716691085999982,139,0.837270341207349,0.43787878787878787,0.6843451122520889,0.8722862598118946,0.8823708206686931,0.7428302643637628,0.16826483040342713
234,4.548347854614258,2.7536656584834573,0.029888391494750977,0.0017347550705390873,128,10,0.0001,500,128,384,0.1,4,3,16,0.0001,"{'model__batch_size': 128, 'model__callbacks__early_stopping__patience': 10, 'model__lr': 0.0001, 'model__max_epochs': 500, 'model__module__d_model': 128, 'model__module__dim_feedforward': 384, 'model__module__dropout': 0.1, 'model__module__nhead': 4, 'model__module__num_layers': 3, 'model__module__patch_size': 16, 'model__optimizer__weight_decay': 0.0001}",0.7998065764023211,0.42574257425742573,0.5013736263736264,0.6494066882416396,0.7849624060150375,0.63225837425801,0.1493081236287988,261,0.8337239995776581,0.4175824175824176,0.5366268287657119,0.9081196581196581,0.9170496453900709,0.7226205098871032,0.20600897811640234
235,2.547769641876221,1.3817124727518209,0.027505016326904295,0.0013975304356910116,128,10,0.0001,500,128,384,0.1,4,3,32,0.0001,"{'model__batch_size': 128, 'model__callbacks__early_stopping__patience': 10, 'model__lr': 0.0001, 'model__max_epochs': 500, 'model__module__d_model': 128, 'model__module__dim_feedforward': 384, 'model__module__dropout': 0.1, 'model__module__nhead': 4, 'model__module__num_layers': 3, 'model__module__patch_size': 32, 'model__optimizer__weight_decay': 0.0001}",0.7717391304347826,0.4925,0.625,0.6933962264150944,0.8079196217494089,0.6781109957198572,0.11235868001872787,146,0.8805097052627273,0.42437240507025215,0.66005291005291,0.8931561605358397,0.8844086021505376,0.7484999566144533,0.18423067101765536
236,3.5342482566833495,1.9796675451200456,0.027981281280517578,0.001542137850967391,128,10,0.0001,500,128,384,0.25,4,2,16,0.0001,"{'model__batch_size': 128, 'model__callbacks__early_stopping__patience': 10, 'model__lr': 0.0001, 'model__max_epochs': 500, 'model__module__d_model': 128, 'model__module__dim_feedforward': 384, 'model__module__dropout': 0.25, 'model__module__nhead': 4, 'model__module__num_layers': 2, 'model__module__patch_size': 16, 'model__optimizer__weight_decay': 0.0001}",0.8548047696983867,0.6073500967117988,0.4652777777777778,0.7115384615384615,0.7458646616541353,0.6769671534761119,0.1320811766255736,150,0.8771760154738879,0.43615609902625846,0.6099445010759996,0.852991452991453,0.8292198581560284,0.7210975853447256,0.1714605221735346
237,2.256677675247192,1.1853700570343488,0.0265958309173584,0.0015356878371094846,128,10,0.0001,500,128,384,0.25,4,2,32,0.0001,"{'model__batch_size': 128, 'model__callbacks__early_stopping__patience': 10, 'model__lr': 0.0001, 'model__max_epochs': 500, 'model__module__d_model': 128, 'model__module__dim_feedforward': 384, 'model__module__dropout': 0.25, 'model__module__nhead': 4, 'model__module__num_layers': 2, 'model__module__patch_size': 32, 'model__optimizer__weight_decay': 0.0001}",0.7397535831028413,0.42574257425742573,0.5195968645016797,0.7724089635854342,0.7695035460992907,0.6454011063093343,0.14457619389702675,234,0.8186323924731183,0.4175824175824176,0.6526521531199967,0.8590983563236616,0.871405567057741,0.723874177311387,0.17199850446934645
238,4.432536029815674,2.7146077320243505,0.030184364318847655,0.0019621727306873534,128,10,0.0001,500,128,384,0.25,4,3,16,0.0001,"{'model__batch_size': 128, 'model__callbacks__early_stopping__patience': 10, 'model__lr': 0.0001, 'model__max_epochs': 500, 'model__module__d_model': 128, 'model__module__dim_feedforward': 384, 'model__module__dropout': 0.25, 'model__module__nhead': 4, 'model__module__num_layers': 3, 'model__module__patch_size': 16, 'model__optimizer__weight_decay': 0.0001}",0.8225391629646949,0.42574257425742573,0.5681365576102418,0.7558893820416525,0.7922115664051148,0.672903848655826,0.15203719175876637,159,0.8328947368421052,0.42437240507025215,0.5628969407306939,0.8520307965032412,0.9242068155111633,0.7192803389314911,0.19180835898812823
239,3.1693363189697266,1.3399745083441277,0.02961101531982422,0.0032908115865703433,128,10,0.0001,500,128,384,0.25,4,3,32,0.0001,"{'model__batch_size': 128, 'model__callbacks__early_stopping__patience': 10, 'model__lr': 0.0001, 'model__max_epochs': 500, 'model__module__d_model': 128, 'model__module__dim_feedforward': 384, 'model__module__dropout': 0.25, 'model__module__nhead': 4, 'model__module__num_layers': 3, 'model__module__patch_size': 32, 'model__optimizer__weight_decay': 0.0001}",0.7998065764023211,0.8517707192405988,0.6378364253984845,0.7094676960585128,0.8079196217494089,0.7613602077698652,0.07716335977468312,22,0.8552706552706553,0.8460868302599099,0.6868630926007975,0.8787593984962406,0.8834073962491527,0.8300774745753511,0.07295939321253625
240,2.5105248928070067,1.2817050266052628,0.02756648063659668,0.001697085006075291,128,10,0.0002,500,96,128,0.1,4,2,16,0.0001,"{'model__batch_size': 128, 'model__callbacks__early_stopping__patience': 10, 'model__lr': 0.0002, 'model__max_epochs': 500, 'model__module__d_model': 96, 'model__module__dim_feedforward': 128, 'model__module__dropout': 0.1, 'model__module__nhead': 4, 'model__module__num_layers': 2, 'model__module__patch_size': 16, 'model__optimizer__weight_decay': 0.0001}",0.8259573492318275,0.5908844275637548,0.5450785773366419,0.6683673469387755,0.7849624060150375,0.6830500214172075,0.10821722180818276,133,0.8885848563968668,0.5518867924528302,0.7335683184739789,0.822736641826542,0.9325716845878136,0.7858696587476063,0.13484397099538922
241,1.8658370971679688,0.9812195622050823,0.02646317481994629,0.0017308224146733986,128,10,0.0002,500,96,128,0.1,4,2,32,0.0001,"{'model__batch_size': 128, 'model__callbacks__early_stopping__patience': 10, 'model__lr': 0.0002, 'model__max_epochs': 500, 'model__module__d_model': 96, 'model__module__dim_feedforward': 128, 'model__module__dropout': 0.1, 'model__module__nhead': 4, 'model__module__num_layers': 2, 'model__module__patch_size': 32, 'model__optimizer__weight_decay': 0.0001}",0.7526881720430108,0.42574257425742573,0.4057623049219688,0.6933962264150944,0.7458646616541353,0.604690787858327,0.15575426008420243,283,0.8567053513862024,0.4175824175824176,0.5739628409653599,0.8814086698253306,0.951836917562724,0.736299239464407,0.20491187768209365
242,3.471605062484741,1.4000658198339044,0.028786420822143555,0.0018963274409733862,128,10,0.0002,500,96,128,0.1,4,3,16,0.0001,"{'model__batch_size': 128, 'model__callbacks__early_stopping__patience': 10, 'model__lr': 0.0002, 'model__max_epochs': 500, 'model__module__d_model': 96, 'model__module__dim_feedforward': 128, 'model__module__dropout': 0.1, 'model__module__nhead': 4, 'model__module__num_layers': 3, 'model__module__patch_size': 16, 'model__optimizer__weight_decay': 0.0001}",0.8402777777777777,0.8201550387596899,0.4751104565537555,0.726890756302521,0.8008578431372549,0.7326583745061999,0.1343524954728859,43,0.8779738903394256,0.8433497536945813,0.6700051361068311,0.8149243285801767,0.9614695340501792,0.8335445285542388,0.09542197062413824
243,1.8235109329223633,0.900586583797224,0.026790952682495116,0.002107554875952623,128,10,0.0002,500,96,128,0.1,4,3,32,0.0001,"{'model__batch_size': 128, 'model__callbacks__early_stopping__patience': 10, 'model__lr': 0.0002, 'model__max_epochs': 500, 'model__module__d_model': 96, 'model__module__dim_feedforward': 128, 'model__module__dropout': 0.1, 'model__module__nhead': 4, 'model__module__num_layers': 3, 'model__module__patch_size': 32, 'model__optimizer__weight_decay': 0.0001}",0.8186379928315413,0.4925,0.4358974358974359,0.6961524631427544,0.8079196217494089,0.6502215027242281,0.15884164570532439,226,0.8311310562619463,0.48266380708845447,0.6530526876200254,0.8897435897435897,0.8823708206686931,0.7477923922765418,0.157781879243431
244,2.7630613327026365,1.5334882168488586,0.02755146026611328,0.0014865191985152485,128,10,0.0002,500,96,128,0.25,4,2,16,0.0001,"{'model__batch_size': 128, 'model__callbacks__early_stopping__patience': 10, 'model__lr': 0.0002, 'model__max_epochs': 500, 'model__module__d_model': 96, 'model__module__dim_feedforward': 128, 'model__module__dropout': 0.25, 'model__module__nhead': 4, 'model__module__num_layers': 2, 'model__module__patch_size': 16, 'model__optimizer__weight_decay': 0.0001}",0.8289384719405004,0.4925,0.4652777777777778,0.654795376444861,0.7849624060150375,0.6452948064356354,0.1476988006473596,235,0.861137546317857,0.43020555603337063,0.6843451122520889,0.8097612359550562,0.9514197484371469,0.7473738397991039,0.18057543668784293
245,1.855143404006958,0.953125009870428,0.02684440612792969,0.002103593573306142,128,10,0.0002,500,96,128,0.25,4,2,32,0.0001,"{'model__batch_size': 128, 'model__callbacks__early_stopping__patience': 10, 'model__lr': 0.0002, 'model__max_epochs': 500, 'model__module__d_model': 96, 'model__module__dim_feedforward': 128, 'model__module__dropout': 0.25, 'model__module__nhead': 4, 'model__module__num_layers': 2, 'model__module__patch_size': 32, 'model__optimizer__weight_decay': 0.0001}",0.8479804161566707,0.42574257425742573,0.4057623049219688,0.6780952380952381,0.8140732265446224,0.6343307519951852,0.18741474290273605,254,0.8508514386376982,0.4175824175824176,0.5058293781185348,0.8764082820289907,0.9575370773366494,0.7216417187408581,0.21694307364869767
246,3.0776373386383056,1.7542363642171601,0.028649187088012694,0.0018444377520216034,128,10,0.0002,500,96,128,0.25,4,3,16,0.0001,"{'model__batch_size': 128, 'model__callbacks__early_stopping__patience': 10, 'model__lr': 0.0002, 'model__max_epochs': 500, 'model__module__d_model': 96, 'model__module__dim_feedforward': 128, 'model__module__dropout': 0.25, 'model__module__nhead': 4, 'model__module__num_layers': 3, 'model__module__patch_size': 16, 'model__optimizer__weight_decay': 0.0001}",0.8118181818181818,0.5512572533849129,0.38125,0.6823069403714566,0.7766323024054982,0.64065293559601,0.1579901622379407,245,0.849338324026917,0.5022448231629101,0.6425298641793487,0.8200460347353002,0.9713439466864124,0.7571005985581777,0.16519567644511643
247,1.9727262496948241,1.1059218651959353,0.027375411987304688,0.0028127818743556555,128,10,0.0002,500,96,128,0.25,4,3,32,0.0001,"{'model__batch_size': 128, 'model__callbacks__early_stopping__patience': 10, 'model__lr': 0.0002, 'model__max_epochs': 500, 'model__module__d_model': 96, 'model__module__dim_feedforward': 128, 'model__module__dropout': 0.25, 'model__module__nhead': 4, 'model__module__num_layers': 3, 'model__module__patch_size': 32, 'model__optimizer__weight_decay': 0.0001}",0.7261904761904763,0.6802005012531328,0.4930298719772404,0.6780952380952381,0.7252747252747254,0.6605581625581627,0.08631909720953308,205,0.7994681293110613,0.49340592861464005,0.5517272624306264,0.8745746232377248,0.9458427952598134,0.7330037477707732,0.1789014063732902
248,2.920638084411621,1.4884975007105927,0.027908992767333985,0.002118001392514207,128,10,0.0002,500,96,256,0.1,4,2,16,0.0001,"{'model__batch_size': 128, 'model__callbacks__early_stopping__patience': 10, 'model__lr': 0.0002, 'model__max_epochs': 500, 'model__module__d_model': 96, 'model__module__dim_feedforward': 256, 'model__module__dropout': 0.1, 'model__module__nhead': 4, 'model__module__num_layers': 2, 'model__module__patch_size': 16, 'model__optimizer__weight_decay': 0.0001}",0.8438521498617049,0.4925,0.6378364253984845,0.6961524631427544,0.7849624060150375,0.6910606888835963,0.12202283277044935,117,0.8567519582245431,0.44479363084014245,0.6893812949640288,0.8652838545886674,0.9661410975083897,0.7644703672251543,0.18285618353424862
249,1.7297995567321778,0.9344436496104787,0.026210498809814454,0.0017421515667467304,128,10,0.0002,500,96,256,0.1,4,2,32,0.0001,"{'model__batch_size': 128, 'model__callbacks__early_stopping__patience': 10, 'model__lr': 0.0002, 'model__max_epochs': 500, 'model__module__d_model': 96, 'model__module__dim_feedforward': 256, 'model__module__dropout': 0.1, 'model__module__nhead': 4, 'model__module__num_layers': 2, 'model__module__patch_size': 32, 'model__optimizer__weight_decay': 0.0001}",0.7804161566707466,0.42574257425742573,0.6590909090909091,0.6933962264150944,0.7458646616541353,0.660902105617662,0.12478894008380133,202,0.8181669427911067,0.42437240507025215,0.6882479677004689,0.8996534898522028,0.9756028368794326,0.7612087284586927,0.19347248136467782
250,2.9529255390167237,1.6024495223189947,0.029152536392211915,0.0015765811088045598,128,10,0.0002,500,96,256,0.1,4,3,16,0.0001,"{'model__batch_size': 128, 'model__callbacks__early_stopping__patience': 10, 'model__lr': 0.0002, 'model__max_epochs': 500, 'model__module__d_model': 96, 'model__module__dim_feedforward': 256, 'model__module__dropout': 0.1, 'model__module__nhead': 4, 'model__module__num_layers': 3, 'model__module__patch_size': 16, 'model__optimizer__weight_decay': 0.0001}",0.8331721470019342,0.42,0.5034722222222222,0.6269132653061225,0.7610294117647058,0.6289174092589969,0.15398738554288854,264,0.8701192448507905,0.41629955947136565,0.7064720812182741,0.823952410112851,0.916302501765166,0.7466291594836895,0.17930307578617702
251,1.989331102371216,0.7159825126078758,0.02700495719909668,0.0019220305243822192,128,10,0.0002,500,96,256,0.1,4,3,32,0.0001,"{'model__batch_size': 128, 'model__callbacks__early_stopping__patience': 10, 'model__lr': 0.0002, 'model__max_epochs': 500, 'model__module__d_model': 96, 'model__module__dim_feedforward': 256, 'model__module__dropout': 0.1, 'model__module__nhead': 4, 'model__module__num_layers': 3, 'model__module__patch_size': 32, 'model__optimizer__weight_decay': 0.0001}",0.7050540608498868,0.8705357142857143,0.5662285136501517,0.6813725490196079,0.7849624060150375,0.7216306487640797,0.10220464908640593,60,0.7860059190771425,0.8419797257006559,0.694047619047619,0.8822331460674158,0.9222715974994351,0.8253076014784536,0.0796169568678732
252,2.824378252029419,1.5175331702917552,0.02763543128967285,0.002064886226135806,128,10,0.0002,500,96,256,0.25,4,2,16,0.0001,"{'model__batch_size': 128, 'model__callbacks__early_stopping__patience': 10, 'model__lr': 0.0002, 'model__max_epochs': 500, 'model__module__d_model': 96, 'model__module__dim_feedforward': 256, 'model__module__dropout': 0.25, 'model__module__nhead': 4, 'model__module__num_layers': 2, 'model__module__patch_size': 16, 'model__optimizer__weight_decay': 0.0001}",0.8259573492318275,0.4925,0.5931385687483248,0.6966666666666667,0.7766323024054982,0.6769789774104634,0.12130511348859464,149,0.8817097616781744,0.46054196959682747,0.7069993458555275,0.8070512820512821,0.9661410975083897,0.7644886913380403,0.17430127990088834
253,1.968854808807373,1.0713736877835283,0.02647266387939453,0.002042001951252303,128,10,0.0002,500,96,256,0.25,4,2,32,0.0001,"{'model__batch_size': 128, 'model__callbacks__early_stopping__patience': 10, 'model__lr': 0.0002, 'model__max_epochs': 500, 'model__module__d_model': 96, 'model__module__dim_feedforward': 256, 'model__module__dropout': 0.25, 'model__module__nhead': 4, 'model__module__num_layers': 2, 'model__module__patch_size': 32, 'model__optimizer__weight_decay': 0.0001}",0.7664410058027079,0.42574257425742573,0.4652777777777778,0.6422955974842768,0.7768878718535469,0.615328965435147,0.1470521586841953,276,0.8311310562619463,0.4175824175824176,0.5539868667917448,0.8974117987275883,0.9713439466864124,0.734291217210022,0.21212939335969133
254,3.509743881225586,1.9950959812560012,0.0289553165435791,0.0013338033688852125,128,10,0.0002,500,96,256,0.25,4,3,16,0.0001,"{'model__batch_size': 128, 'model__callbacks__early_stopping__patience': 10, 'model__lr': 0.0002, 'model__max_epochs': 500, 'model__module__d_model': 96, 'model__module__dim_feedforward': 256, 'model__module__dropout': 0.25, 'model__module__nhead': 4, 'model__module__num_layers': 3, 'model__module__patch_size': 16, 'model__optimizer__weight_decay': 0.0001}",0.8402777777777777,0.4925,0.6861076345431789,0.7098214285714286,0.7458646616541353,0.694914300509304,0.11401562060309202,107,0.8862840862840863,0.4465300727032386,0.7403135888501742,0.8278792134831461,0.9705927051671732,0.7743199332975637,0.18029431116731806
255,2.039641237258911,1.0414099930075558,0.0272003173828125,0.0016108728287902788,128,10,0.0002,500,96,256,0.25,4,3,32,0.0001,"{'model__batch_size': 128, 'model__callbacks__early_stopping__patience': 10, 'model__lr': 0.0002, 'model__max_epochs': 500, 'model__module__d_model': 96, 'model__module__dim_feedforward': 256, 'model__module__dropout': 0.25, 'model__module__nhead': 4, 'model__module__num_layers': 3, 'model__module__patch_size': 32, 'model__optimizer__weight_decay': 0.0001}",0.8141982864137087,0.42574257425742573,0.533695652173913,0.6038195855343356,0.7922115664051148,0.6339335329568996,0.14956287979877742,256,0.847769028871391,0.4175824175824176,0.6367596662084455,0.9110586954549578,0.9391454232060238,0.7504630462646472,0.19728072776946584
256,2.9144945621490477,1.9089028727526323,0.028443431854248045,0.0027893214276243196,128,10,0.0002,500,96,384,0.1,4,2,16,0.0001,"{'model__batch_size': 128, 'model__callbacks__early_stopping__patience': 10, 'model__lr': 0.0002, 'model__max_epochs': 500, 'model__module__d_model': 96, 'model__module__dim_feedforward': 384, 'model__module__dropout': 0.1, 'model__module__nhead': 4, 'model__module__num_layers': 2, 'model__module__patch_size': 16, 'model__optimizer__weight_decay': 0.0001}",0.8576014675533135,0.42574257425742573,0.6158730158730159,0.7098214285714286,0.8008578431372549,0.6819792658784877,0.15216947019576246,135,0.8627939832128313,0.41629955947136565,0.678895956383462,0.8070512820512821,0.9760200762152617,0.7482121714668406,0.1915506166308902
257,1.7353745460510255,0.8486081866311336,0.02651505470275879,0.001625814239527853,128,10,0.0002,500,96,384,0.1,4,2,32,0.0001,"{'model__batch_size': 128, 'model__callbacks__early_stopping__patience': 10, 'model__lr': 0.0002, 'model__max_epochs': 500, 'model__module__d_model': 96, 'model__module__dim_feedforward': 384, 'model__module__dropout': 0.1, 'model__module__nhead': 4, 'model__module__num_layers': 2, 'model__module__patch_size': 32, 'model__optimizer__weight_decay': 0.0001}",0.7526881720430108,0.5665934065934066,0.5695652173913044,0.6780952380952381,0.7849624060150375,0.6703808880275994,0.0904417660282727,167,0.8552706552706553,0.5069414627164734,0.6589664517334828,0.9031721919399518,0.8658398012441499,0.7580381125809427,0.15166014241333614
258,3.6021714210510254,1.4114334844746532,0.028781795501708986,0.001482014333872956,128,10,0.0002,500,96,384,0.1,4,3,16,0.0001,"{'model__batch_size': 128, 'model__callbacks__early_stopping__patience': 10, 'model__lr': 0.0002, 'model__max_epochs': 500, 'model__module__d_model': 96, 'model__module__dim_feedforward': 384, 'model__module__dropout': 0.1, 'model__module__nhead': 4, 'model__module__num_layers': 3, 'model__module__patch_size': 16, 'model__optimizer__weight_decay': 0.0001}",0.8745454545454545,0.8705357142857143,0.7565773297270715,0.6634615384615385,0.7849624060150375,0.7900164886069634,0.07847084591144388,4,0.9012906260866007,0.8406325173340881,0.6962827675118177,0.8254273504273504,0.9170496453900709,0.8361365813499855,0.07808452316599518
259,1.740718412399292,0.6525439413104865,0.026802778244018555,0.0016023079852040913,128,10,0.0002,500,96,384,0.1,4,3,32,0.0001,"{'model__batch_size': 128, 'model__callbacks__early_stopping__patience': 10, 'model__lr': 0.0002, 'model__max_epochs': 500, 'model__module__d_model': 96, 'model__module__dim_feedforward': 384, 'model__module__dropout': 0.1, 'model__module__nhead': 4, 'model__module__num_layers': 3, 'model__module__patch_size': 32, 'model__optimizer__weight_decay': 0.0001}",0.7397535831028413,0.7175324675324675,0.7424390243902439,0.7771428571428571,0.8079196217494089,0.7569575107835638,0.0318297991570387,24,0.8036971279373368,0.7557868488101046,0.6870422776777292,0.8905310798387667,0.8639752956240114,0.8002065259775897,0.0735070338503963
260,2.820386505126953,1.5620197410815062,0.028734445571899414,0.0029711271052070367,128,10,0.0002,500,96,384,0.25,4,2,16,0.0001,"{'model__batch_size': 128, 'model__callbacks__early_stopping__patience': 10, 'model__lr': 0.0002, 'model__max_epochs': 500, 'model__module__d_model': 96, 'model__module__dim_feedforward': 384, 'model__module__dropout': 0.25, 'model__module__nhead': 4, 'model__module__num_layers': 2, 'model__module__patch_size': 16, 'model__optimizer__weight_decay': 0.0001}",0.8289384719405004,0.42574257425742573,0.5931385687483248,0.7098214285714286,0.7849624060150375,0.6685206899065435,0.14534233153881845,174,0.9022819770384919,0.4175824175824176,0.6893406593406594,0.8031687454535776,0.9365673758865248,0.7497882350603342,0.18708547899645803
261,1.6576359748840332,0.8272138592130651,0.02645883560180664,0.0015839583482292422,128,10,0.0002,500,96,384,0.25,4,2,32,0.0001,"{'model__batch_size': 128, 'model__callbacks__early_stopping__patience': 10, 'model__lr': 0.0002, 'model__max_epochs': 500, 'model__module__d_model': 96, 'model__module__dim_feedforward': 384, 'model__module__dropout': 0.25, 'model__module__nhead': 4, 'model__module__num_layers': 2, 'model__module__patch_size': 32, 'model__optimizer__weight_decay': 0.0001}",0.7887755102040817,0.5896795672076571,0.5695652173913044,0.6780952380952381,0.8079196217494089,0.6868070309295381,0.09830677779871691,127,0.8205767472783179,0.5527965284474445,0.6164179104477612,0.9031721919399518,0.8896923505902036,0.7565311457407359,0.14455231231051377
262,3.077124834060669,1.9654510652416761,0.028662586212158205,0.0016307741131452297,128,10,0.0002,500,96,384,0.25,4,3,16,0.0001,"{'model__batch_size': 128, 'model__callbacks__early_stopping__patience': 10, 'model__lr': 0.0002, 'model__max_epochs': 500, 'model__module__d_model': 96, 'model__module__dim_feedforward': 384, 'model__module__dropout': 0.25, 'model__module__nhead': 4, 'model__module__num_layers': 3, 'model__module__patch_size': 16, 'model__optimizer__weight_decay': 0.0001}",0.8186379928315413,0.42574257425742573,0.4652777777777778,0.6823069403714566,0.7766323024054982,0.6337195175287398,0.1603787223236615,258,0.8479527496208796,0.4175824175824176,0.6487077576598743,0.825127304958376,0.9708518490622882,0.7420444157767672,0.19207264417392053
263,1.9122514247894287,0.8117016166934748,0.02692580223083496,0.0015095968134010971,128,10,0.0002,500,96,384,0.25,4,3,32,0.0001,"{'model__batch_size': 128, 'model__callbacks__early_stopping__patience': 10, 'model__lr': 0.0002, 'model__max_epochs': 500, 'model__module__d_model': 96, 'model__module__dim_feedforward': 384, 'model__module__dropout': 0.25, 'model__module__nhead': 4, 'model__module__num_layers': 3, 'model__module__patch_size': 32, 'model__optimizer__weight_decay': 0.0001}",0.7604166666666666,0.7931034482758621,0.4930298719772404,0.6494066882416396,0.8079196217494089,0.7007752593821636,0.11777808149514978,96,0.8274016818143209,0.7525938452324332,0.6458817480719794,0.8731741573033708,0.8780141843971632,0.7954131233638535,0.08727669142593054
264,2.4341009140014647,1.1593560939438063,0.027440977096557618,0.001744980302587169,128,10,0.0002,500,128,128,0.1,4,2,16,0.0001,"{'model__batch_size': 128, 'model__callbacks__early_stopping__patience': 10, 'model__lr': 0.0002, 'model__max_epochs': 500, 'model__module__d_model': 128, 'model__module__dim_feedforward': 128, 'model__module__dropout': 0.1, 'model__module__nhead': 4, 'model__module__num_layers': 2, 'model__module__patch_size': 16, 'model__optimizer__weight_decay': 0.0001}",0.8431818181818183,0.42574257425742573,0.4308527626956244,0.7896440129449838,0.7098214285714286,0.6398485193302562,0.177876311162349,247,0.8638069705093834,0.4175824175824176,0.48398079441292013,0.8550561797752809,0.9133064516129032,0.7067465627785812,0.21098397676984498
265,1.5936834812164307,0.7292276671281848,0.02730426788330078,0.0018333605971573542,128,10,0.0002,500,128,128,0.1,4,2,32,0.0001,"{'model__batch_size': 128, 'model__callbacks__early_stopping__patience': 10, 'model__lr': 0.0002, 'model__max_epochs': 500, 'model__module__d_model': 128, 'model__module__dim_feedforward': 128, 'model__module__dropout': 0.1, 'model__module__nhead': 4, 'model__module__num_layers': 2, 'model__module__patch_size': 32, 'model__optimizer__weight_decay': 0.0001}",0.7526881720430108,0.4925,0.4652777777777778,0.6966666666666667,0.8079196217494089,0.6430104476473728,0.13881320222590834,239,0.8537828947368421,0.4745538664904164,0.6118072545473886,0.852991452991453,0.886310223266745,0.735889138406569,0.16366479822053595
266,3.3825947284698485,1.2071786703872964,0.029131317138671876,0.0014926741699861318,128,10,0.0002,500,128,128,0.1,4,3,16,0.0001,"{'model__batch_size': 128, 'model__callbacks__early_stopping__patience': 10, 'model__lr': 0.0002, 'model__max_epochs': 500, 'model__module__d_model': 128, 'model__module__dim_feedforward': 128, 'model__module__dropout': 0.1, 'model__module__nhead': 4, 'model__module__num_layers': 3, 'model__module__patch_size': 16, 'model__optimizer__weight_decay': 0.0001}",0.8722222222222222,0.8517707192405988,0.38317757009345793,0.7276190476190476,0.7695035460992907,0.7208586210549235,0.17691209200506894,63,0.8828671679197995,0.8687561907457195,0.5163490943307457,0.8519050010762719,0.9125555471868645,0.8064866002518801,0.14642726385275523
267,1.7922916889190674,0.5945614726684492,0.027036571502685548,0.0016219926869256278,128,10,0.0002,500,128,128,0.1,4,3,32,0.0001,"{'model__batch_size': 128, 'model__callbacks__early_stopping__patience': 10, 'model__lr': 0.0002, 'model__max_epochs': 500, 'model__module__d_model': 128, 'model__module__dim_feedforward': 128, 'model__module__dropout': 0.1, 'model__module__nhead': 4, 'model__module__num_layers': 3, 'model__module__patch_size': 32, 'model__optimizer__weight_decay': 0.0001}",0.7197132616487456,0.8017094017094017,0.5565509518477043,0.6813725490196079,0.8079196217494089,0.7134531571949737,0.09208662659986525,69,0.8328947368421052,0.7763713080168776,0.6150716473297119,0.8905310798387667,0.8769154437723031,0.7983568431599528,0.09993721679489538
268,2.6383423805236816,0.8535878917999871,0.02824268341064453,0.0013568710016303065,128,10,0.0002,500,128,128,0.25,4,2,16,0.0001,"{'model__batch_size': 128, 'model__callbacks__early_stopping__patience': 10, 'model__lr': 0.0002, 'model__max_epochs': 500, 'model__module__d_model': 128, 'model__module__dim_feedforward': 128, 'model__module__dropout': 0.25, 'model__module__nhead': 4, 'model__module__num_layers': 2, 'model__module__patch_size': 16, 'model__optimizer__weight_decay': 0.0001}",0.7397535831028413,0.9100775193798449,0.5195968645016797,0.7212009803921569,0.7849624060150375,0.735118270678312,0.12630109274602946,41,0.7930861618798956,0.8771047374429224,0.6496571649474048,0.8149243285801767,0.8578877790834312,0.7985320343867661,0.08019833624323872
269,1.5485517501831054,0.7224022933537638,0.03350434303283691,0.014800852224753984,128,10,0.0002,500,128,128,0.25,4,2,32,0.0001,"{'model__batch_size': 128, 'model__callbacks__early_stopping__patience': 10, 'model__lr': 0.0002, 'model__max_epochs': 500, 'model__module__d_model': 128, 'model__module__dim_feedforward': 128, 'model__module__dropout': 0.25, 'model__module__nhead': 4, 'model__module__num_layers': 2, 'model__module__patch_size': 32, 'model__optimizer__weight_decay': 0.0001}",0.8225391629646949,0.4925,0.4751104565537555,0.7115056333219529,0.7610294117647058,0.6525369329210218,0.14229592982746603,220,0.8771760154738879,0.4725539492981353,0.5973120296603625,0.8346153846153846,0.9028394968742939,0.7368993751844128,0.1709533325290368
270,2.983795404434204,1.509670552441282,0.029180908203125,0.002258290504459569,128,10,0.0002,500,128,128,0.25,4,3,16,0.0001,"{'model__batch_size': 128, 'model__callbacks__early_stopping__patience': 10, 'model__lr': 0.0002, 'model__max_epochs': 500, 'model__module__d_model': 128, 'model__module__dim_feedforward': 128, 'model__module__dropout': 0.25, 'model__module__nhead': 4, 'model__module__num_layers': 3, 'model__module__patch_size': 16, 'model__optimizer__weight_decay': 0.0001}",0.8548047696983867,0.4925,0.6378364253984845,0.7896440129449838,0.7544318512060448,0.70584341184958,0.127838354886933,85,0.8597287844388537,0.4980669935912405,0.683386963317091,0.8740322243147102,0.9319876478120057,0.7694405226947802,0.15909856663092406
271,1.7184278964996338,0.7720335516974255,0.026853227615356447,0.0015287788862689234,128,10,0.0002,500,128,128,0.25,4,3,32,0.0001,"{'model__batch_size': 128, 'model__callbacks__early_stopping__patience': 10, 'model__lr': 0.0002, 'model__max_epochs': 500, 'model__module__d_model': 128, 'model__module__dim_feedforward': 128, 'model__module__dropout': 0.25, 'model__module__nhead': 4, 'model__module__num_layers': 3, 'model__module__patch_size': 32, 'model__optimizer__weight_decay': 0.0001}",0.785663082437276,0.42574257425742573,0.5931385687483248,0.7276190476190476,0.7458646616541353,0.6556055869432418,0.13189899482825254,213,0.8687664041994752,0.41629955947136565,0.7028214616096207,0.8855632241009173,0.8348271446862996,0.7416555588135357,0.1748783239688809
272,2.6474839210510255,1.4481976232152665,0.027738571166992188,0.001640972690901026,128,10,0.0002,500,128,256,0.1,4,2,16,0.0001,"{'model__batch_size': 128, 'model__callbacks__early_stopping__patience': 10, 'model__lr': 0.0002, 'model__max_epochs': 500, 'model__module__d_model': 128, 'model__module__dim_feedforward': 256, 'model__module__dropout': 0.1, 'model__module__nhead': 4, 'model__module__num_layers': 2, 'model__module__patch_size': 16, 'model__optimizer__weight_decay': 0.0001}",0.8289384719405004,0.6538252848616386,0.4057623049219688,0.7428982380438691,0.7610294117647058,0.6784907423065365,0.1473666598415584,145,0.9032380952380952,0.45681222594120546,0.5526719143740421,0.9031721919399518,0.9509878419452888,0.7533764538877167,0.20600009167754763
273,1.816485834121704,0.6060286917348074,0.026281118392944336,0.0012556578609307077,128,10,0.0002,500,128,256,0.1,4,2,32,0.0001,"{'model__batch_size': 128, 'model__callbacks__early_stopping__patience': 10, 'model__lr': 0.0002, 'model__max_epochs': 500, 'model__module__d_model': 128, 'model__module__dim_feedforward': 256, 'model__module__dropout': 0.1, 'model__module__nhead': 4, 'model__module__num_layers': 2, 'model__module__patch_size': 32, 'model__optimizer__weight_decay': 0.0001}",0.7664410058027079,0.8517707192405988,0.5450785773366419,0.6966666666666667,0.8079196217494089,0.7335753181592048,0.10721068192406055,42,0.9303564433999216,0.8581977739726028,0.6636464310882916,0.8559930859396101,0.8896923505902036,0.8395772169981258,0.0920002629203373
274,2.986242151260376,1.1670024159049872,0.029925537109375,0.002117204619421593,128,10,0.0002,500,128,256,0.1,4,3,16,0.0001,"{'model__batch_size': 128, 'model__callbacks__early_stopping__patience': 10, 'model__lr': 0.0002, 'model__max_epochs': 500, 'model__module__d_model': 128, 'model__module__dim_feedforward': 256, 'model__module__dropout': 0.1, 'model__module__nhead': 4, 'model__module__num_layers': 3, 'model__module__patch_size': 16, 'model__optimizer__weight_decay': 0.0001}",0.7466340269277846,0.5817836812144213,0.7664307381193125,0.726890756302521,0.7849624060150375,0.7213403217158154,0.07242589318400533,61,0.8522396742292031,0.6311355311355311,0.747643362136685,0.8470391295250053,0.871405567057741,0.7898926528168331,0.09031727665812911
275,1.6413376331329346,0.7863357646488461,0.028485441207885744,0.0031803972470894138,128,10,0.0002,500,128,256,0.1,4,3,32,0.0001,"{'model__batch_size': 128, 'model__callbacks__early_stopping__patience': 10, 'model__lr': 0.0002, 'model__max_epochs': 500, 'model__module__d_model': 128, 'model__module__dim_feedforward': 256, 'model__module__dropout': 0.1, 'model__module__nhead': 4, 'model__module__num_layers': 3, 'model__module__patch_size': 32, 'model__optimizer__weight_decay': 0.0001}",0.7397535831028413,0.42574257425742573,0.6378364253984845,0.6966666666666667,0.7310874704491725,0.6462173439749181,0.11591071083914055,231,0.8036971279373368,0.4175824175824176,0.6799267399267399,0.8510366547108739,0.9125555471868645,0.7329596974688466,0.17520042488018275
276,2.0810780048370363,0.9783454582433373,0.02792973518371582,0.0017197267029927282,128,10,0.0002,500,128,256,0.25,4,2,16,0.0001,"{'model__batch_size': 128, 'model__callbacks__early_stopping__patience': 10, 'model__lr': 0.0002, 'model__max_epochs': 500, 'model__module__d_model': 128, 'model__module__dim_feedforward': 256, 'model__module__dropout': 0.25, 'model__module__nhead': 4, 'model__module__num_layers': 2, 'model__module__patch_size': 16, 'model__optimizer__weight_decay': 0.0001}",0.731934731934732,0.42574257425742573,0.6378364253984845,0.7512755102040816,0.7849624060150375,0.6663503295619522,0.12983648136447,180,0.78008658008658,0.41629955947136565,0.692145342536079,0.8278792134831461,0.8513244725346222,0.7135470336223586,0.15830102623742148
277,1.5142547607421875,0.6650392104888398,0.026268672943115235,0.0017074691958663191,128,10,0.0002,500,128,256,0.25,4,2,32,0.0001,"{'model__batch_size': 128, 'model__callbacks__early_stopping__patience': 10, 'model__lr': 0.0002, 'model__max_epochs': 500, 'model__module__d_model': 128, 'model__module__dim_feedforward': 256, 'model__module__dropout': 0.25, 'model__module__nhead': 4, 'model__module__num_layers': 2, 'model__module__patch_size': 32, 'model__optimizer__weight_decay': 0.0001}",0.790273556231003,0.505764411027569,0.5450785773366419,0.6823069403714566,0.7849624060150375,0.6616771781963416,0.11837726776540045,198,0.8805097052627273,0.43615609902625846,0.6769835035349567,0.8478420159056385,0.8673619271445359,0.7417706501748234,0.16962927644073839
278,3.004783535003662,1.169421297164944,0.029780864715576172,0.0023122437534722367,128,10,0.0002,500,128,256,0.25,4,3,16,0.0001,"{'model__batch_size': 128, 'model__callbacks__early_stopping__patience': 10, 'model__lr': 0.0002, 'model__max_epochs': 500, 'model__module__d_model': 128, 'model__module__dim_feedforward': 256, 'model__module__dropout': 0.25, 'model__module__nhead': 4, 'model__module__num_layers': 3, 'model__module__patch_size': 16, 'model__optimizer__weight_decay': 0.0001}",0.7526881720430108,0.4746376811594203,0.7521902377972465,0.726890756302521,0.7849624060150375,0.6982738506634473,0.11332684095173164,99,0.8537828947368421,0.5777198319571202,0.7410111611811458,0.8500079276993817,0.8445431949988702,0.773413002114672,0.10651882720661515
279,1.7055254936218263,0.8419817047684434,0.027123498916625976,0.00157917220266916,128,10,0.0002,500,128,256,0.25,4,3,32,0.0001,"{'model__batch_size': 128, 'model__callbacks__early_stopping__patience': 10, 'model__lr': 0.0002, 'model__max_epochs': 500, 'model__module__d_model': 128, 'model__module__dim_feedforward': 256, 'model__module__dropout': 0.25, 'model__module__nhead': 4, 'model__module__num_layers': 3, 'model__module__patch_size': 32, 'model__optimizer__weight_decay': 0.0001}",0.7397535831028413,0.42574257425742573,0.6158730158730159,0.7115384615384615,0.8079196217494089,0.6601654513042307,0.1324542614693781,207,0.8120065789473685,0.4175824175824176,0.638626964433416,0.8772792135722214,0.8747759856630823,0.7240542320397012,0.17615524313226136
280,2.6422980308532713,1.4325274617069337,0.028624439239501955,0.0024844838993628273,128,10,0.0002,500,128,384,0.1,4,2,16,0.0001,"{'model__batch_size': 128, 'model__callbacks__early_stopping__patience': 10, 'model__lr': 0.0002, 'model__max_epochs': 500, 'model__module__d_model': 128, 'model__module__dim_feedforward': 384, 'model__module__dropout': 0.1, 'model__module__nhead': 4, 'model__module__num_layers': 2, 'model__module__patch_size': 16, 'model__optimizer__weight_decay': 0.0001}",0.8479804161566707,0.5770833333333333,0.6158730158730159,0.6566436407964242,0.7922115664051148,0.6979583945129118,0.10435129713242437,100,0.8582677165354331,0.5370438719519697,0.6760504201680673,0.9123938879456706,0.9614695340501792,0.7890450861302639,0.15875093460716233
281,1.518574857711792,0.7004381855195179,0.026746177673339845,0.0015090241544888786,128,10,0.0002,500,128,384,0.1,4,2,32,0.0001,"{'model__batch_size': 128, 'model__callbacks__early_stopping__patience': 10, 'model__lr': 0.0002, 'model__max_epochs': 500, 'model__module__d_model': 128, 'model__module__dim_feedforward': 384, 'model__module__dropout': 0.1, 'model__module__nhead': 4, 'model__module__num_layers': 2, 'model__module__patch_size': 32, 'model__optimizer__weight_decay': 0.0001}",0.7466340269277846,0.42574257425742573,0.47619047619047616,0.6634615384615385,0.8079196217494089,0.6239896475173269,0.1493830020435543,268,0.8328947368421052,0.4175824175824176,0.6358889248704663,0.8731741573033708,0.9010812054290316,0.7321242884054783,0.18264392806765975
282,3.0505897045135497,1.5408902933722277,0.029771709442138673,0.002395891154257411,128,10,0.0002,500,128,384,0.1,4,3,16,0.0001,"{'model__batch_size': 128, 'model__callbacks__early_stopping__patience': 10, 'model__lr': 0.0002, 'model__max_epochs': 500, 'model__module__d_model': 128, 'model__module__dim_feedforward': 384, 'model__module__dropout': 0.1, 'model__module__nhead': 4, 'model__module__num_layers': 3, 'model__module__patch_size': 16, 'model__optimizer__weight_decay': 0.0001}",0.8695652173913043,0.42574257425742573,0.396078431372549,0.61,0.7544318512060448,0.6111636148454649,0.1832709077786034,280,0.8771760154738879,0.41501103752759383,0.4614123006833713,0.9081196581196581,0.9406487232574189,0.720473547012386,0.23180332565363732
283,2.023550510406494,0.6291228015498902,0.027573871612548827,0.0016331636568015636,128,10,0.0002,500,128,384,0.1,4,3,32,0.0001,"{'model__batch_size': 128, 'model__callbacks__early_stopping__patience': 10, 'model__lr': 0.0002, 'model__max_epochs': 500, 'model__module__d_model': 128, 'model__module__dim_feedforward': 384, 'model__module__dropout': 0.1, 'model__module__nhead': 4, 'model__module__num_layers': 3, 'model__module__patch_size': 32, 'model__optimizer__weight_decay': 0.0001}",0.7183673469387755,0.8390804597701149,0.7191489361702128,0.6780952380952381,0.8299912816041848,0.7569366525157053,0.06513993455418689,25,0.816614286927716,0.8502251636310598,0.6920552227142485,0.8939504959342328,0.8834073962491527,0.827250513091282,0.07283023225531349
284,2.7586283683776855,1.6235124556030869,0.027975034713745118,0.0016761400435417238,128,10,0.0002,500,128,384,0.25,4,2,16,0.0001,"{'model__batch_size': 128, 'model__callbacks__early_stopping__patience': 10, 'model__lr': 0.0002, 'model__max_epochs': 500, 'model__module__d_model': 128, 'model__module__dim_feedforward': 384, 'model__module__dropout': 0.25, 'model__module__nhead': 4, 'model__module__num_layers': 2, 'model__module__patch_size': 16, 'model__optimizer__weight_decay': 0.0001}",0.7946428571428572,0.5770833333333333,0.6158730158730159,0.7444968553459119,0.7922115664051148,0.7048615256200467,0.09111300430640802,87,0.8224506578947368,0.5370438719519697,0.646700706991359,0.8996534898522028,0.9762181295282341,0.7764133712437006,0.1620818512286819
285,1.4250941276550293,0.6580010675483904,0.026800060272216798,0.0016619076096374235,128,10,0.0002,500,128,384,0.25,4,2,32,0.0001,"{'model__batch_size': 128, 'model__callbacks__early_stopping__patience': 10, 'model__lr': 0.0002, 'model__max_epochs': 500, 'model__module__d_model': 128, 'model__module__dim_feedforward': 384, 'model__module__dropout': 0.25, 'model__module__nhead': 4, 'model__module__num_layers': 2, 'model__module__patch_size': 32, 'model__optimizer__weight_decay': 0.0001}",0.7183673469387755,0.42574257425742573,0.47619047619047616,0.6494066882416396,0.7610294117647058,0.6061472994786046,0.13258040826275183,282,0.7612521039631014,0.4175824175824176,0.6023319167483927,0.8781208993088969,0.8834073962491527,0.7085389467703923,0.17779275873572994
286,3.485260581970215,2.0370812994405965,0.031821680068969724,0.005852246339606672,128,10,0.0002,500,128,384,0.25,4,3,16,0.0001,"{'model__batch_size': 128, 'model__callbacks__early_stopping__patience': 10, 'model__lr': 0.0002, 'model__max_epochs': 500, 'model__module__d_model': 128, 'model__module__dim_feedforward': 384, 'model__module__dropout': 0.25, 'model__module__nhead': 4, 'model__module__num_layers': 3, 'model__module__patch_size': 16, 'model__optimizer__weight_decay': 0.0001}",0.8845878136200717,0.7017297802711547,0.4652777777777778,0.6494066882416396,0.7695035460992907,0.694101121201987,0.13884280099555013,111,0.8673629242819844,0.6324549237170596,0.6471395881006865,0.8931561605358397,0.9571926331508214,0.7994612459572783,0.13368737005684536
287,2.1407572746276857,0.6755850734500833,0.02774968147277832,0.0013068427952640789,128,10,0.0002,500,128,384,0.25,4,3,32,0.0001,"{'model__batch_size': 128, 'model__callbacks__early_stopping__patience': 10, 'model__lr': 0.0002, 'model__max_epochs': 500, 'model__module__d_model': 128, 'model__module__dim_feedforward': 384, 'model__module__dropout': 0.25, 'model__module__nhead': 4, 'model__module__num_layers': 3, 'model__module__patch_size': 32, 'model__optimizer__weight_decay': 0.0001}",0.8288690476190477,0.8459203036053131,0.7191489361702128,0.6634615384615385,0.8079196217494089,0.7730638895211042,0.07008094229579184,12,0.847769028871391,0.870710684664173,0.6789365333521018,0.8855632241009173,0.8949278045168456,0.8355814551010857,0.07992546234483476
