,mean_fit_time,std_fit_time,mean_score_time,std_score_time,param_model__batch_size,param_model__callbacks__early_stopping__patience,param_model__lr,param_model__max_epochs,param_model__module__d_model,param_model__module__dim_feedforward,param_model__module__dropout,param_model__module__nhead,param_model__module__num_layers,param_model__module__patch_size,param_model__optimizer__weight_decay,params,split0_test_score,split1_test_score,split2_test_score,split3_test_score,split4_test_score,mean_test_score,std_test_score,rank_test_score,split0_train_score,split1_train_score,split2_train_score,split3_train_score,split4_train_score,mean_train_score,std_train_score
0,11.198676156997681,4.314208286633129,0.049630355834960935,0.005552645496837549,64,10,3e-05,500,96,128,0.1,4,2,16,0.0001,"{'model__batch_size': 64, 'model__callbacks__early_stopping__patience': 10, 'model__lr': 3e-05, 'model__max_epochs': 500, 'model__module__d_model': 96, 'model__module__dim_feedforward': 128, 'model__module__dropout': 0.1, 'model__module__nhead': 4, 'model__module__num_layers': 2, 'model__module__patch_size': 16, 'model__optimizer__weight_decay': 0.0001}",0.5474027486606103,0.9342571704801805,0.8428754813863928,0.6026831785345717,0.708044099632503,0.7270525357388518,0.14453499164467623,152,0.8105210252973698,0.8449959013339294,0.904954304954305,0.7903250773993808,0.9276156470401075,0.8556823912050184,0.05296686376188702
1,7.599315595626831,3.2481004666341726,0.04772448539733887,0.0059699036073017,64,10,3e-05,500,96,128,0.1,4,2,32,0.0001,"{'model__batch_size': 64, 'model__callbacks__early_stopping__patience': 10, 'model__lr': 3e-05, 'model__max_epochs': 500, 'model__module__d_model': 96, 'model__module__dim_feedforward': 128, 'model__module__dropout': 0.1, 'model__module__nhead': 4, 'model__module__num_layers': 2, 'model__module__patch_size': 32, 'model__optimizer__weight_decay': 0.0001}",0.4576190476190476,0.8716981132075472,0.87005187005187,0.638095238095238,0.7355769230769231,0.7146082384101252,0.1556774360780255,208,0.761353245961597,0.8559397163120568,0.8711314657308828,0.8194609929078014,0.9519704433497538,0.8519711728524184,0.06269169121087809
2,9.467903184890748,4.216502696407303,0.04522237777709961,0.0015780353744693847,64,10,3e-05,500,96,128,0.1,4,3,16,0.0001,"{'model__batch_size': 64, 'model__callbacks__early_stopping__patience': 10, 'model__lr': 3e-05, 'model__max_epochs': 500, 'model__module__d_model': 96, 'model__module__dim_feedforward': 128, 'model__module__dropout': 0.1, 'model__module__nhead': 4, 'model__module__num_layers': 3, 'model__module__patch_size': 16, 'model__optimizer__weight_decay': 0.0001}",0.43433395872420266,0.9306829765545361,0.8428754813863928,0.6260683760683761,0.6791666666666667,0.7026254918800349,0.17324660521781776,244,0.7548056077467842,0.8794309139136726,0.9040236249538575,0.8084707353285926,0.9231527093596059,0.8539767182605026,0.06299782588881919
3,7.841631507873535,2.497644244961051,0.04570813179016113,0.0018702585069325156,64,10,3e-05,500,96,128,0.1,4,3,32,0.0001,"{'model__batch_size': 64, 'model__callbacks__early_stopping__patience': 10, 'model__lr': 3e-05, 'model__max_epochs': 500, 'model__module__d_model': 96, 'model__module__dim_feedforward': 128, 'model__module__dropout': 0.1, 'model__module__nhead': 4, 'model__module__num_layers': 3, 'model__module__patch_size': 32, 'model__optimizer__weight_decay': 0.0001}",0.524822695035461,0.9342571704801805,0.8111111111111111,0.6260683760683761,0.6631278072682727,0.7118774319926802,0.14424234175073156,217,0.7851458885941645,0.8740591698338177,0.8724464765792108,0.8516218081435473,0.9321184995737426,0.8630783685448966,0.0472855228269089
4,9.528847074508667,4.182362253224865,0.04601898193359375,0.0017265909947526703,64,10,3e-05,500,96,128,0.25,4,2,16,0.0001,"{'model__batch_size': 64, 'model__callbacks__early_stopping__patience': 10, 'model__lr': 3e-05, 'model__max_epochs': 500, 'model__module__d_model': 96, 'model__module__dim_feedforward': 128, 'model__module__dropout': 0.25, 'model__module__nhead': 4, 'model__module__num_layers': 2, 'model__module__patch_size': 16, 'model__optimizer__weight_decay': 0.0001}",0.5130813953488372,0.8844716275908937,0.8583333333333334,0.638095238095238,0.708044099632503,0.7204051388001611,0.13845782696065198,177,0.7635869565217391,0.8271276595744681,0.8477038425492034,0.7587542697937141,0.9179643999787885,0.8230274256835827,0.05882682126009846
5,7.522120380401612,2.7669685434385682,0.042428445816040036,0.004008537755727831,64,10,3e-05,500,96,128,0.25,4,2,32,0.0001,"{'model__batch_size': 64, 'model__callbacks__early_stopping__patience': 10, 'model__lr': 3e-05, 'model__max_epochs': 500, 'model__module__d_model': 96, 'model__module__dim_feedforward': 128, 'model__module__dropout': 0.25, 'model__module__nhead': 4, 'model__module__num_layers': 2, 'model__module__patch_size': 32, 'model__optimizer__weight_decay': 0.0001}",0.4576190476190476,0.8904286174669674,0.8229166666666667,0.6142744686434007,0.7355769230769231,0.7041631446946012,0.15404416034707336,239,0.7489998461301739,0.8601398601398602,0.8781630740393627,0.7698027163676018,0.9135467980295566,0.834130458941311,0.06373004748074272
6,10.350726461410522,4.518425997027509,0.049729776382446286,0.005923736100982078,64,10,3e-05,500,96,128,0.25,4,3,16,0.0001,"{'model__batch_size': 64, 'model__callbacks__early_stopping__patience': 10, 'model__lr': 3e-05, 'model__max_epochs': 500, 'model__module__d_model': 96, 'model__module__dim_feedforward': 128, 'model__module__dropout': 0.25, 'model__module__nhead': 4, 'model__module__num_layers': 3, 'model__module__patch_size': 16, 'model__optimizer__weight_decay': 0.0001}",0.44166666666666665,0.9306829765545361,0.8229166666666667,0.6634615384615384,0.6791666666666667,0.7075789030032149,0.1652520147068295,232,0.7661290322580645,0.877263543495912,0.8871794871794871,0.8079880922847928,0.9321184995737426,0.8541357309583997,0.059300727331398614
7,7.809322309494019,3.1255496744322464,0.0448272705078125,0.002384020219775804,64,10,3e-05,500,96,128,0.25,4,3,32,0.0001,"{'model__batch_size': 64, 'model__callbacks__early_stopping__patience': 10, 'model__lr': 3e-05, 'model__max_epochs': 500, 'model__module__d_model': 96, 'model__module__dim_feedforward': 128, 'model__module__dropout': 0.25, 'model__module__nhead': 4, 'model__module__num_layers': 3, 'model__module__patch_size': 32, 'model__optimizer__weight_decay': 0.0001}",0.4481589147286822,0.8716981132075472,0.80795892169448,0.6142744686434007,0.6631278072682727,0.6810436451084765,0.14931243180154272,281,0.6998334390862944,0.905550712002325,0.8666666666666667,0.8260886312424167,0.9276156470401075,0.845151019207562,0.08048855141705707
8,9.152487134933471,3.572242643081817,0.045134115219116214,0.0015989767521427066,64,10,3e-05,500,96,256,0.1,4,2,16,0.0001,"{'model__batch_size': 64, 'model__callbacks__early_stopping__patience': 10, 'model__lr': 3e-05, 'model__max_epochs': 500, 'model__module__d_model': 96, 'model__module__dim_feedforward': 256, 'model__module__dropout': 0.1, 'model__module__nhead': 4, 'model__module__num_layers': 2, 'model__module__patch_size': 16, 'model__optimizer__weight_decay': 0.0001}",0.4911392405063291,0.9342571704801805,0.8229166666666667,0.6026831785345717,0.648786717752235,0.6999565947879965,0.1585566777658759,254,0.8074563218597621,0.857153322100945,0.914959114959115,0.8202786377708979,0.9224211423699915,0.8644537078121424,0.04725347409532064
9,7.59864912033081,3.465487828668563,0.04479923248291016,0.0014811568170756669,64,10,3e-05,500,96,256,0.1,4,2,32,0.0001,"{'model__batch_size': 64, 'model__callbacks__early_stopping__patience': 10, 'model__lr': 3e-05, 'model__max_epochs': 500, 'model__module__d_model': 96, 'model__module__dim_feedforward': 256, 'model__module__dropout': 0.1, 'model__module__nhead': 4, 'model__module__num_layers': 2, 'model__module__patch_size': 32, 'model__optimizer__weight_decay': 0.0001}",0.5455426356589147,0.91005291005291,0.8174006444683136,0.6026831785345717,0.6791666666666667,0.7109692070762754,0.13495568735030536,221,0.7619366728095158,0.8449959013339294,0.8883161512027491,0.80621304624155,0.9714474968623623,0.8545818536900214,0.07184725873643935
10,8.930877208709717,4.013593836953653,0.04847264289855957,0.004562675469760924,64,10,3e-05,500,96,256,0.1,4,3,16,0.0001,"{'model__batch_size': 64, 'model__callbacks__early_stopping__patience': 10, 'model__lr': 3e-05, 'model__max_epochs': 500, 'model__module__d_model': 96, 'model__module__dim_feedforward': 256, 'model__module__dropout': 0.1, 'model__module__nhead': 4, 'model__module__num_layers': 3, 'model__module__patch_size': 16, 'model__optimizer__weight_decay': 0.0001}",0.4481589147286822,0.8955453149001535,0.802273328046524,0.6260683760683761,0.6791666666666667,0.6902425200820804,0.1533268448530453,274,0.7514096312099969,0.8837469260004471,0.8500700222423594,0.8079880922847928,0.9321184995737426,0.8450666342622677,0.06204140328900626
11,9.845494794845582,1.463966133122243,0.04739680290222168,0.004127226577815019,64,10,3e-05,500,96,256,0.1,4,3,32,0.0001,"{'model__batch_size': 64, 'model__callbacks__early_stopping__patience': 10, 'model__lr': 3e-05, 'model__max_epochs': 500, 'model__module__d_model': 96, 'model__module__dim_feedforward': 256, 'model__module__dropout': 0.1, 'model__module__nhead': 4, 'model__module__num_layers': 3, 'model__module__patch_size': 32, 'model__optimizer__weight_decay': 0.0001}",0.715605493133583,0.8823529411764706,0.8428754813863928,0.6634615384615384,0.7445820433436532,0.7697754995003276,0.08110369394884186,51,0.9368403417657899,0.9294487961070208,0.8769230769230769,0.8529635258358663,0.9510401721664276,0.9094431825596363,0.03775883299195037
12,9.905402612686157,4.2174282636873945,0.04590601921081543,0.002884994347871719,64,10,3e-05,500,96,256,0.25,4,2,16,0.0001,"{'model__batch_size': 64, 'model__callbacks__early_stopping__patience': 10, 'model__lr': 3e-05, 'model__max_epochs': 500, 'model__module__d_model': 96, 'model__module__dim_feedforward': 256, 'model__module__dropout': 0.25, 'model__module__nhead': 4, 'model__module__num_layers': 2, 'model__module__patch_size': 16, 'model__optimizer__weight_decay': 0.0001}",0.5347222222222222,0.91005291005291,0.838223632038065,0.6026831785345717,0.6318607764390897,0.7035085438573716,0.1446352027898278,241,0.8113889290359879,0.8353081451673001,0.914959114959115,0.7664618762398167,0.9366623239876501,0.8529560778779739,0.0638304575479348
13,7.881278085708618,2.9684844490562936,0.04377512931823731,0.0031086743694804246,64,10,3e-05,500,96,256,0.25,4,2,32,0.0001,"{'model__batch_size': 64, 'model__callbacks__early_stopping__patience': 10, 'model__lr': 3e-05, 'model__max_epochs': 500, 'model__module__d_model': 96, 'model__module__dim_feedforward': 256, 'model__module__dropout': 0.25, 'model__module__nhead': 4, 'model__module__num_layers': 2, 'model__module__patch_size': 32, 'model__optimizer__weight_decay': 0.0001}",0.5034584980237153,0.91005291005291,0.853920515574651,0.6892341842397336,0.6791666666666667,0.7271665549115354,0.14373735365138085,150,0.7712968607131971,0.8394431033514849,0.892855040326537,0.8516218081435473,0.9612105711849956,0.8632854767439524,0.06265794223434311
14,11.261609983444213,2.3587755875622327,0.05109472274780273,0.0033070478801692205,64,10,3e-05,500,96,256,0.25,4,3,16,0.0001,"{'model__batch_size': 64, 'model__callbacks__early_stopping__patience': 10, 'model__lr': 3e-05, 'model__max_epochs': 500, 'model__module__d_model': 96, 'model__module__dim_feedforward': 256, 'model__module__dropout': 0.25, 'model__module__nhead': 4, 'model__module__num_layers': 3, 'model__module__patch_size': 16, 'model__optimizer__weight_decay': 0.0001}",0.7428728070175439,0.9550264550264551,0.8428754813863928,0.6510102335345054,0.7355769230769231,0.7854723800083641,0.10433412622800999,26,0.9059816096312446,0.8249158249158248,0.9195731188616503,0.8079880922847928,0.9224211423699915,0.8761759576127008,0.049371031571220074
15,7.144727945327759,3.258617435974952,0.04518933296203613,0.0016267934972966328,64,10,3e-05,500,96,256,0.25,4,3,32,0.0001,"{'model__batch_size': 64, 'model__callbacks__early_stopping__patience': 10, 'model__lr': 3e-05, 'model__max_epochs': 500, 'model__module__d_model': 96, 'model__module__dim_feedforward': 256, 'model__module__dropout': 0.25, 'model__module__nhead': 4, 'model__module__num_layers': 3, 'model__module__patch_size': 32, 'model__optimizer__weight_decay': 0.0001}",0.49718574108818014,0.8904286174669674,0.7733333333333333,0.6892341842397336,0.7619047619047619,0.7224173276065953,0.1297766382647287,173,0.7869387755102041,0.847630210241008,0.8729227761485826,0.8125993835764345,0.9709079283887468,0.8581998147729951,0.06354389986234107
16,8.129990005493164,3.3457447893654457,0.04475789070129395,0.0029454589385810087,64,10,3e-05,500,96,384,0.1,4,2,16,0.0001,"{'model__batch_size': 64, 'model__callbacks__early_stopping__patience': 10, 'model__lr': 3e-05, 'model__max_epochs': 500, 'model__module__d_model': 96, 'model__module__dim_feedforward': 384, 'model__module__dropout': 0.1, 'model__module__nhead': 4, 'model__module__num_layers': 2, 'model__module__patch_size': 16, 'model__optimizer__weight_decay': 0.0001}",0.49718574108818014,0.91005291005291,0.8428754813863928,0.6268088347296268,0.6167247386759582,0.6987295411866137,0.1535922506608195,258,0.7301224489795919,0.8323089764018514,0.8593496423634068,0.80621304624155,0.9074295504434886,0.8270847328859776,0.05892523842289534
17,7.486681318283081,2.915387093692882,0.04406991004943848,0.0019581138562874824,64,10,3e-05,500,96,384,0.1,4,2,32,0.0001,"{'model__batch_size': 64, 'model__callbacks__early_stopping__patience': 10, 'model__lr': 3e-05, 'model__max_epochs': 500, 'model__module__d_model': 96, 'model__module__dim_feedforward': 384, 'model__module__dropout': 0.1, 'model__module__nhead': 4, 'model__module__num_layers': 2, 'model__module__patch_size': 32, 'model__optimizer__weight_decay': 0.0001}",0.4895238095238095,0.8999705795822301,0.7586677586677587,0.638095238095238,0.6318607764390897,0.6836236324616252,0.13774221693303063,280,0.7773248649161058,0.9673360972020316,0.8756377551020409,0.8276816212812244,0.9856579984239559,0.8867276673850718,0.07982897251001735
18,10.39209051132202,1.324888720993052,0.04629602432250977,0.005889054325455278,64,10,3e-05,500,96,384,0.1,4,3,16,0.0001,"{'model__batch_size': 64, 'model__callbacks__early_stopping__patience': 10, 'model__lr': 3e-05, 'model__max_epochs': 500, 'model__module__d_model': 96, 'model__module__dim_feedforward': 384, 'model__module__dropout': 0.1, 'model__module__nhead': 4, 'model__module__num_layers': 3, 'model__module__patch_size': 16, 'model__optimizer__weight_decay': 0.0001}",0.7012850773669027,0.9550264550264551,0.8428754813863928,0.6142744686434007,0.6318607764390897,0.7490644517724482,0.1306971811048681,82,0.9219147344801795,0.8631578947368421,0.9086223055295221,0.825111094373729,0.9261962692619627,0.889000459676447,0.03899123935629963
19,5.875598764419555,2.4170776097482545,0.04718780517578125,0.0049849119720539615,64,10,3e-05,500,96,384,0.1,4,3,32,0.0001,"{'model__batch_size': 64, 'model__callbacks__early_stopping__patience': 10, 'model__lr': 3e-05, 'model__max_epochs': 500, 'model__module__d_model': 96, 'model__module__dim_feedforward': 384, 'model__module__dropout': 0.1, 'model__module__nhead': 4, 'model__module__num_layers': 3, 'model__module__patch_size': 32, 'model__optimizer__weight_decay': 0.0001}",0.41064814814814815,0.9182692307692308,0.8777920410783056,0.6761904761904762,0.7355769230769231,0.7236953638526169,0.18000067815460905,167,0.7152454780361757,0.90476888140063,0.886001275510204,0.8375283857794401,0.9478908188585609,0.8582869679170022,0.0798113873951777
20,9.844658470153808,2.1170545716819635,0.045937967300415036,0.0036602641507144902,64,10,3e-05,500,96,384,0.25,4,2,16,0.0001,"{'model__batch_size': 64, 'model__callbacks__early_stopping__patience': 10, 'model__lr': 3e-05, 'model__max_epochs': 500, 'model__module__d_model': 96, 'model__module__dim_feedforward': 384, 'model__module__dropout': 0.25, 'model__module__nhead': 4, 'model__module__num_layers': 2, 'model__module__patch_size': 16, 'model__optimizer__weight_decay': 0.0001}",0.7572463768115942,0.9550264550264551,0.8428754813863928,0.6268088347296268,0.648786717752235,0.7661487731412607,0.12233600419709928,57,0.8480192347427542,0.8729323308270677,0.8793596782924755,0.8120542903151599,0.9039408866995073,0.8632612841753928,0.0311833089620607
21,7.872180986404419,3.227470148080706,0.04603376388549805,0.003749877301021335,64,10,3e-05,500,96,384,0.25,4,2,32,0.0001,"{'model__batch_size': 64, 'model__callbacks__early_stopping__patience': 10, 'model__lr': 3e-05, 'model__max_epochs': 500, 'model__module__d_model': 96, 'model__module__dim_feedforward': 384, 'model__module__dropout': 0.25, 'model__module__nhead': 4, 'model__module__num_layers': 2, 'model__module__patch_size': 32, 'model__optimizer__weight_decay': 0.0001}",0.45928099779897286,0.9182692307692308,0.7586677586677587,0.6142744686434007,0.7445820433436532,0.6990148998446033,0.15385744975907673,256,0.729934987602741,0.9482624504784819,0.8608219829893535,0.8202786377708979,0.9561508396837577,0.8630897797050464,0.08424117777725929
22,12.709996128082276,6.458757419933341,0.08602981567382813,0.07507382095612218,64,10,3e-05,500,96,384,0.25,4,3,16,0.0001,"{'model__batch_size': 64, 'model__callbacks__early_stopping__patience': 10, 'model__lr': 3e-05, 'model__max_epochs': 500, 'model__module__d_model': 96, 'model__module__dim_feedforward': 384, 'model__module__dropout': 0.25, 'model__module__nhead': 4, 'model__module__num_layers': 3, 'model__module__patch_size': 16, 'model__optimizer__weight_decay': 0.0001}",0.4537619380386676,0.9182692307692308,0.8622087132725431,0.6634615384615384,0.6646341463414633,0.7124671133766887,0.16516353418200852,214,0.7337510929758089,0.9004212945231711,0.892855040326537,0.7822100944266672,0.9366623239876501,0.8491799692479669,0.07745338888842879
23,6.572237157821656,2.649920395011083,0.04464235305786133,0.0019586388167122768,64,10,3e-05,500,96,384,0.25,4,3,32,0.0001,"{'model__batch_size': 64, 'model__callbacks__early_stopping__patience': 10, 'model__lr': 3e-05, 'model__max_epochs': 500, 'model__module__d_model': 96, 'model__module__dim_feedforward': 384, 'model__module__dropout': 0.25, 'model__module__nhead': 4, 'model__module__num_layers': 3, 'model__module__patch_size': 32, 'model__optimizer__weight_decay': 0.0001}",0.37104743083003955,0.9182692307692308,0.8622087132725431,0.6634615384615384,0.8114285714285714,0.7252830969523847,0.19632530518011934,161,0.6894828680203046,0.885722657680756,0.8801867323836429,0.8120542903151599,0.9372668941014265,0.840942688500258,0.08555502320067954
24,9.457195806503297,3.4073064432476974,0.045586252212524415,0.005005079076025498,64,10,3e-05,500,128,128,0.1,4,2,16,0.0001,"{'model__batch_size': 64, 'model__callbacks__early_stopping__patience': 10, 'model__lr': 3e-05, 'model__max_epochs': 500, 'model__module__d_model': 128, 'model__module__dim_feedforward': 128, 'model__module__dropout': 0.1, 'model__module__nhead': 4, 'model__module__num_layers': 2, 'model__module__patch_size': 16, 'model__optimizer__weight_decay': 0.0001}",0.4257142857142857,0.8904286174669674,0.802273328046524,0.6026831785345717,0.7619047619047619,0.6966008343334222,0.1644387647069827,263,0.7543959997785855,0.866676433960882,0.8411534701857282,0.8321405335068315,0.9384164222873901,0.8465565719438836,0.05928512070895551
25,5.82299427986145,1.6559381196121117,0.0441622257232666,0.0027217585736655273,64,10,3e-05,500,128,128,0.1,4,2,32,0.0001,"{'model__batch_size': 64, 'model__callbacks__early_stopping__patience': 10, 'model__lr': 3e-05, 'model__max_epochs': 500, 'model__module__d_model': 128, 'model__module__dim_feedforward': 128, 'model__module__dropout': 0.1, 'model__module__nhead': 4, 'model__module__num_layers': 2, 'model__module__patch_size': 32, 'model__optimizer__weight_decay': 0.0001}",0.5286116322701688,0.9373271889400921,0.8174006444683136,0.5912668189895913,0.708044099632503,0.7165300768601337,0.1483256373735894,197,0.7717866511221219,0.8655437352245863,0.8743050519700266,0.8260886312424167,0.9276156470401075,0.8530679433198518,0.05195873754997705
26,7.018150901794433,4.098331212196592,0.04630026817321777,0.0031733786605411037,64,10,3e-05,500,128,128,0.1,4,3,16,0.0001,"{'model__batch_size': 64, 'model__callbacks__early_stopping__patience': 10, 'model__lr': 3e-05, 'model__max_epochs': 500, 'model__module__d_model': 128, 'model__module__dim_feedforward': 128, 'model__module__dropout': 0.1, 'model__module__nhead': 4, 'model__module__num_layers': 3, 'model__module__patch_size': 16, 'model__optimizer__weight_decay': 0.0001}",0.5332961827807189,0.8904286174669674,0.8229166666666667,0.5748987854251012,0.7619047619047619,0.7166890028488432,0.1394644236531032,195,0.7325819672131147,0.8655437352245863,0.8562388646556491,0.6542937069512682,0.9423645320197045,0.8102045612128645,0.10293813747417184
27,6.4345728874206545,2.189227668566866,0.04162373542785645,0.005121191632440336,64,10,3e-05,500,128,128,0.1,4,3,32,0.0001,"{'model__batch_size': 64, 'model__callbacks__early_stopping__patience': 10, 'model__lr': 3e-05, 'model__max_epochs': 500, 'model__module__d_model': 128, 'model__module__dim_feedforward': 128, 'model__module__dropout': 0.1, 'model__module__nhead': 4, 'model__module__num_layers': 3, 'model__module__patch_size': 32, 'model__optimizer__weight_decay': 0.0001}",0.43433395872420266,0.9144654088050315,0.853920515574651,0.7306895531222255,0.708044099632503,0.7282907071717227,0.16569255736102814,147,0.7425029318143743,0.8601398601398602,0.8835125448028673,0.8984232925251692,0.9384164222873901,0.8645990103139323,0.06614854581874627
28,9.504297637939453,3.618057968882933,0.04582662582397461,0.0026622387247777204,64,10,3e-05,500,128,128,0.25,4,2,16,0.0001,"{'model__batch_size': 64, 'model__callbacks__early_stopping__patience': 10, 'model__lr': 3e-05, 'model__max_epochs': 500, 'model__module__d_model': 128, 'model__module__dim_feedforward': 128, 'model__module__dropout': 0.25, 'model__module__nhead': 4, 'model__module__num_layers': 2, 'model__module__patch_size': 16, 'model__optimizer__weight_decay': 0.0001}",0.5093314434207418,0.8904286174669674,0.8229166666666667,0.6026831785345717,0.6791666666666667,0.7009053145511228,0.13973300061801602,250,0.7215787869551966,0.8655437352245863,0.8849446849446849,0.8307054875419486,0.9384164222873901,0.8482378233907614,0.07228964279839728
29,6.023274040222168,1.9459031568173852,0.04206728935241699,0.0022991787801722777,64,10,3e-05,500,128,128,0.25,4,2,32,0.0001,"{'model__batch_size': 64, 'model__callbacks__early_stopping__patience': 10, 'model__lr': 3e-05, 'model__max_epochs': 500, 'model__module__d_model': 128, 'model__module__dim_feedforward': 128, 'model__module__dropout': 0.25, 'model__module__nhead': 4, 'model__module__num_layers': 2, 'model__module__patch_size': 32, 'model__optimizer__weight_decay': 0.0001}",0.44166666666666665,0.8955453149001535,0.7586677586677587,0.6026831785345717,0.648786717752235,0.669469927304277,0.1522162438915784,285,0.7734375,0.847630210241008,0.886001275510204,0.8597274039633289,0.9107919855533579,0.8555176750535798,0.04647921762145835
30,11.118572854995728,4.683007510060562,0.04833173751831055,0.0022195773302079555,64,10,3e-05,500,128,128,0.25,4,3,16,0.0001,"{'model__batch_size': 64, 'model__callbacks__early_stopping__patience': 10, 'model__lr': 3e-05, 'model__max_epochs': 500, 'model__module__d_model': 128, 'model__module__dim_feedforward': 128, 'model__module__dropout': 0.25, 'model__module__nhead': 4, 'model__module__num_layers': 3, 'model__module__patch_size': 16, 'model__optimizer__weight_decay': 0.0001}",0.7573140150459738,0.8904286174669674,0.8583333333333334,0.655850540806293,0.708044099632503,0.7739941212570141,0.08860658158231935,49,0.9310461956521738,0.8478067939349307,0.9086223055295221,0.6860789693427174,0.9372668941014265,0.8621642317121541,0.09354746722413325
31,6.147050189971924,2.122025734422851,0.0442807674407959,0.001406412206147452,64,10,3e-05,500,128,128,0.25,4,3,32,0.0001,"{'model__batch_size': 64, 'model__callbacks__early_stopping__patience': 10, 'model__lr': 3e-05, 'model__max_epochs': 500, 'model__module__d_model': 128, 'model__module__dim_feedforward': 128, 'model__module__dropout': 0.25, 'model__module__nhead': 4, 'model__module__num_layers': 3, 'model__module__patch_size': 32, 'model__optimizer__weight_decay': 0.0001}",0.45928099779897286,0.9342571704801805,0.838223632038065,0.6634615384615384,0.6791666666666667,0.7148780010890847,0.1628435720335158,206,0.7652024117140397,0.8491995978655943,0.8666666666666667,0.8487375886524823,0.9127237851662404,0.8485060100130047,0.047736267717647524
32,11.37341022491455,7.177511665912212,0.06688485145568848,0.04013679166450374,64,10,3e-05,500,128,256,0.1,4,2,16,0.0001,"{'model__batch_size': 64, 'model__callbacks__early_stopping__patience': 10, 'model__lr': 3e-05, 'model__max_epochs': 500, 'model__module__d_model': 128, 'model__module__dim_feedforward': 256, 'model__module__dropout': 0.1, 'model__module__nhead': 4, 'model__module__num_layers': 2, 'model__module__patch_size': 16, 'model__optimizer__weight_decay': 0.0001}",0.5161891451199627,0.9306829765545361,0.8174006444683136,0.638095238095238,0.6915064102564102,0.7187748828988921,0.1434753197168407,187,0.7986111111111112,0.8408488063660478,0.8652742346938775,0.8911893259719346,0.9469181411627455,0.8685683238611434,0.04964602279548068
33,9.88144564628601,5.099306480566479,0.04469013214111328,0.003914761638454335,64,10,3e-05,500,128,256,0.1,4,2,32,0.0001,"{'model__batch_size': 64, 'model__callbacks__early_stopping__patience': 10, 'model__lr': 3e-05, 'model__max_epochs': 500, 'model__module__d_model': 128, 'model__module__dim_feedforward': 256, 'model__module__dropout': 0.1, 'model__module__nhead': 4, 'model__module__num_layers': 2, 'model__module__patch_size': 32, 'model__optimizer__weight_decay': 0.0001}",0.4895238095238095,0.9144654088050315,0.838223632038065,0.7026338147833475,0.708044099632503,0.7305781529565513,0.14477426436567561,140,0.7374400852121428,0.8719702358155058,0.8826507584528739,0.8921732522796353,0.9372668941014265,0.8643002451723168,0.06721622818991857
34,10.760029697418213,1.6357088414686258,0.05095539093017578,0.0036154342385321296,64,10,3e-05,500,128,256,0.1,4,3,16,0.0001,"{'model__batch_size': 64, 'model__callbacks__early_stopping__patience': 10, 'model__lr': 3e-05, 'model__max_epochs': 500, 'model__module__d_model': 128, 'model__module__dim_feedforward': 256, 'model__module__dropout': 0.1, 'model__module__nhead': 4, 'model__module__num_layers': 3, 'model__module__patch_size': 16, 'model__optimizer__weight_decay': 0.0001}",0.7573140150459738,0.91005291005291,0.8428754813863928,0.6634615384615384,0.7020123839009288,0.7751432657695487,0.09047329045831885,47,0.927123471268219,0.8708965517241379,0.8917504312139416,0.8318380492293536,0.9474126608878382,0.8938042328646979,0.04087254108491499
35,7.9552782535552975,3.9015297220431164,0.046501970291137694,0.00336790410449019,64,10,3e-05,500,128,256,0.1,4,3,32,0.0001,"{'model__batch_size': 64, 'model__callbacks__early_stopping__patience': 10, 'model__lr': 3e-05, 'model__max_epochs': 500, 'model__module__d_model': 128, 'model__module__dim_feedforward': 256, 'model__module__dropout': 0.1, 'model__module__nhead': 4, 'model__module__num_layers': 3, 'model__module__patch_size': 32, 'model__optimizer__weight_decay': 0.0001}",0.5609039548022599,0.8653465346534654,0.8622087132725431,0.6761904761904762,0.7355769230769231,0.7400453203991336,0.1155969942718294,102,0.7734736170891121,0.9433304272013949,0.9141264012745041,0.8801003810763082,0.9515132139812447,0.8925088081245127,0.06458331514616626
36,12.348934412002563,3.2139591842252804,0.046243143081665036,0.0014373692990102644,64,10,3e-05,500,128,256,0.25,4,2,16,0.0001,"{'model__batch_size': 64, 'model__callbacks__early_stopping__patience': 10, 'model__lr': 3e-05, 'model__max_epochs': 500, 'model__module__d_model': 128, 'model__module__dim_feedforward': 256, 'model__module__dropout': 0.25, 'model__module__nhead': 4, 'model__module__num_layers': 2, 'model__module__patch_size': 16, 'model__optimizer__weight_decay': 0.0001}",0.728744939271255,0.8904286174669674,0.8583333333333334,0.6268088347296268,0.7871517027863777,0.7782934855175121,0.09429930108789678,43,0.9059816096312446,0.8601398601398602,0.886001275510204,0.825111094373729,0.9321184995737426,0.8818704678457561,0.03692457504400539
37,7.089671564102173,3.719416842365461,0.04539608955383301,0.0025177263760650446,64,10,3e-05,500,128,256,0.25,4,2,32,0.0001,"{'model__batch_size': 64, 'model__callbacks__early_stopping__patience': 10, 'model__lr': 3e-05, 'model__max_epochs': 500, 'model__module__d_model': 128, 'model__module__dim_feedforward': 256, 'model__module__dropout': 0.25, 'model__module__nhead': 4, 'model__module__num_layers': 2, 'model__module__patch_size': 32, 'model__optimizer__weight_decay': 0.0001}",0.5607133490689746,0.9144654088050315,0.802273328046524,0.6388028895768834,0.6791666666666667,0.719084328432816,0.12507123768034076,186,0.748917748917749,0.8613333333333333,0.8826507584528739,0.8513244725346222,0.9135467980295566,0.8515546222536269,0.0555697822047099
38,12.977510833740235,2.796578144188843,0.04868860244750976,0.0020950270812562137,64,10,3e-05,500,128,256,0.25,4,3,16,0.0001,"{'model__batch_size': 64, 'model__callbacks__early_stopping__patience': 10, 'model__lr': 3e-05, 'model__max_epochs': 500, 'model__module__d_model': 128, 'model__module__dim_feedforward': 256, 'model__module__dropout': 0.25, 'model__module__nhead': 4, 'model__module__num_layers': 3, 'model__module__patch_size': 16, 'model__optimizer__weight_decay': 0.0001}",0.728744939271255,0.91005291005291,0.8583333333333334,0.6388028895768834,0.7529603919967334,0.777778892846223,0.09624972683858804,44,0.9373950587670904,0.8559397163120568,0.8638304729675288,0.8120542903151599,0.9464065818357039,0.8831252240395079,0.05120969063696619
39,7.3023004055023195,2.9795884969881192,0.04748992919921875,0.004531182813349432,64,10,3e-05,500,128,256,0.25,4,3,32,0.0001,"{'model__batch_size': 64, 'model__callbacks__early_stopping__patience': 10, 'model__lr': 3e-05, 'model__max_epochs': 500, 'model__module__d_model': 128, 'model__module__dim_feedforward': 256, 'model__module__dropout': 0.25, 'model__module__nhead': 4, 'model__module__num_layers': 3, 'model__module__patch_size': 32, 'model__optimizer__weight_decay': 0.0001}",0.42657657657657655,0.9550264550264551,0.8469617404351087,0.6892341842397336,0.708044099632503,0.7251686111820754,0.1779943424805242,163,0.769727555053642,0.8708965517241379,0.920343137254902,0.8705084115624129,0.9378513265038088,0.8738653964197807,0.058513507897601465
40,9.819719314575195,2.210540655373736,0.04718031883239746,0.002037101741110459,64,10,3e-05,500,128,384,0.1,4,2,16,0.0001,"{'model__batch_size': 64, 'model__callbacks__early_stopping__patience': 10, 'model__lr': 3e-05, 'model__max_epochs': 500, 'model__module__d_model': 128, 'model__module__dim_feedforward': 384, 'model__module__dropout': 0.1, 'model__module__nhead': 4, 'model__module__num_layers': 2, 'model__module__patch_size': 16, 'model__optimizer__weight_decay': 0.0001}",0.728744939271255,0.9342571704801805,0.838223632038065,0.6892341842397336,0.7529603919967334,0.7886840636051936,0.08764115030128772,21,0.8663949189496635,0.8449959013339294,0.8697681873735249,0.8747759856630823,0.9519704433497538,0.8815810873339908,0.03663225627612209
41,9.448454093933105,2.8257736584733517,0.05745964050292969,0.026768326760092234,64,10,3e-05,500,128,384,0.1,4,2,32,0.0001,"{'model__batch_size': 64, 'model__callbacks__early_stopping__patience': 10, 'model__lr': 3e-05, 'model__max_epochs': 500, 'model__module__d_model': 128, 'model__module__dim_feedforward': 384, 'model__module__dropout': 0.1, 'model__module__nhead': 4, 'model__module__num_layers': 2, 'model__module__patch_size': 32, 'model__optimizer__weight_decay': 0.0001}",0.728744939271255,0.9399823477493381,0.8329238329238329,0.6268088347296268,0.648786717752235,0.7554493344852575,0.11721190008023066,71,0.9408967391304348,0.8900229885057471,0.9040236249538575,0.8715778994524639,0.9282899921197794,0.9069622488324566,0.025115925215985237
42,10.181516313552857,3.4218153080867206,0.04762077331542969,0.0026825226791083925,64,10,3e-05,500,128,384,0.1,4,3,16,0.0001,"{'model__batch_size': 64, 'model__callbacks__early_stopping__patience': 10, 'model__lr': 3e-05, 'model__max_epochs': 500, 'model__module__d_model': 128, 'model__module__dim_feedforward': 384, 'model__module__dropout': 0.1, 'model__module__nhead': 4, 'model__module__num_layers': 3, 'model__module__patch_size': 16, 'model__optimizer__weight_decay': 0.0001}",0.5334933973589435,0.91005291005291,0.8229166666666667,0.7026338147833475,0.6956151553852703,0.7329423888494275,0.12771479132526575,131,0.7851458885941645,0.8613333333333333,0.8697681873735249,0.8896923505902036,0.941248206599713,0.8694375932981879,0.05047355580822598
43,7.484096431732178,4.309918329673987,0.0432159423828125,0.0026343429398749643,64,10,3e-05,500,128,384,0.1,4,3,32,0.0001,"{'model__batch_size': 64, 'model__callbacks__early_stopping__patience': 10, 'model__lr': 3e-05, 'model__max_epochs': 500, 'model__module__d_model': 128, 'model__module__dim_feedforward': 384, 'model__module__dropout': 0.1, 'model__module__nhead': 4, 'model__module__num_layers': 3, 'model__module__patch_size': 32, 'model__optimizer__weight_decay': 0.0001}",0.4528130671506352,0.9342571704801805,0.8277608915906788,0.7142857142857142,0.7186147186147187,0.7295463124243854,0.16030365785300293,144,0.7897225725094578,0.8708965517241379,0.9195731188616503,0.8609164420485176,0.9557177615571777,0.8793652893401884,0.0563813191269387
44,8.341747093200684,2.8688392698500578,0.044848155975341794,0.0009503417725517232,64,10,3e-05,500,128,384,0.25,4,2,16,0.0001,"{'model__batch_size': 64, 'model__callbacks__early_stopping__patience': 10, 'model__lr': 3e-05, 'model__max_epochs': 500, 'model__module__d_model': 128, 'model__module__dim_feedforward': 384, 'model__module__dropout': 0.25, 'model__module__nhead': 4, 'model__module__num_layers': 2, 'model__module__patch_size': 16, 'model__optimizer__weight_decay': 0.0001}",0.5696640316205533,0.9306829765545361,0.838223632038065,0.6388028895768834,0.708044099632503,0.7370835258845082,0.1313329563987387,109,0.7465034965034965,0.8422068965517242,0.8939208486332109,0.8417325030207268,0.9231527093596059,0.8495032908137528,0.06019922995336979
45,7.806643295288086,4.782317970059908,0.043328046798706055,0.001909395937072464,64,10,3e-05,500,128,384,0.25,4,2,32,0.0001,"{'model__batch_size': 64, 'model__callbacks__early_stopping__patience': 10, 'model__lr': 3e-05, 'model__max_epochs': 500, 'model__module__d_model': 128, 'model__module__dim_feedforward': 384, 'model__module__dropout': 0.25, 'model__module__nhead': 4, 'model__module__num_layers': 2, 'model__module__patch_size': 32, 'model__optimizer__weight_decay': 0.0001}",0.4911392405063291,0.9144654088050315,0.802273328046524,0.6761904761904762,0.6167247386759582,0.7001586384448638,0.14668305887302527,253,0.8153469387755102,0.8909376082872827,0.9086223055295221,0.8597274039633289,0.9282899921197794,0.8805848497350846,0.039648649958101294
46,12.585567808151245,1.8643708813347932,0.04751300811767578,0.0042070749133380604,64,10,3e-05,500,128,384,0.25,4,3,16,0.0001,"{'model__batch_size': 64, 'model__callbacks__early_stopping__patience': 10, 'model__lr': 3e-05, 'model__max_epochs': 500, 'model__module__d_model': 128, 'model__module__dim_feedforward': 384, 'model__module__dropout': 0.25, 'model__module__nhead': 4, 'model__module__num_layers': 3, 'model__module__patch_size': 16, 'model__optimizer__weight_decay': 0.0001}",0.7428728070175439,0.9342571704801805,0.8583333333333334,0.6892341842397336,0.7796474358974359,0.8008689861936455,0.08645322307784639,6,0.9373950587670904,0.8708965517241379,0.8917504312139416,0.9088762896179943,0.9619299958164831,0.9141696654279293,0.03232235237234648
47,7.884684658050537,1.1917977125853023,0.056132936477661134,0.015774619502268425,64,10,3e-05,500,128,384,0.25,4,3,32,0.0001,"{'model__batch_size': 64, 'model__callbacks__early_stopping__patience': 10, 'model__lr': 3e-05, 'model__max_epochs': 500, 'model__module__d_model': 128, 'model__module__dim_feedforward': 384, 'model__module__dropout': 0.25, 'model__module__nhead': 4, 'model__module__num_layers': 3, 'model__module__patch_size': 32, 'model__optimizer__weight_decay': 0.0001}",0.6616161616161615,0.9550264550264551,0.8583333333333334,0.6761904761904762,0.6333333333333333,0.756899951899952,0.12681054490402455,68,0.888255989277936,0.8323089764018514,0.9242291775951507,0.8417299286864504,0.9366623239876501,0.8846372791898076,0.042110594315788105
48,3.94576153755188,1.0188642714518168,0.04372496604919433,0.0008049471867971399,64,10,0.0001,500,96,128,0.1,4,2,16,0.0001,"{'model__batch_size': 64, 'model__callbacks__early_stopping__patience': 10, 'model__lr': 0.0001, 'model__max_epochs': 500, 'model__module__d_model': 96, 'model__module__dim_feedforward': 128, 'model__module__dropout': 0.1, 'model__module__nhead': 4, 'model__module__num_layers': 2, 'model__module__patch_size': 16, 'model__optimizer__weight_decay': 0.0001}",0.48497554157931516,0.9342571704801805,0.7933130699088147,0.6761904761904762,0.708044099632503,0.719356071558258,0.1473618553686051,183,0.7602513227513228,0.8655437352245863,0.8814409484724122,0.8801003810763082,0.8933290707587382,0.8561330916566735,0.04874491411598358
49,2.987993049621582,0.9644549567227058,0.044405221939086914,0.003334138808780817,64,10,0.0001,500,96,128,0.1,4,2,32,0.0001,"{'model__batch_size': 64, 'model__callbacks__early_stopping__patience': 10, 'model__lr': 0.0001, 'model__max_epochs': 500, 'model__module__d_model': 96, 'model__module__dim_feedforward': 128, 'model__module__dropout': 0.1, 'model__module__nhead': 4, 'model__module__num_layers': 2, 'model__module__patch_size': 32, 'model__optimizer__weight_decay': 0.0001}",0.48062015503875966,0.91005291005291,0.838223632038065,0.6260683760683761,0.708044099632503,0.7126018345661228,0.15237590047944802,212,0.7499671281251761,0.8449959013339294,0.853355893965031,0.8235562310030395,0.9711822660098522,0.8486114840874057,0.07129888234066338
50,5.423846578598022,0.6412639676300161,0.04639377593994141,0.004006043672992826,64,10,0.0001,500,96,128,0.1,4,3,16,0.0001,"{'model__batch_size': 64, 'model__callbacks__early_stopping__patience': 10, 'model__lr': 0.0001, 'model__max_epochs': 500, 'model__module__d_model': 96, 'model__module__dim_feedforward': 128, 'model__module__dropout': 0.1, 'model__module__nhead': 4, 'model__module__num_layers': 3, 'model__module__patch_size': 16, 'model__optimizer__weight_decay': 0.0001}",0.728744939271255,0.9342571704801805,0.7984189723320159,0.7819314641744548,0.708044099632503,0.7902793291780819,0.07926496520711267,18,0.9545972901405184,0.8624865495796173,0.8984692283661355,0.900116144018583,0.9428949937247246,0.9117128411659159,0.03330017132121954
51,3.4363962173461915,1.2631391560614444,0.044770240783691406,0.0038976836005830493,64,10,0.0001,500,96,128,0.1,4,3,32,0.0001,"{'model__batch_size': 64, 'model__callbacks__early_stopping__patience': 10, 'model__lr': 0.0001, 'model__max_epochs': 500, 'model__module__d_model': 96, 'model__module__dim_feedforward': 128, 'model__module__dropout': 0.1, 'model__module__nhead': 4, 'model__module__num_layers': 3, 'model__module__patch_size': 32, 'model__optimizer__weight_decay': 0.0001}",0.3864468864468864,0.9182692307692308,0.8277608915906788,0.6510102335345054,0.6791666666666667,0.6925307818015936,0.18156813400656688,271,0.7384723565087457,0.9070366132723112,0.9010238224038789,0.8079880922847928,0.9807881773399014,0.867061812361926,0.08451040348428923
52,4.056180238723755,1.2995303370912619,0.0447577953338623,0.0016893852594529121,64,10,0.0001,500,96,128,0.25,4,2,16,0.0001,"{'model__batch_size': 64, 'model__callbacks__early_stopping__patience': 10, 'model__lr': 0.0001, 'model__max_epochs': 500, 'model__module__d_model': 96, 'model__module__dim_feedforward': 128, 'model__module__dropout': 0.25, 'model__module__nhead': 4, 'model__module__num_layers': 2, 'model__module__patch_size': 16, 'model__optimizer__weight_decay': 0.0001}",0.48139825218476906,0.9306829765545361,0.8229166666666667,0.7164351851851851,0.708044099632503,0.731895436044732,0.1492367886366696,134,0.7652024117140397,0.8353081451673001,0.8949494949494949,0.9191416403959958,0.8986619058561505,0.8626527196165963,0.05616943941944959
53,3.202671432495117,0.9794607504562909,0.045476341247558595,0.006909973265331042,64,10,0.0001,500,96,128,0.25,4,2,32,0.0001,"{'model__batch_size': 64, 'model__callbacks__early_stopping__patience': 10, 'model__lr': 0.0001, 'model__max_epochs': 500, 'model__module__d_model': 96, 'model__module__dim_feedforward': 128, 'model__module__dropout': 0.25, 'model__module__nhead': 4, 'model__module__num_layers': 2, 'model__module__patch_size': 32, 'model__optimizer__weight_decay': 0.0001}",0.40480192076830734,0.9342571704801805,0.802273328046524,0.6388028895768834,0.6915064102564102,0.6943283438256611,0.17671137513201857,267,0.7004918032786885,0.8408488063660478,0.8711314657308828,0.8403794596824088,0.9378513265038088,0.8381405723123674,0.0774469680682339
54,5.100460815429687,2.0401863023467794,0.04425177574157715,0.0027464238492132076,64,10,0.0001,500,96,128,0.25,4,3,16,0.0001,"{'model__batch_size': 64, 'model__callbacks__early_stopping__patience': 10, 'model__lr': 0.0001, 'model__max_epochs': 500, 'model__module__d_model': 96, 'model__module__dim_feedforward': 128, 'model__module__dropout': 0.25, 'model__module__nhead': 4, 'model__module__num_layers': 3, 'model__module__patch_size': 16, 'model__optimizer__weight_decay': 0.0001}",0.45528455284552843,0.838223632038065,0.8469617404351087,0.7569444444444444,0.6915064102564102,0.7177841560039113,0.1430542592707293,189,0.6767255939646436,0.9490659115599009,0.8883161512027491,0.8844086021505376,0.9327586206896552,0.8662549759134972,0.09799798166672405
55,3.370967483520508,1.0691309613258102,0.044625473022460935,0.001799136053380563,64,10,0.0001,500,96,128,0.25,4,3,32,0.0001,"{'model__batch_size': 64, 'model__callbacks__early_stopping__patience': 10, 'model__lr': 0.0001, 'model__max_epochs': 500, 'model__module__d_model': 96, 'model__module__dim_feedforward': 128, 'model__module__dropout': 0.25, 'model__module__nhead': 4, 'model__module__num_layers': 3, 'model__module__patch_size': 32, 'model__optimizer__weight_decay': 0.0001}",0.37962962962962965,0.9182692307692308,0.8174006444683136,0.6892341842397336,0.6594427244582044,0.6927952827130224,0.18196856776149348,270,0.7364897178383549,0.8977402745995423,0.8847796309725244,0.88777304964539,0.9423645320197045,0.8698294410151032,0.06980733071206174
56,4.89596471786499,0.85147349305496,0.04716324806213379,0.00464020293231413,64,10,0.0001,500,96,256,0.1,4,2,16,0.0001,"{'model__batch_size': 64, 'model__callbacks__early_stopping__patience': 10, 'model__lr': 0.0001, 'model__max_epochs': 500, 'model__module__d_model': 96, 'model__module__dim_feedforward': 256, 'model__module__dropout': 0.1, 'model__module__nhead': 4, 'model__module__num_layers': 2, 'model__module__patch_size': 16, 'model__optimizer__weight_decay': 0.0001}",0.7148936170212765,0.9182692307692308,0.8229166666666667,0.7026338147833475,0.7020123839009288,0.77214514262829,0.08597460382928063,50,0.9204510819871989,0.9494476358815731,0.8756377551020409,0.8715778994524639,0.9074295504434886,0.9049087845733531,0.028980571473249284
57,2.9917147159576416,0.9718158311173059,0.042498111724853516,0.00290383708320222,64,10,0.0001,500,96,256,0.1,4,2,32,0.0001,"{'model__batch_size': 64, 'model__callbacks__early_stopping__patience': 10, 'model__lr': 0.0001, 'model__max_epochs': 500, 'model__module__d_model': 96, 'model__module__dim_feedforward': 256, 'model__module__dropout': 0.1, 'model__module__nhead': 4, 'model__module__num_layers': 2, 'model__module__patch_size': 32, 'model__optimizer__weight_decay': 0.0001}",0.5013205282112845,0.91005291005291,0.8229166666666667,0.68774599842561,0.6791666666666667,0.7202405540046276,0.1394561240510255,179,0.7910872843022282,0.843609022556391,0.8775368106325899,0.8715778994524639,0.9515132139812447,0.8670648461849837,0.05212354954218524
58,5.763588571548462,0.6967009863362694,0.04761419296264648,0.0007564769657125115,64,10,0.0001,500,96,256,0.1,4,3,16,0.0001,"{'model__batch_size': 64, 'model__callbacks__early_stopping__patience': 10, 'model__lr': 0.0001, 'model__max_epochs': 500, 'model__module__d_model': 96, 'model__module__dim_feedforward': 256, 'model__module__dropout': 0.1, 'model__module__nhead': 4, 'model__module__num_layers': 3, 'model__module__patch_size': 16, 'model__optimizer__weight_decay': 0.0001}",0.7292929292929293,0.9780857234933935,0.8777920410783056,0.8135543060076946,0.708044099632503,0.8213538199009653,0.09912143574141957,1,0.9570291777188329,0.8935014514434293,0.8994663985770629,0.9336809635722679,0.9231527093596059,0.9213661401342398,0.023163499354691017
59,3.458445644378662,1.310547574105125,0.04384779930114746,0.0012160326787374078,64,10,0.0001,500,96,256,0.1,4,3,32,0.0001,"{'model__batch_size': 64, 'model__callbacks__early_stopping__patience': 10, 'model__lr': 0.0001, 'model__max_epochs': 500, 'model__module__d_model': 96, 'model__module__dim_feedforward': 256, 'model__module__dropout': 0.1, 'model__module__nhead': 4, 'model__module__num_layers': 3, 'model__module__patch_size': 32, 'model__optimizer__weight_decay': 0.0001}",0.5959429824561404,0.9342571704801805,0.853920515574651,0.7280799112097669,0.7871517027863777,0.7798704565014234,0.11478960017323399,39,0.711554100548408,0.8546836575005589,0.9329883621800591,0.8896923505902036,0.9807881773399014,0.8739413296318261,0.09153290739886054
60,3.5398325443267824,1.242028472045358,0.04568371772766113,0.007263620683309241,64,10,0.0001,500,96,256,0.25,4,2,16,0.0001,"{'model__batch_size': 64, 'model__callbacks__early_stopping__patience': 10, 'model__lr': 0.0001, 'model__max_epochs': 500, 'model__module__d_model': 96, 'model__module__dim_feedforward': 256, 'model__module__dropout': 0.25, 'model__module__nhead': 4, 'model__module__num_layers': 2, 'model__module__patch_size': 16, 'model__optimizer__weight_decay': 0.0001}",0.48497554157931516,0.8844716275908937,0.8428754813863928,0.6260683760683761,0.648786717752235,0.6974355488754426,0.14746830543166947,261,0.7678280207561157,0.8199816613334829,0.8737152959919178,0.8129832474226804,0.9208810317345313,0.8390778514477455,0.05294080482817372
61,2.9977781772613525,0.991991428662541,0.04046225547790527,0.005165319338168002,64,10,0.0001,500,96,256,0.25,4,2,32,0.0001,"{'model__batch_size': 64, 'model__callbacks__early_stopping__patience': 10, 'model__lr': 0.0001, 'model__max_epochs': 500, 'model__module__d_model': 96, 'model__module__dim_feedforward': 256, 'model__module__dropout': 0.25, 'model__module__nhead': 4, 'model__module__num_layers': 2, 'model__module__patch_size': 32, 'model__optimizer__weight_decay': 0.0001}",0.5130813953488372,0.91005291005291,0.7499292786421499,0.6634615384615384,0.6791666666666667,0.7031383578344204,0.12905313878557942,242,0.7971182102568963,0.8379878774146038,0.8941023134571522,0.8609164420485176,0.9469181411627455,0.8674085968679831,0.050759801805353964
62,4.846657562255859,1.7428971843681977,0.048325300216674805,0.005074050896707632,64,10,0.0001,500,96,256,0.25,4,3,16,0.0001,"{'model__batch_size': 64, 'model__callbacks__early_stopping__patience': 10, 'model__lr': 0.0001, 'model__max_epochs': 500, 'model__module__d_model': 96, 'model__module__dim_feedforward': 256, 'model__module__dropout': 0.25, 'model__module__nhead': 4, 'model__module__num_layers': 3, 'model__module__patch_size': 16, 'model__optimizer__weight_decay': 0.0001}",0.49718574108818014,0.9306829765545361,0.8277608915906788,0.8303030303030303,0.6791666666666667,0.7530198612406184,0.15101555136085462,76,0.7462228870605834,0.8463913399782738,0.8883161512027491,0.9242068155111633,0.9423645320197045,0.8695003451544949,0.06983892894079845
63,3.963425540924072,0.8530345746200741,0.04779939651489258,0.004622032320122261,64,10,0.0001,500,96,256,0.25,4,3,32,0.0001,"{'model__batch_size': 64, 'model__callbacks__early_stopping__patience': 10, 'model__lr': 0.0001, 'model__max_epochs': 500, 'model__module__d_model': 96, 'model__module__dim_feedforward': 256, 'model__module__dropout': 0.25, 'model__module__nhead': 4, 'model__module__num_layers': 3, 'model__module__patch_size': 32, 'model__optimizer__weight_decay': 0.0001}",0.7572463768115942,0.9144654088050315,0.8229166666666667,0.7306895531222255,0.7871517027863777,0.8024939416383792,0.06386437783766229,5,0.9368403417657899,0.8546836575005589,0.8847796309725244,0.8984232925251692,0.9709079283887468,0.909126970230558,0.04063583073883636
64,4.341083192825318,1.6941591314622186,0.04612441062927246,0.0028743355273155367,64,10,0.0001,500,96,384,0.1,4,2,16,0.0001,"{'model__batch_size': 64, 'model__callbacks__early_stopping__patience': 10, 'model__lr': 0.0001, 'model__max_epochs': 500, 'model__module__d_model': 96, 'model__module__dim_feedforward': 384, 'model__module__dropout': 0.1, 'model__module__nhead': 4, 'model__module__num_layers': 2, 'model__module__patch_size': 16, 'model__optimizer__weight_decay': 0.0001}",0.48139825218476906,0.9550264550264551,0.8428754813863928,0.7164351851851851,0.7355769230769231,0.746262459371945,0.15752674510991213,89,0.7450612977175322,0.850494333252954,0.8984692283661355,0.9044798222880415,0.91872865773575,0.8634466678720827,0.06348111017757321
65,3.1416133880615233,1.1542539302464303,0.04565253257751465,0.0016685173655211528,64,10,0.0001,500,96,384,0.1,4,2,32,0.0001,"{'model__batch_size': 64, 'model__callbacks__early_stopping__patience': 10, 'model__lr': 0.0001, 'model__max_epochs': 500, 'model__module__d_model': 96, 'model__module__dim_feedforward': 384, 'model__module__dropout': 0.1, 'model__module__nhead': 4, 'model__module__num_layers': 2, 'model__module__patch_size': 32, 'model__optimizer__weight_decay': 0.0001}",0.3986191024165708,0.9144654088050315,0.8268741159830268,0.68774599842561,0.7619047619047619,0.7179218775070002,0.17623807190432383,188,0.7401137980085348,0.8449959013339294,0.8963647959183674,0.8810906476411703,0.9758718823467025,0.8676874050497411,0.076806054893351
66,4.148440837860107,1.5186264726539715,0.04750556945800781,0.0018050452824211873,64,10,0.0001,500,96,384,0.1,4,3,16,0.0001,"{'model__batch_size': 64, 'model__callbacks__early_stopping__patience': 10, 'model__lr': 0.0001, 'model__max_epochs': 500, 'model__module__d_model': 96, 'model__module__dim_feedforward': 384, 'model__module__dropout': 0.1, 'model__module__nhead': 4, 'model__module__num_layers': 3, 'model__module__patch_size': 16, 'model__optimizer__weight_decay': 0.0001}",0.4585858585858586,0.9550264550264551,0.8777920410783056,0.6510102335345054,0.725,0.7334829176450249,0.1745558699426081,128,0.6897845987030048,0.8631578947368421,0.9067202930568931,0.8056789937485878,0.9565693882240645,0.8443822336938783,0.09189438096136344
67,4.334573984146118,0.7106920868329789,0.04632716178894043,0.0013791704434300278,64,10,0.0001,500,96,384,0.1,4,3,32,0.0001,"{'model__batch_size': 64, 'model__callbacks__early_stopping__patience': 10, 'model__lr': 0.0001, 'model__max_epochs': 500, 'model__module__d_model': 96, 'model__module__dim_feedforward': 384, 'model__module__dropout': 0.1, 'model__module__nhead': 4, 'model__module__num_layers': 3, 'model__module__patch_size': 32, 'model__optimizer__weight_decay': 0.0001}",0.7364280094413848,0.8716981132075472,0.8329238329238329,0.7026338147833475,0.7355769230769231,0.775852138686607,0.06477793919125438,45,0.9310461956521738,0.9675873982653915,0.9562117554594959,0.8896923505902036,0.9569739952718677,0.9403023390478265,0.028009195741970694
68,4.319163799285889,1.5829803318886768,0.04378829002380371,0.005683198469240099,64,10,0.0001,500,96,384,0.25,4,2,16,0.0001,"{'model__batch_size': 64, 'model__callbacks__early_stopping__patience': 10, 'model__lr': 0.0001, 'model__max_epochs': 500, 'model__module__d_model': 96, 'model__module__dim_feedforward': 384, 'model__module__dropout': 0.25, 'model__module__nhead': 4, 'model__module__num_layers': 2, 'model__module__patch_size': 16, 'model__optimizer__weight_decay': 0.0001}",0.4212872666480914,0.9780857234933935,0.8583333333333334,0.7306895531222255,0.7355769230769231,0.7447945599347934,0.18561072432135212,92,0.5532570422535211,0.8772159256030223,0.8781630740393627,0.9028394968742939,0.9143424905870868,0.8251636058714574,0.13670258554704862
69,3.2992499828338624,1.0521165131663541,0.042670059204101565,0.0026957649544437257,64,10,0.0001,500,96,384,0.25,4,2,32,0.0001,"{'model__batch_size': 64, 'model__callbacks__early_stopping__patience': 10, 'model__lr': 0.0001, 'model__max_epochs': 500, 'model__module__d_model': 96, 'model__module__dim_feedforward': 384, 'model__module__dropout': 0.25, 'model__module__nhead': 4, 'model__module__num_layers': 2, 'model__module__patch_size': 32, 'model__optimizer__weight_decay': 0.0001}",0.41064814814814815,0.8431372549019607,0.7957957957957957,0.6510102335345054,0.7445820433436532,0.6890346951448126,0.15308557649714605,276,0.73880652335063,0.9580035535454692,0.8821978746189967,0.8758237689744539,0.9665353296558971,0.8842734100290894,0.08177955353845824
70,4.887515306472778,1.7770701081529676,0.045047855377197264,0.004038201189827985,64,10,0.0001,500,96,384,0.25,4,3,16,0.0001,"{'model__batch_size': 64, 'model__callbacks__early_stopping__patience': 10, 'model__lr': 0.0001, 'model__max_epochs': 500, 'model__module__d_model': 96, 'model__module__dim_feedforward': 384, 'model__module__dropout': 0.25, 'model__module__nhead': 4, 'model__module__num_layers': 3, 'model__module__patch_size': 16, 'model__optimizer__weight_decay': 0.0001}",0.5903643922719491,0.9550264550264551,0.8174006444683136,0.8135543060076946,0.725,0.7802691595548825,0.1201209899238998,38,0.7450612977175322,0.8783659873874885,0.8801867323836429,0.9297831806223351,0.9469181411627455,0.876063067854749,0.07083793299616958
71,3.339439868927002,1.1231335681615704,0.04396753311157227,0.0021068539100103758,64,10,0.0001,500,96,384,0.25,4,3,32,0.0001,"{'model__batch_size': 64, 'model__callbacks__early_stopping__patience': 10, 'model__lr': 0.0001, 'model__max_epochs': 500, 'model__module__d_model': 96, 'model__module__dim_feedforward': 384, 'model__module__dropout': 0.25, 'model__module__nhead': 4, 'model__module__num_layers': 3, 'model__module__patch_size': 32, 'model__optimizer__weight_decay': 0.0001}",0.5013205282112845,0.9182692307692308,0.7884016973125885,0.7669256381798002,0.8114285714285714,0.757269133180295,0.1381495198680438,67,0.7736590586194808,0.8926757479495324,0.8668878376441196,0.8974117987275883,0.9756393553798655,0.8812547596641173,0.06493563601714367
72,3.8037741661071776,1.2181289664505688,0.044501972198486325,0.001654450460958353,64,10,0.0001,500,128,128,0.1,4,2,16,0.0001,"{'model__batch_size': 64, 'model__callbacks__early_stopping__patience': 10, 'model__lr': 0.0001, 'model__max_epochs': 500, 'model__module__d_model': 128, 'model__module__dim_feedforward': 128, 'model__module__dropout': 0.1, 'model__module__nhead': 4, 'model__module__num_layers': 2, 'model__module__patch_size': 16, 'model__optimizer__weight_decay': 0.0001}",0.47268518518518515,0.91005291005291,0.7808807733619764,0.6268088347296268,0.7935435435435436,0.7167942493746484,0.15167930426241372,194,0.7363636363636363,0.8463356973995272,0.8428813149625332,0.8376156978896705,0.9231527093596059,0.8372698111949946,0.059450361178148996
73,2.6297107219696043,0.7098953489312275,0.04390349388122559,0.0014560230285420143,64,10,0.0001,500,128,128,0.1,4,2,32,0.0001,"{'model__batch_size': 64, 'model__callbacks__early_stopping__patience': 10, 'model__lr': 0.0001, 'model__max_epochs': 500, 'model__module__d_model': 128, 'model__module__dim_feedforward': 128, 'model__module__dropout': 0.1, 'model__module__nhead': 4, 'model__module__num_layers': 2, 'model__module__patch_size': 32, 'model__optimizer__weight_decay': 0.0001}",0.47005649717514125,0.8955453149001535,0.7875,0.6388028895768834,0.6791666666666667,0.694214273663769,0.14337362074419,268,0.7988650693568726,0.8655437352245863,0.8838180723125644,0.8682553191489362,0.91872865773575,0.8670421707557419,0.038999379488897985
74,4.362002420425415,1.4077666715020376,0.04543876647949219,0.002049800813040021,64,10,0.0001,500,128,128,0.1,4,3,16,0.0001,"{'model__batch_size': 64, 'model__callbacks__early_stopping__patience': 10, 'model__lr': 0.0001, 'model__max_epochs': 500, 'model__module__d_model': 128, 'model__module__dim_feedforward': 128, 'model__module__dropout': 0.1, 'model__module__nhead': 4, 'model__module__num_layers': 3, 'model__module__patch_size': 16, 'model__optimizer__weight_decay': 0.0001}",0.3986191024165708,0.8904286174669674,0.8174006444683136,0.6388028895768834,0.7445820433436532,0.6979666594544776,0.17122405651316266,259,0.7531525851197982,0.8655437352245863,0.8578227848101265,0.8651433691756272,0.9327586206896552,0.8548842190039586,0.05769100170381153
75,3.393794059753418,0.2572476373092089,0.043681097030639646,0.0009701249042228353,64,10,0.0001,500,128,128,0.1,4,3,32,0.0001,"{'model__batch_size': 64, 'model__callbacks__early_stopping__patience': 10, 'model__lr': 0.0001, 'model__max_epochs': 500, 'model__module__d_model': 128, 'model__module__dim_feedforward': 128, 'model__module__dropout': 0.1, 'model__module__nhead': 4, 'model__module__num_layers': 3, 'model__module__patch_size': 32, 'model__optimizer__weight_decay': 0.0001}",0.728744939271255,0.8823529411764706,0.8777920410783056,0.7008547008547008,0.6019582801191996,0.7583405804999863,0.10796635517193938,64,0.9264609200368166,0.8890764408005787,0.8984692283661355,0.9072907801418439,0.9224211423699915,0.9087437023430732,0.014109919514326923
76,3.755394172668457,1.1094415321128663,0.04334492683410644,0.0026596633864242355,64,10,0.0001,500,128,128,0.25,4,2,16,0.0001,"{'model__batch_size': 64, 'model__callbacks__early_stopping__patience': 10, 'model__lr': 0.0001, 'model__max_epochs': 500, 'model__module__d_model': 128, 'model__module__dim_feedforward': 128, 'model__module__dropout': 0.25, 'model__module__nhead': 4, 'model__module__num_layers': 2, 'model__module__patch_size': 16, 'model__optimizer__weight_decay': 0.0001}",0.37104743083003955,0.9373271889400921,0.838223632038065,0.6026831785345717,0.7871517027863777,0.7072866266258292,0.20022001309973794,233,0.722538995303168,0.9004212945231711,0.9095197587193565,0.8362455197132617,0.9238599916329662,0.8585171119783848,0.07431419036421913
77,2.718635892868042,0.8510622684186319,0.046637105941772464,0.007183612270904566,64,10,0.0001,500,128,128,0.25,4,2,32,0.0001,"{'model__batch_size': 64, 'model__callbacks__early_stopping__patience': 10, 'model__lr': 0.0001, 'model__max_epochs': 500, 'model__module__d_model': 128, 'model__module__dim_feedforward': 128, 'model__module__dropout': 0.25, 'model__module__nhead': 4, 'model__module__num_layers': 2, 'model__module__patch_size': 32, 'model__optimizer__weight_decay': 0.0001}",0.4294591484464902,0.9342571704801805,0.8111111111111111,0.7164351851851851,0.7796474358974359,0.7341820102240806,0.16803942009858044,125,0.7265139471021824,0.8624865495796173,0.8428813149625332,0.9184682591318896,0.9048249895412076,0.851035012063486,0.0680348742840564
78,4.317083311080933,1.417918202281248,0.04471077919006348,0.003374573585759044,64,10,0.0001,500,128,128,0.25,4,3,16,0.0001,"{'model__batch_size': 64, 'model__callbacks__early_stopping__patience': 10, 'model__lr': 0.0001, 'model__max_epochs': 500, 'model__module__d_model': 128, 'model__module__dim_feedforward': 128, 'model__module__dropout': 0.25, 'model__module__nhead': 4, 'model__module__num_layers': 3, 'model__module__patch_size': 16, 'model__optimizer__weight_decay': 0.0001}",0.48497554157931516,0.8904286174669674,0.8174006444683136,0.6268088347296268,0.7619047619047619,0.716303680029797,0.14432018826111276,199,0.7908044301952784,0.8533834586466165,0.8438244371258725,0.8417325030207268,0.9384164222873901,0.853632250255177,0.04769391969749301
79,3.007219648361206,1.1325686699933866,0.04247384071350098,0.0029856728384884718,64,10,0.0001,500,128,128,0.25,4,3,32,0.0001,"{'model__batch_size': 64, 'model__callbacks__early_stopping__patience': 10, 'model__lr': 0.0001, 'model__max_epochs': 500, 'model__module__d_model': 128, 'model__module__dim_feedforward': 128, 'model__module__dropout': 0.25, 'model__module__nhead': 4, 'model__module__num_layers': 3, 'model__module__patch_size': 32, 'model__optimizer__weight_decay': 0.0001}",0.5255704169944926,0.9342571704801805,0.89375,0.7244817633167148,0.7619047619047619,0.7679928225392298,0.14433128596820607,53,0.6817073170731707,0.8323089764018514,0.9067283163265306,0.9191416403959958,0.9378513265038088,0.8555475153402716,0.09401919877214308
80,3.9995301246643065,1.2466047952924046,0.04293456077575684,0.005393336574804212,64,10,0.0001,500,128,256,0.1,4,2,16,0.0001,"{'model__batch_size': 64, 'model__callbacks__early_stopping__patience': 10, 'model__lr': 0.0001, 'model__max_epochs': 500, 'model__module__d_model': 128, 'model__module__dim_feedforward': 256, 'model__module__dropout': 0.1, 'model__module__nhead': 4, 'model__module__num_layers': 2, 'model__module__patch_size': 16, 'model__optimizer__weight_decay': 0.0001}",0.4265101491807288,0.9144654088050315,0.8174006444683136,0.6503884572697003,0.6956151553852703,0.7008759630218089,0.16556069393121645,251,0.7452196382428941,0.8847517730496455,0.886001275510204,0.9009198471188486,0.9418158567774936,0.8717416781398171,0.066546497012421
81,2.6777441024780275,1.0713259328307234,0.04513711929321289,0.003816161349791307,64,10,0.0001,500,128,256,0.1,4,2,32,0.0001,"{'model__batch_size': 64, 'model__callbacks__early_stopping__patience': 10, 'model__lr': 0.0001, 'model__max_epochs': 500, 'model__module__d_model': 128, 'model__module__dim_feedforward': 256, 'model__module__dropout': 0.1, 'model__module__nhead': 4, 'model__module__num_layers': 2, 'model__module__patch_size': 32, 'model__optimizer__weight_decay': 0.0001}",0.48693693693693696,0.9144654088050315,0.8174006444683136,0.6142744686434007,0.7796474358974359,0.7225449789502237,0.152528942912076,171,0.7988650693568726,0.866676433960882,0.853355893965031,0.8302631578947368,0.9626027397260274,0.8623526589807099,0.05515455668657055
82,5.6981000900268555,2.481399281373647,0.0555577278137207,0.006229624275919382,64,10,0.0001,500,128,256,0.1,4,3,16,0.0001,"{'model__batch_size': 64, 'model__callbacks__early_stopping__patience': 10, 'model__lr': 0.0001, 'model__max_epochs': 500, 'model__module__d_model': 128, 'model__module__dim_feedforward': 256, 'model__module__dropout': 0.1, 'model__module__nhead': 4, 'model__module__num_layers': 3, 'model__module__patch_size': 16, 'model__optimizer__weight_decay': 0.0001}",0.49242424242424243,0.9342571704801805,0.802273328046524,0.638095238095238,0.7796474358974359,0.7293394829887241,0.15119248524019652,145,0.7181368054282047,0.9288723532308365,0.886001275510204,0.9044798222880415,0.9569739952718677,0.8788928503458309,0.0838359645028789
83,3.8157980918884276,0.5858072218266364,0.051470708847045896,0.01363881545730263,64,10,0.0001,500,128,256,0.1,4,3,32,0.0001,"{'model__batch_size': 64, 'model__callbacks__early_stopping__patience': 10, 'model__lr': 0.0001, 'model__max_epochs': 500, 'model__module__d_model': 128, 'model__module__dim_feedforward': 256, 'model__module__dropout': 0.1, 'model__module__nhead': 4, 'model__module__num_layers': 3, 'model__module__patch_size': 32, 'model__optimizer__weight_decay': 0.0001}",0.728744939271255,0.8955453149001535,0.838223632038065,0.7669256381798002,0.6791666666666667,0.7817212382111881,0.07706007931037355,36,0.91587828230164,0.9206733789192196,0.9502144607843137,0.9248087431693989,0.9569739952718677,0.933709772089288,0.01661786219688253
84,4.071507692337036,1.363400729839333,0.044371509552001955,0.0032426129683452124,64,10,0.0001,500,128,256,0.25,4,2,16,0.0001,"{'model__batch_size': 64, 'model__callbacks__early_stopping__patience': 10, 'model__lr': 0.0001, 'model__max_epochs': 500, 'model__module__d_model': 128, 'model__module__dim_feedforward': 256, 'model__module__dropout': 0.25, 'model__module__nhead': 4, 'model__module__num_layers': 2, 'model__module__patch_size': 16, 'model__optimizer__weight_decay': 0.0001}",0.4460193716040633,0.9373271889400921,0.8428754813863928,0.7142857142857142,0.7355769230769231,0.7352169358586371,0.16523461721074803,120,0.7602513227513228,0.8909376082872827,0.8814409484724122,0.9036738351254481,0.9418158567774936,0.875623914282792,0.061232921370803106
85,2.702175760269165,0.8304408189900386,0.041720914840698245,0.0029087757641761297,64,10,0.0001,500,128,256,0.25,4,2,32,0.0001,"{'model__batch_size': 64, 'model__callbacks__early_stopping__patience': 10, 'model__lr': 0.0001, 'model__max_epochs': 500, 'model__module__d_model': 128, 'model__module__dim_feedforward': 256, 'model__module__dropout': 0.25, 'model__module__nhead': 4, 'model__module__num_layers': 2, 'model__module__patch_size': 32, 'model__optimizer__weight_decay': 0.0001}",0.648689138576779,0.6902691511387163,0.838223632038065,0.6260683760683761,0.6791666666666667,0.6964833928977207,0.07439266972052337,264,0.9181319999261952,0.6506530980858609,0.892855040326537,0.8087855297157622,0.9423645320197045,0.8425580400148119,0.1059911663225018
86,5.8017988204956055,2.861932216459622,0.05890765190124512,0.020828521924838424,64,10,0.0001,500,128,256,0.25,4,3,16,0.0001,"{'model__batch_size': 64, 'model__callbacks__early_stopping__patience': 10, 'model__lr': 0.0001, 'model__max_epochs': 500, 'model__module__d_model': 128, 'model__module__dim_feedforward': 256, 'model__module__dropout': 0.25, 'model__module__nhead': 4, 'model__module__num_layers': 3, 'model__module__patch_size': 16, 'model__optimizer__weight_decay': 0.0001}",0.48497554157931516,0.8904286174669674,0.8583333333333334,0.6892341842397336,0.7619047619047619,0.7369752877048222,0.14469295998432766,111,0.7874629658506159,0.8624865495796173,0.8883161512027491,0.9147326674500588,0.9327586206896552,0.8771513909545392,0.050770541425949646
87,3.4141989231109617,0.31980460465535765,0.04590625762939453,0.004590981204226131,64,10,0.0001,500,128,256,0.25,4,3,32,0.0001,"{'model__batch_size': 64, 'model__callbacks__early_stopping__patience': 10, 'model__lr': 0.0001, 'model__max_epochs': 500, 'model__module__d_model': 128, 'model__module__dim_feedforward': 256, 'model__module__dropout': 0.25, 'model__module__nhead': 4, 'model__module__num_layers': 3, 'model__module__patch_size': 32, 'model__optimizer__weight_decay': 0.0001}",0.7148936170212765,0.9342571704801805,0.838223632038065,0.6892341842397336,0.7619047619047619,0.7877026731368035,0.08909918311849498,24,0.91587828230164,0.8740591698338177,0.8769230769230769,0.9036738351254481,0.9565693882240645,0.9054207504816094,0.03008076118356737
88,4.302062892913819,1.4566664929702493,0.04404120445251465,0.004038856449791695,64,10,0.0001,500,128,384,0.1,4,2,16,0.0001,"{'model__batch_size': 64, 'model__callbacks__early_stopping__patience': 10, 'model__lr': 0.0001, 'model__max_epochs': 500, 'model__module__d_model': 128, 'model__module__dim_feedforward': 384, 'model__module__dropout': 0.1, 'model__module__nhead': 4, 'model__module__num_layers': 2, 'model__module__patch_size': 16, 'model__optimizer__weight_decay': 0.0001}",0.47767540751240256,0.8999705795822301,0.8229166666666667,0.7008547008547008,0.7619047619047619,0.7326644233041524,0.14354307463527857,133,0.7642361612949848,0.9625225225225225,0.8711314657308828,0.8957843713278495,0.9418158567774936,0.8870980755307466,0.06943819859621016
89,2.9574301719665526,1.2616884080839417,0.05192747116088867,0.01734646636182295,64,10,0.0001,500,128,384,0.1,4,2,32,0.0001,"{'model__batch_size': 64, 'model__callbacks__early_stopping__patience': 10, 'model__lr': 0.0001, 'model__max_epochs': 500, 'model__module__d_model': 128, 'model__module__dim_feedforward': 384, 'model__module__dropout': 0.1, 'model__module__nhead': 4, 'model__module__num_layers': 2, 'model__module__patch_size': 32, 'model__optimizer__weight_decay': 0.0001}",0.4224137931034483,0.9144654088050315,0.9101242400211472,0.7008547008547008,0.7355769230769231,0.7366870131722502,0.1798546487412862,113,0.747440794499618,0.8740591698338177,0.8638304729675288,0.9044798222880415,0.9809649979082415,0.8741550514994495,0.075486509281334
90,5.176269006729126,1.259783563812605,0.05439496040344238,0.008947574863855962,64,10,0.0001,500,128,384,0.1,4,3,16,0.0001,"{'model__batch_size': 64, 'model__callbacks__early_stopping__patience': 10, 'model__lr': 0.0001, 'model__max_epochs': 500, 'model__module__d_model': 128, 'model__module__dim_feedforward': 384, 'model__module__dropout': 0.1, 'model__module__nhead': 4, 'model__module__num_layers': 3, 'model__module__patch_size': 16, 'model__optimizer__weight_decay': 0.0001}",0.44166666666666665,0.8955453149001535,0.8622087132725431,0.7142857142857142,0.7695238095238095,0.7366460437297773,0.1610023149337783,114,0.7062383526763474,0.9490659115599009,0.920343137254902,0.8981846882399369,0.9519704433497538,0.8851605066161682,0.09161664958233692
91,3.4453115463256836,0.45146528970563715,0.04500160217285156,0.008407653590238097,64,10,0.0001,500,128,384,0.1,4,3,32,0.0001,"{'model__batch_size': 64, 'model__callbacks__early_stopping__patience': 10, 'model__lr': 0.0001, 'model__max_epochs': 500, 'model__module__d_model': 128, 'model__module__dim_feedforward': 384, 'model__module__dropout': 0.1, 'model__module__nhead': 4, 'model__module__num_layers': 3, 'model__module__patch_size': 32, 'model__optimizer__weight_decay': 0.0001}",0.7364280094413848,0.9342571704801805,0.838223632038065,0.7306895531222255,0.7355769230769231,0.795035057631756,0.08044681408004156,11,0.9211956521739131,0.9180130214612974,0.8489310973532889,0.9431551116333725,0.9565693882240645,0.9175728541691873,0.037148864738126466
92,4.614504384994507,1.6883820185620773,0.04843926429748535,0.0016373415803914587,64,10,0.0001,500,128,384,0.25,4,2,16,0.0001,"{'model__batch_size': 64, 'model__callbacks__early_stopping__patience': 10, 'model__lr': 0.0001, 'model__max_epochs': 500, 'model__module__d_model': 128, 'model__module__dim_feedforward': 384, 'model__module__dropout': 0.25, 'model__module__nhead': 4, 'model__module__num_layers': 2, 'model__module__patch_size': 16, 'model__optimizer__weight_decay': 0.0001}",0.44780219780219777,0.9182692307692308,0.7875,0.6629849900877938,0.7619047619047619,0.7156922361127969,0.15676257057613,204,0.7314814814814815,0.9625225225225225,0.851743238840013,0.88777304964539,0.9569739952718677,0.8780988575522549,0.08441979170021495
93,2.741767692565918,0.8948254088796209,0.049753856658935544,0.0069076303472072045,64,10,0.0001,500,128,384,0.25,4,2,32,0.0001,"{'model__batch_size': 64, 'model__callbacks__early_stopping__patience': 10, 'model__lr': 0.0001, 'model__max_epochs': 500, 'model__module__d_model': 128, 'model__module__dim_feedforward': 384, 'model__module__dropout': 0.25, 'model__module__nhead': 4, 'model__module__num_layers': 2, 'model__module__patch_size': 32, 'model__optimizer__weight_decay': 0.0001}",0.39090909090909093,0.9144654088050315,0.8966565349544073,0.6761904761904762,0.708044099632503,0.7172531220983018,0.18939358186013974,193,0.4212860310421286,0.8677709968032549,0.8705575980392157,0.919792257191449,0.9372668941014265,0.803334755435495,0.19294161555392636
94,6.752729701995849,2.6916738082207368,0.13105349540710448,0.08779854960718711,64,10,0.0001,500,128,384,0.25,4,3,16,0.0001,"{'model__batch_size': 64, 'model__callbacks__early_stopping__patience': 10, 'model__lr': 0.0001, 'model__max_epochs': 500, 'model__module__d_model': 128, 'model__module__dim_feedforward': 384, 'model__module__dropout': 0.25, 'model__module__nhead': 4, 'model__module__num_layers': 3, 'model__module__patch_size': 16, 'model__optimizer__weight_decay': 0.0001}",0.3909090909090909,0.9342571704801805,0.8174006444683136,0.7142857142857142,0.7445820433436532,0.7202869326973905,0.18129002474245878,178,0.6564039408866995,0.923815105120504,0.8814409484724122,0.8880855986119144,0.9569739952718677,0.8613439176726796,0.1059878891517585
95,4.45162935256958,0.5592519162254745,0.17963166236877443,0.2262126224724283,64,10,0.0001,500,128,384,0.25,4,3,32,0.0001,"{'model__batch_size': 64, 'model__callbacks__early_stopping__patience': 10, 'model__lr': 0.0001, 'model__max_epochs': 500, 'model__module__d_model': 128, 'model__module__dim_feedforward': 384, 'model__module__dropout': 0.25, 'model__module__nhead': 4, 'model__module__num_layers': 3, 'model__module__patch_size': 32, 'model__optimizer__weight_decay': 0.0001}",0.5013205282112845,0.9182692307692308,0.8837606837606837,0.7721219295649601,0.6956151553852703,0.7542175055382859,0.14926894423122772,74,0.7832905880399283,0.9004212945231711,0.8914940435541392,0.933135875601629,0.9366623239876501,0.8890008251413036,0.055732968050160425
96,3.9347774982452393,0.8159761448656894,0.10707578659057618,0.02728796801099598,64,10,0.0002,500,96,128,0.1,4,2,16,0.0001,"{'model__batch_size': 64, 'model__callbacks__early_stopping__patience': 10, 'model__lr': 0.0002, 'model__max_epochs': 500, 'model__module__d_model': 96, 'model__module__dim_feedforward': 128, 'model__module__dropout': 0.1, 'model__module__nhead': 4, 'model__module__num_layers': 2, 'model__module__patch_size': 16, 'model__optimizer__weight_decay': 0.0001}",0.4460193716040633,0.8955453149001535,0.8277608915906788,0.6629849900877938,0.6956151553852703,0.705585144713592,0.1551130837895872,236,0.7101840101522843,0.8583260680034873,0.9040236249538575,0.9080972646656292,0.9327586206896552,0.8626779176929826,0.07994625688996636
97,3.165547227859497,0.5700011399227947,0.10623564720153808,0.026962640547544693,64,10,0.0002,500,96,128,0.1,4,2,32,0.0001,"{'model__batch_size': 64, 'model__callbacks__early_stopping__patience': 10, 'model__lr': 0.0002, 'model__max_epochs': 500, 'model__module__d_model': 96, 'model__module__dim_feedforward': 128, 'model__module__dropout': 0.1, 'model__module__nhead': 4, 'model__module__num_layers': 2, 'model__module__patch_size': 32, 'model__optimizer__weight_decay': 0.0001}",0.5034584980237153,0.8774038461538461,0.8469617404351087,0.7607952780366574,0.7355769230769231,0.7448392571452501,0.13161111515481827,91,0.7168471507189775,0.8553455733232829,0.8793596782924755,0.9016964528712692,0.9378513265038088,0.8582200363419628,0.07572685251069289
98,4.124929523468017,0.9772422550586015,0.10860481262207031,0.050552180781635696,64,10,0.0002,500,96,128,0.1,4,3,16,0.0001,"{'model__batch_size': 64, 'model__callbacks__early_stopping__patience': 10, 'model__lr': 0.0002, 'model__max_epochs': 500, 'model__module__d_model': 96, 'model__module__dim_feedforward': 128, 'model__module__dropout': 0.1, 'model__module__nhead': 4, 'model__module__num_layers': 3, 'model__module__patch_size': 16, 'model__optimizer__weight_decay': 0.0001}",0.47005649717514125,0.91005291005291,0.8469617404351087,0.6510102335345054,0.6956151553852703,0.7147393073165871,0.1548721930138222,207,0.7652024117140397,0.9067202930568931,0.887082460016239,0.843161094224924,0.9276156470401075,0.8659563812104405,0.05758621407146232
99,3.9302289485931396,0.26629458718006865,0.10774168968200684,0.030803729413646085,64,10,0.0002,500,96,128,0.1,4,3,32,0.0001,"{'model__batch_size': 64, 'model__callbacks__early_stopping__patience': 10, 'model__lr': 0.0002, 'model__max_epochs': 500, 'model__module__d_model': 96, 'model__module__dim_feedforward': 128, 'model__module__dropout': 0.1, 'model__module__nhead': 4, 'model__module__num_layers': 3, 'model__module__patch_size': 32, 'model__optimizer__weight_decay': 0.0001}",0.674674163046256,0.8999705795822301,0.8469617404351087,0.6892341842397336,0.8051948051948052,0.7832070944996268,0.088081928704116,32,0.9368403417657899,0.901228314549829,0.8994663985770629,0.8844086021505376,0.9474126608878382,0.9138712635862115,0.024033296072352023
100,3.6436342716217043,0.8088214255751236,0.07051987648010254,0.03088305018223392,64,10,0.0002,500,96,128,0.25,4,2,16,0.0001,"{'model__batch_size': 64, 'model__callbacks__early_stopping__patience': 10, 'model__lr': 0.0002, 'model__max_epochs': 500, 'model__module__d_model': 96, 'model__module__dim_feedforward': 128, 'model__module__dropout': 0.25, 'model__module__nhead': 4, 'model__module__num_layers': 2, 'model__module__patch_size': 16, 'model__optimizer__weight_decay': 0.0001}",0.4369747899159664,0.91005291005291,0.8428754813863928,0.6510102335345054,0.708044099632503,0.7097915029044556,0.16474418135669675,227,0.6930329911292734,0.8394362104039523,0.8683544303797468,0.8801003810763082,0.9091673233517206,0.8380182672682002,0.07586318756324693
101,2.387409782409668,0.6247982263407921,0.05319581031799316,0.005608622446088212,64,10,0.0002,500,96,128,0.25,4,2,32,0.0001,"{'model__batch_size': 64, 'model__callbacks__early_stopping__patience': 10, 'model__lr': 0.0002, 'model__max_epochs': 500, 'model__module__d_model': 96, 'model__module__dim_feedforward': 128, 'model__module__dropout': 0.25, 'model__module__nhead': 4, 'model__module__num_layers': 2, 'model__module__patch_size': 32, 'model__optimizer__weight_decay': 0.0001}",0.4460193716040633,0.8716981132075472,0.8277608915906788,0.6260683760683761,0.648786717752235,0.68406669404458,0.1530546184875732,279,0.729934987602741,0.8553455733232829,0.8959425206304434,0.8065814393939394,0.9428949937247246,0.8461399029350263,0.07347795189776449
102,4.946363306045532,1.3008457393628807,0.10975871086120606,0.0456619806756924,64,10,0.0002,500,96,128,0.25,4,3,16,0.0001,"{'model__batch_size': 64, 'model__callbacks__early_stopping__patience': 10, 'model__lr': 0.0002, 'model__max_epochs': 500, 'model__module__d_model': 96, 'model__module__dim_feedforward': 128, 'model__module__dropout': 0.25, 'model__module__nhead': 4, 'model__module__num_layers': 3, 'model__module__patch_size': 16, 'model__optimizer__weight_decay': 0.0001}",0.5161891451199627,0.838223632038065,0.8777920410783056,0.7164351851851851,0.6791666666666667,0.725561334017637,0.1280151919128019,158,0.764027529199033,0.9442219679633868,0.9418734630002236,0.9215805471124621,0.9261962692619627,0.8995799553074135,0.06833529764200241
103,3.4903047561645506,0.6954828841442389,0.09105215072631836,0.030625502648285265,64,10,0.0002,500,96,128,0.25,4,3,32,0.0001,"{'model__batch_size': 64, 'model__callbacks__early_stopping__patience': 10, 'model__lr': 0.0002, 'model__max_epochs': 500, 'model__module__d_model': 96, 'model__module__dim_feedforward': 128, 'model__module__dropout': 0.25, 'model__module__nhead': 4, 'model__module__num_layers': 3, 'model__module__patch_size': 32, 'model__optimizer__weight_decay': 0.0001}",0.3913347309573725,0.8999705795822301,0.8229166666666667,0.7523809523809524,0.8114285714285714,0.7356063002031586,0.1784332007156828,117,0.7513057594579333,0.9212836815016652,0.851743238840013,0.9154098360655738,0.9289420257162193,0.8737369083162809,0.06710892823237058
104,3.5008897304534914,0.6570836124613079,0.06944146156311035,0.03485831050695241,64,10,0.0002,500,96,256,0.1,4,2,16,0.0001,"{'model__batch_size': 64, 'model__callbacks__early_stopping__patience': 10, 'model__lr': 0.0002, 'model__max_epochs': 500, 'model__module__d_model': 96, 'model__module__dim_feedforward': 256, 'model__module__dropout': 0.1, 'model__module__nhead': 4, 'model__module__num_layers': 2, 'model__module__patch_size': 16, 'model__optimizer__weight_decay': 0.0001}",0.49718574108818014,0.9144654088050315,0.8622087132725431,0.6759259259259259,0.7619047619047619,0.7423381101992885,0.14757363217469974,97,0.7605166572557878,0.8624865495796173,0.9165392095772201,0.9019756838905775,0.9327586206896552,0.8748553441985715,0.0617287117935305
105,2.5936333656311037,0.6327303260560097,0.06861639022827148,0.02629768691464601,64,10,0.0002,500,96,256,0.1,4,2,32,0.0001,"{'model__batch_size': 64, 'model__callbacks__early_stopping__patience': 10, 'model__lr': 0.0002, 'model__max_epochs': 500, 'model__module__d_model': 96, 'model__module__dim_feedforward': 256, 'model__module__dropout': 0.1, 'model__module__nhead': 4, 'model__module__num_layers': 2, 'model__module__patch_size': 32, 'model__optimizer__weight_decay': 0.0001}",0.5840755735492578,0.9144654088050315,0.8277608915906788,0.6260683760683761,0.7871517027863777,0.7479043905599443,0.124373534791789,85,0.7432786885245901,0.8794309139136726,0.8849446849446849,0.8065814393939394,0.943904109589041,0.8516279672731857,0.0695221545096363
106,3.9488778591156004,0.24698199745498103,0.048418951034545896,0.0015696425840020516,64,10,0.0002,500,96,256,0.1,4,3,16,0.0001,"{'model__batch_size': 64, 'model__callbacks__early_stopping__patience': 10, 'model__lr': 0.0002, 'model__max_epochs': 500, 'model__module__d_model': 96, 'model__module__dim_feedforward': 256, 'model__module__dropout': 0.1, 'model__module__nhead': 4, 'model__module__num_layers': 3, 'model__module__patch_size': 16, 'model__optimizer__weight_decay': 0.0001}",0.7148936170212765,0.9373271889400921,0.8428754813863928,0.7164351851851851,0.6915064102564102,0.7806075765578713,0.09467181946673932,37,0.8988689410852999,0.8918214873640985,0.9141264012745041,0.8844086021505376,0.921664275466284,0.9021779414681447,0.013830675683843979
107,2.5113365173339846,0.3088705503376391,0.044662761688232425,0.0014362191092514103,64,10,0.0002,500,96,256,0.1,4,3,32,0.0001,"{'model__batch_size': 64, 'model__callbacks__early_stopping__patience': 10, 'model__lr': 0.0002, 'model__max_epochs': 500, 'model__module__d_model': 96, 'model__module__dim_feedforward': 256, 'model__module__dropout': 0.1, 'model__module__nhead': 4, 'model__module__num_layers': 3, 'model__module__patch_size': 32, 'model__optimizer__weight_decay': 0.0001}",0.7292929292929293,0.9182692307692308,0.8428754813863928,0.611542730299667,0.725,0.765396074349644,0.10581057777903154,58,0.8954022150976392,0.895245769540693,0.9413533834586466,0.7858834483735806,0.9428949937247246,0.8921559620390568,0.057111763833438495
108,2.9143377780914306,0.8225283338609811,0.04354228973388672,0.003885499686845052,64,10,0.0002,500,96,256,0.25,4,2,16,0.0001,"{'model__batch_size': 64, 'model__callbacks__early_stopping__patience': 10, 'model__lr': 0.0002, 'model__max_epochs': 500, 'model__module__d_model': 96, 'model__module__dim_feedforward': 256, 'model__module__dropout': 0.25, 'model__module__nhead': 4, 'model__module__num_layers': 2, 'model__module__patch_size': 16, 'model__optimizer__weight_decay': 0.0001}",0.524822695035461,0.8823529411764706,0.838223632038065,0.7382478632478633,0.6956151553852703,0.7358524573766261,0.12498046902596541,115,0.6788998477803032,0.9063063063063064,0.8769230769230769,0.8923342102875805,0.9321184995737426,0.8573163881742019,0.09103680568188535
109,1.9071537017822267,0.6144965273590625,0.04356708526611328,0.0024044222165649077,64,10,0.0002,500,96,256,0.25,4,2,32,0.0001,"{'model__batch_size': 64, 'model__callbacks__early_stopping__patience': 10, 'model__lr': 0.0002, 'model__max_epochs': 500, 'model__module__d_model': 96, 'model__module__dim_feedforward': 256, 'model__module__dropout': 0.25, 'model__module__nhead': 4, 'model__module__num_layers': 2, 'model__module__patch_size': 32, 'model__optimizer__weight_decay': 0.0001}",0.5262626262626262,0.9373271889400921,0.7808807733619764,0.638095238095238,0.648786717752235,0.7062705088824336,0.14093187897693596,235,0.7726480836236934,0.8613333333333333,0.8446568794810516,0.80621304624155,0.9619299958164831,0.8493562676992223,0.0641620786367755
110,3.8794687271118162,0.19990772748524122,0.04783873558044434,0.004649357949076827,64,10,0.0002,500,96,256,0.25,4,3,16,0.0001,"{'model__batch_size': 64, 'model__callbacks__early_stopping__patience': 10, 'model__lr': 0.0002, 'model__max_epochs': 500, 'model__module__d_model': 96, 'model__module__dim_feedforward': 256, 'model__module__dropout': 0.25, 'model__module__nhead': 4, 'model__module__num_layers': 3, 'model__module__patch_size': 16, 'model__optimizer__weight_decay': 0.0001}",0.750531914893617,0.9572327044025157,0.838223632038065,0.7164351851851851,0.7186147186147187,0.7962076310268204,0.09183135936384114,10,0.912154076290202,0.914291993260567,0.9234678859475265,0.8896923505902036,0.921664275466284,0.9122541163109567,0.012062304487089538
111,2.3385056972503664,0.7412019104233528,0.0431401252746582,0.001144993011244635,64,10,0.0002,500,96,256,0.25,4,3,32,0.0001,"{'model__batch_size': 64, 'model__callbacks__early_stopping__patience': 10, 'model__lr': 0.0002, 'model__max_epochs': 500, 'model__module__d_model': 96, 'model__module__dim_feedforward': 256, 'model__module__dropout': 0.25, 'model__module__nhead': 4, 'model__module__num_layers': 3, 'model__module__patch_size': 32, 'model__optimizer__weight_decay': 0.0001}",0.447940074906367,0.9182692307692308,0.838223632038065,0.7523809523809524,0.7871517027863777,0.7487931185761986,0.16044736006649649,83,0.6817073170731707,0.8761995458208189,0.8393607381168136,0.9336809635722679,0.9658950975318116,0.8593687324229766,0.09911341864911251
112,3.199816083908081,0.38620061725204613,0.04485054016113281,0.003078074913391819,64,10,0.0002,500,96,384,0.1,4,2,16,0.0001,"{'model__batch_size': 64, 'model__callbacks__early_stopping__patience': 10, 'model__lr': 0.0002, 'model__max_epochs': 500, 'model__module__d_model': 96, 'model__module__dim_feedforward': 384, 'model__module__dropout': 0.1, 'model__module__nhead': 4, 'model__module__num_layers': 2, 'model__module__patch_size': 16, 'model__optimizer__weight_decay': 0.0001}",0.7225672877846792,0.8823529411764706,0.8583333333333334,0.7523809523809524,0.708044099632503,0.7847357228615877,0.07174828241144812,28,0.9181319999261952,0.9120229381489199,0.8894130384347692,0.9336809635722679,0.9127237851662404,0.9131945450496785,0.014221294870813072
113,2.005812931060791,0.6174487764148217,0.042321205139160156,0.005818603868685536,64,10,0.0002,500,96,384,0.1,4,2,32,0.0001,"{'model__batch_size': 64, 'model__callbacks__early_stopping__patience': 10, 'model__lr': 0.0002, 'model__max_epochs': 500, 'model__module__d_model': 96, 'model__module__dim_feedforward': 384, 'model__module__dropout': 0.1, 'model__module__nhead': 4, 'model__module__num_layers': 2, 'model__module__patch_size': 32, 'model__optimizer__weight_decay': 0.0001}",0.36096845194424065,0.9144654088050315,0.8229166666666667,0.7523809523809524,0.7355769230769231,0.7172616805747628,0.188979344184527,192,0.6659752868490733,0.8708965517241379,0.8693063181501817,0.9074406256726699,0.9483532547940494,0.8523944074380225,0.09758956615961686
114,3.8603167057037355,0.278098810785876,0.047129058837890626,0.007370908175712027,64,10,0.0002,500,96,384,0.1,4,3,16,0.0001,"{'model__batch_size': 64, 'model__callbacks__early_stopping__patience': 10, 'model__lr': 0.0002, 'model__max_epochs': 500, 'model__module__d_model': 96, 'model__module__dim_feedforward': 384, 'model__module__dropout': 0.1, 'model__module__nhead': 4, 'model__module__num_layers': 3, 'model__module__patch_size': 16, 'model__optimizer__weight_decay': 0.0001}",0.7292929292929293,0.9572327044025157,0.8622087132725431,0.7164351851851851,0.6915064102564102,0.7913351884819166,0.10195104676852923,17,0.927123471268219,0.9083674945743911,0.9103860294117647,0.9080972646656292,0.9333774926788454,0.9174703505197698,0.010650110254883875
115,2.6505372524261475,0.2593021219263394,0.04602580070495606,0.006455254792812238,64,10,0.0002,500,96,384,0.1,4,3,32,0.0001,"{'model__batch_size': 64, 'model__callbacks__early_stopping__patience': 10, 'model__lr': 0.0002, 'model__max_epochs': 500, 'model__module__d_model': 96, 'model__module__dim_feedforward': 384, 'model__module__dropout': 0.1, 'model__module__nhead': 4, 'model__module__num_layers': 3, 'model__module__patch_size': 32, 'model__optimizer__weight_decay': 0.0001}",0.7012850773669027,0.8716981132075472,0.8277608915906788,0.7819314641744548,0.7619047619047619,0.788916061648869,0.05799891929242061,20,0.912154076290202,0.94025629695095,0.8917504312139416,0.9096288922072895,0.9301825993555317,0.916794459203583,0.016910245232515757
116,3.060608148574829,0.9411219038119877,0.0423774242401123,0.003930236738640575,64,10,0.0002,500,96,384,0.25,4,2,16,0.0001,"{'model__batch_size': 64, 'model__callbacks__early_stopping__patience': 10, 'model__lr': 0.0002, 'model__max_epochs': 500, 'model__module__d_model': 96, 'model__module__dim_feedforward': 384, 'model__module__dropout': 0.25, 'model__module__nhead': 4, 'model__module__num_layers': 2, 'model__module__patch_size': 16, 'model__optimizer__weight_decay': 0.0001}",0.4733887267011003,0.9780857234933935,0.802273328046524,0.7422826394789012,0.6791666666666667,0.7350394168773172,0.16445498966603175,122,0.8041532152517232,0.8909376082872827,0.8838180723125644,0.9381671367734086,0.9389629374838766,0.891207794021771,0.04923192921438922
117,2.1532250881195067,0.6353710137821061,0.042461824417114255,0.0024430216598828195,64,10,0.0002,500,96,384,0.25,4,2,32,0.0001,"{'model__batch_size': 64, 'model__callbacks__early_stopping__patience': 10, 'model__lr': 0.0002, 'model__max_epochs': 500, 'model__module__d_model': 96, 'model__module__dim_feedforward': 384, 'model__module__dropout': 0.25, 'model__module__nhead': 4, 'model__module__num_layers': 2, 'model__module__patch_size': 32, 'model__optimizer__weight_decay': 0.0001}",0.42254833449802,0.9182692307692308,0.7957957957957957,0.7382478632478633,0.708044099632503,0.7165810647886826,0.16367691731997924,196,0.7851458885941645,0.8761995458208189,0.8697681873735249,0.9024469291848971,0.9573652154297316,0.8781851532806275,0.05583763737377952
118,3.890006399154663,0.25086500130907957,0.045657110214233396,0.003721509103674933,64,10,0.0002,500,96,384,0.25,4,3,16,0.0001,"{'model__batch_size': 64, 'model__callbacks__early_stopping__patience': 10, 'model__lr': 0.0002, 'model__max_epochs': 500, 'model__module__d_model': 96, 'model__module__dim_feedforward': 384, 'model__module__dropout': 0.25, 'model__module__nhead': 4, 'model__module__num_layers': 3, 'model__module__patch_size': 16, 'model__optimizer__weight_decay': 0.0001}",0.7573140150459738,0.9572327044025157,0.8469617404351087,0.7164351851851851,0.6915064102564102,0.7938900110650386,0.09727990458103532,14,0.91587828230164,0.8934346821670764,0.9103860294117647,0.9125555471868645,0.9276156470401075,0.9119740376214907,0.011013361846783505
119,2.5806235313415526,0.29862784999905134,0.04310874938964844,0.002823315020841243,64,10,0.0002,500,96,384,0.25,4,3,32,0.0001,"{'model__batch_size': 64, 'model__callbacks__early_stopping__patience': 10, 'model__lr': 0.0002, 'model__max_epochs': 500, 'model__module__d_model': 96, 'model__module__dim_feedforward': 384, 'model__module__dropout': 0.25, 'model__module__nhead': 4, 'model__module__num_layers': 3, 'model__module__patch_size': 32, 'model__optimizer__weight_decay': 0.0001}",0.694357743097239,0.9182692307692308,0.8329238329238329,0.7454545454545454,0.7355769230769231,0.7853164550643543,0.08034847000045775,27,0.930115492404634,0.8624865495796173,0.9076923076923078,0.8694013761037889,0.9339759535655059,0.9007343358691708,0.029870783056467246
120,2.768272542953491,0.45662069520990023,0.04440908432006836,0.006225027618181744,64,10,0.0002,500,128,128,0.1,4,2,16,0.0001,"{'model__batch_size': 64, 'model__callbacks__early_stopping__patience': 10, 'model__lr': 0.0002, 'model__max_epochs': 500, 'model__module__d_model': 128, 'model__module__dim_feedforward': 128, 'model__module__dropout': 0.1, 'model__module__nhead': 4, 'model__module__num_layers': 2, 'model__module__patch_size': 16, 'model__optimizer__weight_decay': 0.0001}",0.7364280094413848,0.8716981132075472,0.8111111111111111,0.685,0.6956151553852703,0.7599704778290628,0.07129496022904258,61,0.8839140103780578,0.8408488063660478,0.8593496423634068,0.8996534898522028,0.9464065818357039,0.8860345061590837,0.03630038611991489
121,2.16208233833313,0.3487740419274557,0.042028617858886716,0.005528530203675443,64,10,0.0002,500,128,128,0.1,4,2,32,0.0001,"{'model__batch_size': 64, 'model__callbacks__early_stopping__patience': 10, 'model__lr': 0.0002, 'model__max_epochs': 500, 'model__module__d_model': 128, 'model__module__dim_feedforward': 128, 'model__module__dropout': 0.1, 'model__module__nhead': 4, 'model__module__num_layers': 2, 'model__module__patch_size': 32, 'model__optimizer__weight_decay': 0.0001}",0.7428728070175439,0.91005291005291,0.7957957957957957,0.7422826394789012,0.725,0.7832008304690302,0.06773192414663931,33,0.9507472826086957,0.842173154260566,0.8652742346938775,0.9564671253679297,0.9394915861081274,0.9108306766078392,0.04751150049865856
122,3.3283246994018554,0.9502360756088127,0.04354958534240723,0.005960804180764637,64,10,0.0002,500,128,128,0.1,4,3,16,0.0001,"{'model__batch_size': 64, 'model__callbacks__early_stopping__patience': 10, 'model__lr': 0.0002, 'model__max_epochs': 500, 'model__module__d_model': 128, 'model__module__dim_feedforward': 128, 'model__module__dropout': 0.1, 'model__module__nhead': 4, 'model__module__num_layers': 3, 'model__module__patch_size': 16, 'model__optimizer__weight_decay': 0.0001}",0.4911392405063291,0.8653465346534654,0.838223632038065,0.7523809523809524,0.7529603919967334,0.740010150315109,0.13237263499951357,103,0.7897225725094578,0.9673360972020316,0.8697681873735249,0.9133064516129032,0.9372668941014265,0.895480040559869,0.06176237751059598
123,2.353005027770996,0.2783093617270949,0.04410829544067383,0.00467123012198648,64,10,0.0002,500,128,128,0.1,4,3,32,0.0001,"{'model__batch_size': 64, 'model__callbacks__early_stopping__patience': 10, 'model__lr': 0.0002, 'model__max_epochs': 500, 'model__module__d_model': 128, 'model__module__dim_feedforward': 128, 'model__module__dropout': 0.1, 'model__module__nhead': 4, 'model__module__num_layers': 3, 'model__module__patch_size': 32, 'model__optimizer__weight_decay': 0.0001}",0.7148936170212765,0.9373271889400921,0.853920515574651,0.7026338147833475,0.708044099632503,0.783363847190374,0.09545839824788543,31,0.8916440217391304,0.8613333333333333,0.914959114959115,0.8834073962491527,0.9345547945205479,0.8971797321602558,0.025370405492690505
124,2.973352003097534,0.8429319116696107,0.04320230484008789,0.003672224301479107,64,10,0.0002,500,128,128,0.25,4,2,16,0.0001,"{'model__batch_size': 64, 'model__callbacks__early_stopping__patience': 10, 'model__lr': 0.0002, 'model__max_epochs': 500, 'model__module__d_model': 128, 'model__module__dim_feedforward': 128, 'model__module__dropout': 0.25, 'model__module__nhead': 4, 'model__module__num_layers': 2, 'model__module__patch_size': 16, 'model__optimizer__weight_decay': 0.0001}",0.4733887267011003,0.9306829765545361,0.8741739360296061,0.6978928662096979,0.7619047619047619,0.7476086534799405,0.15962931120485663,87,0.7866194304401144,0.877263543495912,0.9067202930568931,0.9216155839513895,0.9276156470401075,0.8839668995968832,0.05169490929516779
125,2.2357344150543215,0.30854766886008383,0.044464397430419925,0.004174485517588773,64,10,0.0002,500,128,128,0.25,4,2,32,0.0001,"{'model__batch_size': 64, 'model__callbacks__early_stopping__patience': 10, 'model__lr': 0.0002, 'model__max_epochs': 500, 'model__module__d_model': 128, 'model__module__dim_feedforward': 128, 'model__module__dropout': 0.25, 'model__module__nhead': 4, 'model__module__num_layers': 2, 'model__module__patch_size': 32, 'model__optimizer__weight_decay': 0.0001}",0.6954545454545455,0.8955453149001535,0.8431372549019607,0.7244817633167148,0.6167247386759582,0.7550687234498665,0.10111202643502655,72,0.9511967090501122,0.8353081451673001,0.853355893965031,0.9386646672640492,0.9127237851662404,0.8982498401225465,0.04609413765908075
126,3.3755794048309324,1.0012811956565602,0.04491868019104004,0.004734015569427576,64,10,0.0002,500,128,128,0.25,4,3,16,0.0001,"{'model__batch_size': 64, 'model__callbacks__early_stopping__patience': 10, 'model__lr': 0.0002, 'model__max_epochs': 500, 'model__module__d_model': 128, 'model__module__dim_feedforward': 128, 'model__module__dropout': 0.25, 'model__module__nhead': 4, 'model__module__num_layers': 3, 'model__module__patch_size': 16, 'model__optimizer__weight_decay': 0.0001}",0.46575984990619135,0.8488888888888889,0.853920515574651,0.7422826394789012,0.7796474358974359,0.7380998659492137,0.14254922727598557,107,0.7717106085218044,0.9678303137428192,0.8608219829893535,0.8940412186379929,0.9474126608878382,0.8883633569559617,0.0695707505009038
127,2.3791292667388917,0.277604079270461,0.04326324462890625,0.0038134317605648953,64,10,0.0002,500,128,128,0.25,4,3,32,0.0001,"{'model__batch_size': 64, 'model__callbacks__early_stopping__patience': 10, 'model__lr': 0.0002, 'model__max_epochs': 500, 'model__module__d_model': 128, 'model__module__dim_feedforward': 128, 'model__module__dropout': 0.25, 'model__module__nhead': 4, 'model__module__num_layers': 3, 'model__module__patch_size': 32, 'model__optimizer__weight_decay': 0.0001}",0.7364280094413848,0.9182692307692308,0.8229166666666667,0.7422826394789012,0.6791666666666667,0.7798126426045701,0.08300424531113355,40,0.9303946967387992,0.8719702358155058,0.8769230769230769,0.9052585193889542,0.9245439469320066,0.9018180951596685,0.02389803195201336
128,2.676172399520874,0.8061592326952264,0.04129037857055664,0.005017765342508935,64,10,0.0002,500,128,256,0.1,4,2,16,0.0001,"{'model__batch_size': 64, 'model__callbacks__early_stopping__patience': 10, 'model__lr': 0.0002, 'model__max_epochs': 500, 'model__module__d_model': 128, 'model__module__dim_feedforward': 256, 'model__module__dropout': 0.1, 'model__module__nhead': 4, 'model__module__num_layers': 2, 'model__module__patch_size': 16, 'model__optimizer__weight_decay': 0.0001}",0.5575935436537051,0.9373271889400921,0.8229166666666667,0.7068243409706825,0.7619047619047619,0.7573133004271816,0.1258308384384745,66,0.6933904907153603,0.8995862068965517,0.8578569197125898,0.9342076502732239,0.9384164222873901,0.8646915379770231,0.09041708594521443
129,1.8753217697143554,0.27276229228310406,0.039212274551391604,0.005111251541876305,64,10,0.0002,500,128,256,0.1,4,2,32,0.0001,"{'model__batch_size': 64, 'model__callbacks__early_stopping__patience': 10, 'model__lr': 0.0002, 'model__max_epochs': 500, 'model__module__d_model': 128, 'model__module__dim_feedforward': 256, 'model__module__dropout': 0.1, 'model__module__nhead': 4, 'model__module__num_layers': 2, 'model__module__patch_size': 32, 'model__optimizer__weight_decay': 0.0001}",0.7148936170212765,0.91005291005291,0.8268741159830268,0.5800000000000001,0.7355769230769231,0.7534795132268274,0.11118139407011966,75,0.9316753926701571,0.8112207853372319,0.8769230769230769,0.8348664118647477,0.9327586206896552,0.8774888574969737,0.04939509628404087
130,3.6020344734191894,0.6046242280152037,0.04512739181518555,0.00356446952070485,64,10,0.0002,500,128,256,0.1,4,3,16,0.0001,"{'model__batch_size': 64, 'model__callbacks__early_stopping__patience': 10, 'model__lr': 0.0002, 'model__max_epochs': 500, 'model__module__d_model': 128, 'model__module__dim_feedforward': 256, 'model__module__dropout': 0.1, 'model__module__nhead': 4, 'model__module__num_layers': 3, 'model__module__patch_size': 16, 'model__optimizer__weight_decay': 0.0001}",0.6616161616161615,0.91005291005291,0.8111111111111111,0.7244817633167148,0.7871517027863777,0.778882729776655,0.08369417402865635,41,0.9570291777188329,0.8601398601398602,0.8801867323836429,0.9308372799571083,0.9622719734660032,0.9180930047330895,0.041050397921918384
131,2.5028470039367674,0.29197205662324066,0.0441525936126709,0.004674907038035574,64,10,0.0002,500,128,256,0.1,4,3,32,0.0001,"{'model__batch_size': 64, 'model__callbacks__early_stopping__patience': 10, 'model__lr': 0.0002, 'model__max_epochs': 500, 'model__module__d_model': 128, 'model__module__dim_feedforward': 256, 'model__module__dropout': 0.1, 'model__module__nhead': 4, 'model__module__num_layers': 3, 'model__module__patch_size': 32, 'model__optimizer__weight_decay': 0.0001}",0.6616161616161615,0.9373271889400921,0.8229166666666667,0.6978928662096979,0.8297213622291022,0.7898948491323441,0.09933043132140011,19,0.9049111046342174,0.938356039466725,0.9141264012745041,0.8981846882399369,0.9565693882240645,0.9224295243678895,0.021830406085329206
132,2.571745252609253,0.8068743352182944,0.04229736328125,0.005302985242806585,64,10,0.0002,500,128,256,0.25,4,2,16,0.0001,"{'model__batch_size': 64, 'model__callbacks__early_stopping__patience': 10, 'model__lr': 0.0002, 'model__max_epochs': 500, 'model__module__d_model': 128, 'model__module__dim_feedforward': 256, 'model__module__dropout': 0.25, 'model__module__nhead': 4, 'model__module__num_layers': 2, 'model__module__patch_size': 16, 'model__optimizer__weight_decay': 0.0001}",0.4394062078272605,0.91005291005291,0.8622087132725431,0.6260683760683761,0.8051948051948052,0.728586202483179,0.1736600088663435,146,0.5794312796208531,0.8290928775810069,0.8783659873874885,0.8820474370462483,0.9528399668325042,0.82435550969362,0.12865773745864853
133,1.6732951164245606,0.441419165785678,0.04106040000915527,0.0034051137096161982,64,10,0.0002,500,128,256,0.25,4,2,32,0.0001,"{'model__batch_size': 64, 'model__callbacks__early_stopping__patience': 10, 'model__lr': 0.0002, 'model__max_epochs': 500, 'model__module__d_model': 128, 'model__module__dim_feedforward': 256, 'model__module__dropout': 0.25, 'model__module__nhead': 4, 'model__module__num_layers': 2, 'model__module__patch_size': 32, 'model__optimizer__weight_decay': 0.0001}",0.40323886639676115,0.9550264550264551,0.7884016973125885,0.5800000000000001,0.708044099632503,0.6869422236736616,0.18683292172127514,278,0.6588235294117647,0.8307291666666667,0.8666666666666667,0.8228021978021978,0.9127237851662404,0.8183490691427073,0.08586346400072514
134,3.8914255619049074,0.48533297601009334,0.04584188461303711,0.004326982616517237,64,10,0.0002,500,128,256,0.25,4,3,16,0.0001,"{'model__batch_size': 64, 'model__callbacks__early_stopping__patience': 10, 'model__lr': 0.0002, 'model__max_epochs': 500, 'model__module__d_model': 128, 'model__module__dim_feedforward': 256, 'model__module__dropout': 0.25, 'model__module__nhead': 4, 'model__module__num_layers': 3, 'model__module__patch_size': 16, 'model__optimizer__weight_decay': 0.0001}",0.728744939271255,0.9144654088050315,0.8329238329238329,0.7523809523809524,0.7871517027863777,0.8031333672334899,0.06579841145968757,4,0.8997347480106102,0.9212836815016652,0.8781630740393627,0.921028466483012,0.9622719734660032,0.9164963887001306,0.027889989865689573
135,2.5590488433837892,0.5294669923292855,0.044758272171020505,0.003987709372690648,64,10,0.0002,500,128,256,0.25,4,3,32,0.0001,"{'model__batch_size': 64, 'model__callbacks__early_stopping__patience': 10, 'model__lr': 0.0002, 'model__max_epochs': 500, 'model__module__d_model': 128, 'model__module__dim_feedforward': 256, 'model__module__dropout': 0.25, 'model__module__nhead': 4, 'model__module__num_layers': 3, 'model__module__patch_size': 32, 'model__optimizer__weight_decay': 0.0001}",0.7012850773669027,0.9572327044025157,0.8966565349544073,0.7306895531222255,0.6956151553852703,0.7962958050462643,0.1090328148439189,9,0.8916440217391304,0.8880967083964895,0.8871794871794871,0.9125555471868645,0.9709079283887468,0.9100767385781436,0.031792291658070994
136,2.7658550262451174,0.3859151737175853,0.04489126205444336,0.0012371773211255737,64,10,0.0002,500,128,384,0.1,4,2,16,0.0001,"{'model__batch_size': 64, 'model__callbacks__early_stopping__patience': 10, 'model__lr': 0.0002, 'model__max_epochs': 500, 'model__module__d_model': 128, 'model__module__dim_feedforward': 384, 'model__module__dropout': 0.1, 'model__module__nhead': 4, 'model__module__num_layers': 2, 'model__module__patch_size': 16, 'model__optimizer__weight_decay': 0.0001}",0.7428728070175439,0.9342571704801805,0.7808807733619764,0.703030303030303,0.8114285714285714,0.7944939250637151,0.07878603797616433,12,0.8986013986013985,0.8422068965517242,0.8578569197125898,0.8823708206686931,0.943904109589041,0.8849880290246892,0.03529759353851317
137,1.9049293041229247,0.31118908618035995,0.04237995147705078,0.002954946021299491,64,10,0.0002,500,128,384,0.1,4,2,32,0.0001,"{'model__batch_size': 64, 'model__callbacks__early_stopping__patience': 10, 'model__lr': 0.0002, 'model__max_epochs': 500, 'model__module__d_model': 128, 'model__module__dim_feedforward': 384, 'model__module__dropout': 0.1, 'model__module__nhead': 4, 'model__module__num_layers': 2, 'model__module__patch_size': 32, 'model__optimizer__weight_decay': 0.0001}",0.687888198757764,0.9572327044025157,0.8111111111111111,0.5800000000000001,0.6753246753246753,0.7423113379192132,0.13016809441731297,98,0.9129355077835433,0.8814539220513943,0.8652742346938775,0.8266129032258065,0.9282899921197794,0.8829133119748802,0.03589812873600217
138,3.8163551330566405,0.4127796260832233,0.045093345642089847,0.0036087419856150405,64,10,0.0002,500,128,384,0.1,4,3,16,0.0001,"{'model__batch_size': 64, 'model__callbacks__early_stopping__patience': 10, 'model__lr': 0.0002, 'model__max_epochs': 500, 'model__module__d_model': 128, 'model__module__dim_feedforward': 384, 'model__module__dropout': 0.1, 'model__module__nhead': 4, 'model__module__num_layers': 3, 'model__module__patch_size': 16, 'model__optimizer__weight_decay': 0.0001}",0.7649122807017543,0.8999705795822301,0.8111111111111111,0.7306895531222255,0.7796474358974359,0.7972661920829515,0.057496987748911065,8,0.9174066007706484,0.9442219679633868,0.8711314657308828,0.9080972646656292,0.9760966640399265,0.9233907926340947,0.03524935898595977
139,2.3739691734313966,0.2975071468806811,0.042851734161376956,0.006038315790957526,64,10,0.0002,500,128,384,0.1,4,3,32,0.0001,"{'model__batch_size': 64, 'model__callbacks__early_stopping__patience': 10, 'model__lr': 0.0002, 'model__max_epochs': 500, 'model__module__d_model': 128, 'model__module__dim_feedforward': 384, 'model__module__dropout': 0.1, 'model__module__nhead': 4, 'model__module__num_layers': 3, 'model__module__patch_size': 32, 'model__optimizer__weight_decay': 0.0001}",0.728744939271255,0.9182692307692308,0.8277608915906788,0.7382478632478633,0.7186147186147187,0.7863275286987493,0.07659996056175293,25,0.9356716276424306,0.8708965517241379,0.9103860294117647,0.9264957264957265,0.9321184995737426,0.9151136869695605,0.023743837918430866
140,2.8367751598358155,0.5011037776764272,0.04336094856262207,0.0031506085733911874,64,10,0.0002,500,128,384,0.25,4,2,16,0.0001,"{'model__batch_size': 64, 'model__callbacks__early_stopping__patience': 10, 'model__lr': 0.0002, 'model__max_epochs': 500, 'model__module__d_model': 128, 'model__module__dim_feedforward': 384, 'model__module__dropout': 0.25, 'model__module__nhead': 4, 'model__module__num_layers': 2, 'model__module__patch_size': 16, 'model__optimizer__weight_decay': 0.0001}",0.7428728070175439,0.91005291005291,0.7808807733619764,0.7026338147833475,0.8051948051948052,0.7883270220821166,0.07009503830329687,22,0.9059816096312446,0.847630210241008,0.8578569197125898,0.8834073962491527,0.9573652154297316,0.8904482702527453,0.03915180323817008
141,1.8591196060180664,0.4756435902316279,0.041214704513549805,0.003136545880553615,64,10,0.0002,500,128,384,0.25,4,2,32,0.0001,"{'model__batch_size': 64, 'model__callbacks__early_stopping__patience': 10, 'model__lr': 0.0002, 'model__max_epochs': 500, 'model__module__d_model': 128, 'model__module__dim_feedforward': 384, 'model__module__dropout': 0.25, 'model__module__nhead': 4, 'model__module__num_layers': 2, 'model__module__patch_size': 32, 'model__optimizer__weight_decay': 0.0001}",0.4257142857142857,0.9342571704801805,0.803921568627451,0.7244817633167148,0.708044099632503,0.7192837775542269,0.16716070788243487,184,0.7484803558191253,0.8613333333333333,0.8697681873735249,0.8867622082705189,0.9179643999787885,0.8568616969550581,0.05755114078274578
142,3.647683572769165,1.109695255260086,0.04672741889953613,0.004347943302915133,64,10,0.0002,500,128,384,0.25,4,3,16,0.0001,"{'model__batch_size': 64, 'model__callbacks__early_stopping__patience': 10, 'model__lr': 0.0002, 'model__max_epochs': 500, 'model__module__d_model': 128, 'model__module__dim_feedforward': 384, 'model__module__dropout': 0.25, 'model__module__nhead': 4, 'model__module__num_layers': 3, 'model__module__patch_size': 16, 'model__optimizer__weight_decay': 0.0001}",0.46575984990619135,0.9144654088050315,0.8229166666666667,0.6761904761904762,0.7619047619047619,0.7282474326946256,0.15256596746041254,148,0.6509563948776138,0.9218045112781954,0.9040236249538575,0.8584964539007092,0.9519704433497538,0.857450285672026,0.10759686231115681
143,2.4362027645111084,0.23276436668009742,0.04170999526977539,0.002799184852811016,64,10,0.0002,500,128,384,0.25,4,3,32,0.0001,"{'model__batch_size': 64, 'model__callbacks__early_stopping__patience': 10, 'model__lr': 0.0002, 'model__max_epochs': 500, 'model__module__d_model': 128, 'model__module__dim_feedforward': 384, 'model__module__dropout': 0.25, 'model__module__nhead': 4, 'model__module__num_layers': 3, 'model__module__patch_size': 32, 'model__optimizer__weight_decay': 0.0001}",0.7428728070175439,0.9144654088050315,0.8428754813863928,0.7306895531222255,0.708044099632503,0.7877894699927394,0.0783817495831465,23,0.912154076290202,0.8918214873640985,0.9408149328477122,0.9222715974994351,0.9276156470401075,0.918935548208311,0.01640939651322491
144,12.392967414855956,5.264503745622763,0.042560911178588866,0.0023260613233230536,128,10,3e-05,500,96,128,0.1,4,2,16,0.0001,"{'model__batch_size': 128, 'model__callbacks__early_stopping__patience': 10, 'model__lr': 3e-05, 'model__max_epochs': 500, 'model__module__d_model': 96, 'model__module__dim_feedforward': 128, 'model__module__dropout': 0.1, 'model__module__nhead': 4, 'model__module__num_layers': 2, 'model__module__patch_size': 16, 'model__optimizer__weight_decay': 0.0001}",0.46920521339125987,0.91005291005291,0.8583333333333334,0.6260683760683761,0.7355769230769231,0.7198473511845604,0.15951170409690082,180,0.6640075973409307,0.8408488063660478,0.9309507549889977,0.8003095975232198,0.894334975369458,0.8260903463177307,0.09252708940455524
145,11.72254753112793,3.7534018622513803,0.04169554710388183,0.0016250722802471568,128,10,3e-05,500,96,128,0.1,4,2,32,0.0001,"{'model__batch_size': 128, 'model__callbacks__early_stopping__patience': 10, 'model__lr': 3e-05, 'model__max_epochs': 500, 'model__module__d_model': 96, 'model__module__dim_feedforward': 128, 'model__module__dropout': 0.1, 'model__module__nhead': 4, 'model__module__num_layers': 2, 'model__module__patch_size': 32, 'model__optimizer__weight_decay': 0.0001}",0.715605493133583,0.9572327044025157,0.7984189723320159,0.638095238095238,0.708044099632503,0.7634793015191711,0.10940501654278759,60,0.9303946967387992,0.895245769540693,0.9013582214128537,0.7902646971349261,0.9758718823467025,0.8986270534347949,0.06121640201265823
146,18.471319723129273,1.9038412894095909,0.041829919815063475,0.0015204947564546871,128,10,3e-05,500,96,128,0.1,4,3,16,0.0001,"{'model__batch_size': 128, 'model__callbacks__early_stopping__patience': 10, 'model__lr': 3e-05, 'model__max_epochs': 500, 'model__module__d_model': 96, 'model__module__dim_feedforward': 128, 'model__module__dropout': 0.1, 'model__module__nhead': 4, 'model__module__num_layers': 3, 'model__module__patch_size': 16, 'model__optimizer__weight_decay': 0.0001}",0.7012850773669027,0.9780857234933935,0.8428754813863928,0.6761904761904762,0.6333333333333333,0.7663540183540998,0.1270777583417934,56,0.9558765520220899,0.866676433960882,0.8949494949494949,0.9117781155015198,0.9030264279624893,0.9064614048792953,0.028973405828843564
147,9.359635400772095,5.298068546305592,0.03992171287536621,0.0011700919924478776,128,10,3e-05,500,96,128,0.1,4,3,32,0.0001,"{'model__batch_size': 128, 'model__callbacks__early_stopping__patience': 10, 'model__lr': 3e-05, 'model__max_epochs': 500, 'model__module__d_model': 96, 'model__module__dim_feedforward': 128, 'model__module__dropout': 0.1, 'model__module__nhead': 4, 'model__module__num_layers': 3, 'model__module__patch_size': 32, 'model__optimizer__weight_decay': 0.0001}",0.540987479329081,0.8329238329238329,0.8229166666666667,0.6503884572697003,0.6474358974358974,0.6989304667250357,0.11249960406778818,257,0.7315224017067967,0.9766686408585941,0.8781630740393627,0.802469620526512,0.9612105711849956,0.8700068616632523,0.09327443396961457
148,17.02313690185547,7.117204952024204,0.04164443016052246,0.0021678767918177386,128,10,3e-05,500,96,128,0.25,4,2,16,0.0001,"{'model__batch_size': 128, 'model__callbacks__early_stopping__patience': 10, 'model__lr': 3e-05, 'model__max_epochs': 500, 'model__module__d_model': 96, 'model__module__dim_feedforward': 128, 'model__module__dropout': 0.25, 'model__module__nhead': 4, 'model__module__num_layers': 2, 'model__module__patch_size': 16, 'model__optimizer__weight_decay': 0.0001}",0.4585858585858586,0.8999705795822301,0.7808807733619764,0.638095238095238,0.6791666666666667,0.6913398232583939,0.14744623012549032,272,0.6395738804497928,0.9490659115599009,0.8737152959919178,0.8931234465617233,0.9048249895412076,0.8520607048209085,0.10908693825192568
149,9.6504065990448,4.627047255328742,0.04020147323608399,0.0010883716935927812,128,10,3e-05,500,96,128,0.25,4,2,32,0.0001,"{'model__batch_size': 128, 'model__callbacks__early_stopping__patience': 10, 'model__lr': 3e-05, 'model__max_epochs': 500, 'model__module__d_model': 96, 'model__module__dim_feedforward': 128, 'model__module__dropout': 0.25, 'model__module__nhead': 4, 'model__module__num_layers': 2, 'model__module__patch_size': 32, 'model__optimizer__weight_decay': 0.0001}",0.5491718426501035,0.91005291005291,0.80795892169448,0.6142744686434007,0.6791666666666667,0.7121249619415122,0.13082378058933272,215,0.7515862944162437,0.8353081451673001,0.8984692283661355,0.8429886727262019,0.9662206352853835,0.8589145951922529,0.07128733251094437
150,18.059726428985595,4.053849485034963,0.04166436195373535,0.0012443869132292504,128,10,3e-05,500,96,128,0.25,4,3,16,0.0001,"{'model__batch_size': 128, 'model__callbacks__early_stopping__patience': 10, 'model__lr': 3e-05, 'model__max_epochs': 500, 'model__module__d_model': 96, 'model__module__dim_feedforward': 128, 'model__module__dropout': 0.25, 'model__module__nhead': 4, 'model__module__num_layers': 3, 'model__module__patch_size': 16, 'model__optimizer__weight_decay': 0.0001}",0.728744939271255,0.9780857234933935,0.8428754813863928,0.7454545454545454,0.7355769230769231,0.806147522536502,0.09546380966718267,3,0.8970452880515432,0.8814539220513943,0.8793596782924755,0.9019756838905775,0.9418158567774936,0.9003300858126968,0.022497264864053335
151,10.184453392028809,4.3925680811575125,0.03925399780273438,0.002949943667715659,128,10,3e-05,500,96,128,0.25,4,3,32,0.0001,"{'model__batch_size': 128, 'model__callbacks__early_stopping__patience': 10, 'model__lr': 3e-05, 'model__max_epochs': 500, 'model__module__d_model': 96, 'model__module__dim_feedforward': 128, 'model__module__dropout': 0.25, 'model__module__nhead': 4, 'model__module__num_layers': 3, 'model__module__patch_size': 32, 'model__optimizer__weight_decay': 0.0001}",0.5706324881582614,0.9572327044025157,0.7875,0.6629849900877938,0.6791666666666667,0.7315033698630475,0.1322139890535741,136,0.7500458463231249,0.8794309139136726,0.8826507584528739,0.8244386118401866,0.9519704433497538,0.8577073147759224,0.06734601092110583
152,13.571681690216064,6.199019107245655,0.041309452056884764,0.0012909001879769651,128,10,3e-05,500,96,256,0.1,4,2,16,0.0001,"{'model__batch_size': 128, 'model__callbacks__early_stopping__patience': 10, 'model__lr': 3e-05, 'model__max_epochs': 500, 'model__module__d_model': 96, 'model__module__dim_feedforward': 256, 'model__module__dropout': 0.1, 'model__module__nhead': 4, 'model__module__num_layers': 2, 'model__module__patch_size': 16, 'model__optimizer__weight_decay': 0.0001}",0.447940074906367,0.9182692307692308,0.838223632038065,0.7142857142857142,0.6791666666666667,0.7195770637332088,0.16062579972156046,181,0.6753731343283582,0.8814539220513943,0.8984692283661355,0.9325716845878136,0.9171738082915425,0.8610083555250487,0.09440089161057147
153,9.081945705413819,3.5794628112101043,0.040614748001098634,0.0022648926649137817,128,10,3e-05,500,96,256,0.1,4,2,32,0.0001,"{'model__batch_size': 128, 'model__callbacks__early_stopping__patience': 10, 'model__lr': 3e-05, 'model__max_epochs': 500, 'model__module__d_model': 96, 'model__module__dim_feedforward': 256, 'model__module__dropout': 0.1, 'model__module__nhead': 4, 'model__module__num_layers': 2, 'model__module__patch_size': 32, 'model__optimizer__weight_decay': 0.0001}",0.4920518464172169,0.9572327044025157,0.838223632038065,0.7164351851851851,0.7355769230769231,0.7479040582239811,0.15399916236303035,86,0.7528074685428223,0.866676433960882,0.902059913955471,0.8639752956240114,0.9269180661395964,0.8624874356445567,0.059609971990106314
154,13.756351232528687,6.224406118131435,0.042516469955444336,0.0023127496839698697,128,10,3e-05,500,96,256,0.1,4,3,16,0.0001,"{'model__batch_size': 128, 'model__callbacks__early_stopping__patience': 10, 'model__lr': 3e-05, 'model__max_epochs': 500, 'model__module__d_model': 96, 'model__module__dim_feedforward': 256, 'model__module__dropout': 0.1, 'model__module__nhead': 4, 'model__module__num_layers': 3, 'model__module__patch_size': 16, 'model__optimizer__weight_decay': 0.0001}",0.46914765906362543,0.9373271889400921,0.8583333333333334,0.6634615384615384,0.7276190476190476,0.7311777534835274,0.16243401846413674,139,0.6998334390862944,0.9156756756756756,0.8984692283661355,0.8584964539007092,0.9418158567774936,0.8628581307612617,0.08589323622011033
155,8.735107183456421,4.328856040827985,0.040576601028442384,0.0008768199810321661,128,10,3e-05,500,96,256,0.1,4,3,32,0.0001,"{'model__batch_size': 128, 'model__callbacks__early_stopping__patience': 10, 'model__lr': 3e-05, 'model__max_epochs': 500, 'model__module__d_model': 96, 'model__module__dim_feedforward': 256, 'model__module__dropout': 0.1, 'model__module__nhead': 4, 'model__module__num_layers': 3, 'model__module__patch_size': 32, 'model__optimizer__weight_decay': 0.0001}",0.5093314434207418,0.8774038461538461,0.838223632038065,0.6142744686434007,0.7796474358974359,0.7237761652306979,0.13985595887055363,166,0.7477365524587254,0.9288723532308365,0.9402573529411764,0.8149063371861299,0.9469181411627455,0.8757381473959226,0.0801716666490216
156,14.091424703598022,4.663990615497684,0.041767120361328125,0.0006921150171257223,128,10,3e-05,500,96,256,0.25,4,2,16,0.0001,"{'model__batch_size': 128, 'model__callbacks__early_stopping__patience': 10, 'model__lr': 3e-05, 'model__max_epochs': 500, 'model__module__d_model': 96, 'model__module__dim_feedforward': 256, 'model__module__dropout': 0.25, 'model__module__nhead': 4, 'model__module__num_layers': 2, 'model__module__patch_size': 16, 'model__optimizer__weight_decay': 0.0001}",0.43725296442687744,0.91005291005291,0.8229166666666667,0.6761904761904762,0.6915064102564102,0.707583885518668,0.1603859062147117,231,0.744764470358138,0.8478067939349307,0.8724464765792108,0.8801003810763082,0.9231527093596059,0.8536541662616386,0.05962173820834075
157,10.333160543441773,3.181431181471531,0.03913474082946777,0.0012878040896761045,128,10,3e-05,500,96,256,0.25,4,2,32,0.0001,"{'model__batch_size': 128, 'model__callbacks__early_stopping__patience': 10, 'model__lr': 3e-05, 'model__max_epochs': 500, 'model__module__d_model': 96, 'model__module__dim_feedforward': 256, 'model__module__dropout': 0.25, 'model__module__nhead': 4, 'model__module__num_layers': 2, 'model__module__patch_size': 32, 'model__optimizer__weight_decay': 0.0001}",0.750531914893617,0.9144654088050315,0.7875,0.6759259259259259,0.708044099632503,0.7672934698514154,0.08271317809748314,55,0.9602255409935996,0.8677709968032549,0.8324067359600354,0.8065814393939394,0.9321184995737426,0.8798206425449143,0.05823618621214825
158,14.43259334564209,6.216308292559948,0.04269323348999023,0.0022139223056504126,128,10,3e-05,500,96,256,0.25,4,3,16,0.0001,"{'model__batch_size': 128, 'model__callbacks__early_stopping__patience': 10, 'model__lr': 3e-05, 'model__max_epochs': 500, 'model__module__d_model': 96, 'model__module__dim_feedforward': 256, 'model__module__dropout': 0.25, 'model__module__nhead': 4, 'model__module__num_layers': 3, 'model__module__patch_size': 16, 'model__optimizer__weight_decay': 0.0001}",0.5130813953488372,0.9550264550264551,0.8229166666666667,0.638095238095238,0.708044099632503,0.7274327709539399,0.151802297049069,149,0.6897845987030048,0.8740591698338177,0.9040236249538575,0.83602642374285,0.9469181411627455,0.8501623916792551,0.0880393384613646
159,9.738010740280151,4.589137246042605,0.04121179580688476,0.0023223663019634223,128,10,3e-05,500,96,256,0.25,4,3,32,0.0001,"{'model__batch_size': 128, 'model__callbacks__early_stopping__patience': 10, 'model__lr': 3e-05, 'model__max_epochs': 500, 'model__module__d_model': 96, 'model__module__dim_feedforward': 256, 'model__module__dropout': 0.25, 'model__module__nhead': 4, 'model__module__num_layers': 3, 'model__module__patch_size': 32, 'model__optimizer__weight_decay': 0.0001}",0.5093314434207418,0.9342571704801805,0.8277608915906788,0.7721219295649601,0.6791666666666667,0.7445276203446455,0.14371904636728544,93,0.7605083852326194,0.8379878774146038,0.914959114959115,0.9268085106382978,0.9469181411627455,0.8774364058814763,0.0691398848327088
160,12.715982103347779,4.744985175196592,0.042438316345214847,0.0031397885411227,128,10,3e-05,500,96,384,0.1,4,2,16,0.0001,"{'model__batch_size': 128, 'model__callbacks__early_stopping__patience': 10, 'model__lr': 3e-05, 'model__max_epochs': 500, 'model__module__d_model': 96, 'model__module__dim_feedforward': 384, 'model__module__dropout': 0.1, 'model__module__nhead': 4, 'model__module__num_layers': 2, 'model__module__patch_size': 16, 'model__optimizer__weight_decay': 0.0001}",0.5130813953488372,0.9550264550264551,0.8428754813863928,0.6026831785345717,0.648786717752235,0.7124906456096983,0.1622983324556846,213,0.6791738035264483,0.866676433960882,0.8883161512027491,0.8144065325167688,0.9135467980295566,0.832423943847281,0.08329264314708175
161,9.078527164459228,3.263481735684404,0.03829588890075684,0.002219114675913263,128,10,3e-05,500,96,384,0.1,4,2,32,0.0001,"{'model__batch_size': 128, 'model__callbacks__early_stopping__patience': 10, 'model__lr': 3e-05, 'model__max_epochs': 500, 'model__module__d_model': 96, 'model__module__dim_feedforward': 384, 'model__module__dropout': 0.1, 'model__module__nhead': 4, 'model__module__num_layers': 2, 'model__module__patch_size': 32, 'model__optimizer__weight_decay': 0.0001}",0.4576190476190476,0.9572327044025157,0.8777920410783056,0.7142857142857142,0.7355769230769231,0.7485012860925012,0.17101761633659882,84,0.7252368647717484,0.919388666994948,0.9195731188616503,0.9028394968742939,0.9464065818357039,0.8826889458676689,0.07995555193847635
162,17.066812419891356,3.6213449107890554,0.043201446533203125,0.0016752574932676675,128,10,3e-05,500,96,384,0.1,4,3,16,0.0001,"{'model__batch_size': 128, 'model__callbacks__early_stopping__patience': 10, 'model__lr': 3e-05, 'model__max_epochs': 500, 'model__module__d_model': 96, 'model__module__dim_feedforward': 384, 'model__module__dropout': 0.1, 'model__module__nhead': 4, 'model__module__num_layers': 3, 'model__module__patch_size': 16, 'model__optimizer__weight_decay': 0.0001}",0.7428728070175439,0.9144654088050315,0.8428754813863928,0.7164351851851851,0.7796474358974359,0.7992592636583179,0.07155237883399337,7,0.9059816096312446,0.8533834586466165,0.9355834651521793,0.9088762896179943,0.9469181411627455,0.910148592842156,0.03237343163132138
163,7.90514907836914,3.399536554812378,0.04096765518188476,0.001422794495308222,128,10,3e-05,500,96,384,0.1,4,3,32,0.0001,"{'model__batch_size': 128, 'model__callbacks__early_stopping__patience': 10, 'model__lr': 3e-05, 'model__max_epochs': 500, 'model__module__d_model': 96, 'model__module__dim_feedforward': 384, 'model__module__dropout': 0.1, 'model__module__nhead': 4, 'model__module__num_layers': 3, 'model__module__patch_size': 32, 'model__optimizer__weight_decay': 0.0001}",0.49242424242424243,0.9182692307692308,0.8469617404351087,0.6142744686434007,0.708044099632503,0.7159947563808972,0.15392291479328565,201,0.742287153652393,0.919388666994948,0.9195731188616503,0.8375283857794401,0.9418158567774936,0.872118636413185,0.0740226797365978
164,15.796379804611206,2.799535804169243,0.04148068428039551,0.0009221010043171338,128,10,3e-05,500,96,384,0.25,4,2,16,0.0001,"{'model__batch_size': 128, 'model__callbacks__early_stopping__patience': 10, 'model__lr': 3e-05, 'model__max_epochs': 500, 'model__module__d_model': 96, 'model__module__dim_feedforward': 384, 'model__module__dropout': 0.25, 'model__module__nhead': 4, 'model__module__num_layers': 2, 'model__module__patch_size': 16, 'model__optimizer__weight_decay': 0.0001}",0.7428728070175439,0.91005291005291,0.8583333333333334,0.7026338147833475,0.6646341463414633,0.7757054023057196,0.09341401173449264,46,0.9174066007706484,0.8546836575005589,0.9195731188616503,0.8682553191489362,0.9135467980295566,0.89469309886227,0.027532134427424925
165,8.439448356628418,3.0701512377733025,0.039470767974853514,0.0026501386100502376,128,10,3e-05,500,96,384,0.25,4,2,32,0.0001,"{'model__batch_size': 128, 'model__callbacks__early_stopping__patience': 10, 'model__lr': 3e-05, 'model__max_epochs': 500, 'model__module__d_model': 96, 'model__module__dim_feedforward': 384, 'model__module__dropout': 0.25, 'model__module__nhead': 4, 'model__module__num_layers': 2, 'model__module__patch_size': 32, 'model__optimizer__weight_decay': 0.0001}",0.4265101491807288,0.9144654088050315,0.8277608915906788,0.6761904761904762,0.708044099632503,0.7105942050798838,0.16564140216241977,223,0.7188798276657947,0.866676433960882,0.9103860294117647,0.8931234465617233,0.9276156470401075,0.8633362769280545,0.07498215052668125
166,14.618828201293946,5.762922521041063,0.04573488235473633,0.004392595387841231,128,10,3e-05,500,96,384,0.25,4,3,16,0.0001,"{'model__batch_size': 128, 'model__callbacks__early_stopping__patience': 10, 'model__lr': 3e-05, 'model__max_epochs': 500, 'model__module__d_model': 96, 'model__module__dim_feedforward': 384, 'model__module__dropout': 0.25, 'model__module__nhead': 4, 'model__module__num_layers': 3, 'model__module__patch_size': 16, 'model__optimizer__weight_decay': 0.0001}",0.4895238095238095,0.9550264550264551,0.8583333333333334,0.6892341842397336,0.7619047619047619,0.7508045088056188,0.1583987220439249,79,0.7941935483870968,0.8697853870267663,0.9103860294117647,0.8823708206686931,0.9321184995737426,0.8777708570136126,0.047090359175091454
167,7.806229305267334,3.803837508034001,0.04028000831604004,0.0015629927316493247,128,10,3e-05,500,96,384,0.25,4,3,32,0.0001,"{'model__batch_size': 128, 'model__callbacks__early_stopping__patience': 10, 'model__lr': 3e-05, 'model__max_epochs': 500, 'model__module__d_model': 96, 'model__module__dim_feedforward': 384, 'model__module__dropout': 0.25, 'model__module__nhead': 4, 'model__module__num_layers': 3, 'model__module__patch_size': 32, 'model__optimizer__weight_decay': 0.0001}",0.5013205282112845,0.9182692307692308,0.8428754813863928,0.6761904761904762,0.7529603919967334,0.7383232217108237,0.14391437921571804,106,0.7124495042232831,0.8624865495796173,0.892855040326537,0.8219461697722568,0.9524124947706039,0.8484299517344596,0.08021922276863487
168,11.807842302322388,4.37493763722487,0.041977643966674805,0.0018607814872464942,128,10,3e-05,500,128,128,0.1,4,2,16,0.0001,"{'model__batch_size': 128, 'model__callbacks__early_stopping__patience': 10, 'model__lr': 3e-05, 'model__max_epochs': 500, 'model__module__d_model': 128, 'model__module__dim_feedforward': 128, 'model__module__dropout': 0.1, 'model__module__nhead': 4, 'model__module__num_layers': 2, 'model__module__patch_size': 16, 'model__optimizer__weight_decay': 0.0001}",0.48062015503875966,0.9373271889400921,0.8583333333333334,0.6026831785345717,0.7355769230769231,0.722908155784736,0.16591173473768225,168,0.7095527225161555,0.8866608544027899,0.9112223992715685,0.8318380492293536,0.9662206352853835,0.8610989321410502,0.08722247327301517
169,9.728613710403442,2.126439725991669,0.04348669052124023,0.0056972868983333385,128,10,3e-05,500,128,128,0.1,4,2,32,0.0001,"{'model__batch_size': 128, 'model__callbacks__early_stopping__patience': 10, 'model__lr': 3e-05, 'model__max_epochs': 500, 'model__module__d_model': 128, 'model__module__dim_feedforward': 128, 'model__module__dropout': 0.1, 'model__module__nhead': 4, 'model__module__num_layers': 2, 'model__module__patch_size': 32, 'model__optimizer__weight_decay': 0.0001}",0.7364280094413848,0.8904286174669674,0.89375,0.7306895531222255,0.708044099632503,0.7918680559326162,0.08238565218263473,16,0.9142393258209791,0.8517701149425287,0.9141264012745041,0.9028394968742939,0.9321184995737426,0.9030187676972096,0.027285642344574725
170,15.139023780822754,2.7518720887470454,0.043034839630126956,0.0015020481623889336,128,10,3e-05,500,128,128,0.1,4,3,16,0.0001,"{'model__batch_size': 128, 'model__callbacks__early_stopping__patience': 10, 'model__lr': 3e-05, 'model__max_epochs': 500, 'model__module__d_model': 128, 'model__module__dim_feedforward': 128, 'model__module__dropout': 0.1, 'model__module__nhead': 4, 'model__module__num_layers': 3, 'model__module__patch_size': 16, 'model__optimizer__weight_decay': 0.0001}",0.7148936170212765,0.9550264550264551,0.8622087132725431,0.6260683760683761,0.7529603919967334,0.7822315106770767,0.11491958984378148,35,0.9204510819871989,0.8655437352245863,0.9141264012745041,0.8584964539007092,0.9569739952718677,0.9031183335317732,0.03667423238642279
171,9.833538103103638,1.2422949314301877,0.04082655906677246,0.0023652765242031153,128,10,3e-05,500,128,128,0.1,4,3,32,0.0001,"{'model__batch_size': 128, 'model__callbacks__early_stopping__patience': 10, 'model__lr': 3e-05, 'model__max_epochs': 500, 'model__module__d_model': 128, 'model__module__dim_feedforward': 128, 'model__module__dropout': 0.1, 'model__module__nhead': 4, 'model__module__num_layers': 3, 'model__module__patch_size': 32, 'model__optimizer__weight_decay': 0.0001}",0.7364280094413848,0.8488888888888889,0.9127086007702182,0.7164351851851851,0.6791666666666667,0.7787254701904687,0.08769891077356753,42,0.9068504987133008,0.9675873982653915,0.9004289215686274,0.9222715974994351,0.9366623239876501,0.926760148006881,0.023978290844924727
172,12.227745628356933,4.272470817423765,0.041271018981933597,0.0029642367160847122,128,10,3e-05,500,128,128,0.25,4,2,16,0.0001,"{'model__batch_size': 128, 'model__callbacks__early_stopping__patience': 10, 'model__lr': 3e-05, 'model__max_epochs': 500, 'model__module__d_model': 128, 'model__module__dim_feedforward': 128, 'model__module__dropout': 0.25, 'model__module__nhead': 4, 'model__module__num_layers': 2, 'model__module__patch_size': 16, 'model__optimizer__weight_decay': 0.0001}",0.5903643922719491,0.9550264550264551,0.8583333333333334,0.6142744686434007,0.7355769230769231,0.7507151144704123,0.139915955982841,80,0.7734375,0.8781981981981982,0.8652742346938775,0.8318380492293536,0.9515132139812447,0.8600522392205348,0.05834348041593265
173,7.943324851989746,4.086483830356142,0.03899693489074707,0.0031194594284556917,128,10,3e-05,500,128,128,0.25,4,2,32,0.0001,"{'model__batch_size': 128, 'model__callbacks__early_stopping__patience': 10, 'model__lr': 3e-05, 'model__max_epochs': 500, 'model__module__d_model': 128, 'model__module__dim_feedforward': 128, 'model__module__dropout': 0.25, 'model__module__nhead': 4, 'model__module__num_layers': 2, 'model__module__patch_size': 32, 'model__optimizer__weight_decay': 0.0001}",0.6079787234042553,0.9144654088050315,0.8428754813863928,0.6503884572697003,0.7619047619047619,0.7555225665540284,0.11467908077452171,70,0.7698412698412698,0.8408488063660478,0.9030593222002001,0.8417299286864504,0.9668396120009023,0.864463787818974,0.06632999511476229
174,10.854464960098266,7.231537533817296,0.04265351295471191,0.002790884241316514,128,10,3e-05,500,128,128,0.25,4,3,16,0.0001,"{'model__batch_size': 128, 'model__callbacks__early_stopping__patience': 10, 'model__lr': 3e-05, 'model__max_epochs': 500, 'model__module__d_model': 128, 'model__module__dim_feedforward': 128, 'model__module__dropout': 0.25, 'model__module__nhead': 4, 'model__module__num_layers': 3, 'model__module__patch_size': 16, 'model__optimizer__weight_decay': 0.0001}",0.5334933973589435,0.91005291005291,0.8583333333333334,0.6224961479198767,0.7529603919967334,0.7354672361323594,0.14102350456755045,118,0.7002115869017632,0.8085311278536226,0.8871794871794871,0.5563259178381329,0.9515132139812447,0.7807522667508501,0.14007976775266312
175,7.756404685974121,3.6294685981801624,0.03944306373596192,0.002143935372127553,128,10,3e-05,500,128,128,0.25,4,3,32,0.0001,"{'model__batch_size': 128, 'model__callbacks__early_stopping__patience': 10, 'model__lr': 3e-05, 'model__max_epochs': 500, 'model__module__d_model': 128, 'model__module__dim_feedforward': 128, 'model__module__dropout': 0.25, 'model__module__nhead': 4, 'model__module__num_layers': 3, 'model__module__patch_size': 32, 'model__optimizer__weight_decay': 0.0001}",0.4654255319148936,0.8955453149001535,0.8428754813863928,0.6026831785345717,0.648786717752235,0.6910632448976493,0.15834809155662763,273,0.7118226600985222,0.8601398601398602,0.9195731188616503,0.8185512229428773,0.9231527093596059,0.8466479142805031,0.07787217085162974
176,12.373602056503296,4.540150512207438,0.04023189544677734,0.0021912680181676502,128,10,3e-05,500,128,256,0.1,4,2,16,0.0001,"{'model__batch_size': 128, 'model__callbacks__early_stopping__patience': 10, 'model__lr': 3e-05, 'model__max_epochs': 500, 'model__module__d_model': 128, 'model__module__dim_feedforward': 256, 'model__module__dropout': 0.1, 'model__module__nhead': 4, 'model__module__num_layers': 2, 'model__module__patch_size': 16, 'model__optimizer__weight_decay': 0.0001}",0.5575935436537051,0.9182692307692308,0.8174006444683136,0.6388028895768834,0.725,0.7314132616936265,0.12738923698982904,137,0.7575315195753152,0.9580035535454692,0.8578227848101265,0.8333586626139817,0.9423645320197045,0.8698162105129195,0.07364932219978336
177,6.617907381057739,3.450288508169112,0.039452743530273435,0.005130691408985163,128,10,3e-05,500,128,256,0.1,4,2,32,0.0001,"{'model__batch_size': 128, 'model__callbacks__early_stopping__patience': 10, 'model__lr': 3e-05, 'model__max_epochs': 500, 'model__module__d_model': 128, 'model__module__dim_feedforward': 256, 'model__module__dropout': 0.1, 'model__module__nhead': 4, 'model__module__num_layers': 2, 'model__module__patch_size': 32, 'model__optimizer__weight_decay': 0.0001}",0.47767540751240256,0.8955453149001535,0.8329238329238329,0.638095238095238,0.7355769230769231,0.7159633433017101,0.1477556870774217,202,0.7830759417824767,0.8353081451673001,0.8737152959919178,0.8529635258358663,0.9464065818357039,0.858293898122653,0.0533219714695382
178,12.424712419509888,6.241565642027585,0.041244220733642575,0.0021020895977675114,128,10,3e-05,500,128,256,0.1,4,3,16,0.0001,"{'model__batch_size': 128, 'model__callbacks__early_stopping__patience': 10, 'model__lr': 3e-05, 'model__max_epochs': 500, 'model__module__d_model': 128, 'model__module__dim_feedforward': 256, 'model__module__dropout': 0.1, 'model__module__nhead': 4, 'model__module__num_layers': 3, 'model__module__patch_size': 16, 'model__optimizer__weight_decay': 0.0001}",0.4798136645962733,0.9306829765545361,0.8777920410783056,0.6268088347296268,0.8051948051948052,0.7440584644307094,0.1673462399428327,94,0.6966089466089466,0.8546836575005589,0.8974358974358974,0.8307054875419486,0.9519704433497538,0.8462808864874211,0.08544238617324604
179,8.367206573486328,3.3287220391422414,0.03945746421813965,0.002451624416554512,128,10,3e-05,500,128,256,0.1,4,3,32,0.0001,"{'model__batch_size': 128, 'model__callbacks__early_stopping__patience': 10, 'model__lr': 3e-05, 'model__max_epochs': 500, 'model__module__d_model': 128, 'model__module__dim_feedforward': 256, 'model__module__dropout': 0.1, 'model__module__nhead': 4, 'model__module__num_layers': 3, 'model__module__patch_size': 32, 'model__optimizer__weight_decay': 0.0001}",0.4576190476190476,0.9144654088050315,0.8277608915906788,0.7523809523809524,0.7355769230769231,0.7375606446945266,0.15363740075233406,108,0.7499671281251761,0.850494333252954,0.914959114959115,0.8984232925251692,0.9711822660098522,0.8770052269744534,0.07431023061693919
180,12.097522115707397,6.591987526039687,0.04424920082092285,0.0030082374008199154,128,10,3e-05,500,128,256,0.25,4,2,16,0.0001,"{'model__batch_size': 128, 'model__callbacks__early_stopping__patience': 10, 'model__lr': 3e-05, 'model__max_epochs': 500, 'model__module__d_model': 128, 'model__module__dim_feedforward': 256, 'model__module__dropout': 0.25, 'model__module__nhead': 4, 'model__module__num_layers': 2, 'model__module__patch_size': 16, 'model__optimizer__weight_decay': 0.0001}",0.5491718426501035,0.91005291005291,0.8277608915906788,0.6026831785345717,0.7619047619047619,0.7303147169466051,0.13557437549932624,141,0.6598440337570772,0.857153322100945,0.8608219829893535,0.8102941176470588,0.9519704433497538,0.8280167799688376,0.09579748997375638
181,7.444647312164307,3.1354182321435706,0.03850469589233398,0.003202461946342592,128,10,3e-05,500,128,256,0.25,4,2,32,0.0001,"{'model__batch_size': 128, 'model__callbacks__early_stopping__patience': 10, 'model__lr': 3e-05, 'model__max_epochs': 500, 'model__module__d_model': 128, 'model__module__dim_feedforward': 256, 'model__module__dropout': 0.25, 'model__module__nhead': 4, 'model__module__num_layers': 2, 'model__module__patch_size': 32, 'model__optimizer__weight_decay': 0.0001}",0.5723404255319149,0.9144654088050315,0.7957957957957957,0.6510102335345054,0.7445820433436532,0.7356387814021801,0.11790348182077476,116,0.7753688524590163,0.8379878774146038,0.8939208486332109,0.8682553191489362,0.9276156470401075,0.8606297089391749,0.05183749993774441
182,12.722434473037719,5.557850303614695,0.04392857551574707,0.001653169295354029,128,10,3e-05,500,128,256,0.25,4,3,16,0.0001,"{'model__batch_size': 128, 'model__callbacks__early_stopping__patience': 10, 'model__lr': 3e-05, 'model__max_epochs': 500, 'model__module__d_model': 128, 'model__module__dim_feedforward': 256, 'model__module__dropout': 0.25, 'model__module__nhead': 4, 'model__module__num_layers': 3, 'model__module__patch_size': 16, 'model__optimizer__weight_decay': 0.0001}",0.6185300207039337,0.9550264550264551,0.8583333333333334,0.6388028895768834,0.725,0.7591385397281212,0.12932791396490767,63,0.7175324675324675,0.8697853870267663,0.8724464765792108,0.8402476780185758,0.9569739952718677,0.8513972008857775,0.07742316914920963
183,8.563392496109008,4.213718574765834,0.040337228775024415,0.0014212905497625787,128,10,3e-05,500,128,256,0.25,4,3,32,0.0001,"{'model__batch_size': 128, 'model__callbacks__early_stopping__patience': 10, 'model__lr': 3e-05, 'model__max_epochs': 500, 'model__module__d_model': 128, 'model__module__dim_feedforward': 256, 'model__module__dropout': 0.25, 'model__module__nhead': 4, 'model__module__num_layers': 3, 'model__module__patch_size': 32, 'model__optimizer__weight_decay': 0.0001}",0.41569767441860467,0.9144654088050315,0.8992094861660079,0.703030303030303,0.8051948051948052,0.7475195355229505,0.18236898956690395,88,0.748917748917749,0.8338345864661654,0.8894130384347692,0.9184682591318896,0.9515132139812447,0.8684293693863635,0.07117156246520669
184,13.087315893173217,5.341810461172551,0.04553489685058594,0.0038438733999999206,128,10,3e-05,500,128,384,0.1,4,2,16,0.0001,"{'model__batch_size': 128, 'model__callbacks__early_stopping__patience': 10, 'model__lr': 3e-05, 'model__max_epochs': 500, 'model__module__d_model': 128, 'model__module__dim_feedforward': 384, 'model__module__dropout': 0.1, 'model__module__nhead': 4, 'model__module__num_layers': 2, 'model__module__patch_size': 16, 'model__optimizer__weight_decay': 0.0001}",0.44901315789473684,0.9306829765545361,0.8583333333333334,0.6142744686434007,0.708044099632503,0.7120696072117021,0.17202538894042502,216,0.6419753086419753,0.8708965517241379,0.9095197587193565,0.843161094224924,0.9464065818357039,0.8423918590292196,0.10611797244092043
185,8.444633340835571,4.092505351788929,0.049123525619506836,0.006526918929556273,128,10,3e-05,500,128,384,0.1,4,2,32,0.0001,"{'model__batch_size': 128, 'model__callbacks__early_stopping__patience': 10, 'model__lr': 3e-05, 'model__max_epochs': 500, 'model__module__d_model': 128, 'model__module__dim_feedforward': 384, 'model__module__dropout': 0.1, 'model__module__nhead': 4, 'model__module__num_layers': 2, 'model__module__patch_size': 32, 'model__optimizer__weight_decay': 0.0001}",0.46920521339125987,0.9373271889400921,0.838223632038065,0.6142744686434007,0.6915064102564102,0.7101073826538455,0.16468540461274758,225,0.7043547575096493,0.8909376082872827,0.8549107142857143,0.8529635258358663,0.9469181411627455,0.8500169494162517,0.0803920974755108
186,13.271264791488647,5.523493380524653,0.04947729110717773,0.0062661171565452445,128,10,3e-05,500,128,384,0.1,4,3,16,0.0001,"{'model__batch_size': 128, 'model__callbacks__early_stopping__patience': 10, 'model__lr': 3e-05, 'model__max_epochs': 500, 'model__module__d_model': 128, 'model__module__dim_feedforward': 384, 'model__module__dropout': 0.1, 'model__module__nhead': 4, 'model__module__num_layers': 3, 'model__module__patch_size': 16, 'model__optimizer__weight_decay': 0.0001}",0.40323886639676115,0.9550264550264551,0.8777920410783056,0.7306895531222255,0.7355769230769231,0.7404647677401341,0.18906943276837643,101,0.6244760931667953,0.8643714136671883,0.9195731188616503,0.8747759856630823,0.9469181411627455,0.8460229505042923,0.11474831579662104
187,7.769880104064941,3.3860350525382326,0.04504380226135254,0.006410526398230828,128,10,3e-05,500,128,384,0.1,4,3,32,0.0001,"{'model__batch_size': 128, 'model__callbacks__early_stopping__patience': 10, 'model__lr': 3e-05, 'model__max_epochs': 500, 'model__module__d_model': 128, 'model__module__dim_feedforward': 384, 'model__module__dropout': 0.1, 'model__module__nhead': 4, 'model__module__num_layers': 3, 'model__module__patch_size': 32, 'model__optimizer__weight_decay': 0.0001}",0.48574561403508776,0.8774038461538461,0.8583333333333334,0.7026338147833475,0.7020123839009288,0.7252257984413087,0.14090833411412795,162,0.6567035558780843,0.919388666994948,0.9242291775951507,0.8780141843971632,0.941248206599713,0.8639167582930118,0.1056701681196133
188,12.23956241607666,5.018253774491941,0.04431662559509277,0.005096939066591243,128,10,3e-05,500,128,384,0.25,4,2,16,0.0001,"{'model__batch_size': 128, 'model__callbacks__early_stopping__patience': 10, 'model__lr': 3e-05, 'model__max_epochs': 500, 'model__module__d_model': 128, 'model__module__dim_feedforward': 384, 'model__module__dropout': 0.25, 'model__module__nhead': 4, 'model__module__num_layers': 2, 'model__module__patch_size': 16, 'model__optimizer__weight_decay': 0.0001}",0.4265101491807288,0.8904286174669674,0.838223632038065,0.7164351851851851,0.7355769230769231,0.721434901389574,0.16087516096968546,176,0.729934987602741,0.8613333333333333,0.8711314657308828,0.9140318400592373,0.9469181411627455,0.8646699535777879,0.074037497834915
189,7.895713758468628,3.083718727018965,0.045710515975952146,0.006945401407190878,128,10,3e-05,500,128,384,0.25,4,2,32,0.0001,"{'model__batch_size': 128, 'model__callbacks__early_stopping__patience': 10, 'model__lr': 3e-05, 'model__max_epochs': 500, 'model__module__d_model': 128, 'model__module__dim_feedforward': 384, 'model__module__dropout': 0.25, 'model__module__nhead': 4, 'model__module__num_layers': 2, 'model__module__patch_size': 32, 'model__optimizer__weight_decay': 0.0001}",0.4895238095238095,0.9550264550264551,0.838223632038065,0.6388028895768834,0.7871517027863777,0.7417456977903181,0.16190829575857188,100,0.764027529199033,0.8708965517241379,0.8994663985770629,0.8529635258358663,0.9515132139812447,0.867773443863469,0.061658891916916474
190,12.95940022468567,4.757632266643837,0.04359006881713867,0.0031609019568612723,128,10,3e-05,500,128,384,0.25,4,3,16,0.0001,"{'model__batch_size': 128, 'model__callbacks__early_stopping__patience': 10, 'model__lr': 3e-05, 'model__max_epochs': 500, 'model__module__d_model': 128, 'model__module__dim_feedforward': 384, 'model__module__dropout': 0.25, 'model__module__nhead': 4, 'model__module__num_layers': 3, 'model__module__patch_size': 16, 'model__optimizer__weight_decay': 0.0001}",0.5442176870748299,0.9550264550264551,0.8229166666666667,0.7306895531222255,0.7871517027863777,0.7680004129353108,0.1340388868207011,52,0.7384559884559885,0.8613333333333333,0.8711314657308828,0.8896923505902036,0.9231527093596059,0.8567531694940028,0.06279462539208822
191,8.354272556304931,3.7176128230357706,0.0420196533203125,0.0025477354673269447,128,10,3e-05,500,128,384,0.25,4,3,32,0.0001,"{'model__batch_size': 128, 'model__callbacks__early_stopping__patience': 10, 'model__lr': 3e-05, 'model__max_epochs': 500, 'model__module__d_model': 128, 'model__module__dim_feedforward': 384, 'model__module__dropout': 0.25, 'model__module__nhead': 4, 'model__module__num_layers': 3, 'model__module__patch_size': 32, 'model__optimizer__weight_decay': 0.0001}",0.5601010101010101,0.9572327044025157,0.8428754813863928,0.7669256381798002,0.7871517027863777,0.7828573073712193,0.12953886535760475,34,0.7683294869518906,0.894355791962175,0.9355834651521793,0.8896923505902036,0.9557177615571777,0.8887357712427253,0.06513288942581873
192,5.138648223876953,2.023242591641879,0.041796875,0.002024890558185374,128,10,0.0001,500,96,128,0.1,4,2,16,0.0001,"{'model__batch_size': 128, 'model__callbacks__early_stopping__patience': 10, 'model__lr': 0.0001, 'model__max_epochs': 500, 'model__module__d_model': 96, 'model__module__dim_feedforward': 128, 'model__module__dropout': 0.1, 'model__module__nhead': 4, 'model__module__num_layers': 2, 'model__module__patch_size': 16, 'model__optimizer__weight_decay': 0.0001}",0.3792090395480226,0.9144654088050315,0.838223632038065,0.6260683760683761,0.7871517027863777,0.7090236318491746,0.19008534872124722,229,0.6891704574295698,0.8530028633437289,0.9242291775951507,0.7822100944266672,0.894334975369458,0.8285895136329149,0.0844442377719208
193,3.917186737060547,1.4265046972574422,0.04105844497680664,0.002756737910921465,128,10,0.0001,500,96,128,0.1,4,2,32,0.0001,"{'model__batch_size': 128, 'model__callbacks__early_stopping__patience': 10, 'model__lr': 0.0001, 'model__max_epochs': 500, 'model__module__d_model': 96, 'model__module__dim_feedforward': 128, 'model__module__dropout': 0.1, 'model__module__nhead': 4, 'model__module__num_layers': 2, 'model__module__patch_size': 32, 'model__optimizer__weight_decay': 0.0001}",0.3827072997873848,0.8955453149001535,0.8329238329238329,0.7280799112097669,0.6791666666666667,0.703684605097561,0.17761531508542672,240,0.764027529199033,0.8601398601398602,0.8219321569575376,0.9222715974994351,0.9333774926788454,0.8603497272949422,0.06312098245032036
194,5.884856796264648,2.0924833696121494,0.04256558418273926,0.0015813526821417886,128,10,0.0001,500,96,128,0.1,4,3,16,0.0001,"{'model__batch_size': 128, 'model__callbacks__early_stopping__patience': 10, 'model__lr': 0.0001, 'model__max_epochs': 500, 'model__module__d_model': 96, 'model__module__dim_feedforward': 128, 'model__module__dropout': 0.1, 'model__module__nhead': 4, 'model__module__num_layers': 3, 'model__module__patch_size': 16, 'model__optimizer__weight_decay': 0.0001}",0.40290806754221387,0.9780857234933935,0.8229166666666667,0.7173035104069587,0.6915064102564102,0.7225440756731285,0.1889625193979736,172,0.7135325764254998,0.8909376082872827,0.8826507584528739,0.9274452089465495,0.9321184995737426,0.8693369303371897,0.08029563062033175
195,3.960580348968506,1.5967552704803873,0.0420377254486084,0.003245680108387673,128,10,0.0001,500,96,128,0.1,4,3,32,0.0001,"{'model__batch_size': 128, 'model__callbacks__early_stopping__patience': 10, 'model__lr': 0.0001, 'model__max_epochs': 500, 'model__module__d_model': 96, 'model__module__dim_feedforward': 128, 'model__module__dropout': 0.1, 'model__module__nhead': 4, 'model__module__num_layers': 3, 'model__module__patch_size': 32, 'model__optimizer__weight_decay': 0.0001}",0.5161891451199627,0.9342571704801805,0.7933130699088147,0.6260683760683761,0.6791666666666667,0.7097988856488001,0.1433806146618652,226,0.7543959997785855,0.8559397163120568,0.8788860759493671,0.8292198581560284,0.9665353296558971,0.8569953959703869,0.06896003190415181
196,5.378263854980469,1.8926106069577038,0.04079256057739258,0.0010004417518812744,128,10,0.0001,500,96,128,0.25,4,2,16,0.0001,"{'model__batch_size': 128, 'model__callbacks__early_stopping__patience': 10, 'model__lr': 0.0001, 'model__max_epochs': 500, 'model__module__d_model': 96, 'model__module__dim_feedforward': 128, 'model__module__dropout': 0.25, 'model__module__nhead': 4, 'model__module__num_layers': 2, 'model__module__patch_size': 16, 'model__optimizer__weight_decay': 0.0001}",0.40464798359535203,0.9182692307692308,0.80795892169448,0.7026338147833475,0.6791666666666667,0.7025353235018155,0.17142825023905162,245,0.7513057594579333,0.9305444248544104,0.8477038425492034,0.899284320104099,0.9039408866995073,0.8665558467330307,0.06356306001311815
197,4.114674520492554,1.6069410605356689,0.04430208206176758,0.005712918119247848,128,10,0.0001,500,96,128,0.25,4,2,32,0.0001,"{'model__batch_size': 128, 'model__callbacks__early_stopping__patience': 10, 'model__lr': 0.0001, 'model__max_epochs': 500, 'model__module__d_model': 96, 'model__module__dim_feedforward': 128, 'model__module__dropout': 0.25, 'model__module__nhead': 4, 'model__module__num_layers': 2, 'model__module__patch_size': 32, 'model__optimizer__weight_decay': 0.0001}",0.5034500383337592,0.8653465346534654,0.7663230240549828,0.7878787878787878,0.708044099632503,0.7262084969106997,0.12224816548239899,154,0.7346556363998804,0.9200419689212902,0.8445471938775511,0.9096288922072895,0.9423645320197045,0.8702476446851432,0.07520227217831271
198,5.551255702972412,1.8020185789802305,0.04376096725463867,0.0021667890530134523,128,10,0.0001,500,96,128,0.25,4,3,16,0.0001,"{'model__batch_size': 128, 'model__callbacks__early_stopping__patience': 10, 'model__lr': 0.0001, 'model__max_epochs': 500, 'model__module__d_model': 96, 'model__module__dim_feedforward': 128, 'model__module__dropout': 0.25, 'model__module__nhead': 4, 'model__module__num_layers': 3, 'model__module__patch_size': 16, 'model__optimizer__weight_decay': 0.0001}",0.3996415770609319,0.9342571704801805,0.8622087132725431,0.7422826394789012,0.7355769230769231,0.734793404673896,0.18352324366481493,123,0.7403891457987959,0.8517701149425287,0.8994663985770629,0.9184682591318896,0.9074295504434886,0.8635046937787532,0.06563348117571634
199,3.473415470123291,1.7114195304446613,0.04287590980529785,0.0036797547213714933,128,10,0.0001,500,96,128,0.25,4,3,32,0.0001,"{'model__batch_size': 128, 'model__callbacks__early_stopping__patience': 10, 'model__lr': 0.0001, 'model__max_epochs': 500, 'model__module__d_model': 96, 'model__module__dim_feedforward': 128, 'model__module__dropout': 0.25, 'model__module__nhead': 4, 'model__module__num_layers': 3, 'model__module__patch_size': 32, 'model__optimizer__weight_decay': 0.0001}",0.5219792865362486,0.8599588114151221,0.8777920410783056,0.5432796868203567,0.7445820433436532,0.7095183738387372,0.15164697398327645,228,0.7337510929758089,0.9486710098889068,0.886001275510204,0.4713733754829645,0.9515132139812447,0.7982619935678258,0.18156255961693482
200,5.242542743682861,1.9775917018023188,0.04445428848266601,0.00442777024434559,128,10,0.0001,500,96,256,0.1,4,2,16,0.0001,"{'model__batch_size': 128, 'model__callbacks__early_stopping__patience': 10, 'model__lr': 0.0001, 'model__max_epochs': 500, 'model__module__d_model': 96, 'model__module__dim_feedforward': 256, 'model__module__dropout': 0.1, 'model__module__nhead': 4, 'model__module__num_layers': 2, 'model__module__patch_size': 16, 'model__optimizer__weight_decay': 0.0001}",0.44166666666666665,0.9342571704801805,0.8622087132725431,0.6892341842397336,0.708044099632503,0.7270821668583254,0.16996328498425553,151,0.73880652335063,0.850494333252954,0.8826507584528739,0.8931234465617233,0.9418158567774936,0.861378183679135,0.06793051379498499
201,3.586937665939331,1.6171373525595845,0.04211678504943848,0.0017891368410705222,128,10,0.0001,500,96,256,0.1,4,2,32,0.0001,"{'model__batch_size': 128, 'model__callbacks__early_stopping__patience': 10, 'model__lr': 0.0001, 'model__max_epochs': 500, 'model__module__d_model': 96, 'model__module__dim_feedforward': 256, 'model__module__dropout': 0.1, 'model__module__nhead': 4, 'model__module__num_layers': 2, 'model__module__patch_size': 32, 'model__optimizer__weight_decay': 0.0001}",0.5483146067415731,0.9144654088050315,0.8129532383095774,0.6260683760683761,0.6791666666666667,0.716193659318245,0.13141616638059492,200,0.7590398522849668,0.8422068965517242,0.8724464765792108,0.8529635258358663,0.9561508396837577,0.8565615181871052,0.06308698897691244
202,6.599356460571289,2.2940440754377645,0.043561458587646484,0.0028193159748115615,128,10,0.0001,500,96,256,0.1,4,3,16,0.0001,"{'model__batch_size': 128, 'model__callbacks__early_stopping__patience': 10, 'model__lr': 0.0001, 'model__max_epochs': 500, 'model__module__d_model': 96, 'model__module__dim_feedforward': 256, 'model__module__dropout': 0.1, 'model__module__nhead': 4, 'model__module__num_layers': 3, 'model__module__patch_size': 16, 'model__optimizer__weight_decay': 0.0001}",0.4733887267011003,0.8268741159830268,0.8583333333333334,0.7819314641744548,0.7186147186147187,0.7318284717613267,0.13748684986909465,135,0.7842793286666104,0.9583266549126462,0.9355834651521793,0.9052585193889542,0.9423645320197045,0.9051625000280188,0.06284680422440228
203,4.28469762802124,1.7993223823055815,0.04206924438476563,0.0044526747023137594,128,10,0.0001,500,96,256,0.1,4,3,32,0.0001,"{'model__batch_size': 128, 'model__callbacks__early_stopping__patience': 10, 'model__lr': 0.0001, 'model__max_epochs': 500, 'model__module__d_model': 96, 'model__module__dim_feedforward': 256, 'model__module__dropout': 0.1, 'model__module__nhead': 4, 'model__module__num_layers': 3, 'model__module__patch_size': 32, 'model__optimizer__weight_decay': 0.0001}",0.5034584980237153,0.8599588114151221,0.8428754813863928,0.7280799112097669,0.7355769230769231,0.733989925022384,0.12720566841446904,126,0.7241847826086956,0.9861088849708821,0.9309507549889977,0.899284320104099,0.9515132139812447,0.8984083913307839,0.09156979555866715
204,5.346357250213623,2.2130337699250746,0.04092903137207031,0.002240044670659979,128,10,0.0001,500,96,256,0.25,4,2,16,0.0001,"{'model__batch_size': 128, 'model__callbacks__early_stopping__patience': 10, 'model__lr': 0.0001, 'model__max_epochs': 500, 'model__module__d_model': 96, 'model__module__dim_feedforward': 256, 'model__module__dropout': 0.25, 'model__module__nhead': 4, 'model__module__num_layers': 2, 'model__module__patch_size': 16, 'model__optimizer__weight_decay': 0.0001}",0.44166666666666665,0.8488888888888889,0.8428754813863928,0.6026831785345717,0.708044099632503,0.6888316630218047,0.1537719272505951,277,0.760494449142631,0.9812612612612612,0.8680099968759762,0.8003095975232198,0.9372668941014265,0.8694684397809029,0.08216406574233237
205,3.8017517566680907,2.0686917973626424,0.03961634635925293,0.0019818109529069713,128,10,0.0001,500,96,256,0.25,4,2,32,0.0001,"{'model__batch_size': 128, 'model__callbacks__early_stopping__patience': 10, 'model__lr': 0.0001, 'model__max_epochs': 500, 'model__module__d_model': 96, 'model__module__dim_feedforward': 256, 'model__module__dropout': 0.25, 'model__module__nhead': 4, 'model__module__num_layers': 2, 'model__module__patch_size': 32, 'model__optimizer__weight_decay': 0.0001}",0.40464798359535203,0.9373271889400921,0.8428754813863928,0.6761904761904762,0.6956151553852703,0.7113312570995166,0.18106051183786373,218,0.7301224489795919,0.8708965517241379,0.9095197587193565,0.83602642374285,0.9565693882240645,0.8606269142780002,0.07659965221216931
206,6.234527254104615,2.4658853894711856,0.043160104751586915,0.0028196353313357674,128,10,0.0001,500,96,256,0.25,4,3,16,0.0001,"{'model__batch_size': 128, 'model__callbacks__early_stopping__patience': 10, 'model__lr': 0.0001, 'model__max_epochs': 500, 'model__module__d_model': 96, 'model__module__dim_feedforward': 256, 'model__module__dropout': 0.25, 'model__module__nhead': 4, 'model__module__num_layers': 3, 'model__module__patch_size': 16, 'model__optimizer__weight_decay': 0.0001}",0.48497554157931516,0.9572327044025157,0.8622087132725431,0.7164351851851851,0.6791666666666667,0.7400037622212452,0.1621224763723121,104,0.7017142857142857,0.8740591698338177,0.9402573529411764,0.9242068155111633,0.9366623239876501,0.8753799895976186,0.09001130704710066
207,4.078346300125122,1.5162154268344525,0.04055542945861816,0.0026268910548022904,128,10,0.0001,500,96,256,0.25,4,3,32,0.0001,"{'model__batch_size': 128, 'model__callbacks__early_stopping__patience': 10, 'model__lr': 0.0001, 'model__max_epochs': 500, 'model__module__d_model': 96, 'model__module__dim_feedforward': 256, 'model__module__dropout': 0.25, 'model__module__nhead': 4, 'model__module__num_layers': 3, 'model__module__patch_size': 32, 'model__optimizer__weight_decay': 0.0001}",0.5130813953488372,0.9182692307692308,0.8129532383095774,0.8215802888700086,0.6915064102564102,0.7514781127108129,0.13924251015911843,78,0.744764470358138,0.9113408352626573,0.8578569197125898,0.933135875601629,0.960832137733142,0.8815860477336311,0.07629664536070419
208,5.149639368057251,2.1572574687230306,0.04083771705627441,0.0027466521295569425,128,10,0.0001,500,96,384,0.1,4,2,16,0.0001,"{'model__batch_size': 128, 'model__callbacks__early_stopping__patience': 10, 'model__lr': 0.0001, 'model__max_epochs': 500, 'model__module__d_model': 96, 'model__module__dim_feedforward': 384, 'model__module__dropout': 0.1, 'model__module__nhead': 4, 'model__module__num_layers': 2, 'model__module__patch_size': 16, 'model__optimizer__weight_decay': 0.0001}",0.4460193716040633,0.91005291005291,0.8277608915906788,0.7669256381798002,0.725,0.7351517622854905,0.15740205788300948,121,0.7674281922457105,0.8435191771078405,0.8793596782924755,0.9140318400592373,0.9519704433497538,0.8712618662110035,0.06318197257929287
209,3.8763303756713867,1.5012629355788183,0.04023256301879883,0.002441091422181613,128,10,0.0001,500,96,384,0.1,4,2,32,0.0001,"{'model__batch_size': 128, 'model__callbacks__early_stopping__patience': 10, 'model__lr': 0.0001, 'model__max_epochs': 500, 'model__module__d_model': 96, 'model__module__dim_feedforward': 384, 'model__module__dropout': 0.1, 'model__module__nhead': 4, 'model__module__num_layers': 2, 'model__module__patch_size': 32, 'model__optimizer__weight_decay': 0.0001}",0.44166666666666665,0.9182692307692308,0.8428754813863928,0.8215802888700086,0.7355769230769231,0.7519937181538445,0.16572369888047112,77,0.7661290322580645,0.9261940245546803,0.904954304954305,0.9274452089465495,0.9612105711849956,0.8971866283797191,0.06795955603689292
210,7.111124658584595,0.7604375088149771,0.04339213371276855,0.002101483469625706,128,10,0.0001,500,96,384,0.1,4,3,16,0.0001,"{'model__batch_size': 128, 'model__callbacks__early_stopping__patience': 10, 'model__lr': 0.0001, 'model__max_epochs': 500, 'model__module__d_model': 96, 'model__module__dim_feedforward': 384, 'model__module__dropout': 0.1, 'model__module__nhead': 4, 'model__module__num_layers': 3, 'model__module__patch_size': 16, 'model__optimizer__weight_decay': 0.0001}",0.750531914893617,0.9306829765545361,0.8428754813863928,0.7164351851851851,0.6333333333333333,0.7747717782706129,0.1028999309076903,48,0.9502819262419995,0.8643714136671883,0.950679110706427,0.8801003810763082,0.9366623239876501,0.9164190311359146,0.03676476152227208
211,3.6990209102630613,1.5568909997451885,0.040782737731933597,0.0018113588431324906,128,10,0.0001,500,96,384,0.1,4,3,32,0.0001,"{'model__batch_size': 128, 'model__callbacks__early_stopping__patience': 10, 'model__lr': 0.0001, 'model__max_epochs': 500, 'model__module__d_model': 96, 'model__module__dim_feedforward': 384, 'model__module__dropout': 0.1, 'model__module__nhead': 4, 'model__module__num_layers': 3, 'model__module__patch_size': 32, 'model__optimizer__weight_decay': 0.0001}",0.571939688218758,0.9399823477493381,0.8428754813863928,0.7569444444444444,0.8051948051948052,0.7833873533987477,0.12161063861768663,30,0.7911840902163974,0.9077425306933504,0.9256732290217453,0.9268085106382978,0.9662206352853835,0.9035257991710349,0.0593324130189305
212,5.317816305160522,2.1275745067366083,0.041333341598510744,0.0005029040939235948,128,10,0.0001,500,96,384,0.25,4,2,16,0.0001,"{'model__batch_size': 128, 'model__callbacks__early_stopping__patience': 10, 'model__lr': 0.0001, 'model__max_epochs': 500, 'model__module__d_model': 96, 'model__module__dim_feedforward': 384, 'model__module__dropout': 0.25, 'model__module__nhead': 4, 'model__module__num_layers': 2, 'model__module__patch_size': 16, 'model__optimizer__weight_decay': 0.0001}",0.44166666666666665,0.91005291005291,0.802273328046524,0.7306895531222255,0.7355769230769231,0.7240518761930499,0.15532757137543426,165,0.7619366728095158,0.8491738243604858,0.8826507584528739,0.9096288922072895,0.9423645320197045,0.8691509359699738,0.061765563233975085
213,3.526891660690308,1.6405265509242255,0.039906644821166994,0.004064725199977553,128,10,0.0001,500,96,384,0.25,4,2,32,0.0001,"{'model__batch_size': 128, 'model__callbacks__early_stopping__patience': 10, 'model__lr': 0.0001, 'model__max_epochs': 500, 'model__module__d_model': 96, 'model__module__dim_feedforward': 384, 'model__module__dropout': 0.25, 'model__module__nhead': 4, 'model__module__num_layers': 2, 'model__module__patch_size': 32, 'model__optimizer__weight_decay': 0.0001}",0.44166666666666665,0.9373271889400921,0.8229166666666667,0.638095238095238,0.648786717752235,0.6977584956241796,0.17005804349192202,260,0.7736667148431855,0.9398051682071558,0.8801867323836429,0.8144065325167688,0.961576354679803,0.8739283005261113,0.07163286604949202
214,5.57283239364624,2.0415010989820708,0.048617887496948245,0.013547181195181038,128,10,0.0001,500,96,384,0.25,4,3,16,0.0001,"{'model__batch_size': 128, 'model__callbacks__early_stopping__patience': 10, 'model__lr': 0.0001, 'model__max_epochs': 500, 'model__module__d_model': 96, 'model__module__dim_feedforward': 384, 'model__module__dropout': 0.25, 'model__module__nhead': 4, 'model__module__num_layers': 3, 'model__module__patch_size': 16, 'model__optimizer__weight_decay': 0.0001}",0.3986191024165708,0.9306829765545361,0.8277608915906788,0.7306895531222255,0.7619047619047619,0.7299314571177546,0.17925541225394928,143,0.7799590509454414,0.8323089764018514,0.8849446849446849,0.8780141843971632,0.9372668941014265,0.8624987581581134,0.05302649983238498
215,3.093285608291626,1.7147067139749375,0.039859867095947264,0.0014555435907038343,128,10,0.0001,500,96,384,0.25,4,3,32,0.0001,"{'model__batch_size': 128, 'model__callbacks__early_stopping__patience': 10, 'model__lr': 0.0001, 'model__max_epochs': 500, 'model__module__d_model': 96, 'model__module__dim_feedforward': 384, 'model__module__dropout': 0.25, 'model__module__nhead': 4, 'model__module__num_layers': 3, 'model__module__patch_size': 32, 'model__optimizer__weight_decay': 0.0001}",0.4257142857142857,0.8999705795822301,0.7730423620025675,0.5537340619307832,0.7020123839009288,0.670894734626159,0.16596280569598468,284,0.7301224489795919,0.9070366132723112,0.8769230769230769,0.5370180475799836,0.9524124947706039,0.8007025363051135,0.15142224179774433
216,4.909773969650269,1.87945982902826,0.041788673400878905,0.0023645510969054744,128,10,0.0001,500,128,128,0.1,4,2,16,0.0001,"{'model__batch_size': 128, 'model__callbacks__early_stopping__patience': 10, 'model__lr': 0.0001, 'model__max_epochs': 500, 'model__module__d_model': 128, 'model__module__dim_feedforward': 128, 'model__module__dropout': 0.1, 'model__module__nhead': 4, 'model__module__num_layers': 2, 'model__module__patch_size': 16, 'model__optimizer__weight_decay': 0.0001}",0.4257142857142857,0.91005291005291,0.838223632038065,0.6892341842397336,0.648786717752235,0.7024023459594458,0.16803005521259803,246,0.756498673740053,0.8517701149425287,0.8860322845000095,0.8940412186379929,0.9519704433497538,0.8680625470340676,0.06442092684034245
217,3.305543088912964,1.4581289253724303,0.041669464111328124,0.001826468118776823,128,10,0.0001,500,128,128,0.1,4,2,32,0.0001,"{'model__batch_size': 128, 'model__callbacks__early_stopping__patience': 10, 'model__lr': 0.0001, 'model__max_epochs': 500, 'model__module__d_model': 128, 'model__module__dim_feedforward': 128, 'model__module__dropout': 0.1, 'model__module__nhead': 4, 'model__module__num_layers': 2, 'model__module__patch_size': 32, 'model__optimizer__weight_decay': 0.0001}",0.4528130671506352,0.9144654088050315,0.8174006444683136,0.6026831785345717,0.708044099632503,0.6990812797182111,0.16149969270014844,255,0.7348675914249685,0.8530028633437289,0.8838180723125644,0.8487375886524823,0.9327586206896552,0.8506369472846798,0.06520230851608583
218,5.970669412612915,2.2101907234114995,0.044028520584106445,0.002337956827144231,128,10,0.0001,500,128,128,0.1,4,3,16,0.0001,"{'model__batch_size': 128, 'model__callbacks__early_stopping__patience': 10, 'model__lr': 0.0001, 'model__max_epochs': 500, 'model__module__d_model': 128, 'model__module__dim_feedforward': 128, 'model__module__dropout': 0.1, 'model__module__nhead': 4, 'model__module__num_layers': 3, 'model__module__patch_size': 16, 'model__optimizer__weight_decay': 0.0001}",0.5214285714285715,0.8955453149001535,0.838223632038065,0.6503884572697003,0.648786717752235,0.7108745386777451,0.1369118878904503,222,0.6958041958041958,0.8719702358155058,0.8680099968759762,0.9422043010752688,0.9469181411627455,0.8649813741467385,0.09094608144109372
219,3.295272159576416,1.279293849381149,0.04211635589599609,0.0032658353876629355,128,10,0.0001,500,128,128,0.1,4,3,32,0.0001,"{'model__batch_size': 128, 'model__callbacks__early_stopping__patience': 10, 'model__lr': 0.0001, 'model__max_epochs': 500, 'model__module__d_model': 128, 'model__module__dim_feedforward': 128, 'model__module__dropout': 0.1, 'model__module__nhead': 4, 'model__module__num_layers': 3, 'model__module__patch_size': 32, 'model__optimizer__weight_decay': 0.0001}",0.4460193716040633,0.8823529411764706,0.7875,0.6026831785345717,0.6791666666666667,0.6795444315963544,0.15048418181352813,282,0.7377381742345246,0.9224438946500324,0.8781630740393627,0.8185512229428773,0.9378513265038088,0.858949538474121,0.07341716977380443
220,5.269539928436279,1.6249490994227016,0.04114432334899902,0.0020305991292812325,128,10,0.0001,500,128,128,0.25,4,2,16,0.0001,"{'model__batch_size': 128, 'model__callbacks__early_stopping__patience': 10, 'model__lr': 0.0001, 'model__max_epochs': 500, 'model__module__d_model': 128, 'model__module__dim_feedforward': 128, 'model__module__dropout': 0.25, 'model__module__nhead': 4, 'model__module__num_layers': 2, 'model__module__patch_size': 16, 'model__optimizer__weight_decay': 0.0001}",0.4576190476190476,0.8904286174669674,0.7808807733619764,0.7756410256410255,0.7796474358974359,0.7368433799972905,0.1461720831650478,112,0.7340353260869565,0.8559397163120568,0.8826507584528739,0.956836137187471,0.9289420257162193,0.8716807927511155,0.07725888636902602
221,2.9124809741973876,1.0064858924253548,0.03924527168273926,0.003403455076404,128,10,0.0001,500,128,128,0.25,4,2,32,0.0001,"{'model__batch_size': 128, 'model__callbacks__early_stopping__patience': 10, 'model__lr': 0.0001, 'model__max_epochs': 500, 'model__module__d_model': 128, 'model__module__dim_feedforward': 128, 'model__module__dropout': 0.25, 'model__module__nhead': 4, 'model__module__num_layers': 2, 'model__module__patch_size': 32, 'model__optimizer__weight_decay': 0.0001}",0.4911392405063291,0.91005291005291,0.8229166666666667,0.6142744686434007,0.648786717752235,0.6974340007243083,0.1501947363032138,262,0.777469387755102,0.8353081451673001,0.8838180723125644,0.8651433691756272,0.8933290707587382,0.8510136090338664,0.04176552480795641
222,6.2658697128295895,2.4967259302899216,0.04212760925292969,0.0017934083556664876,128,10,0.0001,500,128,128,0.25,4,3,16,0.0001,"{'model__batch_size': 128, 'model__callbacks__early_stopping__patience': 10, 'model__lr': 0.0001, 'model__max_epochs': 500, 'model__module__d_model': 128, 'model__module__dim_feedforward': 128, 'model__module__dropout': 0.25, 'model__module__nhead': 4, 'model__module__num_layers': 3, 'model__module__patch_size': 16, 'model__optimizer__weight_decay': 0.0001}",0.5130813953488372,0.9342571704801805,0.838223632038065,0.7306895531222255,0.708044099632503,0.7448591701243623,0.14132628179388262,90,0.7414660164583968,0.8655437352245863,0.8838180723125644,0.9028394968742939,0.9474126608878382,0.868215996351536,0.06897393945376831
223,2.9340328216552733,1.5814244929655752,0.039687490463256835,0.0027998942332266965,128,10,0.0001,500,128,128,0.25,4,3,32,0.0001,"{'model__batch_size': 128, 'model__callbacks__early_stopping__patience': 10, 'model__lr': 0.0001, 'model__max_epochs': 500, 'model__module__d_model': 128, 'model__module__dim_feedforward': 128, 'model__module__dropout': 0.25, 'model__module__nhead': 4, 'model__module__num_layers': 3, 'model__module__patch_size': 32, 'model__optimizer__weight_decay': 0.0001}",0.47035573122529645,0.9373271889400921,0.8777920410783056,0.5432796868203567,0.6791666666666667,0.7015842629461435,0.18201836696199372,248,0.6135017421602788,0.8408488063660478,0.9067202930568931,0.5140712433465265,0.9524124947706039,0.7655109159400699,0.17139240587381177
224,5.218242025375366,2.001136277612738,0.041500282287597653,0.0022139348033900115,128,10,0.0001,500,128,256,0.1,4,2,16,0.0001,"{'model__batch_size': 128, 'model__callbacks__early_stopping__patience': 10, 'model__lr': 0.0001, 'model__max_epochs': 500, 'model__module__d_model': 128, 'model__module__dim_feedforward': 256, 'model__module__dropout': 0.1, 'model__module__nhead': 4, 'model__module__num_layers': 2, 'model__module__patch_size': 16, 'model__optimizer__weight_decay': 0.0001}",0.5219792865362486,0.9306829765545361,0.8741739360296061,0.6759259259259259,0.708044099632503,0.7421612449357641,0.1462866950853722,99,0.8104575163398693,0.8530028633437289,0.9132636040738633,0.9280602286457849,0.9612105711849956,0.8931989567176484,0.05423163271513453
225,2.9185879707336424,1.3377286112262088,0.04525084495544433,0.006921863877824686,128,10,0.0001,500,128,256,0.1,4,2,32,0.0001,"{'model__batch_size': 128, 'model__callbacks__early_stopping__patience': 10, 'model__lr': 0.0001, 'model__max_epochs': 500, 'model__module__d_model': 128, 'model__module__dim_feedforward': 256, 'model__module__dropout': 0.1, 'model__module__nhead': 4, 'model__module__num_layers': 2, 'model__module__patch_size': 32, 'model__optimizer__weight_decay': 0.0001}",0.4369747899159664,0.9144654088050315,0.8741739360296061,0.6026831785345717,0.648786717752235,0.6954168062074821,0.17748384061526787,265,0.7197438550594483,0.8491738243604858,0.8724464765792108,0.8529635258358663,0.9238599916329662,0.8436375346935954,0.06742828219272398
226,5.077048110961914,1.8899730147057099,0.04234271049499512,0.0022058137574667938,128,10,0.0001,500,128,256,0.1,4,3,16,0.0001,"{'model__batch_size': 128, 'model__callbacks__early_stopping__patience': 10, 'model__lr': 0.0001, 'model__max_epochs': 500, 'model__module__d_model': 128, 'model__module__dim_feedforward': 256, 'model__module__dropout': 0.1, 'model__module__nhead': 4, 'model__module__num_layers': 3, 'model__module__patch_size': 16, 'model__optimizer__weight_decay': 0.0001}",0.46914765906362543,0.9144654088050315,0.8229166666666667,0.7756410256410255,0.7355769230769231,0.7435495366506546,0.1496002629258197,95,0.760494449142631,0.8613333333333333,0.9086223055295221,0.8989316239316238,0.9327586206896552,0.8724280665253531,0.06050531392040524
227,3.6506192207336428,1.3172601105952018,0.04242401123046875,0.002967248034487539,128,10,0.0001,500,128,256,0.1,4,3,32,0.0001,"{'model__batch_size': 128, 'model__callbacks__early_stopping__patience': 10, 'model__lr': 0.0001, 'model__max_epochs': 500, 'model__module__d_model': 128, 'model__module__dim_feedforward': 256, 'model__module__dropout': 0.1, 'model__module__nhead': 4, 'model__module__num_layers': 3, 'model__module__patch_size': 32, 'model__optimizer__weight_decay': 0.0001}",0.46914765906362543,0.8823529411764706,0.8777920410783056,0.7008547008547008,0.7355769230769231,0.7331448530500051,0.15094962728867106,129,0.7205514961399027,0.9027621947961746,0.8883161512027491,0.8896923505902036,0.9372668941014265,0.8677178173660913,0.07567070772064106
228,5.472480535507202,1.912518417008517,0.04037699699401855,0.004570727445329112,128,10,0.0001,500,128,256,0.25,4,2,16,0.0001,"{'model__batch_size': 128, 'model__callbacks__early_stopping__patience': 10, 'model__lr': 0.0001, 'model__max_epochs': 500, 'model__module__d_model': 128, 'model__module__dim_feedforward': 256, 'model__module__dropout': 0.25, 'model__module__nhead': 4, 'model__module__num_layers': 2, 'model__module__patch_size': 16, 'model__optimizer__weight_decay': 0.0001}",0.49718574108818014,0.8329238329238329,0.80795892169448,0.7142857142857142,0.7355769230769231,0.7175862266138262,0.11864309504244969,190,0.7401619174634183,0.9531531531531532,0.886001275510204,0.9274452089465495,0.9524124947706039,0.8918348099687858,0.07966980866978911
229,3.194018030166626,1.1850317135928365,0.03966379165649414,0.0015281496065349353,128,10,0.0001,500,128,256,0.25,4,2,32,0.0001,"{'model__batch_size': 128, 'model__callbacks__early_stopping__patience': 10, 'model__lr': 0.0001, 'model__max_epochs': 500, 'model__module__d_model': 128, 'model__module__dim_feedforward': 256, 'model__module__dropout': 0.25, 'model__module__nhead': 4, 'model__module__num_layers': 2, 'model__module__patch_size': 32, 'model__optimizer__weight_decay': 0.0001}",0.4369747899159664,0.9144654088050315,0.9101242400211472,0.6510102335345054,0.6019582801191996,0.70290659047917,0.18509446435406163,243,0.7438858695652174,0.8697853870267663,0.8781630740393627,0.8682553191489362,0.91872865773575,0.8557636615032065,0.05888228096608566
230,4.875550079345703,2.2126627291353076,0.042272329330444336,0.0031371762452709288,128,10,0.0001,500,128,256,0.25,4,3,16,0.0001,"{'model__batch_size': 128, 'model__callbacks__early_stopping__patience': 10, 'model__lr': 0.0001, 'model__max_epochs': 500, 'model__module__d_model': 128, 'model__module__dim_feedforward': 256, 'model__module__dropout': 0.25, 'model__module__nhead': 4, 'model__module__num_layers': 3, 'model__module__patch_size': 16, 'model__optimizer__weight_decay': 0.0001}",0.5037037037037037,0.91005291005291,0.8777920410783056,0.6026831785345717,0.7186147186147187,0.7225693103968419,0.15590681413102084,170,0.749061224489796,0.8517701149425287,0.9095197587193565,0.7941489361702128,0.9569739952718677,0.8522948059187524,0.07519417226187197
231,3.269957685470581,1.8454569211209622,0.03991880416870117,0.0014859198468096082,128,10,0.0001,500,128,256,0.25,4,3,32,0.0001,"{'model__batch_size': 128, 'model__callbacks__early_stopping__patience': 10, 'model__lr': 0.0001, 'model__max_epochs': 500, 'model__module__d_model': 128, 'model__module__dim_feedforward': 256, 'model__module__dropout': 0.25, 'model__module__nhead': 4, 'model__module__num_layers': 3, 'model__module__patch_size': 32, 'model__optimizer__weight_decay': 0.0001}",0.4257142857142857,0.853920515574651,0.838223632038065,0.5685670261941449,0.708044099632503,0.6788939118307299,0.1631820762112607,283,0.7457356926510441,0.9673360972020316,0.8666666666666667,0.5478971962616823,0.9524124947706039,0.8160096295104058,0.15549551759001415
232,3.957832193374634,1.9841052405365263,0.04094700813293457,0.0019332710314619388,128,10,0.0001,500,128,384,0.1,4,2,16,0.0001,"{'model__batch_size': 128, 'model__callbacks__early_stopping__patience': 10, 'model__lr': 0.0001, 'model__max_epochs': 500, 'model__module__d_model': 128, 'model__module__dim_feedforward': 384, 'model__module__dropout': 0.1, 'model__module__nhead': 4, 'model__module__num_layers': 2, 'model__module__patch_size': 16, 'model__optimizer__weight_decay': 0.0001}",0.48497554157931516,0.91005291005291,0.8428754813863928,0.475,0.7355769230769231,0.6896961712191082,0.18007277358895202,275,0.7772403982930298,0.8530028633437289,0.8894130384347692,0.5255813953488372,0.9372668941014265,0.7965009179043583,0.14519541821422235
233,2.836081027984619,1.0089099644414323,0.039125823974609376,0.0023357906358069955,128,10,0.0001,500,128,384,0.1,4,2,32,0.0001,"{'model__batch_size': 128, 'model__callbacks__early_stopping__patience': 10, 'model__lr': 0.0001, 'model__max_epochs': 500, 'model__module__d_model': 128, 'model__module__dim_feedforward': 384, 'model__module__dropout': 0.1, 'model__module__nhead': 4, 'model__module__num_layers': 2, 'model__module__patch_size': 32, 'model__optimizer__weight_decay': 0.0001}",0.3963963963963964,0.9342571704801805,0.8583333333333334,0.6026831785345717,0.6791666666666667,0.6941673490822298,0.1907120902938185,269,0.7828877005347594,0.8394431033514849,0.8838180723125644,0.843161094224924,0.9333774926788454,0.8565374926205156,0.05008802988757333
234,5.579430389404297,1.9813222491701556,0.04254822731018067,0.0039021734279618184,128,10,0.0001,500,128,384,0.1,4,3,16,0.0001,"{'model__batch_size': 128, 'model__callbacks__early_stopping__patience': 10, 'model__lr': 0.0001, 'model__max_epochs': 500, 'model__module__d_model': 128, 'model__module__dim_feedforward': 384, 'model__module__dropout': 0.1, 'model__module__nhead': 4, 'model__module__num_layers': 3, 'model__module__patch_size': 16, 'model__optimizer__weight_decay': 0.0001}",0.43977401129943505,0.9306829765545361,0.8229166666666667,0.689257176679491,0.7522522522522522,0.7269766166904763,0.16446745859877326,153,0.7814481261855528,0.9091494252873563,0.8994663985770629,0.900116144018583,0.9333774926788454,0.88471151734948,0.053073393516275685
235,3.2004366874694825,1.2373127685669374,0.04043159484863281,0.002093714546687192,128,10,0.0001,500,128,384,0.1,4,3,32,0.0001,"{'model__batch_size': 128, 'model__callbacks__early_stopping__patience': 10, 'model__lr': 0.0001, 'model__max_epochs': 500, 'model__module__d_model': 128, 'model__module__dim_feedforward': 384, 'model__module__dropout': 0.1, 'model__module__nhead': 4, 'model__module__num_layers': 3, 'model__module__patch_size': 32, 'model__optimizer__weight_decay': 0.0001}",0.43169642857142854,0.9144654088050315,0.9291666666666667,0.7569444444444444,0.7871517027863777,0.7638849302547898,0.17940526559145456,59,0.7418743818830984,0.8697853870267663,0.8769230769230769,0.8984232925251692,0.9378513265038088,0.8649714929723838,0.06595362874370614
236,4.050048398971557,2.271417549850053,0.041864633560180664,0.002687191607711812,128,10,0.0001,500,128,384,0.25,4,2,16,0.0001,"{'model__batch_size': 128, 'model__callbacks__early_stopping__patience': 10, 'model__lr': 0.0001, 'model__max_epochs': 500, 'model__module__d_model': 128, 'model__module__dim_feedforward': 384, 'model__module__dropout': 0.25, 'model__module__nhead': 4, 'model__module__num_layers': 2, 'model__module__patch_size': 16, 'model__optimizer__weight_decay': 0.0001}",0.41320458118122616,0.91005291005291,0.838223632038065,0.4214876033057851,0.7619047619047619,0.6689746976965496,0.21074539970052242,286,0.7651642475171887,0.8719702358155058,0.8826507584528739,0.49476372924648787,0.9569739952718677,0.7943045932607847,0.1617851787109788
237,3.0981348037719725,1.1555439641039156,0.039676475524902347,0.001835972429366735,128,10,0.0001,500,128,384,0.25,4,2,32,0.0001,"{'model__batch_size': 128, 'model__callbacks__early_stopping__patience': 10, 'model__lr': 0.0001, 'model__max_epochs': 500, 'model__module__d_model': 128, 'model__module__dim_feedforward': 384, 'model__module__dropout': 0.25, 'model__module__nhead': 4, 'model__module__num_layers': 2, 'model__module__patch_size': 32, 'model__optimizer__weight_decay': 0.0001}",0.5013205282112845,0.9182692307692308,0.838223632038065,0.6026831785345717,0.6956151553852703,0.7112223449876843,0.15171080879881005,219,0.7465034965034965,0.901228314549829,0.8666666666666667,0.8473751502776559,0.9612105711849956,0.8645968398365287,0.07060168062969505
238,4.751118898391724,2.4607947008483326,0.044684982299804686,0.0039968326466322795,128,10,0.0001,500,128,384,0.25,4,3,16,0.0001,"{'model__batch_size': 128, 'model__callbacks__early_stopping__patience': 10, 'model__lr': 0.0001, 'model__max_epochs': 500, 'model__module__d_model': 128, 'model__module__dim_feedforward': 384, 'model__module__dropout': 0.25, 'model__module__nhead': 4, 'model__module__num_layers': 3, 'model__module__patch_size': 16, 'model__optimizer__weight_decay': 0.0001}",0.49624060150375937,0.9550264550264551,0.802273328046524,0.4886956521739131,0.7619047619047619,0.7008281597310827,0.18193104000286178,252,0.782167199888719,0.8655437352245863,0.8756377551020409,0.5587190484961714,0.9528399668325042,0.8069815411088044,0.13540155347894656
239,3.6852269649505613,1.363856843625472,0.04155440330505371,0.002892503176340983,128,10,0.0001,500,128,384,0.25,4,3,32,0.0001,"{'model__batch_size': 128, 'model__callbacks__early_stopping__patience': 10, 'model__lr': 0.0001, 'model__max_epochs': 500, 'model__module__d_model': 128, 'model__module__dim_feedforward': 384, 'model__module__dropout': 0.25, 'model__module__nhead': 4, 'model__module__num_layers': 3, 'model__module__patch_size': 32, 'model__optimizer__weight_decay': 0.0001}",0.3827072997873848,0.8999705795822301,0.838223632038065,0.7382478632478633,0.6915064102564102,0.7101311569823907,0.1793267973065991,224,0.6922705220635135,0.9305444248544104,0.8814409484724122,0.9060109289617486,0.9464065818357039,0.8713346812375576,0.09220643783700849
240,3.491048240661621,1.0576956678048377,0.042573070526123045,0.0032636723967769143,128,10,0.0002,500,96,128,0.1,4,2,16,0.0001,"{'model__batch_size': 128, 'model__callbacks__early_stopping__patience': 10, 'model__lr': 0.0002, 'model__max_epochs': 500, 'model__module__d_model': 96, 'model__module__dim_feedforward': 128, 'model__module__dropout': 0.1, 'model__module__nhead': 4, 'model__module__num_layers': 2, 'model__module__patch_size': 16, 'model__optimizer__weight_decay': 0.0001}",0.44578582606751616,0.9306829765545361,0.838223632038065,0.6759259259259259,0.648786717752235,0.7078810156676557,0.16723460385660277,230,0.7768257569147543,0.8533834586466165,0.9058527567608774,0.8984232925251692,0.9179643999787885,0.8704899329652411,0.051672499920472584
241,2.5101190567016602,0.8247431751904192,0.040573835372924805,0.002691733138102976,128,10,0.0002,500,96,128,0.1,4,2,32,0.0001,"{'model__batch_size': 128, 'model__callbacks__early_stopping__patience': 10, 'model__lr': 0.0002, 'model__max_epochs': 500, 'model__module__d_model': 96, 'model__module__dim_feedforward': 128, 'model__module__dropout': 0.1, 'model__module__nhead': 4, 'model__module__num_layers': 2, 'model__module__patch_size': 32, 'model__optimizer__weight_decay': 0.0001}",0.46029919447640966,0.8329238329238329,0.7355555555555555,0.7422826394789012,0.7355769230769231,0.7013276291023246,0.12604296499245218,249,0.760494449142631,0.9580035535454692,0.8683544303797468,0.9080972646656292,0.91872865773575,0.8827356710938451,0.06745916701718015
242,4.248921060562134,1.23732773854076,0.043071651458740236,0.0031507211198172048,128,10,0.0002,500,96,128,0.1,4,3,16,0.0001,"{'model__batch_size': 128, 'model__callbacks__early_stopping__patience': 10, 'model__lr': 0.0002, 'model__max_epochs': 500, 'model__module__d_model': 96, 'model__module__dim_feedforward': 128, 'model__module__dropout': 0.1, 'model__module__nhead': 4, 'model__module__num_layers': 3, 'model__module__patch_size': 16, 'model__optimizer__weight_decay': 0.0001}",0.43169642857142854,0.9182692307692308,0.8777920410783056,0.7306895531222255,0.6167247386759582,0.7150343984434298,0.17775529558882824,205,0.7615067009611479,0.9256292906178489,0.9454937012826132,0.900116144018583,0.9074295504434886,0.8880350774647363,0.06518641902341592
243,2.804236888885498,1.2019956627650124,0.042814207077026364,0.002616381247074278,128,10,0.0002,500,96,128,0.1,4,3,32,0.0001,"{'model__batch_size': 128, 'model__callbacks__early_stopping__patience': 10, 'model__lr': 0.0002, 'model__max_epochs': 500, 'model__module__d_model': 96, 'model__module__dim_feedforward': 128, 'model__module__dropout': 0.1, 'model__module__nhead': 4, 'model__module__num_layers': 3, 'model__module__patch_size': 32, 'model__optimizer__weight_decay': 0.0001}",0.48062015503875966,0.8823529411764706,0.7875,0.7878787878787878,0.725,0.7326703768188036,0.13568144698709478,132,0.7143342391304348,0.9305444248544104,0.892855040326537,0.9381671367734086,0.9428949937247246,0.883759166961903,0.08652592053825747
244,3.2621485233306884,0.8932974148315176,0.041215944290161136,0.002349638781048355,128,10,0.0002,500,96,128,0.25,4,2,16,0.0001,"{'model__batch_size': 128, 'model__callbacks__early_stopping__patience': 10, 'model__lr': 0.0002, 'model__max_epochs': 500, 'model__module__d_model': 96, 'model__module__dim_feedforward': 128, 'model__module__dropout': 0.25, 'model__module__nhead': 4, 'model__module__num_layers': 2, 'model__module__patch_size': 16, 'model__optimizer__weight_decay': 0.0001}",0.3996415770609319,0.9373271889400921,0.8583333333333334,0.6388028895768834,0.7619047619047619,0.7192019501632005,0.18833084330792393,185,0.7714375788146279,0.866676433960882,0.8666666666666667,0.8219461697722568,0.9127237851662404,0.8478901268761347,0.04780579053414118
245,2.406672477722168,0.9765918144795798,0.04091315269470215,0.0037014588185409055,128,10,0.0002,500,96,128,0.25,4,2,32,0.0001,"{'model__batch_size': 128, 'model__callbacks__early_stopping__patience': 10, 'model__lr': 0.0002, 'model__max_epochs': 500, 'model__module__d_model': 96, 'model__module__dim_feedforward': 128, 'model__module__dropout': 0.25, 'model__module__nhead': 4, 'model__module__num_layers': 2, 'model__module__patch_size': 32, 'model__optimizer__weight_decay': 0.0001}",0.4576190476190476,0.8488888888888889,0.838223632038065,0.7303543913713405,0.648786717752235,0.7047745355339153,0.14384186328864798,238,0.7514096312099969,0.9580035535454692,0.8608219829893535,0.5563259178381329,0.9378513265038088,0.8128824824173522,0.1473605885282919
246,3.9004007816314696,1.3212535018280784,0.0427889347076416,0.0028549057987199483,128,10,0.0002,500,96,128,0.25,4,3,16,0.0001,"{'model__batch_size': 128, 'model__callbacks__early_stopping__patience': 10, 'model__lr': 0.0002, 'model__max_epochs': 500, 'model__module__d_model': 96, 'model__module__dim_feedforward': 128, 'model__module__dropout': 0.25, 'model__module__nhead': 4, 'model__module__num_layers': 3, 'model__module__patch_size': 16, 'model__optimizer__weight_decay': 0.0001}",0.5442176870748299,0.91005291005291,0.8469617404351087,0.7523809523809524,0.533690316822847,0.7174607213533296,0.15418586065762016,191,0.5487279413782693,0.8655437352245863,0.9103860294117647,0.933135875601629,0.9020803443328551,0.8319747851898208,0.1432845614796925
247,2.627340793609619,0.7908779176064338,0.04021024703979492,0.0016419241927000045,128,10,0.0002,500,96,128,0.25,4,3,32,0.0001,"{'model__batch_size': 128, 'model__callbacks__early_stopping__patience': 10, 'model__lr': 0.0002, 'model__max_epochs': 500, 'model__module__d_model': 96, 'model__module__dim_feedforward': 128, 'model__module__dropout': 0.25, 'model__module__nhead': 4, 'model__module__num_layers': 3, 'model__module__patch_size': 32, 'model__optimizer__weight_decay': 0.0001}",0.43433395872420266,0.8774038461538461,0.8174006444683136,0.7142857142857142,0.6915064102564102,0.7069861147776973,0.15222724798133627,234,0.7395918367346939,0.9156756756756756,0.8871794871794871,0.8844086021505376,0.9418158567774936,0.8737342917035775,0.07026107258274858
248,2.877908182144165,0.9133795995319895,0.04247713088989258,0.0032800445737738524,128,10,0.0002,500,96,256,0.1,4,2,16,0.0001,"{'model__batch_size': 128, 'model__callbacks__early_stopping__patience': 10, 'model__lr': 0.0002, 'model__max_epochs': 500, 'model__module__d_model': 96, 'model__module__dim_feedforward': 256, 'model__module__dropout': 0.1, 'model__module__nhead': 4, 'model__module__num_layers': 2, 'model__module__patch_size': 16, 'model__optimizer__weight_decay': 0.0001}",0.4472686733556299,0.9306829765545361,0.8229166666666667,0.6026831785345717,0.708044099632503,0.7023191189487816,0.1683476437610382,247,0.7725276415400653,0.8379878774146038,0.8472911392405064,0.7903250773993808,0.9474126608878382,0.8391088792964789,0.061009565936353025
249,2.4323059558868407,0.9459001829605225,0.03986964225769043,0.002546251862456142,128,10,0.0002,500,96,256,0.1,4,2,32,0.0001,"{'model__batch_size': 128, 'model__callbacks__early_stopping__patience': 10, 'model__lr': 0.0002, 'model__max_epochs': 500, 'model__module__d_model': 96, 'model__module__dim_feedforward': 256, 'model__module__dropout': 0.1, 'model__module__nhead': 4, 'model__module__num_layers': 2, 'model__module__patch_size': 32, 'model__optimizer__weight_decay': 0.0001}",0.5144927536231884,0.91005291005291,0.8583333333333334,0.7142857142857142,0.6791666666666667,0.7352662755923626,0.14001726062460726,119,0.7175324675324675,0.8491738243604858,0.8826507584528739,0.916302501765166,0.9282899921197794,0.8587899088461546,0.07583328275973349
250,4.6707823276519775,0.4965446308665825,0.042257261276245114,0.0026248893684405975,128,10,0.0002,500,96,256,0.1,4,3,16,0.0001,"{'model__batch_size': 128, 'model__callbacks__early_stopping__patience': 10, 'model__lr': 0.0002, 'model__max_epochs': 500, 'model__module__d_model': 96, 'model__module__dim_feedforward': 256, 'model__module__dropout': 0.1, 'model__module__nhead': 4, 'model__module__num_layers': 3, 'model__module__patch_size': 16, 'model__optimizer__weight_decay': 0.0001}",0.7428728070175439,0.8716981132075472,0.8622087132725431,0.8057713651498335,0.6791666666666667,0.7923435330628269,0.07295883125837412,15,0.9414360508601346,0.9344144144144144,0.9141264012745041,0.9522399111440207,0.941248206599713,0.9366929968585573,0.012644336400589097
251,2.42714262008667,0.952682241065649,0.04116969108581543,0.001815951386023414,128,10,0.0002,500,96,256,0.1,4,3,32,0.0001,"{'model__batch_size': 128, 'model__callbacks__early_stopping__patience': 10, 'model__lr': 0.0002, 'model__max_epochs': 500, 'model__module__d_model': 96, 'model__module__dim_feedforward': 256, 'model__module__dropout': 0.1, 'model__module__nhead': 4, 'model__module__num_layers': 3, 'model__module__patch_size': 32, 'model__optimizer__weight_decay': 0.0001}",0.48062015503875966,0.9144654088050315,0.802273328046524,0.7142857142857142,0.7186147186147187,0.7260518649581496,0.14264631269094125,155,0.7023600131433982,0.8601398601398602,0.8638304729675288,0.9088762896179943,0.9711822660098522,0.8612777803757268,0.08900256388287688
252,3.086992073059082,0.7312460577242478,0.0419583797454834,0.002650235609391445,128,10,0.0002,500,96,256,0.25,4,2,16,0.0001,"{'model__batch_size': 128, 'model__callbacks__early_stopping__patience': 10, 'model__lr': 0.0002, 'model__max_epochs': 500, 'model__module__d_model': 96, 'model__module__dim_feedforward': 256, 'model__module__dropout': 0.25, 'model__module__nhead': 4, 'model__module__num_layers': 2, 'model__module__patch_size': 16, 'model__optimizer__weight_decay': 0.0001}",0.5003389830508475,0.9550264550264551,0.8428754813863928,0.7306895531222255,0.7619047619047619,0.7581670468981365,0.15044828953962944,65,0.8082095801220158,0.8449959013339294,0.8711314657308828,0.9133064516129032,0.8976852925954348,0.8670657382790333,0.037532428303162724
253,2.70491509437561,1.174098221058639,0.040361642837524414,0.001859777068155355,128,10,0.0002,500,96,256,0.25,4,2,32,0.0001,"{'model__batch_size': 128, 'model__callbacks__early_stopping__patience': 10, 'model__lr': 0.0002, 'model__max_epochs': 500, 'model__module__d_model': 96, 'model__module__dim_feedforward': 256, 'model__module__dropout': 0.25, 'model__module__nhead': 4, 'model__module__num_layers': 2, 'model__module__patch_size': 32, 'model__optimizer__weight_decay': 0.0001}",0.4939244663382594,0.8999705795822301,0.87005187005187,0.7280799112097669,0.725,0.7434053654364253,0.14378202213820931,96,0.6869546812163402,0.9437837837837838,0.8623330074942979,0.9177712368060893,0.9573652154297316,0.8736415849460485,0.09885027514439879
254,3.8136855125427247,1.3903819319901576,0.04513397216796875,0.007505973141243061,128,10,0.0002,500,96,256,0.25,4,3,16,0.0001,"{'model__batch_size': 128, 'model__callbacks__early_stopping__patience': 10, 'model__lr': 0.0002, 'model__max_epochs': 500, 'model__module__d_model': 96, 'model__module__dim_feedforward': 256, 'model__module__dropout': 0.25, 'model__module__nhead': 4, 'model__module__num_layers': 3, 'model__module__patch_size': 16, 'model__optimizer__weight_decay': 0.0001}",0.4528130671506352,0.8955453149001535,0.8469617404351087,0.7306895531222255,0.725,0.7302019351216246,0.15358591559643786,142,0.7717106085218044,0.8708965517241379,0.8756377551020409,0.8940412186379929,0.9519704433497538,0.8728513154671459,0.05822349412707499
255,2.30834903717041,1.2418343307235842,0.0408170223236084,0.0021554741275330797,128,10,0.0002,500,96,256,0.25,4,3,32,0.0001,"{'model__batch_size': 128, 'model__callbacks__early_stopping__patience': 10, 'model__lr': 0.0002, 'model__max_epochs': 500, 'model__module__d_model': 96, 'model__module__dim_feedforward': 256, 'model__module__dropout': 0.25, 'model__module__nhead': 4, 'model__module__num_layers': 3, 'model__module__patch_size': 32, 'model__optimizer__weight_decay': 0.0001}",0.43725296442687744,0.8431372549019607,0.80795892169448,0.43089430894308944,0.7796474358974359,0.6597781771727688,0.18539256676754604,287,0.761353245961597,0.971891891891892,0.8769230769230769,0.416289592760181,0.9524124947706039,0.7957740604614701,0.20363276073393632
256,3.7739608764648436,1.3896624822835884,0.04313201904296875,0.004230337411266881,128,10,0.0002,500,96,384,0.1,4,2,16,0.0001,"{'model__batch_size': 128, 'model__callbacks__early_stopping__patience': 10, 'model__lr': 0.0002, 'model__max_epochs': 500, 'model__module__d_model': 96, 'model__module__dim_feedforward': 384, 'model__module__dropout': 0.1, 'model__module__nhead': 4, 'model__module__num_layers': 2, 'model__module__patch_size': 16, 'model__optimizer__weight_decay': 0.0001}",0.38311250842128897,0.8866666666666667,0.8583333333333334,0.7569444444444444,0.6791666666666667,0.71284472390648,0.18065621167157928,210,0.7917494270435448,0.9305444248544104,0.8949494949494949,0.8844086021505376,0.9276156470401075,0.8858535192076189,0.05036220227641108
257,2.261622762680054,0.8365993119182764,0.03893895149230957,0.0033357071792948834,128,10,0.0002,500,96,384,0.1,4,2,32,0.0001,"{'model__batch_size': 128, 'model__callbacks__early_stopping__patience': 10, 'model__lr': 0.0002, 'model__max_epochs': 500, 'model__module__d_model': 96, 'model__module__dim_feedforward': 384, 'model__module__dropout': 0.1, 'model__module__nhead': 4, 'model__module__num_layers': 2, 'model__module__patch_size': 32, 'model__optimizer__weight_decay': 0.0001}",0.7715709415158668,0.9342571704801805,0.744360902255639,0.6693657219973009,0.6791666666666667,0.7597442805831308,0.09538585083158559,62,0.9554649729832212,0.8761995458208189,0.8724464765792108,0.5737054831083658,0.9524124947706039,0.8460457946524441,0.1407564716013137
258,3.6288805484771727,1.1255435648100027,0.04271512031555176,0.0018226882622654986,128,10,0.0002,500,96,384,0.1,4,3,16,0.0001,"{'model__batch_size': 128, 'model__callbacks__early_stopping__patience': 10, 'model__lr': 0.0002, 'model__max_epochs': 500, 'model__module__d_model': 96, 'model__module__dim_feedforward': 384, 'model__module__dropout': 0.1, 'model__module__nhead': 4, 'model__module__num_layers': 3, 'model__module__patch_size': 16, 'model__optimizer__weight_decay': 0.0001}",0.4173913043478261,0.9572327044025157,0.8428754813863928,0.7306895531222255,0.708044099632503,0.7312466285782927,0.1803189060947516,138,0.7893462469733656,0.8934346821670764,0.9040236249538575,0.88777304964539,0.9314562410329985,0.8812067689545376,0.048325173076059526
259,2.501280164718628,1.0803024324254638,0.04054384231567383,0.0021833415998686974,128,10,0.0002,500,96,384,0.1,4,3,32,0.0001,"{'model__batch_size': 128, 'model__callbacks__early_stopping__patience': 10, 'model__lr': 0.0002, 'model__max_epochs': 500, 'model__module__d_model': 96, 'model__module__dim_feedforward': 384, 'model__module__dropout': 0.1, 'model__module__nhead': 4, 'model__module__num_layers': 3, 'model__module__patch_size': 32, 'model__optimizer__weight_decay': 0.0001}",0.4576190476190476,0.9373271889400921,0.8129532383095774,0.7382478632478633,0.6333333333333333,0.7158961342899828,0.16277288643540716,203,0.7619366728095158,0.8708965517241379,0.8894130384347692,0.900116144018583,0.965558258988916,0.8775841331951844,0.06603956414100688
260,3.3840707302093507,1.1165757445185576,0.042450475692749026,0.0048118617179478676,128,10,0.0002,500,96,384,0.25,4,2,16,0.0001,"{'model__batch_size': 128, 'model__callbacks__early_stopping__patience': 10, 'model__lr': 0.0002, 'model__max_epochs': 500, 'model__module__d_model': 96, 'model__module__dim_feedforward': 384, 'model__module__dropout': 0.25, 'model__module__nhead': 4, 'model__module__num_layers': 2, 'model__module__patch_size': 16, 'model__optimizer__weight_decay': 0.0001}",0.44780219780219777,0.9550264550264551,0.8428754813863928,0.6892341842397336,0.6791666666666667,0.7228209970242891,0.1714651967129216,169,0.7830972683913859,0.8697853870267663,0.9303002450980392,0.9044798222880415,0.9321184995737426,0.8839562444755951,0.055248407603560444
261,2.4295610427856444,0.931958916952244,0.04270811080932617,0.006491158015002679,128,10,0.0002,500,96,384,0.25,4,2,32,0.0001,"{'model__batch_size': 128, 'model__callbacks__early_stopping__patience': 10, 'model__lr': 0.0002, 'model__max_epochs': 500, 'model__module__d_model': 96, 'model__module__dim_feedforward': 384, 'model__module__dropout': 0.25, 'model__module__nhead': 4, 'model__module__num_layers': 2, 'model__module__patch_size': 32, 'model__optimizer__weight_decay': 0.0001}",0.4537619380386676,0.9373271889400921,0.8174006444683136,0.6761904761904762,0.7871517027863777,0.7343663900847855,0.16309344436583448,124,0.7476348469049199,0.8708965517241379,0.8549107142857143,0.8931234465617233,0.9758718823467025,0.8684874883646396,0.0733945935824093
262,4.46728744506836,1.5787253887828265,0.04758601188659668,0.0035257362126329458,128,10,0.0002,500,96,384,0.25,4,3,16,0.0001,"{'model__batch_size': 128, 'model__callbacks__early_stopping__patience': 10, 'model__lr': 0.0002, 'model__max_epochs': 500, 'model__module__d_model': 96, 'model__module__dim_feedforward': 384, 'model__module__dropout': 0.25, 'model__module__nhead': 4, 'model__module__num_layers': 3, 'model__module__patch_size': 16, 'model__optimizer__weight_decay': 0.0001}",0.4143633356957241,0.9791090629800308,0.8622087132725431,0.7904761904761906,0.7276190476190476,0.7547552700087071,0.189610070702921,73,0.7514096312099969,0.895245769540693,0.9309507549889977,0.9117376978339545,0.9474126608878382,0.8873513028922961,0.07020745816377695
263,2.390968608856201,0.921137418441719,0.042110538482666014,0.002006872340915094,128,10,0.0002,500,96,384,0.25,4,3,32,0.0001,"{'model__batch_size': 128, 'model__callbacks__early_stopping__patience': 10, 'model__lr': 0.0002, 'model__max_epochs': 500, 'model__module__d_model': 96, 'model__module__dim_feedforward': 384, 'model__module__dropout': 0.25, 'model__module__nhead': 4, 'model__module__num_layers': 3, 'model__module__patch_size': 32, 'model__optimizer__weight_decay': 0.0001}",0.47767540751240256,0.9182692307692308,0.8174006444683136,0.6026831785345717,0.8114285714285714,0.7254914065426179,0.1609288190971925,160,0.7278514588859417,0.896936936936937,0.9242291775951507,0.7920095989801084,0.9532534246575342,0.8588561194111343,0.08516491649805426
264,3.4417446136474608,1.0750138672329523,0.04471092224121094,0.0038642567930318576,128,10,0.0002,500,128,128,0.1,4,2,16,0.0001,"{'model__batch_size': 128, 'model__callbacks__early_stopping__patience': 10, 'model__lr': 0.0002, 'model__max_epochs': 500, 'model__module__d_model': 128, 'model__module__dim_feedforward': 128, 'model__module__dropout': 0.1, 'model__module__nhead': 4, 'model__module__num_layers': 2, 'model__module__patch_size': 16, 'model__optimizer__weight_decay': 0.0001}",0.48497554157931516,0.8904286174669674,0.853920515574651,0.6759259259259259,0.7020123839009288,0.7214525968895577,0.14454939802656755,175,0.7489998461301739,0.8463356973995272,0.8693063181501817,0.9235838578304332,0.9524124947706039,0.868127642856184,0.07049402550079545
265,2.2595975399017334,0.8283464290429646,0.0417027473449707,0.004072435316321434,128,10,0.0002,500,128,128,0.1,4,2,32,0.0001,"{'model__batch_size': 128, 'model__callbacks__early_stopping__patience': 10, 'model__lr': 0.0002, 'model__max_epochs': 500, 'model__module__d_model': 128, 'model__module__dim_feedforward': 128, 'model__module__dropout': 0.1, 'model__module__nhead': 4, 'model__module__num_layers': 2, 'model__module__patch_size': 32, 'model__optimizer__weight_decay': 0.0001}",0.4733887267011003,0.8955453149001535,0.80795892169448,0.7164351851851851,0.7355769230769231,0.7257810143115684,0.14103779451764684,157,0.782167199888719,0.8326436781609194,0.904954304954305,0.9044798222880415,0.9809649979082415,0.8810420006400452,0.06815329633508409
266,3.7610965728759767,1.6583309035260647,0.04315419197082519,0.0026749126222261393,128,10,0.0002,500,128,128,0.1,4,3,16,0.0001,"{'model__batch_size': 128, 'model__callbacks__early_stopping__patience': 10, 'model__lr': 0.0002, 'model__max_epochs': 500, 'model__module__d_model': 128, 'model__module__dim_feedforward': 128, 'model__module__dropout': 0.1, 'model__module__nhead': 4, 'model__module__num_layers': 3, 'model__module__patch_size': 16, 'model__optimizer__weight_decay': 0.0001}",0.7428728070175439,0.91005291005291,0.8428754813863928,0.43548387096774194,0.6791666666666667,0.722090347218251,0.1639125369698892,174,0.9322831727205337,0.8517701149425287,0.9141264012745041,0.416289592760181,0.9714474968623623,0.8171833557120219,0.20413495550293703
267,2.650784969329834,1.1310383782446582,0.042695808410644534,0.0034503377303105186,128,10,0.0002,500,128,128,0.1,4,3,32,0.0001,"{'model__batch_size': 128, 'model__callbacks__early_stopping__patience': 10, 'model__lr': 0.0002, 'model__max_epochs': 500, 'model__module__d_model': 128, 'model__module__dim_feedforward': 128, 'model__module__dropout': 0.1, 'model__module__nhead': 4, 'model__module__num_layers': 3, 'model__module__patch_size': 32, 'model__optimizer__weight_decay': 0.0001}",0.45862357202563386,0.9182692307692308,0.8329238329238329,0.6759259259259259,0.6791666666666667,0.712981845662258,0.1573173414965607,209,0.5532570422535211,0.8995862068965517,0.8472911392405064,0.9009198471188486,0.9758718823467025,0.835385223571226,0.14689527967836427
268,3.450851488113403,1.1598690156584035,0.042038249969482425,0.0015289139544455246,128,10,0.0002,500,128,128,0.25,4,2,16,0.0001,"{'model__batch_size': 128, 'model__callbacks__early_stopping__patience': 10, 'model__lr': 0.0002, 'model__max_epochs': 500, 'model__module__d_model': 128, 'model__module__dim_feedforward': 128, 'model__module__dropout': 0.25, 'model__module__nhead': 4, 'model__module__num_layers': 2, 'model__module__patch_size': 16, 'model__optimizer__weight_decay': 0.0001}",0.40464798359535203,0.9550264550264551,0.853920515574651,0.6759259259259259,0.708044099632503,0.7195129959509774,0.18692421726406971,182,0.7805800756620429,0.8533834586466165,0.8636125196712712,0.9235838578304332,0.9619299958164831,0.8766179815253693,0.062315644542224866
269,2.5753825664520265,1.088747951276623,0.04329957962036133,0.002312510596675671,128,10,0.0002,500,128,128,0.25,4,2,32,0.0001,"{'model__batch_size': 128, 'model__callbacks__early_stopping__patience': 10, 'model__lr': 0.0002, 'model__max_epochs': 500, 'model__module__d_model': 128, 'model__module__dim_feedforward': 128, 'model__module__dropout': 0.25, 'model__module__nhead': 4, 'model__module__num_layers': 2, 'model__module__patch_size': 32, 'model__optimizer__weight_decay': 0.0001}",0.4257142857142857,0.9342571704801805,0.8329238329238329,0.7008547008547008,0.7355769230769231,0.7258653826099847,0.17070394150290483,156,0.7401619174634183,0.850494333252954,0.8385125523431709,0.9664281067013663,0.9384164222873901,0.86680266640966,0.08019716947890561
270,4.1138063907623295,1.4044466052772335,0.04484724998474121,0.0008616570285540076,128,10,0.0002,500,128,128,0.25,4,3,16,0.0001,"{'model__batch_size': 128, 'model__callbacks__early_stopping__patience': 10, 'model__lr': 0.0002, 'model__max_epochs': 500, 'model__module__d_model': 128, 'model__module__dim_feedforward': 128, 'model__module__dropout': 0.25, 'model__module__nhead': 4, 'model__module__num_layers': 3, 'model__module__patch_size': 16, 'model__optimizer__weight_decay': 0.0001}",0.4911392405063291,0.8716981132075472,0.838223632038065,0.7026338147833475,0.7619047619047619,0.7331199124880101,0.13458330126715579,130,0.8107389502762431,0.8719702358155058,0.892855040326537,0.899284320104099,0.9428949937247246,0.8835487080494218,0.04310805209448126
271,2.3447415351867678,1.1075842084357748,0.04295034408569336,0.001973202121898592,128,10,0.0002,500,128,128,0.25,4,3,32,0.0001,"{'model__batch_size': 128, 'model__callbacks__early_stopping__patience': 10, 'model__lr': 0.0002, 'model__max_epochs': 500, 'model__module__d_model': 128, 'model__module__dim_feedforward': 128, 'model__module__dropout': 0.25, 'model__module__nhead': 4, 'model__module__num_layers': 3, 'model__module__patch_size': 32, 'model__optimizer__weight_decay': 0.0001}",0.44578582606751616,0.6578616352201259,0.802273328046524,0.6759259259259259,0.708044099632503,0.657978162978519,0.11719677153602046,288,0.7681244447424442,0.6648966335000257,0.8826507584528739,0.8957843713278495,0.9807881773399014,0.838448877072619,0.11006139073377853
272,3.3679094314575195,1.1625406287273992,0.040937280654907225,0.0024989982985687133,128,10,0.0002,500,128,256,0.1,4,2,16,0.0001,"{'model__batch_size': 128, 'model__callbacks__early_stopping__patience': 10, 'model__lr': 0.0002, 'model__max_epochs': 500, 'model__module__d_model': 128, 'model__module__dim_feedforward': 256, 'model__module__dropout': 0.1, 'model__module__nhead': 4, 'model__module__num_layers': 2, 'model__module__patch_size': 16, 'model__optimizer__weight_decay': 0.0001}",0.46575984990619135,0.9342571704801805,0.8174006444683136,0.7244817633167148,0.7529603919967334,0.7389719640336267,0.15449134028241038,105,0.7323173255123523,0.882414660178368,0.892855040326537,0.9440427993059572,0.9524124947706039,0.8808084640187637,0.07914927221509503
273,2.397192287445068,0.8014872606748501,0.03998942375183105,0.0023373779650072007,128,10,0.0002,500,128,256,0.1,4,2,32,0.0001,"{'model__batch_size': 128, 'model__callbacks__early_stopping__patience': 10, 'model__lr': 0.0002, 'model__max_epochs': 500, 'model__module__d_model': 128, 'model__module__dim_feedforward': 256, 'model__module__dropout': 0.1, 'model__module__nhead': 4, 'model__module__num_layers': 2, 'model__module__patch_size': 32, 'model__optimizer__weight_decay': 0.0001}",0.44166666666666665,0.9373271889400921,0.8174006444683136,0.6503884572697003,0.7355769230769231,0.7164719760843392,0.16686138540116413,198,0.7755968169761274,0.895245769540693,0.8489310973532889,0.9235838578304332,0.9238599916329662,0.8734435066667018,0.0560464955752888
274,4.373388004302979,0.7441450612112588,0.04312434196472168,0.0025133211424225106,128,10,0.0002,500,128,256,0.1,4,3,16,0.0001,"{'model__batch_size': 128, 'model__callbacks__early_stopping__patience': 10, 'model__lr': 0.0002, 'model__max_epochs': 500, 'model__module__d_model': 128, 'model__module__dim_feedforward': 256, 'model__module__dropout': 0.1, 'model__module__nhead': 4, 'model__module__num_layers': 3, 'model__module__patch_size': 16, 'model__optimizer__weight_decay': 0.0001}",0.7428728070175439,0.8431372549019607,0.802273328046524,0.689257176679491,0.7619047619047619,0.7678890657100563,0.05232430895215637,54,0.8988689410852999,0.9576692776642124,0.8743050519700266,0.8658398012441499,0.9519704433497538,0.9097307030626884,0.03842308807314074
275,2.7956136226654054,0.6458022058663975,0.04025554656982422,0.003794557838667881,128,10,0.0002,500,128,256,0.1,4,3,32,0.0001,"{'model__batch_size': 128, 'model__callbacks__early_stopping__patience': 10, 'model__lr': 0.0002, 'model__max_epochs': 500, 'model__module__d_model': 128, 'model__module__dim_feedforward': 256, 'model__module__dropout': 0.1, 'model__module__nhead': 4, 'model__module__num_layers': 3, 'model__module__patch_size': 32, 'model__optimizer__weight_decay': 0.0001}",0.7012850773669027,0.9144654088050315,0.853920515574651,0.7422826394789012,0.708044099632503,0.7839995481715979,0.08516043305144941,29,0.9562740827609315,0.8643714136671883,0.8711314657308828,0.9280602286457849,0.9758718823467025,0.9191418146302979,0.044679826434954106
276,3.39261679649353,1.088463172157721,0.042161989212036136,0.002344485847598714,128,10,0.0002,500,128,256,0.25,4,2,16,0.0001,"{'model__batch_size': 128, 'model__callbacks__early_stopping__patience': 10, 'model__lr': 0.0002, 'model__max_epochs': 500, 'model__module__d_model': 128, 'model__module__dim_feedforward': 256, 'model__module__dropout': 0.25, 'model__module__nhead': 4, 'model__module__num_layers': 2, 'model__module__patch_size': 16, 'model__optimizer__weight_decay': 0.0001}",0.4094915254237288,0.9572327044025157,0.8583333333333334,0.7244817633167148,0.7355769230769231,0.7370232499106433,0.1847402238172812,110,0.7799590509454414,0.882414660178368,0.8652742346938775,0.9440427993059572,0.9478908188585609,0.883916312796441,0.061424467655806336
277,2.2165812969207765,0.8117092125573526,0.03977799415588379,0.0014198323432491869,128,10,0.0002,500,128,256,0.25,4,2,32,0.0001,"{'model__batch_size': 128, 'model__callbacks__early_stopping__patience': 10, 'model__lr': 0.0002, 'model__max_epochs': 500, 'model__module__d_model': 128, 'model__module__dim_feedforward': 256, 'model__module__dropout': 0.25, 'model__module__nhead': 4, 'model__module__num_layers': 2, 'model__module__patch_size': 32, 'model__optimizer__weight_decay': 0.0001}",0.44776119402985076,0.9342571704801805,0.7588652482269503,0.6759259259259259,0.708044099632503,0.7049707276590821,0.15651624996885483,237,0.8017265193370166,0.8422068965517242,0.8402030175062947,0.9235838578304332,0.9469181411627455,0.870927686477643,0.05496346454832634
278,4.519437408447265,1.6226381456670775,0.04311065673828125,0.002007132471042281,128,10,0.0002,500,128,256,0.25,4,3,16,0.0001,"{'model__batch_size': 128, 'model__callbacks__early_stopping__patience': 10, 'model__lr': 0.0002, 'model__max_epochs': 500, 'model__module__d_model': 128, 'model__module__dim_feedforward': 256, 'model__module__dropout': 0.25, 'model__module__nhead': 4, 'model__module__num_layers': 3, 'model__module__patch_size': 16, 'model__optimizer__weight_decay': 0.0001}",0.5334933973589435,0.8774038461538461,0.8741739360296061,0.68774599842561,0.8114285714285714,0.7568491498793154,0.13110338761487636,69,0.7590398522849668,0.9860011845151564,0.9408149328477122,0.9154098360655738,0.9389629374838766,0.9080457486394572,0.07792782418919561
279,2.7768650531768797,0.6165493301131181,0.041025400161743164,0.0017591414761179225,128,10,0.0002,500,128,256,0.25,4,3,32,0.0001,"{'model__batch_size': 128, 'model__callbacks__early_stopping__patience': 10, 'model__lr': 0.0002, 'model__max_epochs': 500, 'model__module__d_model': 128, 'model__module__dim_feedforward': 256, 'model__module__dropout': 0.25, 'model__module__nhead': 4, 'model__module__num_layers': 3, 'model__module__patch_size': 32, 'model__optimizer__weight_decay': 0.0001}",0.7225672877846792,0.9144654088050315,0.8583333333333334,0.7669256381798002,0.708044099632503,0.7940671535470696,0.07984327172497595,13,0.9379310344827587,0.8589045453694868,0.9040236249538575,0.8880855986119144,0.9709079283887468,0.911970546361353,0.03898001204172129
280,2.9292986392974854,1.4028491992388181,0.04127235412597656,0.0023407029291516966,128,10,0.0002,500,128,384,0.1,4,2,16,0.0001,"{'model__batch_size': 128, 'model__callbacks__early_stopping__patience': 10, 'model__lr': 0.0002, 'model__max_epochs': 500, 'model__module__d_model': 128, 'model__module__dim_feedforward': 384, 'model__module__dropout': 0.1, 'model__module__nhead': 4, 'model__module__num_layers': 2, 'model__module__patch_size': 16, 'model__optimizer__weight_decay': 0.0001}",0.42657657657657655,0.9373271889400921,0.8229166666666667,0.5535714285714286,0.7355769230769231,0.6951937567663375,0.18373057129795428,266,0.7568251735958513,0.9344144144144144,0.851743238840013,0.6368364547298103,0.9519704433497538,0.8263579449859686,0.11734761611613095
281,2.1557413578033446,0.7412991643603153,0.03932647705078125,0.002457471894218531,128,10,0.0002,500,128,384,0.1,4,2,32,0.0001,"{'model__batch_size': 128, 'model__callbacks__early_stopping__patience': 10, 'model__lr': 0.0002, 'model__max_epochs': 500, 'model__module__d_model': 128, 'model__module__dim_feedforward': 384, 'model__module__dropout': 0.1, 'model__module__nhead': 4, 'model__module__num_layers': 2, 'model__module__patch_size': 32, 'model__optimizer__weight_decay': 0.0001}",0.4094915254237288,0.9342571704801805,0.80795892169448,0.6761904761904762,0.7355769230769231,0.7126950033731578,0.17432929749292422,211,0.7493827160493827,0.843609022556391,0.8622421947055476,0.9160641989589358,0.9423645320197045,0.8627325328579923,0.06693228211841878
282,4.1771303653717045,1.5868405310390064,0.045592546463012695,0.002558440686928746,128,10,0.0002,500,128,384,0.1,4,3,16,0.0001,"{'model__batch_size': 128, 'model__callbacks__early_stopping__patience': 10, 'model__lr': 0.0002, 'model__max_epochs': 500, 'model__module__d_model': 128, 'model__module__dim_feedforward': 384, 'model__module__dropout': 0.1, 'model__module__nhead': 4, 'model__module__num_layers': 3, 'model__module__patch_size': 16, 'model__optimizer__weight_decay': 0.0001}",0.40480192076830734,0.8599588114151221,0.8428754813863928,0.703030303030303,0.7445820433436532,0.7110497119887557,0.16402950415263184,220,0.6687817258883249,0.9580035535454692,0.8974358974358974,0.8602167182662539,0.943407960199005,0.86556917106699,0.10428080143354973
283,2.718537378311157,0.45870421743679796,0.04202046394348145,0.00447230676757496,128,10,0.0002,500,128,384,0.1,4,3,32,0.0001,"{'model__batch_size': 128, 'model__callbacks__early_stopping__patience': 10, 'model__lr': 0.0002, 'model__max_epochs': 500, 'model__module__d_model': 128, 'model__module__dim_feedforward': 384, 'model__module__dropout': 0.1, 'model__module__nhead': 4, 'model__module__num_layers': 3, 'model__module__patch_size': 32, 'model__optimizer__weight_decay': 0.0001}",0.7225672877846792,0.9591346153846154,0.8129532383095774,0.7979532930989242,0.7871517027863777,0.8159520274728347,0.07795430580191577,2,0.9232804232804233,0.8697853870267663,0.8680099968759762,0.9087758998656389,0.9474126608878382,0.9034528735873286,0.03080138437141917
284,3.6238935947418214,1.3265754024399423,0.0419370174407959,0.002278955670717346,128,10,0.0002,500,128,384,0.25,4,2,16,0.0001,"{'model__batch_size': 128, 'model__callbacks__early_stopping__patience': 10, 'model__lr': 0.0002, 'model__max_epochs': 500, 'model__module__d_model': 128, 'model__module__dim_feedforward': 384, 'model__module__dropout': 0.25, 'model__module__nhead': 4, 'model__module__num_layers': 2, 'model__module__patch_size': 16, 'model__optimizer__weight_decay': 0.0001}",0.40464798359535203,0.8999705795822301,0.8229166666666667,0.7382478632478633,0.7619047619047619,0.7255375709993748,0.16991987180077608,159,0.7328839638622247,0.9625225225225225,0.8871794871794871,0.9024469291848971,0.9378513265038088,0.8845768458505882,0.0803125679665564
285,2.2106692790985107,0.7378237820205062,0.03987312316894531,0.004466353098499121,128,10,0.0002,500,128,384,0.25,4,2,32,0.0001,"{'model__batch_size': 128, 'model__callbacks__early_stopping__patience': 10, 'model__lr': 0.0002, 'model__max_epochs': 500, 'model__module__d_model': 128, 'model__module__dim_feedforward': 384, 'model__module__dropout': 0.25, 'model__module__nhead': 4, 'model__module__num_layers': 2, 'model__module__patch_size': 32, 'model__optimizer__weight_decay': 0.0001}",0.5034807994610375,0.9342571704801805,0.8229166666666667,0.7280799112097669,0.6791666666666667,0.7335802428968636,0.1443530884134885,127,0.7693747076251365,0.8449959013339294,0.8984692283661355,0.9052585193889542,0.9423645320197045,0.872092577746772,0.06003173436640524
286,4.239378833770752,1.8918238231079643,0.04362936019897461,0.0023173007733610913,128,10,0.0002,500,128,384,0.25,4,3,16,0.0001,"{'model__batch_size': 128, 'model__callbacks__early_stopping__patience': 10, 'model__lr': 0.0002, 'model__max_epochs': 500, 'model__module__d_model': 128, 'model__module__dim_feedforward': 384, 'model__module__dropout': 0.25, 'model__module__nhead': 4, 'model__module__num_layers': 3, 'model__module__patch_size': 16, 'model__optimizer__weight_decay': 0.0001}",0.44329665394116324,0.8999705795822301,0.8777920410783056,0.5912668189895913,0.8114285714285714,0.7247509330039723,0.17814097687363495,164,0.7740259740259741,0.9766686408585941,0.9086223055295221,0.8129565944790409,0.9573652154297316,0.8859277460645725,0.07962293714216144
287,2.4766752243041994,0.8311085531037302,0.04102911949157715,0.0028749027166913832,128,10,0.0002,500,128,384,0.25,4,3,32,0.0001,"{'model__batch_size': 128, 'model__callbacks__early_stopping__patience': 10, 'model__lr': 0.0002, 'model__max_epochs': 500, 'model__module__d_model': 128, 'model__module__dim_feedforward': 384, 'model__module__dropout': 0.25, 'model__module__nhead': 4, 'model__module__num_layers': 3, 'model__module__patch_size': 32, 'model__optimizer__weight_decay': 0.0001}",0.46920521339125987,0.9373271889400921,0.8329238329238329,0.7471620227038184,0.7619047619047619,0.749704603972753,0.15553963555743777,81,0.6380837359098228,0.8655437352245863,0.924963924963925,0.9221829923886238,0.9474126608878382,0.8596374098749593,0.11402185166239145
