,mean_fit_time,std_fit_time,mean_score_time,std_score_time,param_model__batch_size,param_model__callbacks__early_stopping__patience,param_model__lr,param_model__max_epochs,param_model__module__d_model,param_model__module__dim_feedforward,param_model__module__dropout,param_model__module__nhead,param_model__module__num_layers,param_model__module__patch_size,param_model__optimizer__weight_decay,params,split0_test_score,split1_test_score,split2_test_score,split3_test_score,split4_test_score,mean_test_score,std_test_score,rank_test_score,split0_train_score,split1_train_score,split2_train_score,split3_train_score,split4_train_score,mean_train_score,std_train_score
0,8.697184991836547,0.7143539102368723,0.028214359283447267,0.007119778454237944,64,10,3e-05,500,96,128,0.1,4,2,16,0.0001,"{'model__batch_size': 64, 'model__callbacks__early_stopping__patience': 10, 'model__lr': 3e-05, 'model__max_epochs': 500, 'model__module__d_model': 96, 'model__module__dim_feedforward': 128, 'model__module__dropout': 0.1, 'model__module__nhead': 4, 'model__module__num_layers': 2, 'model__module__patch_size': 16, 'model__optimizer__weight_decay': 0.0001}",0.8330241187384044,0.8961038961038961,0.717809364548495,0.7896440129449838,0.8466000644537544,0.8166362913579068,0.05996137647681346,101,0.9054566016398078,0.9141025641025642,0.9278440139095876,0.8409611920746685,0.8628571428571428,0.8902443029167542,0.03284280888230611
1,6.12242317199707,1.0684895483617567,0.024094343185424805,0.004218397552184077,64,10,3e-05,500,96,128,0.1,4,2,32,0.0001,"{'model__batch_size': 64, 'model__callbacks__early_stopping__patience': 10, 'model__lr': 3e-05, 'model__max_epochs': 500, 'model__module__d_model': 96, 'model__module__dim_feedforward': 128, 'model__module__dropout': 0.1, 'model__module__nhead': 4, 'model__module__num_layers': 2, 'model__module__patch_size': 32, 'model__optimizer__weight_decay': 0.0001}",0.797979797979798,0.8545454545454545,0.7147012754531215,0.7596153846153846,0.8201058201058201,0.7893895465399157,0.04843018229543386,233,0.9027982326951398,0.9469390987566326,0.9381520119225037,0.8454049603787177,0.8379014020805066,0.8942391411667001,0.04546999418158348
2,8.654627799987793,2.2903189770472654,0.02364954948425293,0.002502469512044558,64,10,3e-05,500,96,128,0.1,4,3,16,0.0001,"{'model__batch_size': 64, 'model__callbacks__early_stopping__patience': 10, 'model__lr': 3e-05, 'model__max_epochs': 500, 'model__module__d_model': 96, 'model__module__dim_feedforward': 128, 'model__module__dropout': 0.1, 'model__module__nhead': 4, 'model__module__num_layers': 3, 'model__module__patch_size': 16, 'model__optimizer__weight_decay': 0.0001}",0.8655311519497983,0.8961038961038961,0.7427101200686106,0.6566436407964242,0.7304504504504505,0.778287851873836,0.08926759742499678,252,0.8887239540381549,0.9314159727553692,0.9326705077271876,0.8037878787878787,0.8163558106169297,0.8745908247851041,0.05514792179589798
3,6.736808776855469,0.9582383659249905,0.021350669860839843,0.002979204654540009,64,10,3e-05,500,96,128,0.1,4,3,32,0.0001,"{'model__batch_size': 64, 'model__callbacks__early_stopping__patience': 10, 'model__lr': 3e-05, 'model__max_epochs': 500, 'model__module__d_model': 96, 'model__module__dim_feedforward': 128, 'model__module__dropout': 0.1, 'model__module__nhead': 4, 'model__module__num_layers': 3, 'model__module__patch_size': 32, 'model__optimizer__weight_decay': 0.0001}",0.797979797979798,0.8961038961038961,0.7685185185185185,0.7896440129449838,0.8466000644537544,0.8197692580001903,0.045947401241870155,89,0.8940378019411808,0.9103131951416367,0.9484600099354197,0.8544247142827404,0.8628571428571428,0.8940185728316241,0.033964962866915256
4,9.402395868301392,2.471277046483198,0.02153167724609375,0.002503689142848849,64,10,3e-05,500,96,128,0.25,4,2,16,0.0001,"{'model__batch_size': 64, 'model__callbacks__early_stopping__patience': 10, 'model__lr': 3e-05, 'model__max_epochs': 500, 'model__module__d_model': 96, 'model__module__dim_feedforward': 128, 'model__module__dropout': 0.25, 'model__module__nhead': 4, 'model__module__num_layers': 2, 'model__module__patch_size': 16, 'model__optimizer__weight_decay': 0.0001}",0.8330241187384044,0.9181286549707601,0.6984126984126984,0.7596153846153846,0.8201058201058201,0.8058573353686136,0.07379508203292055,160,0.875600791631326,0.9265580958346382,0.908961650958726,0.798171900339083,0.8393595153088824,0.8697303908145312,0.04657456188566466
5,6.453510284423828,1.0168287275625927,0.020465517044067384,0.002490130197086419,64,10,3e-05,500,96,128,0.25,4,2,32,0.0001,"{'model__batch_size': 64, 'model__callbacks__early_stopping__patience': 10, 'model__lr': 3e-05, 'model__max_epochs': 500, 'model__module__d_model': 96, 'model__module__dim_feedforward': 128, 'model__module__dropout': 0.25, 'model__module__nhead': 4, 'model__module__num_layers': 2, 'model__module__patch_size': 32, 'model__optimizer__weight_decay': 0.0001}",0.8655311519497983,0.8587387387387387,0.7272727272727273,0.87,0.8716981132075472,0.8386481462337624,0.05586779198039483,24,0.8855527283008199,0.9208645839485029,0.9362519201228878,0.8741496598639455,0.8631513674171959,0.8959940519306704,0.027943084812495803
6,9.38842568397522,1.9826037683248976,0.023844432830810548,0.0023678641662831946,64,10,3e-05,500,96,128,0.25,4,3,16,0.0001,"{'model__batch_size': 64, 'model__callbacks__early_stopping__patience': 10, 'model__lr': 3e-05, 'model__max_epochs': 500, 'model__module__d_model': 96, 'model__module__dim_feedforward': 128, 'model__module__dropout': 0.25, 'model__module__nhead': 4, 'model__module__num_layers': 3, 'model__module__patch_size': 16, 'model__optimizer__weight_decay': 0.0001}",0.8556998556998556,0.8733031674208145,0.7554879374049119,0.8179271708683473,0.7751322751322751,0.8155100813052408,0.04515335221296776,109,0.8585858585858586,0.9021977130808532,0.9326705077271876,0.8590033500837522,0.8116172525933487,0.8728149364142,0.041435299105211876
7,7.162009286880493,1.668750225088831,0.02212071418762207,0.002657741254842867,64,10,3e-05,500,96,128,0.25,4,3,32,0.0001,"{'model__batch_size': 64, 'model__callbacks__early_stopping__patience': 10, 'model__lr': 3e-05, 'model__max_epochs': 500, 'model__module__d_model': 96, 'model__module__dim_feedforward': 128, 'model__module__dropout': 0.25, 'model__module__nhead': 4, 'model__module__num_layers': 3, 'model__module__patch_size': 32, 'model__optimizer__weight_decay': 0.0001}",0.8330241187384044,0.8587387387387387,0.710548885077187,0.8179271708683473,0.8466000644537544,0.8133677955752863,0.05318231562789286,119,0.8930780559646538,0.9626406452255303,0.9430288911537741,0.8498923662858089,0.8357169050238358,0.8968713727307206,0.04983452403830551
8,8.292780208587647,1.359194571037758,0.021788501739501955,0.002660052849580953,64,10,3e-05,500,96,256,0.1,4,2,16,0.0001,"{'model__batch_size': 64, 'model__callbacks__early_stopping__patience': 10, 'model__lr': 3e-05, 'model__max_epochs': 500, 'model__module__d_model': 96, 'model__module__dim_feedforward': 256, 'model__module__dropout': 0.1, 'model__module__nhead': 4, 'model__module__num_layers': 2, 'model__module__patch_size': 16, 'model__optimizer__weight_decay': 0.0001}",0.8117436127297176,0.8961038961038961,0.7056393307167941,0.7896440129449838,0.8201058201058201,0.8046473345202424,0.061124968831345314,171,0.8899916660353058,0.9217518248175183,0.9183204854846646,0.8328580052875908,0.8447125429669071,0.8815269049183974,0.036789734899051046
9,5.920138883590698,1.1016846332716936,0.022278881072998045,0.002409296082217233,64,10,3e-05,500,96,256,0.1,4,2,32,0.0001,"{'model__batch_size': 64, 'model__callbacks__early_stopping__patience': 10, 'model__lr': 3e-05, 'model__max_epochs': 500, 'model__module__d_model': 96, 'model__module__dim_feedforward': 256, 'model__module__dropout': 0.1, 'model__module__nhead': 4, 'model__module__num_layers': 2, 'model__module__patch_size': 32, 'model__optimizer__weight_decay': 0.0001}",0.8655311519497983,0.9155354449472096,0.7401247401247402,0.7596153846153846,0.8716981132075472,0.830500966968936,0.06833419250599529,50,0.8736377025036819,0.9248397435897435,0.9524375490799499,0.8667284141195842,0.8514285714285714,0.8938143961443062,0.03830549247711127
10,7.898745775222778,1.3681066623314566,0.02372012138366699,0.003056035681628672,64,10,3e-05,500,96,256,0.1,4,3,16,0.0001,"{'model__batch_size': 64, 'model__callbacks__early_stopping__patience': 10, 'model__lr': 3e-05, 'model__max_epochs': 500, 'model__module__d_model': 96, 'model__module__dim_feedforward': 256, 'model__module__dropout': 0.1, 'model__module__nhead': 4, 'model__module__num_layers': 3, 'model__module__patch_size': 16, 'model__optimizer__weight_decay': 0.0001}",0.8117436127297176,0.8733031674208145,0.7228863290589003,0.7896440129449838,0.8289308176100629,0.8053015879528959,0.04952068162140076,164,0.8965034442847275,0.8837550345967159,0.9119537408740146,0.8111597186481386,0.859818201730369,0.8726380280267932,0.03516475984633879
11,6.035347318649292,1.3846124820746948,0.021851301193237305,0.0021933350636108256,64,10,3e-05,500,96,256,0.1,4,3,32,0.0001,"{'model__batch_size': 64, 'model__callbacks__early_stopping__patience': 10, 'model__lr': 3e-05, 'model__max_epochs': 500, 'model__module__d_model': 96, 'model__module__dim_feedforward': 256, 'model__module__dropout': 0.1, 'model__module__nhead': 4, 'model__module__num_layers': 3, 'model__module__patch_size': 32, 'model__optimizer__weight_decay': 0.0001}",0.8655311519497983,0.8961038961038961,0.7482658312821661,0.7276190476190476,0.8201058201058201,0.8115251494121457,0.06509349561973334,129,0.8984001319478806,0.8892104175279041,0.9381520119225037,0.8590033500837522,0.8023166023166024,0.8774165027597286,0.04527085250083696
12,8.285497379302978,1.2488599551501514,0.022786808013916016,0.0026129902154705185,64,10,3e-05,500,96,256,0.25,4,2,16,0.0001,"{'model__batch_size': 64, 'model__callbacks__early_stopping__patience': 10, 'model__lr': 3e-05, 'model__max_epochs': 500, 'model__module__d_model': 96, 'model__module__dim_feedforward': 256, 'model__module__dropout': 0.25, 'model__module__nhead': 4, 'model__module__num_layers': 2, 'model__module__patch_size': 16, 'model__optimizer__weight_decay': 0.0001}",0.8330241187384044,0.8771929824561404,0.7427101200686106,0.87,0.8201058201058201,0.8286066082737952,0.048050042911429405,56,0.8999924236684598,0.8916504630075275,0.926393581081081,0.8652080687803152,0.8059040770905177,0.8778297227255802,0.04092249054427727
13,6.212234973907471,1.0085201712595964,0.02059903144836426,0.002425194839487811,64,10,3e-05,500,96,256,0.25,4,2,32,0.0001,"{'model__batch_size': 64, 'model__callbacks__early_stopping__patience': 10, 'model__lr': 3e-05, 'model__max_epochs': 500, 'model__module__d_model': 96, 'model__module__dim_feedforward': 256, 'model__module__dropout': 0.25, 'model__module__nhead': 4, 'model__module__num_layers': 2, 'model__module__patch_size': 32, 'model__optimizer__weight_decay': 0.0001}",0.84375,0.8961038961038961,0.7532894736842105,0.6933962264150944,0.9182692307692308,0.8209617653944864,0.0854246943946146,83,0.8930780559646538,0.9141025641025642,0.9418681155421611,0.8621663664647126,0.8430808902792162,0.8908591984706614,0.03536419753774266
14,8.427720403671264,1.1136807161896929,0.023922443389892578,0.0025593941411018325,64,10,3e-05,500,96,256,0.25,4,3,16,0.0001,"{'model__batch_size': 64, 'model__callbacks__early_stopping__patience': 10, 'model__lr': 3e-05, 'model__max_epochs': 500, 'model__module__d_model': 96, 'model__module__dim_feedforward': 256, 'model__module__dropout': 0.25, 'model__module__nhead': 4, 'model__module__num_layers': 3, 'model__module__patch_size': 16, 'model__optimizer__weight_decay': 0.0001}",0.8330241187384044,0.9155354449472096,0.6902847207128885,0.7896440129449838,0.7920489296636086,0.804107445401419,0.0728870145024428,176,0.8743694679737317,0.8950829940494833,0.8995903813910053,0.808797985061664,0.823982398239824,0.8603646453431416,0.03721006723772019
15,6.587406969070434,1.8095786717986921,0.021841764450073242,0.003619095699824062,64,10,3e-05,500,96,256,0.25,4,3,32,0.0001,"{'model__batch_size': 64, 'model__callbacks__early_stopping__patience': 10, 'model__lr': 3e-05, 'model__max_epochs': 500, 'model__module__d_model': 96, 'model__module__dim_feedforward': 256, 'model__module__dropout': 0.25, 'model__module__nhead': 4, 'model__module__num_layers': 3, 'model__module__patch_size': 32, 'model__optimizer__weight_decay': 0.0001}",0.797979797979798,0.8961038961038961,0.7228863290589003,0.617003367003367,0.8716981132075472,0.7811343006707017,0.10201506984585394,246,0.8767898146246756,0.9321849148418492,0.9441077441077441,0.8537866944589196,0.8332097683718631,0.8880157872810102,0.04335567417607919
16,7.184370422363282,1.15757904083671,0.02230658531188965,0.0023010524605792254,64,10,3e-05,500,96,384,0.1,4,2,16,0.0001,"{'model__batch_size': 64, 'model__callbacks__early_stopping__patience': 10, 'model__lr': 3e-05, 'model__max_epochs': 500, 'model__module__d_model': 96, 'model__module__dim_feedforward': 384, 'model__module__dropout': 0.1, 'model__module__nhead': 4, 'model__module__num_layers': 2, 'model__module__patch_size': 16, 'model__optimizer__weight_decay': 0.0001}",0.8330241187384044,0.8771929824561404,0.7023809523809523,0.7596153846153846,0.8027715114405414,0.7949969899262845,0.06015359557567945,215,0.8888888888888888,0.8800194647201947,0.9167224080267559,0.8267558528428094,0.8494798733604704,0.8723732975678239,0.031314956051326566
17,5.399462461471558,0.9046926591225501,0.02088136672973633,0.0031909130575480914,64,10,3e-05,500,96,384,0.1,4,2,32,0.0001,"{'model__batch_size': 64, 'model__callbacks__early_stopping__patience': 10, 'model__lr': 3e-05, 'model__max_epochs': 500, 'model__module__d_model': 96, 'model__module__dim_feedforward': 384, 'model__module__dropout': 0.1, 'model__module__nhead': 4, 'model__module__num_layers': 2, 'model__module__patch_size': 32, 'model__optimizer__weight_decay': 0.0001}",0.8958333333333334,0.8771929824561404,0.7228863290589003,0.8446568794810516,0.8466000644537544,0.8374339177566361,0.06041293646776373,28,0.8844048748449245,0.8938781975132652,0.9326705077271876,0.8652080687803152,0.8580522101714463,0.8868427718074278,0.026277666374242562
18,7.313624572753906,1.7674319210429708,0.02368450164794922,0.0029023615114165758,64,10,3e-05,500,96,384,0.1,4,3,16,0.0001,"{'model__batch_size': 64, 'model__callbacks__early_stopping__patience': 10, 'model__lr': 3e-05, 'model__max_epochs': 500, 'model__module__d_model': 96, 'model__module__dim_feedforward': 384, 'model__module__dropout': 0.1, 'model__module__nhead': 4, 'model__module__num_layers': 3, 'model__module__patch_size': 16, 'model__optimizer__weight_decay': 0.0001}",0.8231578947368421,0.8961038961038961,0.7301587301587302,0.7596153846153846,0.8027715114405414,0.8023614834110788,0.057027651755892125,188,0.8790477761284292,0.8711538461538462,0.9167224080267559,0.8333762223365929,0.8041128646580584,0.8608826234607365,0.03881484237955378
19,5.579849004745483,1.4768754071533448,0.0215789794921875,0.002897266381030817,64,10,3e-05,500,96,384,0.1,4,3,32,0.0001,"{'model__batch_size': 64, 'model__callbacks__early_stopping__patience': 10, 'model__lr': 3e-05, 'model__max_epochs': 500, 'model__module__d_model': 96, 'model__module__dim_feedforward': 384, 'model__module__dropout': 0.1, 'model__module__nhead': 4, 'model__module__num_layers': 3, 'model__module__patch_size': 32, 'model__optimizer__weight_decay': 0.0001}",0.8330241187384044,0.8961038961038961,0.7747747747747747,0.6933962264150944,0.7304504504504505,0.785549893296524,0.07227771401869026,241,0.8944703530979348,0.9199442397689933,0.9430288911537741,0.8312923397602918,0.8069381598793364,0.8791347967320661,0.05193130133926182
20,8.478991079330445,1.372107223608139,0.02539687156677246,0.005655970728099289,64,10,3e-05,500,96,384,0.25,4,2,16,0.0001,"{'model__batch_size': 64, 'model__callbacks__early_stopping__patience': 10, 'model__lr': 3e-05, 'model__max_epochs': 500, 'model__module__d_model': 96, 'model__module__dim_feedforward': 384, 'model__module__dropout': 0.25, 'model__module__nhead': 4, 'model__module__num_layers': 2, 'model__module__patch_size': 16, 'model__optimizer__weight_decay': 0.0001}",0.8556998556998556,0.8925968546221711,0.7056393307167941,0.7276190476190476,0.8466000644537544,0.8056310306223246,0.07460913223433008,163,0.8790477761284292,0.9141025641025642,0.9230610773509115,0.813241560144215,0.8773946360153256,0.8813695227482892,0.038658109736439426
21,8.521450567245484,1.155920399509541,0.030694961547851562,0.00691441141610515,64,10,3e-05,500,96,384,0.25,4,2,32,0.0001,"{'model__batch_size': 64, 'model__callbacks__early_stopping__patience': 10, 'model__lr': 3e-05, 'model__max_epochs': 500, 'model__module__d_model': 96, 'model__module__dim_feedforward': 384, 'model__module__dropout': 0.25, 'model__module__nhead': 4, 'model__module__num_layers': 2, 'model__module__patch_size': 32, 'model__optimizer__weight_decay': 0.0001}",0.8958333333333334,0.9155354449472096,0.7272727272727273,0.6933962264150944,0.8955453149001535,0.8255166093737036,0.094931036007762,69,0.8790477761284292,0.9314159727553692,0.9369087837837837,0.8244067796610169,0.8898735266282372,0.8923305677913673,0.04077007927851408
22,8.042219591140746,1.4974473594013724,0.02818121910095215,0.0021170261950519674,64,10,3e-05,500,96,384,0.25,4,3,16,0.0001,"{'model__batch_size': 64, 'model__callbacks__early_stopping__patience': 10, 'model__lr': 3e-05, 'model__max_epochs': 500, 'model__module__d_model': 96, 'model__module__dim_feedforward': 384, 'model__module__dropout': 0.25, 'model__module__nhead': 4, 'model__module__num_layers': 3, 'model__module__patch_size': 16, 'model__optimizer__weight_decay': 0.0001}",0.7916666666666666,0.8961038961038961,0.7427101200686106,0.7276190476190476,0.8716981132075472,0.8059595687331536,0.06751232930512167,158,0.8779382663534983,0.8800194647201947,0.9167224080267559,0.8333762223365929,0.846696386985162,0.8709505496844407,0.029073117838195536
23,5.59343991279602,1.355908091640822,0.0218717098236084,0.0029266981935463362,64,10,3e-05,500,96,384,0.25,4,3,32,0.0001,"{'model__batch_size': 64, 'model__callbacks__early_stopping__patience': 10, 'model__lr': 3e-05, 'model__max_epochs': 500, 'model__module__d_model': 96, 'model__module__dim_feedforward': 384, 'model__module__dropout': 0.25, 'model__module__nhead': 4, 'model__module__num_layers': 3, 'model__module__patch_size': 32, 'model__optimizer__weight_decay': 0.0001}",0.797979797979798,0.8771929824561404,0.7747747747747747,0.7596153846153846,0.7920489296636086,0.8003223738979413,0.04072534051164449,198,0.8743694679737317,0.9208645839485029,0.93331960037079,0.8498923662858089,0.7977507203271679,0.8752393477812003,0.04919896637676378
24,7.123563623428344,0.9330239211407342,0.024810791015625,0.0024393467346779598,64,10,3e-05,500,128,128,0.1,4,2,16,0.0001,"{'model__batch_size': 64, 'model__callbacks__early_stopping__patience': 10, 'model__lr': 3e-05, 'model__max_epochs': 500, 'model__module__d_model': 128, 'model__module__dim_feedforward': 128, 'model__module__dropout': 0.1, 'model__module__nhead': 4, 'model__module__num_layers': 2, 'model__module__patch_size': 16, 'model__optimizer__weight_decay': 0.0001}",0.8330241187384044,0.8310708898944192,0.7427101200686106,0.8941023134571522,0.8466000644537544,0.8295015013224681,0.049016816427664096,52,0.8736377025036819,0.8961303877771658,0.9285304247990815,0.842687074829932,0.8171428571428572,0.8716256894105439,0.039111378840740604
25,5.582117795944214,0.9976824419892694,0.02212381362915039,0.0032271592285716927,64,10,3e-05,500,128,128,0.1,4,2,32,0.0001,"{'model__batch_size': 64, 'model__callbacks__early_stopping__patience': 10, 'model__lr': 3e-05, 'model__max_epochs': 500, 'model__module__d_model': 128, 'model__module__dim_feedforward': 128, 'model__module__dropout': 0.1, 'model__module__nhead': 4, 'model__module__num_layers': 2, 'model__module__patch_size': 32, 'model__optimizer__weight_decay': 0.0001}",0.919318691169879,0.8771929824561404,0.7272727272727273,0.8179271708683473,0.8201058201058201,0.8323634783745829,0.06476668371357937,47,0.9063602591147535,0.9463141025641025,0.9319972269490138,0.8399087750708698,0.8562153175619509,0.896159136252138,0.04162586715682361
26,8.601264762878419,2.477319851135359,0.025828075408935548,0.003269329745711276,64,10,3e-05,500,128,128,0.1,4,3,16,0.0001,"{'model__batch_size': 64, 'model__callbacks__early_stopping__patience': 10, 'model__lr': 3e-05, 'model__max_epochs': 500, 'model__module__d_model': 128, 'model__module__dim_feedforward': 128, 'model__module__dropout': 0.1, 'model__module__nhead': 4, 'model__module__num_layers': 3, 'model__module__patch_size': 16, 'model__optimizer__weight_decay': 0.0001}",0.8117436127297176,0.8990990990990991,0.6551003344481605,0.8446568794810516,0.7304504504504505,0.788210075241696,0.08612876645782365,236,0.8801198801198802,0.9092701384048592,0.9435781233906684,0.8288680009378264,0.8580522101714463,0.8839776706049361,0.039789472569028685
27,5.287539386749268,1.1805452341997356,0.021933460235595705,0.0023333577417475526,64,10,3e-05,500,128,128,0.1,4,3,32,0.0001,"{'model__batch_size': 64, 'model__callbacks__early_stopping__patience': 10, 'model__lr': 3e-05, 'model__max_epochs': 500, 'model__module__d_model': 128, 'model__module__dim_feedforward': 128, 'model__module__dropout': 0.1, 'model__module__nhead': 4, 'model__module__num_layers': 3, 'model__module__patch_size': 32, 'model__optimizer__weight_decay': 0.0001}",0.8330241187384044,0.9181286549707601,0.6984126984126984,0.8446568794810516,0.8955453149001535,0.8379535333006137,0.07653200901817388,27,0.9117056856187291,0.9151025580106122,0.9326705077271876,0.8606143401225368,0.8474514118078476,0.8935089006573828,0.033269760687488145
28,7.200504636764526,1.147236095578727,0.022946739196777345,0.0025456754494577486,64,10,3e-05,500,128,128,0.25,4,2,16,0.0001,"{'model__batch_size': 64, 'model__callbacks__early_stopping__patience': 10, 'model__lr': 3e-05, 'model__max_epochs': 500, 'model__module__d_model': 128, 'model__module__dim_feedforward': 128, 'model__module__dropout': 0.25, 'model__module__nhead': 4, 'model__module__num_layers': 2, 'model__module__patch_size': 16, 'model__optimizer__weight_decay': 0.0001}",0.8556998556998556,0.8545454545454545,0.7228863290589003,0.87,0.8716981132075472,0.8349659505023516,0.056483147482102945,34,0.8528428093645486,0.908187735525865,0.9319972269490138,0.8309007813651776,0.8628571428571428,0.8773571392123495,0.03716304697822717
29,5.928736686706543,0.722748258482012,0.020857954025268556,0.0018507117255644491,64,10,3e-05,500,128,128,0.25,4,2,32,0.0001,"{'model__batch_size': 64, 'model__callbacks__early_stopping__patience': 10, 'model__lr': 3e-05, 'model__max_epochs': 500, 'model__module__d_model': 128, 'model__module__dim_feedforward': 128, 'model__module__dropout': 0.25, 'model__module__nhead': 4, 'model__module__num_layers': 2, 'model__module__patch_size': 32, 'model__optimizer__weight_decay': 0.0001}",0.8231578947368421,0.8587387387387387,0.7054747054747055,0.8446568794810516,0.8716981132075472,0.820745266327777,0.05984076331366365,84,0.8984001319478806,0.9412924424972617,0.9271321070234114,0.8667284141195842,0.86151682354214,0.8990139838260556,0.031707629285432186
30,8.798888206481934,2.2434795951283513,0.023417568206787108,0.002675737426053438,64,10,3e-05,500,128,128,0.25,4,3,16,0.0001,"{'model__batch_size': 64, 'model__callbacks__early_stopping__patience': 10, 'model__lr': 3e-05, 'model__max_epochs': 500, 'model__module__d_model': 128, 'model__module__dim_feedforward': 128, 'model__module__dropout': 0.25, 'model__module__nhead': 4, 'model__module__num_layers': 3, 'model__module__patch_size': 16, 'model__optimizer__weight_decay': 0.0001}",0.8556998556998556,0.8771929824561404,0.7056393307167941,0.7276190476190476,0.8466000644537544,0.8025502561891183,0.071194403733089,186,0.8527890476282038,0.9008856447688565,0.923783287419651,0.8063423645320197,0.8217069937768192,0.8611014676251101,0.04501415677608242
31,5.337236499786377,0.8862047052255932,0.024388980865478516,0.0037888975167666063,64,10,3e-05,500,128,128,0.25,4,3,32,0.0001,"{'model__batch_size': 64, 'model__callbacks__early_stopping__patience': 10, 'model__lr': 3e-05, 'model__max_epochs': 500, 'model__module__d_model': 128, 'model__module__dim_feedforward': 128, 'model__module__dropout': 0.25, 'model__module__nhead': 4, 'model__module__num_layers': 3, 'model__module__patch_size': 32, 'model__optimizer__weight_decay': 0.0001}",0.8330241187384044,0.8961038961038961,0.7228863290589003,0.7896440129449838,0.8201058201058201,0.812352835390401,0.056606708559866735,122,0.8758680555555556,0.9178921568627452,0.9285304247990815,0.8481574539363484,0.8610583446404343,0.8863012871588329,0.031566734376771176
32,7.567576169967651,1.7016730739027834,0.024210119247436525,0.005798842670651258,64,10,3e-05,500,128,256,0.1,4,2,16,0.0001,"{'model__batch_size': 64, 'model__callbacks__early_stopping__patience': 10, 'model__lr': 3e-05, 'model__max_epochs': 500, 'model__module__d_model': 128, 'model__module__dim_feedforward': 256, 'model__module__dropout': 0.1, 'model__module__nhead': 4, 'model__module__num_layers': 2, 'model__module__patch_size': 16, 'model__optimizer__weight_decay': 0.0001}",0.8330241187384044,0.8733031674208145,0.6902847207128885,0.87,0.7920489296636086,0.8117321873071432,0.0674927962168791,127,0.8866466294547015,0.9119868637110016,0.926393581081081,0.8498923662858089,0.7977507203271679,0.8745340321719521,0.04635025586074477
33,4.804022216796875,0.770395434639371,0.022395229339599608,0.0029747725395829505,64,10,3e-05,500,128,256,0.1,4,2,32,0.0001,"{'model__batch_size': 64, 'model__callbacks__early_stopping__patience': 10, 'model__lr': 3e-05, 'model__max_epochs': 500, 'model__module__d_model': 128, 'model__module__dim_feedforward': 256, 'model__module__dropout': 0.1, 'model__module__nhead': 4, 'model__module__num_layers': 2, 'model__module__patch_size': 32, 'model__optimizer__weight_decay': 0.0001}",0.7773654916512059,0.8961038961038961,0.717809364548495,0.8179271708683473,0.8716981132075472,0.8161808072758984,0.06427517505667119,106,0.8940378019411808,0.9208645839485029,0.9637456580069472,0.8560666872491509,0.854303731190384,0.8978036924672331,0.0413002510943155
34,8.185008144378662,1.8528536533390343,0.02553558349609375,0.002077841271637426,64,10,3e-05,500,128,256,0.1,4,3,16,0.0001,"{'model__batch_size': 64, 'model__callbacks__early_stopping__patience': 10, 'model__lr': 3e-05, 'model__max_epochs': 500, 'model__module__d_model': 128, 'model__module__dim_feedforward': 256, 'model__module__dropout': 0.1, 'model__module__nhead': 4, 'model__module__num_layers': 3, 'model__module__patch_size': 16, 'model__optimizer__weight_decay': 0.0001}",0.8330241187384044,0.8961038961038961,0.6902847207128885,0.7896440129449838,0.7920489296636086,0.8002211356327564,0.06713302504190184,199,0.8877464244298415,0.9151025580106122,0.9424591920337808,0.8178272268047829,0.7903357903357904,0.8706942383229617,0.05773298114490609
35,4.6783239364624025,0.44988476556804763,0.022355270385742188,0.0027456955936277783,64,10,3e-05,500,128,256,0.1,4,3,32,0.0001,"{'model__batch_size': 64, 'model__callbacks__early_stopping__patience': 10, 'model__lr': 3e-05, 'model__max_epochs': 500, 'model__module__d_model': 128, 'model__module__dim_feedforward': 256, 'model__module__dropout': 0.1, 'model__module__nhead': 4, 'model__module__num_layers': 3, 'model__module__patch_size': 32, 'model__optimizer__weight_decay': 0.0001}",0.84375,0.8961038961038961,0.7401247401247402,0.7276190476190476,0.8716981132075472,0.8158591594110461,0.06907550232962396,107,0.9080763098576062,0.8772478343124563,0.9140934966361911,0.849109936346963,0.8379014020805066,0.8772857958467446,0.030488927703092798
36,7.508411693572998,1.1156295785630646,0.023105764389038087,0.0027778172065286914,64,10,3e-05,500,128,256,0.25,4,2,16,0.0001,"{'model__batch_size': 64, 'model__callbacks__early_stopping__patience': 10, 'model__lr': 3e-05, 'model__max_epochs': 500, 'model__module__d_model': 128, 'model__module__dim_feedforward': 256, 'model__module__dropout': 0.25, 'model__module__nhead': 4, 'model__module__num_layers': 2, 'model__module__patch_size': 16, 'model__optimizer__weight_decay': 0.0001}",0.8330241187384044,0.8961038961038961,0.7427101200686106,0.8446568794810516,0.8201058201058201,0.8273201668995565,0.0495483700990544,60,0.8643190254116303,0.9257147382592856,0.9271321070234114,0.8436413597851656,0.7987014445867313,0.8719017350132449,0.04931665463552849
37,5.410201930999756,0.7169825628268133,0.02337017059326172,0.002494090083169576,64,10,3e-05,500,128,256,0.25,4,2,32,0.0001,"{'model__batch_size': 64, 'model__callbacks__early_stopping__patience': 10, 'model__lr': 3e-05, 'model__max_epochs': 500, 'model__module__d_model': 128, 'model__module__dim_feedforward': 256, 'model__module__dropout': 0.25, 'model__module__nhead': 4, 'model__module__num_layers': 2, 'model__module__patch_size': 32, 'model__optimizer__weight_decay': 0.0001}",0.8736842105263158,0.8771929824561404,0.7056393307167941,0.87,0.8466000644537544,0.8346233176306009,0.0653754552064942,36,0.8949652777777778,0.9092701384048592,0.9278440139095876,0.8730310974700002,0.8426480296856148,0.8895517114495679,0.029520533663695135
38,8.3805410861969,1.8049927198811448,0.02682781219482422,0.004751583273947644,64,10,3e-05,500,128,256,0.25,4,3,16,0.0001,"{'model__batch_size': 64, 'model__callbacks__early_stopping__patience': 10, 'model__lr': 3e-05, 'model__max_epochs': 500, 'model__module__d_model': 128, 'model__module__dim_feedforward': 256, 'model__module__dropout': 0.25, 'model__module__nhead': 4, 'model__module__num_layers': 3, 'model__module__patch_size': 16, 'model__optimizer__weight_decay': 0.0001}",0.8117436127297176,0.8771929824561404,0.6864548494983278,0.7896440129449838,0.7920489296636086,0.7914168774585557,0.061304626591208645,227,0.8747719477486682,0.9044903777619386,0.9326705077271876,0.8328580052875908,0.8725954776587688,0.8834772632368308,0.03352023668168344
39,4.472645807266235,0.6152923282157271,0.024870538711547853,0.002498735066969001,64,10,3e-05,500,128,256,0.25,4,3,32,0.0001,"{'model__batch_size': 64, 'model__callbacks__early_stopping__patience': 10, 'model__lr': 3e-05, 'model__max_epochs': 500, 'model__module__d_model': 128, 'model__module__dim_feedforward': 256, 'model__module__dropout': 0.25, 'model__module__nhead': 4, 'model__module__num_layers': 3, 'model__module__patch_size': 32, 'model__optimizer__weight_decay': 0.0001}",0.7916666666666666,0.8961038961038961,0.7272727272727273,0.5740498034076016,0.7920489296636086,0.7562284046229,0.10595433689990696,269,0.8877032050452183,0.8845912934544315,0.9175360158966717,0.8245602534688081,0.7933817594834545,0.8615545054697169,0.04552905792181509
40,7.222775459289551,1.5640610495632106,0.024152231216430665,0.002141569521361211,64,10,3e-05,500,128,384,0.1,4,2,16,0.0001,"{'model__batch_size': 64, 'model__callbacks__early_stopping__patience': 10, 'model__lr': 3e-05, 'model__max_epochs': 500, 'model__module__d_model': 128, 'model__module__dim_feedforward': 384, 'model__module__dropout': 0.1, 'model__module__nhead': 4, 'model__module__num_layers': 2, 'model__module__patch_size': 16, 'model__optimizer__weight_decay': 0.0001}",0.8330241187384044,0.8925968546221711,0.7228863290589003,0.7596153846153846,0.7622377622377623,0.7940720898545244,0.06081527985217345,219,0.8705294705294705,0.9239315546184413,0.93331960037079,0.8288680009378264,0.8142974142974143,0.8741892081507885,0.04821853749310826
41,4.601681184768677,0.9830551195655833,0.02138357162475586,0.0030962626969953003,64,10,3e-05,500,128,384,0.1,4,2,32,0.0001,"{'model__batch_size': 64, 'model__callbacks__early_stopping__patience': 10, 'model__lr': 3e-05, 'model__max_epochs': 500, 'model__module__d_model': 128, 'model__module__dim_feedforward': 384, 'model__module__dropout': 0.1, 'model__module__nhead': 4, 'model__module__num_layers': 2, 'model__module__patch_size': 32, 'model__optimizer__weight_decay': 0.0001}",0.797979797979798,0.8961038961038961,0.7023809523809523,0.7896440129449838,0.8201058201058201,0.8012428959030901,0.06208588412752524,194,0.8920847268673355,0.9208645839485029,0.9215352618642465,0.8573305084745764,0.8168685819776162,0.8817367326264556,0.04006378267046962
42,7.743769025802612,1.6512850332408122,0.025096988677978514,0.003464831286174714,64,10,3e-05,500,128,384,0.1,4,3,16,0.0001,"{'model__batch_size': 64, 'model__callbacks__early_stopping__patience': 10, 'model__lr': 3e-05, 'model__max_epochs': 500, 'model__module__d_model': 128, 'model__module__dim_feedforward': 384, 'model__module__dropout': 0.1, 'model__module__nhead': 4, 'model__module__num_layers': 3, 'model__module__patch_size': 16, 'model__optimizer__weight_decay': 0.0001}",0.8556998556998556,0.8771929824561404,0.6984126984126984,0.8179271708683473,0.7622377622377623,0.8022940939349608,0.06496501524742482,189,0.8669329997946498,0.8938781975132652,0.9319972269490138,0.8312923397602918,0.7718195177181952,0.8591840563470832,0.05472841644505119
43,4.413670539855957,1.2871505623098412,0.022452831268310547,0.002681716750854844,64,10,3e-05,500,128,384,0.1,4,3,32,0.0001,"{'model__batch_size': 64, 'model__callbacks__early_stopping__patience': 10, 'model__lr': 3e-05, 'model__max_epochs': 500, 'model__module__d_model': 128, 'model__module__dim_feedforward': 384, 'model__module__dropout': 0.1, 'model__module__nhead': 4, 'model__module__num_layers': 3, 'model__module__patch_size': 32, 'model__optimizer__weight_decay': 0.0001}",0.8117436127297176,0.8961038961038961,0.6984126984126984,0.6566436407964242,0.8201058201058201,0.7766019336297113,0.08707674007101263,254,0.8974681437369385,0.8711538461538462,0.9381520119225037,0.8778092297135014,0.7948717948717949,0.875891005279717,0.04675946656851547
44,7.125708961486817,1.6333425871181095,0.022734642028808594,0.0027788332604718547,64,10,3e-05,500,128,384,0.25,4,2,16,0.0001,"{'model__batch_size': 64, 'model__callbacks__early_stopping__patience': 10, 'model__lr': 3e-05, 'model__max_epochs': 500, 'model__module__d_model': 128, 'model__module__dim_feedforward': 384, 'model__module__dropout': 0.25, 'model__module__nhead': 4, 'model__module__num_layers': 2, 'model__module__patch_size': 16, 'model__optimizer__weight_decay': 0.0001}",0.82,0.8961038961038961,0.7354497354497355,0.87,0.8201058201058201,0.8283318903318904,0.054942623623365286,57,0.8822742474916387,0.9248397435897435,0.9230610773509115,0.8284484186123531,0.823982398239824,0.8765211770568941,0.04382934495209759
45,4.7349522590637205,0.8095247563020721,0.022268295288085938,0.002036945340636844,64,10,3e-05,500,128,384,0.25,4,2,32,0.0001,"{'model__batch_size': 64, 'model__callbacks__early_stopping__patience': 10, 'model__lr': 3e-05, 'model__max_epochs': 500, 'model__module__d_model': 128, 'model__module__dim_feedforward': 384, 'model__module__dropout': 0.25, 'model__module__nhead': 4, 'model__module__num_layers': 2, 'model__module__patch_size': 32, 'model__optimizer__weight_decay': 0.0001}",0.888682745825603,0.8961038961038961,0.6936274509803921,0.7596153846153846,0.8201058201058201,0.8116270595262192,0.07716855063328006,128,0.8790477761284292,0.9141025641025642,0.9326705077271876,0.8436413597851656,0.8142974142974143,0.8767519244081521,0.043644253926345036
46,8.133036994934082,1.8120139509207545,0.02496647834777832,0.002643529156335664,64,10,3e-05,500,128,384,0.25,4,3,16,0.0001,"{'model__batch_size': 64, 'model__callbacks__early_stopping__patience': 10, 'model__lr': 3e-05, 'model__max_epochs': 500, 'model__module__d_model': 128, 'model__module__dim_feedforward': 384, 'model__module__dropout': 0.25, 'model__module__nhead': 4, 'model__module__num_layers': 3, 'model__module__patch_size': 16, 'model__optimizer__weight_decay': 0.0001}",0.7916666666666666,0.8771929824561404,0.6783876500857633,0.8179271708683473,0.8201058201058201,0.7970560580365474,0.06557447387914117,205,0.8712484993997599,0.9044903777619386,0.926393581081081,0.826465661641541,0.8494798733604704,0.8756155986489581,0.03613867836194654
47,5.543479108810425,1.5715002377953267,0.024553632736206053,0.003945330584490958,64,10,3e-05,500,128,384,0.25,4,3,32,0.0001,"{'model__batch_size': 64, 'model__callbacks__early_stopping__patience': 10, 'model__lr': 3e-05, 'model__max_epochs': 500, 'model__module__d_model': 128, 'model__module__dim_feedforward': 384, 'model__module__dropout': 0.25, 'model__module__nhead': 4, 'model__module__num_layers': 3, 'model__module__patch_size': 32, 'model__optimizer__weight_decay': 0.0001}",0.84375,0.8961038961038961,0.7228863290589003,0.6933962264150944,0.8201058201058201,0.7952484543367422,0.07583173769086392,212,0.9036707290374371,0.9575512790053061,0.9326705077271876,0.8463559322033898,0.8263229308005428,0.8933142757547726,0.049950952011223806
48,3.5444655418395996,0.6456048953803825,0.024118614196777344,0.0024364143911095107,64,10,0.0001,500,96,128,0.1,4,2,16,0.0001,"{'model__batch_size': 64, 'model__callbacks__early_stopping__patience': 10, 'model__lr': 0.0001, 'model__max_epochs': 500, 'model__module__d_model': 96, 'model__module__dim_feedforward': 128, 'model__module__dropout': 0.1, 'model__module__nhead': 4, 'model__module__num_layers': 2, 'model__module__patch_size': 16, 'model__optimizer__weight_decay': 0.0001}",0.8655311519497983,0.86875,0.6936274509803921,0.6566436407964242,0.8201058201058201,0.7809316127664869,0.08885188386139335,247,0.8974681437369385,0.9229885057471264,0.9381520119225037,0.7746382121267632,0.8439568094740508,0.8754407366014764,0.05971781589453741
49,2.8087532043457033,0.5886059719486806,0.023494911193847657,0.0015656029960546196,64,10,0.0001,500,96,128,0.1,4,2,32,0.0001,"{'model__batch_size': 64, 'model__callbacks__early_stopping__patience': 10, 'model__lr': 0.0001, 'model__max_epochs': 500, 'model__module__d_model': 96, 'model__module__dim_feedforward': 128, 'model__module__dropout': 0.1, 'model__module__nhead': 4, 'model__module__num_layers': 2, 'model__module__patch_size': 32, 'model__optimizer__weight_decay': 0.0001}",0.8556998556998556,0.8587387387387387,0.7272727272727273,0.8446568794810516,0.8466000644537544,0.8265936531292255,0.0499432888589469,63,0.8833578792341679,0.9681634592539796,0.9424591920337808,0.8576488549618321,0.8773946360153256,0.9058048042998171,0.042100222211628825
50,4.1007728099823,0.9399551443393469,0.026467657089233397,0.0018954062046775072,64,10,0.0001,500,96,128,0.1,4,3,16,0.0001,"{'model__batch_size': 64, 'model__callbacks__early_stopping__patience': 10, 'model__lr': 0.0001, 'model__max_epochs': 500, 'model__module__d_model': 96, 'model__module__dim_feedforward': 128, 'model__module__dropout': 0.1, 'model__module__nhead': 4, 'model__module__num_layers': 3, 'model__module__patch_size': 16, 'model__optimizer__weight_decay': 0.0001}",0.8117436127297176,0.9155354449472096,0.7056393307167941,0.7896440129449838,0.8716981132075472,0.8188521029092506,0.07191820961560559,93,0.8821575874444266,0.888584019289931,0.9441077441077441,0.8353813559322034,0.8239847406125934,0.8748430894773798,0.04285722220893431
51,2.8347523689270018,0.5134065027105289,0.024694108963012697,0.00449190634364392,64,10,0.0001,500,96,128,0.1,4,3,32,0.0001,"{'model__batch_size': 64, 'model__callbacks__early_stopping__patience': 10, 'model__lr': 0.0001, 'model__max_epochs': 500, 'model__module__d_model': 96, 'model__module__dim_feedforward': 128, 'model__module__dropout': 0.1, 'model__module__nhead': 4, 'model__module__num_layers': 3, 'model__module__patch_size': 32, 'model__optimizer__weight_decay': 0.0001}",0.8655311519497983,0.9155354449472096,0.7354497354497355,0.9170918367346939,0.7304504504504505,0.8328117239063776,0.0836350399203995,44,0.8736377025036819,0.9347984753872354,0.9430288911537741,0.8727689536597347,0.7654484373409345,0.8779364920090721,0.06351228395662867
52,3.9090913772583007,0.9374252651516461,0.0268310546875,0.004119356354239028,64,10,0.0001,500,96,128,0.25,4,2,16,0.0001,"{'model__batch_size': 64, 'model__callbacks__early_stopping__patience': 10, 'model__lr': 0.0001, 'model__max_epochs': 500, 'model__module__d_model': 96, 'model__module__dim_feedforward': 128, 'model__module__dropout': 0.25, 'model__module__nhead': 4, 'model__module__num_layers': 2, 'model__module__patch_size': 16, 'model__optimizer__weight_decay': 0.0001}",0.8655311519497983,0.8733031674208145,0.7301587301587302,0.7276190476190476,0.8201058201058201,0.8033435834508422,0.06345524047873452,178,0.9169980211203788,0.9160663952395867,0.9230610773509115,0.8044017693386557,0.8923917612442203,0.8905838048587507,0.04434514272035275
53,2.724183464050293,0.500325989317003,0.02312493324279785,0.003903331824326267,64,10,0.0001,500,96,128,0.25,4,2,32,0.0001,"{'model__batch_size': 64, 'model__callbacks__early_stopping__patience': 10, 'model__lr': 0.0001, 'model__max_epochs': 500, 'model__module__d_model': 96, 'model__module__dim_feedforward': 128, 'model__module__dropout': 0.25, 'model__module__nhead': 4, 'model__module__num_layers': 2, 'model__module__patch_size': 32, 'model__optimizer__weight_decay': 0.0001}",0.8958333333333334,0.9155354449472096,0.7272727272727273,0.87,0.8201058201058201,0.8457494651318183,0.06732146644000708,9,0.8854166666666667,0.9297906212844851,0.9362519201228878,0.8846371882086168,0.8163558106169297,0.8904904413799173,0.042882547308123846
54,4.086283540725708,0.9655239701518188,0.025716686248779298,0.0020366257091159736,64,10,0.0001,500,96,128,0.25,4,3,16,0.0001,"{'model__batch_size': 64, 'model__callbacks__early_stopping__patience': 10, 'model__lr': 0.0001, 'model__max_epochs': 500, 'model__module__d_model': 96, 'model__module__dim_feedforward': 128, 'model__module__dropout': 0.25, 'model__module__nhead': 4, 'model__module__num_layers': 3, 'model__module__patch_size': 16, 'model__optimizer__weight_decay': 0.0001}",0.8958333333333334,0.86875,0.67,0.7596153846153846,0.8201058201058201,0.8028609076109076,0.08099978700944584,181,0.8790477761284292,0.9130646338496473,0.9387403641134984,0.8111597186481386,0.8263229308005428,0.8736670847080512,0.048916848083397524
55,2.8768193244934084,0.8237772731017806,0.02177886962890625,0.001932566149262829,64,10,0.0001,500,96,128,0.25,4,3,32,0.0001,"{'model__batch_size': 64, 'model__callbacks__early_stopping__patience': 10, 'model__lr': 0.0001, 'model__max_epochs': 500, 'model__module__d_model': 96, 'model__module__dim_feedforward': 128, 'model__module__dropout': 0.25, 'model__module__nhead': 4, 'model__module__num_layers': 3, 'model__module__patch_size': 32, 'model__optimizer__weight_decay': 0.0001}",0.8231578947368421,0.8587387387387387,0.7354497354497355,0.6038195855343356,0.7920489296636086,0.7626429768246521,0.08913529357955391,264,0.8767898146246756,0.957051282051282,0.9223121243006012,0.8245602534688081,0.8562153175619509,0.8873857584014635,0.04712547229899638
56,3.1465110301971437,0.3212375892935755,0.022890043258666993,0.0030394651761648833,64,10,0.0001,500,96,256,0.1,4,2,16,0.0001,"{'model__batch_size': 64, 'model__callbacks__early_stopping__patience': 10, 'model__lr': 0.0001, 'model__max_epochs': 500, 'model__module__d_model': 96, 'model__module__dim_feedforward': 256, 'model__module__dropout': 0.1, 'model__module__nhead': 4, 'model__module__num_layers': 2, 'model__module__patch_size': 16, 'model__optimizer__weight_decay': 0.0001}",0.8556998556998556,0.9155354449472096,0.7354497354497355,0.8179271708683473,0.7622377622377623,0.8173699938405822,0.06458550339463025,97,0.8444771723122239,0.8837550345967159,0.9101598149287943,0.8177264447756252,0.8215447532298541,0.8555326439686427,0.036020383139864054
57,2.5058077812194823,0.5426012074691451,0.02097210884094238,0.0028963774271668534,64,10,0.0001,500,96,256,0.1,4,2,32,0.0001,"{'model__batch_size': 64, 'model__callbacks__early_stopping__patience': 10, 'model__lr': 0.0001, 'model__max_epochs': 500, 'model__module__d_model': 96, 'model__module__dim_feedforward': 256, 'model__module__dropout': 0.1, 'model__module__nhead': 4, 'model__module__num_layers': 2, 'model__module__patch_size': 32, 'model__optimizer__weight_decay': 0.0001}",0.8117436127297176,0.8961038961038961,0.6783876500857633,0.8179271708683473,0.8466000644537544,0.8101524788482959,0.07230632097758578,137,0.8844048748449245,0.9419673615622355,0.912802554331033,0.8347432335082845,0.8504381694255112,0.8848712387343978,0.03934157164676469
58,4.055833959579468,1.3935909810394067,0.02417922019958496,0.0027440808045047136,64,10,0.0001,500,96,256,0.1,4,3,16,0.0001,"{'model__batch_size': 64, 'model__callbacks__early_stopping__patience': 10, 'model__lr': 0.0001, 'model__max_epochs': 500, 'model__module__d_model': 96, 'model__module__dim_feedforward': 256, 'model__module__dropout': 0.1, 'model__module__nhead': 4, 'model__module__num_layers': 3, 'model__module__patch_size': 16, 'model__optimizer__weight_decay': 0.0001}",0.8036006546644845,0.8733031674208145,0.6864548494983278,0.8179271708683473,0.8955453149001535,0.8153662314704254,0.07286769596615933,110,0.8822742474916387,0.9179976745609204,0.923783287419651,0.8399087750708698,0.8551027516544758,0.8838133472395112,0.033227828507484486
59,2.545999765396118,0.3416320661287818,0.022432804107666016,0.002979755687759393,64,10,0.0001,500,96,256,0.1,4,3,32,0.0001,"{'model__batch_size': 64, 'model__callbacks__early_stopping__patience': 10, 'model__lr': 0.0001, 'model__max_epochs': 500, 'model__module__d_model': 96, 'model__module__dim_feedforward': 256, 'model__module__dropout': 0.1, 'model__module__nhead': 4, 'model__module__num_layers': 3, 'model__module__patch_size': 32, 'model__optimizer__weight_decay': 0.0001}",0.8330241187384044,0.8733031674208145,0.7054747054747055,0.7896440129449838,0.8466000644537544,0.8096092138065325,0.05867896659373837,139,0.8933989655238718,0.9179976745609204,0.930573726541555,0.8454049603787177,0.7977507203271679,0.8770252094664466,0.04919059106161006
60,3.4948121547698974,0.8182153740151105,0.024012994766235352,0.002678502477764593,64,10,0.0001,500,96,256,0.25,4,2,16,0.0001,"{'model__batch_size': 64, 'model__callbacks__early_stopping__patience': 10, 'model__lr': 0.0001, 'model__max_epochs': 500, 'model__module__d_model': 96, 'model__module__dim_feedforward': 256, 'model__module__dropout': 0.25, 'model__module__nhead': 4, 'model__module__num_layers': 2, 'model__module__patch_size': 16, 'model__optimizer__weight_decay': 0.0001}",0.8330241187384044,0.9155354449472096,0.717809364548495,0.7896440129449838,0.8466000644537544,0.8205226011265694,0.06537164324613007,85,0.8430323299888517,0.940592064163795,0.9183204854846646,0.8509495492039133,0.8628571428571428,0.8831503143396734,0.038973453307977475
61,2.728031778335571,0.7898127008081633,0.022540521621704102,0.002377236238991908,64,10,0.0001,500,96,256,0.25,4,2,32,0.0001,"{'model__batch_size': 64, 'model__callbacks__early_stopping__patience': 10, 'model__lr': 0.0001, 'model__max_epochs': 500, 'model__module__d_model': 96, 'model__module__dim_feedforward': 256, 'model__module__dropout': 0.25, 'model__module__nhead': 4, 'model__module__num_layers': 2, 'model__module__patch_size': 32, 'model__optimizer__weight_decay': 0.0001}",0.8655311519497983,0.8587387387387387,0.6902847207128885,0.7896440129449838,0.8955453149001535,0.8199487878493127,0.07352332527504861,87,0.8940378019411808,0.9626406452255303,0.93331960037079,0.8373115577889447,0.8678482319538845,0.8990315674560658,0.04478500123079548
62,3.6281354427337646,0.26336609684781437,0.024513959884643555,0.003111195314967632,64,10,0.0001,500,96,256,0.25,4,3,16,0.0001,"{'model__batch_size': 64, 'model__callbacks__early_stopping__patience': 10, 'model__lr': 0.0001, 'model__max_epochs': 500, 'model__module__d_model': 96, 'model__module__dim_feedforward': 256, 'model__module__dropout': 0.25, 'model__module__nhead': 4, 'model__module__num_layers': 3, 'model__module__patch_size': 16, 'model__optimizer__weight_decay': 0.0001}",0.8655311519497983,0.9155354449472096,0.6817538896746818,0.7276190476190476,0.8774038461538461,0.8135686760689167,0.09158026680213441,115,0.8974681437369385,0.891330792312059,0.9081105461702477,0.8333762223365929,0.8420171030591554,0.8744605615229988,0.030616256846473604
63,2.6206114292144775,0.3783265056283635,0.028624868392944335,0.0036931143785771878,64,10,0.0001,500,96,256,0.25,4,3,32,0.0001,"{'model__batch_size': 64, 'model__callbacks__early_stopping__patience': 10, 'model__lr': 0.0001, 'model__max_epochs': 500, 'model__module__d_model': 96, 'model__module__dim_feedforward': 256, 'model__module__dropout': 0.25, 'model__module__nhead': 4, 'model__module__num_layers': 3, 'model__module__patch_size': 32, 'model__optimizer__weight_decay': 0.0001}",0.8330241187384044,0.8925968546221711,0.7554879374049119,0.7596153846153846,0.8201058201058201,0.8121660230973384,0.05087473674173227,124,0.8767898146246756,0.8871293800539084,0.9375418060200669,0.8112912962924412,0.8237709782324875,0.8673046550447159,0.04571416132137662
64,3.1171216487884523,0.4226733851614161,0.02885136604309082,0.0037594340026914463,64,10,0.0001,500,96,384,0.1,4,2,16,0.0001,"{'model__batch_size': 64, 'model__callbacks__early_stopping__patience': 10, 'model__lr': 0.0001, 'model__max_epochs': 500, 'model__module__d_model': 96, 'model__module__dim_feedforward': 384, 'model__module__dropout': 0.1, 'model__module__nhead': 4, 'model__module__num_layers': 2, 'model__module__patch_size': 16, 'model__optimizer__weight_decay': 0.0001}",0.8330241187384044,0.9155354449472096,0.710548885077187,0.7896440129449838,0.8466000644537544,0.8190705052323078,0.06767706412726922,92,0.9009603841536615,0.891330792312059,0.9101598149287943,0.8178272268047829,0.8400000000000001,0.8720556436398595,0.03640667172848015
65,2.354176950454712,0.464397412405927,0.02332763671875,0.0005980638390603323,64,10,0.0001,500,96,384,0.1,4,2,32,0.0001,"{'model__batch_size': 64, 'model__callbacks__early_stopping__patience': 10, 'model__lr': 0.0001, 'model__max_epochs': 500, 'model__module__d_model': 96, 'model__module__dim_feedforward': 384, 'model__module__dropout': 0.1, 'model__module__nhead': 4, 'model__module__num_layers': 2, 'model__module__patch_size': 32, 'model__optimizer__weight_decay': 0.0001}",0.8655311519497983,0.8771929824561404,0.7228863290589003,0.5272727272727272,0.8716981132075472,0.7729162607890226,0.13568547950380772,260,0.8779382663534983,0.8934705746982154,0.9278440139095876,0.7993447993447993,0.8533015956977872,0.8703798500007774,0.04296530356063491
66,3.714557933807373,0.8969545181334339,0.02539029121398926,0.00472143525073801,64,10,0.0001,500,96,384,0.1,4,3,16,0.0001,"{'model__batch_size': 64, 'model__callbacks__early_stopping__patience': 10, 'model__lr': 0.0001, 'model__max_epochs': 500, 'model__module__d_model': 96, 'model__module__dim_feedforward': 384, 'model__module__dropout': 0.1, 'model__module__nhead': 4, 'model__module__num_layers': 3, 'model__module__patch_size': 16, 'model__optimizer__weight_decay': 0.0001}",0.8036006546644845,0.825,0.7056393307167941,0.7276190476190476,0.7304504504504505,0.7584618966901553,0.04688490716384053,265,0.8940378019411808,0.8871293800539084,0.9271321070234114,0.8177339901477833,0.7700618472040445,0.8592190252740657,0.05705003475207145
67,2.637466239929199,0.4555302018393179,0.024347257614135743,0.005298348463738591,64,10,0.0001,500,96,384,0.1,4,3,32,0.0001,"{'model__batch_size': 64, 'model__callbacks__early_stopping__patience': 10, 'model__lr': 0.0001, 'model__max_epochs': 500, 'model__module__d_model': 96, 'model__module__dim_feedforward': 384, 'model__module__dropout': 0.1, 'model__module__nhead': 4, 'model__module__num_layers': 3, 'model__module__patch_size': 32, 'model__optimizer__weight_decay': 0.0001}",0.8231578947368421,0.86875,0.7301587301587302,0.6566436407964242,0.8955453149001535,0.79485111611843,0.08909326737641673,217,0.8940378019411808,0.8758423180592991,0.9430288911537741,0.8650338718082334,0.8328108672936259,0.8821507500512228,0.036372126504377385
68,3.365592336654663,0.7166230469451593,0.02463817596435547,0.0017573458997892303,64,10,0.0001,500,96,384,0.25,4,2,16,0.0001,"{'model__batch_size': 64, 'model__callbacks__early_stopping__patience': 10, 'model__lr': 0.0001, 'model__max_epochs': 500, 'model__module__d_model': 96, 'model__module__dim_feedforward': 384, 'model__module__dropout': 0.25, 'model__module__nhead': 4, 'model__module__num_layers': 2, 'model__module__patch_size': 16, 'model__optimizer__weight_decay': 0.0001}",0.8655311519497983,0.9155354449472096,0.717809364548495,0.617003367003367,0.8201058201058201,0.7871970297109379,0.10721054325024049,240,0.8712484993997599,0.908187735525865,0.9291923951901202,0.790604173495029,0.8400000000000001,0.8678465607221548,0.049283084940938096
69,2.42791166305542,0.4114057489951565,0.020926427841186524,0.0028990581978740847,64,10,0.0001,500,96,384,0.25,4,2,32,0.0001,"{'model__batch_size': 64, 'model__callbacks__early_stopping__patience': 10, 'model__lr': 0.0001, 'model__max_epochs': 500, 'model__module__d_model': 96, 'model__module__dim_feedforward': 384, 'model__module__dropout': 0.25, 'model__module__nhead': 4, 'model__module__num_layers': 2, 'model__module__patch_size': 32, 'model__optimizer__weight_decay': 0.0001}",0.8655311519497983,0.8961038961038961,0.7401247401247402,0.7896440129449838,0.8716981132075472,0.8326203828661931,0.0583827996606307,45,0.8833578792341679,0.9355769230769231,0.9326705077271876,0.8347432335082845,0.8332097683718631,0.8839116623836853,0.044800105562308415
70,3.560088109970093,0.7786190527709617,0.025028038024902343,0.0030945494719653364,64,10,0.0001,500,96,384,0.25,4,3,16,0.0001,"{'model__batch_size': 64, 'model__callbacks__early_stopping__patience': 10, 'model__lr': 0.0001, 'model__max_epochs': 500, 'model__module__d_model': 96, 'model__module__dim_feedforward': 384, 'model__module__dropout': 0.25, 'model__module__nhead': 4, 'model__module__num_layers': 3, 'model__module__patch_size': 16, 'model__optimizer__weight_decay': 0.0001}",0.8036006546644845,0.8925968546221711,0.7056393307167941,0.5740498034076016,0.7622377622377623,0.7476248811297628,0.10607053376419368,275,0.8854166666666667,0.9009852216748768,0.9190770230744232,0.8102216523172743,0.791869918699187,0.8615140964864857,0.05084096661304729
71,2.429104375839233,0.4026000950468412,0.02207937240600586,0.00274239252282397,64,10,0.0001,500,96,384,0.25,4,3,32,0.0001,"{'model__batch_size': 64, 'model__callbacks__early_stopping__patience': 10, 'model__lr': 0.0001, 'model__max_epochs': 500, 'model__module__d_model': 96, 'model__module__dim_feedforward': 384, 'model__module__dropout': 0.25, 'model__module__nhead': 4, 'model__module__num_layers': 3, 'model__module__patch_size': 32, 'model__optimizer__weight_decay': 0.0001}",0.7726315789473684,0.9155354449472096,0.7272727272727273,0.7596153846153846,0.8716981132075472,0.8093506497980474,0.0717232027275245,141,0.8705294705294705,0.9151025580106122,0.926393581081081,0.8312923397602918,0.8050536517826237,0.8696743202328159,0.04675582923388762
72,3.2820622444152834,0.5324749917530333,0.023798227310180664,0.003117969772229058,64,10,0.0001,500,128,128,0.1,4,2,16,0.0001,"{'model__batch_size': 64, 'model__callbacks__early_stopping__patience': 10, 'model__lr': 0.0001, 'model__max_epochs': 500, 'model__module__d_model': 128, 'model__module__dim_feedforward': 128, 'model__module__dropout': 0.1, 'model__module__nhead': 4, 'model__module__num_layers': 2, 'model__module__patch_size': 16, 'model__optimizer__weight_decay': 0.0001}",0.88,0.8310708898944192,0.7056393307167941,0.8941023134571522,0.8716981132075472,0.8365021294551827,0.06870687544649595,30,0.8626532887402453,0.8948259836827429,0.9381520119225037,0.8373115577889447,0.8373891140072282,0.874066391228333,0.038377928064305046
73,2.3018959045410154,0.5845638879456808,0.02157278060913086,0.00276818525767851,64,10,0.0001,500,128,128,0.1,4,2,32,0.0001,"{'model__batch_size': 64, 'model__callbacks__early_stopping__patience': 10, 'model__lr': 0.0001, 'model__max_epochs': 500, 'model__module__d_model': 128, 'model__module__dim_feedforward': 128, 'model__module__dropout': 0.1, 'model__module__nhead': 4, 'model__module__num_layers': 2, 'model__module__patch_size': 32, 'model__optimizer__weight_decay': 0.0001}",0.8117436127297176,0.86875,0.710548885077187,0.8266666666666667,0.8201058201058201,0.8075629969158783,0.05233610112029872,150,0.8669329997946498,0.9469390987566326,0.968454391891892,0.8409611920746685,0.8885405781957506,0.9023656521427187,0.04810743581398705
74,3.8134951114654543,0.9076996105024798,0.026732254028320312,0.0034053044580732374,64,10,0.0001,500,128,128,0.1,4,3,16,0.0001,"{'model__batch_size': 64, 'model__callbacks__early_stopping__patience': 10, 'model__lr': 0.0001, 'model__max_epochs': 500, 'model__module__d_model': 128, 'model__module__dim_feedforward': 128, 'model__module__dropout': 0.1, 'model__module__nhead': 4, 'model__module__num_layers': 3, 'model__module__patch_size': 16, 'model__optimizer__weight_decay': 0.0001}",0.8556998556998556,0.8771929824561404,0.717809364548495,0.8179271708683473,0.8466000644537544,0.8230458876053184,0.05595340169504093,77,0.8730940065760379,0.918989178405175,0.9484600099354197,0.8418104083738758,0.8282808611922536,0.8821268928965524,0.045530907302311
75,2.5022963523864745,0.536245707953525,0.02307600975036621,0.0028537265459296964,64,10,0.0001,500,128,128,0.1,4,3,32,0.0001,"{'model__batch_size': 64, 'model__callbacks__early_stopping__patience': 10, 'model__lr': 0.0001, 'model__max_epochs': 500, 'model__module__d_model': 128, 'model__module__dim_feedforward': 128, 'model__module__dropout': 0.1, 'model__module__nhead': 4, 'model__module__num_layers': 3, 'model__module__patch_size': 32, 'model__optimizer__weight_decay': 0.0001}",0.7773654916512059,0.8961038961038961,0.717809364548495,0.8446568794810516,0.8201058201058201,0.8112082903780937,0.060454830066052956,132,0.9072330824286585,0.9559934318555008,0.9230610773509115,0.8560666872491509,0.854303731190384,0.8993316020149212,0.039333055701314165
76,3.2827336311340334,0.5065481646686328,0.023055648803710936,0.00237222650679056,64,10,0.0001,500,128,128,0.25,4,2,16,0.0001,"{'model__batch_size': 64, 'model__callbacks__early_stopping__patience': 10, 'model__lr': 0.0001, 'model__max_epochs': 500, 'model__module__d_model': 128, 'model__module__dim_feedforward': 128, 'model__module__dropout': 0.25, 'model__module__nhead': 4, 'model__module__num_layers': 2, 'model__module__patch_size': 16, 'model__optimizer__weight_decay': 0.0001}",0.8117436127297176,0.8310708898944192,0.6936274509803921,0.8941023134571522,0.7920489296636086,0.804518639345058,0.06516871371069775,172,0.8663194444444444,0.9009852216748768,0.93331960037079,0.8339743589743589,0.8359247038716262,0.8741046658672194,0.038360744129102814
77,2.1999520301818847,0.432576393422363,0.02166881561279297,0.0026875934622291714,64,10,0.0001,500,128,128,0.25,4,2,32,0.0001,"{'model__batch_size': 64, 'model__callbacks__early_stopping__patience': 10, 'model__lr': 0.0001, 'model__max_epochs': 500, 'model__module__d_model': 128, 'model__module__dim_feedforward': 128, 'model__module__dropout': 0.25, 'model__module__nhead': 4, 'model__module__num_layers': 2, 'model__module__patch_size': 32, 'model__optimizer__weight_decay': 0.0001}",0.8330241187384044,0.8771929824561404,0.6984126984126984,0.8179271708683473,0.7920489296636086,0.8037211800278398,0.059472171430931975,177,0.8790477761284292,0.8851967443852885,0.9637456580069472,0.8573305084745764,0.8260194174757282,0.882268020894194,0.045701942320480554
78,3.4382683753967287,0.7756703047321011,0.023647212982177736,0.003056562875030537,64,10,0.0001,500,128,128,0.25,4,3,16,0.0001,"{'model__batch_size': 64, 'model__callbacks__early_stopping__patience': 10, 'model__lr': 0.0001, 'model__max_epochs': 500, 'model__module__d_model': 128, 'model__module__dim_feedforward': 128, 'model__module__dropout': 0.25, 'model__module__nhead': 4, 'model__module__num_layers': 3, 'model__module__patch_size': 16, 'model__optimizer__weight_decay': 0.0001}",0.8556998556998556,0.8771929824561404,0.6984126984126984,0.7896440129449838,0.7920489296636086,0.8025996958354573,0.06247861106721492,185,0.8484848484848484,0.9248397435897435,0.9167224080267559,0.790604173495029,0.8332097683718631,0.8627721883936481,0.05108677860288755
79,2.250948667526245,0.42143191240900457,0.022046661376953124,0.0035397135233157695,64,10,0.0001,500,128,128,0.25,4,3,32,0.0001,"{'model__batch_size': 64, 'model__callbacks__early_stopping__patience': 10, 'model__lr': 0.0001, 'model__max_epochs': 500, 'model__module__d_model': 128, 'model__module__dim_feedforward': 128, 'model__module__dropout': 0.25, 'model__module__nhead': 4, 'model__module__num_layers': 3, 'model__module__patch_size': 32, 'model__optimizer__weight_decay': 0.0001}",0.8330241187384044,0.8771929824561404,0.6902847207128885,0.7276190476190476,0.6598691804540208,0.7575980099961004,0.08363348198026743,267,0.8887239540381549,0.9208645839485029,0.9198927613941019,0.8220746507900161,0.8041128646580584,0.8711337629657667,0.04910927937316843
80,3.0138863563537597,0.518028653139374,0.027810287475585938,0.00367249658073549,64,10,0.0001,500,128,256,0.1,4,2,16,0.0001,"{'model__batch_size': 64, 'model__callbacks__early_stopping__patience': 10, 'model__lr': 0.0001, 'model__max_epochs': 500, 'model__module__d_model': 128, 'model__module__dim_feedforward': 256, 'model__module__dropout': 0.1, 'model__module__nhead': 4, 'model__module__num_layers': 2, 'model__module__patch_size': 16, 'model__optimizer__weight_decay': 0.0001}",0.8556998556998556,0.8925968546221711,0.7023809523809523,0.7596153846153846,0.8201058201058201,0.8060797734848368,0.0679065133882022,156,0.8528428093645486,0.8997256173609378,0.926393581081081,0.8111597186481386,0.8631513674171959,0.8706546187743804,0.03966146077556944
81,2.2876606941223145,0.296786520064158,0.023435163497924804,0.0024614525847443808,64,10,0.0001,500,128,256,0.1,4,2,32,0.0001,"{'model__batch_size': 64, 'model__callbacks__early_stopping__patience': 10, 'model__lr': 0.0001, 'model__max_epochs': 500, 'model__module__d_model': 128, 'model__module__dim_feedforward': 256, 'model__module__dropout': 0.1, 'model__module__nhead': 4, 'model__module__num_layers': 2, 'model__module__patch_size': 32, 'model__optimizer__weight_decay': 0.0001}",0.84375,0.9155354449472096,0.7147012754531215,0.8446568794810516,0.8716981132075472,0.8380683426177861,0.06697348239811887,26,0.8887239540381549,0.9314159727553692,0.9326705077271876,0.8606143401225368,0.8850471486304445,0.8996943846547385,0.028127657549888184
82,4.074964904785157,1.5061299596164035,0.02713456153869629,0.0028985583945042737,64,10,0.0001,500,128,256,0.1,4,3,16,0.0001,"{'model__batch_size': 64, 'model__callbacks__early_stopping__patience': 10, 'model__lr': 0.0001, 'model__max_epochs': 500, 'model__module__d_model': 128, 'model__module__dim_feedforward': 256, 'model__module__dropout': 0.1, 'model__module__nhead': 4, 'model__module__num_layers': 3, 'model__module__patch_size': 16, 'model__optimizer__weight_decay': 0.0001}",0.8117436127297176,0.8925968546221711,0.6864548494983278,0.9170918367346939,0.7622377622377623,0.8140249831645345,0.08456663076556976,114,0.8686868686868687,0.9630701391759681,0.9223121243006012,0.8487423726765612,0.8059040770905177,0.8817431163861034,0.05526482354929545
83,2.4176825523376464,0.7181745515380598,0.023967790603637695,0.0018525857211282419,64,10,0.0001,500,128,256,0.1,4,3,32,0.0001,"{'model__batch_size': 64, 'model__callbacks__early_stopping__patience': 10, 'model__lr': 0.0001, 'model__max_epochs': 500, 'model__module__d_model': 128, 'model__module__dim_feedforward': 256, 'model__module__dropout': 0.1, 'model__module__nhead': 4, 'model__module__num_layers': 3, 'model__module__patch_size': 32, 'model__optimizer__weight_decay': 0.0001}",0.8330241187384044,0.8961038961038961,0.6864548494983278,0.7896440129449838,0.8201058201058201,0.8050665394782864,0.06870544931201625,168,0.8965034442847275,0.9297906212844851,0.9637456580069472,0.8328580052875908,0.7964876779648769,0.8838770813657255,0.061459452769694174
84,3.2041296005249023,0.5984404500454161,0.02473793029785156,0.0025477699434848446,64,10,0.0001,500,128,256,0.25,4,2,16,0.0001,"{'model__batch_size': 64, 'model__callbacks__early_stopping__patience': 10, 'model__lr': 0.0001, 'model__max_epochs': 500, 'model__module__d_model': 128, 'model__module__dim_feedforward': 256, 'model__module__dropout': 0.25, 'model__module__nhead': 4, 'model__module__num_layers': 2, 'model__module__patch_size': 16, 'model__optimizer__weight_decay': 0.0001}",0.8556998556998556,0.8362573099415205,0.6984126984126984,0.7896440129449838,0.8716981132075472,0.8103423980413211,0.06237000274514969,136,0.8877032050452183,0.9321849148418492,0.9158783783783784,0.8267558528428094,0.8647249054131174,0.8854494513042745,0.03738889638282547
85,2.3828457832336425,0.3289742544484867,0.021265411376953126,0.002816867646752246,64,10,0.0001,500,128,256,0.25,4,2,32,0.0001,"{'model__batch_size': 64, 'model__callbacks__early_stopping__patience': 10, 'model__lr': 0.0001, 'model__max_epochs': 500, 'model__module__d_model': 128, 'model__module__dim_feedforward': 256, 'model__module__dropout': 0.25, 'model__module__nhead': 4, 'model__module__num_layers': 2, 'model__module__patch_size': 32, 'model__optimizer__weight_decay': 0.0001}",0.7773654916512059,0.8961038961038961,0.7354497354497355,0.7115384615384615,0.8955453149001535,0.8032005799286905,0.07850878790938158,180,0.8854166666666667,0.908187735525865,0.9167224080267559,0.798171900339083,0.8863689205470187,0.8789735262210779,0.04219847571677099
86,3.6951711177825928,0.4406253123652744,0.025974178314208986,0.003956302593022734,64,10,0.0001,500,128,256,0.25,4,3,16,0.0001,"{'model__batch_size': 64, 'model__callbacks__early_stopping__patience': 10, 'model__lr': 0.0001, 'model__max_epochs': 500, 'model__module__d_model': 128, 'model__module__dim_feedforward': 256, 'model__module__dropout': 0.25, 'model__module__nhead': 4, 'model__module__num_layers': 3, 'model__module__patch_size': 16, 'model__optimizer__weight_decay': 0.0001}",0.888682745825603,0.8961038961038961,0.6936274509803921,0.960171568627451,0.8716981132075472,0.8620567549489777,0.08939357258613047,1,0.8472193701345978,0.8985960370407249,0.9136210590756045,0.8576488549618321,0.8404984423676012,0.8715167527160721,0.02915776815484818
87,2.5768304824829102,0.5426927260716943,0.023112392425537108,0.0032416092061731084,64,10,0.0001,500,128,256,0.25,4,3,32,0.0001,"{'model__batch_size': 64, 'model__callbacks__early_stopping__patience': 10, 'model__lr': 0.0001, 'model__max_epochs': 500, 'model__module__d_model': 128, 'model__module__dim_feedforward': 256, 'model__module__dropout': 0.25, 'model__module__nhead': 4, 'model__module__num_layers': 3, 'model__module__patch_size': 32, 'model__optimizer__weight_decay': 0.0001}",0.8330241187384044,0.9155354449472096,0.6666666666666667,0.8446568794810516,0.9399823477493381,0.8399730915165341,0.09572550712827949,23,0.8974681437369385,0.9575512790053061,0.9369087837837837,0.8463559322033898,0.8935816428333887,0.9063731563125614,0.038461965740833604
88,3.25366792678833,0.7374882549389418,0.02509756088256836,0.002606165475148601,64,10,0.0001,500,128,384,0.1,4,2,16,0.0001,"{'model__batch_size': 64, 'model__callbacks__early_stopping__patience': 10, 'model__lr': 0.0001, 'model__max_epochs': 500, 'model__module__d_model': 128, 'model__module__dim_feedforward': 384, 'model__module__dropout': 0.1, 'model__module__nhead': 4, 'model__module__num_layers': 2, 'model__module__patch_size': 16, 'model__optimizer__weight_decay': 0.0001}",0.8556998556998556,0.8771929824561404,0.6984126984126984,0.8446568794810516,0.8201058201058201,0.8192136472311132,0.06314090591170286,91,0.875600791631326,0.908187735525865,0.9542699724517907,0.8112912962924412,0.8533015956977872,0.8805302783198419,0.048501989770136054
89,1.9934548377990722,0.482998976916216,0.02243976593017578,0.0020174162412410768,64,10,0.0001,500,128,384,0.1,4,2,32,0.0001,"{'model__batch_size': 64, 'model__callbacks__early_stopping__patience': 10, 'model__lr': 0.0001, 'model__max_epochs': 500, 'model__module__d_model': 128, 'model__module__dim_feedforward': 384, 'model__module__dropout': 0.1, 'model__module__nhead': 4, 'model__module__num_layers': 2, 'model__module__patch_size': 32, 'model__optimizer__weight_decay': 0.0001}",0.8330241187384044,0.9155354449472096,0.6864548494983278,0.6933962264150944,0.7920489296636086,0.7840919138525291,0.08659535864895371,243,0.8712484993997599,0.972996392801725,0.923783287419651,0.8399087750708698,0.8591859185918591,0.8934245746567729,0.048541385171350385
90,4.0401205062866214,1.374077764060677,0.025507783889770506,0.0027316776404006913,64,10,0.0001,500,128,384,0.1,4,3,16,0.0001,"{'model__batch_size': 64, 'model__callbacks__early_stopping__patience': 10, 'model__lr': 0.0001, 'model__max_epochs': 500, 'model__module__d_model': 128, 'model__module__dim_feedforward': 384, 'model__module__dropout': 0.1, 'model__module__nhead': 4, 'model__module__num_layers': 3, 'model__module__patch_size': 16, 'model__optimizer__weight_decay': 0.0001}",0.84375,0.8771929824561404,0.7301587301587302,0.7596153846153846,0.8716981132075472,0.8164830420875605,0.06027222449602997,103,0.8779382663534983,0.9306183411331276,0.93331960037079,0.8312923397602918,0.8610583446404343,0.8868453784516284,0.03976524470302393
91,2.2717742919921875,0.5325376747015955,0.023698139190673827,0.0025329855477996916,64,10,0.0001,500,128,384,0.1,4,3,32,0.0001,"{'model__batch_size': 64, 'model__callbacks__early_stopping__patience': 10, 'model__lr': 0.0001, 'model__max_epochs': 500, 'model__module__d_model': 128, 'model__module__dim_feedforward': 384, 'model__module__dropout': 0.1, 'model__module__nhead': 4, 'model__module__num_layers': 3, 'model__module__patch_size': 32, 'model__optimizer__weight_decay': 0.0001}",0.8231578947368421,0.9155354449472096,0.7482658312821661,0.6933962264150944,0.8716981132075472,0.8104107021177718,0.08065261524322302,135,0.8940378019411808,0.9179976745609204,0.9278440139095876,0.8527200353825741,0.8551027516544758,0.8895404554897478,0.03110916524854267
92,3.2382178783416746,0.7112997334388407,0.025638914108276366,0.003724257892525918,64,10,0.0001,500,128,384,0.25,4,2,16,0.0001,"{'model__batch_size': 64, 'model__callbacks__early_stopping__patience': 10, 'model__lr': 0.0001, 'model__max_epochs': 500, 'model__module__d_model': 128, 'model__module__dim_feedforward': 384, 'model__module__dropout': 0.25, 'model__module__nhead': 4, 'model__module__num_layers': 2, 'model__module__patch_size': 16, 'model__optimizer__weight_decay': 0.0001}",0.8556998556998556,0.8771929824561404,0.6984126984126984,0.7896440129449838,0.8466000644537544,0.8135099227934866,0.06441650831082978,116,0.8767898146246756,0.8938781975132652,0.9435781233906684,0.8019228668196219,0.8551027516544758,0.8742543508005415,0.046467056518503976
93,2.0209397792816164,0.24170042828882776,0.02173590660095215,0.0034578179601330162,64,10,0.0001,500,128,384,0.25,4,2,32,0.0001,"{'model__batch_size': 64, 'model__callbacks__early_stopping__patience': 10, 'model__lr': 0.0001, 'model__max_epochs': 500, 'model__module__d_model': 128, 'model__module__dim_feedforward': 384, 'model__module__dropout': 0.25, 'model__module__nhead': 4, 'model__module__num_layers': 2, 'model__module__patch_size': 32, 'model__optimizer__weight_decay': 0.0001}",0.8330241187384044,0.9155354449472096,0.7147012754531215,0.7276190476190476,0.7920489296636086,0.7965857632842783,0.07342866006163429,207,0.9080763098576062,0.9033653846153846,0.9053631756756757,0.8405172413793103,0.8523133725625938,0.8819270968181142,0.029272444756889757
94,3.6490227222442626,0.6962343643811492,0.026707887649536133,0.0037590195603860017,64,10,0.0001,500,128,384,0.25,4,3,16,0.0001,"{'model__batch_size': 64, 'model__callbacks__early_stopping__patience': 10, 'model__lr': 0.0001, 'model__max_epochs': 500, 'model__module__d_model': 128, 'model__module__dim_feedforward': 384, 'model__module__dropout': 0.25, 'model__module__nhead': 4, 'model__module__num_layers': 3, 'model__module__patch_size': 16, 'model__optimizer__weight_decay': 0.0001}",0.8556998556998556,0.86875,0.6984126984126984,0.7896440129449838,0.8716981132075472,0.816840936053017,0.06630052268039974,100,0.8499886355026895,0.9199442397689933,0.9375418060200669,0.8200451624109779,0.8773946360153256,0.8809828959436107,0.04336778477027177
95,2.7796021461486817,1.2650501277215225,0.026248884201049805,0.005380808470408233,64,10,0.0001,500,128,384,0.25,4,3,32,0.0001,"{'model__batch_size': 64, 'model__callbacks__early_stopping__patience': 10, 'model__lr': 0.0001, 'model__max_epochs': 500, 'model__module__d_model': 128, 'model__module__dim_feedforward': 384, 'model__module__dropout': 0.25, 'model__module__nhead': 4, 'model__module__num_layers': 3, 'model__module__patch_size': 32, 'model__optimizer__weight_decay': 0.0001}",0.7773654916512059,0.8961038961038961,0.710548885077187,0.7276190476190476,0.6598691804540208,0.7543013001810716,0.0802291403468505,270,0.8877032050452183,0.9947243055965669,0.9158783783783784,0.826465661641541,0.7661246117303124,0.8781792324784033,0.07787838873892654
96,2.3474127769470217,0.38633162398293125,0.02449493408203125,0.005140402367869894,64,10,0.0002,500,96,128,0.1,4,2,16,0.0001,"{'model__batch_size': 64, 'model__callbacks__early_stopping__patience': 10, 'model__lr': 0.0002, 'model__max_epochs': 500, 'model__module__d_model': 96, 'model__module__dim_feedforward': 128, 'model__module__dropout': 0.1, 'model__module__nhead': 4, 'model__module__num_layers': 2, 'model__module__patch_size': 16, 'model__optimizer__weight_decay': 0.0001}",0.8117436127297176,0.9155354449472096,0.7056393307167941,0.8179271708683473,0.7920489296636086,0.8085788977851355,0.06694311454581121,147,0.9072330824286585,0.9289313179527976,0.9043411448328851,0.836559796437659,0.8309923281808456,0.8816115339665691,0.04001055850893338
97,1.7975089073181152,0.23535876808015238,0.021229267120361328,0.003264074406798392,64,10,0.0002,500,96,128,0.1,4,2,32,0.0001,"{'model__batch_size': 64, 'model__callbacks__early_stopping__patience': 10, 'model__lr': 0.0002, 'model__max_epochs': 500, 'model__module__d_model': 96, 'model__module__dim_feedforward': 128, 'model__module__dropout': 0.1, 'model__module__nhead': 4, 'model__module__num_layers': 2, 'model__module__patch_size': 32, 'model__optimizer__weight_decay': 0.0001}",0.797979797979798,0.8805120910384068,0.7482658312821661,0.8179271708683473,0.9182692307692308,0.8325908243875897,0.06026754925045376,46,0.8712484993997599,0.9525187503691017,0.93331960037079,0.8713363139592648,0.8551027516544758,0.8967051831506785,0.03867338726322126
98,3.063989543914795,1.1545861855346438,0.026305007934570312,0.0041436248134086116,64,10,0.0002,500,96,128,0.1,4,3,16,0.0001,"{'model__batch_size': 64, 'model__callbacks__early_stopping__patience': 10, 'model__lr': 0.0002, 'model__max_epochs': 500, 'model__module__d_model': 96, 'model__module__dim_feedforward': 128, 'model__module__dropout': 0.1, 'model__module__nhead': 4, 'model__module__num_layers': 3, 'model__module__patch_size': 16, 'model__optimizer__weight_decay': 0.0001}",0.8330241187384044,0.8587387387387387,0.7056393307167941,0.5272727272727272,0.8027715114405414,0.7454892853814412,0.1208102017864651,276,0.9054566016398078,0.9677884615384615,0.9175360158966717,0.7313345983554712,0.8400000000000001,0.8724231354860825,0.08145939148133963
99,1.957556962966919,0.40342515373007315,0.02340550422668457,0.004094185469932368,64,10,0.0002,500,96,128,0.1,4,3,32,0.0001,"{'model__batch_size': 64, 'model__callbacks__early_stopping__patience': 10, 'model__lr': 0.0002, 'model__max_epochs': 500, 'model__module__d_model': 96, 'model__module__dim_feedforward': 128, 'model__module__dropout': 0.1, 'model__module__nhead': 4, 'model__module__num_layers': 3, 'model__module__patch_size': 32, 'model__optimizer__weight_decay': 0.0001}",0.8327359617682197,0.8990990990990991,0.7613636363636364,0.8179271708683473,0.9399823477493381,0.8502216431697281,0.06275415070512352,6,0.9001710632934186,0.9314159727553692,0.926393581081081,0.8481574539363484,0.8898735266282372,0.899202319538891,0.02990193071967339
100,2.270290184020996,0.39571515353473585,0.02278556823730469,0.0015761415531488042,64,10,0.0002,500,96,128,0.25,4,2,16,0.0001,"{'model__batch_size': 64, 'model__callbacks__early_stopping__patience': 10, 'model__lr': 0.0002, 'model__max_epochs': 500, 'model__module__d_model': 96, 'model__module__dim_feedforward': 128, 'model__module__dropout': 0.25, 'model__module__nhead': 4, 'model__module__num_layers': 2, 'model__module__patch_size': 16, 'model__optimizer__weight_decay': 0.0001}",0.888682745825603,0.9155354449472096,0.67,0.7896440129449838,0.7622377622377623,0.8052199931911117,0.08889326169112861,166,0.8584083889700579,0.940592064163795,0.9159067882472138,0.8082815549225006,0.7887378640776699,0.8623853320762475,0.058903011019552795
101,1.8523056507110596,0.28191836616601973,0.02107696533203125,0.0033186741664622743,64,10,0.0002,500,96,128,0.25,4,2,32,0.0001,"{'model__batch_size': 64, 'model__callbacks__early_stopping__patience': 10, 'model__lr': 0.0002, 'model__max_epochs': 500, 'model__module__d_model': 96, 'model__module__dim_feedforward': 128, 'model__module__dropout': 0.25, 'model__module__nhead': 4, 'model__module__num_layers': 2, 'model__module__patch_size': 32, 'model__optimizer__weight_decay': 0.0001}",0.8655311519497983,0.8406827880512091,0.7054747054747055,0.9390815370196813,0.8716981132075472,0.8444936591405883,0.07677280414738775,11,0.8693715982187036,0.978775639502653,0.9175360158966717,0.8709670991012535,0.86151682354214,0.8996334352522843,0.04421403529326107
102,2.7063873767852784,0.6589901844360353,0.02439737319946289,0.003114284214127881,64,10,0.0002,500,96,128,0.25,4,3,16,0.0001,"{'model__batch_size': 64, 'model__callbacks__early_stopping__patience': 10, 'model__lr': 0.0002, 'model__max_epochs': 500, 'model__module__d_model': 96, 'model__module__dim_feedforward': 128, 'model__module__dropout': 0.25, 'model__module__nhead': 4, 'model__module__num_layers': 3, 'model__module__patch_size': 16, 'model__optimizer__weight_decay': 0.0001}",0.8231578947368421,0.8771929824561404,0.6936274509803921,0.7596153846153846,0.7304504504504505,0.776808832647842,0.06571007472309719,253,0.8801198801198802,0.9239315546184413,0.9006384676775738,0.808797985061664,0.791869918699187,0.8610715612353493,0.051770940500527454
103,1.9768074035644532,0.2958126402307376,0.021416139602661134,0.0030367027184740724,64,10,0.0002,500,96,128,0.25,4,3,32,0.0001,"{'model__batch_size': 64, 'model__callbacks__early_stopping__patience': 10, 'model__lr': 0.0002, 'model__max_epochs': 500, 'model__module__d_model': 96, 'model__module__dim_feedforward': 128, 'model__module__dropout': 0.25, 'model__module__nhead': 4, 'model__module__num_layers': 3, 'model__module__patch_size': 32, 'model__optimizer__weight_decay': 0.0001}",0.84375,0.8771929824561404,0.7482658312821661,0.8446568794810516,0.8466000644537544,0.8320931515346224,0.043738299620258055,48,0.8705294705294705,0.9257147382592856,0.9063127090301004,0.8773901409900176,0.8307326104205237,0.8821359338458796,0.03250588516600616
104,2.3138834953308107,0.45697128114043856,0.023102712631225587,0.0019283590894625614,64,10,0.0002,500,96,256,0.1,4,2,16,0.0001,"{'model__batch_size': 64, 'model__callbacks__early_stopping__patience': 10, 'model__lr': 0.0002, 'model__max_epochs': 500, 'model__module__d_model': 96, 'model__module__dim_feedforward': 256, 'model__module__dropout': 0.1, 'model__module__nhead': 4, 'model__module__num_layers': 2, 'model__module__patch_size': 16, 'model__optimizer__weight_decay': 0.0001}",0.8655311519497983,0.86875,0.6936274509803921,0.8179271708683473,0.7622377622377623,0.80161470720726,0.0664384635886852,192,0.8930780559646538,0.9280388309408241,0.9144104980083709,0.8498923662858089,0.7964876779648769,0.8763814858329069,0.047912746769181454
105,1.7741121292114257,0.2317653376500057,0.02139887809753418,0.0034296062451280042,64,10,0.0002,500,96,256,0.1,4,2,32,0.0001,"{'model__batch_size': 64, 'model__callbacks__early_stopping__patience': 10, 'model__lr': 0.0002, 'model__max_epochs': 500, 'model__module__d_model': 96, 'model__module__dim_feedforward': 256, 'model__module__dropout': 0.1, 'model__module__nhead': 4, 'model__module__num_layers': 2, 'model__module__patch_size': 32, 'model__optimizer__weight_decay': 0.0001}",0.797979797979798,0.8961038961038961,0.6902847207128885,0.7896440129449838,0.9399823477493381,0.8227989550981809,0.0876137260399941,78,0.8736377025036819,0.951966543861396,0.9326705077271876,0.8309007813651776,0.8662403076472924,0.8910831686209472,0.044675997850781426
106,2.649063968658447,0.3957362612183137,0.024171781539916993,0.002707018962228389,64,10,0.0002,500,96,256,0.1,4,3,16,0.0001,"{'model__batch_size': 64, 'model__callbacks__early_stopping__patience': 10, 'model__lr': 0.0002, 'model__max_epochs': 500, 'model__module__d_model': 96, 'model__module__dim_feedforward': 256, 'model__module__dropout': 0.1, 'model__module__nhead': 4, 'model__module__num_layers': 3, 'model__module__patch_size': 16, 'model__optimizer__weight_decay': 0.0001}",0.8736842105263158,0.86875,0.7228863290589003,0.7276190476190476,0.8201058201058201,0.8026090814620167,0.06589636312608267,184,0.9054566016398078,0.8934705746982154,0.9043778801843319,0.8112912962924412,0.8028567879766488,0.8634906281582889,0.04633128602886633
107,1.96696195602417,0.5210642686141136,0.021825599670410156,0.002831024074357317,64,10,0.0002,500,96,256,0.1,4,3,32,0.0001,"{'model__batch_size': 64, 'model__callbacks__early_stopping__patience': 10, 'model__lr': 0.0002, 'model__max_epochs': 500, 'model__module__d_model': 96, 'model__module__dim_feedforward': 256, 'model__module__dropout': 0.1, 'model__module__nhead': 4, 'model__module__num_layers': 3, 'model__module__patch_size': 32, 'model__optimizer__weight_decay': 0.0001}",0.8330241187384044,0.8961038961038961,0.7441520467836258,0.617003367003367,0.7920489296636086,0.7764664716585804,0.09405040943012598,256,0.8833578792341679,0.951393507043105,0.9369087837837837,0.8245602534688081,0.8400000000000001,0.887244084705973,0.050513561648176865
108,2.4564911365509032,0.42150808810513973,0.023566675186157227,0.0034744018654401824,64,10,0.0002,500,96,256,0.25,4,2,16,0.0001,"{'model__batch_size': 64, 'model__callbacks__early_stopping__patience': 10, 'model__lr': 0.0002, 'model__max_epochs': 500, 'model__module__d_model': 96, 'model__module__dim_feedforward': 256, 'model__module__dropout': 0.25, 'model__module__nhead': 4, 'model__module__num_layers': 2, 'model__module__patch_size': 16, 'model__optimizer__weight_decay': 0.0001}",0.8330241187384044,0.9155354449472096,0.6817538896746818,0.8179271708683473,0.8955453149001535,0.8287571878257592,0.08214205434629412,55,0.868173327661778,0.9229885057471264,0.886226831157995,0.8409611920746685,0.8693877551020408,0.8775475223487218,0.026956373139173075
109,1.8518429756164552,0.396384308968062,0.021582555770874024,0.0039277678114934406,64,10,0.0002,500,96,256,0.25,4,2,32,0.0001,"{'model__batch_size': 64, 'model__callbacks__early_stopping__patience': 10, 'model__lr': 0.0002, 'model__max_epochs': 500, 'model__module__d_model': 96, 'model__module__dim_feedforward': 256, 'model__module__dropout': 0.25, 'model__module__nhead': 4, 'model__module__num_layers': 2, 'model__module__patch_size': 32, 'model__optimizer__weight_decay': 0.0001}",0.8436685773840542,0.8961038961038961,0.7401247401247402,0.8941023134571522,0.8716981132075472,0.849139528055478,0.05770675695299526,7,0.8743694679737317,0.968524898214845,0.9418681155421611,0.8531746031746033,0.8412555862039472,0.8958385342218577,0.05032387087524306
110,3.223002815246582,0.9378775920819615,0.02455482482910156,0.0026245907309678795,64,10,0.0002,500,96,256,0.25,4,3,16,0.0001,"{'model__batch_size': 64, 'model__callbacks__early_stopping__patience': 10, 'model__lr': 0.0002, 'model__max_epochs': 500, 'model__module__d_model': 96, 'model__module__dim_feedforward': 256, 'model__module__dropout': 0.25, 'model__module__nhead': 4, 'model__module__num_layers': 3, 'model__module__patch_size': 16, 'model__optimizer__weight_decay': 0.0001}",0.8736842105263158,0.8925968546221711,0.6864548494983278,0.8446568794810516,0.6964285714285714,0.7987642731112876,0.08900526295208343,201,0.8769274904970236,0.951393507043105,0.9326705077271876,0.839170392449081,0.7854678103125308,0.8771259416057855,0.06073342774519227
111,1.7545944690704345,0.40697732757954713,0.023369264602661134,0.0032219346898495465,64,10,0.0002,500,96,256,0.25,4,3,32,0.0001,"{'model__batch_size': 64, 'model__callbacks__early_stopping__patience': 10, 'model__lr': 0.0002, 'model__max_epochs': 500, 'model__module__d_model': 96, 'model__module__dim_feedforward': 256, 'model__module__dropout': 0.25, 'model__module__nhead': 4, 'model__module__num_layers': 3, 'model__module__patch_size': 32, 'model__optimizer__weight_decay': 0.0001}",0.797979797979798,0.8961038961038961,0.7054747054747055,0.7596153846153846,0.8201058201058201,0.7958559208559208,0.0634418876922393,210,0.8866466294547015,0.9265580958346382,0.9256272401433692,0.8220746507900161,0.821664925113201,0.8765143082671853,0.046885511243500606
112,2.401169538497925,0.4550269703537903,0.022475194931030274,0.002257406853818689,64,10,0.0002,500,96,384,0.1,4,2,16,0.0001,"{'model__batch_size': 64, 'model__callbacks__early_stopping__patience': 10, 'model__lr': 0.0002, 'model__max_epochs': 500, 'model__module__d_model': 96, 'model__module__dim_feedforward': 384, 'model__module__dropout': 0.1, 'model__module__nhead': 4, 'model__module__num_layers': 2, 'model__module__patch_size': 16, 'model__optimizer__weight_decay': 0.0001}",0.8655311519497983,0.86875,0.7056393307167941,0.7896440129449838,0.7304504504504505,0.7920029892124053,0.06715572304157927,225,0.8877032050452183,0.9331504115739586,0.9278440139095876,0.8220746507900161,0.7854678103125308,0.8712480183262622,0.05845006473486531
113,1.7728955268859863,0.35395991525304665,0.020645570755004884,0.002735710210533543,64,10,0.0002,500,96,384,0.1,4,2,32,0.0001,"{'model__batch_size': 64, 'model__callbacks__early_stopping__patience': 10, 'model__lr': 0.0002, 'model__max_epochs': 500, 'model__module__d_model': 96, 'model__module__dim_feedforward': 384, 'model__module__dropout': 0.1, 'model__module__nhead': 4, 'model__module__num_layers': 2, 'model__module__patch_size': 32, 'model__optimizer__weight_decay': 0.0001}",0.8330241187384044,0.8990990990990991,0.7354497354497355,0.5740498034076016,0.8201058201058201,0.7723457153601321,0.11199276633940905,261,0.8906635455118395,0.9463141025641025,0.93331960037079,0.782090638288196,0.8057142857142857,0.8716204344898427,0.06649477581362717
114,3.139186954498291,0.9666966495605276,0.024934148788452147,0.0036763755466016524,64,10,0.0002,500,96,384,0.1,4,3,16,0.0001,"{'model__batch_size': 64, 'model__callbacks__early_stopping__patience': 10, 'model__lr': 0.0002, 'model__max_epochs': 500, 'model__module__d_model': 96, 'model__module__dim_feedforward': 384, 'model__module__dropout': 0.1, 'model__module__nhead': 4, 'model__module__num_layers': 3, 'model__module__patch_size': 16, 'model__optimizer__weight_decay': 0.0001}",0.8117436127297176,0.8961038961038961,0.7056393307167941,0.7596153846153846,0.7304504504504505,0.7807105349232486,0.06765418964327499,248,0.8855527283008199,0.9383250695621247,0.9113388194334546,0.8222679704923658,0.7393959959280625,0.8593761167433656,0.07126081465112141
115,1.9949995040893556,0.5618743110748554,0.023244190216064452,0.004766824646363995,64,10,0.0002,500,96,384,0.1,4,3,32,0.0001,"{'model__batch_size': 64, 'model__callbacks__early_stopping__patience': 10, 'model__lr': 0.0002, 'model__max_epochs': 500, 'model__module__d_model': 96, 'model__module__dim_feedforward': 384, 'model__module__dropout': 0.1, 'model__module__nhead': 4, 'model__module__num_layers': 3, 'model__module__patch_size': 32, 'model__optimizer__weight_decay': 0.0001}",0.8327359617682197,0.8771929824561404,0.7056393307167941,0.5272727272727272,0.7304504504504505,0.7346582905328665,0.12149398815768943,282,0.8906635455118395,0.953051094890511,0.9381520119225037,0.8056484071219046,0.8310708898944192,0.8837171898682357,0.05776670292629148
116,2.2365641593933105,0.43899114154750196,0.022379302978515626,0.0029476958046725866,64,10,0.0002,500,96,384,0.25,4,2,16,0.0001,"{'model__batch_size': 64, 'model__callbacks__early_stopping__patience': 10, 'model__lr': 0.0002, 'model__max_epochs': 500, 'model__module__d_model': 96, 'model__module__dim_feedforward': 384, 'model__module__dropout': 0.25, 'model__module__nhead': 4, 'model__module__num_layers': 2, 'model__module__patch_size': 16, 'model__optimizer__weight_decay': 0.0001}",0.8330241187384044,0.8925968546221711,0.7301587301587302,0.6566436407964242,0.8716981132075472,0.7968242915046554,0.08964799207656429,206,0.8897102897102898,0.9280388309408241,0.9053631756756757,0.8067864526717394,0.8802721088435375,0.8820341715684133,0.04095099014806724
117,1.7272160053253174,0.40152273206288797,0.021414899826049806,0.0029182002416547176,64,10,0.0002,500,96,384,0.25,4,2,32,0.0001,"{'model__batch_size': 64, 'model__callbacks__early_stopping__patience': 10, 'model__lr': 0.0002, 'model__max_epochs': 500, 'model__module__d_model': 96, 'model__module__dim_feedforward': 384, 'model__module__dropout': 0.25, 'model__module__nhead': 4, 'model__module__num_layers': 2, 'model__module__patch_size': 32, 'model__optimizer__weight_decay': 0.0001}",0.8117436127297176,0.9181286549707601,0.7054747054747055,0.617003367003367,0.8466000644537544,0.7797900809264608,0.10643726078835701,249,0.8822742474916387,0.9347984753872354,0.9207292484665832,0.808797985061664,0.8217069937768192,0.8736613900367882,0.05086025641216825
118,2.9607812404632567,0.68702356148796,0.02408633232116699,0.0027772053589375785,64,10,0.0002,500,96,384,0.25,4,3,16,0.0001,"{'model__batch_size': 64, 'model__callbacks__early_stopping__patience': 10, 'model__lr': 0.0002, 'model__max_epochs': 500, 'model__module__d_model': 96, 'model__module__dim_feedforward': 384, 'model__module__dropout': 0.25, 'model__module__nhead': 4, 'model__module__num_layers': 3, 'model__module__patch_size': 16, 'model__optimizer__weight_decay': 0.0001}",0.8330241187384044,0.8733031674208145,0.7301587301587302,0.5272727272727272,0.7622377622377623,0.7451993011656878,0.12011021494597059,277,0.8910564225690276,0.953051094890511,0.908961650958726,0.8312923397602918,0.7738230468256972,0.8716369110008507,0.06259993519860686
119,2.2378565311431884,0.4687764131533773,0.02182636260986328,0.002533104771883908,64,10,0.0002,500,96,384,0.25,4,3,32,0.0001,"{'model__batch_size': 64, 'model__callbacks__early_stopping__patience': 10, 'model__lr': 0.0002, 'model__max_epochs': 500, 'model__module__d_model': 96, 'model__module__dim_feedforward': 384, 'model__module__dropout': 0.25, 'model__module__nhead': 4, 'model__module__num_layers': 3, 'model__module__patch_size': 32, 'model__optimizer__weight_decay': 0.0001}",0.8527004909983633,0.8733031674208145,0.7482658312821661,0.7276190476190476,0.9182692307692308,0.8240315536179246,0.07371045473497125,76,0.8833578792341679,0.9289313179527976,0.9158783783783784,0.8409611920746685,0.821436875145315,0.8781131285570654,0.041541964234678784
120,2.3609528064727785,0.7981412782295332,0.022818994522094727,0.0036859081735847086,64,10,0.0002,500,128,128,0.1,4,2,16,0.0001,"{'model__batch_size': 64, 'model__callbacks__early_stopping__patience': 10, 'model__lr': 0.0002, 'model__max_epochs': 500, 'model__module__d_model': 128, 'model__module__dim_feedforward': 128, 'model__module__dropout': 0.1, 'model__module__nhead': 4, 'model__module__num_layers': 2, 'model__module__patch_size': 16, 'model__optimizer__weight_decay': 0.0001}",0.8556998556998556,0.8961038961038961,0.67,0.7896440129449838,0.8716981132075472,0.8166291755912566,0.0813678699149915,102,0.8121861399397389,0.9412924424972617,0.9690760059612519,0.7914830508474576,0.8439568094740508,0.8715988897439523,0.07081170321981259
121,1.4760142803192138,0.21641507701848928,0.021214818954467772,0.0032035883884205672,64,10,0.0002,500,128,128,0.1,4,2,32,0.0001,"{'model__batch_size': 64, 'model__callbacks__early_stopping__patience': 10, 'model__lr': 0.0002, 'model__max_epochs': 500, 'model__module__d_model': 128, 'model__module__dim_feedforward': 128, 'model__module__dropout': 0.1, 'model__module__nhead': 4, 'model__module__num_layers': 2, 'model__module__patch_size': 32, 'model__optimizer__weight_decay': 0.0001}",0.9134199134199135,0.8771929824561404,0.7613636363636364,0.6933962264150944,0.8466000644537544,0.8183945646217079,0.0801994169644904,95,0.8699901507689977,0.9575512790053061,0.9524375490799499,0.8177339901477833,0.809647736778511,0.8814721411561095,0.0635252035007852
122,2.791496992111206,0.8338758935300531,0.02458357810974121,0.0033039620639378976,64,10,0.0002,500,128,128,0.1,4,3,16,0.0001,"{'model__batch_size': 64, 'model__callbacks__early_stopping__patience': 10, 'model__lr': 0.0002, 'model__max_epochs': 500, 'model__module__d_model': 128, 'model__module__dim_feedforward': 128, 'model__module__dropout': 0.1, 'model__module__nhead': 4, 'model__module__num_layers': 3, 'model__module__patch_size': 16, 'model__optimizer__weight_decay': 0.0001}",0.8556998556998556,0.8496355964710395,0.6746539971080355,0.87,0.7304504504504505,0.7960879799458762,0.07866181683769945,209,0.8669329997946498,0.9617322481284295,0.9542699724517907,0.8652080687803152,0.780859441876391,0.8858005462063152,0.06670285675935346
123,1.564765501022339,0.2068207736781855,0.021515274047851564,0.0030034575117188337,64,10,0.0002,500,128,128,0.1,4,3,32,0.0001,"{'model__batch_size': 64, 'model__callbacks__early_stopping__patience': 10, 'model__lr': 0.0002, 'model__max_epochs': 500, 'model__module__d_model': 128, 'model__module__dim_feedforward': 128, 'model__module__dropout': 0.1, 'model__module__nhead': 4, 'model__module__num_layers': 3, 'model__module__patch_size': 32, 'model__optimizer__weight_decay': 0.0001}",0.8556998556998556,0.8961038961038961,0.7147012754531215,0.5740498034076016,0.8955453149001535,0.7872200291129255,0.125682190815404,239,0.875600791631326,0.8934705746982154,0.9092117962466488,0.808797985061664,0.8788608792910608,0.8731884053857829,0.03433125071491963
124,2.221159267425537,0.4987304539689194,0.022093868255615233,0.0024607416806400662,64,10,0.0002,500,128,128,0.25,4,2,16,0.0001,"{'model__batch_size': 64, 'model__callbacks__early_stopping__patience': 10, 'model__lr': 0.0002, 'model__max_epochs': 500, 'model__module__d_model': 128, 'model__module__dim_feedforward': 128, 'model__module__dropout': 0.25, 'model__module__nhead': 4, 'model__module__num_layers': 2, 'model__module__patch_size': 16, 'model__optimizer__weight_decay': 0.0001}",0.8330241187384044,0.8310708898944192,0.6864548494983278,0.7276190476190476,0.7920489296636086,0.7740435670827616,0.05810685597734433,259,0.8659816841635024,0.9575512790053061,0.9387403641134984,0.7670702179176756,0.8217069937768192,0.8702101077953601,0.07118025672789015
125,1.6381886005401611,0.3810758084688132,0.020639753341674803,0.0025912885922866513,64,10,0.0002,500,128,128,0.25,4,2,32,0.0001,"{'model__batch_size': 64, 'model__callbacks__early_stopping__patience': 10, 'model__lr': 0.0002, 'model__max_epochs': 500, 'model__module__d_model': 128, 'model__module__dim_feedforward': 128, 'model__module__dropout': 0.25, 'model__module__nhead': 4, 'model__module__num_layers': 2, 'model__module__patch_size': 32, 'model__optimizer__weight_decay': 0.0001}",0.9134199134199135,0.8587387387387387,0.6902847207128885,0.5740498034076016,0.8716981132075472,0.781638257897338,0.12873235926548518,245,0.8822742474916387,0.9733147465896644,0.9271321070234114,0.7938695227050503,0.8514285714285714,0.8856038390476673,0.06166363634188324
126,2.4134826183319094,0.4385543223833215,0.02517690658569336,0.0029480256547718612,64,10,0.0002,500,128,128,0.25,4,3,16,0.0001,"{'model__batch_size': 64, 'model__callbacks__early_stopping__patience': 10, 'model__lr': 0.0002, 'model__max_epochs': 500, 'model__module__d_model': 128, 'model__module__dim_feedforward': 128, 'model__module__dropout': 0.25, 'model__module__nhead': 4, 'model__module__num_layers': 3, 'model__module__patch_size': 16, 'model__optimizer__weight_decay': 0.0001}",0.8330241187384044,0.9155354449472096,0.6629901960784313,0.9170918367346939,0.8466000644537544,0.8350483321904989,0.09268317443694421,33,0.8747719477486682,0.8786590287210378,0.9183204854846646,0.8591739331816259,0.8379014020805066,0.8737653594433006,0.02649246547095382
127,1.8391060829162598,0.347757012210993,0.02295069694519043,0.002987454115207228,64,10,0.0002,500,128,128,0.25,4,3,32,0.0001,"{'model__batch_size': 64, 'model__callbacks__early_stopping__patience': 10, 'model__lr': 0.0002, 'model__max_epochs': 500, 'model__module__d_model': 128, 'model__module__dim_feedforward': 128, 'model__module__dropout': 0.25, 'model__module__nhead': 4, 'model__module__num_layers': 3, 'model__module__patch_size': 32, 'model__optimizer__weight_decay': 0.0001}",0.8330241187384044,0.8961038961038961,0.6864548494983278,0.6933962264150944,0.8955453149001535,0.8009048811311752,0.09349677016865086,195,0.8833578792341679,0.9297906212844851,0.9430288911537741,0.8291256157635467,0.812628917426309,0.8795863849724566,0.05213296997592771
128,2.1944904804229735,0.4431174848955957,0.023582267761230468,0.0027248440053444737,64,10,0.0002,500,128,256,0.1,4,2,16,0.0001,"{'model__batch_size': 64, 'model__callbacks__early_stopping__patience': 10, 'model__lr': 0.0002, 'model__max_epochs': 500, 'model__module__d_model': 128, 'model__module__dim_feedforward': 256, 'model__module__dropout': 0.1, 'model__module__nhead': 4, 'model__module__num_layers': 2, 'model__module__patch_size': 16, 'model__optimizer__weight_decay': 0.0001}",0.8330241187384044,0.8733031674208145,0.6864548494983278,0.7596153846153846,0.7304504504504505,0.7765695941446764,0.06794054074615864,255,0.871648509948681,0.9289313179527976,0.9484600099354197,0.8312923397602918,0.7933817594834545,0.8747427874161289,0.05811670768115092
129,1.4315865993499757,0.20685962052470291,0.02281198501586914,0.0023945537563935743,64,10,0.0002,500,128,256,0.1,4,2,32,0.0001,"{'model__batch_size': 64, 'model__callbacks__early_stopping__patience': 10, 'model__lr': 0.0002, 'model__max_epochs': 500, 'model__module__d_model': 128, 'model__module__dim_feedforward': 256, 'model__module__dropout': 0.1, 'model__module__nhead': 4, 'model__module__num_layers': 2, 'model__module__patch_size': 32, 'model__optimizer__weight_decay': 0.0001}",0.8655311519497983,0.9376623376623376,0.7482658312821661,0.5272727272727272,0.8955453149001535,0.7948554726134367,0.1478502059369026,216,0.8844048748449245,0.940592064163795,0.9063127090301004,0.7440032786094839,0.8580522101714463,0.86667302736395,0.06704018575100987
130,2.8005059242248533,0.9429284253806046,0.024698209762573243,0.0037629831893229,64,10,0.0002,500,128,256,0.1,4,3,16,0.0001,"{'model__batch_size': 64, 'model__callbacks__early_stopping__patience': 10, 'model__lr': 0.0002, 'model__max_epochs': 500, 'model__module__d_model': 128, 'model__module__dim_feedforward': 256, 'model__module__dropout': 0.1, 'model__module__nhead': 4, 'model__module__num_layers': 3, 'model__module__patch_size': 16, 'model__optimizer__weight_decay': 0.0001}",0.82,0.8733031674208145,0.6746539971080355,0.7896440129449838,0.8466000644537544,0.8008402483855175,0.06893512483944193,196,0.8686868686868687,0.9391097800268512,0.9369087837837837,0.8220746507900161,0.8168685819776162,0.8767297330530273,0.05319400624087937
131,1.816647720336914,0.4931575949419697,0.02223825454711914,0.0032005525849413963,64,10,0.0002,500,128,256,0.1,4,3,32,0.0001,"{'model__batch_size': 64, 'model__callbacks__early_stopping__patience': 10, 'model__lr': 0.0002, 'model__max_epochs': 500, 'model__module__d_model': 128, 'model__module__dim_feedforward': 256, 'model__module__dropout': 0.1, 'model__module__nhead': 4, 'model__module__num_layers': 3, 'model__module__patch_size': 32, 'model__optimizer__weight_decay': 0.0001}",0.82,0.8925968546221711,0.7482658312821661,0.5740498034076016,0.8466000644537544,0.7763025107531386,0.11141616046432114,257,0.8615142507431368,0.916967881854797,0.9579391891891892,0.8425395171096057,0.8168685819776162,0.8791658841748691,0.05131909858860712
132,2.1328201293945312,0.43109507443679196,0.023899126052856445,0.0032475216462685952,64,10,0.0002,500,128,256,0.25,4,2,16,0.0001,"{'model__batch_size': 64, 'model__callbacks__early_stopping__patience': 10, 'model__lr': 0.0002, 'model__max_epochs': 500, 'model__module__d_model': 128, 'model__module__dim_feedforward': 256, 'model__module__dropout': 0.25, 'model__module__nhead': 4, 'model__module__num_layers': 2, 'model__module__patch_size': 16, 'model__optimizer__weight_decay': 0.0001}",0.8556998556998556,0.8310708898944192,0.6783876500857633,0.7596153846153846,0.8201058201058201,0.7889759200802485,0.06369450093529927,234,0.8383838383838385,0.8948259836827429,0.9484600099354197,0.8245602534688081,0.8385876418663304,0.8689635454674279,0.04651455668619805
133,1.3318493366241455,0.18188006874453655,0.020728921890258788,0.0027196745666816387,64,10,0.0002,500,128,256,0.25,4,2,32,0.0001,"{'model__batch_size': 64, 'model__callbacks__early_stopping__patience': 10, 'model__lr': 0.0002, 'model__max_epochs': 500, 'model__module__d_model': 128, 'model__module__dim_feedforward': 256, 'model__module__dropout': 0.25, 'model__module__nhead': 4, 'model__module__num_layers': 2, 'model__module__patch_size': 32, 'model__optimizer__weight_decay': 0.0001}",0.888682745825603,0.9376623376623376,0.7354497354497355,0.7428982380438691,0.8955453149001535,0.8400476743763396,0.08408652992535078,22,0.8855527283008199,0.9257147382592856,0.9119537408740146,0.8373115577889447,0.86151682354214,0.884409917753041,0.03227508537239664
134,2.726736879348755,0.8426911205433654,0.025152015686035156,0.0034898140577837395,64,10,0.0002,500,128,256,0.25,4,3,16,0.0001,"{'model__batch_size': 64, 'model__callbacks__early_stopping__patience': 10, 'model__lr': 0.0002, 'model__max_epochs': 500, 'model__module__d_model': 128, 'model__module__dim_feedforward': 256, 'model__module__dropout': 0.25, 'model__module__nhead': 4, 'model__module__num_layers': 3, 'model__module__patch_size': 16, 'model__optimizer__weight_decay': 0.0001}",0.8330241187384044,0.8496355964710395,0.6629901960784313,0.7896440129449838,0.8716981132075472,0.8013984074880813,0.07424831232291156,193,0.875600791631326,0.9391097800268512,0.9136210590756045,0.826465661641541,0.8802721088435375,0.8870138802437719,0.03811488315288364
135,2.1878772258758543,0.94633521906358,0.02186241149902344,0.0027192234060388594,64,10,0.0002,500,128,256,0.25,4,3,32,0.0001,"{'model__batch_size': 64, 'model__callbacks__early_stopping__patience': 10, 'model__lr': 0.0002, 'model__max_epochs': 500, 'model__module__d_model': 128, 'model__module__dim_feedforward': 256, 'model__module__dropout': 0.25, 'model__module__nhead': 4, 'model__module__num_layers': 3, 'model__module__patch_size': 32, 'model__optimizer__weight_decay': 0.0001}",0.8327359617682197,0.8990990990990991,0.7482658312821661,0.7596153846153846,0.8955453149001535,0.8270523183330047,0.06429523088262527,61,0.8779516358463727,1.0,0.9637456580069472,0.8652080687803152,0.7987014445867313,0.9011213614440734,0.07213213961329402
136,2.2904990196228026,0.6833231518678109,0.02298903465270996,0.0027820925692218527,64,10,0.0002,500,128,384,0.1,4,2,16,0.0001,"{'model__batch_size': 64, 'model__callbacks__early_stopping__patience': 10, 'model__lr': 0.0002, 'model__max_epochs': 500, 'model__module__d_model': 128, 'model__module__dim_feedforward': 384, 'model__module__dropout': 0.1, 'model__module__nhead': 4, 'model__module__num_layers': 2, 'model__module__patch_size': 16, 'model__optimizer__weight_decay': 0.0001}",0.8556998556998556,0.8310708898944192,0.6746539971080355,0.8446568794810516,0.7304504504504505,0.7873064145267625,0.07184042835549731,238,0.8270570719602978,0.9463141025641025,0.9175360158966717,0.8220746507900161,0.7692307692307692,0.8564425220883715,0.06551314533162936
137,1.473515272140503,0.3490957706657424,0.022264575958251952,0.0033619506405778822,64,10,0.0002,500,128,384,0.1,4,2,32,0.0001,"{'model__batch_size': 64, 'model__callbacks__early_stopping__patience': 10, 'model__lr': 0.0002, 'model__max_epochs': 500, 'model__module__d_model': 128, 'model__module__dim_feedforward': 384, 'model__module__dropout': 0.1, 'model__module__nhead': 4, 'model__module__num_layers': 2, 'model__module__patch_size': 32, 'model__optimizer__weight_decay': 0.0001}",0.8556998556998556,0.8771929824561404,0.7023809523809523,0.5272727272727272,0.8027715114405414,0.7530636058500434,0.12803392519908896,271,0.8767898146246756,0.9634841849148419,0.9256272401433692,0.8337428337428338,0.8710327455919396,0.894135363803532,0.04534942997791951
138,3.4757140636444093,1.5426416029435739,0.02504596710205078,0.0030019334235279536,64,10,0.0002,500,128,384,0.1,4,3,16,0.0001,"{'model__batch_size': 64, 'model__callbacks__early_stopping__patience': 10, 'model__lr': 0.0002, 'model__max_epochs': 500, 'model__module__d_model': 128, 'model__module__dim_feedforward': 384, 'model__module__dropout': 0.1, 'model__module__nhead': 4, 'model__module__num_layers': 3, 'model__module__patch_size': 16, 'model__optimizer__weight_decay': 0.0001}",0.8117436127297176,0.8771929824561404,0.6629901960784313,0.9390815370196813,0.7304504504504505,0.8042917557468844,0.09895157734608775,174,0.8663194444444444,0.9892628205128204,0.9484600099354197,0.8531746031746033,0.7964876779648769,0.8907409112064328,0.06918000937539537
139,1.7092965602874757,0.13185013655327893,0.022397613525390624,0.0033232791565881476,64,10,0.0002,500,128,384,0.1,4,3,32,0.0001,"{'model__batch_size': 64, 'model__callbacks__early_stopping__patience': 10, 'model__lr': 0.0002, 'model__max_epochs': 500, 'model__module__d_model': 128, 'model__module__dim_feedforward': 384, 'model__module__dropout': 0.1, 'model__module__nhead': 4, 'model__module__num_layers': 3, 'model__module__patch_size': 32, 'model__optimizer__weight_decay': 0.0001}",0.8330241187384044,0.9155354449472096,0.6902847207128885,0.6933962264150944,0.8466000644537544,0.7957681150534703,0.08935643263389535,211,0.8993006993006993,0.9044903777619386,0.9175360158966717,0.8245602534688081,0.8328108672936259,0.8757396427443487,0.0389637642101154
140,1.987681770324707,0.2797063865940979,0.022774314880371092,0.003109738911419871,64,10,0.0002,500,128,384,0.25,4,2,16,0.0001,"{'model__batch_size': 64, 'model__callbacks__early_stopping__patience': 10, 'model__lr': 0.0002, 'model__max_epochs': 500, 'model__module__d_model': 128, 'model__module__dim_feedforward': 384, 'model__module__dropout': 0.25, 'model__module__nhead': 4, 'model__module__num_layers': 2, 'model__module__patch_size': 16, 'model__optimizer__weight_decay': 0.0001}",0.8556998556998556,0.9155354449472096,0.6902847207128885,0.7896440129449838,0.7622377622377623,0.8026803593085401,0.07744116077612005,183,0.8556969182923382,0.886584849767245,0.9053631756756757,0.795745678538696,0.8069381598793364,0.8500657564306582,0.042973990235211895
141,1.553738260269165,0.268080477280241,0.021477317810058592,0.0026912315044667844,64,10,0.0002,500,128,384,0.25,4,2,32,0.0001,"{'model__batch_size': 64, 'model__callbacks__early_stopping__patience': 10, 'model__lr': 0.0002, 'model__max_epochs': 500, 'model__module__d_model': 128, 'model__module__dim_feedforward': 384, 'model__module__dropout': 0.25, 'model__module__nhead': 4, 'model__module__num_layers': 2, 'model__module__patch_size': 32, 'model__optimizer__weight_decay': 0.0001}",0.9134199134199135,0.8771929824561404,0.7301587301587302,0.7724089635854342,0.8774038461538461,0.8341168871548128,0.07019037970813766,39,0.8974681437369385,0.9626406452255303,0.9387403641134984,0.8481574539363484,0.8876418584237256,0.9069296930872083,0.04007828977444161
142,2.929547929763794,0.9718876695211696,0.025170183181762694,0.00311527058855255,64,10,0.0002,500,128,384,0.25,4,3,16,0.0001,"{'model__batch_size': 64, 'model__callbacks__early_stopping__patience': 10, 'model__lr': 0.0002, 'model__max_epochs': 500, 'model__module__d_model': 128, 'model__module__dim_feedforward': 384, 'model__module__dropout': 0.25, 'model__module__nhead': 4, 'model__module__num_layers': 3, 'model__module__patch_size': 16, 'model__optimizer__weight_decay': 0.0001}",0.8556998556998556,0.8925968546221711,0.7147012754531215,0.8179271708683473,0.6598691804540208,0.7881588674195033,0.08741795211311541,237,0.8663194444444444,0.9739172749391727,0.9110732967794795,0.8418104083738758,0.7614906832298136,0.8709222215533572,0.07080117889884216
143,1.6560656547546386,0.31325209077794863,0.021900320053100587,0.0028362791430907126,64,10,0.0002,500,128,384,0.25,4,3,32,0.0001,"{'model__batch_size': 64, 'model__callbacks__early_stopping__patience': 10, 'model__lr': 0.0002, 'model__max_epochs': 500, 'model__module__d_model': 128, 'model__module__dim_feedforward': 384, 'model__module__dropout': 0.25, 'model__module__nhead': 4, 'model__module__num_layers': 3, 'model__module__patch_size': 32, 'model__optimizer__weight_decay': 0.0001}",0.8556998556998556,0.9155354449472096,0.7613636363636364,0.6566436407964242,0.8466000644537544,0.8071685284521759,0.08989922612517438,152,0.8877032050452183,0.9179976745609204,0.926393581081081,0.8471976401179941,0.8373891140072282,0.8833362429624885,0.03603208802977423
144,10.489408206939697,1.571733896850787,0.021842145919799806,0.002240196115719456,128,10,3e-05,500,96,128,0.1,4,2,16,0.0001,"{'model__batch_size': 128, 'model__callbacks__early_stopping__patience': 10, 'model__lr': 3e-05, 'model__max_epochs': 500, 'model__module__d_model': 96, 'model__module__dim_feedforward': 128, 'model__module__dropout': 0.1, 'model__module__nhead': 4, 'model__module__num_layers': 2, 'model__module__patch_size': 16, 'model__optimizer__weight_decay': 0.0001}",0.8655311519497983,0.9376623376623376,0.7427101200686106,0.7596153846153846,0.8955453149001535,0.840212861839257,0.07642229321565407,21,0.8920847268673355,0.9314159727553692,0.9183204854846646,0.7872622733303848,0.8645860883364189,0.8787339093548345,0.05116241233294503
145,8.063142681121827,1.8333869850504447,0.02089724540710449,0.0029210221689679955,128,10,3e-05,500,96,128,0.1,4,2,32,0.0001,"{'model__batch_size': 128, 'model__callbacks__early_stopping__patience': 10, 'model__lr': 3e-05, 'model__max_epochs': 500, 'model__module__d_model': 96, 'model__module__dim_feedforward': 128, 'model__module__dropout': 0.1, 'model__module__nhead': 4, 'model__module__num_layers': 2, 'model__module__patch_size': 32, 'model__optimizer__weight_decay': 0.0001}",0.888682745825603,0.8805120910384068,0.7354497354497355,0.7896440129449838,0.8716981132075472,0.8331973396932553,0.06041707036246191,42,0.8930780559646538,0.9103131951416367,0.9435781233906684,0.836559796437659,0.8514285714285714,0.8869915484726378,0.038964271293871935
146,10.302335262298584,0.9172275796251264,0.022715950012207033,0.0021150108072295324,128,10,3e-05,500,96,128,0.1,4,3,16,0.0001,"{'model__batch_size': 128, 'model__callbacks__early_stopping__patience': 10, 'model__lr': 3e-05, 'model__max_epochs': 500, 'model__module__d_model': 96, 'model__module__dim_feedforward': 128, 'model__module__dropout': 0.1, 'model__module__nhead': 4, 'model__module__num_layers': 3, 'model__module__patch_size': 16, 'model__optimizer__weight_decay': 0.0001}",0.8330241187384044,0.8961038961038961,0.7427101200686106,0.5740498034076016,0.8289308176100629,0.774963751185715,0.11168267222951465,258,0.8844199105358332,0.8962446767324816,0.9110732967794795,0.808797985061664,0.8486036578687985,0.8698279053956514,0.03684311222286357
147,6.505826425552368,1.5327326640600782,0.020111799240112305,0.0016425438222861363,128,10,3e-05,500,96,128,0.1,4,3,32,0.0001,"{'model__batch_size': 128, 'model__callbacks__early_stopping__patience': 10, 'model__lr': 3e-05, 'model__max_epochs': 500, 'model__module__d_model': 96, 'model__module__dim_feedforward': 128, 'model__module__dropout': 0.1, 'model__module__nhead': 4, 'model__module__num_layers': 3, 'model__module__patch_size': 32, 'model__optimizer__weight_decay': 0.0001}",0.8036006546644845,0.8771929824561404,0.7354497354497355,0.87,0.8466000644537544,0.826568687404823,0.052307835288824725,64,0.9072330824286585,0.8938781975132652,0.9381520119225037,0.8409611920746685,0.8662486938349008,0.8892946355547995,0.033457666775831375
148,12.045504140853883,1.667698789943007,0.021187353134155273,0.0018242916576333777,128,10,3e-05,500,96,128,0.25,4,2,16,0.0001,"{'model__batch_size': 128, 'model__callbacks__early_stopping__patience': 10, 'model__lr': 3e-05, 'model__max_epochs': 500, 'model__module__d_model': 96, 'model__module__dim_feedforward': 128, 'model__module__dropout': 0.25, 'model__module__nhead': 4, 'model__module__num_layers': 2, 'model__module__patch_size': 16, 'model__optimizer__weight_decay': 0.0001}",0.8330241187384044,0.8925968546221711,0.7685185185185185,0.8179271708683473,0.8716981132075472,0.8367529551909978,0.04327576203175245,29,0.875600791631326,0.9257147382592856,0.9326705077271876,0.8309007813651776,0.8486036578687985,0.882698095370355,0.04060403351702296
149,8.274850988388062,2.0859662368243,0.02018294334411621,0.0027823217181805237,128,10,3e-05,500,96,128,0.25,4,2,32,0.0001,"{'model__batch_size': 128, 'model__callbacks__early_stopping__patience': 10, 'model__lr': 3e-05, 'model__max_epochs': 500, 'model__module__d_model': 96, 'model__module__dim_feedforward': 128, 'model__module__dropout': 0.25, 'model__module__nhead': 4, 'model__module__num_layers': 2, 'model__module__patch_size': 32, 'model__optimizer__weight_decay': 0.0001}",0.8655311519497983,0.8623112047769581,0.7023809523809523,0.87,0.8774038461538461,0.835525431052311,0.06676461745089123,32,0.8866466294547015,0.9055746946445349,0.9285304247990815,0.8754807692307692,0.8504381694255112,0.8893341375109196,0.026503356311022838
150,11.181178331375122,0.5322433282381012,0.023755693435668947,0.0019906664743935217,128,10,3e-05,500,96,128,0.25,4,3,16,0.0001,"{'model__batch_size': 128, 'model__callbacks__early_stopping__patience': 10, 'model__lr': 3e-05, 'model__max_epochs': 500, 'model__module__d_model': 96, 'model__module__dim_feedforward': 128, 'model__module__dropout': 0.25, 'model__module__nhead': 4, 'model__module__num_layers': 3, 'model__module__patch_size': 16, 'model__optimizer__weight_decay': 0.0001}",0.8330241187384044,0.8961038961038961,0.7427101200686106,0.617003367003367,0.8716981132075472,0.792107923024365,0.10190745246352655,224,0.8899916660353058,0.8962446767324816,0.9110732967794795,0.8111597186481386,0.8261745701456576,0.8669287856682126,0.04027691820415278
151,7.472211408615112,3.438068553473719,0.021249771118164062,0.0020760254643570953,128,10,3e-05,500,96,128,0.25,4,3,32,0.0001,"{'model__batch_size': 128, 'model__callbacks__early_stopping__patience': 10, 'model__lr': 3e-05, 'model__max_epochs': 500, 'model__module__d_model': 96, 'model__module__dim_feedforward': 128, 'model__module__dropout': 0.25, 'model__module__nhead': 4, 'model__module__num_layers': 3, 'model__module__patch_size': 32, 'model__optimizer__weight_decay': 0.0001}",0.8958333333333334,0.8961038961038961,0.7023809523809523,0.87,0.423728813559322,0.7576093990755007,0.18190363140627555,266,0.8877032050452183,0.9208645839485029,0.9319972269490138,0.842687074829932,0.4311111111111111,0.8028726403767555,0.18845864593593054
152,11.164100837707519,1.0925902061951402,0.025505447387695314,0.004320494626566318,128,10,3e-05,500,96,256,0.1,4,2,16,0.0001,"{'model__batch_size': 128, 'model__callbacks__early_stopping__patience': 10, 'model__lr': 3e-05, 'model__max_epochs': 500, 'model__module__d_model': 96, 'model__module__dim_feedforward': 256, 'model__module__dropout': 0.1, 'model__module__nhead': 4, 'model__module__num_layers': 2, 'model__module__patch_size': 16, 'model__optimizer__weight_decay': 0.0001}",0.8655311519497983,0.8961038961038961,0.7301587301587302,0.7596153846153846,0.9182692307692308,0.8339356787194081,0.07519105046617124,40,0.8974681437369385,0.8845912934544315,0.9326705077271876,0.8199911543564794,0.8983426338119422,0.8866127466173959,0.036930394221931256
153,6.702044105529785,1.2088272142714251,0.020152473449707033,0.001698402554131851,128,10,3e-05,500,96,256,0.1,4,2,32,0.0001,"{'model__batch_size': 128, 'model__callbacks__early_stopping__patience': 10, 'model__lr': 3e-05, 'model__max_epochs': 500, 'model__module__d_model': 96, 'model__module__dim_feedforward': 256, 'model__module__dropout': 0.1, 'model__module__nhead': 4, 'model__module__num_layers': 2, 'model__module__patch_size': 32, 'model__optimizer__weight_decay': 0.0001}",0.8655311519497983,0.8587387387387387,0.7272727272727273,0.87,0.8466000644537544,0.8336285364830036,0.053760582548895354,41,0.8920847268673355,0.9113187347931874,0.9479515050167224,0.8833715408547569,0.8486036578687985,0.8966660330801602,0.032718878649341115
154,11.28102536201477,1.9438817490290892,0.022994852066040038,0.002632063507753535,128,10,3e-05,500,96,256,0.1,4,3,16,0.0001,"{'model__batch_size': 128, 'model__callbacks__early_stopping__patience': 10, 'model__lr': 3e-05, 'model__max_epochs': 500, 'model__module__d_model': 96, 'model__module__dim_feedforward': 256, 'model__module__dropout': 0.1, 'model__module__nhead': 4, 'model__module__num_layers': 3, 'model__module__patch_size': 16, 'model__optimizer__weight_decay': 0.0001}",0.8231578947368421,0.8545454545454545,0.6746539971080355,0.7896440129449838,0.8716981132075472,0.8027398945085725,0.06990485811017808,182,0.8822742474916387,0.8950829940494833,0.9278440139095876,0.8399087750708698,0.854303731190384,0.8798827523423928,0.03094916603115136
155,5.146867990493774,2.3476017751649074,0.02200031280517578,0.0014923262951724013,128,10,3e-05,500,96,256,0.1,4,3,32,0.0001,"{'model__batch_size': 128, 'model__callbacks__early_stopping__patience': 10, 'model__lr': 3e-05, 'model__max_epochs': 500, 'model__module__d_model': 96, 'model__module__dim_feedforward': 256, 'model__module__dropout': 0.1, 'model__module__nhead': 4, 'model__module__num_layers': 3, 'model__module__patch_size': 32, 'model__optimizer__weight_decay': 0.0001}",0.84375,0.8771929824561404,0.6984126984126984,0.8446568794810516,0.423728813559322,0.7375482747818426,0.1686807348816709,280,0.8811524609843937,0.9217518248175183,0.9435781233906684,0.8498923662858089,0.4298440979955457,0.805243774694787,0.1904684018012884
156,11.2739727973938,1.4308033916734448,0.021798324584960938,0.0018821577685606819,128,10,3e-05,500,96,256,0.25,4,2,16,0.0001,"{'model__batch_size': 128, 'model__callbacks__early_stopping__patience': 10, 'model__lr': 3e-05, 'model__max_epochs': 500, 'model__module__d_model': 96, 'model__module__dim_feedforward': 256, 'model__module__dropout': 0.25, 'model__module__nhead': 4, 'model__module__num_layers': 2, 'model__module__patch_size': 16, 'model__optimizer__weight_decay': 0.0001}",0.8655311519497983,0.8733031674208145,0.7056393307167941,0.7596153846153846,0.745837580699966,0.7899853230805516,0.06728244673398467,232,0.9018952062430323,0.8961303877771658,0.9167224080267559,0.7949507389162562,0.8580522101714463,0.8735501902269313,0.04380686424809592
157,7.675319623947144,2.4035915110725763,0.020973825454711915,0.0013180374792439097,128,10,3e-05,500,96,256,0.25,4,2,32,0.0001,"{'model__batch_size': 128, 'model__callbacks__early_stopping__patience': 10, 'model__lr': 3e-05, 'model__max_epochs': 500, 'model__module__d_model': 96, 'model__module__dim_feedforward': 256, 'model__module__dropout': 0.25, 'model__module__nhead': 4, 'model__module__num_layers': 2, 'model__module__patch_size': 32, 'model__optimizer__weight_decay': 0.0001}",0.8655311519497983,0.9181286549707601,0.7613636363636364,0.7896440129449838,0.8716981132075472,0.841273113887345,0.05739685679848135,17,0.8940378019411808,0.9575512790053061,0.9430288911537741,0.8481574539363484,0.8522034768105715,0.8989957805694363,0.04509167977088082
158,9.201162099838257,3.9789566254122586,0.023834419250488282,0.0013810616626470297,128,10,3e-05,500,96,256,0.25,4,3,16,0.0001,"{'model__batch_size': 128, 'model__callbacks__early_stopping__patience': 10, 'model__lr': 3e-05, 'model__max_epochs': 500, 'model__module__d_model': 96, 'model__module__dim_feedforward': 256, 'model__module__dropout': 0.25, 'model__module__nhead': 4, 'model__module__num_layers': 3, 'model__module__patch_size': 16, 'model__optimizer__weight_decay': 0.0001}",0.44954128440366975,0.8733031674208145,0.710548885077187,0.7596153846153846,0.8201058201058201,0.7226229083245752,0.14717014454939098,284,0.42483660130718953,0.8754936120789779,0.9215352618642465,0.8267558528428094,0.846696386985162,0.779063543015677,0.17995690213126858
159,7.762003421783447,1.8262421237833606,0.0210512638092041,0.0027917625188491504,128,10,3e-05,500,96,256,0.25,4,3,32,0.0001,"{'model__batch_size': 128, 'model__callbacks__early_stopping__patience': 10, 'model__lr': 3e-05, 'model__max_epochs': 500, 'model__module__d_model': 96, 'model__module__dim_feedforward': 256, 'model__module__dropout': 0.25, 'model__module__nhead': 4, 'model__module__num_layers': 3, 'model__module__patch_size': 32, 'model__optimizer__weight_decay': 0.0001}",0.8117436127297176,0.8961038961038961,0.7228863290589003,0.8941023134571522,0.8955453149001535,0.8440762932499638,0.06868907336160503,13,0.8779382663534983,0.9273712737127371,0.9424591920337808,0.8681933842239187,0.86151682354214,0.8954957879732148,0.03295410672984816
160,9.597360754013062,1.2783138885355727,0.022609996795654296,0.002422838549674685,128,10,3e-05,500,96,384,0.1,4,2,16,0.0001,"{'model__batch_size': 128, 'model__callbacks__early_stopping__patience': 10, 'model__lr': 3e-05, 'model__max_epochs': 500, 'model__module__d_model': 96, 'model__module__dim_feedforward': 384, 'model__module__dropout': 0.1, 'model__module__nhead': 4, 'model__module__num_layers': 2, 'model__module__patch_size': 16, 'model__optimizer__weight_decay': 0.0001}",0.8117436127297176,0.8771929824561404,0.710548885077187,0.7896440129449838,0.8201058201058201,0.8018470626627698,0.05402333423431795,190,0.9018952062430323,0.8950829940494833,0.9278440139095876,0.7975508077123502,0.807680925171307,0.866010789417152,0.053000706150409194
161,6.990074396133423,1.9023902129036707,0.020129585266113283,0.0017249385757464814,128,10,3e-05,500,96,384,0.1,4,2,32,0.0001,"{'model__batch_size': 128, 'model__callbacks__early_stopping__patience': 10, 'model__lr': 3e-05, 'model__max_epochs': 500, 'model__module__d_model': 96, 'model__module__dim_feedforward': 384, 'model__module__dropout': 0.1, 'model__module__nhead': 4, 'model__module__num_layers': 2, 'model__module__patch_size': 32, 'model__optimizer__weight_decay': 0.0001}",0.8556998556998556,0.8925968546221711,0.6984126984126984,0.8179271708683473,0.8201058201058201,0.8169484799417785,0.0652472280644623,99,0.9063602591147535,0.9733147465896644,0.9484600099354197,0.8560666872491509,0.8263229308005428,0.9021049267379062,0.05495483680019486
162,9.840958738327027,2.495500690988488,0.02377610206604004,0.0019510108792981614,128,10,3e-05,500,96,384,0.1,4,3,16,0.0001,"{'model__batch_size': 128, 'model__callbacks__early_stopping__patience': 10, 'model__lr': 3e-05, 'model__max_epochs': 500, 'model__module__d_model': 96, 'model__module__dim_feedforward': 384, 'model__module__dropout': 0.1, 'model__module__nhead': 4, 'model__module__num_layers': 3, 'model__module__patch_size': 16, 'model__optimizer__weight_decay': 0.0001}",0.8655311519497983,0.8771929824561404,0.7301587301587302,0.8446568794810516,0.8201058201058201,0.8275291128303082,0.052421583361009244,58,0.9108643457382953,0.8904525547445254,0.9167224080267559,0.849109936346963,0.8447125429669071,0.8823723575646893,0.030270973701224863
163,6.559072732925415,1.8767319956284472,0.020934486389160158,0.001917376749438492,128,10,3e-05,500,96,384,0.1,4,3,32,0.0001,"{'model__batch_size': 128, 'model__callbacks__early_stopping__patience': 10, 'model__lr': 3e-05, 'model__max_epochs': 500, 'model__module__d_model': 96, 'model__module__dim_feedforward': 384, 'model__module__dropout': 0.1, 'model__module__nhead': 4, 'model__module__num_layers': 3, 'model__module__patch_size': 32, 'model__optimizer__weight_decay': 0.0001}",0.8655311519497983,0.8961038961038961,0.7354497354497355,0.8446568794810516,0.8716981132075472,0.8426879552384058,0.05607241048154058,16,0.8790477761284292,0.8904525547445254,0.9533872745803607,0.8544247142827404,0.8412555862039472,0.8837135811880005,0.03894130484470701
164,9.905041408538818,1.4148320262647462,0.02251434326171875,0.0023959721105162157,128,10,3e-05,500,96,384,0.25,4,2,16,0.0001,"{'model__batch_size': 128, 'model__callbacks__early_stopping__patience': 10, 'model__lr': 3e-05, 'model__max_epochs': 500, 'model__module__d_model': 96, 'model__module__dim_feedforward': 384, 'model__module__dropout': 0.25, 'model__module__nhead': 4, 'model__module__num_layers': 2, 'model__module__patch_size': 16, 'model__optimizer__weight_decay': 0.0001}",0.8330241187384044,0.8961038961038961,0.6864548494983278,0.6933962264150944,0.8466000644537544,0.7911158310418954,0.08527642197758911,229,0.8855527283008199,0.9103131951416367,0.9175360158966717,0.8155788110907325,0.8568355846167083,0.8771632670093139,0.037430253888809877
165,5.338625097274781,2.3814970693473887,0.01934080123901367,0.0017538903594139308,128,10,3e-05,500,96,384,0.25,4,2,32,0.0001,"{'model__batch_size': 128, 'model__callbacks__early_stopping__patience': 10, 'model__lr': 3e-05, 'model__max_epochs': 500, 'model__module__d_model': 96, 'model__module__dim_feedforward': 384, 'model__module__dropout': 0.25, 'model__module__nhead': 4, 'model__module__num_layers': 2, 'model__module__patch_size': 32, 'model__optimizer__weight_decay': 0.0001}",0.8655311519497983,0.8587387387387387,0.7147012754531215,0.8179271708683473,0.423728813559322,0.7361254301138656,0.1652404487551003,281,0.8877032050452183,0.9103131951416367,0.9326705077271876,0.8515637792696905,0.4311111111111111,0.8026723596589689,0.18770425938996063
166,10.291593742370605,1.4129560734923627,0.023342466354370116,0.002960253301423097,128,10,3e-05,500,96,384,0.25,4,3,16,0.0001,"{'model__batch_size': 128, 'model__callbacks__early_stopping__patience': 10, 'model__lr': 3e-05, 'model__max_epochs': 500, 'model__module__d_model': 96, 'model__module__dim_feedforward': 384, 'model__module__dropout': 0.25, 'model__module__nhead': 4, 'model__module__num_layers': 3, 'model__module__patch_size': 16, 'model__optimizer__weight_decay': 0.0001}",0.8655311519497983,0.806674338319908,0.7613636363636364,0.7896440129449838,0.7304504504504505,0.7907327180057554,0.045489825226180246,230,0.8799909084021518,0.8742631009934112,0.9430288911537741,0.8178272268047829,0.763883495145631,0.8557987244999502,0.06070509197781566
167,6.370378541946411,2.1150686745391494,0.02219367027282715,0.0009809676620546187,128,10,3e-05,500,96,384,0.25,4,3,32,0.0001,"{'model__batch_size': 128, 'model__callbacks__early_stopping__patience': 10, 'model__lr': 3e-05, 'model__max_epochs': 500, 'model__module__d_model': 96, 'model__module__dim_feedforward': 384, 'model__module__dropout': 0.25, 'model__module__nhead': 4, 'model__module__num_layers': 3, 'model__module__patch_size': 32, 'model__optimizer__weight_decay': 0.0001}",0.8655311519497983,0.8587387387387387,0.710548885077187,0.87,0.8466000644537544,0.8302837680438959,0.060385604638574786,51,0.9072330824286585,0.9076286764705883,0.9381520119225037,0.8621663664647126,0.8332097683718631,0.8896779811316652,0.03721743865361735
168,9.25500717163086,1.7734663243424031,0.023740673065185548,0.002722913852603765,128,10,3e-05,500,128,128,0.1,4,2,16,0.0001,"{'model__batch_size': 128, 'model__callbacks__early_stopping__patience': 10, 'model__lr': 3e-05, 'model__max_epochs': 500, 'model__module__d_model': 128, 'model__module__dim_feedforward': 128, 'model__module__dropout': 0.1, 'model__module__nhead': 4, 'model__module__num_layers': 2, 'model__module__patch_size': 16, 'model__optimizer__weight_decay': 0.0001}",0.8556998556998556,0.8545454545454545,0.710548885077187,0.8179271708683473,0.8201058201058201,0.811765437259333,0.05312754913497007,126,0.8974681437369385,0.9199442397689933,0.9271321070234114,0.8244067796610169,0.8426480296856148,0.8823198599751949,0.04142699827722582
169,6.063997745513916,1.0426147332407045,0.023465967178344725,0.003335995857201376,128,10,3e-05,500,128,128,0.1,4,2,32,0.0001,"{'model__batch_size': 128, 'model__callbacks__early_stopping__patience': 10, 'model__lr': 3e-05, 'model__max_epochs': 500, 'model__module__d_model': 128, 'model__module__dim_feedforward': 128, 'model__module__dropout': 0.1, 'model__module__nhead': 4, 'model__module__num_layers': 2, 'model__module__patch_size': 32, 'model__optimizer__weight_decay': 0.0001}",0.8655311519497983,0.8990990990990991,0.7228863290589003,0.8756377551020409,0.7622377622377623,0.8250784194895202,0.06937420636138363,71,0.9018952062430323,0.9575512790053061,0.9529211571185479,0.8621663664647126,0.846696386985162,0.9042460791633522,0.04538480679308222
170,9.372025442123412,1.8200868675095725,0.024762964248657225,0.001897031421099047,128,10,3e-05,500,128,128,0.1,4,3,16,0.0001,"{'model__batch_size': 128, 'model__callbacks__early_stopping__patience': 10, 'model__lr': 3e-05, 'model__max_epochs': 500, 'model__module__d_model': 128, 'model__module__dim_feedforward': 128, 'model__module__dropout': 0.1, 'model__module__nhead': 4, 'model__module__num_layers': 3, 'model__module__patch_size': 16, 'model__optimizer__weight_decay': 0.0001}",0.8556998556998556,0.8771929824561404,0.6902847207128885,0.7596153846153846,0.8466000644537544,0.8058786015876047,0.07032548095567645,159,0.8844199105358332,0.9092701384048592,0.926393581081081,0.8509495492039133,0.8309923281808456,0.8804051014813064,0.03542174764025693
171,5.737961149215698,0.9188017860797795,0.022090625762939454,0.0031807446724622553,128,10,3e-05,500,128,128,0.1,4,3,32,0.0001,"{'model__batch_size': 128, 'model__callbacks__early_stopping__patience': 10, 'model__lr': 3e-05, 'model__max_epochs': 500, 'model__module__d_model': 128, 'model__module__dim_feedforward': 128, 'model__module__dropout': 0.1, 'model__module__nhead': 4, 'model__module__num_layers': 3, 'model__module__patch_size': 32, 'model__optimizer__weight_decay': 0.0001}",0.888682745825603,0.8961038961038961,0.7228863290589003,0.7896440129449838,0.8466000644537544,0.8287834096774276,0.0650899310357812,54,0.8930780559646538,0.8845912934544315,0.9424591920337808,0.8555927260250471,0.86151682354214,0.8874476182040107,0.030832690259558218
172,9.61537594795227,1.689497230068991,0.024175024032592772,0.0024736026492553033,128,10,3e-05,500,128,128,0.25,4,2,16,0.0001,"{'model__batch_size': 128, 'model__callbacks__early_stopping__patience': 10, 'model__lr': 3e-05, 'model__max_epochs': 500, 'model__module__d_model': 128, 'model__module__dim_feedforward': 128, 'model__module__dropout': 0.25, 'model__module__nhead': 4, 'model__module__num_layers': 2, 'model__module__patch_size': 16, 'model__optimizer__weight_decay': 0.0001}",0.8556998556998556,0.8961038961038961,0.6666666666666667,0.8179271708683473,0.8201058201058201,0.8113006818889172,0.07772169703603873,131,0.8822742474916387,0.9044903777619386,0.9271321070234114,0.8498923662858089,0.8693877551020408,0.8866353707329677,0.02692706795350927
173,6.502080631256104,1.732298589850163,0.02082371711730957,0.002088459853537449,128,10,3e-05,500,128,128,0.25,4,2,32,0.0001,"{'model__batch_size': 128, 'model__callbacks__early_stopping__patience': 10, 'model__lr': 3e-05, 'model__max_epochs': 500, 'model__module__d_model': 128, 'model__module__dim_feedforward': 128, 'model__module__dropout': 0.25, 'model__module__nhead': 4, 'model__module__num_layers': 2, 'model__module__patch_size': 32, 'model__optimizer__weight_decay': 0.0001}",0.8330241187384044,0.8961038961038961,0.6902847207128885,0.6933962264150944,0.8466000644537544,0.7918818052848076,0.08434500447129345,226,0.8877032050452183,0.9273712737127371,0.9741040414335338,0.8399087750708698,0.8628571428571428,0.8983888876239003,0.04768516641970818
174,8.8687509059906,3.7859470891266986,0.023681497573852538,0.003423026850669788,128,10,3e-05,500,128,128,0.25,4,3,16,0.0001,"{'model__batch_size': 128, 'model__callbacks__early_stopping__patience': 10, 'model__lr': 3e-05, 'model__max_epochs': 500, 'model__module__d_model': 128, 'model__module__dim_feedforward': 128, 'model__module__dropout': 0.25, 'model__module__nhead': 4, 'model__module__num_layers': 3, 'model__module__patch_size': 16, 'model__optimizer__weight_decay': 0.0001}",0.8330241187384044,0.8961038961038961,0.6864548494983278,0.9170918367346939,0.423728813559322,0.7512807029269288,0.18256051429931552,272,0.8724637681159421,0.8892104175279041,0.9326705077271876,0.8347432335082845,0.4298440979955457,0.7917864049749729,0.1836824043030907
175,5.561595726013183,2.4481071929836604,0.021364641189575196,0.0013289789110680918,128,10,3e-05,500,128,128,0.25,4,3,32,0.0001,"{'model__batch_size': 128, 'model__callbacks__early_stopping__patience': 10, 'model__lr': 3e-05, 'model__max_epochs': 500, 'model__module__d_model': 128, 'model__module__dim_feedforward': 128, 'model__module__dropout': 0.25, 'model__module__nhead': 4, 'model__module__num_layers': 3, 'model__module__patch_size': 32, 'model__optimizer__weight_decay': 0.0001}",0.8330241187384044,0.8771929824561404,0.6864548494983278,0.7596153846153846,0.423728813559322,0.7160032297735158,0.15992215983046534,286,0.8887239540381549,0.9321849148418492,0.9271321070234114,0.8713363139592648,0.4311111111111111,0.8100976801947584,0.19087452982339964
176,8.792523908615113,2.4571839781264386,0.022615718841552734,0.0026109314648288967,128,10,3e-05,500,128,256,0.1,4,2,16,0.0001,"{'model__batch_size': 128, 'model__callbacks__early_stopping__patience': 10, 'model__lr': 3e-05, 'model__max_epochs': 500, 'model__module__d_model': 128, 'model__module__dim_feedforward': 256, 'model__module__dropout': 0.1, 'model__module__nhead': 4, 'model__module__num_layers': 2, 'model__module__patch_size': 16, 'model__optimizer__weight_decay': 0.0001}",0.8330241187384044,0.8545454545454545,0.6864548494983278,0.8446568794810516,0.8466000644537544,0.8130562733433985,0.06367381213098113,121,0.8811524609843937,0.9179976745609204,0.9101598149287943,0.8284484186123531,0.8447125429669071,0.8764941824106737,0.03520250632406364
177,6.252353048324585,1.7838680313377948,0.020485877990722656,0.002777253304049746,128,10,3e-05,500,128,256,0.1,4,2,32,0.0001,"{'model__batch_size': 128, 'model__callbacks__early_stopping__patience': 10, 'model__lr': 3e-05, 'model__max_epochs': 500, 'model__module__d_model': 128, 'model__module__dim_feedforward': 256, 'model__module__dropout': 0.1, 'model__module__nhead': 4, 'model__module__num_layers': 2, 'model__module__patch_size': 32, 'model__optimizer__weight_decay': 0.0001}",0.84375,0.8623112047769581,0.7354497354497355,0.7596153846153846,0.7920489296636086,0.7986350509011373,0.04826656532903553,202,0.8887239540381549,0.9893878197513265,0.9430288911537741,0.8590033500837522,0.8694080333577305,0.9099104096769477,0.04918196749607531
178,8.962699699401856,1.0997707278549005,0.024266862869262697,0.003141037365104489,128,10,3e-05,500,128,256,0.1,4,3,16,0.0001,"{'model__batch_size': 128, 'model__callbacks__early_stopping__patience': 10, 'model__lr': 3e-05, 'model__max_epochs': 500, 'model__module__d_model': 128, 'model__module__dim_feedforward': 256, 'model__module__dropout': 0.1, 'model__module__nhead': 4, 'model__module__num_layers': 3, 'model__module__patch_size': 16, 'model__optimizer__weight_decay': 0.0001}",0.8117436127297176,0.8771929824561404,0.6746539971080355,0.9170918367346939,0.8466000644537544,0.8254564986964684,0.08300624919726675,70,0.8965034442847275,0.8926282051282051,0.9381520119225037,0.8220746507900161,0.7948717948717949,0.8688460213994494,0.05252350507152925
179,5.17807559967041,1.0852513893194116,0.02227959632873535,0.0025009304930106507,128,10,3e-05,500,128,256,0.1,4,3,32,0.0001,"{'model__batch_size': 128, 'model__callbacks__early_stopping__patience': 10, 'model__lr': 3e-05, 'model__max_epochs': 500, 'model__module__d_model': 128, 'model__module__dim_feedforward': 256, 'model__module__dropout': 0.1, 'model__module__nhead': 4, 'model__module__num_layers': 3, 'model__module__patch_size': 32, 'model__optimizer__weight_decay': 0.0001}",0.7773654916512059,0.8961038961038961,0.7554879374049119,0.8179271708683473,0.8201058201058201,0.8133980632268363,0.04807845774840979,118,0.8897102897102898,0.9208645839485029,0.9375418060200669,0.8454049603787177,0.8400000000000001,0.8867043280115154,0.03910841363072947
180,9.568621301651001,1.5952379149511842,0.023550128936767577,0.0022815577243252543,128,10,3e-05,500,128,256,0.25,4,2,16,0.0001,"{'model__batch_size': 128, 'model__callbacks__early_stopping__patience': 10, 'model__lr': 3e-05, 'model__max_epochs': 500, 'model__module__d_model': 128, 'model__module__dim_feedforward': 256, 'model__module__dropout': 0.25, 'model__module__nhead': 4, 'model__module__num_layers': 2, 'model__module__patch_size': 16, 'model__optimizer__weight_decay': 0.0001}",0.84375,0.8771929824561404,0.7427101200686106,0.6933962264150944,0.8466000644537544,0.8007298786787199,0.0702683660237445,197,0.8790477761284292,0.9066202090592335,0.9375418060200669,0.7792854801704359,0.8400000000000001,0.868499054275633,0.05495936215502393
181,6.40361270904541,1.1680713198181505,0.021944379806518553,0.0007095347104526709,128,10,3e-05,500,128,256,0.25,4,2,32,0.0001,"{'model__batch_size': 128, 'model__callbacks__early_stopping__patience': 10, 'model__lr': 3e-05, 'model__max_epochs': 500, 'model__module__d_model': 128, 'model__module__dim_feedforward': 256, 'model__module__dropout': 0.25, 'model__module__nhead': 4, 'model__module__num_layers': 2, 'model__module__patch_size': 32, 'model__optimizer__weight_decay': 0.0001}",0.8556998556998556,0.8771929824561404,0.7354497354497355,0.6933962264150944,0.8716981132075472,0.8066873826456746,0.07682362353571148,154,0.9260738887748055,0.9008856447688565,0.9424591920337808,0.8379328945948862,0.8601092896174863,0.893492181957963,0.03928167740947117
182,7.8861137390136715,3.1658908059335005,0.02529587745666504,0.002611568525596632,128,10,3e-05,500,128,256,0.25,4,3,16,0.0001,"{'model__batch_size': 128, 'model__callbacks__early_stopping__patience': 10, 'model__lr': 3e-05, 'model__max_epochs': 500, 'model__module__d_model': 128, 'model__module__dim_feedforward': 256, 'model__module__dropout': 0.25, 'model__module__nhead': 4, 'model__module__num_layers': 3, 'model__module__patch_size': 16, 'model__optimizer__weight_decay': 0.0001}",0.8117436127297176,0.8771929824561404,0.6746539971080355,0.8179271708683473,0.423728813559322,0.7210493153443125,0.16281500273882707,285,0.8712484993997599,0.8892104175279041,0.9278440139095876,0.826465661641541,0.4311111111111111,0.7891759407179807,0.18197394398640462
183,3.060002851486206,2.793078273389395,0.023554897308349608,0.003622445776080155,128,10,3e-05,500,128,256,0.25,4,3,32,0.0001,"{'model__batch_size': 128, 'model__callbacks__early_stopping__patience': 10, 'model__lr': 3e-05, 'model__max_epochs': 500, 'model__module__d_model': 128, 'model__module__dim_feedforward': 256, 'model__module__dropout': 0.25, 'model__module__nhead': 4, 'model__module__num_layers': 3, 'model__module__patch_size': 32, 'model__optimizer__weight_decay': 0.0001}",0.44954128440366975,0.3978494623655914,0.6864548494983278,0.8446568794810516,0.423728813559322,0.5604462578615925,0.17554665090932856,288,0.42483660130718953,0.4357894736842105,0.9215352618642465,0.8303586048796463,0.4311111111111111,0.6087262105692808,0.22010908554367217
184,7.739180231094361,3.229102576581292,0.024407052993774415,0.0024228502203335407,128,10,3e-05,500,128,384,0.1,4,2,16,0.0001,"{'model__batch_size': 128, 'model__callbacks__early_stopping__patience': 10, 'model__lr': 3e-05, 'model__max_epochs': 500, 'model__module__d_model': 128, 'model__module__dim_feedforward': 384, 'model__module__dropout': 0.1, 'model__module__nhead': 4, 'model__module__num_layers': 2, 'model__module__patch_size': 16, 'model__optimizer__weight_decay': 0.0001}",0.8556998556998556,0.9155354449472096,0.717809364548495,0.87,0.423728813559322,0.7565546957509766,0.17902443797374756,268,0.9054566016398078,0.9092701384048592,0.9215352618642465,0.8606143401225368,0.4311111111111111,0.8055974906285123,0.18837639391406416
185,5.689345407485962,1.199293188102973,0.022302961349487303,0.0020733183504981893,128,10,3e-05,500,128,384,0.1,4,2,32,0.0001,"{'model__batch_size': 128, 'model__callbacks__early_stopping__patience': 10, 'model__lr': 3e-05, 'model__max_epochs': 500, 'model__module__d_model': 128, 'model__module__dim_feedforward': 384, 'model__module__dropout': 0.1, 'model__module__nhead': 4, 'model__module__num_layers': 2, 'model__module__patch_size': 32, 'model__optimizer__weight_decay': 0.0001}",0.84375,0.8771929824561404,0.7482658312821661,0.7276190476190476,0.8466000644537544,0.8086855851622218,0.05930027753732024,146,0.8736377025036819,0.9265580958346382,0.9424591920337808,0.8244067796610169,0.8285714285714285,0.8791266397209092,0.04866410607963256
186,7.652809572219849,3.2620822294725795,0.02543668746948242,0.0028379698201990884,128,10,3e-05,500,128,384,0.1,4,3,16,0.0001,"{'model__batch_size': 128, 'model__callbacks__early_stopping__patience': 10, 'model__lr': 3e-05, 'model__max_epochs': 500, 'model__module__d_model': 128, 'model__module__dim_feedforward': 384, 'model__module__dropout': 0.1, 'model__module__nhead': 4, 'model__module__num_layers': 3, 'model__module__patch_size': 16, 'model__optimizer__weight_decay': 0.0001}",0.44954128440366975,0.8961038961038961,0.6936274509803921,0.7896440129449838,0.8716981132075472,0.7401229515280978,0.16167495205230778,279,0.42483660130718953,0.8938781975132652,0.9271321070234114,0.8312923397602918,0.8286835121726087,0.7811645515553534,0.1820721549995866
187,5.438786602020263,0.9448653478591138,0.023612213134765626,0.004800031053557893,128,10,3e-05,500,128,384,0.1,4,3,32,0.0001,"{'model__batch_size': 128, 'model__callbacks__early_stopping__patience': 10, 'model__lr': 3e-05, 'model__max_epochs': 500, 'model__module__d_model': 128, 'model__module__dim_feedforward': 384, 'model__module__dropout': 0.1, 'model__module__nhead': 4, 'model__module__num_layers': 3, 'model__module__patch_size': 32, 'model__optimizer__weight_decay': 0.0001}",0.7773654916512059,0.8961038961038961,0.7354497354497355,0.87,0.8201058201058201,0.8198049886621316,0.0587504427058061,88,0.8705294705294705,0.8926282051282051,0.93331960037079,0.839170392449081,0.8028567879766488,0.8677008912908392,0.044618233752034435
188,8.671096658706665,1.5895786422199307,0.023566389083862306,0.0021857290535481693,128,10,3e-05,500,128,384,0.25,4,2,16,0.0001,"{'model__batch_size': 128, 'model__callbacks__early_stopping__patience': 10, 'model__lr': 3e-05, 'model__max_epochs': 500, 'model__module__d_model': 128, 'model__module__dim_feedforward': 384, 'model__module__dropout': 0.25, 'model__module__nhead': 4, 'model__module__num_layers': 2, 'model__module__patch_size': 16, 'model__optimizer__weight_decay': 0.0001}",0.8330241187384044,0.8961038961038961,0.717809364548495,0.8179271708683473,0.8466000644537544,0.8222929229425795,0.05846354285627401,80,0.8833578792341679,0.9055746946445349,0.9326705077271876,0.8112912962924412,0.8677180921569949,0.8801224940110653,0.04077052598354754
189,4.448315715789795,1.9223495692150205,0.02078671455383301,0.0022267231793300073,128,10,3e-05,500,128,384,0.25,4,2,32,0.0001,"{'model__batch_size': 128, 'model__callbacks__early_stopping__patience': 10, 'model__lr': 3e-05, 'model__max_epochs': 500, 'model__module__d_model': 128, 'model__module__dim_feedforward': 384, 'model__module__dropout': 0.25, 'model__module__nhead': 4, 'model__module__num_layers': 2, 'model__module__patch_size': 32, 'model__optimizer__weight_decay': 0.0001}",0.84375,0.8961038961038961,0.7228863290589003,0.6566436407964242,0.423728813559322,0.7086225359037085,0.16581820547732118,287,0.8940378019411808,0.9055746946445349,0.9271321070234114,0.8399087750708698,0.4311111111111111,0.7995528979582216,0.18645236397084652
190,8.022007036209107,3.5654757184185915,0.024321269989013673,0.0020168642305405395,128,10,3e-05,500,128,384,0.25,4,3,16,0.0001,"{'model__batch_size': 128, 'model__callbacks__early_stopping__patience': 10, 'model__lr': 3e-05, 'model__max_epochs': 500, 'model__module__d_model': 128, 'model__module__dim_feedforward': 384, 'model__module__dropout': 0.25, 'model__module__nhead': 4, 'model__module__num_layers': 3, 'model__module__patch_size': 16, 'model__optimizer__weight_decay': 0.0001}",0.44954128440366975,0.8961038961038961,0.6936274509803921,0.8941023134571522,0.8955453149001535,0.7657840519690527,0.17635355764360527,263,0.42483660130718953,0.8926282051282051,0.9319972269490138,0.8544247142827404,0.8379014020805066,0.7883576299495311,0.18464651089512027
191,5.773510360717774,0.4960820917483084,0.02102341651916504,0.002695510424492627,128,10,3e-05,500,128,384,0.25,4,3,32,0.0001,"{'model__batch_size': 128, 'model__callbacks__early_stopping__patience': 10, 'model__lr': 3e-05, 'model__max_epochs': 500, 'model__module__d_model': 128, 'model__module__dim_feedforward': 384, 'model__module__dropout': 0.25, 'model__module__nhead': 4, 'model__module__num_layers': 3, 'model__module__patch_size': 32, 'model__optimizer__weight_decay': 0.0001}",0.8655311519497983,0.8771929824561404,0.7427101200686106,0.7896440129449838,0.8955453149001535,0.8341247164639374,0.05822180185708299,38,0.8747719477486682,0.9076286764705883,0.9326705077271876,0.8560666872491509,0.8310708898944192,0.8804417418180028,0.03614068143763746
192,4.906120824813843,0.8828384564934889,0.025438547134399414,0.006646454057320247,128,10,0.0001,500,96,128,0.1,4,2,16,0.0001,"{'model__batch_size': 128, 'model__callbacks__early_stopping__patience': 10, 'model__lr': 0.0001, 'model__max_epochs': 500, 'model__module__d_model': 96, 'model__module__dim_feedforward': 128, 'model__module__dropout': 0.1, 'model__module__nhead': 4, 'model__module__num_layers': 2, 'model__module__patch_size': 16, 'model__optimizer__weight_decay': 0.0001}",0.8330241187384044,0.8961038961038961,0.7427101200686106,0.7596153846153846,0.7920489296636086,0.8047004898379807,0.055122309935311045,170,0.8656488549618321,0.891330792312059,0.9136210590756045,0.8244067796610169,0.7977507203271679,0.858551641267536,0.04247377431890651
193,3.567931365966797,0.6890189114007721,0.022623682022094728,0.005017326525528725,128,10,0.0001,500,96,128,0.1,4,2,32,0.0001,"{'model__batch_size': 128, 'model__callbacks__early_stopping__patience': 10, 'model__lr': 0.0001, 'model__max_epochs': 500, 'model__module__d_model': 96, 'model__module__dim_feedforward': 128, 'model__module__dropout': 0.1, 'model__module__nhead': 4, 'model__module__num_layers': 2, 'model__module__patch_size': 32, 'model__optimizer__weight_decay': 0.0001}",0.8556998556998556,0.8961038961038961,0.7272727272727273,0.8266666666666667,0.8955453149001535,0.8402576921286599,0.06223230415552859,20,0.8930780559646538,0.9044903777619386,0.9215352618642465,0.8498923662858089,0.8585034013605441,0.8854998926474383,0.027251867437427565
194,5.208825731277466,1.3067578150725654,0.023828506469726562,0.00328153042288166,128,10,0.0001,500,96,128,0.1,4,3,16,0.0001,"{'model__batch_size': 128, 'model__callbacks__early_stopping__patience': 10, 'model__lr': 0.0001, 'model__max_epochs': 500, 'model__module__d_model': 96, 'model__module__dim_feedforward': 128, 'model__module__dropout': 0.1, 'model__module__nhead': 4, 'model__module__num_layers': 3, 'model__module__patch_size': 16, 'model__optimizer__weight_decay': 0.0001}",0.84375,0.8925968546221711,0.7301587301587302,0.7276190476190476,0.7622377622377623,0.7912724789275423,0.06580301468321197,228,0.8866466294547015,0.93704979642969,0.9326705077271876,0.8178272268047829,0.8088217580882175,0.8766031837009158,0.054675668050064866
195,2.624836874008179,0.5258190697201132,0.02142510414123535,0.0028149749340830406,128,10,0.0001,500,96,128,0.1,4,3,32,0.0001,"{'model__batch_size': 128, 'model__callbacks__early_stopping__patience': 10, 'model__lr': 0.0001, 'model__max_epochs': 500, 'model__module__d_model': 96, 'model__module__dim_feedforward': 128, 'model__module__dropout': 0.1, 'model__module__nhead': 4, 'model__module__num_layers': 3, 'model__module__patch_size': 32, 'model__optimizer__weight_decay': 0.0001}",0.82,0.8961038961038961,0.7613636363636364,0.8266666666666667,0.8201058201058201,0.8248480038480037,0.042794780238894596,73,0.9169980211203788,0.93704979642969,0.9326705077271876,0.8544247142827404,0.809647736778511,0.8901581552677016,0.04997061298688314
196,4.924674129486084,0.6438072724331679,0.02156987190246582,0.0022678933114696903,128,10,0.0001,500,96,128,0.25,4,2,16,0.0001,"{'model__batch_size': 128, 'model__callbacks__early_stopping__patience': 10, 'model__lr': 0.0001, 'model__max_epochs': 500, 'model__module__d_model': 96, 'model__module__dim_feedforward': 128, 'model__module__dropout': 0.25, 'model__module__nhead': 4, 'model__module__num_layers': 2, 'model__module__patch_size': 16, 'model__optimizer__weight_decay': 0.0001}",0.8330241187384044,0.9181286549707601,0.7301587301587302,0.7596153846153846,0.8201058201058201,0.8122065417178199,0.06513514776990487,123,0.8712484993997599,0.9141025641025642,0.9278440139095876,0.8005079417948664,0.8568355846167083,0.8741077207646972,0.04518983512452872
197,2.9452107906341554,0.5015346162378204,0.0202608585357666,0.003212186844317984,128,10,0.0001,500,96,128,0.25,4,2,32,0.0001,"{'model__batch_size': 128, 'model__callbacks__early_stopping__patience': 10, 'model__lr': 0.0001, 'model__max_epochs': 500, 'model__module__d_model': 96, 'model__module__dim_feedforward': 128, 'model__module__dropout': 0.25, 'model__module__nhead': 4, 'model__module__num_layers': 2, 'model__module__patch_size': 32, 'model__optimizer__weight_decay': 0.0001}",0.8655311519497983,0.8771929824561404,0.7023809523809523,0.800273130761352,0.8289308176100629,0.8148618070316612,0.062474422192060834,112,0.8993006993006993,0.932926477099898,0.9207292484665832,0.8481574539363484,0.814744459520579,0.8831716676648217,0.04484314122929273
198,4.33924880027771,1.6959604757107793,0.022638654708862303,0.0029204178349433027,128,10,0.0001,500,96,128,0.25,4,3,16,0.0001,"{'model__batch_size': 128, 'model__callbacks__early_stopping__patience': 10, 'model__lr': 0.0001, 'model__max_epochs': 500, 'model__module__d_model': 96, 'model__module__dim_feedforward': 128, 'model__module__dropout': 0.25, 'model__module__nhead': 4, 'model__module__num_layers': 3, 'model__module__patch_size': 16, 'model__optimizer__weight_decay': 0.0001}",0.8117436127297176,0.8961038961038961,0.7023809523809523,0.7896440129449838,0.423728813559322,0.7247202575437743,0.16263788232532095,283,0.8656488549618321,0.9066202090592335,0.9387403641134984,0.8303586048796463,0.42857142857142855,0.7939878923171277,0.18634732686128666
199,2.517469644546509,0.5492619137888186,0.02125239372253418,0.0021925736258862315,128,10,0.0001,500,96,128,0.25,4,3,32,0.0001,"{'model__batch_size': 128, 'model__callbacks__early_stopping__patience': 10, 'model__lr': 0.0001, 'model__max_epochs': 500, 'model__module__d_model': 96, 'model__module__dim_feedforward': 128, 'model__module__dropout': 0.25, 'model__module__nhead': 4, 'model__module__num_layers': 3, 'model__module__patch_size': 32, 'model__optimizer__weight_decay': 0.0001}",0.8117436127297176,0.9155354449472096,0.7228863290589003,0.8941023134571522,0.8466000644537544,0.8381735529293468,0.06807874912767048,25,0.86746037438141,0.9412924424972617,0.93331960037079,0.8544247142827404,0.8193366266760762,0.8831667516416557,0.04699145459419798
200,3.6780641078948975,0.48403632047814543,0.021630144119262694,0.002138041876742593,128,10,0.0001,500,96,256,0.1,4,2,16,0.0001,"{'model__batch_size': 128, 'model__callbacks__early_stopping__patience': 10, 'model__lr': 0.0001, 'model__max_epochs': 500, 'model__module__d_model': 96, 'model__module__dim_feedforward': 256, 'model__module__dropout': 0.1, 'model__module__nhead': 4, 'model__module__num_layers': 2, 'model__module__patch_size': 16, 'model__optimizer__weight_decay': 0.0001}",0.8556998556998556,0.8733031674208145,0.7301587301587302,0.7596153846153846,0.8466000644537544,0.8130754404697079,0.057098649198422835,120,0.9072330824286585,0.8997618063347703,0.9271321070234114,0.8024576271186441,0.8533015956977872,0.8779772437206542,0.04485258509868272
201,2.6563520431518555,0.4176986265761954,0.019980955123901366,0.002218175729696522,128,10,0.0001,500,96,256,0.1,4,2,32,0.0001,"{'model__batch_size': 128, 'model__callbacks__early_stopping__patience': 10, 'model__lr': 0.0001, 'model__max_epochs': 500, 'model__module__d_model': 96, 'model__module__dim_feedforward': 256, 'model__module__dropout': 0.1, 'model__module__nhead': 4, 'model__module__num_layers': 2, 'model__module__patch_size': 32, 'model__optimizer__weight_decay': 0.0001}",0.82,0.8733031674208145,0.7613636363636364,0.8941023134571522,0.9182692307692308,0.8534076696021667,0.056297572651097395,3,0.8626532887402453,0.9055746946445349,0.9424591920337808,0.8904686146968201,0.8493484657419084,0.8901008511714579,0.0328484293119441
202,4.705524110794068,1.3226608835844194,0.02306685447692871,0.0028499629567404405,128,10,0.0001,500,96,256,0.1,4,3,16,0.0001,"{'model__batch_size': 128, 'model__callbacks__early_stopping__patience': 10, 'model__lr': 0.0001, 'model__max_epochs': 500, 'model__module__d_model': 96, 'model__module__dim_feedforward': 256, 'model__module__dropout': 0.1, 'model__module__nhead': 4, 'model__module__num_layers': 3, 'model__module__patch_size': 16, 'model__optimizer__weight_decay': 0.0001}",0.8330241187384044,0.8771929824561404,0.717809364548495,0.6933962264150944,0.7920489296636086,0.7826943243643486,0.06889818797450134,244,0.875600791631326,0.9226074735768053,0.9175360158966717,0.8155788110907325,0.8190045248868778,0.8700655234164826,0.04608854688115286
203,3.314277505874634,0.8585505099890904,0.021144294738769533,0.002305195005138644,128,10,0.0001,500,96,256,0.1,4,3,32,0.0001,"{'model__batch_size': 128, 'model__callbacks__early_stopping__patience': 10, 'model__lr': 0.0001, 'model__max_epochs': 500, 'model__module__d_model': 96, 'model__module__dim_feedforward': 256, 'model__module__dropout': 0.1, 'model__module__nhead': 4, 'model__module__num_layers': 3, 'model__module__patch_size': 32, 'model__optimizer__weight_decay': 0.0001}",0.84375,0.8771929824561404,0.6746539971080355,0.7596153846153846,0.8201058201058201,0.795063636857076,0.07141115072306732,213,0.8790477761284292,0.9733147465896644,0.9441077441077441,0.8531746031746033,0.8282808611922536,0.8955851462385389,0.0547692228052409
204,4.068579292297363,0.5462744984137805,0.021189308166503905,0.001525705026613839,128,10,0.0001,500,96,256,0.25,4,2,16,0.0001,"{'model__batch_size': 128, 'model__callbacks__early_stopping__patience': 10, 'model__lr': 0.0001, 'model__max_epochs': 500, 'model__module__d_model': 96, 'model__module__dim_feedforward': 256, 'model__module__dropout': 0.25, 'model__module__nhead': 4, 'model__module__num_layers': 2, 'model__module__patch_size': 16, 'model__optimizer__weight_decay': 0.0001}",0.8330241187384044,0.8925968546221711,0.6936274509803921,0.5740498034076016,0.7622377622377623,0.7511071979972662,0.11091152924007429,273,0.8585858585858586,0.9239315546184413,0.9230610773509115,0.7938695227050503,0.8193366266760762,0.8637569279872676,0.0529568132847109
205,2.7193033695220947,0.5565815138877251,0.020434856414794922,0.002984204586060942,128,10,0.0001,500,96,256,0.25,4,2,32,0.0001,"{'model__batch_size': 128, 'model__callbacks__early_stopping__patience': 10, 'model__lr': 0.0001, 'model__max_epochs': 500, 'model__module__d_model': 96, 'model__module__dim_feedforward': 256, 'model__module__dropout': 0.25, 'model__module__nhead': 4, 'model__module__num_layers': 2, 'model__module__patch_size': 32, 'model__optimizer__weight_decay': 0.0001}",0.8655311519497983,0.9155354449472096,0.7685185185185185,0.7896440129449838,0.8955453149001535,0.8469548886521328,0.0580451555547375,8,0.8940378019411808,0.9208645839485029,0.9381520119225037,0.8621663664647126,0.8430808902792162,0.8916603309112233,0.03535498029446245
206,4.864832782745362,1.2794173668535704,0.022864341735839844,0.0018805128216431823,128,10,0.0001,500,96,256,0.25,4,3,16,0.0001,"{'model__batch_size': 128, 'model__callbacks__early_stopping__patience': 10, 'model__lr': 0.0001, 'model__max_epochs': 500, 'model__module__d_model': 96, 'model__module__dim_feedforward': 256, 'model__module__dropout': 0.25, 'model__module__nhead': 4, 'model__module__num_layers': 3, 'model__module__patch_size': 16, 'model__optimizer__weight_decay': 0.0001}",0.8231578947368421,0.8733031674208145,0.7301587301587302,0.6933962264150944,0.8027715114405414,0.7845575060344044,0.06475668017189777,242,0.8822742474916387,0.9113187347931874,0.9278440139095876,0.813241560144215,0.823982398239824,0.8717321909156907,0.04588673595135576
207,3.0784156799316404,0.6594467575436905,0.02036905288696289,0.002217168712220937,128,10,0.0001,500,96,256,0.25,4,3,32,0.0001,"{'model__batch_size': 128, 'model__callbacks__early_stopping__patience': 10, 'model__lr': 0.0001, 'model__max_epochs': 500, 'model__module__d_model': 96, 'model__module__dim_feedforward': 256, 'model__module__dropout': 0.25, 'model__module__nhead': 4, 'model__module__num_layers': 3, 'model__module__patch_size': 32, 'model__optimizer__weight_decay': 0.0001}",0.8655311519497983,0.9181286549707601,0.7147012754531215,0.6566436407964242,0.8201058201058201,0.7950221086551849,0.09628704598794277,214,0.9063602591147535,0.9426180048661801,0.9375418060200669,0.8418104083738758,0.8263229308005428,0.8909306818350838,0.04830985587555236
208,3.988339138031006,0.48323617818767695,0.021739864349365236,0.002766704991604145,128,10,0.0001,500,96,384,0.1,4,2,16,0.0001,"{'model__batch_size': 128, 'model__callbacks__early_stopping__patience': 10, 'model__lr': 0.0001, 'model__max_epochs': 500, 'model__module__d_model': 96, 'model__module__dim_feedforward': 384, 'model__module__dropout': 0.1, 'model__module__nhead': 4, 'model__module__num_layers': 2, 'model__module__patch_size': 16, 'model__optimizer__weight_decay': 0.0001}",0.84375,0.9155354449472096,0.6984126984126984,0.7596153846153846,0.8289308176100629,0.8092488691170712,0.07432722630445128,142,0.8787878787878789,0.9113187347931874,0.9271321070234114,0.826465661641541,0.846696386985162,0.8780801538462362,0.03784281933575943
209,2.5904754161834718,0.6038332582758261,0.020691823959350587,0.002205628923434826,128,10,0.0001,500,96,384,0.1,4,2,32,0.0001,"{'model__batch_size': 128, 'model__callbacks__early_stopping__patience': 10, 'model__lr': 0.0001, 'model__max_epochs': 500, 'model__module__d_model': 96, 'model__module__dim_feedforward': 384, 'model__module__dropout': 0.1, 'model__module__nhead': 4, 'model__module__num_layers': 2, 'model__module__patch_size': 32, 'model__optimizer__weight_decay': 0.0001}",0.82,0.8771929824561404,0.7482658312821661,0.9170918367346939,0.8955453149001535,0.8516191930746307,0.06091285695859778,5,0.8811524609843937,0.951966543861396,0.9484600099354197,0.8727689536597347,0.8373891140072282,0.8983474164896345,0.044837755829381244
210,4.1717444896698,0.8687183041478974,0.023865222930908203,0.003567872977315825,128,10,0.0001,500,96,384,0.1,4,3,16,0.0001,"{'model__batch_size': 128, 'model__callbacks__early_stopping__patience': 10, 'model__lr': 0.0001, 'model__max_epochs': 500, 'model__module__d_model': 96, 'model__module__dim_feedforward': 384, 'model__module__dropout': 0.1, 'model__module__nhead': 4, 'model__module__num_layers': 3, 'model__module__patch_size': 16, 'model__optimizer__weight_decay': 0.0001}",0.8655311519497983,0.8961038961038961,0.6902847207128885,0.8446568794810516,0.6964285714285714,0.7986010439352412,0.08749768630337716,203,0.8844199105358332,0.9160663952395867,0.9110732967794795,0.8178272268047829,0.7564102564102564,0.8571594171539878,0.06134702530865402
211,3.115101766586304,1.0235944658569756,0.02125234603881836,0.0018859132917314237,128,10,0.0001,500,96,384,0.1,4,3,32,0.0001,"{'model__batch_size': 128, 'model__callbacks__early_stopping__patience': 10, 'model__lr': 0.0001, 'model__max_epochs': 500, 'model__module__d_model': 96, 'model__module__dim_feedforward': 384, 'model__module__dropout': 0.1, 'model__module__nhead': 4, 'model__module__num_layers': 3, 'model__module__patch_size': 32, 'model__optimizer__weight_decay': 0.0001}",0.8117436127297176,0.8961038961038961,0.7885338345864662,0.7276190476190476,0.7920489296636086,0.8032098641405472,0.05432504005272089,179,0.8779382663534983,0.9151025580106122,0.9789695945945946,0.8621663664647126,0.8193366266760762,0.8907026824198987,0.053771306980467865
212,4.181794309616089,0.9722578782503216,0.02609529495239258,0.009987397816012867,128,10,0.0001,500,96,384,0.25,4,2,16,0.0001,"{'model__batch_size': 128, 'model__callbacks__early_stopping__patience': 10, 'model__lr': 0.0001, 'model__max_epochs': 500, 'model__module__d_model': 96, 'model__module__dim_feedforward': 384, 'model__module__dropout': 0.25, 'model__module__nhead': 4, 'model__module__num_layers': 2, 'model__module__patch_size': 16, 'model__optimizer__weight_decay': 0.0001}",0.8556998556998556,0.8733031674208145,0.717809364548495,0.7896440129449838,0.8716981132075472,0.8216309027643393,0.0602320761193491,82,0.8944703530979348,0.9306183411331276,0.9223121243006012,0.8418104083738758,0.86151682354214,0.890145610089536,0.034197453533197995
213,2.6343897342681886,0.5999584978100766,0.021277856826782227,0.00317289562808767,128,10,0.0001,500,96,384,0.25,4,2,32,0.0001,"{'model__batch_size': 128, 'model__callbacks__early_stopping__patience': 10, 'model__lr': 0.0001, 'model__max_epochs': 500, 'model__module__d_model': 96, 'model__module__dim_feedforward': 384, 'model__module__dropout': 0.25, 'model__module__nhead': 4, 'model__module__num_layers': 2, 'model__module__patch_size': 32, 'model__optimizer__weight_decay': 0.0001}",0.82,0.8771929824561404,0.7954545454545454,0.8179271708683473,0.8716981132075472,0.8364545623973161,0.03223893606329129,31,0.8367220718979513,0.953051094890511,0.9375418060200669,0.8531746031746033,0.8476190476190477,0.8856217247204361,0.04925567990259648
214,4.538807439804077,0.7367895491940458,0.024111843109130858,0.001428072921979046,128,10,0.0001,500,96,384,0.25,4,3,16,0.0001,"{'model__batch_size': 128, 'model__callbacks__early_stopping__patience': 10, 'model__lr': 0.0001, 'model__max_epochs': 500, 'model__module__d_model': 96, 'model__module__dim_feedforward': 384, 'model__module__dropout': 0.25, 'model__module__nhead': 4, 'model__module__num_layers': 3, 'model__module__patch_size': 16, 'model__optimizer__weight_decay': 0.0001}",0.8655311519497983,0.8733031674208145,0.7228863290589003,0.6566436407964242,0.8466000644537544,0.7929928707359384,0.08728266369031834,220,0.8571318129107074,0.8892104175279041,0.9158783783783784,0.8111597186481386,0.8551027516544758,0.8656966158239209,0.035301464910654584
215,3.1683101654052734,0.9327943333968621,0.021191835403442383,0.0020564679131447458,128,10,0.0001,500,96,384,0.25,4,3,32,0.0001,"{'model__batch_size': 128, 'model__callbacks__early_stopping__patience': 10, 'model__lr': 0.0001, 'model__max_epochs': 500, 'model__module__d_model': 96, 'model__module__dim_feedforward': 384, 'model__module__dropout': 0.25, 'model__module__nhead': 4, 'model__module__num_layers': 3, 'model__module__patch_size': 32, 'model__optimizer__weight_decay': 0.0001}",0.8655311519497983,0.8587387387387387,0.7954545454545454,0.7276190476190476,0.8201058201058201,0.8134898607735901,0.04999719394677513,117,0.8724637681159421,0.9217518248175183,0.9738450872880822,0.836559796437659,0.7349896480331263,0.8679220249384656,0.08098466043624529
216,3.774650526046753,0.43827024929972924,0.020859289169311523,0.0018361983188200405,128,10,0.0001,500,128,128,0.1,4,2,16,0.0001,"{'model__batch_size': 128, 'model__callbacks__early_stopping__patience': 10, 'model__lr': 0.0001, 'model__max_epochs': 500, 'model__module__d_model': 128, 'model__module__dim_feedforward': 128, 'model__module__dropout': 0.1, 'model__module__nhead': 4, 'model__module__num_layers': 2, 'model__module__patch_size': 16, 'model__optimizer__weight_decay': 0.0001}",0.8330241187384044,0.8925968546221711,0.6984126984126984,0.8179271708683473,0.8027715114405414,0.8089464708164325,0.06310882312136501,144,0.8811524609843937,0.886584849767245,0.9418681155421611,0.8284484186123531,0.8193598049906985,0.8714827299793704,0.044372134239469806
217,2.566355323791504,0.5548878804770542,0.02069883346557617,0.0030275811490863207,128,10,0.0001,500,128,128,0.1,4,2,32,0.0001,"{'model__batch_size': 128, 'model__callbacks__early_stopping__patience': 10, 'model__lr': 0.0001, 'model__max_epochs': 500, 'model__module__d_model': 128, 'model__module__dim_feedforward': 128, 'model__module__dropout': 0.1, 'model__module__nhead': 4, 'model__module__num_layers': 2, 'model__module__patch_size': 32, 'model__optimizer__weight_decay': 0.0001}",0.888682745825603,0.86875,0.7301587301587302,0.7896440129449838,0.8201058201058201,0.8194682618070275,0.05671934284049141,90,0.9072330824286585,0.9575512790053061,0.9326705077271876,0.8509495492039133,0.8353405637988778,0.8967489964327887,0.046831129740579173
218,4.415021705627441,0.5770074355317187,0.02298264503479004,0.0018696318856275917,128,10,0.0001,500,128,128,0.1,4,3,16,0.0001,"{'model__batch_size': 128, 'model__callbacks__early_stopping__patience': 10, 'model__lr': 0.0001, 'model__max_epochs': 500, 'model__module__d_model': 128, 'model__module__dim_feedforward': 128, 'model__module__dropout': 0.1, 'model__module__nhead': 4, 'model__module__num_layers': 3, 'model__module__patch_size': 16, 'model__optimizer__weight_decay': 0.0001}",0.8117436127297176,0.8771929824561404,0.7228863290589003,0.8446568794810516,0.8201058201058201,0.8153171247663259,0.05151426318605087,111,0.868173327661778,0.9033653846153846,0.9190770230744232,0.8321995464852607,0.8309923281808456,0.8707615220035384,0.035979752595238036
219,2.8516019344329835,0.5825147098782446,0.020493364334106444,0.0015611612046676192,128,10,0.0001,500,128,128,0.1,4,3,32,0.0001,"{'model__batch_size': 128, 'model__callbacks__early_stopping__patience': 10, 'model__lr': 0.0001, 'model__max_epochs': 500, 'model__module__d_model': 128, 'model__module__dim_feedforward': 128, 'model__module__dropout': 0.1, 'model__module__nhead': 4, 'model__module__num_layers': 3, 'model__module__patch_size': 32, 'model__optimizer__weight_decay': 0.0001}",0.7916666666666666,0.8961038961038961,0.7427101200686106,0.9170918367346939,0.8716981132075472,0.8438541265562829,0.06606470952134733,14,0.8897102897102898,0.9239315546184413,0.9630069826177388,0.8531746031746033,0.846696386985162,0.895303963421247,0.0437541002728663
220,3.507568883895874,1.324084498628693,0.020978784561157225,0.0014761832111451717,128,10,0.0001,500,128,128,0.25,4,2,16,0.0001,"{'model__batch_size': 128, 'model__callbacks__early_stopping__patience': 10, 'model__lr': 0.0001, 'model__max_epochs': 500, 'model__module__d_model': 128, 'model__module__dim_feedforward': 128, 'model__module__dropout': 0.25, 'model__module__nhead': 4, 'model__module__num_layers': 2, 'model__module__patch_size': 16, 'model__optimizer__weight_decay': 0.0001}",0.44954128440366975,0.8733031674208145,0.710548885077187,0.87,0.8201058201058201,0.7446998314014983,0.15887722833641185,278,0.42483660130718953,0.897386292646555,0.9326705077271876,0.8197560176846241,0.8353405637988778,0.7819979966328868,0.18322228270218707
221,2.282503366470337,1.114645073728069,0.020082855224609376,0.0014125300593316058,128,10,0.0001,500,128,128,0.25,4,2,32,0.0001,"{'model__batch_size': 128, 'model__callbacks__early_stopping__patience': 10, 'model__lr': 0.0001, 'model__max_epochs': 500, 'model__module__d_model': 128, 'model__module__dim_feedforward': 128, 'model__module__dropout': 0.25, 'model__module__nhead': 4, 'model__module__num_layers': 2, 'model__module__patch_size': 32, 'model__optimizer__weight_decay': 0.0001}",0.9134199134199135,0.8587387387387387,0.7354497354497355,0.8179271708683473,0.423728813559322,0.7498528744072113,0.17309463944156758,274,0.8779382663534983,0.978775639502653,0.9319972269490138,0.8560666872491509,0.4311111111111111,0.8151777862330855,0.19673791213392894
222,4.205286979675293,0.28180454655713355,0.023041439056396485,0.001992151662795871,128,10,0.0001,500,128,128,0.25,4,3,16,0.0001,"{'model__batch_size': 128, 'model__callbacks__early_stopping__patience': 10, 'model__lr': 0.0001, 'model__max_epochs': 500, 'model__module__d_model': 128, 'model__module__dim_feedforward': 128, 'model__module__dropout': 0.25, 'model__module__nhead': 4, 'model__module__num_layers': 3, 'model__module__patch_size': 16, 'model__optimizer__weight_decay': 0.0001}",0.8117436127297176,0.8545454545454545,0.7056393307167941,0.7896440129449838,0.7920489296636086,0.7907242681201117,0.04849190641113301,231,0.8811524609843937,0.8985960370407249,0.9215352618642465,0.8177264447756252,0.8011650485436894,0.8640350506417359,0.046670903032648765
223,2.4436145305633543,0.6019353448041973,0.02051854133605957,0.0017747246970821588,128,10,0.0001,500,128,128,0.25,4,3,32,0.0001,"{'model__batch_size': 128, 'model__callbacks__early_stopping__patience': 10, 'model__lr': 0.0001, 'model__max_epochs': 500, 'model__module__d_model': 128, 'model__module__dim_feedforward': 128, 'model__module__dropout': 0.25, 'model__module__nhead': 4, 'model__module__num_layers': 3, 'model__module__patch_size': 32, 'model__optimizer__weight_decay': 0.0001}",0.8655311519497983,0.8771929824561404,0.717809364548495,0.8179271708683473,0.8955453149001535,0.8348011969445869,0.06387967295329015,35,0.8897102897102898,0.9265580958346382,0.9430288911537741,0.8436413597851656,0.8514285714285714,0.8908734415824877,0.0394504897909381
224,3.4182392597198485,0.5262776904497818,0.021166419982910155,0.0017826109021247603,128,10,0.0001,500,128,256,0.1,4,2,16,0.0001,"{'model__batch_size': 128, 'model__callbacks__early_stopping__patience': 10, 'model__lr': 0.0001, 'model__max_epochs': 500, 'model__module__d_model': 128, 'model__module__dim_feedforward': 256, 'model__module__dropout': 0.1, 'model__module__nhead': 4, 'model__module__num_layers': 2, 'model__module__patch_size': 16, 'model__optimizer__weight_decay': 0.0001}",0.8556998556998556,0.9155354449472096,0.6783876500857633,0.7896440129449838,0.7920489296636086,0.8062631786682843,0.07901241113650545,155,0.8613445378151261,0.9141025641025642,0.9430288911537741,0.798171900339083,0.780859441876391,0.8595014670573876,0.0630989558756021
225,2.2898998737335203,0.34904186470448373,0.020128965377807617,0.002079394533530907,128,10,0.0001,500,128,256,0.1,4,2,32,0.0001,"{'model__batch_size': 128, 'model__callbacks__early_stopping__patience': 10, 'model__lr': 0.0001, 'model__max_epochs': 500, 'model__module__d_model': 128, 'model__module__dim_feedforward': 256, 'model__module__dropout': 0.1, 'model__module__nhead': 4, 'model__module__num_layers': 2, 'model__module__patch_size': 32, 'model__optimizer__weight_decay': 0.0001}",0.7773654916512059,0.8771929824561404,0.7301587301587302,0.8446568794810516,0.8201058201058201,0.8098959807705898,0.051493124185195936,138,0.8866466294547015,0.9419673615622355,0.9479515050167224,0.8727689536597347,0.8426480296856148,0.8983964958758017,0.04063702998775967
226,4.7386335849761965,1.830500558631311,0.02336883544921875,0.0017699259276447831,128,10,0.0001,500,128,256,0.1,4,3,16,0.0001,"{'model__batch_size': 128, 'model__callbacks__early_stopping__patience': 10, 'model__lr': 0.0001, 'model__max_epochs': 500, 'model__module__d_model': 128, 'model__module__dim_feedforward': 256, 'model__module__dropout': 0.1, 'model__module__nhead': 4, 'model__module__num_layers': 3, 'model__module__patch_size': 16, 'model__optimizer__weight_decay': 0.0001}",0.84375,0.8771929824561404,0.7056393307167941,0.7896440129449838,0.8201058201058201,0.8072664292447478,0.05835107616525201,151,0.8699901507689977,0.9525187503691017,0.93331960037079,0.8379328945948862,0.8142974142974143,0.8816117620802378,0.05343337582556121
227,2.665469694137573,0.7398549657695661,0.02135167121887207,0.002875804373763714,128,10,0.0001,500,128,256,0.1,4,3,32,0.0001,"{'model__batch_size': 128, 'model__callbacks__early_stopping__patience': 10, 'model__lr': 0.0001, 'model__max_epochs': 500, 'model__module__d_model': 128, 'model__module__dim_feedforward': 256, 'model__module__dropout': 0.1, 'model__module__nhead': 4, 'model__module__num_layers': 3, 'model__module__patch_size': 32, 'model__optimizer__weight_decay': 0.0001}",0.8655311519497983,0.8961038961038961,0.7228863290589003,0.87,0.8716981132075472,0.8452438980640284,0.06210052631920203,10,0.8984001319478806,0.863329457601534,0.9895903010033444,0.8471043256997455,0.8309923281808456,0.88588330888667,0.056457624075202856
228,3.713696241378784,0.43910514104951026,0.02180633544921875,0.001357109770814522,128,10,0.0001,500,128,256,0.25,4,2,16,0.0001,"{'model__batch_size': 128, 'model__callbacks__early_stopping__patience': 10, 'model__lr': 0.0001, 'model__max_epochs': 500, 'model__module__d_model': 128, 'model__module__dim_feedforward': 256, 'model__module__dropout': 0.25, 'model__module__nhead': 4, 'model__module__num_layers': 2, 'model__module__patch_size': 16, 'model__optimizer__weight_decay': 0.0001}",0.8556998556998556,0.8961038961038961,0.6783876500857633,0.8941023134571522,0.8201058201058201,0.8288799070904975,0.08027109150289764,53,0.8999924236684598,0.8997618063347703,0.9430288911537741,0.8197560176846241,0.819448117781892,0.876397451324704,0.04897722567563014
229,2.2096590995788574,0.29922738846151636,0.020021533966064452,0.0016202129801330615,128,10,0.0001,500,128,256,0.25,4,2,32,0.0001,"{'model__batch_size': 128, 'model__callbacks__early_stopping__patience': 10, 'model__lr': 0.0001, 'model__max_epochs': 500, 'model__module__d_model': 128, 'model__module__dim_feedforward': 256, 'model__module__dropout': 0.25, 'model__module__nhead': 4, 'model__module__num_layers': 2, 'model__module__patch_size': 32, 'model__optimizer__weight_decay': 0.0001}",0.8655311519497983,0.8961038961038961,0.7354497354497355,0.7428982380438691,0.8466000644537544,0.8173166172002105,0.06577214979764716,98,0.8790477761284292,0.9160663952395867,0.9524375490799499,0.8527200353825741,0.8447125429669071,0.8889968597594894,0.04033255205989476
230,3.949485206604004,0.6319876799698046,0.023018693923950194,0.0029741244350319994,128,10,0.0001,500,128,256,0.25,4,3,16,0.0001,"{'model__batch_size': 128, 'model__callbacks__early_stopping__patience': 10, 'model__lr': 0.0001, 'model__max_epochs': 500, 'model__module__d_model': 128, 'model__module__dim_feedforward': 256, 'model__module__dropout': 0.25, 'model__module__nhead': 4, 'model__module__num_layers': 3, 'model__module__patch_size': 16, 'model__optimizer__weight_decay': 0.0001}",0.8231578947368421,0.9155354449472096,0.717809364548495,0.87,0.8466000644537544,0.8346205537372601,0.06590702540008311,37,0.8811524609843937,0.8879219356765906,0.9339455157636976,0.8222679704923658,0.8328108672936259,0.8716197500421347,0.040454573121130724
231,2.4515863418579102,0.3282777531124756,0.02076883316040039,0.001550399935157396,128,10,0.0001,500,128,256,0.25,4,3,32,0.0001,"{'model__batch_size': 128, 'model__callbacks__early_stopping__patience': 10, 'model__lr': 0.0001, 'model__max_epochs': 500, 'model__module__d_model': 128, 'model__module__dim_feedforward': 256, 'model__module__dropout': 0.25, 'model__module__nhead': 4, 'model__module__num_layers': 3, 'model__module__patch_size': 32, 'model__optimizer__weight_decay': 0.0001}",0.8231578947368421,0.8961038961038961,0.6984126984126984,0.8179271708683473,0.8955453149001535,0.8262293950043874,0.0722531821057204,66,0.8801198801198802,0.9092701384048592,0.9375418060200669,0.8409611920746685,0.8802721088435375,0.8896330250926023,0.03233555788544208
232,3.8298270225524904,0.7988257154761302,0.021523141860961915,0.0018970693436716778,128,10,0.0001,500,128,384,0.1,4,2,16,0.0001,"{'model__batch_size': 128, 'model__callbacks__early_stopping__patience': 10, 'model__lr': 0.0001, 'model__max_epochs': 500, 'model__module__d_model': 128, 'model__module__dim_feedforward': 384, 'model__module__dropout': 0.1, 'model__module__nhead': 4, 'model__module__num_layers': 2, 'model__module__patch_size': 16, 'model__optimizer__weight_decay': 0.0001}",0.8330241187384044,0.8733031674208145,0.710548885077187,0.8941023134571522,0.8201058201058201,0.8262168609598757,0.0636997945687032,67,0.8888888888888888,0.9130646338496473,0.9150025601638505,0.8284484186123531,0.8069381598793364,0.8704685322788153,0.04458433629897139
233,2.209856367111206,0.2652108011907335,0.02082691192626953,0.0015362723741423174,128,10,0.0001,500,128,384,0.1,4,2,32,0.0001,"{'model__batch_size': 128, 'model__callbacks__early_stopping__patience': 10, 'model__lr': 0.0001, 'model__max_epochs': 500, 'model__module__d_model': 128, 'model__module__dim_feedforward': 384, 'model__module__dropout': 0.1, 'model__module__nhead': 4, 'model__module__num_layers': 2, 'model__module__patch_size': 32, 'model__optimizer__weight_decay': 0.0001}",0.8556998556998556,0.8961038961038961,0.7147012754531215,0.7596153846153846,0.8201058201058201,0.8092452463956155,0.06514920327674031,143,0.8736377025036819,0.9199442397689933,0.9326705077271876,0.8481574539363484,0.8261745701456576,0.8801168948163738,0.04079524438270775
234,4.491664218902588,0.8410380035483032,0.02346358299255371,0.0022196359999385818,128,10,0.0001,500,128,384,0.1,4,3,16,0.0001,"{'model__batch_size': 128, 'model__callbacks__early_stopping__patience': 10, 'model__lr': 0.0001, 'model__max_epochs': 500, 'model__module__d_model': 128, 'model__module__dim_feedforward': 384, 'model__module__dropout': 0.1, 'model__module__nhead': 4, 'model__module__num_layers': 3, 'model__module__patch_size': 16, 'model__optimizer__weight_decay': 0.0001}",0.8655311519497983,0.8771929824561404,0.710548885077187,0.8179271708683473,0.8201058201058201,0.8182612020914586,0.05884362382726085,96,0.8944703530979348,0.9151025580106122,0.93331960037079,0.84448447418082,0.8551027516544758,0.8884959474629266,0.03407309910852128
235,2.107499361038208,0.1280326735422646,0.020493841171264647,0.001779744243353944,128,10,0.0001,500,128,384,0.1,4,3,32,0.0001,"{'model__batch_size': 128, 'model__callbacks__early_stopping__patience': 10, 'model__lr': 0.0001, 'model__max_epochs': 500, 'model__module__d_model': 128, 'model__module__dim_feedforward': 384, 'model__module__dropout': 0.1, 'model__module__nhead': 4, 'model__module__num_layers': 3, 'model__module__patch_size': 32, 'model__optimizer__weight_decay': 0.0001}",0.8231578947368421,0.8961038961038961,0.6693121693121693,0.8179271708683473,0.8955453149001535,0.8204092891842816,0.0827274455722603,86,0.871648509948681,0.888584019289931,0.9207292484665832,0.8498923662858089,0.8514285714285714,0.8764565430839152,0.026314711314393145
236,3.6140827178955077,0.44669804310951366,0.021395778656005858,0.002112266602663138,128,10,0.0001,500,128,384,0.25,4,2,16,0.0001,"{'model__batch_size': 128, 'model__callbacks__early_stopping__patience': 10, 'model__lr': 0.0001, 'model__max_epochs': 500, 'model__module__d_model': 128, 'model__module__dim_feedforward': 384, 'model__module__dropout': 0.25, 'model__module__nhead': 4, 'model__module__num_layers': 2, 'model__module__patch_size': 16, 'model__optimizer__weight_decay': 0.0001}",0.8330241187384044,0.8771929824561404,0.7056393307167941,0.7596153846153846,0.853763440860215,0.8058470514773877,0.06372404498224174,161,0.8527890476282038,0.886584849767245,0.9326705077271876,0.7805084745762711,0.8400000000000001,0.8585105759397814,0.05049270335131221
237,2.444308137893677,0.3422310616465266,0.02307925224304199,0.007074742916329445,128,10,0.0001,500,128,384,0.25,4,2,32,0.0001,"{'model__batch_size': 128, 'model__callbacks__early_stopping__patience': 10, 'model__lr': 0.0001, 'model__max_epochs': 500, 'model__module__d_model': 128, 'model__module__dim_feedforward': 384, 'model__module__dropout': 0.25, 'model__module__nhead': 4, 'model__module__num_layers': 2, 'model__module__patch_size': 32, 'model__optimizer__weight_decay': 0.0001}",0.8736842105263158,0.8771929824561404,0.7427101200686106,0.8941023134571522,0.8716981132075472,0.8518775479431533,0.05515381164788706,4,0.9080763098576062,0.8742631009934112,0.926393581081081,0.8303586048796463,0.846696386985162,0.8771575967593813,0.03607369684239397
238,4.463954305648803,0.9011152312550524,0.023387432098388672,0.0020976376330687488,128,10,0.0001,500,128,384,0.25,4,3,16,0.0001,"{'model__batch_size': 128, 'model__callbacks__early_stopping__patience': 10, 'model__lr': 0.0001, 'model__max_epochs': 500, 'model__module__d_model': 128, 'model__module__dim_feedforward': 384, 'model__module__dropout': 0.25, 'model__module__nhead': 4, 'model__module__num_layers': 3, 'model__module__patch_size': 16, 'model__optimizer__weight_decay': 0.0001}",0.8655311519497983,0.8771929824561404,0.7301587301587302,0.8446568794810516,0.8466000644537544,0.832827961699895,0.05274148070468441,43,0.8811524609843937,0.8985960370407249,0.9278440139095876,0.8481574539363484,0.8309923281808456,0.87734845881038,0.03468929722686763
239,2.2505867958068846,0.238173686689474,0.02170400619506836,0.0023677311441969487,128,10,0.0001,500,128,384,0.25,4,3,32,0.0001,"{'model__batch_size': 128, 'model__callbacks__early_stopping__patience': 10, 'model__lr': 0.0001, 'model__max_epochs': 500, 'model__module__d_model': 128, 'model__module__dim_feedforward': 384, 'model__module__dropout': 0.25, 'model__module__nhead': 4, 'model__module__num_layers': 3, 'model__module__patch_size': 32, 'model__optimizer__weight_decay': 0.0001}",0.7773654916512059,0.8961038961038961,0.6984126984126984,0.87,0.8716981132075472,0.8227160398750695,0.07420079077452338,79,0.8758680555555556,0.8899835796387521,0.93331960037079,0.8544247142827404,0.8486036578687985,0.8804399215433273,0.03032682804024691
240,3.015380620956421,1.070852299483675,0.021698617935180665,0.0033828106398418093,128,10,0.0002,500,96,128,0.1,4,2,16,0.0001,"{'model__batch_size': 128, 'model__callbacks__early_stopping__patience': 10, 'model__lr': 0.0002, 'model__max_epochs': 500, 'model__module__d_model': 96, 'model__module__dim_feedforward': 128, 'model__module__dropout': 0.1, 'model__module__nhead': 4, 'model__module__num_layers': 2, 'model__module__patch_size': 16, 'model__optimizer__weight_decay': 0.0001}",0.8117436127297176,0.8733031674208145,0.7301587301587302,0.7596153846153846,0.8466000644537544,0.8042841918756803,0.053103260603525576,175,0.8673366834170855,0.9673992376936178,0.9393077673058173,0.8217120181405895,0.8102042191817753,0.8811919851477772,0.06257512813476553
241,1.8192672252655029,0.28338778914644036,0.020485353469848634,0.0029564134127734927,128,10,0.0002,500,96,128,0.1,4,2,32,0.0001,"{'model__batch_size': 128, 'model__callbacks__early_stopping__patience': 10, 'model__lr': 0.0002, 'model__max_epochs': 500, 'model__module__d_model': 96, 'model__module__dim_feedforward': 128, 'model__module__dropout': 0.1, 'model__module__nhead': 4, 'model__module__num_layers': 2, 'model__module__patch_size': 32, 'model__optimizer__weight_decay': 0.0001}",0.82,0.8771929824561404,0.7147012754531215,0.8179271708683473,0.8955453149001535,0.8250733487355525,0.0631530767586782,72,0.8705294705294705,0.9736215279828343,0.9271321070234114,0.8727689536597347,0.8725954776587688,0.9033295073708439,0.041138552123779586
242,3.0236795425415037,0.4958390787843003,0.022956705093383788,0.003001889163123744,128,10,0.0002,500,96,128,0.1,4,3,16,0.0001,"{'model__batch_size': 128, 'model__callbacks__early_stopping__patience': 10, 'model__lr': 0.0002, 'model__max_epochs': 500, 'model__module__d_model': 96, 'model__module__dim_feedforward': 128, 'model__module__dropout': 0.1, 'model__module__nhead': 4, 'model__module__num_layers': 3, 'model__module__patch_size': 16, 'model__optimizer__weight_decay': 0.0001}",0.8556998556998556,0.86875,0.717809364548495,0.7896440129449838,0.8466000644537544,0.8157006595294177,0.05591170880520676,108,0.8392993893219707,0.8948259836827429,0.9097826086956522,0.8418104083738758,0.8373891140072282,0.8646215008162941,0.03116085560566882
243,2.120599365234375,0.6283348205131014,0.02157754898071289,0.003329109681735717,128,10,0.0002,500,96,128,0.1,4,3,32,0.0001,"{'model__batch_size': 128, 'model__callbacks__early_stopping__patience': 10, 'model__lr': 0.0002, 'model__max_epochs': 500, 'model__module__d_model': 96, 'model__module__dim_feedforward': 128, 'model__module__dropout': 0.1, 'model__module__nhead': 4, 'model__module__num_layers': 3, 'model__module__patch_size': 32, 'model__optimizer__weight_decay': 0.0001}",0.8655311519497983,0.8771929824561404,0.7147012754531215,0.7596153846153846,0.7920489296636086,0.8018179448276108,0.06197833958399047,191,0.8724637681159421,0.9843503649635037,0.9326705077271876,0.8602869780990399,0.8533015956977872,0.9006146429206922,0.050391599209154675
244,2.755492353439331,0.2241759253599401,0.02105264663696289,0.002082966794854559,128,10,0.0002,500,96,128,0.25,4,2,16,0.0001,"{'model__batch_size': 128, 'model__callbacks__early_stopping__patience': 10, 'model__lr': 0.0002, 'model__max_epochs': 500, 'model__module__d_model': 96, 'model__module__dim_feedforward': 128, 'model__module__dropout': 0.25, 'model__module__nhead': 4, 'model__module__num_layers': 2, 'model__module__patch_size': 16, 'model__optimizer__weight_decay': 0.0001}",0.8330241187384044,0.8961038961038961,0.6902847207128885,0.7596153846153846,0.8466000644537544,0.8051256369248655,0.07215970644518341,167,0.8775415539234634,0.918989178405175,0.9063127090301004,0.7863036303630363,0.8585034013605441,0.8695300946164638,0.04671525979556557
245,1.691526174545288,0.19863659378399423,0.0206118106842041,0.0018742932909572053,128,10,0.0002,500,96,128,0.25,4,2,32,0.0001,"{'model__batch_size': 128, 'model__callbacks__early_stopping__patience': 10, 'model__lr': 0.0002, 'model__max_epochs': 500, 'model__module__d_model': 96, 'model__module__dim_feedforward': 128, 'model__module__dropout': 0.25, 'model__module__nhead': 4, 'model__module__num_layers': 2, 'model__module__patch_size': 32, 'model__optimizer__weight_decay': 0.0001}",0.797979797979798,0.8961038961038961,0.7147012754531215,0.8941023134571522,0.8289308176100629,0.8263636201208062,0.06742840313707439,65,0.9027982326951398,0.9208645839485029,0.9418681155421611,0.8531746031746033,0.8393595153088824,0.891613010133858,0.03927920122652118
246,2.8529098987579347,0.5076442869730026,0.022240495681762694,0.0024066414837486147,128,10,0.0002,500,96,128,0.25,4,3,16,0.0001,"{'model__batch_size': 128, 'model__callbacks__early_stopping__patience': 10, 'model__lr': 0.0002, 'model__max_epochs': 500, 'model__module__d_model': 96, 'model__module__dim_feedforward': 128, 'model__module__dropout': 0.25, 'model__module__nhead': 4, 'model__module__num_layers': 3, 'model__module__patch_size': 16, 'model__optimizer__weight_decay': 0.0001}",0.8330241187384044,0.9155354449472096,0.7554879374049119,0.7276190476190476,0.7920489296636086,0.8047430956746364,0.06574205986769982,169,0.8724637681159421,0.891330792312059,0.9175360158966717,0.8337428337428338,0.8023166023166024,0.8634780024768218,0.04099679946001879
247,1.8122277736663819,0.2655606635351564,0.020529985427856445,0.002623135915989073,128,10,0.0002,500,96,128,0.25,4,3,32,0.0001,"{'model__batch_size': 128, 'model__callbacks__early_stopping__patience': 10, 'model__lr': 0.0002, 'model__max_epochs': 500, 'model__module__d_model': 96, 'model__module__dim_feedforward': 128, 'model__module__dropout': 0.25, 'model__module__nhead': 4, 'model__module__num_layers': 3, 'model__module__patch_size': 32, 'model__optimizer__weight_decay': 0.0001}",0.8231578947368421,0.8771929824561404,0.6931818181818181,0.8941023134571522,0.8466000644537544,0.8268470146571414,0.07117326607812399,62,0.868173327661778,0.9469390987566326,0.9158783783783784,0.8727689536597347,0.8385876418663304,0.8884694800645707,0.03825331915155476
248,2.8274529933929444,0.7408026582005356,0.02096700668334961,0.0019149385299541831,128,10,0.0002,500,96,256,0.1,4,2,16,0.0001,"{'model__batch_size': 128, 'model__callbacks__early_stopping__patience': 10, 'model__lr': 0.0002, 'model__max_epochs': 500, 'model__module__d_model': 96, 'model__module__dim_feedforward': 256, 'model__module__dropout': 0.1, 'model__module__nhead': 4, 'model__module__num_layers': 2, 'model__module__patch_size': 16, 'model__optimizer__weight_decay': 0.0001}",0.8655311519497983,0.9155354449472096,0.717809364548495,0.5740498034076016,0.8201058201058201,0.7786063169917848,0.1212991001202652,251,0.8965034442847275,0.9733147465896644,0.9230610773509115,0.8037878787878787,0.7915875169606512,0.8776509327947666,0.06990239764147474
249,1.979817533493042,0.43336943988240534,0.020450115203857422,0.002677960523676484,128,10,0.0002,500,96,256,0.1,4,2,32,0.0001,"{'model__batch_size': 128, 'model__callbacks__early_stopping__patience': 10, 'model__lr': 0.0002, 'model__max_epochs': 500, 'model__module__d_model': 96, 'model__module__dim_feedforward': 256, 'model__module__dropout': 0.1, 'model__module__nhead': 4, 'model__module__num_layers': 2, 'model__module__patch_size': 32, 'model__optimizer__weight_decay': 0.0001}",0.7773654916512059,0.8771929824561404,0.710548885077187,0.7896440129449838,0.8716981132075472,0.8052898970674128,0.06257879883808369,165,0.8833578792341679,0.9790165988098967,0.9533872745803607,0.8373115577889447,0.8677002583979329,0.9041547137622604,0.053399606778262075
250,2.9120569705963133,0.384717405096535,0.02295398712158203,0.002658885152667872,128,10,0.0002,500,96,256,0.1,4,3,16,0.0001,"{'model__batch_size': 128, 'model__callbacks__early_stopping__patience': 10, 'model__lr': 0.0002, 'model__max_epochs': 500, 'model__module__d_model': 96, 'model__module__dim_feedforward': 256, 'model__module__dropout': 0.1, 'model__module__nhead': 4, 'model__module__num_layers': 3, 'model__module__patch_size': 16, 'model__optimizer__weight_decay': 0.0001}",0.8330241187384044,0.8733031674208145,0.717809364548495,0.7896440129449838,0.8466000644537544,0.8120761456212904,0.0543486767786283,125,0.9045207956600361,0.8726840855106889,0.9175360158966717,0.826465661641541,0.8474514118078476,0.873731594103357,0.034037085446219695
251,2.0811824798583984,0.6359066142771049,0.022108793258666992,0.0036427542473988694,128,10,0.0002,500,96,256,0.1,4,3,32,0.0001,"{'model__batch_size': 128, 'model__callbacks__early_stopping__patience': 10, 'model__lr': 0.0002, 'model__max_epochs': 500, 'model__module__d_model': 96, 'model__module__dim_feedforward': 256, 'model__module__dropout': 0.1, 'model__module__nhead': 4, 'model__module__num_layers': 3, 'model__module__patch_size': 32, 'model__optimizer__weight_decay': 0.0001}",0.8556998556998556,0.9155354449472096,0.7613636363636364,0.7896440129449838,0.8955453149001535,0.8435576529711678,0.059486955821668214,15,0.8811524609843937,0.9733147465896644,0.9319972269490138,0.8498923662858089,0.8322588827122657,0.8937231367042292,0.052262306092508704
252,2.686090326309204,0.40077110038966685,0.021848249435424804,0.0016848184511983244,128,10,0.0002,500,96,256,0.25,4,2,16,0.0001,"{'model__batch_size': 128, 'model__callbacks__early_stopping__patience': 10, 'model__lr': 0.0002, 'model__max_epochs': 500, 'model__module__d_model': 96, 'model__module__dim_feedforward': 256, 'model__module__dropout': 0.25, 'model__module__nhead': 4, 'model__module__num_layers': 2, 'model__module__patch_size': 16, 'model__optimizer__weight_decay': 0.0001}",0.8330241187384044,0.9155354449472096,0.6936274509803921,0.7596153846153846,0.8201058201058201,0.804381643877442,0.0744221980178953,173,0.8457449816228442,0.9363269185079591,0.9183204854846646,0.8090815273477812,0.7887788778877888,0.8596505581702075,0.058471893434736445
253,1.829272413253784,0.3181168745043245,0.020216703414916992,0.0026856847241362824,128,10,0.0002,500,96,256,0.25,4,2,32,0.0001,"{'model__batch_size': 128, 'model__callbacks__early_stopping__patience': 10, 'model__lr': 0.0002, 'model__max_epochs': 500, 'model__module__d_model': 96, 'model__module__dim_feedforward': 256, 'model__module__dropout': 0.25, 'model__module__nhead': 4, 'model__module__num_layers': 2, 'model__module__patch_size': 32, 'model__optimizer__weight_decay': 0.0001}",0.888682745825603,0.8587387387387387,0.7147012754531215,0.8941023134571522,0.8466000644537544,0.840565027585674,0.0654063381256898,19,0.8801198801198802,0.9626406452255303,0.9278440139095876,0.8560666872491509,0.8555395322590758,0.896442151752645,0.042279868617500785
254,3.4467938423156737,1.2217407816078685,0.02386932373046875,0.0024767583188972453,128,10,0.0002,500,96,256,0.25,4,3,16,0.0001,"{'model__batch_size': 128, 'model__callbacks__early_stopping__patience': 10, 'model__lr': 0.0002, 'model__max_epochs': 500, 'model__module__d_model': 96, 'model__module__dim_feedforward': 256, 'model__module__dropout': 0.25, 'model__module__nhead': 4, 'model__module__num_layers': 3, 'model__module__patch_size': 16, 'model__optimizer__weight_decay': 0.0001}",0.797979797979798,0.8961038961038961,0.7301587301587302,0.7276190476190476,0.8289308176100629,0.796158457894307,0.06343508537395263,208,0.8730940065760379,0.9535644841460832,0.9072280178837555,0.8000514668039115,0.7873098013150711,0.8642495553449718,0.06315639221651499
255,1.9597037315368653,0.231629015246738,0.020882701873779295,0.0026420663580648054,128,10,0.0002,500,96,256,0.25,4,3,32,0.0001,"{'model__batch_size': 128, 'model__callbacks__early_stopping__patience': 10, 'model__lr': 0.0002, 'model__max_epochs': 500, 'model__module__d_model': 96, 'model__module__dim_feedforward': 256, 'model__module__dropout': 0.25, 'model__module__nhead': 4, 'model__module__num_layers': 3, 'model__module__patch_size': 32, 'model__optimizer__weight_decay': 0.0001}",0.888682745825603,0.8587387387387387,0.6931818181818181,0.87,0.8201058201058201,0.8261418245703961,0.07016019077156116,68,0.8767898146246756,0.9363269185079591,0.9207292484665832,0.8471043256997455,0.8127849952680031,0.8787470605133934,0.0456815754575172
256,2.7652422904968263,0.47703792549987967,0.02115044593811035,0.0019473114118254045,128,10,0.0002,500,96,384,0.1,4,2,16,0.0001,"{'model__batch_size': 128, 'model__callbacks__early_stopping__patience': 10, 'model__lr': 0.0002, 'model__max_epochs': 500, 'model__module__d_model': 96, 'model__module__dim_feedforward': 384, 'model__module__dropout': 0.1, 'model__module__nhead': 4, 'model__module__num_layers': 2, 'model__module__patch_size': 16, 'model__optimizer__weight_decay': 0.0001}",0.8655311519497983,0.8771929824561404,0.7056393307167941,0.8179271708683473,0.745837580699966,0.8024256433382092,0.06690673615663933,187,0.8779382663534983,0.8851967443852885,0.9223121243006012,0.8471043256997455,0.823982398239824,0.8713067717957916,0.033656526179160366
257,1.7846906185150146,0.20697130016523319,0.02106442451477051,0.0033331339912573907,128,10,0.0002,500,96,384,0.1,4,2,32,0.0001,"{'model__batch_size': 128, 'model__callbacks__early_stopping__patience': 10, 'model__lr': 0.0002, 'model__max_epochs': 500, 'model__module__d_model': 96, 'model__module__dim_feedforward': 384, 'model__module__dropout': 0.1, 'model__module__nhead': 4, 'model__module__num_layers': 2, 'model__module__patch_size': 32, 'model__optimizer__weight_decay': 0.0001}",0.82,0.8771929824561404,0.7272727272727273,0.7596153846153846,0.8716981132075472,0.8111558415103598,0.059661185601838876,133,0.8656488549618321,0.9092701384048592,0.9519356568364612,0.8531746031746033,0.8328108672936259,0.8825680241342763,0.042780550513727415
258,3.4358795642852784,0.6858240666055877,0.023035812377929687,0.0025238150444433596,128,10,0.0002,500,96,384,0.1,4,3,16,0.0001,"{'model__batch_size': 128, 'model__callbacks__early_stopping__patience': 10, 'model__lr': 0.0002, 'model__max_epochs': 500, 'model__module__d_model': 96, 'model__module__dim_feedforward': 384, 'model__module__dropout': 0.1, 'model__module__nhead': 4, 'model__module__num_layers': 3, 'model__module__patch_size': 16, 'model__optimizer__weight_decay': 0.0001}",0.84375,0.8925968546221711,0.717809364548495,0.7596153846153846,0.8289308176100629,0.8085404842792225,0.06220410042846608,148,0.8944703530979348,0.9179976745609204,0.9175360158966717,0.8155788110907325,0.8263229308005428,0.8743811570893604,0.04457718528634653
259,1.9041317462921143,0.30895863620290637,0.020424604415893555,0.0019152458555028536,128,10,0.0002,500,96,384,0.1,4,3,32,0.0001,"{'model__batch_size': 128, 'model__callbacks__early_stopping__patience': 10, 'model__lr': 0.0002, 'model__max_epochs': 500, 'model__module__d_model': 96, 'model__module__dim_feedforward': 384, 'model__module__dropout': 0.1, 'model__module__nhead': 4, 'model__module__num_layers': 3, 'model__module__patch_size': 32, 'model__optimizer__weight_decay': 0.0001}",0.8330241187384044,0.8961038961038961,0.7147012754531215,0.8179271708683473,0.8201058201058201,0.816372456253918,0.05828853148374762,104,0.8724637681159421,0.9208645839485029,0.9271321070234114,0.8555927260250471,0.821664925113201,0.879543622045221,0.03986426747228566
260,2.569376754760742,0.2938840652666646,0.021570348739624025,0.0016700304599783812,128,10,0.0002,500,96,384,0.25,4,2,16,0.0001,"{'model__batch_size': 128, 'model__callbacks__early_stopping__patience': 10, 'model__lr': 0.0002, 'model__max_epochs': 500, 'model__module__d_model': 96, 'model__module__dim_feedforward': 384, 'model__module__dropout': 0.25, 'model__module__nhead': 4, 'model__module__num_layers': 2, 'model__module__patch_size': 16, 'model__optimizer__weight_decay': 0.0001}",0.8330241187384044,0.9155354449472096,0.7301587301587302,0.7596153846153846,0.8716981132075472,0.8220063583334551,0.06879966859283902,81,0.8910564225690276,0.916967881854797,0.9081105461702477,0.8090815273477812,0.8400000000000001,0.8730432755883706,0.04163297074548362
261,1.7856717586517334,0.21057970406304263,0.01954021453857422,0.001735281389854901,128,10,0.0002,500,96,384,0.25,4,2,32,0.0001,"{'model__batch_size': 128, 'model__callbacks__early_stopping__patience': 10, 'model__lr': 0.0002, 'model__max_epochs': 500, 'model__module__d_model': 96, 'model__module__dim_feedforward': 384, 'model__module__dropout': 0.25, 'model__module__nhead': 4, 'model__module__num_layers': 2, 'model__module__patch_size': 32, 'model__optimizer__weight_decay': 0.0001}",0.82,0.8587387387387387,0.7147012754531215,0.87,0.8955453149001535,0.8317970658184027,0.06340307889055923,49,0.8556969182923382,0.9265580958346382,0.9326705077271876,0.8409611920746685,0.8367346938775511,0.8785242815612767,0.04223151658660764
262,3.460563230514526,0.8411240637955515,0.023059511184692384,0.0024276441657985585,128,10,0.0002,500,96,384,0.25,4,3,16,0.0001,"{'model__batch_size': 128, 'model__callbacks__early_stopping__patience': 10, 'model__lr': 0.0002, 'model__max_epochs': 500, 'model__module__d_model': 96, 'model__module__dim_feedforward': 384, 'model__module__dropout': 0.25, 'model__module__nhead': 4, 'model__module__num_layers': 3, 'model__module__patch_size': 16, 'model__optimizer__weight_decay': 0.0001}",0.797979797979798,0.9155354449472096,0.717809364548495,0.7896440129449838,0.8716981132075472,0.8185333467256066,0.06875792610662781,94,0.8294435920213196,0.9009852216748768,0.9183204854846646,0.8134322033898305,0.8420171030591554,0.8608397211259694,0.04123876840335921
263,2.2797847747802735,0.4023222761201836,0.020467233657836915,0.0015682124983970843,128,10,0.0002,500,96,384,0.25,4,3,32,0.0001,"{'model__batch_size': 128, 'model__callbacks__early_stopping__patience': 10, 'model__lr': 0.0002, 'model__max_epochs': 500, 'model__module__d_model': 96, 'model__module__dim_feedforward': 384, 'model__module__dropout': 0.25, 'model__module__nhead': 4, 'model__module__num_layers': 3, 'model__module__patch_size': 32, 'model__optimizer__weight_decay': 0.0001}",0.8231578947368421,0.8961038961038961,0.7482658312821661,0.6566436407964242,0.8716981132075472,0.7991738752253752,0.08733490012455167,200,0.8767898146246756,0.93704979642969,0.9489503034279154,0.8353813559322034,0.8285714285714285,0.8853485397971825,0.050023626164916894
264,2.3984039783477784,0.4407686365371857,0.023675870895385743,0.00463028697022923,128,10,0.0002,500,128,128,0.1,4,2,16,0.0001,"{'model__batch_size': 128, 'model__callbacks__early_stopping__patience': 10, 'model__lr': 0.0002, 'model__max_epochs': 500, 'model__module__d_model': 128, 'model__module__dim_feedforward': 128, 'model__module__dropout': 0.1, 'model__module__nhead': 4, 'model__module__num_layers': 2, 'model__module__patch_size': 16, 'model__optimizer__weight_decay': 0.0001}",0.8556998556998556,0.8925968546221711,0.7301587301587302,0.7596153846153846,0.7920489296636086,0.8060239509519501,0.06011181437595333,157,0.8265172013915733,0.940592064163795,0.9158783783783784,0.795745678538696,0.8341379814826426,0.8625742607910171,0.05568285106596972
265,1.723108434677124,0.47663126399631633,0.019870233535766602,0.0019009301037437377,128,10,0.0002,500,128,128,0.1,4,2,32,0.0001,"{'model__batch_size': 128, 'model__callbacks__early_stopping__patience': 10, 'model__lr': 0.0002, 'model__max_epochs': 500, 'model__module__d_model': 128, 'model__module__dim_feedforward': 128, 'model__module__dropout': 0.1, 'model__module__nhead': 4, 'model__module__num_layers': 2, 'model__module__patch_size': 32, 'model__optimizer__weight_decay': 0.0001}",0.8330241187384044,0.8961038961038961,0.7354497354497355,0.6933962264150944,0.8289308176100629,0.7973809588634386,0.07302102133777556,204,0.8965034442847275,0.9248397435897435,0.9895903010033444,0.8267558528428094,0.8585034013605441,0.8992385486162338,0.0561060327375286
266,2.8373512744903566,0.5035686243797132,0.022182655334472657,0.0019193037776384942,128,10,0.0002,500,128,128,0.1,4,3,16,0.0001,"{'model__batch_size': 128, 'model__callbacks__early_stopping__patience': 10, 'model__lr': 0.0002, 'model__max_epochs': 500, 'model__module__d_model': 128, 'model__module__dim_feedforward': 128, 'model__module__dropout': 0.1, 'model__module__nhead': 4, 'model__module__num_layers': 3, 'model__module__patch_size': 16, 'model__optimizer__weight_decay': 0.0001}",0.8330241187384044,0.8961038961038961,0.7056393307167941,0.6566436407964242,0.8716981132075472,0.7926218199126132,0.09449863980713012,221,0.8790477761284292,0.918989178405175,0.9393077673058173,0.7746382121267632,0.8420171030591554,0.870800007405068,0.05858170620755747
267,1.7340967655181885,0.2037911112110925,0.020785045623779298,0.002284202896088773,128,10,0.0002,500,128,128,0.1,4,3,32,0.0001,"{'model__batch_size': 128, 'model__callbacks__early_stopping__patience': 10, 'model__lr': 0.0002, 'model__max_epochs': 500, 'model__module__d_model': 128, 'model__module__dim_feedforward': 128, 'model__module__dropout': 0.1, 'model__module__nhead': 4, 'model__module__num_layers': 3, 'model__module__patch_size': 32, 'model__optimizer__weight_decay': 0.0001}",0.8556998556998556,0.8587387387387387,0.6902847207128885,0.87,0.8466000644537544,0.8242646759210475,0.06740600771738109,75,0.8790477761284292,0.9525187503691017,0.9271321070234114,0.8562252180808883,0.8580522101714463,0.8945952123546554,0.0386345855759739
268,2.4839123249053956,0.40113225540887054,0.020864391326904298,0.0017332300580059524,128,10,0.0002,500,128,128,0.25,4,2,16,0.0001,"{'model__batch_size': 128, 'model__callbacks__early_stopping__patience': 10, 'model__lr': 0.0002, 'model__max_epochs': 500, 'model__module__d_model': 128, 'model__module__dim_feedforward': 128, 'model__module__dropout': 0.25, 'model__module__nhead': 4, 'model__module__num_layers': 2, 'model__module__patch_size': 16, 'model__optimizer__weight_decay': 0.0001}",0.8556998556998556,0.86875,0.7301587301587302,0.7596153846153846,0.8201058201058201,0.8068659581159581,0.053863333828619006,153,0.8811524609843937,0.9179976745609204,0.9215352618642465,0.7691622103386809,0.8341379814826426,0.8647971178461769,0.0572765774938897
269,1.8847240447998046,0.19340249720326166,0.019838428497314452,0.002659363293150592,128,10,0.0002,500,128,128,0.25,4,2,32,0.0001,"{'model__batch_size': 128, 'model__callbacks__early_stopping__patience': 10, 'model__lr': 0.0002, 'model__max_epochs': 500, 'model__module__d_model': 128, 'model__module__dim_feedforward': 128, 'model__module__dropout': 0.25, 'model__module__nhead': 4, 'model__module__num_layers': 2, 'model__module__patch_size': 32, 'model__optimizer__weight_decay': 0.0001}",0.7402597402597402,0.8771929824561404,0.6783876500857633,0.8756377551020409,0.8027715114405414,0.7948499278688452,0.0773477263838199,218,0.8930780559646538,0.9733147465896644,0.9271321070234114,0.8471043256997455,0.875546912980068,0.9032352296515087,0.043595157708759345
270,2.980702781677246,0.4079099893674175,0.02440342903137207,0.0032518714037174357,128,10,0.0002,500,128,128,0.25,4,3,16,0.0001,"{'model__batch_size': 128, 'model__callbacks__early_stopping__patience': 10, 'model__lr': 0.0002, 'model__max_epochs': 500, 'model__module__d_model': 128, 'model__module__dim_feedforward': 128, 'model__module__dropout': 0.25, 'model__module__nhead': 4, 'model__module__num_layers': 3, 'model__module__patch_size': 16, 'model__optimizer__weight_decay': 0.0001}",0.8556998556998556,0.8733031674208145,0.6629901960784313,0.7596153846153846,0.8955453149001535,0.8094307837429279,0.08667484133084853,140,0.8392993893219707,0.891330792312059,0.9097826086956522,0.7932247275865789,0.821664925113201,0.8510604886058925,0.04339903826244385
271,1.8105009555816651,0.3188756775478013,0.02089271545410156,0.0016319140658978977,128,10,0.0002,500,128,128,0.25,4,3,32,0.0001,"{'model__batch_size': 128, 'model__callbacks__early_stopping__patience': 10, 'model__lr': 0.0002, 'model__max_epochs': 500, 'model__module__d_model': 128, 'model__module__dim_feedforward': 128, 'model__module__dropout': 0.25, 'model__module__nhead': 4, 'model__module__num_layers': 3, 'model__module__patch_size': 32, 'model__optimizer__weight_decay': 0.0001}",0.797979797979798,0.8961038961038961,0.6783876500857633,0.6933962264150944,0.8955453149001535,0.792282577096941,0.09404794774454323,223,0.8833578792341679,0.9575512790053061,0.9119537408740146,0.8155788110907325,0.8568355846167083,0.8850554589641858,0.04817760720084412
272,2.5354568481445314,0.5471352254852725,0.02120046615600586,0.0020665083215652535,128,10,0.0002,500,128,256,0.1,4,2,16,0.0001,"{'model__batch_size': 128, 'model__callbacks__early_stopping__patience': 10, 'model__lr': 0.0002, 'model__max_epochs': 500, 'model__module__d_model': 128, 'model__module__dim_feedforward': 256, 'model__module__dropout': 0.1, 'model__module__nhead': 4, 'model__module__num_layers': 2, 'model__module__patch_size': 16, 'model__optimizer__weight_decay': 0.0001}",0.8556998556998556,0.8733031674208145,0.6629901960784313,0.8179271708683473,0.8716981132075472,0.8163237006549992,0.07921767672310323,105,0.8705294705294705,0.939864961344675,0.9136210590756045,0.8347432335082845,0.8514285714285714,0.8820374591773211,0.03910914313307963
273,1.5111083984375,0.36977372404973774,0.021488189697265625,0.003612982004294542,128,10,0.0002,500,128,256,0.1,4,2,32,0.0001,"{'model__batch_size': 128, 'model__callbacks__early_stopping__patience': 10, 'model__lr': 0.0002, 'model__max_epochs': 500, 'model__module__d_model': 128, 'model__module__dim_feedforward': 256, 'model__module__dropout': 0.1, 'model__module__nhead': 4, 'model__module__num_layers': 2, 'model__module__patch_size': 32, 'model__optimizer__weight_decay': 0.0001}",0.8330241187384044,0.9181286549707601,0.7056393307167941,0.6566436407964242,0.8289308176100629,0.7884733125664891,0.09452261397884189,235,0.9001710632934186,0.9681634592539796,0.9375418060200669,0.8509495492039133,0.8836741317753976,0.9081000019093552,0.040988057239386796
274,2.8508902549743653,0.4561715932370182,0.023466777801513673,0.0016663207050745402,128,10,0.0002,500,128,256,0.1,4,3,16,0.0001,"{'model__batch_size': 128, 'model__callbacks__early_stopping__patience': 10, 'model__lr': 0.0002, 'model__max_epochs': 500, 'model__module__d_model': 128, 'model__module__dim_feedforward': 256, 'model__module__dropout': 0.1, 'model__module__nhead': 4, 'model__module__num_layers': 3, 'model__module__patch_size': 16, 'model__optimizer__weight_decay': 0.0001}",0.8330241187384044,0.8961038961038961,0.717809364548495,0.7896440129449838,0.8201058201058201,0.81133744248832,0.058224830235648325,130,0.8888888888888888,0.891330792312059,0.9375418060200669,0.8222679704923658,0.791869918699187,0.8663798752825136,0.052327465282980906
275,1.8040639877319335,0.3600600803776255,0.021041440963745116,0.002844644081109638,128,10,0.0002,500,128,256,0.1,4,3,32,0.0001,"{'model__batch_size': 128, 'model__callbacks__early_stopping__patience': 10, 'model__lr': 0.0002, 'model__max_epochs': 500, 'model__module__d_model': 128, 'model__module__dim_feedforward': 256, 'model__module__dropout': 0.1, 'model__module__nhead': 4, 'model__module__num_layers': 3, 'model__module__patch_size': 32, 'model__optimizer__weight_decay': 0.0001}",0.88,0.8961038961038961,0.7554879374049119,0.8446568794810516,0.9182692307692308,0.858903588751818,0.05701046667995568,2,0.8930780559646538,0.9475414970247416,0.9375418060200669,0.836559796437659,0.8315650958138006,0.8892572502521844,0.04867947540003877
276,2.392764759063721,0.24659875713425422,0.021142339706420897,0.002001744361567265,128,10,0.0002,500,128,256,0.25,4,2,16,0.0001,"{'model__batch_size': 128, 'model__callbacks__early_stopping__patience': 10, 'model__lr': 0.0002, 'model__max_epochs': 500, 'model__module__d_model': 128, 'model__module__dim_feedforward': 256, 'model__module__dropout': 0.25, 'model__module__nhead': 4, 'model__module__num_layers': 2, 'model__module__patch_size': 16, 'model__optimizer__weight_decay': 0.0001}",0.8556998556998556,0.8961038961038961,0.710548885077187,0.7896440129449838,0.8201058201058201,0.8144204939863485,0.06294707613261663,113,0.8673366834170855,0.8938781975132652,0.9215352618642465,0.8156197654941373,0.79746402377745,0.8591667864132368,0.04661551234408696
277,1.4661498069763184,0.12572341837312714,0.019983625411987303,0.0020987792086208665,128,10,0.0002,500,128,256,0.25,4,2,32,0.0001,"{'model__batch_size': 128, 'model__callbacks__early_stopping__patience': 10, 'model__lr': 0.0002, 'model__max_epochs': 500, 'model__module__d_model': 128, 'model__module__dim_feedforward': 256, 'model__module__dropout': 0.25, 'model__module__nhead': 4, 'model__module__num_layers': 2, 'model__module__patch_size': 32, 'model__optimizer__weight_decay': 0.0001}",0.8556998556998556,0.8961038961038961,0.7301587301587302,0.8179271708683473,0.9215686274509804,0.8442916560563619,0.06709366050374228,12,0.8790477761284292,0.897386292646555,0.9278440139095876,0.8454049603787177,0.8842010033719878,0.8867768092870554,0.026747257969511537
278,3.026522493362427,0.4047398530457391,0.022857236862182616,0.0023396975960047143,128,10,0.0002,500,128,256,0.25,4,3,16,0.0001,"{'model__batch_size': 128, 'model__callbacks__early_stopping__patience': 10, 'model__lr': 0.0002, 'model__max_epochs': 500, 'model__module__d_model': 128, 'model__module__dim_feedforward': 256, 'model__module__dropout': 0.25, 'model__module__nhead': 4, 'model__module__num_layers': 3, 'model__module__patch_size': 16, 'model__optimizer__weight_decay': 0.0001}",0.8036006546644845,0.8545454545454545,0.717809364548495,0.8179271708683473,0.6598691804540208,0.7707503650161605,0.07130749776851908,262,0.8801198801198802,0.9009852216748768,0.9435781233906684,0.8240815066378512,0.782051282051282,0.8661632027749118,0.057001958096744444
279,1.6015156269073487,0.17891851787679217,0.020478534698486327,0.0018482847000949743,128,10,0.0002,500,128,256,0.25,4,3,32,0.0001,"{'model__batch_size': 128, 'model__callbacks__early_stopping__patience': 10, 'model__lr': 0.0002, 'model__max_epochs': 500, 'model__module__d_model': 128, 'model__module__dim_feedforward': 256, 'model__module__dropout': 0.25, 'model__module__nhead': 4, 'model__module__num_layers': 3, 'model__module__patch_size': 32, 'model__optimizer__weight_decay': 0.0001}",0.88,0.9155354449472096,0.710548885077187,0.7596153846153846,0.8716981132075472,0.8274795655694657,0.07841663723717913,59,0.8949652777777778,0.918989178405175,0.912802554331033,0.8288680009378264,0.7960252236665377,0.87033004702367,0.0490282114253497
280,2.353088045120239,0.34065326730022066,0.02161726951599121,0.001823116560909917,128,10,0.0002,500,128,384,0.1,4,2,16,0.0001,"{'model__batch_size': 128, 'model__callbacks__early_stopping__patience': 10, 'model__lr': 0.0002, 'model__max_epochs': 500, 'model__module__d_model': 128, 'model__module__dim_feedforward': 384, 'model__module__dropout': 0.1, 'model__module__nhead': 4, 'model__module__num_layers': 2, 'model__module__patch_size': 16, 'model__optimizer__weight_decay': 0.0001}",0.8330241187384044,0.8925968546221711,0.6936274509803921,0.7896440129449838,0.8201058201058201,0.8057996514783543,0.06530421084885105,162,0.8693715982187036,0.886584849767245,0.9326705077271876,0.795745678538696,0.8193366266760762,0.8607418521855816,0.048692832772091126
281,1.3919407844543457,0.19812553072499103,0.02076897621154785,0.002327689428507067,128,10,0.0002,500,128,384,0.1,4,2,32,0.0001,"{'model__batch_size': 128, 'model__callbacks__early_stopping__patience': 10, 'model__lr': 0.0002, 'model__max_epochs': 500, 'model__module__d_model': 128, 'model__module__dim_feedforward': 384, 'model__module__dropout': 0.1, 'model__module__nhead': 4, 'model__module__num_layers': 2, 'model__module__patch_size': 32, 'model__optimizer__weight_decay': 0.0001}",0.84375,0.8771929824561404,0.7554879374049119,0.800273130761352,0.8466000644537544,0.8246608230152319,0.04239104246301801,74,0.8877032050452183,0.9021977130808532,0.9435781233906684,0.836559796437659,0.8420171030591554,0.8824111882027108,0.039736477475185425
282,2.8237852573394777,0.508714111664075,0.023578596115112305,0.002957373061217776,128,10,0.0002,500,128,384,0.1,4,3,16,0.0001,"{'model__batch_size': 128, 'model__callbacks__early_stopping__patience': 10, 'model__lr': 0.0002, 'model__max_epochs': 500, 'model__module__d_model': 128, 'model__module__dim_feedforward': 384, 'model__module__dropout': 0.1, 'model__module__nhead': 4, 'model__module__num_layers': 3, 'model__module__patch_size': 16, 'model__optimizer__weight_decay': 0.0001}",0.84375,0.9155354449472096,0.7056393307167941,0.7596153846153846,0.8201058201058201,0.8089291960770417,0.07183724089315222,145,0.8877032050452183,0.8934705746982154,0.9167224080267559,0.8177339901477833,0.8041128646580584,0.8639486085152063,0.044580283651597344
283,1.8632522106170655,0.37631066632094257,0.02086353302001953,0.0014671039017476856,128,10,0.0002,500,128,384,0.1,4,3,32,0.0001,"{'model__batch_size': 128, 'model__callbacks__early_stopping__patience': 10, 'model__lr': 0.0002, 'model__max_epochs': 500, 'model__module__d_model': 128, 'model__module__dim_feedforward': 384, 'model__module__dropout': 0.1, 'model__module__nhead': 4, 'model__module__num_layers': 3, 'model__module__patch_size': 32, 'model__optimizer__weight_decay': 0.0001}",0.84375,0.8961038961038961,0.7482658312821661,0.8446568794810516,0.8716981132075472,0.8408949440149321,0.050198246287811665,18,0.8811560277302601,0.9158978221301701,0.9158783783783784,0.8621663664647126,0.8400000000000001,0.8830197189407043,0.02983183883548325
284,2.134465551376343,0.14558291164923423,0.021823644638061523,0.0013746754552244297,128,10,0.0002,500,128,384,0.25,4,2,16,0.0001,"{'model__batch_size': 128, 'model__callbacks__early_stopping__patience': 10, 'model__lr': 0.0002, 'model__max_epochs': 500, 'model__module__d_model': 128, 'model__module__dim_feedforward': 384, 'model__module__dropout': 0.25, 'model__module__nhead': 4, 'model__module__num_layers': 2, 'model__module__patch_size': 16, 'model__optimizer__weight_decay': 0.0001}",0.8556998556998556,0.8961038961038961,0.6783876500857633,0.7896440129449838,0.8201058201058201,0.8079882469880639,0.0739194513552362,149,0.8787878787878789,0.888584019289931,0.9278440139095876,0.8090815273477812,0.8237976426051794,0.8656190163880717,0.04363089635524232
285,1.4667165279388428,0.14822899625237562,0.0200225830078125,0.001661940381948524,128,10,0.0002,500,128,384,0.25,4,2,32,0.0001,"{'model__batch_size': 128, 'model__callbacks__early_stopping__patience': 10, 'model__lr': 0.0002, 'model__max_epochs': 500, 'model__module__d_model': 128, 'model__module__dim_feedforward': 384, 'model__module__dropout': 0.25, 'model__module__nhead': 4, 'model__module__num_layers': 2, 'model__module__patch_size': 32, 'model__optimizer__weight_decay': 0.0001}",0.8556998556998556,0.8990990990990991,0.7427101200686106,0.7115384615384615,0.8466000644537544,0.8111295201719564,0.07153029345330164,134,0.8699901507689977,0.9199442397689933,0.9387403641134984,0.8309007813651776,0.8447125429669071,0.880857615796715,0.04194861170211758
286,2.9076931476593018,0.6850670678140917,0.022814130783081053,0.002222943911368285,128,10,0.0002,500,128,384,0.25,4,3,16,0.0001,"{'model__batch_size': 128, 'model__callbacks__early_stopping__patience': 10, 'model__lr': 0.0002, 'model__max_epochs': 500, 'model__module__d_model': 128, 'model__module__dim_feedforward': 384, 'model__module__dropout': 0.25, 'model__module__nhead': 4, 'model__module__num_layers': 3, 'model__module__patch_size': 16, 'model__optimizer__weight_decay': 0.0001}",0.8556998556998556,0.8545454545454545,0.6629901960784313,0.7596153846153846,0.7622377622377623,0.7790177306353776,0.07170075666171022,250,0.8629415271021208,0.9412924424972617,0.9387403641134984,0.8090815273477812,0.8041128646580584,0.8712337451437442,0.05983683870957707
287,1.793152093887329,0.3065125938258025,0.021593570709228516,0.001630558624492272,128,10,0.0002,500,128,384,0.25,4,3,32,0.0001,"{'model__batch_size': 128, 'model__callbacks__early_stopping__patience': 10, 'model__lr': 0.0002, 'model__max_epochs': 500, 'model__module__d_model': 128, 'model__module__dim_feedforward': 384, 'model__module__dropout': 0.25, 'model__module__nhead': 4, 'model__module__num_layers': 3, 'model__module__patch_size': 32, 'model__optimizer__weight_decay': 0.0001}",0.7773654916512059,0.9155354449472096,0.717809364548495,0.7596153846153846,0.7920489296636086,0.7924749230851807,0.06637328277198795,222,0.8974681437369385,0.9199442397689933,0.9223121243006012,0.8328580052875908,0.8382590382590382,0.8821683102706324,0.03906958383331795
