,mean_fit_time,std_fit_time,mean_score_time,std_score_time,param_model__batch_size,param_model__callbacks__early_stopping__patience,param_model__lr,param_model__max_epochs,param_model__module__d_model,param_model__module__dim_feedforward,param_model__module__dropout,param_model__module__nhead,param_model__module__num_layers,param_model__module__patch_size,param_model__optimizer__weight_decay,params,split0_test_score,split1_test_score,split2_test_score,split3_test_score,split4_test_score,mean_test_score,std_test_score,rank_test_score,split0_train_score,split1_train_score,split2_train_score,split3_train_score,split4_train_score,mean_train_score,std_train_score
0,8.748575401306152,1.0452249270065643,0.032793283462524414,0.01023302490709507,64,10,3e-05,500,96,128,0.1,4,2,16,0.0001,"{'model__batch_size': 64, 'model__callbacks__early_stopping__patience': 10, 'model__lr': 3e-05, 'model__max_epochs': 500, 'model__module__d_model': 96, 'model__module__dim_feedforward': 128, 'model__module__dropout': 0.1, 'model__module__nhead': 4, 'model__module__num_layers': 2, 'model__module__patch_size': 16, 'model__optimizer__weight_decay': 0.0001}",0.8655311519497983,0.8961038961038961,0.6746539971080355,0.8446568794810516,0.8716981132075472,0.8305288075700658,0.07964512166789034,85,0.8877032050452183,0.8879219356765906,0.9375418060200669,0.8463559322033898,0.8758705809750507,0.8870786919840633,0.02943328684073198
1,7.257373714447022,1.0082243673695424,0.02953925132751465,0.004159937309365198,64,10,3e-05,500,96,128,0.1,4,2,32,0.0001,"{'model__batch_size': 64, 'model__callbacks__early_stopping__patience': 10, 'model__lr': 3e-05, 'model__max_epochs': 500, 'model__module__d_model': 96, 'model__module__dim_feedforward': 128, 'model__module__dropout': 0.1, 'model__module__nhead': 4, 'model__module__num_layers': 2, 'model__module__patch_size': 32, 'model__optimizer__weight_decay': 0.0001}",0.84375,0.8961038961038961,0.6984126984126984,0.8179271708683473,0.8201058201058201,0.8152599170981525,0.0648556910353994,166,0.8747719477486682,0.8587300300056768,0.9271321070234114,0.839170392449081,0.8580522101714463,0.8715713374796568,0.02998242898125369
2,9.089461421966552,1.9204652017103891,0.028570890426635742,0.002957210380906181,64,10,3e-05,500,96,128,0.1,4,3,16,0.0001,"{'model__batch_size': 64, 'model__callbacks__early_stopping__patience': 10, 'model__lr': 3e-05, 'model__max_epochs': 500, 'model__module__d_model': 96, 'model__module__dim_feedforward': 128, 'model__module__dropout': 0.1, 'model__module__nhead': 4, 'model__module__num_layers': 3, 'model__module__patch_size': 16, 'model__optimizer__weight_decay': 0.0001}",0.8330241187384044,0.8771929824561404,0.717809364548495,0.87,0.8716981132075472,0.8339449157901175,0.0601398078021137,62,0.8736377025036819,0.8818910256410256,0.9326705077271876,0.84448447418082,0.8710327455919396,0.8807432911289309,0.028834836600772996
3,6.154901123046875,0.9396063159528075,0.025350189208984374,0.002968173290398993,64,10,3e-05,500,96,128,0.1,4,3,32,0.0001,"{'model__batch_size': 64, 'model__callbacks__early_stopping__patience': 10, 'model__lr': 3e-05, 'model__max_epochs': 500, 'model__module__d_model': 96, 'model__module__dim_feedforward': 128, 'model__module__dropout': 0.1, 'model__module__nhead': 4, 'model__module__num_layers': 3, 'model__module__patch_size': 32, 'model__optimizer__weight_decay': 0.0001}",0.8330241187384044,0.8587387387387387,0.710548885077187,0.8446568794810516,0.7920489296636086,0.807803510339798,0.0534702091717679,206,0.8844048748449245,0.8786590287210378,0.903355183715715,0.8527200353825741,0.8710327455919396,0.8780343736512382,0.016564754264385587
4,9.797234630584716,2.068020159636733,0.025031089782714844,0.0035163670777655707,64,10,3e-05,500,96,128,0.25,4,2,16,0.0001,"{'model__batch_size': 64, 'model__callbacks__early_stopping__patience': 10, 'model__lr': 3e-05, 'model__max_epochs': 500, 'model__module__d_model': 96, 'model__module__dim_feedforward': 128, 'model__module__dropout': 0.25, 'model__module__nhead': 4, 'model__module__num_layers': 2, 'model__module__patch_size': 16, 'model__optimizer__weight_decay': 0.0001}",0.88,0.8771929824561404,0.6746539971080355,0.7896440129449838,0.8716981132075472,0.8186378211433414,0.07947502878516795,148,0.868173327661778,0.8997618063347703,0.9430288911537741,0.8353813559322034,0.8585034013605441,0.880969756488614,0.03728609741327581
5,7.115014982223511,0.8524057581091553,0.02532196044921875,0.004281391404078754,64,10,3e-05,500,96,128,0.25,4,2,32,0.0001,"{'model__batch_size': 64, 'model__callbacks__early_stopping__patience': 10, 'model__lr': 3e-05, 'model__max_epochs': 500, 'model__module__d_model': 96, 'model__module__dim_feedforward': 128, 'model__module__dropout': 0.25, 'model__module__nhead': 4, 'model__module__num_layers': 2, 'model__module__patch_size': 32, 'model__optimizer__weight_decay': 0.0001}",0.797979797979798,0.8733031674208145,0.6783876500857633,0.87,0.7920489296636086,0.802343909029997,0.07085583842363151,224,0.8758680555555556,0.9113187347931874,0.9215352618642465,0.8303586048796463,0.821436875145315,0.87210350644759,0.0407559780699562
6,8.761894416809081,1.5591214316551418,0.02633180618286133,0.003556005076668828,64,10,3e-05,500,96,128,0.25,4,3,16,0.0001,"{'model__batch_size': 64, 'model__callbacks__early_stopping__patience': 10, 'model__lr': 3e-05, 'model__max_epochs': 500, 'model__module__d_model': 96, 'model__module__dim_feedforward': 128, 'model__module__dropout': 0.25, 'model__module__nhead': 4, 'model__module__num_layers': 3, 'model__module__patch_size': 16, 'model__optimizer__weight_decay': 0.0001}",0.8117436127297176,0.8961038961038961,0.6864548494983278,0.8446568794810516,0.8201058201058201,0.8118130115837626,0.06923455374661361,182,0.868173327661778,0.8832660172645918,0.9326705077271876,0.8573305084745764,0.8551027516544758,0.8793086225565219,0.028481953019275967
7,6.981698799133301,1.8537644633245969,0.02529311180114746,0.0035826804465269057,64,10,3e-05,500,96,128,0.25,4,3,32,0.0001,"{'model__batch_size': 64, 'model__callbacks__early_stopping__patience': 10, 'model__lr': 3e-05, 'model__max_epochs': 500, 'model__module__d_model': 96, 'model__module__dim_feedforward': 128, 'model__module__dropout': 0.25, 'model__module__nhead': 4, 'model__module__num_layers': 3, 'model__module__patch_size': 32, 'model__optimizer__weight_decay': 0.0001}",0.7726315789473684,0.8771929824561404,0.710548885077187,0.7896440129449838,0.8716981132075472,0.8043431145266453,0.06302831373084726,217,0.8727301944399808,0.8845912934544315,0.9339455157636976,0.8328580052875908,0.8353405637988778,0.8718931145489158,0.0370736393362142
8,8.044508171081542,2.0603607782307476,0.028966569900512697,0.006562608035065583,64,10,3e-05,500,96,256,0.1,4,2,16,0.0001,"{'model__batch_size': 64, 'model__callbacks__early_stopping__patience': 10, 'model__lr': 3e-05, 'model__max_epochs': 500, 'model__module__d_model': 96, 'model__module__dim_feedforward': 256, 'model__module__dropout': 0.1, 'model__module__nhead': 4, 'model__module__num_layers': 2, 'model__module__patch_size': 16, 'model__optimizer__weight_decay': 0.0001}",0.8231578947368421,0.8771929824561404,0.6984126984126984,0.7596153846153846,0.8466000644537544,0.800995804934964,0.06420677456845332,228,0.8801198801198802,0.8948259836827429,0.9167224080267559,0.8333762223365929,0.8580522101714463,0.8766193408674837,0.028867619423158176
9,9.056681489944458,1.7949635965308626,0.03331742286682129,0.005373504692174862,64,10,3e-05,500,96,256,0.1,4,2,32,0.0001,"{'model__batch_size': 64, 'model__callbacks__early_stopping__patience': 10, 'model__lr': 3e-05, 'model__max_epochs': 500, 'model__module__d_model': 96, 'model__module__dim_feedforward': 256, 'model__module__dropout': 0.1, 'model__module__nhead': 4, 'model__module__num_layers': 2, 'model__module__patch_size': 32, 'model__optimizer__weight_decay': 0.0001}",0.8330241187384044,0.8961038961038961,0.710548885077187,0.9170918367346939,0.8466000644537544,0.8406737602215874,0.0720254727300188,33,0.8626532887402453,0.9044903777619386,0.912802554331033,0.8515637792696905,0.8285714285714285,0.8720162857348672,0.03197346620672293
10,8.233403968811036,0.9212062179019317,0.028641653060913087,0.003380851393009479,64,10,3e-05,500,96,256,0.1,4,3,16,0.0001,"{'model__batch_size': 64, 'model__callbacks__early_stopping__patience': 10, 'model__lr': 3e-05, 'model__max_epochs': 500, 'model__module__d_model': 96, 'model__module__dim_feedforward': 256, 'model__module__dropout': 0.1, 'model__module__nhead': 4, 'model__module__num_layers': 3, 'model__module__patch_size': 16, 'model__optimizer__weight_decay': 0.0001}",0.8330241187384044,0.8961038961038961,0.7301587301587302,0.87,0.8955453149001535,0.8449664119802369,0.06184394942971431,24,0.8747719477486682,0.8818910256410256,0.9215352618642465,0.8759914232778899,0.8645860883364189,0.8837551493736499,0.019693847325836625
11,5.370286989212036,0.9652465089254462,0.026685571670532225,0.0029279950991825863,64,10,3e-05,500,96,256,0.1,4,3,32,0.0001,"{'model__batch_size': 64, 'model__callbacks__early_stopping__patience': 10, 'model__lr': 3e-05, 'model__max_epochs': 500, 'model__module__d_model': 96, 'model__module__dim_feedforward': 256, 'model__module__dropout': 0.1, 'model__module__nhead': 4, 'model__module__num_layers': 3, 'model__module__patch_size': 32, 'model__optimizer__weight_decay': 0.0001}",0.8330241187384044,0.8961038961038961,0.7228863290589003,0.8941023134571522,0.8466000644537544,0.8385433443624215,0.06304273779380151,41,0.8887239540381549,0.8818910256410256,0.8937532002048132,0.8560666872491509,0.8430808902792162,0.8727031514824721,0.019689784144449204
12,8.468626737594604,2.151657378487022,0.028641986846923827,0.004176837150118884,64,10,3e-05,500,96,256,0.25,4,2,16,0.0001,"{'model__batch_size': 64, 'model__callbacks__early_stopping__patience': 10, 'model__lr': 3e-05, 'model__max_epochs': 500, 'model__module__d_model': 96, 'model__module__dim_feedforward': 256, 'model__module__dropout': 0.25, 'model__module__nhead': 4, 'model__module__num_layers': 2, 'model__module__patch_size': 16, 'model__optimizer__weight_decay': 0.0001}",0.9134199134199135,0.8961038961038961,0.6864548494983278,0.87,0.8201058201058201,0.8372168958255916,0.08169613716282975,51,0.8833578792341679,0.8892104175279041,0.9369087837837837,0.8713363139592648,0.8533015956977872,0.8868229980405815,0.027891986492636096
13,6.754712772369385,1.1422615911807978,0.025761938095092772,0.003070399470206005,64,10,3e-05,500,96,256,0.25,4,2,32,0.0001,"{'model__batch_size': 64, 'model__callbacks__early_stopping__patience': 10, 'model__lr': 3e-05, 'model__max_epochs': 500, 'model__module__d_model': 96, 'model__module__dim_feedforward': 256, 'model__module__dropout': 0.25, 'model__module__nhead': 4, 'model__module__num_layers': 2, 'model__module__patch_size': 32, 'model__optimizer__weight_decay': 0.0001}",0.8330241187384044,0.8961038961038961,0.710548885077187,0.8179271708683473,0.8201058201058201,0.8155419781787311,0.059742640140289655,164,0.8705294705294705,0.863329457601534,0.9025440313111546,0.8347432335082845,0.8005133846718006,0.8543319155244488,0.034490217124478056
14,9.222711515426635,2.2746159708914737,0.029825925827026367,0.0031285939640762137,64,10,3e-05,500,96,256,0.25,4,3,16,0.0001,"{'model__batch_size': 64, 'model__callbacks__early_stopping__patience': 10, 'model__lr': 3e-05, 'model__max_epochs': 500, 'model__module__d_model': 96, 'model__module__dim_feedforward': 256, 'model__module__dropout': 0.25, 'model__module__nhead': 4, 'model__module__num_layers': 3, 'model__module__patch_size': 16, 'model__optimizer__weight_decay': 0.0001}",0.8330241187384044,0.8545454545454545,0.6936274509803921,0.8179271708683473,0.9182692307692308,0.8234786851803658,0.07339437216577603,125,0.8656488549618321,0.9021977130808532,0.9190770230744232,0.8454049603787177,0.859818201730369,0.878429350645239,0.027631484263794186
15,5.5873863697052,0.4106995472853798,0.026062917709350587,0.004372175430376271,64,10,3e-05,500,96,256,0.25,4,3,32,0.0001,"{'model__batch_size': 64, 'model__callbacks__early_stopping__patience': 10, 'model__lr': 3e-05, 'model__max_epochs': 500, 'model__module__d_model': 96, 'model__module__dim_feedforward': 256, 'model__module__dropout': 0.25, 'model__module__nhead': 4, 'model__module__num_layers': 3, 'model__module__patch_size': 32, 'model__optimizer__weight_decay': 0.0001}",0.7916666666666666,0.8587387387387387,0.6666666666666667,0.9170918367346939,0.8716981132075472,0.8211724044028628,0.08707149450569306,132,0.8663194444444444,0.8871017156862745,0.9198927613941019,0.8576488549618321,0.8307326104205237,0.8723390773814353,0.029874487648490298
16,7.858185529708862,1.4132323588808922,0.026800537109375,0.004808143974306322,64,10,3e-05,500,96,384,0.1,4,2,16,0.0001,"{'model__batch_size': 64, 'model__callbacks__early_stopping__patience': 10, 'model__lr': 3e-05, 'model__max_epochs': 500, 'model__module__d_model': 96, 'model__module__dim_feedforward': 384, 'model__module__dropout': 0.1, 'model__module__nhead': 4, 'model__module__num_layers': 2, 'model__module__patch_size': 16, 'model__optimizer__weight_decay': 0.0001}",0.8330241187384044,0.8961038961038961,0.6864548494983278,0.87,0.8716981132075472,0.8314561955096351,0.07524920029483953,76,0.8822742474916387,0.8832660172645918,0.9326705077271876,0.8481574539363484,0.8662486938349008,0.8825233840509334,0.0281468658304441
17,5.600611591339112,1.1145125373854872,0.025952959060668947,0.005013444489844685,64,10,3e-05,500,96,384,0.1,4,2,32,0.0001,"{'model__batch_size': 64, 'model__callbacks__early_stopping__patience': 10, 'model__lr': 3e-05, 'model__max_epochs': 500, 'model__module__d_model': 96, 'model__module__dim_feedforward': 384, 'model__module__dropout': 0.1, 'model__module__nhead': 4, 'model__module__num_layers': 2, 'model__module__patch_size': 32, 'model__optimizer__weight_decay': 0.0001}",0.8556998556998556,0.8733031674208145,0.710548885077187,0.87,0.8201058201058201,0.8259315456607356,0.06069489095499974,112,0.871648509948681,0.8726538370159183,0.9381520119225037,0.8527200353825741,0.807680925171307,0.8685710638881968,0.04201550222874578
18,7.523375463485718,2.1471560749021554,0.029998064041137695,0.0033870178761208325,64,10,3e-05,500,96,384,0.1,4,3,16,0.0001,"{'model__batch_size': 64, 'model__callbacks__early_stopping__patience': 10, 'model__lr': 3e-05, 'model__max_epochs': 500, 'model__module__d_model': 96, 'model__module__dim_feedforward': 384, 'model__module__dropout': 0.1, 'model__module__nhead': 4, 'model__module__num_layers': 3, 'model__module__patch_size': 16, 'model__optimizer__weight_decay': 0.0001}",0.8117436127297176,0.8771929824561404,0.7301587301587302,0.7596153846153846,0.8716981132075472,0.810081764633504,0.058715924007239045,197,0.8790477761284292,0.8837550345967159,0.9271321070234114,0.8471976401179941,0.8514285714285714,0.8777122258590243,0.028644700450277782
19,5.662995624542236,1.048959838389928,0.02619280815124512,0.0035696332051471332,64,10,3e-05,500,96,384,0.1,4,3,32,0.0001,"{'model__batch_size': 64, 'model__callbacks__early_stopping__patience': 10, 'model__lr': 3e-05, 'model__max_epochs': 500, 'model__module__d_model': 96, 'model__module__dim_feedforward': 384, 'model__module__dropout': 0.1, 'model__module__nhead': 4, 'model__module__num_layers': 3, 'model__module__patch_size': 32, 'model__optimizer__weight_decay': 0.0001}",0.7916666666666666,0.8771929824561404,0.7482658312821661,0.8179271708683473,0.8466000644537544,0.8163305431454149,0.044416531749247236,158,0.8844048748449245,0.8938781975132652,0.8926168707952389,0.8606143401225368,0.8307326104205237,0.8724493787392978,0.02403835599631613
20,7.990841913223266,1.615969452356044,0.026039600372314453,0.002896988272945064,64,10,3e-05,500,96,384,0.25,4,2,16,0.0001,"{'model__batch_size': 64, 'model__callbacks__early_stopping__patience': 10, 'model__lr': 3e-05, 'model__max_epochs': 500, 'model__module__d_model': 96, 'model__module__dim_feedforward': 384, 'model__module__dropout': 0.25, 'model__module__nhead': 4, 'model__module__num_layers': 2, 'model__module__patch_size': 16, 'model__optimizer__weight_decay': 0.0001}",0.8330241187384044,0.8771929824561404,0.6864548494983278,0.7896440129449838,0.7920489296636086,0.795672978660293,0.0632751145085904,245,0.8833578792341679,0.8879219356765906,0.9381520119225037,0.8463559322033898,0.8309923281808456,0.8773560174434994,0.03729453280225338
21,5.433197164535523,0.9586749872015374,0.02352747917175293,0.0028920753650871537,64,10,3e-05,500,96,384,0.25,4,2,32,0.0001,"{'model__batch_size': 64, 'model__callbacks__early_stopping__patience': 10, 'model__lr': 3e-05, 'model__max_epochs': 500, 'model__module__d_model': 96, 'model__module__dim_feedforward': 384, 'model__module__dropout': 0.25, 'model__module__nhead': 4, 'model__module__num_layers': 2, 'model__module__patch_size': 32, 'model__optimizer__weight_decay': 0.0001}",0.8117436127297176,0.8587387387387387,0.6864548494983278,0.7596153846153846,0.8201058201058201,0.7873316811375977,0.05952038763130533,263,0.8854166666666667,0.8772478343124563,0.9271321070234114,0.8156197654941373,0.7987014445867313,0.8608235636166807,0.04727354725787457
22,7.801861906051636,1.5309436405041708,0.028506994247436523,0.0022923175418920615,64,10,3e-05,500,96,384,0.25,4,3,16,0.0001,"{'model__batch_size': 64, 'model__callbacks__early_stopping__patience': 10, 'model__lr': 3e-05, 'model__max_epochs': 500, 'model__module__d_model': 96, 'model__module__dim_feedforward': 384, 'model__module__dropout': 0.25, 'model__module__nhead': 4, 'model__module__num_layers': 3, 'model__module__patch_size': 16, 'model__optimizer__weight_decay': 0.0001}",0.8556998556998556,0.8733031674208145,0.6936274509803921,0.7896440129449838,0.8466000644537544,0.81177491029996,0.06538580484471346,184,0.8787878787878789,0.8879219356765906,0.9136210590756045,0.8425395171096057,0.8373891140072282,0.8720519009313816,0.02862766461138547
23,5.5466766357421875,0.43314056778336113,0.02544708251953125,0.0024256149830781688,64,10,3e-05,500,96,384,0.25,4,3,32,0.0001,"{'model__batch_size': 64, 'model__callbacks__early_stopping__patience': 10, 'model__lr': 3e-05, 'model__max_epochs': 500, 'model__module__d_model': 96, 'model__module__dim_feedforward': 384, 'model__module__dropout': 0.25, 'model__module__nhead': 4, 'model__module__num_layers': 3, 'model__module__patch_size': 32, 'model__optimizer__weight_decay': 0.0001}",0.8117436127297176,0.8733031674208145,0.7228863290589003,0.7596153846153846,0.8466000644537544,0.8028297116557143,0.05517287715257689,223,0.871648509948681,0.8804638715432649,0.9207292484665832,0.8621663664647126,0.8285714285714285,0.872715884998934,0.02975392085439981
24,7.101970672607422,1.583109586216365,0.026510190963745118,0.0036000345181930052,64,10,3e-05,500,128,128,0.1,4,2,16,0.0001,"{'model__batch_size': 64, 'model__callbacks__early_stopping__patience': 10, 'model__lr': 3e-05, 'model__max_epochs': 500, 'model__module__d_model': 128, 'model__module__dim_feedforward': 128, 'model__module__dropout': 0.1, 'model__module__nhead': 4, 'model__module__num_layers': 2, 'model__module__patch_size': 16, 'model__optimizer__weight_decay': 0.0001}",0.8556998556998556,0.8961038961038961,0.7056393307167941,0.9170918367346939,0.8955453149001535,0.8540160468310786,0.07680248372532629,3,0.8844048748449245,0.9199442397689933,0.9375418060200669,0.8681933842239187,0.8631513674171959,0.8946471344550199,0.02924580144379864
25,5.757200908660889,1.0652604513777715,0.026198625564575195,0.003464982030779836,64,10,3e-05,500,128,128,0.1,4,2,32,0.0001,"{'model__batch_size': 64, 'model__callbacks__early_stopping__patience': 10, 'model__lr': 3e-05, 'model__max_epochs': 500, 'model__module__d_model': 128, 'model__module__dim_feedforward': 128, 'model__module__dropout': 0.1, 'model__module__nhead': 4, 'model__module__num_layers': 2, 'model__module__patch_size': 32, 'model__optimizer__weight_decay': 0.0001}",0.797979797979798,0.8771929824561404,0.6984126984126984,0.7276190476190476,0.8201058201058201,0.7842620693147009,0.06432363727105411,268,0.8747719477486682,0.8871017156862745,0.9524375490799499,0.8156197654941373,0.8539028978461669,0.8767667751710393,0.0449412283646674
26,6.794813346862793,1.0106491839330314,0.029247236251831055,0.002940232044109039,64,10,3e-05,500,128,128,0.1,4,3,16,0.0001,"{'model__batch_size': 64, 'model__callbacks__early_stopping__patience': 10, 'model__lr': 3e-05, 'model__max_epochs': 500, 'model__module__d_model': 128, 'model__module__dim_feedforward': 128, 'model__module__dropout': 0.1, 'model__module__nhead': 4, 'model__module__num_layers': 3, 'model__module__patch_size': 16, 'model__optimizer__weight_decay': 0.0001}",0.8330241187384044,0.9155354449472096,0.7301587301587302,0.87,0.7920489296636086,0.8281534447015906,0.06374475932546243,99,0.8833578792341679,0.891330792312059,0.9387403641134984,0.8555927260250471,0.8494798733604704,0.8837003270090487,0.031776795422661826
27,5.3242422580719,1.2535684765776716,0.026477289199829102,0.0036652417228902477,64,10,3e-05,500,128,128,0.1,4,3,32,0.0001,"{'model__batch_size': 64, 'model__callbacks__early_stopping__patience': 10, 'model__lr': 3e-05, 'model__max_epochs': 500, 'model__module__d_model': 128, 'model__module__dim_feedforward': 128, 'model__module__dropout': 0.1, 'model__module__nhead': 4, 'model__module__num_layers': 3, 'model__module__patch_size': 32, 'model__optimizer__weight_decay': 0.0001}",0.82,0.9155354449472096,0.6902847207128885,0.8941023134571522,0.8466000644537544,0.8333045087142008,0.07907811511386617,69,0.8940378019411808,0.9239315546184413,0.9484600099354197,0.8652080687803152,0.819448117781892,0.8902171106114498,0.04511584922845006
28,7.534892511367798,1.950198700410573,0.026828289031982422,0.003807958202446656,64,10,3e-05,500,128,128,0.25,4,2,16,0.0001,"{'model__batch_size': 64, 'model__callbacks__early_stopping__patience': 10, 'model__lr': 3e-05, 'model__max_epochs': 500, 'model__module__d_model': 128, 'model__module__dim_feedforward': 128, 'model__module__dropout': 0.25, 'model__module__nhead': 4, 'model__module__num_layers': 2, 'model__module__patch_size': 16, 'model__optimizer__weight_decay': 0.0001}",0.888682745825603,0.8961038961038961,0.7301587301587302,0.8179271708683473,0.8716981132075472,0.8409141312328249,0.0617585029720429,32,0.8854166666666667,0.9092701384048592,0.9430288911537741,0.8222679704923658,0.86151682354214,0.8843000980519612,0.041087426852632246
29,5.2416496753692625,0.5557075895836494,0.02458782196044922,0.0037606608701677667,64,10,3e-05,500,128,128,0.25,4,2,32,0.0001,"{'model__batch_size': 64, 'model__callbacks__early_stopping__patience': 10, 'model__lr': 3e-05, 'model__max_epochs': 500, 'model__module__d_model': 128, 'model__module__dim_feedforward': 128, 'model__module__dropout': 0.25, 'model__module__nhead': 4, 'model__module__num_layers': 2, 'model__module__patch_size': 32, 'model__optimizer__weight_decay': 0.0001}",0.8330241187384044,0.8587387387387387,0.681136719624077,0.8941023134571522,0.7920489296636086,0.8118101640443962,0.0733353616102027,183,0.8693715982187036,0.8892104175279041,0.9158783783783784,0.8651041666666667,0.8171428571428572,0.871341483586902,0.03250572096417289
30,7.650949859619141,1.6488711288850932,0.028258085250854492,0.0041024272676867465,64,10,3e-05,500,128,128,0.25,4,3,16,0.0001,"{'model__batch_size': 64, 'model__callbacks__early_stopping__patience': 10, 'model__lr': 3e-05, 'model__max_epochs': 500, 'model__module__d_model': 128, 'model__module__dim_feedforward': 128, 'model__module__dropout': 0.25, 'model__module__nhead': 4, 'model__module__num_layers': 3, 'model__module__patch_size': 16, 'model__optimizer__weight_decay': 0.0001}",0.8117436127297176,0.8771929824561404,0.7301587301587302,0.7276190476190476,0.8716981132075472,0.8036824972342366,0.06524766620984354,219,0.8887239540381549,0.9055746946445349,0.9278440139095876,0.8312923397602918,0.8426480296856148,0.8792166064076368,0.036834112917220184
31,5.047646808624267,0.8611235340571868,0.02788710594177246,0.002223503188230815,64,10,3e-05,500,128,128,0.25,4,3,32,0.0001,"{'model__batch_size': 64, 'model__callbacks__early_stopping__patience': 10, 'model__lr': 3e-05, 'model__max_epochs': 500, 'model__module__d_model': 128, 'model__module__dim_feedforward': 128, 'model__module__dropout': 0.25, 'model__module__nhead': 4, 'model__module__num_layers': 3, 'model__module__patch_size': 32, 'model__optimizer__weight_decay': 0.0001}",0.82,0.9155354449472096,0.6902847207128885,0.8179271708683473,0.7622377622377623,0.8011970197532415,0.07419715267165583,227,0.8897102897102898,0.918989178405175,0.9215352618642465,0.8328580052875908,0.8005133846718006,0.8727212239878206,0.04819794708848174
32,6.846020650863648,1.6803438071367083,0.027321004867553712,0.0035343488407709425,64,10,3e-05,500,128,256,0.1,4,2,16,0.0001,"{'model__batch_size': 64, 'model__callbacks__early_stopping__patience': 10, 'model__lr': 3e-05, 'model__max_epochs': 500, 'model__module__d_model': 128, 'model__module__dim_feedforward': 256, 'model__module__dropout': 0.1, 'model__module__nhead': 4, 'model__module__num_layers': 2, 'model__module__patch_size': 16, 'model__optimizer__weight_decay': 0.0001}",0.8556998556998556,0.8771929824561404,0.717809364548495,0.8446568794810516,0.7920489296636086,0.8174816023698301,0.05717684027432099,153,0.8866466294547015,0.9229885057471264,0.9375418060200669,0.826465661641541,0.8426480296856148,0.8832581265098101,0.04338494411107356
33,4.682739543914795,0.9200664960633409,0.024696874618530273,0.0028415901897862706,64,10,3e-05,500,128,256,0.1,4,2,32,0.0001,"{'model__batch_size': 64, 'model__callbacks__early_stopping__patience': 10, 'model__lr': 3e-05, 'model__max_epochs': 500, 'model__module__d_model': 128, 'model__module__dim_feedforward': 256, 'model__module__dropout': 0.1, 'model__module__nhead': 4, 'model__module__num_layers': 2, 'model__module__patch_size': 32, 'model__optimizer__weight_decay': 0.0001}",0.8556998556998556,0.9155354449472096,0.710548885077187,0.8446568794810516,0.8201058201058201,0.8293093770622247,0.06716501752147938,90,0.8993006993006993,0.9033653846153846,0.9484600099354197,0.8590033500837522,0.8282808611922536,0.8876820610255018,0.04105091831080362
34,7.409516716003418,1.101812948004587,0.033303117752075194,0.00717690973050295,64,10,3e-05,500,128,256,0.1,4,3,16,0.0001,"{'model__batch_size': 64, 'model__callbacks__early_stopping__patience': 10, 'model__lr': 3e-05, 'model__max_epochs': 500, 'model__module__d_model': 128, 'model__module__dim_feedforward': 256, 'model__module__dropout': 0.1, 'model__module__nhead': 4, 'model__module__num_layers': 3, 'model__module__patch_size': 16, 'model__optimizer__weight_decay': 0.0001}",0.8330241187384044,0.9155354449472096,0.717809364548495,0.8446568794810516,0.8716981132075472,0.8365447841845416,0.06580513973931514,54,0.8724637681159421,0.8899835796387521,0.9278440139095876,0.8519088669950738,0.8710327455919396,0.8826465948502591,0.02561256490087102
35,5.322179794311523,1.053339287143816,0.030119991302490233,0.005224036228104358,64,10,3e-05,500,128,256,0.1,4,3,32,0.0001,"{'model__batch_size': 64, 'model__callbacks__early_stopping__patience': 10, 'model__lr': 3e-05, 'model__max_epochs': 500, 'model__module__d_model': 128, 'model__module__dim_feedforward': 256, 'model__module__dropout': 0.1, 'model__module__nhead': 4, 'model__module__num_layers': 3, 'model__module__patch_size': 32, 'model__optimizer__weight_decay': 0.0001}",0.8117436127297176,0.8771929824561404,0.7228863290589003,0.7596153846153846,0.8201058201058201,0.7983088257931925,0.053035927515852614,236,0.9072330824286585,0.8851967443852885,0.9430288911537741,0.8309007813651776,0.8373891140072282,0.8807497226680254,0.042343591028845835
36,6.794877195358277,1.6419745088990314,0.026875877380371095,0.002993720394967096,64,10,3e-05,500,128,256,0.25,4,2,16,0.0001,"{'model__batch_size': 64, 'model__callbacks__early_stopping__patience': 10, 'model__lr': 3e-05, 'model__max_epochs': 500, 'model__module__d_model': 128, 'model__module__dim_feedforward': 256, 'model__module__dropout': 0.25, 'model__module__nhead': 4, 'model__module__num_layers': 2, 'model__module__patch_size': 16, 'model__optimizer__weight_decay': 0.0001}",0.8117436127297176,0.8771929824561404,0.7427101200686106,0.8179271708683473,0.9182692307692308,0.8335686233784093,0.06008915267742364,64,0.8877032050452183,0.9092701384048592,0.9319972269490138,0.849109936346963,0.8740992580238203,0.8904359529539748,0.02851056365162139
37,5.504518461227417,0.814432102843561,0.03000221252441406,0.007214015739174019,64,10,3e-05,500,128,256,0.25,4,2,32,0.0001,"{'model__batch_size': 64, 'model__callbacks__early_stopping__patience': 10, 'model__lr': 3e-05, 'model__max_epochs': 500, 'model__module__d_model': 128, 'model__module__dim_feedforward': 256, 'model__module__dropout': 0.25, 'model__module__nhead': 4, 'model__module__num_layers': 2, 'model__module__patch_size': 32, 'model__optimizer__weight_decay': 0.0001}",0.7773654916512059,0.9155354449472096,0.6693121693121693,0.8446568794810516,0.7622377622377623,0.7938215495258797,0.08266731679657154,248,0.868173327661778,0.9151025580106122,0.9369087837837837,0.8328580052875908,0.7828054298642534,0.8671696209216035,0.0555998712626102
38,6.563272476196289,1.1987023117993179,0.029889726638793947,0.0035549054324477487,64,10,3e-05,500,128,256,0.25,4,3,16,0.0001,"{'model__batch_size': 64, 'model__callbacks__early_stopping__patience': 10, 'model__lr': 3e-05, 'model__max_epochs': 500, 'model__module__d_model': 128, 'model__module__dim_feedforward': 256, 'model__module__dropout': 0.25, 'model__module__nhead': 4, 'model__module__num_layers': 3, 'model__module__patch_size': 16, 'model__optimizer__weight_decay': 0.0001}",0.8330241187384044,0.9155354449472096,0.6817538896746818,0.8179271708683473,0.8201058201058201,0.8136692888668927,0.07511664826322194,174,0.8779382663534983,0.888584019289931,0.9230610773509115,0.8547587537291672,0.8474514118078476,0.8783587057062711,0.02688960537915805
39,5.25577449798584,0.8775013732738702,0.027384424209594728,0.0023866790399773483,64,10,3e-05,500,128,256,0.25,4,3,32,0.0001,"{'model__batch_size': 64, 'model__callbacks__early_stopping__patience': 10, 'model__lr': 3e-05, 'model__max_epochs': 500, 'model__module__d_model': 128, 'model__module__dim_feedforward': 256, 'model__module__dropout': 0.25, 'model__module__nhead': 4, 'model__module__num_layers': 3, 'model__module__patch_size': 32, 'model__optimizer__weight_decay': 0.0001}",0.8117436127297176,0.8771929824561404,0.6984126984126984,0.7596153846153846,0.8466000644537544,0.7987129485335391,0.06357806144210397,234,0.8906635455118395,0.886584849767245,0.9435781233906684,0.8373115577889447,0.8412555862039472,0.8798787325325289,0.03878816415617616
40,6.148391485214233,0.8003959478228826,0.02882828712463379,0.002681537355886148,64,10,3e-05,500,128,384,0.1,4,2,16,0.0001,"{'model__batch_size': 64, 'model__callbacks__early_stopping__patience': 10, 'model__lr': 3e-05, 'model__max_epochs': 500, 'model__module__d_model': 128, 'model__module__dim_feedforward': 384, 'model__module__dropout': 0.1, 'model__module__nhead': 4, 'model__module__num_layers': 2, 'model__module__patch_size': 16, 'model__optimizer__weight_decay': 0.0001}",0.8655311519497983,0.8961038961038961,0.6936274509803921,0.9170918367346939,0.8716981132075472,0.8488104897952656,0.07972980371768483,13,0.8844048748449245,0.9044903777619386,0.9375418060200669,0.8454049603787177,0.8580522101714463,0.8859788458354189,0.03295460581621588
41,5.086924505233765,0.7914096942239384,0.026678133010864257,0.003436089410339725,64,10,3e-05,500,128,384,0.1,4,2,32,0.0001,"{'model__batch_size': 64, 'model__callbacks__early_stopping__patience': 10, 'model__lr': 3e-05, 'model__max_epochs': 500, 'model__module__d_model': 128, 'model__module__dim_feedforward': 384, 'model__module__dropout': 0.1, 'model__module__nhead': 4, 'model__module__num_layers': 2, 'model__module__patch_size': 32, 'model__optimizer__weight_decay': 0.0001}",0.7773654916512059,0.8961038961038961,0.6693121693121693,0.8446568794810516,0.8466000644537544,0.8068077002004156,0.07843681264102556,210,0.8984001319478806,0.9265580958346382,0.9484600099354197,0.8284484186123531,0.8149600262840871,0.8833653365228757,0.05296060871775805
42,6.858197927474976,1.318786491603734,0.028158044815063475,0.00382033530048648,64,10,3e-05,500,128,384,0.1,4,3,16,0.0001,"{'model__batch_size': 64, 'model__callbacks__early_stopping__patience': 10, 'model__lr': 3e-05, 'model__max_epochs': 500, 'model__module__d_model': 128, 'model__module__dim_feedforward': 384, 'model__module__dropout': 0.1, 'model__module__nhead': 4, 'model__module__num_layers': 3, 'model__module__patch_size': 16, 'model__optimizer__weight_decay': 0.0001}",0.8330241187384044,0.8961038961038961,0.6936274509803921,0.87,0.8716981132075472,0.8328907158060481,0.07248902531566657,72,0.8866466294547015,0.8804638715432649,0.9223121243006012,0.8463559322033898,0.8379014020805066,0.8747359919164927,0.030332738293534316
43,4.743725347518921,0.8471271365765993,0.02865324020385742,0.004225758199166655,64,10,3e-05,500,128,384,0.1,4,3,32,0.0001,"{'model__batch_size': 64, 'model__callbacks__early_stopping__patience': 10, 'model__lr': 3e-05, 'model__max_epochs': 500, 'model__module__d_model': 128, 'model__module__dim_feedforward': 384, 'model__module__dropout': 0.1, 'model__module__nhead': 4, 'model__module__num_layers': 3, 'model__module__patch_size': 32, 'model__optimizer__weight_decay': 0.0001}",0.8556998556998556,0.8961038961038961,0.7354497354497355,0.8446568794810516,0.8201058201058201,0.8304032373680718,0.05344504860070485,86,0.8854166666666667,0.8804638715432649,0.9278440139095876,0.8667284141195842,0.8309923281808456,0.8782890588839898,0.031246937171409823
44,6.977309799194336,1.4722064198125524,0.028969001770019532,0.003020151679282732,64,10,3e-05,500,128,384,0.25,4,2,16,0.0001,"{'model__batch_size': 64, 'model__callbacks__early_stopping__patience': 10, 'model__lr': 3e-05, 'model__max_epochs': 500, 'model__module__d_model': 128, 'model__module__dim_feedforward': 384, 'model__module__dropout': 0.25, 'model__module__nhead': 4, 'model__module__num_layers': 2, 'model__module__patch_size': 16, 'model__optimizer__weight_decay': 0.0001}",0.8556998556998556,0.8961038961038961,0.7301587301587302,0.9170918367346939,0.8466000644537544,0.8491308766301859,0.06485227025959803,12,0.8877032050452183,0.9297906212844851,0.9326705077271876,0.8454049603787177,0.8645860883364189,0.8920310765544055,0.03470820981838265
45,5.0744414806365965,0.9066671463818597,0.025536155700683592,0.004156076116322354,64,10,3e-05,500,128,384,0.25,4,2,32,0.0001,"{'model__batch_size': 64, 'model__callbacks__early_stopping__patience': 10, 'model__lr': 3e-05, 'model__max_epochs': 500, 'model__module__d_model': 128, 'model__module__dim_feedforward': 384, 'model__module__dropout': 0.25, 'model__module__nhead': 4, 'model__module__num_layers': 2, 'model__module__patch_size': 32, 'model__optimizer__weight_decay': 0.0001}",0.88,0.8961038961038961,0.7023809523809523,0.8941023134571522,0.8201058201058201,0.8385385964095642,0.07348307238870422,42,0.8779382663534983,0.8832660172645918,0.9424591920337808,0.8436413597851656,0.8647249054131174,0.8824059481700308,0.032992134165100766
46,7.128484392166138,1.3803396056723614,0.0289154052734375,0.0029210473401253445,64,10,3e-05,500,128,384,0.25,4,3,16,0.0001,"{'model__batch_size': 64, 'model__callbacks__early_stopping__patience': 10, 'model__lr': 3e-05, 'model__max_epochs': 500, 'model__module__d_model': 128, 'model__module__dim_feedforward': 384, 'model__module__dropout': 0.25, 'model__module__nhead': 4, 'model__module__num_layers': 3, 'model__module__patch_size': 16, 'model__optimizer__weight_decay': 0.0001}",0.8330241187384044,0.9155354449472096,0.6817538896746818,0.8446568794810516,0.9182692307692308,0.8386479127221158,0.08594732818129332,40,0.8779382663534983,0.888584019289931,0.9223121243006012,0.8509495492039133,0.8850471486304445,0.8849662215556776,0.022866296655478843
47,4.532512283325195,0.49731685420711863,0.025642871856689453,0.003717418439328579,64,10,3e-05,500,128,384,0.25,4,3,32,0.0001,"{'model__batch_size': 64, 'model__callbacks__early_stopping__patience': 10, 'model__lr': 3e-05, 'model__max_epochs': 500, 'model__module__d_model': 128, 'model__module__dim_feedforward': 384, 'model__module__dropout': 0.25, 'model__module__nhead': 4, 'model__module__num_layers': 3, 'model__module__patch_size': 32, 'model__optimizer__weight_decay': 0.0001}",0.8556998556998556,0.8961038961038961,0.6864548494983278,0.87,0.8466000644537544,0.8309717331511667,0.0741704236322528,80,0.8801198801198802,0.8681076399141716,0.9369087837837837,0.8498923662858089,0.7987014445867313,0.8667460229380751,0.0447607807165283
48,3.945587730407715,1.3399014155572075,0.025748062133789062,0.0035426203429884144,64,10,0.0001,500,96,128,0.1,4,2,16,0.0001,"{'model__batch_size': 64, 'model__callbacks__early_stopping__patience': 10, 'model__lr': 0.0001, 'model__max_epochs': 500, 'model__module__d_model': 96, 'model__module__dim_feedforward': 128, 'model__module__dropout': 0.1, 'model__module__nhead': 4, 'model__module__num_layers': 2, 'model__module__patch_size': 16, 'model__optimizer__weight_decay': 0.0001}",0.888682745825603,0.9155354449472096,0.7301587301587302,0.87,0.7920489296636086,0.8392851701190303,0.06831905734485476,38,0.8854166666666667,0.9893878197513265,0.9381520119225037,0.8373115577889447,0.8742857142857143,0.9049107540830311,0.05315810322625575
49,2.8409705638885496,0.5497343634509824,0.0249422550201416,0.002795554458721601,64,10,0.0001,500,96,128,0.1,4,2,32,0.0001,"{'model__batch_size': 64, 'model__callbacks__early_stopping__patience': 10, 'model__lr': 0.0001, 'model__max_epochs': 500, 'model__module__d_model': 96, 'model__module__dim_feedforward': 128, 'model__module__dropout': 0.1, 'model__module__nhead': 4, 'model__module__num_layers': 2, 'model__module__patch_size': 32, 'model__optimizer__weight_decay': 0.0001}",0.8117436127297176,0.8771929824561404,0.7056393307167941,0.87,0.8201058201058201,0.8169363492016946,0.0614339470793031,155,0.8596954203089779,0.9151025580106122,0.9326705077271876,0.8260152671755725,0.7932387215876312,0.8653444949619964,0.052510188706261236
50,4.108947896957398,1.062491340430114,0.028896522521972657,0.005671576351827067,64,10,0.0001,500,96,128,0.1,4,3,16,0.0001,"{'model__batch_size': 64, 'model__callbacks__early_stopping__patience': 10, 'model__lr': 0.0001, 'model__max_epochs': 500, 'model__module__d_model': 96, 'model__module__dim_feedforward': 128, 'model__module__dropout': 0.1, 'model__module__nhead': 4, 'model__module__num_layers': 3, 'model__module__patch_size': 16, 'model__optimizer__weight_decay': 0.0001}",0.8330241187384044,0.8771929824561404,0.67,0.8446568794810516,0.8201058201058201,0.8089959601562834,0.07203220578375732,202,0.8854166666666667,0.908187735525865,0.9230610773509115,0.8527200353825741,0.8439568094740508,0.8826684648800136,0.030613231202255075
51,2.9084091663360594,0.5483854711675705,0.025219821929931642,0.003289023918294832,64,10,0.0001,500,96,128,0.1,4,3,32,0.0001,"{'model__batch_size': 64, 'model__callbacks__early_stopping__patience': 10, 'model__lr': 0.0001, 'model__max_epochs': 500, 'model__module__d_model': 96, 'model__module__dim_feedforward': 128, 'model__module__dropout': 0.1, 'model__module__nhead': 4, 'model__module__num_layers': 3, 'model__module__patch_size': 32, 'model__optimizer__weight_decay': 0.0001}",0.8330241187384044,0.9155354449472096,0.6936274509803921,0.7276190476190476,0.8466000644537544,0.8032812253477616,0.08137676169310328,221,0.8705294705294705,0.8926282051282051,0.9278440139095876,0.8425395171096057,0.821664925113201,0.8710412263580141,0.03726441405625817
52,3.7671347141265867,0.9664187719798132,0.02579464912414551,0.0028473583040890572,64,10,0.0001,500,96,128,0.25,4,2,16,0.0001,"{'model__batch_size': 64, 'model__callbacks__early_stopping__patience': 10, 'model__lr': 0.0001, 'model__max_epochs': 500, 'model__module__d_model': 96, 'model__module__dim_feedforward': 128, 'model__module__dropout': 0.25, 'model__module__nhead': 4, 'model__module__num_layers': 2, 'model__module__patch_size': 16, 'model__optimizer__weight_decay': 0.0001}",0.8556998556998556,0.8587387387387387,0.6629901960784313,0.6566436407964242,0.8955453149001535,0.7859235492427207,0.10393615378499708,265,0.8822742474916387,0.9306183411331276,0.9441077441077441,0.7670702179176756,0.8678482319538845,0.8783837565208141,0.06255386710379258
53,2.6434918880462646,0.17564879280886306,0.02346205711364746,0.0030809697428618396,64,10,0.0001,500,96,128,0.25,4,2,32,0.0001,"{'model__batch_size': 64, 'model__callbacks__early_stopping__patience': 10, 'model__lr': 0.0001, 'model__max_epochs': 500, 'model__module__d_model': 96, 'model__module__dim_feedforward': 128, 'model__module__dropout': 0.25, 'model__module__nhead': 4, 'model__module__num_layers': 2, 'model__module__patch_size': 32, 'model__optimizer__weight_decay': 0.0001}",0.7916666666666666,0.8961038961038961,0.717809364548495,0.87,0.8201058201058201,0.8191371494849756,0.0625040725021837,145,0.8801198801198802,0.8837550345967159,0.9119537408740146,0.8527200353825741,0.8585034013605441,0.8774104184667457,0.021013932387425032
54,3.6218762397766113,0.5272198118228377,0.028324604034423828,0.004041568690993668,64,10,0.0001,500,96,128,0.25,4,3,16,0.0001,"{'model__batch_size': 64, 'model__callbacks__early_stopping__patience': 10, 'model__lr': 0.0001, 'model__max_epochs': 500, 'model__module__d_model': 96, 'model__module__dim_feedforward': 128, 'model__module__dropout': 0.25, 'model__module__nhead': 4, 'model__module__num_layers': 3, 'model__module__patch_size': 16, 'model__optimizer__weight_decay': 0.0001}",0.8556998556998556,0.8771929824561404,0.6936274509803921,0.9170918367346939,0.9182692307692308,0.8523762713280625,0.08289522282482055,4,0.8910564225690276,0.8879219356765906,0.9271321070234114,0.8481574539363484,0.8662486938349008,0.8841033226080558,0.02655295439791365
55,2.7971470832824705,0.5839124708370672,0.024808120727539063,0.003737211926778092,64,10,0.0001,500,96,128,0.25,4,3,32,0.0001,"{'model__batch_size': 64, 'model__callbacks__early_stopping__patience': 10, 'model__lr': 0.0001, 'model__max_epochs': 500, 'model__module__d_model': 96, 'model__module__dim_feedforward': 128, 'model__module__dropout': 0.25, 'model__module__nhead': 4, 'model__module__num_layers': 3, 'model__module__patch_size': 32, 'model__optimizer__weight_decay': 0.0001}",0.7670807453416149,0.8545454545454545,0.6936274509803921,0.7896440129449838,0.7920489296636086,0.7793893186952108,0.05180823909746923,277,0.8644259885605001,0.8711538461538462,0.9230610773509115,0.84448447418082,0.7751560756759324,0.855656292384402,0.04788649327800841
56,3.7803764820098875,1.5088214822134633,0.0258544921875,0.003927838363385813,64,10,0.0001,500,96,256,0.1,4,2,16,0.0001,"{'model__batch_size': 64, 'model__callbacks__early_stopping__patience': 10, 'model__lr': 0.0001, 'model__max_epochs': 500, 'model__module__d_model': 96, 'model__module__dim_feedforward': 256, 'model__module__dropout': 0.1, 'model__module__nhead': 4, 'model__module__num_layers': 2, 'model__module__patch_size': 16, 'model__optimizer__weight_decay': 0.0001}",0.8556998556998556,0.8771929824561404,0.7056393307167941,0.7896440129449838,0.8201058201058201,0.8096564003847189,0.060017374986073124,198,0.8747719477486682,0.968524898214845,0.9430288911537741,0.8379328945948862,0.8580522101714463,0.8964621683767238,0.05046377542667789
57,2.4979215621948243,0.265885724625225,0.025444555282592773,0.0027496331391005644,64,10,0.0001,500,96,256,0.1,4,2,32,0.0001,"{'model__batch_size': 64, 'model__callbacks__early_stopping__patience': 10, 'model__lr': 0.0001, 'model__max_epochs': 500, 'model__module__d_model': 96, 'model__module__dim_feedforward': 256, 'model__module__dropout': 0.1, 'model__module__nhead': 4, 'model__module__num_layers': 2, 'model__module__patch_size': 32, 'model__optimizer__weight_decay': 0.0001}",0.8231578947368421,0.825,0.710548885077187,0.8941023134571522,0.8466000644537544,0.819881831544987,0.060354229887793126,140,0.8897102897102898,0.8789819376026272,0.926393581081081,0.8759914232778899,0.8017723479308267,0.8745699159205429,0.04058545481541965
58,3.149035358428955,0.3558556583278751,0.026978397369384767,0.003949832415440834,64,10,0.0001,500,96,256,0.1,4,3,16,0.0001,"{'model__batch_size': 64, 'model__callbacks__early_stopping__patience': 10, 'model__lr': 0.0001, 'model__max_epochs': 500, 'model__module__d_model': 96, 'model__module__dim_feedforward': 256, 'model__module__dropout': 0.1, 'model__module__nhead': 4, 'model__module__num_layers': 3, 'model__module__patch_size': 16, 'model__optimizer__weight_decay': 0.0001}",0.8117436127297176,0.8961038961038961,0.717809364548495,0.9390815370196813,0.8716981132075472,0.8472873047218673,0.07672420645428892,18,0.8877032050452183,0.888584019289931,0.9223121243006012,0.8547275641025641,0.8562153175619509,0.881908446060053,0.024938070979994797
59,2.701888990402222,0.6861425580907252,0.02513284683227539,0.003775520360070057,64,10,0.0001,500,96,256,0.1,4,3,32,0.0001,"{'model__batch_size': 64, 'model__callbacks__early_stopping__patience': 10, 'model__lr': 0.0001, 'model__max_epochs': 500, 'model__module__d_model': 96, 'model__module__dim_feedforward': 256, 'model__module__dropout': 0.1, 'model__module__nhead': 4, 'model__module__num_layers': 3, 'model__module__patch_size': 32, 'model__optimizer__weight_decay': 0.0001}",0.7726315789473684,0.8961038961038961,0.717809364548495,0.8179271708683473,0.8466000644537544,0.8102144149843721,0.06117445213200835,195,0.8844048748449245,0.8757834068879351,0.923783287419651,0.8527200353825741,0.8171428571428572,0.8707668923355882,0.03527924128753938
60,3.709706163406372,1.1729933931506467,0.025864601135253906,0.0036455411310847064,64,10,0.0001,500,96,256,0.25,4,2,16,0.0001,"{'model__batch_size': 64, 'model__callbacks__early_stopping__patience': 10, 'model__lr': 0.0001, 'model__max_epochs': 500, 'model__module__d_model': 96, 'model__module__dim_feedforward': 256, 'model__module__dropout': 0.25, 'model__module__nhead': 4, 'model__module__num_layers': 2, 'model__module__patch_size': 16, 'model__optimizer__weight_decay': 0.0001}",0.8556998556998556,0.8961038961038961,0.6936274509803921,0.87,0.8716981132075472,0.8374258631983382,0.07306256936774218,49,0.8736377025036819,0.9463141025641025,0.923783287419651,0.8590033500837522,0.8514285714285714,0.8908334027999519,0.037484364854625536
61,2.8948513507843017,0.8403909023527386,0.024445009231567384,0.003496772510774443,64,10,0.0001,500,96,256,0.25,4,2,32,0.0001,"{'model__batch_size': 64, 'model__callbacks__early_stopping__patience': 10, 'model__lr': 0.0001, 'model__max_epochs': 500, 'model__module__d_model': 96, 'model__module__dim_feedforward': 256, 'model__module__dropout': 0.25, 'model__module__nhead': 4, 'model__module__num_layers': 2, 'model__module__patch_size': 32, 'model__optimizer__weight_decay': 0.0001}",0.7916666666666666,0.8961038961038961,0.6864548494983278,0.7596153846153846,0.8201058201058201,0.790789323398019,0.06900562707171033,255,0.8801198801198802,0.877442421218924,0.9844624248601201,0.8284484186123531,0.7968791325046285,0.8734704554631811,0.06367483519504324
62,3.6407903671264648,1.014345728956512,0.0271852970123291,0.0042845795558734,64,10,0.0001,500,96,256,0.25,4,3,16,0.0001,"{'model__batch_size': 64, 'model__callbacks__early_stopping__patience': 10, 'model__lr': 0.0001, 'model__max_epochs': 500, 'model__module__d_model': 96, 'model__module__dim_feedforward': 256, 'model__module__dropout': 0.25, 'model__module__nhead': 4, 'model__module__num_layers': 3, 'model__module__patch_size': 16, 'model__optimizer__weight_decay': 0.0001}",0.7916666666666666,0.8961038961038961,0.717809364548495,0.7596153846153846,0.8955453149001535,0.8121481253669192,0.07222554043577104,179,0.8801198801198802,0.897386292646555,0.9375418060200669,0.84448447418082,0.8539028978461669,0.8826870701626977,0.033225491924213674
63,2.4337525367736816,0.4806551804331271,0.025333166122436523,0.004078739847540893,64,10,0.0001,500,96,256,0.25,4,3,32,0.0001,"{'model__batch_size': 64, 'model__callbacks__early_stopping__patience': 10, 'model__lr': 0.0001, 'model__max_epochs': 500, 'model__module__d_model': 96, 'model__module__dim_feedforward': 256, 'model__module__dropout': 0.25, 'model__module__nhead': 4, 'model__module__num_layers': 3, 'model__module__patch_size': 32, 'model__optimizer__weight_decay': 0.0001}",0.7726315789473684,0.8771929824561404,0.6746539971080355,0.8446568794810516,0.7920489296636086,0.7922368735312408,0.06953493106922616,250,0.8769274904970236,0.8938781975132652,0.9190770230744232,0.8459555908009517,0.791869918699187,0.8655416441169701,0.04384009846435229
64,3.1535377502441406,0.6708790848676964,0.030673789978027343,0.0050604146970495666,64,10,0.0001,500,96,384,0.1,4,2,16,0.0001,"{'model__batch_size': 64, 'model__callbacks__early_stopping__patience': 10, 'model__lr': 0.0001, 'model__max_epochs': 500, 'model__module__d_model': 96, 'model__module__dim_feedforward': 384, 'model__module__dropout': 0.1, 'model__module__nhead': 4, 'model__module__num_layers': 2, 'model__module__patch_size': 16, 'model__optimizer__weight_decay': 0.0001}",0.888682745825603,0.9155354449472096,0.6936274509803921,0.8446568794810516,0.8466000644537544,0.8378205171376022,0.07686616022743432,47,0.8821575874444266,0.8851967443852885,0.9319972269490138,0.8527200353825741,0.8533015956977872,0.8810746379718181,0.028936482074134982
65,2.4211297988891602,0.3629941241342677,0.025009918212890624,0.0031337657732172838,64,10,0.0001,500,96,384,0.1,4,2,32,0.0001,"{'model__batch_size': 64, 'model__callbacks__early_stopping__patience': 10, 'model__lr': 0.0001, 'model__max_epochs': 500, 'model__module__d_model': 96, 'model__module__dim_feedforward': 384, 'model__module__dropout': 0.1, 'model__module__nhead': 4, 'model__module__num_layers': 2, 'model__module__patch_size': 32, 'model__optimizer__weight_decay': 0.0001}",0.8556998556998556,0.8438868976503384,0.7301587301587302,0.8446568794810516,0.8466000644537544,0.824200485488746,0.04720979153951279,120,0.8699901507689977,0.8742631009934112,0.9435781233906684,0.8309007813651776,0.8555395322590758,0.8748543377554661,0.037555147233632374
66,3.3725767612457274,0.7867856864443032,0.027995872497558593,0.0036180049761110524,64,10,0.0001,500,96,384,0.1,4,3,16,0.0001,"{'model__batch_size': 64, 'model__callbacks__early_stopping__patience': 10, 'model__lr': 0.0001, 'model__max_epochs': 500, 'model__module__d_model': 96, 'model__module__dim_feedforward': 384, 'model__module__dropout': 0.1, 'model__module__nhead': 4, 'model__module__num_layers': 3, 'model__module__patch_size': 16, 'model__optimizer__weight_decay': 0.0001}",0.8117436127297176,0.8771929824561404,0.7427101200686106,0.8179271708683473,0.8716981132075472,0.8242543998660725,0.04878406020724609,119,0.8844048748449245,0.9009852216748768,0.9150025601638505,0.8614973262032086,0.8659594326951534,0.8855698831164028,0.020343697537014243
67,2.323851537704468,0.5063180251204268,0.02769632339477539,0.0064664192292518425,64,10,0.0001,500,96,384,0.1,4,3,32,0.0001,"{'model__batch_size': 64, 'model__callbacks__early_stopping__patience': 10, 'model__lr': 0.0001, 'model__max_epochs': 500, 'model__module__d_model': 96, 'model__module__dim_feedforward': 384, 'model__module__dropout': 0.1, 'model__module__nhead': 4, 'model__module__num_layers': 3, 'model__module__patch_size': 32, 'model__optimizer__weight_decay': 0.0001}",0.8330241187384044,0.8545454545454545,0.7613636363636364,0.7896440129449838,0.8716981132075472,0.8220550671600051,0.04092506223160573,129,0.8669329997946498,0.886584849767245,0.8985308310991957,0.8481574539363484,0.846696386985162,0.8693805043165203,0.02057526854673521
68,3.5499372482299805,1.0420911230453096,0.025878000259399413,0.0028166474086823994,64,10,0.0001,500,96,384,0.25,4,2,16,0.0001,"{'model__batch_size': 64, 'model__callbacks__early_stopping__patience': 10, 'model__lr': 0.0001, 'model__max_epochs': 500, 'model__module__d_model': 96, 'model__module__dim_feedforward': 384, 'model__module__dropout': 0.25, 'model__module__nhead': 4, 'model__module__num_layers': 2, 'model__module__patch_size': 16, 'model__optimizer__weight_decay': 0.0001}",0.8330241187384044,0.9155354449472096,0.6817538896746818,0.7596153846153846,0.7920489296636086,0.7963955535278578,0.07752464198185005,242,0.8799909084021518,0.9463141025641025,0.9278440139095876,0.8288680009378264,0.8474514118078476,0.8860936875243033,0.04511061234720158
69,2.4336900234222414,0.3355631925427305,0.02499537467956543,0.002140618730204882,64,10,0.0001,500,96,384,0.25,4,2,32,0.0001,"{'model__batch_size': 64, 'model__callbacks__early_stopping__patience': 10, 'model__lr': 0.0001, 'model__max_epochs': 500, 'model__module__d_model': 96, 'model__module__dim_feedforward': 384, 'model__module__dropout': 0.25, 'model__module__nhead': 4, 'model__module__num_layers': 2, 'model__module__patch_size': 32, 'model__optimizer__weight_decay': 0.0001}",0.8036006546644845,0.8961038961038961,0.7301587301587302,0.6566436407964242,0.7920489296636086,0.7757111702774288,0.07973864248975017,279,0.871648509948681,0.8710433272662608,0.9291923951901202,0.8156197654941373,0.7887788778877888,0.8552565751573976,0.0489382947533132
70,3.6200686931610107,0.8765000643713998,0.027594518661499024,0.003837715905926984,64,10,0.0001,500,96,384,0.25,4,3,16,0.0001,"{'model__batch_size': 64, 'model__callbacks__early_stopping__patience': 10, 'model__lr': 0.0001, 'model__max_epochs': 500, 'model__module__d_model': 96, 'model__module__dim_feedforward': 384, 'model__module__dropout': 0.25, 'model__module__nhead': 4, 'model__module__num_layers': 3, 'model__module__patch_size': 16, 'model__optimizer__weight_decay': 0.0001}",0.8556998556998556,0.8771929824561404,0.6817538896746818,0.7896440129449838,0.8466000644537544,0.8101781610458832,0.07043324603640545,196,0.8877032050452183,0.891330792312059,0.9278440139095876,0.8425395171096057,0.8285714285714285,0.8755977913895798,0.03585544428308041
71,2.348520612716675,0.26281046314030615,0.02569260597229004,0.0030190241555512116,64,10,0.0001,500,96,384,0.25,4,3,32,0.0001,"{'model__batch_size': 64, 'model__callbacks__early_stopping__patience': 10, 'model__lr': 0.0001, 'model__max_epochs': 500, 'model__module__d_model': 96, 'model__module__dim_feedforward': 384, 'model__module__dropout': 0.25, 'model__module__nhead': 4, 'model__module__num_layers': 3, 'model__module__patch_size': 32, 'model__optimizer__weight_decay': 0.0001}",0.8036006546644845,0.8961038961038961,0.710548885077187,0.7276190476190476,0.8466000644537544,0.7968945095836739,0.07016091995168522,240,0.8747870079224269,0.8726538370159183,0.9053631756756757,0.8353813559322034,0.8514285714285714,0.867922789594959,0.02367398128987834
72,3.037263536453247,0.8764172708382805,0.02563199996948242,0.002518462836832666,64,10,0.0001,500,128,128,0.1,4,2,16,0.0001,"{'model__batch_size': 64, 'model__callbacks__early_stopping__patience': 10, 'model__lr': 0.0001, 'model__max_epochs': 500, 'model__module__d_model': 128, 'model__module__dim_feedforward': 128, 'model__module__dropout': 0.1, 'model__module__nhead': 4, 'model__module__num_layers': 2, 'model__module__patch_size': 16, 'model__optimizer__weight_decay': 0.0001}",0.8436685773840542,0.9155354449472096,0.6936274509803921,0.8446568794810516,0.8201058201058201,0.8235188345797055,0.07239241101386348,123,0.8844199105358332,0.9108672154319448,0.9326705077271876,0.8178272268047829,0.819448117781892,0.873046595656328,0.04698241796462407
73,2.287095069885254,0.35471875943341047,0.023614120483398438,0.0030649692526275325,64,10,0.0001,500,128,128,0.1,4,2,32,0.0001,"{'model__batch_size': 64, 'model__callbacks__early_stopping__patience': 10, 'model__lr': 0.0001, 'model__max_epochs': 500, 'model__module__d_model': 128, 'model__module__dim_feedforward': 128, 'model__module__dropout': 0.1, 'model__module__nhead': 4, 'model__module__num_layers': 2, 'model__module__patch_size': 32, 'model__optimizer__weight_decay': 0.0001}",0.84375,0.8961038961038961,0.7272727272727273,0.8446568794810516,0.7622377622377623,0.8148042530190874,0.06125956495638325,168,0.8747719477486682,0.9297906212844851,0.9640951694304254,0.8454049603787177,0.7424125424125424,0.8712950482509678,0.07658548210566186
74,3.4716472148895265,0.8931420275531526,0.027054405212402342,0.003771766743948935,64,10,0.0001,500,128,128,0.1,4,3,16,0.0001,"{'model__batch_size': 64, 'model__callbacks__early_stopping__patience': 10, 'model__lr': 0.0001, 'model__max_epochs': 500, 'model__module__d_model': 128, 'model__module__dim_feedforward': 128, 'model__module__dropout': 0.1, 'model__module__nhead': 4, 'model__module__num_layers': 3, 'model__module__patch_size': 16, 'model__optimizer__weight_decay': 0.0001}",0.8556998556998556,0.9155354449472096,0.717809364548495,0.9390815370196813,0.7920489296636086,0.8440350263757701,0.0811390032471857,28,0.8747719477486682,0.9179976745609204,0.9230610773509115,0.8636296623912723,0.8239847406125934,0.8806890205328732,0.036684426331046856
75,2.2476145744323732,0.1553292369545225,0.0248565673828125,0.0029408211519493786,64,10,0.0001,500,128,128,0.1,4,3,32,0.0001,"{'model__batch_size': 64, 'model__callbacks__early_stopping__patience': 10, 'model__lr': 0.0001, 'model__max_epochs': 500, 'model__module__d_model': 128, 'model__module__dim_feedforward': 128, 'model__module__dropout': 0.1, 'model__module__nhead': 4, 'model__module__num_layers': 3, 'model__module__patch_size': 32, 'model__optimizer__weight_decay': 0.0001}",0.84375,0.8771929824561404,0.7147012754531215,0.8179271708683473,0.7304504504504505,0.7968043758456119,0.06364928071707625,241,0.8727301944399808,0.886584849767245,0.9198927613941019,0.8481574539363484,0.7707390648567118,0.8596208648788777,0.0501258350110224
76,3.090280771255493,0.8442079023137611,0.024932479858398436,0.002989399652164966,64,10,0.0001,500,128,128,0.25,4,2,16,0.0001,"{'model__batch_size': 64, 'model__callbacks__early_stopping__patience': 10, 'model__lr': 0.0001, 'model__max_epochs': 500, 'model__module__d_model': 128, 'model__module__dim_feedforward': 128, 'model__module__dropout': 0.25, 'model__module__nhead': 4, 'model__module__num_layers': 2, 'model__module__patch_size': 16, 'model__optimizer__weight_decay': 0.0001}",0.8556998556998556,0.9155354449472096,0.7056393307167941,0.8941023134571522,0.8716981132075472,0.8485350116057117,0.07425964846319502,14,0.8542685828495289,0.9297906212844851,0.9326705077271876,0.8544247142827404,0.8678482319538845,0.8878005316195653,0.03581316355513201
77,2.1287407875061035,0.3304727868934478,0.02439603805541992,0.0026942156913074902,64,10,0.0001,500,128,128,0.25,4,2,32,0.0001,"{'model__batch_size': 64, 'model__callbacks__early_stopping__patience': 10, 'model__lr': 0.0001, 'model__max_epochs': 500, 'model__module__d_model': 128, 'model__module__dim_feedforward': 128, 'model__module__dropout': 0.25, 'model__module__nhead': 4, 'model__module__num_layers': 2, 'model__module__patch_size': 32, 'model__optimizer__weight_decay': 0.0001}",0.8556998556998556,0.8183783783783785,0.6693121693121693,0.9170918367346939,0.8201058201058201,0.8161176120461835,0.08165219280383118,160,0.8790477761284292,0.9030150658057634,0.9575012800819253,0.8347432335082845,0.8172022070756249,0.8783019125200054,0.0500287289518573
78,3.684735631942749,0.9481483712436555,0.026400184631347655,0.0032960499726169684,64,10,0.0001,500,128,128,0.25,4,3,16,0.0001,"{'model__batch_size': 64, 'model__callbacks__early_stopping__patience': 10, 'model__lr': 0.0001, 'model__max_epochs': 500, 'model__module__d_model': 128, 'model__module__dim_feedforward': 128, 'model__module__dropout': 0.25, 'model__module__nhead': 4, 'model__module__num_layers': 3, 'model__module__patch_size': 16, 'model__optimizer__weight_decay': 0.0001}",0.8556998556998556,0.8961038961038961,0.6984126984126984,0.87,0.8466000644537544,0.8333633029340408,0.06951895958495599,67,0.8663194444444444,0.9179976745609204,0.9479515050167224,0.8527200353825741,0.8393595153088824,0.8848696349427089,0.041293260102502526
79,2.3795971870422363,0.4253267040693282,0.0243438720703125,0.003325678885607631,64,10,0.0001,500,128,128,0.25,4,3,32,0.0001,"{'model__batch_size': 64, 'model__callbacks__early_stopping__patience': 10, 'model__lr': 0.0001, 'model__max_epochs': 500, 'model__module__d_model': 128, 'model__module__dim_feedforward': 128, 'model__module__dropout': 0.25, 'model__module__nhead': 4, 'model__module__num_layers': 3, 'model__module__patch_size': 32, 'model__optimizer__weight_decay': 0.0001}",0.8330241187384044,0.9155354449472096,0.6902847207128885,0.87,0.8201058201058201,0.8257900209008646,0.07543883890734172,113,0.8639175257731959,0.9151025580106122,0.9326705077271876,0.8409611920746685,0.7987014445867313,0.8702706456344791,0.04883687110176038
80,3.0323676586151125,0.7228985251307356,0.02942185401916504,0.005670905567844849,64,10,0.0001,500,128,256,0.1,4,2,16,0.0001,"{'model__batch_size': 64, 'model__callbacks__early_stopping__patience': 10, 'model__lr': 0.0001, 'model__max_epochs': 500, 'model__module__d_model': 128, 'model__module__dim_feedforward': 256, 'model__module__dropout': 0.1, 'model__module__nhead': 4, 'model__module__num_layers': 2, 'model__module__patch_size': 16, 'model__optimizer__weight_decay': 0.0001}",0.888682745825603,0.8961038961038961,0.717809364548495,0.9170918367346939,0.8955453149001535,0.8630466316225682,0.07324056996495006,1,0.8541973490427099,0.916967881854797,0.9381520119225037,0.8454049603787177,0.8403724642500832,0.8790189334897622,0.04043860401747437
81,2.299461603164673,0.3488944368698274,0.0242825984954834,0.0037153945748833444,64,10,0.0001,500,128,256,0.1,4,2,32,0.0001,"{'model__batch_size': 64, 'model__callbacks__early_stopping__patience': 10, 'model__lr': 0.0001, 'model__max_epochs': 500, 'model__module__d_model': 128, 'model__module__dim_feedforward': 256, 'model__module__dropout': 0.1, 'model__module__nhead': 4, 'model__module__num_layers': 2, 'model__module__patch_size': 32, 'model__optimizer__weight_decay': 0.0001}",0.8231578947368421,0.8733031674208145,0.6936274509803921,0.7596153846153846,0.8201058201058201,0.7939619435718507,0.0617699476480899,247,0.919186098856577,0.9363269185079591,0.9640951694304254,0.8244067796610169,0.819448117781892,0.892692616847574,0.05955147956071182
82,3.44026894569397,1.0279415824872635,0.027073383331298828,0.00349818568025666,64,10,0.0001,500,128,256,0.1,4,3,16,0.0001,"{'model__batch_size': 64, 'model__callbacks__early_stopping__patience': 10, 'model__lr': 0.0001, 'model__max_epochs': 500, 'model__module__d_model': 128, 'model__module__dim_feedforward': 256, 'model__module__dropout': 0.1, 'model__module__nhead': 4, 'model__module__num_layers': 3, 'model__module__patch_size': 16, 'model__optimizer__weight_decay': 0.0001}",0.8556998556998556,0.8961038961038961,0.6817538896746818,0.8179271708683473,0.6964285714285714,0.7895826767550703,0.08582120545893449,258,0.8767898146246756,0.9009852216748768,0.93331960037079,0.8418104083738758,0.8088217580882175,0.8723453606264873,0.04364741484468034
83,2.2797169208526613,0.2873412486208983,0.025439882278442384,0.004297623528183453,64,10,0.0001,500,128,256,0.1,4,3,32,0.0001,"{'model__batch_size': 64, 'model__callbacks__early_stopping__patience': 10, 'model__lr': 0.0001, 'model__max_epochs': 500, 'model__module__d_model': 128, 'model__module__dim_feedforward': 256, 'model__module__dropout': 0.1, 'model__module__nhead': 4, 'model__module__num_layers': 3, 'model__module__patch_size': 32, 'model__optimizer__weight_decay': 0.0001}",0.8231578947368421,0.9155354449472096,0.6746539971080355,0.9170918367346939,0.8466000644537544,0.8354078475961071,0.08855487953674519,56,0.8727301944399808,0.8961303877771658,0.9435781233906684,0.8745392893999705,0.7783549783549784,0.8730665946725529,0.05380778102635734
84,3.0131983280181887,0.697992764304134,0.025792360305786133,0.003378405180601594,64,10,0.0001,500,128,256,0.25,4,2,16,0.0001,"{'model__batch_size': 64, 'model__callbacks__early_stopping__patience': 10, 'model__lr': 0.0001, 'model__max_epochs': 500, 'model__module__d_model': 128, 'model__module__dim_feedforward': 256, 'model__module__dropout': 0.25, 'model__module__nhead': 4, 'model__module__num_layers': 2, 'model__module__patch_size': 16, 'model__optimizer__weight_decay': 0.0001}",0.8655311519497983,0.9155354449472096,0.717809364548495,0.87,0.8716981132075472,0.8481148149306101,0.06762176251685169,15,0.8974681437369385,0.9179976745609204,0.9375418060200669,0.8111597186481386,0.8341379814826426,0.8796610648897414,0.04878883776387381
85,2.2430212020874025,0.2882787909931455,0.0242006778717041,0.002995241156105785,64,10,0.0001,500,128,256,0.25,4,2,32,0.0001,"{'model__batch_size': 64, 'model__callbacks__early_stopping__patience': 10, 'model__lr': 0.0001, 'model__max_epochs': 500, 'model__module__d_model': 128, 'model__module__dim_feedforward': 256, 'model__module__dropout': 0.25, 'model__module__nhead': 4, 'model__module__num_layers': 2, 'model__module__patch_size': 32, 'model__optimizer__weight_decay': 0.0001}",0.8231578947368421,0.8733031674208145,0.6936274509803921,0.7276190476190476,0.7920489296636086,0.781951298084141,0.06465014340328376,273,0.896728307254623,0.9265580958346382,0.9533872745803607,0.8199911543564794,0.7543933543933544,0.8702116372838912,0.07311937550936341
86,3.3547434329986574,0.9454674050024238,0.02757992744445801,0.003208736311711928,64,10,0.0001,500,128,256,0.25,4,3,16,0.0001,"{'model__batch_size': 64, 'model__callbacks__early_stopping__patience': 10, 'model__lr': 0.0001, 'model__max_epochs': 500, 'model__module__d_model': 128, 'model__module__dim_feedforward': 256, 'model__module__dropout': 0.25, 'model__module__nhead': 4, 'model__module__num_layers': 3, 'model__module__patch_size': 16, 'model__optimizer__weight_decay': 0.0001}",0.8556998556998556,0.9155354449472096,0.710548885077187,0.7276190476190476,0.8955453149001535,0.8209897096486907,0.08557743258164531,134,0.8930780559646538,0.9009852216748768,0.9319972269490138,0.8312923397602918,0.8645860883364189,0.8843877865370511,0.034143485973964285
87,2.5138991832733155,0.5284633136274529,0.02734823226928711,0.005431886923163895,64,10,0.0001,500,128,256,0.25,4,3,32,0.0001,"{'model__batch_size': 64, 'model__callbacks__early_stopping__patience': 10, 'model__lr': 0.0001, 'model__max_epochs': 500, 'model__module__d_model': 128, 'model__module__dim_feedforward': 256, 'model__module__dropout': 0.25, 'model__module__nhead': 4, 'model__module__num_layers': 3, 'model__module__patch_size': 32, 'model__optimizer__weight_decay': 0.0001}",0.8117436127297176,0.8961038961038961,0.7272727272727273,0.8446568794810516,0.7920489296636086,0.8143652090502002,0.05601569018380614,172,0.8472193701345978,0.9141025641025642,0.9319972269490138,0.8244067796610169,0.8367346938775511,0.8708921269449487,0.043563728689639356
88,2.9094876289367675,0.6977446809558274,0.025691699981689454,0.002982573781063128,64,10,0.0001,500,128,384,0.1,4,2,16,0.0001,"{'model__batch_size': 64, 'model__callbacks__early_stopping__patience': 10, 'model__lr': 0.0001, 'model__max_epochs': 500, 'model__module__d_model': 128, 'model__module__dim_feedforward': 384, 'model__module__dropout': 0.1, 'model__module__nhead': 4, 'model__module__num_layers': 2, 'model__module__patch_size': 16, 'model__optimizer__weight_decay': 0.0001}",0.8330241187384044,0.8961038961038961,0.717809364548495,0.7596153846153846,0.6964285714285714,0.7805962670869503,0.07423918849503122,275,0.8822742474916387,0.9158978221301701,0.9375418060200669,0.8245602534688081,0.8041128646580584,0.8728773987537485,0.05134910094378869
89,1.8562503337860108,0.07580530501661104,0.024285554885864258,0.00304972063182461,64,10,0.0001,500,128,384,0.1,4,2,32,0.0001,"{'model__batch_size': 64, 'model__callbacks__early_stopping__patience': 10, 'model__lr': 0.0001, 'model__max_epochs': 500, 'model__module__d_model': 128, 'model__module__dim_feedforward': 384, 'model__module__dropout': 0.1, 'model__module__nhead': 4, 'model__module__num_layers': 2, 'model__module__patch_size': 32, 'model__optimizer__weight_decay': 0.0001}",0.8036006546644845,0.86875,0.7228863290589003,0.87,0.7920489296636086,0.8114571826773987,0.05475934587812917,187,0.8821575874444266,0.8837550345967159,0.9167224080267559,0.826465661641541,0.8081636251432601,0.8634528633705398,0.04006155813882517
90,3.101936197280884,0.5550475624775622,0.029497098922729493,0.0038506729622192534,64,10,0.0001,500,128,384,0.1,4,3,16,0.0001,"{'model__batch_size': 64, 'model__callbacks__early_stopping__patience': 10, 'model__lr': 0.0001, 'model__max_epochs': 500, 'model__module__d_model': 128, 'model__module__dim_feedforward': 384, 'model__module__dropout': 0.1, 'model__module__nhead': 4, 'model__module__num_layers': 3, 'model__module__patch_size': 16, 'model__optimizer__weight_decay': 0.0001}",0.8556998556998556,0.8925968546221711,0.7301587301587302,0.7896440129449838,0.7920489296636086,0.8120296766178698,0.05657093736835296,180,0.868173327661778,0.9009852216748768,0.8937532002048132,0.8111597186481386,0.8310708898944192,0.8610284716168053,0.034936651040329274
91,2.107151985168457,0.34461605442610854,0.025178146362304688,0.0032440923657614923,64,10,0.0001,500,128,384,0.1,4,3,32,0.0001,"{'model__batch_size': 64, 'model__callbacks__early_stopping__patience': 10, 'model__lr': 0.0001, 'model__max_epochs': 500, 'model__module__d_model': 128, 'model__module__dim_feedforward': 384, 'model__module__dropout': 0.1, 'model__module__nhead': 4, 'model__module__num_layers': 3, 'model__module__patch_size': 32, 'model__optimizer__weight_decay': 0.0001}",0.8436685773840542,0.8961038961038961,0.7354497354497355,0.7596153846153846,0.8466000644537544,0.816287531601365,0.059641772088251686,159,0.8442181402874274,0.9021977130808532,0.9082276422764228,0.8509495492039133,0.8514285714285714,0.8714043232554376,0.02778743121477352
92,2.992052412033081,0.6193891167034604,0.025699901580810546,0.00318592526828235,64,10,0.0001,500,128,384,0.25,4,2,16,0.0001,"{'model__batch_size': 64, 'model__callbacks__early_stopping__patience': 10, 'model__lr': 0.0001, 'model__max_epochs': 500, 'model__module__d_model': 128, 'model__module__dim_feedforward': 384, 'model__module__dropout': 0.25, 'model__module__nhead': 4, 'model__module__num_layers': 2, 'model__module__patch_size': 16, 'model__optimizer__weight_decay': 0.0001}",0.88,0.8587387387387387,0.7056393307167941,0.6933962264150944,0.8716981132075472,0.8018944818156349,0.08395381350422099,225,0.8799909084021518,0.9297906212844851,0.9319972269490138,0.7724671747750315,0.8693877551020408,0.8767267373025446,0.057974433434307124
93,1.9309669494628907,0.10884177031627712,0.024548721313476563,0.0032166547215928655,64,10,0.0001,500,128,384,0.25,4,2,32,0.0001,"{'model__batch_size': 64, 'model__callbacks__early_stopping__patience': 10, 'model__lr': 0.0001, 'model__max_epochs': 500, 'model__module__d_model': 128, 'model__module__dim_feedforward': 384, 'model__module__dropout': 0.25, 'model__module__nhead': 4, 'model__module__num_layers': 2, 'model__module__patch_size': 32, 'model__optimizer__weight_decay': 0.0001}",0.82,0.9376623376623376,0.7354497354497355,0.8179271708683473,0.8201058201058201,0.826229012817248,0.06450345379094409,110,0.8528428093645486,0.908187735525865,0.9110732967794795,0.8134322033898305,0.821664925113201,0.8614401940345848,0.041495859384386824
94,3.591936635971069,1.1441286585352968,0.028350019454956056,0.00444383416807287,64,10,0.0001,500,128,384,0.25,4,3,16,0.0001,"{'model__batch_size': 64, 'model__callbacks__early_stopping__patience': 10, 'model__lr': 0.0001, 'model__max_epochs': 500, 'model__module__d_model': 128, 'model__module__dim_feedforward': 384, 'model__module__dropout': 0.25, 'model__module__nhead': 4, 'model__module__num_layers': 3, 'model__module__patch_size': 16, 'model__optimizer__weight_decay': 0.0001}",0.8117436127297176,0.8771929824561404,0.7301587301587302,0.7596153846153846,0.7622377622377623,0.788189694439547,0.05164098977920427,261,0.8790477761284292,0.9141025641025642,0.9053631756756757,0.8199911543564794,0.8285987565758011,0.8694206853677899,0.03870587081984189
95,2.330319356918335,0.5554811933769112,0.025701284408569336,0.003293227612261075,64,10,0.0001,500,128,384,0.25,4,3,32,0.0001,"{'model__batch_size': 64, 'model__callbacks__early_stopping__patience': 10, 'model__lr': 0.0001, 'model__max_epochs': 500, 'model__module__d_model': 128, 'model__module__dim_feedforward': 384, 'model__module__dropout': 0.25, 'model__module__nhead': 4, 'model__module__num_layers': 3, 'model__module__patch_size': 32, 'model__optimizer__weight_decay': 0.0001}",0.8330241187384044,0.9155354449472096,0.6864548494983278,0.7896440129449838,0.8466000644537544,0.8142516981165361,0.07562379339731468,173,0.8528428093645486,0.8948259836827429,0.9345492043593424,0.8199911543564794,0.8172022070756249,0.8638822717677476,0.04511908027964526
96,2.6726585388183595,0.8058812604906602,0.025758075714111327,0.0037428018709197907,64,10,0.0002,500,96,128,0.1,4,2,16,0.0001,"{'model__batch_size': 64, 'model__callbacks__early_stopping__patience': 10, 'model__lr': 0.0002, 'model__max_epochs': 500, 'model__module__d_model': 96, 'model__module__dim_feedforward': 128, 'model__module__dropout': 0.1, 'model__module__nhead': 4, 'model__module__num_layers': 2, 'model__module__patch_size': 16, 'model__optimizer__weight_decay': 0.0001}",0.9134199134199135,0.8771929824561404,0.6984126984126984,0.8446568794810516,0.8201058201058201,0.8307576587751248,0.07322721647710194,83,0.8801198801198802,0.951393507043105,0.9424591920337808,0.8244067796610169,0.8420171030591554,0.8880792923833877,0.05139091295018204
97,1.7407871246337892,0.291150909024633,0.024472761154174804,0.0030285992504698734,64,10,0.0002,500,96,128,0.1,4,2,32,0.0001,"{'model__batch_size': 64, 'model__callbacks__early_stopping__patience': 10, 'model__lr': 0.0002, 'model__max_epochs': 500, 'model__module__d_model': 96, 'model__module__dim_feedforward': 128, 'model__module__dropout': 0.1, 'model__module__nhead': 4, 'model__module__num_layers': 2, 'model__module__patch_size': 32, 'model__optimizer__weight_decay': 0.0001}",0.8330241187384044,0.9376623376623376,0.7427101200686106,0.617003367003367,0.8716981132075472,0.8004196113360532,0.11131140887520977,230,0.8974681437369385,0.9151025580106122,0.9183204854846646,0.8177339901477833,0.8631513674171959,0.8823553089594389,0.03778618857105794
98,2.8545863151550295,0.8340175883075186,0.02675786018371582,0.003641415157472433,64,10,0.0002,500,96,128,0.1,4,3,16,0.0001,"{'model__batch_size': 64, 'model__callbacks__early_stopping__patience': 10, 'model__lr': 0.0002, 'model__max_epochs': 500, 'model__module__d_model': 96, 'model__module__dim_feedforward': 128, 'model__module__dropout': 0.1, 'model__module__nhead': 4, 'model__module__num_layers': 3, 'model__module__patch_size': 16, 'model__optimizer__weight_decay': 0.0001}",0.8655311519497983,0.8771929824561404,0.67,0.8941023134571522,0.6964285714285714,0.8006510038583323,0.09667807983254363,229,0.8833578792341679,0.916967881854797,0.9105746209098164,0.8602869780990399,0.8116172525933487,0.876560922538234,0.03825800358609933
99,1.8199603080749511,0.20537219984690236,0.0272247314453125,0.0040243383724256135,64,10,0.0002,500,96,128,0.1,4,3,32,0.0001,"{'model__batch_size': 64, 'model__callbacks__early_stopping__patience': 10, 'model__lr': 0.0002, 'model__max_epochs': 500, 'model__module__d_model': 96, 'model__module__dim_feedforward': 128, 'model__module__dropout': 0.1, 'model__module__nhead': 4, 'model__module__num_layers': 3, 'model__module__patch_size': 32, 'model__optimizer__weight_decay': 0.0001}",0.8556998556998556,0.8925968546221711,0.7301587301587302,0.920343137254902,0.8716981132075472,0.8540993381886413,0.06564122567956031,2,0.8556969182923382,0.8492557978539288,0.9136210590756045,0.8703803510933169,0.7843695221617684,0.8546647296953914,0.04170028222703416
100,2.6107276916503905,0.7467058639288422,0.02765998840332031,0.004187273665258638,64,10,0.0002,500,96,128,0.25,4,2,16,0.0001,"{'model__batch_size': 64, 'model__callbacks__early_stopping__patience': 10, 'model__lr': 0.0002, 'model__max_epochs': 500, 'model__module__d_model': 96, 'model__module__dim_feedforward': 128, 'model__module__dropout': 0.25, 'model__module__nhead': 4, 'model__module__num_layers': 2, 'model__module__patch_size': 16, 'model__optimizer__weight_decay': 0.0001}",0.8556998556998556,0.8771929824561404,0.7056393307167941,0.87,0.7920489296636086,0.8201162197072798,0.0646607677281515,139,0.8712484993997599,0.9347984753872354,0.9326705077271876,0.8328580052875908,0.8122478914558122,0.8767646758515172,0.050227528941170524
101,1.925441598892212,0.37612711800308224,0.029097795486450195,0.008091247505654257,64,10,0.0002,500,96,128,0.25,4,2,32,0.0001,"{'model__batch_size': 64, 'model__callbacks__early_stopping__patience': 10, 'model__lr': 0.0002, 'model__max_epochs': 500, 'model__module__d_model': 96, 'model__module__dim_feedforward': 128, 'model__module__dropout': 0.25, 'model__module__nhead': 4, 'model__module__num_layers': 2, 'model__module__patch_size': 32, 'model__optimizer__weight_decay': 0.0001}",0.8117436127297176,0.8310708898944192,0.6931818181818181,0.6933962264150944,0.8466000644537544,0.7751985223349608,0.06778466003972809,280,0.8844048748449245,0.9199442397689933,0.9119537408740146,0.8177339901477833,0.8328108672936259,0.8733695425858683,0.041279637037791445
102,2.865334463119507,0.7878752195934882,0.028589868545532228,0.003834922486455431,64,10,0.0002,500,96,128,0.25,4,3,16,0.0001,"{'model__batch_size': 64, 'model__callbacks__early_stopping__patience': 10, 'model__lr': 0.0002, 'model__max_epochs': 500, 'model__module__d_model': 96, 'model__module__dim_feedforward': 128, 'model__module__dropout': 0.25, 'model__module__nhead': 4, 'model__module__num_layers': 3, 'model__module__patch_size': 16, 'model__optimizer__weight_decay': 0.0001}",0.88,0.8961038961038961,0.67,0.7596153846153846,0.8955453149001535,0.8202529191238869,0.09082387300736272,138,0.8779382663534983,0.918989178405175,0.9060134692174742,0.8312923397602918,0.8678482319538845,0.8804162971380647,0.03072569763310769
103,1.9587137222290039,0.30874850264405124,0.025370311737060548,0.003054735330813063,64,10,0.0002,500,96,128,0.25,4,3,32,0.0001,"{'model__batch_size': 64, 'model__callbacks__early_stopping__patience': 10, 'model__lr': 0.0002, 'model__max_epochs': 500, 'model__module__d_model': 96, 'model__module__dim_feedforward': 128, 'model__module__dropout': 0.25, 'model__module__nhead': 4, 'model__module__num_layers': 3, 'model__module__patch_size': 32, 'model__optimizer__weight_decay': 0.0001}",0.8117436127297176,0.8587387387387387,0.7228863290589003,0.87,0.8466000644537544,0.8219937489962224,0.05326839803697036,130,0.9045138888888888,0.8845912934544315,0.9158783783783784,0.8518452768408387,0.7770443711037771,0.866774641733263,0.04985432420617415
104,2.7029299259185793,1.0669623476401178,0.027344274520874023,0.006616549005830682,64,10,0.0002,500,96,256,0.1,4,2,16,0.0001,"{'model__batch_size': 64, 'model__callbacks__early_stopping__patience': 10, 'model__lr': 0.0002, 'model__max_epochs': 500, 'model__module__d_model': 96, 'model__module__dim_feedforward': 256, 'model__module__dropout': 0.1, 'model__module__nhead': 4, 'model__module__num_layers': 2, 'model__module__patch_size': 16, 'model__optimizer__weight_decay': 0.0001}",0.88,0.8961038961038961,0.7056393307167941,0.7896440129449838,0.7920489296636086,0.8126872338858565,0.06914554392428884,177,0.8626532887402453,0.951966543861396,0.9693701820567492,0.8333762223365929,0.8426480296856148,0.8920028533361197,0.05712394446582198
105,1.6893458843231202,0.31882283522965604,0.023894548416137695,0.003929838420797796,64,10,0.0002,500,96,256,0.1,4,2,32,0.0001,"{'model__batch_size': 64, 'model__callbacks__early_stopping__patience': 10, 'model__lr': 0.0002, 'model__max_epochs': 500, 'model__module__d_model': 96, 'model__module__dim_feedforward': 256, 'model__module__dropout': 0.1, 'model__module__nhead': 4, 'model__module__num_layers': 2, 'model__module__patch_size': 32, 'model__optimizer__weight_decay': 0.0001}",0.8330241187384044,0.8771929824561404,0.6936274509803921,0.9390815370196813,0.7920489296636086,0.8269950037716456,0.08261683903411773,108,0.8486434502783378,0.9580331976197933,0.9326705077271876,0.8498923662858089,0.7873098013150711,0.8753098646452397,0.06202346526492398
106,2.9285834312438963,1.044169049132954,0.03175535202026367,0.006307599536233754,64,10,0.0002,500,96,256,0.1,4,3,16,0.0001,"{'model__batch_size': 64, 'model__callbacks__early_stopping__patience': 10, 'model__lr': 0.0002, 'model__max_epochs': 500, 'model__module__d_model': 96, 'model__module__dim_feedforward': 256, 'model__module__dropout': 0.1, 'model__module__nhead': 4, 'model__module__num_layers': 3, 'model__module__patch_size': 16, 'model__optimizer__weight_decay': 0.0001}",0.8330241187384044,0.8961038961038961,0.6936274509803921,0.8446568794810516,0.9182692307692308,0.837136315214595,0.07839386295223306,52,0.8779382663534983,0.9456653961560295,0.9381520119225037,0.8463559322033898,0.8802721088435375,0.8976767430957917,0.03812482812379608
107,1.831552505493164,0.3692864336031443,0.025377559661865234,0.0039014802716872215,64,10,0.0002,500,96,256,0.1,4,3,32,0.0001,"{'model__batch_size': 64, 'model__callbacks__early_stopping__patience': 10, 'model__lr': 0.0002, 'model__max_epochs': 500, 'model__module__d_model': 96, 'model__module__dim_feedforward': 256, 'model__module__dropout': 0.1, 'model__module__nhead': 4, 'model__module__num_layers': 3, 'model__module__patch_size': 32, 'model__optimizer__weight_decay': 0.0001}",0.7777777777777777,0.8545454545454545,0.6864548494983278,0.7596153846153846,0.8201058201058201,0.779699857308553,0.05715980610522891,276,0.8840620443726176,0.888584019289931,0.9381520119225037,0.8585163334425872,0.8348102899423557,0.880824939793999,0.03456037406572874
108,2.322184133529663,0.5510832417598199,0.026148033142089844,0.0031848959871916774,64,10,0.0002,500,96,256,0.25,4,2,16,0.0001,"{'model__batch_size': 64, 'model__callbacks__early_stopping__patience': 10, 'model__lr': 0.0002, 'model__max_epochs': 500, 'model__module__d_model': 96, 'model__module__dim_feedforward': 256, 'model__module__dropout': 0.25, 'model__module__nhead': 4, 'model__module__num_layers': 2, 'model__module__patch_size': 16, 'model__optimizer__weight_decay': 0.0001}",0.88,0.8925968546221711,0.6817538896746818,0.8941023134571522,0.7920489296636086,0.8281003974835228,0.08237308215286028,101,0.8779382663534983,0.9229885057471264,0.9223121243006012,0.8454049603787177,0.8562153175619509,0.8849718348683788,0.03250080125201271
109,1.5302026271820068,0.23270295997254473,0.024184036254882812,0.0026343782280309484,64,10,0.0002,500,96,256,0.25,4,2,32,0.0001,"{'model__batch_size': 64, 'model__callbacks__early_stopping__patience': 10, 'model__lr': 0.0002, 'model__max_epochs': 500, 'model__module__d_model': 96, 'model__module__dim_feedforward': 256, 'model__module__dropout': 0.25, 'model__module__nhead': 4, 'model__module__num_layers': 2, 'model__module__patch_size': 32, 'model__optimizer__weight_decay': 0.0001}",0.8117436127297176,0.8961038961038961,0.6746539971080355,0.6566436407964242,0.8466000644537544,0.7771490422383656,0.09507604546400222,278,0.8513486513486513,0.886584849767245,0.9339455157636976,0.7807040998217469,0.8282808611922536,0.856172795578719,0.05190422999249023
110,3.056943941116333,1.0122365110563658,0.02805194854736328,0.0032118158586970464,64,10,0.0002,500,96,256,0.25,4,3,16,0.0001,"{'model__batch_size': 64, 'model__callbacks__early_stopping__patience': 10, 'model__lr': 0.0002, 'model__max_epochs': 500, 'model__module__d_model': 96, 'model__module__dim_feedforward': 256, 'model__module__dropout': 0.25, 'model__module__nhead': 4, 'model__module__num_layers': 3, 'model__module__patch_size': 16, 'model__optimizer__weight_decay': 0.0001}",0.8556998556998556,0.8961038961038961,0.6817538896746818,0.8941023134571522,0.7920489296636086,0.8239417769198388,0.08046489530905543,122,0.8855527283008199,0.9248397435897435,0.9345492043593424,0.8498923662858089,0.8215447532298541,0.8832757591531137,0.043097293617336295
111,1.7909851551055909,0.29874095023958736,0.02591848373413086,0.0022689054994705906,64,10,0.0002,500,96,256,0.25,4,3,32,0.0001,"{'model__batch_size': 64, 'model__callbacks__early_stopping__patience': 10, 'model__lr': 0.0002, 'model__max_epochs': 500, 'model__module__d_model': 96, 'model__module__dim_feedforward': 256, 'model__module__dropout': 0.25, 'model__module__nhead': 4, 'model__module__num_layers': 3, 'model__module__patch_size': 32, 'model__optimizer__weight_decay': 0.0001}",0.8117436127297176,0.8925968546221711,0.6864548494983278,0.87,0.7920489296636086,0.810568849302765,0.07212393190874153,194,0.8736377025036819,0.8985960370407249,0.9043411448328851,0.8590033500837522,0.8031659882406151,0.8677488445403319,0.03625645701137697
112,2.2932143688201903,0.6286448196157716,0.026763248443603515,0.0034184163090051627,64,10,0.0002,500,96,384,0.1,4,2,16,0.0001,"{'model__batch_size': 64, 'model__callbacks__early_stopping__patience': 10, 'model__lr': 0.0002, 'model__max_epochs': 500, 'model__module__d_model': 96, 'model__module__dim_feedforward': 384, 'model__module__dropout': 0.1, 'model__module__nhead': 4, 'model__module__num_layers': 2, 'model__module__patch_size': 16, 'model__optimizer__weight_decay': 0.0001}",0.8330241187384044,0.9155354449472096,0.6936274509803921,0.8941023134571522,0.8955453149001535,0.8463669286046622,0.08122664944306782,21,0.8779382663534983,0.9331504115739586,0.9119537408740146,0.8284484186123531,0.8885405781957506,0.8880062831219149,0.03538435452088279
113,1.5658391952514648,0.22521561403946933,0.025228166580200197,0.0030174821745540016,64,10,0.0002,500,96,384,0.1,4,2,32,0.0001,"{'model__batch_size': 64, 'model__callbacks__early_stopping__patience': 10, 'model__lr': 0.0002, 'model__max_epochs': 500, 'model__module__d_model': 96, 'model__module__dim_feedforward': 384, 'model__module__dropout': 0.1, 'model__module__nhead': 4, 'model__module__num_layers': 2, 'model__module__patch_size': 32, 'model__optimizer__weight_decay': 0.0001}",0.7726315789473684,0.8961038961038961,0.717809364548495,0.9170918367346939,0.7622377622377623,0.8131748877144431,0.07875136363576166,176,0.8737759203839139,0.8926282051282051,0.9319972269490138,0.8454049603787177,0.8193598049906985,0.8726332235661097,0.03874177431208915
114,3.1833810329437258,1.3113113136418295,0.028952312469482423,0.003988846743313724,64,10,0.0002,500,96,384,0.1,4,3,16,0.0001,"{'model__batch_size': 64, 'model__callbacks__early_stopping__patience': 10, 'model__lr': 0.0002, 'model__max_epochs': 500, 'model__module__d_model': 96, 'model__module__dim_feedforward': 384, 'model__module__dropout': 0.1, 'model__module__nhead': 4, 'model__module__num_layers': 3, 'model__module__patch_size': 16, 'model__optimizer__weight_decay': 0.0001}",0.88,0.8961038961038961,0.6936274509803921,0.8941023134571522,0.8716981132075472,0.8471063547497973,0.07726823354745319,19,0.8866466294547015,0.957051282051282,0.9435781233906684,0.8560666872491509,0.8367346938775511,0.8960154832046708,0.047297922120188504
115,1.762143898010254,0.42494044706740286,0.026325082778930663,0.003256880117551515,64,10,0.0002,500,96,384,0.1,4,3,32,0.0001,"{'model__batch_size': 64, 'model__callbacks__early_stopping__patience': 10, 'model__lr': 0.0002, 'model__max_epochs': 500, 'model__module__d_model': 96, 'model__module__dim_feedforward': 384, 'model__module__dropout': 0.1, 'model__module__nhead': 4, 'model__module__num_layers': 3, 'model__module__patch_size': 32, 'model__optimizer__weight_decay': 0.0001}",0.7726315789473684,0.8545454545454545,0.7482658312821661,0.8941023134571522,0.8466000644537544,0.8232290485371792,0.054276199610471525,127,0.8727301944399808,0.8879219356765906,0.9479515050167224,0.8544247142827404,0.7828571428571429,0.8691770984546354,0.053363223508097614
116,2.3029714584350587,0.6576391417898728,0.025227451324462892,0.002814489616770051,64,10,0.0002,500,96,384,0.25,4,2,16,0.0001,"{'model__batch_size': 64, 'model__callbacks__early_stopping__patience': 10, 'model__lr': 0.0002, 'model__max_epochs': 500, 'model__module__d_model': 96, 'model__module__dim_feedforward': 384, 'model__module__dropout': 0.25, 'model__module__nhead': 4, 'model__module__num_layers': 2, 'model__module__patch_size': 16, 'model__optimizer__weight_decay': 0.0001}",0.8330241187384044,0.9155354449472096,0.6936274509803921,0.8941023134571522,0.8716981132075472,0.8415974882661409,0.07886477075066972,31,0.8724637681159421,0.9289313179527976,0.9119537408740146,0.836559796437659,0.8694080333577305,0.8838633313476288,0.032853385277114
117,1.7130725860595704,0.43623362530533827,0.024030303955078124,0.0032741235550497417,64,10,0.0002,500,96,384,0.25,4,2,32,0.0001,"{'model__batch_size': 64, 'model__callbacks__early_stopping__patience': 10, 'model__lr': 0.0002, 'model__max_epochs': 500, 'model__module__d_model': 96, 'model__module__dim_feedforward': 384, 'model__module__dropout': 0.25, 'model__module__nhead': 4, 'model__module__num_layers': 2, 'model__module__patch_size': 32, 'model__optimizer__weight_decay': 0.0001}",0.8556998556998556,0.825,0.717809364548495,0.5740498034076016,0.8201058201058201,0.7585329687523544,0.10328885362972325,284,0.8747719477486682,0.9331504115739586,0.923783287419651,0.8102216523172743,0.7942857142857143,0.8672426026690532,0.05687086369247252
118,2.7296760082244873,0.5458105723926434,0.02778325080871582,0.0033771422620718573,64,10,0.0002,500,96,384,0.25,4,3,16,0.0001,"{'model__batch_size': 64, 'model__callbacks__early_stopping__patience': 10, 'model__lr': 0.0002, 'model__max_epochs': 500, 'model__module__d_model': 96, 'model__module__dim_feedforward': 384, 'model__module__dropout': 0.25, 'model__module__nhead': 4, 'model__module__num_layers': 3, 'model__module__patch_size': 16, 'model__optimizer__weight_decay': 0.0001}",0.8655311519497983,0.8771929824561404,0.67,0.9170918367346939,0.6964285714285714,0.8052489085138408,0.10144246868017254,214,0.8833578792341679,0.9119868637110016,0.9183204854846646,0.8471043256997455,0.8215447532298541,0.8764628614718866,0.0372544733651936
119,1.692910099029541,0.23629918701654526,0.024317169189453126,0.0035373227802580755,64,10,0.0002,500,96,384,0.25,4,3,32,0.0001,"{'model__batch_size': 64, 'model__callbacks__early_stopping__patience': 10, 'model__lr': 0.0002, 'model__max_epochs': 500, 'model__module__d_model': 96, 'model__module__dim_feedforward': 384, 'model__module__dropout': 0.25, 'model__module__nhead': 4, 'model__module__num_layers': 3, 'model__module__patch_size': 32, 'model__optimizer__weight_decay': 0.0001}",0.7726315789473684,0.8961038961038961,0.7228863290589003,0.87,0.7920489296636086,0.8107341467547547,0.06374734119946647,191,0.8863946066126371,0.8892104175279041,0.923783287419651,0.8590033500837522,0.7586726998491704,0.863412872298623,0.05626403484416398
120,2.251605415344238,0.849430774216738,0.025101900100708008,0.003500041795546206,64,10,0.0002,500,128,128,0.1,4,2,16,0.0001,"{'model__batch_size': 64, 'model__callbacks__early_stopping__patience': 10, 'model__lr': 0.0002, 'model__max_epochs': 500, 'model__module__d_model': 128, 'model__module__dim_feedforward': 128, 'model__module__dropout': 0.1, 'model__module__nhead': 4, 'model__module__num_layers': 2, 'model__module__patch_size': 16, 'model__optimizer__weight_decay': 0.0001}",0.8330241187384044,0.8961038961038961,0.6936274509803921,0.7596153846153846,0.7920489296636086,0.7948839560203372,0.06812479372295215,246,0.8705294705294705,0.9947243055965669,0.9097826086956522,0.7618043561158341,0.8357169050238358,0.8745115291922719,0.07735495740882946
121,1.6230199813842774,0.225719388466677,0.024816036224365234,0.0034987250115194792,64,10,0.0002,500,128,128,0.1,4,2,32,0.0001,"{'model__batch_size': 64, 'model__callbacks__early_stopping__patience': 10, 'model__lr': 0.0002, 'model__max_epochs': 500, 'model__module__d_model': 128, 'model__module__dim_feedforward': 128, 'model__module__dropout': 0.1, 'model__module__nhead': 4, 'model__module__num_layers': 2, 'model__module__patch_size': 32, 'model__optimizer__weight_decay': 0.0001}",0.797979797979798,0.8961038961038961,0.6746539971080355,0.8941023134571522,0.7920489296636086,0.8109777868624981,0.08156907060771679,189,0.8724637681159421,0.9377468060394889,0.9119537408740146,0.8296765708136546,0.84375,0.8791181771686201,0.04063287319931908
122,2.1364442348480224,0.33482519963028107,0.028567123413085937,0.005180857163730292,64,10,0.0002,500,128,128,0.1,4,3,16,0.0001,"{'model__batch_size': 64, 'model__callbacks__early_stopping__patience': 10, 'model__lr': 0.0002, 'model__max_epochs': 500, 'model__module__d_model': 128, 'model__module__dim_feedforward': 128, 'model__module__dropout': 0.1, 'model__module__nhead': 4, 'model__module__num_layers': 3, 'model__module__patch_size': 16, 'model__optimizer__weight_decay': 0.0001}",0.88,0.8961038961038961,0.7056393307167941,0.617003367003367,0.8201058201058201,0.7837704827859754,0.10687836104577335,270,0.8743694679737317,0.8948259836827429,0.9167224080267559,0.7909604519774012,0.8628571428571428,0.8679470909035549,0.042651151236506105
123,1.7983348846435547,0.4305501486752635,0.024182462692260744,0.0032135438266672686,64,10,0.0002,500,128,128,0.1,4,3,32,0.0001,"{'model__batch_size': 64, 'model__callbacks__early_stopping__patience': 10, 'model__lr': 0.0002, 'model__max_epochs': 500, 'model__module__d_model': 128, 'model__module__dim_feedforward': 128, 'model__module__dropout': 0.1, 'model__module__nhead': 4, 'model__module__num_layers': 3, 'model__module__patch_size': 32, 'model__optimizer__weight_decay': 0.0001}",0.8556998556998556,0.9155354449472096,0.643668663499277,0.6933962264150944,0.8201058201058201,0.7856812021334514,0.10162073451731272,267,0.8705294705294705,0.9363269185079591,0.9398550724637681,0.7993447993447993,0.7942857142857143,0.8680683950263421,0.06322250637028112
124,2.2862176418304445,0.8466439342821989,0.025775766372680663,0.0031302133170147983,64,10,0.0002,500,128,128,0.25,4,2,16,0.0001,"{'model__batch_size': 64, 'model__callbacks__early_stopping__patience': 10, 'model__lr': 0.0002, 'model__max_epochs': 500, 'model__module__d_model': 128, 'model__module__dim_feedforward': 128, 'model__module__dropout': 0.25, 'model__module__nhead': 4, 'model__module__num_layers': 2, 'model__module__patch_size': 16, 'model__optimizer__weight_decay': 0.0001}",0.888682745825603,0.8733031674208145,0.6936274509803921,0.6933962264150944,0.7920489296636086,0.7882117040611025,0.08400698471239434,260,0.8724637681159421,0.9947243055965669,0.9097826086956522,0.7551251008878128,0.8426480296856148,0.8749487625963178,0.07869790338305963
125,1.6000545501708985,0.22479772688928887,0.023365211486816407,0.0028689922658615107,64,10,0.0002,500,128,128,0.25,4,2,32,0.0001,"{'model__batch_size': 64, 'model__callbacks__early_stopping__patience': 10, 'model__lr': 0.0002, 'model__max_epochs': 500, 'model__module__d_model': 128, 'model__module__dim_feedforward': 128, 'model__module__dropout': 0.25, 'model__module__nhead': 4, 'model__module__num_layers': 2, 'model__module__patch_size': 32, 'model__optimizer__weight_decay': 0.0001}",0.797979797979798,0.8961038961038961,0.6693121693121693,0.87,0.8201058201058201,0.8107003367003367,0.07880495812709594,192,0.8724637681159421,0.9257147382592856,0.9319972269490138,0.8619903233369568,0.8081636251432601,0.8800659363608917,0.04546456898192152
126,2.845508575439453,1.1126827195894402,0.027254199981689452,0.0037010987130402483,64,10,0.0002,500,128,128,0.25,4,3,16,0.0001,"{'model__batch_size': 64, 'model__callbacks__early_stopping__patience': 10, 'model__lr': 0.0002, 'model__max_epochs': 500, 'model__module__d_model': 128, 'model__module__dim_feedforward': 128, 'model__module__dropout': 0.25, 'model__module__nhead': 4, 'model__module__num_layers': 3, 'model__module__patch_size': 16, 'model__optimizer__weight_decay': 0.0001}",0.8556998556998556,0.8496355964710395,0.7056393307167941,0.7896440129449838,0.7920489296636086,0.7985335450992563,0.05409217282952035,235,0.8767898146246756,0.9736215279828343,0.9326705077271876,0.8067864526717394,0.8447125429669071,0.8869161691946689,0.05985940081696057
127,1.7876521110534669,0.31597426506509335,0.025339937210083006,0.0038700398626844556,64,10,0.0002,500,128,128,0.25,4,3,32,0.0001,"{'model__batch_size': 64, 'model__callbacks__early_stopping__patience': 10, 'model__lr': 0.0002, 'model__max_epochs': 500, 'model__module__d_model': 128, 'model__module__dim_feedforward': 128, 'model__module__dropout': 0.25, 'model__module__nhead': 4, 'model__module__num_layers': 3, 'model__module__patch_size': 32, 'model__optimizer__weight_decay': 0.0001}",0.82,0.8545454545454545,0.6984126984126984,0.6933962264150944,0.8466000644537544,0.7825908887654003,0.0717157322142111,271,0.8736377025036819,0.9575512790053061,0.923783287419651,0.8134322033898305,0.8353405637988778,0.8807490072234694,0.053655545268486864
128,2.210135889053345,0.6796472144095921,0.02612466812133789,0.0018930466913729958,64,10,0.0002,500,128,256,0.1,4,2,16,0.0001,"{'model__batch_size': 64, 'model__callbacks__early_stopping__patience': 10, 'model__lr': 0.0002, 'model__max_epochs': 500, 'model__module__d_model': 128, 'model__module__dim_feedforward': 256, 'model__module__dropout': 0.1, 'model__module__nhead': 4, 'model__module__num_layers': 2, 'model__module__patch_size': 16, 'model__optimizer__weight_decay': 0.0001}",0.8655311519497983,0.9155354449472096,0.6936274509803921,0.7276190476190476,0.7304504504504505,0.7865527091893797,0.0873268390122282,264,0.8844048748449245,0.951966543861396,0.93331960037079,0.7975508077123502,0.8190045248868778,0.8772492703352677,0.06086386590773478
129,1.4247411727905273,0.2001629633097772,0.024692773818969727,0.004168086664765193,64,10,0.0002,500,128,256,0.1,4,2,32,0.0001,"{'model__batch_size': 64, 'model__callbacks__early_stopping__patience': 10, 'model__lr': 0.0002, 'model__max_epochs': 500, 'model__module__d_model': 128, 'model__module__dim_feedforward': 256, 'model__module__dropout': 0.1, 'model__module__nhead': 4, 'model__module__num_layers': 2, 'model__module__patch_size': 32, 'model__optimizer__weight_decay': 0.0001}",0.797979797979798,0.8733031674208145,0.6783876500857633,0.8756377551020409,0.8201058201058201,0.8090828381388475,0.07194417763448345,201,0.8570761849646238,0.8997618063347703,0.9381520119225037,0.8531746031746033,0.7843695221617684,0.8665068257116539,0.05148232360831089
130,2.4963266849517822,0.411900473073572,0.027310705184936522,0.004131009061431578,64,10,0.0002,500,128,256,0.1,4,3,16,0.0001,"{'model__batch_size': 64, 'model__callbacks__early_stopping__patience': 10, 'model__lr': 0.0002, 'model__max_epochs': 500, 'model__module__d_model': 128, 'model__module__dim_feedforward': 256, 'model__module__dropout': 0.1, 'model__module__nhead': 4, 'model__module__num_layers': 3, 'model__module__patch_size': 16, 'model__optimizer__weight_decay': 0.0001}",0.8330241187384044,0.8925968546221711,0.6936274509803921,0.7596153846153846,0.9182692307692308,0.8194266079451165,0.08332040772168503,143,0.8866466294547015,0.8934705746982154,0.9326705077271876,0.8199911543564794,0.8802721088435375,0.8826101950160243,0.03624054761901443
131,1.8756611824035645,0.40735254632545786,0.026183652877807616,0.0029194786046009375,64,10,0.0002,500,128,256,0.1,4,3,32,0.0001,"{'model__batch_size': 64, 'model__callbacks__early_stopping__patience': 10, 'model__lr': 0.0002, 'model__max_epochs': 500, 'model__module__d_model': 128, 'model__module__dim_feedforward': 256, 'model__module__dropout': 0.1, 'model__module__nhead': 4, 'model__module__num_layers': 3, 'model__module__patch_size': 32, 'model__optimizer__weight_decay': 0.0001}",0.8117436127297176,0.8961038961038961,0.6864548494983278,0.9170918367346939,0.8201058201058201,0.8263000030344912,0.08114513407802346,109,0.8747719477486682,0.9391097800268512,0.9223121243006012,0.8713363139592648,0.7915875169606512,0.8798235365992072,0.05138732412634732
132,2.12200026512146,0.5576784688529419,0.02564072608947754,0.0024174612209494034,64,10,0.0002,500,128,256,0.25,4,2,16,0.0001,"{'model__batch_size': 64, 'model__callbacks__early_stopping__patience': 10, 'model__lr': 0.0002, 'model__max_epochs': 500, 'model__module__d_model': 128, 'model__module__dim_feedforward': 256, 'model__module__dropout': 0.25, 'model__module__nhead': 4, 'model__module__num_layers': 2, 'model__module__patch_size': 16, 'model__optimizer__weight_decay': 0.0001}",0.8556998556998556,0.9155354449472096,0.6817538896746818,0.8179271708683473,0.9182692307692308,0.837837118391865,0.08669926450932582,46,0.8866466294547015,0.9347984753872354,0.923783287419651,0.8425395171096057,0.8725954776587688,0.8920726774059924,0.0337443147089486
133,1.4809134006500244,0.20094406284942803,0.025256919860839843,0.0031388458106817183,64,10,0.0002,500,128,256,0.25,4,2,32,0.0001,"{'model__batch_size': 64, 'model__callbacks__early_stopping__patience': 10, 'model__lr': 0.0002, 'model__max_epochs': 500, 'model__module__d_model': 128, 'model__module__dim_feedforward': 256, 'model__module__dropout': 0.25, 'model__module__nhead': 4, 'model__module__num_layers': 2, 'model__module__patch_size': 32, 'model__optimizer__weight_decay': 0.0001}",0.82,0.8733031674208145,0.6783876500857633,0.8179271708683473,0.7920489296636086,0.7963333836077068,0.06462244285321114,243,0.8639175257731959,0.8985960370407249,0.9533872745803607,0.8240815066378512,0.7993730407523512,0.8678710769568967,0.05455672502578611
134,2.5095087051391602,0.5333781516642199,0.02730140686035156,0.0038902896202999034,64,10,0.0002,500,128,256,0.25,4,3,16,0.0001,"{'model__batch_size': 64, 'model__callbacks__early_stopping__patience': 10, 'model__lr': 0.0002, 'model__max_epochs': 500, 'model__module__d_model': 128, 'model__module__dim_feedforward': 256, 'model__module__dropout': 0.25, 'model__module__nhead': 4, 'model__module__num_layers': 3, 'model__module__patch_size': 16, 'model__optimizer__weight_decay': 0.0001}",0.8330241187384044,0.8961038961038961,0.6936274509803921,0.7596153846153846,0.7304504504504505,0.7825642601777056,0.07292421043286021,272,0.8866466294547015,0.8997256173609378,0.9215352618642465,0.8199911543564794,0.8163558106169297,0.8688508947306591,0.0428686069231822
135,1.6466233253479003,0.2906309199016278,0.025715446472167967,0.0029516841037609404,64,10,0.0002,500,128,256,0.25,4,3,32,0.0001,"{'model__batch_size': 64, 'model__callbacks__early_stopping__patience': 10, 'model__lr': 0.0002, 'model__max_epochs': 500, 'model__module__d_model': 128, 'model__module__dim_feedforward': 256, 'model__module__dropout': 0.25, 'model__module__nhead': 4, 'model__module__num_layers': 3, 'model__module__patch_size': 32, 'model__optimizer__weight_decay': 0.0001}",0.8036006546644845,0.8925968546221711,0.7056393307167941,0.9170918367346939,0.8466000644537544,0.8331057482383795,0.07469027983933428,71,0.8882539682539683,0.9070640311690431,0.923783287419651,0.8347432335082845,0.819448117781892,0.8746585276265678,0.04071760000341084
136,2.140436601638794,0.5688474240372675,0.025884628295898438,0.0025900974615350844,64,10,0.0002,500,128,384,0.1,4,2,16,0.0001,"{'model__batch_size': 64, 'model__callbacks__early_stopping__patience': 10, 'model__lr': 0.0002, 'model__max_epochs': 500, 'model__module__d_model': 128, 'model__module__dim_feedforward': 384, 'model__module__dropout': 0.1, 'model__module__nhead': 4, 'model__module__num_layers': 2, 'model__module__patch_size': 16, 'model__optimizer__weight_decay': 0.0001}",0.8556998556998556,0.8961038961038961,0.7056393307167941,0.7896440129449838,0.7920489296636086,0.8078272050258276,0.0649715460393301,205,0.8811524609843937,0.9355769230769231,0.9326705077271876,0.8178272268047829,0.8286835121726087,0.8791821261531793,0.049718801254323576
137,1.4782800674438477,0.31256736409294256,0.02437906265258789,0.002208313672765063,64,10,0.0002,500,128,384,0.1,4,2,32,0.0001,"{'model__batch_size': 64, 'model__callbacks__early_stopping__patience': 10, 'model__lr': 0.0002, 'model__max_epochs': 500, 'model__module__d_model': 128, 'model__module__dim_feedforward': 384, 'model__module__dropout': 0.1, 'model__module__nhead': 4, 'model__module__num_layers': 2, 'model__module__patch_size': 32, 'model__optimizer__weight_decay': 0.0001}",0.797979797979798,0.9155354449472096,0.710548885077187,0.8446568794810516,0.7920489296636086,0.812153987429771,0.06733926279452528,178,0.8854166666666667,0.940592064163795,0.9381520119225037,0.8418104083738758,0.7903357903357904,0.8792613882925263,0.05758086952286783
138,2.7934632301330566,1.3885840340828848,0.027961349487304686,0.0026821781521187173,64,10,0.0002,500,128,384,0.1,4,3,16,0.0001,"{'model__batch_size': 64, 'model__callbacks__early_stopping__patience': 10, 'model__lr': 0.0002, 'model__max_epochs': 500, 'model__module__d_model': 128, 'model__module__dim_feedforward': 384, 'model__module__dropout': 0.1, 'model__module__nhead': 4, 'model__module__num_layers': 3, 'model__module__patch_size': 16, 'model__optimizer__weight_decay': 0.0001}",0.8330241187384044,0.8961038961038961,0.717809364548495,0.7276190476190476,0.7920489296636086,0.7933210713346903,0.06657481981531056,249,0.8633028014355348,0.9617322481284295,0.9006113316947123,0.8111597186481386,0.8262782262782262,0.8726168652370083,0.05428856920574019
139,1.5051056385040282,0.17840910778470387,0.025568675994873048,0.003983301781093241,64,10,0.0002,500,128,384,0.1,4,3,32,0.0001,"{'model__batch_size': 64, 'model__callbacks__early_stopping__patience': 10, 'model__lr': 0.0002, 'model__max_epochs': 500, 'model__module__d_model': 128, 'model__module__dim_feedforward': 384, 'model__module__dropout': 0.1, 'model__module__nhead': 4, 'model__module__num_layers': 3, 'model__module__patch_size': 32, 'model__optimizer__weight_decay': 0.0001}",0.8330241187384044,0.8178861788617886,0.6984126984126984,0.6933962264150944,0.8201058201058201,0.7725650085067612,0.06282627222748856,282,0.8811560277302601,0.8377542097356443,0.9285304247990815,0.826465661641541,0.8122478914558122,0.8572308430724679,0.0424390065530776
140,2.165265703201294,0.538959476468061,0.02588620185852051,0.0027797681715677094,64,10,0.0002,500,128,384,0.25,4,2,16,0.0001,"{'model__batch_size': 64, 'model__callbacks__early_stopping__patience': 10, 'model__lr': 0.0002, 'model__max_epochs': 500, 'model__module__d_model': 128, 'model__module__dim_feedforward': 384, 'model__module__dropout': 0.25, 'model__module__nhead': 4, 'model__module__num_layers': 2, 'model__module__patch_size': 16, 'model__optimizer__weight_decay': 0.0001}",0.7916666666666666,0.8496355964710395,0.7056393307167941,0.7896440129449838,0.7304504504504505,0.7734072114499868,0.05068644214216506,281,0.871648509948681,0.940592064163795,0.9326705077271876,0.8244067796610169,0.8215447532298541,0.8781725229461068,0.0510024541971292
141,1.3885514736175537,0.05258321530660565,0.024840593338012695,0.003190584004593596,64,10,0.0002,500,128,384,0.25,4,2,32,0.0001,"{'model__batch_size': 64, 'model__callbacks__early_stopping__patience': 10, 'model__lr': 0.0002, 'model__max_epochs': 500, 'model__module__d_model': 128, 'model__module__dim_feedforward': 384, 'model__module__dropout': 0.25, 'model__module__nhead': 4, 'model__module__num_layers': 2, 'model__module__patch_size': 32, 'model__optimizer__weight_decay': 0.0001}",0.797979797979798,0.8771929824561404,0.7228863290589003,0.8179271708683473,0.8201058201058201,0.8072184200938013,0.049748277391094047,208,0.8844048748449245,0.8665737329483223,0.912802554331033,0.8156197654941373,0.86151682354214,0.8681835502321114,0.03182444067505312
142,2.3326416015625,0.3734909415372822,0.02781844139099121,0.0034514349666488484,64,10,0.0002,500,128,384,0.25,4,3,16,0.0001,"{'model__batch_size': 64, 'model__callbacks__early_stopping__patience': 10, 'model__lr': 0.0002, 'model__max_epochs': 500, 'model__module__d_model': 128, 'model__module__dim_feedforward': 384, 'model__module__dropout': 0.25, 'model__module__nhead': 4, 'model__module__num_layers': 3, 'model__module__patch_size': 16, 'model__optimizer__weight_decay': 0.0001}",0.8231578947368421,0.8961038961038961,0.7301587301587302,0.47605500237079185,0.8201058201058201,0.749116268695216,0.14632080155716767,286,0.86746037438141,0.8892104175279041,0.9158783783783784,0.7645454545454545,0.8373891140072282,0.8548967477680751,0.05200750973630883
143,1.9744347095489503,0.4867054991922291,0.026389503479003908,0.003100111293319615,64,10,0.0002,500,128,384,0.25,4,3,32,0.0001,"{'model__batch_size': 64, 'model__callbacks__early_stopping__patience': 10, 'model__lr': 0.0002, 'model__max_epochs': 500, 'model__module__d_model': 128, 'model__module__dim_feedforward': 384, 'model__module__dropout': 0.25, 'model__module__nhead': 4, 'model__module__num_layers': 3, 'model__module__patch_size': 32, 'model__optimizer__weight_decay': 0.0001}",0.8556998556998556,0.9155354449472096,0.6783876500857633,0.9170918367346939,0.8201058201058201,0.8373641215146685,0.08760688439273985,50,0.8844048748449245,0.940592064163795,0.9345492043593424,0.8544247142827404,0.8031659882406151,0.8834273691782835,0.05131324032529173
144,9.974887466430664,1.6313680201438998,0.02533383369445801,0.0035483474280402667,128,10,3e-05,500,96,128,0.1,4,2,16,0.0001,"{'model__batch_size': 128, 'model__callbacks__early_stopping__patience': 10, 'model__lr': 3e-05, 'model__max_epochs': 500, 'model__module__d_model': 96, 'model__module__dim_feedforward': 128, 'model__module__dropout': 0.1, 'model__module__nhead': 4, 'model__module__num_layers': 2, 'model__module__patch_size': 16, 'model__optimizer__weight_decay': 0.0001}",0.88,0.8961038961038961,0.7056393307167941,0.87,0.8201058201058201,0.8343698093853021,0.06919208013947929,59,0.8767898146246756,0.9044903777619386,0.9375418060200669,0.8471043256997455,0.845822937279532,0.8823498522771918,0.03505347716949497
145,6.319620656967163,0.6746939970827759,0.023610448837280272,0.0020277202223888346,128,10,3e-05,500,96,128,0.1,4,2,32,0.0001,"{'model__batch_size': 128, 'model__callbacks__early_stopping__patience': 10, 'model__lr': 3e-05, 'model__max_epochs': 500, 'model__module__d_model': 96, 'model__module__dim_feedforward': 128, 'model__module__dropout': 0.1, 'model__module__nhead': 4, 'model__module__num_layers': 2, 'model__module__patch_size': 32, 'model__optimizer__weight_decay': 0.0001}",0.8556998556998556,0.8961038961038961,0.6984126984126984,0.8446568794810516,0.8466000644537544,0.8282946788302512,0.06755926473351596,98,0.8472193701345978,0.8926282051282051,0.9175360158966717,0.826465661641541,0.8631513674171959,0.8694001240436423,0.03234504197080339
146,11.882237958908082,1.3577109083757282,0.02635931968688965,0.0026944891723891676,128,10,3e-05,500,96,128,0.1,4,3,16,0.0001,"{'model__batch_size': 128, 'model__callbacks__early_stopping__patience': 10, 'model__lr': 3e-05, 'model__max_epochs': 500, 'model__module__d_model': 96, 'model__module__dim_feedforward': 128, 'model__module__dropout': 0.1, 'model__module__nhead': 4, 'model__module__num_layers': 3, 'model__module__patch_size': 16, 'model__optimizer__weight_decay': 0.0001}",0.8556998556998556,0.8771929824561404,0.7427101200686106,0.8446568794810516,0.8466000644537544,0.8333719804318825,0.046777597865562175,66,0.8790477761284292,0.8832660172645918,0.9319972269490138,0.8373115577889447,0.859818201730369,0.8782881559722696,0.031401405189538094
147,7.659189605712891,0.4118174192947189,0.024057865142822266,0.0026530131364677348,128,10,3e-05,500,96,128,0.1,4,3,32,0.0001,"{'model__batch_size': 128, 'model__callbacks__early_stopping__patience': 10, 'model__lr': 3e-05, 'model__max_epochs': 500, 'model__module__d_model': 96, 'model__module__dim_feedforward': 128, 'model__module__dropout': 0.1, 'model__module__nhead': 4, 'model__module__num_layers': 3, 'model__module__patch_size': 32, 'model__optimizer__weight_decay': 0.0001}",0.8117436127297176,0.8771929824561404,0.6984126984126984,0.6933962264150944,0.8716981132075472,0.7904887266442396,0.08058450372129007,257,0.8779382663534983,0.8845912934544315,0.9215352618642465,0.8333762223365929,0.8662403076472924,0.8767362703312124,0.028496858843875074
148,10.92247428894043,1.9788765311530467,0.02681245803833008,0.0021890880410646266,128,10,3e-05,500,96,128,0.25,4,2,16,0.0001,"{'model__batch_size': 128, 'model__callbacks__early_stopping__patience': 10, 'model__lr': 3e-05, 'model__max_epochs': 500, 'model__module__d_model': 96, 'model__module__dim_feedforward': 128, 'model__module__dropout': 0.25, 'model__module__nhead': 4, 'model__module__num_layers': 2, 'model__module__patch_size': 16, 'model__optimizer__weight_decay': 0.0001}",0.888682745825603,0.8587387387387387,0.710548885077187,0.9170918367346939,0.8716981132075472,0.8493520639167539,0.07209626536781251,11,0.8866466294547015,0.9103131951416367,0.9319972269490138,0.8745392893999705,0.8678482319538845,0.8942689145798415,0.02377500495756042
149,7.685675525665284,1.9476432860609898,0.023966646194458006,0.002395092705010786,128,10,3e-05,500,96,128,0.25,4,2,32,0.0001,"{'model__batch_size': 128, 'model__callbacks__early_stopping__patience': 10, 'model__lr': 3e-05, 'model__max_epochs': 500, 'model__module__d_model': 96, 'model__module__dim_feedforward': 128, 'model__module__dropout': 0.25, 'model__module__nhead': 4, 'model__module__num_layers': 2, 'model__module__patch_size': 32, 'model__optimizer__weight_decay': 0.0001}",0.8556998556998556,0.8587387387387387,0.710548885077187,0.7896440129449838,0.8716981132075472,0.8172659211336626,0.06051697457238505,154,0.8514405762304922,0.8754936120789779,0.9844624248601201,0.8373115577889447,0.8677002583979329,0.8832816858712935,0.0522840049286439
150,11.153611612319946,2.0666624629273618,0.026438570022583006,0.0018227712553582913,128,10,3e-05,500,96,128,0.25,4,3,16,0.0001,"{'model__batch_size': 128, 'model__callbacks__early_stopping__patience': 10, 'model__lr': 3e-05, 'model__max_epochs': 500, 'model__module__d_model': 96, 'model__module__dim_feedforward': 128, 'model__module__dropout': 0.25, 'model__module__nhead': 4, 'model__module__num_layers': 3, 'model__module__patch_size': 16, 'model__optimizer__weight_decay': 0.0001}",0.8556998556998556,0.8771929824561404,0.710548885077187,0.7596153846153846,0.9182692307692308,0.8242652677235597,0.07711970493255506,118,0.8767898146246756,0.9103131951416367,0.9369087837837837,0.8418104083738758,0.8439568094740508,0.8819558022796045,0.03716513269359822
151,7.1669703960418705,1.7825755986766911,0.02382211685180664,0.002231026821954767,128,10,3e-05,500,96,128,0.25,4,3,32,0.0001,"{'model__batch_size': 128, 'model__callbacks__early_stopping__patience': 10, 'model__lr': 3e-05, 'model__max_epochs': 500, 'model__module__d_model': 96, 'model__module__dim_feedforward': 128, 'model__module__dropout': 0.25, 'model__module__nhead': 4, 'model__module__num_layers': 3, 'model__module__patch_size': 32, 'model__optimizer__weight_decay': 0.0001}",0.7916666666666666,0.8545454545454545,0.6984126984126984,0.8941023134571522,0.8716981132075472,0.8220850492579036,0.07059992738196585,128,0.8705294705294705,0.8786590287210378,0.9538366464105469,0.8576488549618321,0.812628917426309,0.8746605836098393,0.04569295153589887
152,10.031547546386719,0.9568798214416707,0.025782251358032228,0.0022740237571026887,128,10,3e-05,500,96,256,0.1,4,2,16,0.0001,"{'model__batch_size': 128, 'model__callbacks__early_stopping__patience': 10, 'model__lr': 3e-05, 'model__max_epochs': 500, 'model__module__d_model': 96, 'model__module__dim_feedforward': 256, 'model__module__dropout': 0.1, 'model__module__nhead': 4, 'model__module__num_layers': 2, 'model__module__patch_size': 16, 'model__optimizer__weight_decay': 0.0001}",0.8556998556998556,0.8587387387387387,0.7427101200686106,0.8941023134571522,0.8955453149001535,0.849359268572902,0.05592371468930469,10,0.8833578792341679,0.8985960370407249,0.9375418060200669,0.8698492462311558,0.8678482319538845,0.8914386400959999,0.025552448881136534
153,7.115699243545532,0.6560632901486814,0.023930883407592772,0.0036838020743540294,128,10,3e-05,500,96,256,0.1,4,2,32,0.0001,"{'model__batch_size': 128, 'model__callbacks__early_stopping__patience': 10, 'model__lr': 3e-05, 'model__max_epochs': 500, 'model__module__d_model': 96, 'model__module__dim_feedforward': 256, 'model__module__dropout': 0.1, 'model__module__nhead': 4, 'model__module__num_layers': 2, 'model__module__patch_size': 32, 'model__optimizer__weight_decay': 0.0001}",0.7916666666666666,0.8771929824561404,0.6864548494983278,0.8941023134571522,0.8955453149001535,0.828992425395688,0.08087280276223986,92,0.8811560277302601,0.8726538370159183,0.9167224080267559,0.839170392449081,0.8412555862039472,0.8701916502851924,0.02860421505480397
154,10.689914655685424,2.1787938628178174,0.026696109771728517,0.0033199008545572034,128,10,3e-05,500,96,256,0.1,4,3,16,0.0001,"{'model__batch_size': 128, 'model__callbacks__early_stopping__patience': 10, 'model__lr': 3e-05, 'model__max_epochs': 500, 'model__module__d_model': 96, 'model__module__dim_feedforward': 256, 'model__module__dropout': 0.1, 'model__module__nhead': 4, 'model__module__num_layers': 3, 'model__module__patch_size': 16, 'model__optimizer__weight_decay': 0.0001}",0.8330241187384044,0.8771929824561404,0.717809364548495,0.8446568794810516,0.8716981132075472,0.8288762916863277,0.0579142551183773,94,0.8833578792341679,0.8962446767324816,0.9319972269490138,0.84448447418082,0.8631513674171959,0.8838471249027359,0.02983321514526469
155,6.436706686019898,1.0563266039977635,0.023054742813110353,0.002671759904824328,128,10,3e-05,500,96,256,0.1,4,3,32,0.0001,"{'model__batch_size': 128, 'model__callbacks__early_stopping__patience': 10, 'model__lr': 3e-05, 'model__max_epochs': 500, 'model__module__d_model': 96, 'model__module__dim_feedforward': 256, 'model__module__dropout': 0.1, 'model__module__nhead': 4, 'model__module__num_layers': 3, 'model__module__patch_size': 32, 'model__optimizer__weight_decay': 0.0001}",0.8330241187384044,0.8587387387387387,0.7354497354497355,0.8179271708683473,0.8955453149001535,0.8281370157390759,0.053290526140736455,100,0.8790477761284292,0.9008856447688565,0.9479515050167224,0.8573305084745764,0.8367346938775511,0.8843900256532271,0.03832480882003357
156,9.899198770523071,1.7757612200773258,0.023981523513793946,0.002048668315509724,128,10,3e-05,500,96,256,0.25,4,2,16,0.0001,"{'model__batch_size': 128, 'model__callbacks__early_stopping__patience': 10, 'model__lr': 3e-05, 'model__max_epochs': 500, 'model__module__d_model': 96, 'model__module__dim_feedforward': 256, 'model__module__dropout': 0.25, 'model__module__nhead': 4, 'model__module__num_layers': 2, 'model__module__patch_size': 16, 'model__optimizer__weight_decay': 0.0001}",0.8556998556998556,0.8587387387387387,0.6984126984126984,0.8179271708683473,0.8955453149001535,0.8252647557239585,0.06801682798123979,115,0.8724637681159421,0.9008856447688565,0.9110732967794795,0.8418104083738758,0.8693877551020408,0.8791241746280389,0.02459993504503744
157,5.79848575592041,0.5245198400251644,0.025420570373535158,0.005213807954463774,128,10,3e-05,500,96,256,0.25,4,2,32,0.0001,"{'model__batch_size': 128, 'model__callbacks__early_stopping__patience': 10, 'model__lr': 3e-05, 'model__max_epochs': 500, 'model__module__d_model': 96, 'model__module__dim_feedforward': 256, 'model__module__dropout': 0.25, 'model__module__nhead': 4, 'model__module__num_layers': 2, 'model__module__patch_size': 32, 'model__optimizer__weight_decay': 0.0001}",0.8556998556998556,0.9181286549707601,0.710548885077187,0.7596153846153846,0.8466000644537544,0.8181185689633883,0.07378268831043228,152,0.8639175257731959,0.8832660172645918,0.9230610773509115,0.8309007813651776,0.8359483204134367,0.8674187444334628,0.03371472383230895
158,8.32796926498413,3.451548973337976,0.027834749221801756,0.002697901754925006,128,10,3e-05,500,96,256,0.25,4,3,16,0.0001,"{'model__batch_size': 128, 'model__callbacks__early_stopping__patience': 10, 'model__lr': 3e-05, 'model__max_epochs': 500, 'model__module__d_model': 96, 'model__module__dim_feedforward': 256, 'model__module__dropout': 0.25, 'model__module__nhead': 4, 'model__module__num_layers': 3, 'model__module__patch_size': 16, 'model__optimizer__weight_decay': 0.0001}",0.8330241187384044,0.8771929824561404,0.7554879374049119,0.8446568794810516,0.423728813559322,0.7468181463279662,0.16641115798280098,287,0.8767898146246756,0.8962446767324816,0.9319972269490138,0.8602869780990399,0.4311111111111111,0.7992859615032644,0.18563079710585764
159,6.519497728347778,0.5274804893522402,0.02536473274230957,0.003447484005522805,128,10,3e-05,500,96,256,0.25,4,3,32,0.0001,"{'model__batch_size': 128, 'model__callbacks__early_stopping__patience': 10, 'model__lr': 3e-05, 'model__max_epochs': 500, 'model__module__d_model': 96, 'model__module__dim_feedforward': 256, 'model__module__dropout': 0.25, 'model__module__nhead': 4, 'model__module__num_layers': 3, 'model__module__patch_size': 32, 'model__optimizer__weight_decay': 0.0001}",0.7726315789473684,0.8587387387387387,0.710548885077187,0.87,0.8716981132075472,0.8167234631941682,0.06456472750961623,157,0.9061166429587482,0.8950829940494833,0.8995903813910053,0.8806951423785594,0.8522034768105715,0.8867377275176735,0.019180739588510947
160,9.736326885223388,1.51578101069696,0.025301218032836914,0.002571148931267254,128,10,3e-05,500,96,384,0.1,4,2,16,0.0001,"{'model__batch_size': 128, 'model__callbacks__early_stopping__patience': 10, 'model__lr': 3e-05, 'model__max_epochs': 500, 'model__module__d_model': 96, 'model__module__dim_feedforward': 384, 'model__module__dropout': 0.1, 'model__module__nhead': 4, 'model__module__num_layers': 2, 'model__module__patch_size': 16, 'model__optimizer__weight_decay': 0.0001}",0.8556998556998556,0.8587387387387387,0.7427101200686106,0.87,0.8955453149001535,0.8445388058814716,0.052811409276382636,26,0.8767898146246756,0.8938781975132652,0.9319972269490138,0.8573305084745764,0.8802721088435375,0.8880535712810136,0.024884939638667135
161,6.587063598632812,0.8839520678586064,0.022864055633544923,0.0024296317248270476,128,10,3e-05,500,96,384,0.1,4,2,32,0.0001,"{'model__batch_size': 128, 'model__callbacks__early_stopping__patience': 10, 'model__lr': 3e-05, 'model__max_epochs': 500, 'model__module__d_model': 96, 'model__module__dim_feedforward': 384, 'model__module__dropout': 0.1, 'model__module__nhead': 4, 'model__module__num_layers': 2, 'model__module__patch_size': 32, 'model__optimizer__weight_decay': 0.0001}",0.88,0.8771929824561404,0.6864548494983278,0.8179271708683473,0.8955453149001535,0.8314240635445937,0.07715463634722215,77,0.8801198801198802,0.8740995928593799,0.9690760059612519,0.8573305084745764,0.8522034768105715,0.8865658928451319,0.04252143416407804
162,7.7408496856689455,3.1178064052391394,0.026825571060180665,0.003629361205032888,128,10,3e-05,500,96,384,0.1,4,3,16,0.0001,"{'model__batch_size': 128, 'model__callbacks__early_stopping__patience': 10, 'model__lr': 3e-05, 'model__max_epochs': 500, 'model__module__d_model': 96, 'model__module__dim_feedforward': 384, 'model__module__dropout': 0.1, 'model__module__nhead': 4, 'model__module__num_layers': 3, 'model__module__patch_size': 16, 'model__optimizer__weight_decay': 0.0001}",0.44954128440366975,0.8771929824561404,0.6984126984126984,0.8941023134571522,0.8716981132075472,0.7581894783874416,0.16991486925494909,285,0.42483660130718953,0.8786590287210378,0.9207292484665832,0.84448447418082,0.8447125429669071,0.7826843791285075,0.18110179251695382
163,5.829272222518921,0.3414346363841441,0.023631191253662108,0.0021392914467689757,128,10,3e-05,500,96,384,0.1,4,3,32,0.0001,"{'model__batch_size': 128, 'model__callbacks__early_stopping__patience': 10, 'model__lr': 3e-05, 'model__max_epochs': 500, 'model__module__d_model': 96, 'model__module__dim_feedforward': 384, 'model__module__dropout': 0.1, 'model__module__nhead': 4, 'model__module__num_layers': 3, 'model__module__patch_size': 32, 'model__optimizer__weight_decay': 0.0001}",0.8117436127297176,0.8961038961038961,0.6746539971080355,0.9170918367346939,0.8716981132075472,0.8342582911767782,0.08725646889824078,60,0.8844048748449245,0.8681076399141716,0.9430288911537741,0.8531746031746033,0.8373891140072282,0.8772210246189402,0.03641469008510461
164,10.152452898025512,0.8355154121118981,0.024753379821777343,0.0014414777228894194,128,10,3e-05,500,96,384,0.25,4,2,16,0.0001,"{'model__batch_size': 128, 'model__callbacks__early_stopping__patience': 10, 'model__lr': 3e-05, 'model__max_epochs': 500, 'model__module__d_model': 96, 'model__module__dim_feedforward': 384, 'model__module__dropout': 0.25, 'model__module__nhead': 4, 'model__module__num_layers': 2, 'model__module__patch_size': 16, 'model__optimizer__weight_decay': 0.0001}",0.84375,0.8771929824561404,0.7056393307167941,0.87,0.8955453149001535,0.8384255256146176,0.06844422116383515,44,0.8866466294547015,0.8892104175279041,0.9207292484665832,0.8309007813651776,0.8585034013605441,0.8771980956349822,0.030402186888648357
165,7.210984134674073,1.3821243968695223,0.023682880401611327,0.002272326732014445,128,10,3e-05,500,96,384,0.25,4,2,32,0.0001,"{'model__batch_size': 128, 'model__callbacks__early_stopping__patience': 10, 'model__lr': 3e-05, 'model__max_epochs': 500, 'model__module__d_model': 96, 'model__module__dim_feedforward': 384, 'model__module__dropout': 0.25, 'model__module__nhead': 4, 'model__module__num_layers': 2, 'model__module__patch_size': 32, 'model__optimizer__weight_decay': 0.0001}",0.8330241187384044,0.8961038961038961,0.6984126984126984,0.8941023134571522,0.8716981132075472,0.8386682279839395,0.07371056459830812,39,0.8555060935561556,0.8740995928593799,0.989692001987084,0.8652080687803152,0.8348102899423557,0.8838632094250581,0.05450392783319725
166,9.575518083572387,1.2113532452946913,0.026511669158935547,0.0036188608545179154,128,10,3e-05,500,96,384,0.25,4,3,16,0.0001,"{'model__batch_size': 128, 'model__callbacks__early_stopping__patience': 10, 'model__lr': 3e-05, 'model__max_epochs': 500, 'model__module__d_model': 96, 'model__module__dim_feedforward': 384, 'model__module__dropout': 0.25, 'model__module__nhead': 4, 'model__module__num_layers': 3, 'model__module__patch_size': 16, 'model__optimizer__weight_decay': 0.0001}",0.82,0.8771929824561404,0.7301587301587302,0.8941023134571522,0.8201058201058201,0.8283119692355687,0.05742510061576188,97,0.8779382663534983,0.8786590287210378,0.9326705077271876,0.8509495492039133,0.846696386985162,0.8773827477981598,0.030656290120292126
167,5.6902995109558105,2.524010504803531,0.024523448944091798,0.0018615033916724347,128,10,3e-05,500,96,384,0.25,4,3,32,0.0001,"{'model__batch_size': 128, 'model__callbacks__early_stopping__patience': 10, 'model__lr': 3e-05, 'model__max_epochs': 500, 'model__module__d_model': 96, 'model__module__dim_feedforward': 384, 'model__module__dropout': 0.25, 'model__module__nhead': 4, 'model__module__num_layers': 3, 'model__module__patch_size': 32, 'model__optimizer__weight_decay': 0.0001}",0.7916666666666666,0.8406827880512091,0.6746539971080355,0.8179271708683473,0.423728813559322,0.7097318872507161,0.15401031292305567,288,0.8930780559646538,0.8916504630075275,0.9326705077271876,0.8590033500837522,0.4311111111111111,0.8015026975788464,0.1866622150618387
168,10.37894539833069,2.40801277943455,0.030606174468994142,0.006852169530597693,128,10,3e-05,500,128,128,0.1,4,2,16,0.0001,"{'model__batch_size': 128, 'model__callbacks__early_stopping__patience': 10, 'model__lr': 3e-05, 'model__max_epochs': 500, 'model__module__d_model': 128, 'model__module__dim_feedforward': 128, 'model__module__dropout': 0.1, 'model__module__nhead': 4, 'model__module__num_layers': 2, 'model__module__patch_size': 16, 'model__optimizer__weight_decay': 0.0001}",0.888682745825603,0.8771929824561404,0.717809364548495,0.87,0.8466000644537544,0.8400570314567986,0.06265368890177819,34,0.8790477761284292,0.9525187503691017,0.9474239864864865,0.8636296623912723,0.8568355846167083,0.8998911519983995,0.04155035088536275
169,6.619569540023804,1.8384942906985,0.024737119674682617,0.0019058955439131492,128,10,3e-05,500,128,128,0.1,4,2,32,0.0001,"{'model__batch_size': 128, 'model__callbacks__early_stopping__patience': 10, 'model__lr': 3e-05, 'model__max_epochs': 500, 'model__module__d_model': 128, 'model__module__dim_feedforward': 128, 'model__module__dropout': 0.1, 'model__module__nhead': 4, 'model__module__num_layers': 2, 'model__module__patch_size': 32, 'model__optimizer__weight_decay': 0.0001}",0.82,0.8990990990990991,0.6864548494983278,0.7596153846153846,0.8201058201058201,0.7970550306637263,0.07085891557825792,238,0.8844048748449245,0.9893878197513265,0.9587680079483358,0.8199911543564794,0.846532299741602,0.8998168313285337,0.06472574697140748
170,7.808503007888794,1.489096352796723,0.02772836685180664,0.0029265130567554492,128,10,3e-05,500,128,128,0.1,4,3,16,0.0001,"{'model__batch_size': 128, 'model__callbacks__early_stopping__patience': 10, 'model__lr': 3e-05, 'model__max_epochs': 500, 'model__module__d_model': 128, 'model__module__dim_feedforward': 128, 'model__module__dropout': 0.1, 'model__module__nhead': 4, 'model__module__num_layers': 3, 'model__module__patch_size': 16, 'model__optimizer__weight_decay': 0.0001}",0.8330241187384044,0.8587387387387387,0.6936274509803921,0.8941023134571522,0.9182692307692308,0.8395523705367836,0.07858353173704202,37,0.88203065804045,0.8926282051282051,0.9319972269490138,0.8573305084745764,0.8788608792910608,0.8885694955766612,0.024557397732834888
171,5.659231519699096,1.0467652826349976,0.024125146865844726,0.002493669849223758,128,10,3e-05,500,128,128,0.1,4,3,32,0.0001,"{'model__batch_size': 128, 'model__callbacks__early_stopping__patience': 10, 'model__lr': 3e-05, 'model__max_epochs': 500, 'model__module__d_model': 128, 'model__module__dim_feedforward': 128, 'model__module__dropout': 0.1, 'model__module__nhead': 4, 'model__module__num_layers': 3, 'model__module__patch_size': 32, 'model__optimizer__weight_decay': 0.0001}",0.797979797979798,0.8771929824561404,0.6864548494983278,0.8446568794810516,0.8466000644537544,0.8105769147738144,0.06702504937788614,193,0.8811560277302601,0.8926282051282051,0.958361204013378,0.8353813559322034,0.7882270985719262,0.8711507782751944,0.057136383274759756
172,10.052281522750855,2.504914615366227,0.025567340850830077,0.003421405190699082,128,10,3e-05,500,128,128,0.25,4,2,16,0.0001,"{'model__batch_size': 128, 'model__callbacks__early_stopping__patience': 10, 'model__lr': 3e-05, 'model__max_epochs': 500, 'model__module__d_model': 128, 'model__module__dim_feedforward': 128, 'model__module__dropout': 0.25, 'model__module__nhead': 4, 'model__module__num_layers': 2, 'model__module__patch_size': 16, 'model__optimizer__weight_decay': 0.0001}",0.8655311519497983,0.8771929824561404,0.7301587301587302,0.8179271708683473,0.8466000644537544,0.827482019977354,0.05262610329796638,103,0.875600791631326,0.9321849148418492,0.9424591920337808,0.8333762223365929,0.8693877551020408,0.8906017751891179,0.04091008980780381
173,6.726567888259888,1.3586642008795833,0.022789621353149415,0.0024702923512038015,128,10,3e-05,500,128,128,0.25,4,2,32,0.0001,"{'model__batch_size': 128, 'model__callbacks__early_stopping__patience': 10, 'model__lr': 3e-05, 'model__max_epochs': 500, 'model__module__d_model': 128, 'model__module__dim_feedforward': 128, 'model__module__dropout': 0.25, 'model__module__nhead': 4, 'model__module__num_layers': 2, 'model__module__patch_size': 32, 'model__optimizer__weight_decay': 0.0001}",0.8556998556998556,0.8545454545454545,0.7482658312821661,0.8941023134571522,0.8466000644537544,0.8398427038876765,0.048669725475200896,35,0.8584083889700579,0.9178921568627452,0.9687709030100335,0.8487423726765612,0.8863689205470187,0.8960365484132833,0.04362117474246497
174,9.267508459091186,0.8554017421717566,0.027455663681030272,0.0016843607532359478,128,10,3e-05,500,128,128,0.25,4,3,16,0.0001,"{'model__batch_size': 128, 'model__callbacks__early_stopping__patience': 10, 'model__lr': 3e-05, 'model__max_epochs': 500, 'model__module__d_model': 128, 'model__module__dim_feedforward': 128, 'model__module__dropout': 0.25, 'model__module__nhead': 4, 'model__module__num_layers': 3, 'model__module__patch_size': 16, 'model__optimizer__weight_decay': 0.0001}",0.8330241187384044,0.8961038961038961,0.7427101200686106,0.87,0.9182692307692308,0.8520214731360284,0.06158753805419188,5,0.8758680555555556,0.8845912934544315,0.9167224080267559,0.8463559322033898,0.8645860883364189,0.8776247555153104,0.023358044569807494
175,6.285359621047974,0.6853916404243084,0.025284862518310545,0.0016698015226546603,128,10,3e-05,500,128,128,0.25,4,3,32,0.0001,"{'model__batch_size': 128, 'model__callbacks__early_stopping__patience': 10, 'model__lr': 3e-05, 'model__max_epochs': 500, 'model__module__d_model': 128, 'model__module__dim_feedforward': 128, 'model__module__dropout': 0.25, 'model__module__nhead': 4, 'model__module__num_layers': 3, 'model__module__patch_size': 32, 'model__optimizer__weight_decay': 0.0001}",0.8556998556998556,0.8771929824561404,0.6864548494983278,0.7276190476190476,0.8466000644537544,0.7987133599454251,0.07662378577103027,233,0.8897102897102898,0.8904525547445254,0.9741040414335338,0.8090815273477812,0.8278268179907524,0.8782350462453765,0.0579569005668576
176,8.864328956604004,2.6712981401227975,0.024436092376708983,0.002635787366406632,128,10,3e-05,500,128,256,0.1,4,2,16,0.0001,"{'model__batch_size': 128, 'model__callbacks__early_stopping__patience': 10, 'model__lr': 3e-05, 'model__max_epochs': 500, 'model__module__d_model': 128, 'model__module__dim_feedforward': 256, 'model__module__dropout': 0.1, 'model__module__nhead': 4, 'model__module__num_layers': 2, 'model__module__patch_size': 16, 'model__optimizer__weight_decay': 0.0001}",0.8556998556998556,0.8961038961038961,0.7301587301587302,0.87,0.8955453149001535,0.849501559372527,0.0616329798763367,8,0.8920847268673355,0.9217518248175183,0.9375418060200669,0.8619903233369568,0.8740992580238203,0.8974935878131396,0.028387863870317998
177,5.808723115921021,1.2971418482048895,0.02397327423095703,0.0028145448816854378,128,10,3e-05,500,128,256,0.1,4,2,32,0.0001,"{'model__batch_size': 128, 'model__callbacks__early_stopping__patience': 10, 'model__lr': 3e-05, 'model__max_epochs': 500, 'model__module__d_model': 128, 'model__module__dim_feedforward': 256, 'model__module__dropout': 0.1, 'model__module__nhead': 4, 'model__module__num_layers': 2, 'model__module__patch_size': 32, 'model__optimizer__weight_decay': 0.0001}",0.8556998556998556,0.8771929824561404,0.7228863290589003,0.8446568794810516,0.7920489296636086,0.8184969952719113,0.0554157214976126,150,0.8974681437369385,0.9736215279828343,0.958361204013378,0.8353813559322034,0.8263229308005428,0.8982310324931794,0.060697287038773716
178,9.307518720626831,2.125803620521927,0.027086925506591798,0.0018512836355649353,128,10,3e-05,500,128,256,0.1,4,3,16,0.0001,"{'model__batch_size': 128, 'model__callbacks__early_stopping__patience': 10, 'model__lr': 3e-05, 'model__max_epochs': 500, 'model__module__d_model': 128, 'model__module__dim_feedforward': 256, 'model__module__dropout': 0.1, 'model__module__nhead': 4, 'model__module__num_layers': 3, 'model__module__patch_size': 16, 'model__optimizer__weight_decay': 0.0001}",0.8330241187384044,0.8587387387387387,0.7056393307167941,0.87,0.8716981132075472,0.8278200602802969,0.06263482804664844,102,0.8910564225690276,0.8904525547445254,0.9319972269490138,0.8373115577889447,0.8645860883364189,0.883080770077586,0.0314567895403329
179,5.752137327194214,1.2360310239059082,0.02481379508972168,0.004034230579557416,128,10,3e-05,500,128,256,0.1,4,3,32,0.0001,"{'model__batch_size': 128, 'model__callbacks__early_stopping__patience': 10, 'model__lr': 3e-05, 'model__max_epochs': 500, 'model__module__d_model': 128, 'model__module__dim_feedforward': 256, 'model__module__dropout': 0.1, 'model__module__nhead': 4, 'model__module__num_layers': 3, 'model__module__patch_size': 32, 'model__optimizer__weight_decay': 0.0001}",0.797979797979798,0.8771929824561404,0.6864548494983278,0.8446568794810516,0.8716981132075472,0.815596524524573,0.07039025130712805,163,0.8651390206524119,0.8818910256410256,0.9743536924503038,0.8573305084745764,0.8708701134930643,0.8899168721422764,0.04297111325616423
180,9.182172822952271,1.4705450066091121,0.024071407318115235,0.0023306822180710783,128,10,3e-05,500,128,256,0.25,4,2,16,0.0001,"{'model__batch_size': 128, 'model__callbacks__early_stopping__patience': 10, 'model__lr': 3e-05, 'model__max_epochs': 500, 'model__module__d_model': 128, 'model__module__dim_feedforward': 256, 'model__module__dropout': 0.25, 'model__module__nhead': 4, 'model__module__num_layers': 2, 'model__module__patch_size': 16, 'model__optimizer__weight_decay': 0.0001}",0.888682745825603,0.8587387387387387,0.717809364548495,0.87,0.9182692307692308,0.8507000159764135,0.06943388544278818,6,0.8669329997946498,0.9008856447688565,0.9223121243006012,0.8309007813651776,0.8693877551020408,0.8780838610662652,0.031312194381309284
181,5.504002714157105,0.6738439230949854,0.02425065040588379,0.0019395758672047945,128,10,3e-05,500,128,256,0.25,4,2,32,0.0001,"{'model__batch_size': 128, 'model__callbacks__early_stopping__patience': 10, 'model__lr': 3e-05, 'model__max_epochs': 500, 'model__module__d_model': 128, 'model__module__dim_feedforward': 256, 'model__module__dropout': 0.25, 'model__module__nhead': 4, 'model__module__num_layers': 2, 'model__module__patch_size': 32, 'model__optimizer__weight_decay': 0.0001}",0.82,0.8961038961038961,0.7228863290589003,0.8446568794810516,0.8466000644537544,0.8260494338195205,0.0571933824368729,111,0.8801198801198802,0.8892104175279041,0.9319972269490138,0.8515637792696905,0.8261745701456576,0.8758131748024292,0.03579582599946886
182,9.412563562393188,1.82771310170219,0.026377010345458984,0.0026314446548926953,128,10,3e-05,500,128,256,0.25,4,3,16,0.0001,"{'model__batch_size': 128, 'model__callbacks__early_stopping__patience': 10, 'model__lr': 3e-05, 'model__max_epochs': 500, 'model__module__d_model': 128, 'model__module__dim_feedforward': 256, 'model__module__dropout': 0.25, 'model__module__nhead': 4, 'model__module__num_layers': 3, 'model__module__patch_size': 16, 'model__optimizer__weight_decay': 0.0001}",0.8330241187384044,0.8771929824561404,0.7427101200686106,0.8179271708683473,0.8466000644537544,0.8234908913170514,0.044867179295259074,124,0.8887239540381549,0.8845912934544315,0.9223121243006012,0.8309007813651776,0.8514285714285714,0.8755913449173873,0.031677695040672284
183,5.763402509689331,1.197629325109895,0.02510061264038086,0.0028853564418828723,128,10,3e-05,500,128,256,0.25,4,3,32,0.0001,"{'model__batch_size': 128, 'model__callbacks__early_stopping__patience': 10, 'model__lr': 3e-05, 'model__max_epochs': 500, 'model__module__d_model': 128, 'model__module__dim_feedforward': 256, 'model__module__dropout': 0.25, 'model__module__nhead': 4, 'model__module__num_layers': 3, 'model__module__patch_size': 32, 'model__optimizer__weight_decay': 0.0001}",0.888682745825603,0.8587387387387387,0.6984126984126984,0.87,0.8466000644537544,0.832486849486159,0.06845354298937059,74,0.868173327661778,0.8813314594844348,0.9430288911537741,0.8606143401225368,0.806123552958996,0.8718543142763039,0.043854432705872484
184,8.602015495300293,1.2514457173016864,0.02720012664794922,0.0067962055423599396,128,10,3e-05,500,128,384,0.1,4,2,16,0.0001,"{'model__batch_size': 128, 'model__callbacks__early_stopping__patience': 10, 'model__lr': 3e-05, 'model__max_epochs': 500, 'model__module__d_model': 128, 'model__module__dim_feedforward': 384, 'model__module__dropout': 0.1, 'model__module__nhead': 4, 'model__module__num_layers': 2, 'model__module__patch_size': 16, 'model__optimizer__weight_decay': 0.0001}",0.8330241187384044,0.8771929824561404,0.7301587301587302,0.8179271708683473,0.8955453149001535,0.8307696634243552,0.05769502864274393,82,0.8844048748449245,0.9055746946445349,0.9326705077271876,0.84448447418082,0.86151682354214,0.8857302749879213,0.03126163924620597
185,5.287205934524536,0.4773936099189097,0.02291083335876465,0.0021830159686898705,128,10,3e-05,500,128,384,0.1,4,2,32,0.0001,"{'model__batch_size': 128, 'model__callbacks__early_stopping__patience': 10, 'model__lr': 3e-05, 'model__max_epochs': 500, 'model__module__d_model': 128, 'model__module__dim_feedforward': 384, 'model__module__dropout': 0.1, 'model__module__nhead': 4, 'model__module__num_layers': 2, 'model__module__patch_size': 32, 'model__optimizer__weight_decay': 0.0001}",0.8958333333333334,0.8733031674208145,0.6984126984126984,0.9170918367346939,0.8466000644537544,0.8462482200710589,0.07754345480281867,22,0.8844048748449245,0.9160663952395867,0.9479515050167224,0.8606143401225368,0.8493484657419084,0.8916771161931358,0.03625228260491984
186,7.816234874725342,1.5288101100338096,0.025545644760131835,0.0025479011861861663,128,10,3e-05,500,128,384,0.1,4,3,16,0.0001,"{'model__batch_size': 128, 'model__callbacks__early_stopping__patience': 10, 'model__lr': 3e-05, 'model__max_epochs': 500, 'model__module__d_model': 128, 'model__module__dim_feedforward': 384, 'model__module__dropout': 0.1, 'model__module__nhead': 4, 'model__module__num_layers': 3, 'model__module__patch_size': 16, 'model__optimizer__weight_decay': 0.0001}",0.7916666666666666,0.8961038961038961,0.7301587301587302,0.87,0.8955453149001535,0.8366949215658893,0.06554315695718298,53,0.8844199105358332,0.8711538461538462,0.9326705077271876,0.8714640198511167,0.859818201730369,0.8839052971996706,0.025596420213239816
187,5.715453386306763,1.0822452655809567,0.024566793441772462,0.0035814768035549523,128,10,3e-05,500,128,384,0.1,4,3,32,0.0001,"{'model__batch_size': 128, 'model__callbacks__early_stopping__patience': 10, 'model__lr': 3e-05, 'model__max_epochs': 500, 'model__module__d_model': 128, 'model__module__dim_feedforward': 384, 'model__module__dropout': 0.1, 'model__module__nhead': 4, 'model__module__num_layers': 3, 'model__module__patch_size': 32, 'model__optimizer__weight_decay': 0.0001}",0.8117436127297176,0.8587387387387387,0.6984126984126984,0.8179271708683473,0.8716981132075472,0.8117040667914097,0.06113134827227194,185,0.8801198801198802,0.9265580958346382,0.9479515050167224,0.84448447418082,0.8504381694255112,0.8899104249155144,0.04105910248440785
188,8.733709335327148,1.0385679966977257,0.026161813735961915,0.0033895473133813796,128,10,3e-05,500,128,384,0.25,4,2,16,0.0001,"{'model__batch_size': 128, 'model__callbacks__early_stopping__patience': 10, 'model__lr': 3e-05, 'model__max_epochs': 500, 'model__module__d_model': 128, 'model__module__dim_feedforward': 384, 'model__module__dropout': 0.25, 'model__module__nhead': 4, 'model__module__num_layers': 2, 'model__module__patch_size': 16, 'model__optimizer__weight_decay': 0.0001}",0.8556998556998556,0.8961038961038961,0.717809364548495,0.7896440129449838,0.8466000644537544,0.821171438750197,0.06185692638414295,133,0.8940378019411808,0.9076286764705883,0.9326705077271876,0.8222679704923658,0.8533015956977872,0.881981310465822,0.039397335185621066
189,5.98496527671814,1.1691010031076745,0.026571178436279298,0.006389429254379787,128,10,3e-05,500,128,384,0.25,4,2,32,0.0001,"{'model__batch_size': 128, 'model__callbacks__early_stopping__patience': 10, 'model__lr': 3e-05, 'model__max_epochs': 500, 'model__module__d_model': 128, 'model__module__dim_feedforward': 384, 'model__module__dropout': 0.25, 'model__module__nhead': 4, 'model__module__num_layers': 2, 'model__module__patch_size': 32, 'model__optimizer__weight_decay': 0.0001}",0.8556998556998556,0.8771929824561404,0.6984126984126984,0.7596153846153846,0.8466000644537544,0.8075041971275667,0.06767884248930177,207,0.8639175257731959,0.9314159727553692,0.9435781233906684,0.8220746507900161,0.8782842377260982,0.8878541020870696,0.04470857038381863
190,8.795238018035889,1.0861383447645914,0.0325502872467041,0.006729032193879799,128,10,3e-05,500,128,384,0.25,4,3,16,0.0001,"{'model__batch_size': 128, 'model__callbacks__early_stopping__patience': 10, 'model__lr': 3e-05, 'model__max_epochs': 500, 'model__module__d_model': 128, 'model__module__dim_feedforward': 384, 'model__module__dropout': 0.25, 'model__module__nhead': 4, 'model__module__num_layers': 3, 'model__module__patch_size': 16, 'model__optimizer__weight_decay': 0.0001}",0.8655311519497983,0.8771929824561404,0.6936274509803921,0.8446568794810516,0.8466000644537544,0.8255217058642274,0.06704807699292946,114,0.9018952062430323,0.9103131951416367,0.9158783783783784,0.8602869780990399,0.8758705809750507,0.8928488677674276,0.02128725539194335
191,5.5592811584472654,0.569593707841525,0.02982330322265625,0.005358118268219559,128,10,3e-05,500,128,384,0.25,4,3,32,0.0001,"{'model__batch_size': 128, 'model__callbacks__early_stopping__patience': 10, 'model__lr': 3e-05, 'model__max_epochs': 500, 'model__module__d_model': 128, 'model__module__dim_feedforward': 384, 'model__module__dropout': 0.25, 'model__module__nhead': 4, 'model__module__num_layers': 3, 'model__module__patch_size': 32, 'model__optimizer__weight_decay': 0.0001}",0.8117436127297176,0.8961038961038961,0.6864548494983278,0.7896440129449838,0.8466000644537544,0.8061092871461358,0.06979766187566665,212,0.8833578792341679,0.8938781975132652,0.9484600099354197,0.826465661641541,0.8367346938775511,0.877779288440389,0.04382649193745368
192,4.724289417266846,1.550064990959621,0.029873752593994142,0.004885653833714101,128,10,0.0001,500,96,128,0.1,4,2,16,0.0001,"{'model__batch_size': 128, 'model__callbacks__early_stopping__patience': 10, 'model__lr': 0.0001, 'model__max_epochs': 500, 'model__module__d_model': 96, 'model__module__dim_feedforward': 128, 'model__module__dropout': 0.1, 'model__module__nhead': 4, 'model__module__num_layers': 2, 'model__module__patch_size': 16, 'model__optimizer__weight_decay': 0.0001}",0.8556998556998556,0.8961038961038961,0.7427101200686106,0.8941023134571522,0.8466000644537544,0.8470432499566538,0.05582479321331583,20,0.8910564225690276,0.9469390987566326,0.9375418060200669,0.8436413597851656,0.8412555862039472,0.892086854666968,0.04473648824482231
193,3.3519941329956056,0.7198616869275564,0.024260663986206056,0.002036143033214758,128,10,0.0001,500,96,128,0.1,4,2,32,0.0001,"{'model__batch_size': 128, 'model__callbacks__early_stopping__patience': 10, 'model__lr': 0.0001, 'model__max_epochs': 500, 'model__module__d_model': 96, 'model__module__dim_feedforward': 128, 'model__module__dropout': 0.1, 'model__module__nhead': 4, 'model__module__num_layers': 2, 'model__module__patch_size': 32, 'model__optimizer__weight_decay': 0.0001}",0.7545008183306056,0.8771929824561404,0.6984126984126984,0.7276190476190476,0.8466000644537544,0.7808651222544493,0.06917913335656906,274,0.871648509948681,0.8665737329483223,0.9846122154701823,0.8222679704923658,0.8526194588370755,0.8795443775393255,0.055272725579460426
194,4.248350191116333,1.005943416473125,0.02754664421081543,0.0016507554981778564,128,10,0.0001,500,96,128,0.1,4,3,16,0.0001,"{'model__batch_size': 128, 'model__callbacks__early_stopping__patience': 10, 'model__lr': 0.0001, 'model__max_epochs': 500, 'model__module__d_model': 96, 'model__module__dim_feedforward': 128, 'model__module__dropout': 0.1, 'model__module__nhead': 4, 'model__module__num_layers': 3, 'model__module__patch_size': 16, 'model__optimizer__weight_decay': 0.0001}",0.8330241187384044,0.8961038961038961,0.7427101200686106,0.8941023134571522,0.8466000644537544,0.8425081025643635,0.055858390765076,29,0.8693715982187036,0.886584849767245,0.9319972269490138,0.8590033500837522,0.8562153175619509,0.8806344685161331,0.027801411676976355
195,3.026225757598877,0.4903599879994783,0.023655223846435546,0.0022814399204832557,128,10,0.0001,500,96,128,0.1,4,3,32,0.0001,"{'model__batch_size': 128, 'model__callbacks__early_stopping__patience': 10, 'model__lr': 0.0001, 'model__max_epochs': 500, 'model__module__d_model': 96, 'model__module__dim_feedforward': 128, 'model__module__dropout': 0.1, 'model__module__nhead': 4, 'model__module__num_layers': 3, 'model__module__patch_size': 32, 'model__optimizer__weight_decay': 0.0001}",0.8117436127297176,0.8771929824561404,0.710548885077187,0.7596153846153846,0.8201058201058201,0.7958413369968499,0.05665131898442603,244,0.8906635455118395,0.8786590287210378,0.9591602427423322,0.8573305084745764,0.814744459520579,0.8801115569940731,0.04723130873127912
196,4.206159067153931,0.5167538043110053,0.024707317352294922,0.0025809166863966196,128,10,0.0001,500,96,128,0.25,4,2,16,0.0001,"{'model__batch_size': 128, 'model__callbacks__early_stopping__patience': 10, 'model__lr': 0.0001, 'model__max_epochs': 500, 'model__module__d_model': 96, 'model__module__dim_feedforward': 128, 'model__module__dropout': 0.25, 'model__module__nhead': 4, 'model__module__num_layers': 2, 'model__module__patch_size': 16, 'model__optimizer__weight_decay': 0.0001}",0.888682745825603,0.8771929824561404,0.7554879374049119,0.87,0.8466000644537544,0.8475927460280819,0.048064390766425116,17,0.8866466294547015,0.8938781975132652,0.9424591920337808,0.8498923662858089,0.859818201730369,0.8865389174035851,0.032366402654751276
197,3.013047981262207,0.2648750159971682,0.02444801330566406,0.004001501032133676,128,10,0.0001,500,96,128,0.25,4,2,32,0.0001,"{'model__batch_size': 128, 'model__callbacks__early_stopping__patience': 10, 'model__lr': 0.0001, 'model__max_epochs': 500, 'model__module__d_model': 96, 'model__module__dim_feedforward': 128, 'model__module__dropout': 0.25, 'model__module__nhead': 4, 'model__module__num_layers': 2, 'model__module__patch_size': 32, 'model__optimizer__weight_decay': 0.0001}",0.8330241187384044,0.8362573099415205,0.710548885077187,0.8941023134571522,0.8201058201058201,0.8188076894640168,0.05982897356435137,146,0.8663194444444444,0.8950829940494833,0.9278440139095876,0.8347432335082845,0.8647249054131174,0.8777429182649834,0.03149519110885771
198,4.459256887435913,0.8671248283928054,0.0274993896484375,0.002949244482237963,128,10,0.0001,500,96,128,0.25,4,3,16,0.0001,"{'model__batch_size': 128, 'model__callbacks__early_stopping__patience': 10, 'model__lr': 0.0001, 'model__max_epochs': 500, 'model__module__d_model': 96, 'model__module__dim_feedforward': 128, 'model__module__dropout': 0.25, 'model__module__nhead': 4, 'model__module__num_layers': 3, 'model__module__patch_size': 16, 'model__optimizer__weight_decay': 0.0001}",0.84375,0.8961038961038961,0.7301587301587302,0.7596153846153846,0.7920489296636086,0.8043353881083238,0.05937673458249129,218,0.8844048748449245,0.8740995928593799,0.9319972269490138,0.8509495492039133,0.8514285714285714,0.8785759630571606,0.029691901768687756
199,3.2963366985321043,0.9804042779715804,0.02407064437866211,0.0035727556951454594,128,10,0.0001,500,96,128,0.25,4,3,32,0.0001,"{'model__batch_size': 128, 'model__callbacks__early_stopping__patience': 10, 'model__lr': 0.0001, 'model__max_epochs': 500, 'model__module__d_model': 96, 'model__module__dim_feedforward': 128, 'model__module__dropout': 0.25, 'model__module__nhead': 4, 'model__module__num_layers': 3, 'model__module__patch_size': 32, 'model__optimizer__weight_decay': 0.0001}",0.8117436127297176,0.8362573099415205,0.6864548494983278,0.8179271708683473,0.8466000644537544,0.7997966014983334,0.058030593266436684,232,0.8609390609390609,0.8786590287210378,0.9844624248601201,0.8498923662858089,0.8031659882406151,0.8754237738093286,0.059971229018055544
200,4.482218599319458,2.015077363526908,0.025445890426635743,0.0010644809529819885,128,10,0.0001,500,96,256,0.1,4,2,16,0.0001,"{'model__batch_size': 128, 'model__callbacks__early_stopping__patience': 10, 'model__lr': 0.0001, 'model__max_epochs': 500, 'model__module__d_model': 96, 'model__module__dim_feedforward': 256, 'model__module__dropout': 0.1, 'model__module__nhead': 4, 'model__module__num_layers': 2, 'model__module__patch_size': 16, 'model__optimizer__weight_decay': 0.0001}",0.8556998556998556,0.8771929824561404,0.7427101200686106,0.8446568794810516,0.8716981132075472,0.8383915901826411,0.04921106815902264,45,0.8651390206524119,0.953051094890511,0.9319972269490138,0.8621663664647126,0.8486036578687985,0.8921914733650895,0.04200388423108289
201,2.6188715934753417,0.33422846240346854,0.025122737884521483,0.0058916064518053325,128,10,0.0001,500,96,256,0.1,4,2,32,0.0001,"{'model__batch_size': 128, 'model__callbacks__early_stopping__patience': 10, 'model__lr': 0.0001, 'model__max_epochs': 500, 'model__module__d_model': 96, 'model__module__dim_feedforward': 256, 'model__module__dropout': 0.1, 'model__module__nhead': 4, 'model__module__num_layers': 2, 'model__module__patch_size': 32, 'model__optimizer__weight_decay': 0.0001}",0.8117436127297176,0.8961038961038961,0.6864548494983278,0.6933962264150944,0.8716981132075472,0.7918793395909167,0.08768310081356297,251,0.8705294705294705,0.8681076399141716,0.923783287419651,0.8333762223365929,0.8031659882406151,0.8597925216881002,0.04045646183776716
202,4.917632722854615,2.1510348646260358,0.026105594635009766,0.002968283922766155,128,10,0.0001,500,96,256,0.1,4,3,16,0.0001,"{'model__batch_size': 128, 'model__callbacks__early_stopping__patience': 10, 'model__lr': 0.0001, 'model__max_epochs': 500, 'model__module__d_model': 96, 'model__module__dim_feedforward': 256, 'model__module__dropout': 0.1, 'model__module__nhead': 4, 'model__module__num_layers': 3, 'model__module__patch_size': 16, 'model__optimizer__weight_decay': 0.0001}",0.88,0.8771929824561404,0.6936274509803921,0.8446568794810516,0.8716981132075472,0.8334350852250262,0.07102000764275719,65,0.8712484993997599,0.9630701391759681,0.9369087837837837,0.8619903233369568,0.8645860883364189,0.8995607668065775,0.04210621235208334
203,2.8054815769195556,0.45247454176106,0.024718284606933594,0.0033029578805561007,128,10,0.0001,500,96,256,0.1,4,3,32,0.0001,"{'model__batch_size': 128, 'model__callbacks__early_stopping__patience': 10, 'model__lr': 0.0001, 'model__max_epochs': 500, 'model__module__d_model': 96, 'model__module__dim_feedforward': 256, 'model__module__dropout': 0.1, 'model__module__nhead': 4, 'model__module__num_layers': 3, 'model__module__patch_size': 32, 'model__optimizer__weight_decay': 0.0001}",0.8117436127297176,0.8496355964710395,0.6984126984126984,0.7276190476190476,0.8716981132075472,0.7918218136880101,0.06777432075513362,252,0.8769274904970236,0.8772478343124563,0.9424591920337808,0.8619903233369568,0.8585034013605441,0.8834256483081523,0.030482592655637956
204,3.9639433860778808,0.426520738917638,0.025244903564453126,0.002107777613378503,128,10,0.0001,500,96,256,0.25,4,2,16,0.0001,"{'model__batch_size': 128, 'model__callbacks__early_stopping__patience': 10, 'model__lr': 0.0001, 'model__max_epochs': 500, 'model__module__d_model': 96, 'model__module__dim_feedforward': 256, 'model__module__dropout': 0.25, 'model__module__nhead': 4, 'model__module__num_layers': 2, 'model__module__patch_size': 16, 'model__optimizer__weight_decay': 0.0001}",0.8655311519497983,0.8961038961038961,0.717809364548495,0.8179271708683473,0.8716981132075472,0.8338139393356169,0.06329404664585685,63,0.8833578792341679,0.8879219356765906,0.926393581081081,0.8244067796610169,0.8551027516544758,0.8754365854614663,0.034154800965390114
205,2.6976173400878904,0.20016988127436464,0.024829387664794922,0.0034262468677161238,128,10,0.0001,500,96,256,0.25,4,2,32,0.0001,"{'model__batch_size': 128, 'model__callbacks__early_stopping__patience': 10, 'model__lr': 0.0001, 'model__max_epochs': 500, 'model__module__d_model': 96, 'model__module__dim_feedforward': 256, 'model__module__dropout': 0.25, 'model__module__nhead': 4, 'model__module__num_layers': 2, 'model__module__patch_size': 32, 'model__optimizer__weight_decay': 0.0001}",0.8117436127297176,0.8771929824561404,0.6984126984126984,0.8446568794810516,0.7920489296636086,0.8048110205486434,0.06059434896934042,216,0.8906635455118395,0.855899631584188,0.9183204854846646,0.8178272268047829,0.8149600262840871,0.8595341831339125,0.04040891529405534
206,4.250638866424561,0.5055316377616382,0.027089834213256836,0.0032388304301293504,128,10,0.0001,500,96,256,0.25,4,3,16,0.0001,"{'model__batch_size': 128, 'model__callbacks__early_stopping__patience': 10, 'model__lr': 0.0001, 'model__max_epochs': 500, 'model__module__d_model': 96, 'model__module__dim_feedforward': 256, 'model__module__dropout': 0.25, 'model__module__nhead': 4, 'model__module__num_layers': 3, 'model__module__patch_size': 16, 'model__optimizer__weight_decay': 0.0001}",0.8330241187384044,0.8545454545454545,0.6817538896746818,0.7896440129449838,0.8716981132075472,0.8061331178222144,0.06798195624044062,211,0.8736377025036819,0.8879219356765906,0.9215352618642465,0.8288680009378264,0.8263229308005428,0.8676571663565775,0.036228152717517
207,2.655131149291992,0.6379270622540583,0.02453451156616211,0.002934593807086639,128,10,0.0001,500,96,256,0.25,4,3,32,0.0001,"{'model__batch_size': 128, 'model__callbacks__early_stopping__patience': 10, 'model__lr': 0.0001, 'model__max_epochs': 500, 'model__module__d_model': 96, 'model__module__dim_feedforward': 256, 'model__module__dropout': 0.25, 'model__module__nhead': 4, 'model__module__num_layers': 3, 'model__module__patch_size': 32, 'model__optimizer__weight_decay': 0.0001}",0.8330241187384044,0.8545454545454545,0.6864548494983278,0.7596153846153846,0.8201058201058201,0.7907491255006782,0.06093532308824789,256,0.8663194444444444,0.8757834068879351,0.9484600099354197,0.8399087750708698,0.7932387215876312,0.8647420715852601,0.0507198463496473
208,4.824101114273072,1.0361602540204815,0.02570352554321289,0.002511900352607171,128,10,0.0001,500,96,384,0.1,4,2,16,0.0001,"{'model__batch_size': 128, 'model__callbacks__early_stopping__patience': 10, 'model__lr': 0.0001, 'model__max_epochs': 500, 'model__module__d_model': 96, 'model__module__dim_feedforward': 384, 'model__module__dropout': 0.1, 'model__module__nhead': 4, 'model__module__num_layers': 2, 'model__module__patch_size': 16, 'model__optimizer__weight_decay': 0.0001}",0.8330241187384044,0.8961038961038961,0.7056393307167941,0.9170918367346939,0.8955453149001535,0.8494808994387884,0.07723742040654581,9,0.8743694679737317,0.93704979642969,0.9326705077271876,0.8621663664647126,0.8631513674171959,0.8938815012025035,0.03376092141696773
209,2.679245948791504,0.41544814199777663,0.023416996002197266,0.002660358320455353,128,10,0.0001,500,96,384,0.1,4,2,32,0.0001,"{'model__batch_size': 128, 'model__callbacks__early_stopping__patience': 10, 'model__lr': 0.0001, 'model__max_epochs': 500, 'model__module__d_model': 96, 'model__module__dim_feedforward': 384, 'model__module__dropout': 0.1, 'model__module__nhead': 4, 'model__module__num_layers': 2, 'model__module__patch_size': 32, 'model__optimizer__weight_decay': 0.0001}",0.8117436127297176,0.8733031674208145,0.710548885077187,0.8941023134571522,0.8466000644537544,0.8272596086277251,0.06453549232353044,105,0.8693715982187036,0.8711538461538462,0.9025440313111546,0.8454049603787177,0.8539028978461669,0.8684754667817177,0.019561451315186437
210,4.576653242111206,0.9765492625810361,0.026482868194580077,0.0028060060611507743,128,10,0.0001,500,96,384,0.1,4,3,16,0.0001,"{'model__batch_size': 128, 'model__callbacks__early_stopping__patience': 10, 'model__lr': 0.0001, 'model__max_epochs': 500, 'model__module__d_model': 96, 'model__module__dim_feedforward': 384, 'model__module__dropout': 0.1, 'model__module__nhead': 4, 'model__module__num_layers': 3, 'model__module__patch_size': 16, 'model__optimizer__weight_decay': 0.0001}",0.7916666666666666,0.8771929824561404,0.6936274509803921,0.8179271708683473,0.8955453149001535,0.8151919171743399,0.07160955116100047,167,0.8724637681159421,0.9141025641025642,0.9223121243006012,0.8379328945948862,0.8645860883364189,0.8822794878900824,0.031595395984041055
211,2.5835011482238768,0.6801290360585941,0.023821163177490234,0.002192098741872555,128,10,0.0001,500,96,384,0.1,4,3,32,0.0001,"{'model__batch_size': 128, 'model__callbacks__early_stopping__patience': 10, 'model__lr': 0.0001, 'model__max_epochs': 500, 'model__module__d_model': 96, 'model__module__dim_feedforward': 384, 'model__module__dropout': 0.1, 'model__module__nhead': 4, 'model__module__num_layers': 3, 'model__module__patch_size': 32, 'model__optimizer__weight_decay': 0.0001}",0.7916666666666666,0.8438868976503384,0.717809364548495,0.7596153846153846,0.8716981132075472,0.7969352853376863,0.0556334054381295,239,0.8863946066126371,0.877442421218924,0.9542699724517907,0.8527200353825741,0.8486036578687985,0.8838861387069448,0.0379944138247741
212,4.223674154281616,1.3441390092552838,0.025540685653686522,0.0026716723753814793,128,10,0.0001,500,96,384,0.25,4,2,16,0.0001,"{'model__batch_size': 128, 'model__callbacks__early_stopping__patience': 10, 'model__lr': 0.0001, 'model__max_epochs': 500, 'model__module__d_model': 96, 'model__module__dim_feedforward': 384, 'model__module__dropout': 0.25, 'model__module__nhead': 4, 'model__module__num_layers': 2, 'model__module__patch_size': 16, 'model__optimizer__weight_decay': 0.0001}",0.8556998556998556,0.8961038961038961,0.6817538896746818,0.6933962264150944,0.8201058201058201,0.7894119375998696,0.08663561461214975,259,0.8747719477486682,0.93704979642969,0.9271321070234114,0.8177339901477833,0.8263229308005428,0.8766021544300191,0.04940446191114829
213,2.845291757583618,0.3721288876265681,0.02337779998779297,0.0014172807994358794,128,10,0.0001,500,96,384,0.25,4,2,32,0.0001,"{'model__batch_size': 128, 'model__callbacks__early_stopping__patience': 10, 'model__lr': 0.0001, 'model__max_epochs': 500, 'model__module__d_model': 96, 'model__module__dim_feedforward': 384, 'model__module__dropout': 0.25, 'model__module__nhead': 4, 'model__module__num_layers': 2, 'model__module__patch_size': 32, 'model__optimizer__weight_decay': 0.0001}",0.8655311519497983,0.8771929824561404,0.7354497354497355,0.7596153846153846,0.8201058201058201,0.8115790149153759,0.05618650781048621,186,0.8526334743855226,0.8892104175279041,0.926393581081081,0.8373115577889447,0.8448387568708593,0.8700775575308624,0.033324059400977636
214,4.431900358200073,1.0874087498856149,0.026644802093505858,0.001745249877018665,128,10,0.0001,500,96,384,0.25,4,3,16,0.0001,"{'model__batch_size': 128, 'model__callbacks__early_stopping__patience': 10, 'model__lr': 0.0001, 'model__max_epochs': 500, 'model__module__d_model': 96, 'model__module__dim_feedforward': 384, 'model__module__dropout': 0.25, 'model__module__nhead': 4, 'model__module__num_layers': 3, 'model__module__patch_size': 16, 'model__optimizer__weight_decay': 0.0001}",0.7916666666666666,0.8961038961038961,0.6936274509803921,0.8179271708683473,0.8466000644537544,0.8091850498146111,0.0673671228978562,200,0.8767898146246756,0.9033653846153846,0.9223121243006012,0.8527200353825741,0.8514285714285714,0.8813231860703613,0.027922504344899235
215,2.9090598583221436,0.6273493955882407,0.024431324005126952,0.0029056029043105273,128,10,0.0001,500,96,384,0.25,4,3,32,0.0001,"{'model__batch_size': 128, 'model__callbacks__early_stopping__patience': 10, 'model__lr': 0.0001, 'model__max_epochs': 500, 'model__module__d_model': 96, 'model__module__dim_feedforward': 384, 'model__module__dropout': 0.25, 'model__module__nhead': 4, 'model__module__num_layers': 3, 'model__module__patch_size': 32, 'model__optimizer__weight_decay': 0.0001}",0.7726315789473684,0.8961038961038961,0.717809364548495,0.7596153846153846,0.8716981132075472,0.8035716674845382,0.06848071615771816,220,0.8811560277302601,0.8419811320754718,0.9381520119225037,0.8481574539363484,0.8057142857142857,0.8630321822757739,0.04454482709395698
216,4.433807277679444,1.553094136210837,0.024088191986083984,0.0024671263263576666,128,10,0.0001,500,128,128,0.1,4,2,16,0.0001,"{'model__batch_size': 128, 'model__callbacks__early_stopping__patience': 10, 'model__lr': 0.0001, 'model__max_epochs': 500, 'model__module__d_model': 128, 'model__module__dim_feedforward': 128, 'model__module__dropout': 0.1, 'model__module__nhead': 4, 'model__module__num_layers': 2, 'model__module__patch_size': 16, 'model__optimizer__weight_decay': 0.0001}",0.8556998556998556,0.8545454545454545,0.7056393307167941,0.7896440129449838,0.8201058201058201,0.8051268948025816,0.05542865984769453,215,0.8712484993997599,0.9739172749391727,0.9278440139095876,0.8199911543564794,0.8725954776587688,0.8931192840527536,0.052879870268415854
217,2.670920658111572,0.4518153280245407,0.0225985050201416,0.001915721700228495,128,10,0.0001,500,128,128,0.1,4,2,32,0.0001,"{'model__batch_size': 128, 'model__callbacks__early_stopping__patience': 10, 'model__lr': 0.0001, 'model__max_epochs': 500, 'model__module__d_model': 128, 'model__module__dim_feedforward': 128, 'model__module__dropout': 0.1, 'model__module__nhead': 4, 'model__module__num_layers': 2, 'model__module__patch_size': 32, 'model__optimizer__weight_decay': 0.0001}",0.797979797979798,0.8990990990990991,0.6864548494983278,0.87,0.8027715114405414,0.8112610516035532,0.07347222430344476,188,0.8417582417582418,0.9785256410256411,0.9640951694304254,0.8220746507900161,0.8616561356834054,0.8936219677375459,0.06481633273861927
218,4.0995080947875975,0.880918353276397,0.0275146484375,0.0031254947106800685,128,10,0.0001,500,128,128,0.1,4,3,16,0.0001,"{'model__batch_size': 128, 'model__callbacks__early_stopping__patience': 10, 'model__lr': 0.0001, 'model__max_epochs': 500, 'model__module__d_model': 128, 'model__module__dim_feedforward': 128, 'model__module__dropout': 0.1, 'model__module__nhead': 4, 'model__module__num_layers': 3, 'model__module__patch_size': 16, 'model__optimizer__weight_decay': 0.0001}",0.8330241187384044,0.9155354449472096,0.6817538896746818,0.87,0.8466000644537544,0.8293827035628102,0.07896331265652358,89,0.868173327661778,0.9021977130808532,0.9319972269490138,0.8309007813651776,0.8662486938349008,0.8799035485783445,0.03445607473992206
219,2.474924373626709,0.3865733648871049,0.023903751373291017,0.002109361693988565,128,10,0.0001,500,128,128,0.1,4,3,32,0.0001,"{'model__batch_size': 128, 'model__callbacks__early_stopping__patience': 10, 'model__lr': 0.0001, 'model__max_epochs': 500, 'model__module__d_model': 128, 'model__module__dim_feedforward': 128, 'model__module__dropout': 0.1, 'model__module__nhead': 4, 'model__module__num_layers': 3, 'model__module__patch_size': 32, 'model__optimizer__weight_decay': 0.0001}",0.8556998556998556,0.8771929824561404,0.7228863290589003,0.8446568794810516,0.8201058201058201,0.8241083733603537,0.05385194753799102,121,0.8541973490427099,0.8879219356765906,0.9319972269490138,0.839170392449081,0.7739566874244819,0.8574487183083754,0.05253890927065601
220,4.382017040252686,1.039546530496896,0.024669551849365236,0.0034527685924954006,128,10,0.0001,500,128,128,0.25,4,2,16,0.0001,"{'model__batch_size': 128, 'model__callbacks__early_stopping__patience': 10, 'model__lr': 0.0001, 'model__max_epochs': 500, 'model__module__d_model': 128, 'model__module__dim_feedforward': 128, 'model__module__dropout': 0.25, 'model__module__nhead': 4, 'model__module__num_layers': 2, 'model__module__patch_size': 16, 'model__optimizer__weight_decay': 0.0001}",0.8655311519497983,0.8771929824561404,0.717809364548495,0.7596153846153846,0.8201058201058201,0.8080509407351277,0.06118735474025982,204,0.8833578792341679,0.9355769230769231,0.9326705077271876,0.8019228668196219,0.8533015956977872,0.8813659545111376,0.050346333481610446
221,2.7763342380523683,0.5305795688541711,0.023115205764770507,0.001990214282517934,128,10,0.0001,500,128,128,0.25,4,2,32,0.0001,"{'model__batch_size': 128, 'model__callbacks__early_stopping__patience': 10, 'model__lr': 0.0001, 'model__max_epochs': 500, 'model__module__d_model': 128, 'model__module__dim_feedforward': 128, 'model__module__dropout': 0.25, 'model__module__nhead': 4, 'model__module__num_layers': 2, 'model__module__patch_size': 32, 'model__optimizer__weight_decay': 0.0001}",0.797979797979798,0.8545454545454545,0.6666666666666667,0.8179271708683473,0.7920489296636086,0.785833603944775,0.06346374507452286,266,0.8541973490427099,0.978775639502653,0.9424591920337808,0.8090815273477812,0.7987014445867313,0.8766430305027313,0.07198068224138249
222,4.124574184417725,0.8289299578882134,0.026588582992553712,0.0020970812029057887,128,10,0.0001,500,128,128,0.25,4,3,16,0.0001,"{'model__batch_size': 128, 'model__callbacks__early_stopping__patience': 10, 'model__lr': 0.0001, 'model__max_epochs': 500, 'model__module__d_model': 128, 'model__module__dim_feedforward': 128, 'model__module__dropout': 0.25, 'model__module__nhead': 4, 'model__module__num_layers': 3, 'model__module__patch_size': 16, 'model__optimizer__weight_decay': 0.0001}",0.8330241187384044,0.8961038961038961,0.6936274509803921,0.87,0.8955453149001535,0.8376601561445692,0.07560309629231912,48,0.8955046649703138,0.8904525547445254,0.9319972269490138,0.8309007813651776,0.8740992580238203,0.8845908972105703,0.032843667539864216
223,2.528084468841553,0.41492940520496596,0.023943758010864256,0.00211272727047006,128,10,0.0001,500,128,128,0.25,4,3,32,0.0001,"{'model__batch_size': 128, 'model__callbacks__early_stopping__patience': 10, 'model__lr': 0.0001, 'model__max_epochs': 500, 'model__module__d_model': 128, 'model__module__dim_feedforward': 128, 'model__module__dropout': 0.25, 'model__module__nhead': 4, 'model__module__num_layers': 3, 'model__module__patch_size': 32, 'model__optimizer__weight_decay': 0.0001}",0.8556998556998556,0.8587387387387387,0.7228863290589003,0.87,0.8466000644537544,0.8307849975902499,0.054465066278396077,81,0.8457449816228442,0.8858691444057297,0.9278440139095876,0.8696054936866907,0.807680925171307,0.8673489117592318,0.040086773340473336
224,4.009921455383301,1.2786560138454997,0.02486109733581543,0.002175440800137112,128,10,0.0001,500,128,256,0.1,4,2,16,0.0001,"{'model__batch_size': 128, 'model__callbacks__early_stopping__patience': 10, 'model__lr': 0.0001, 'model__max_epochs': 500, 'model__module__d_model': 128, 'model__module__dim_feedforward': 256, 'model__module__dropout': 0.1, 'model__module__nhead': 4, 'model__module__num_layers': 2, 'model__module__patch_size': 16, 'model__optimizer__weight_decay': 0.0001}",0.888682745825603,0.8961038961038961,0.7228863290589003,0.87,0.8716981132075472,0.8498742168391893,0.06426591384309267,7,0.8877032050452183,0.9412924424972617,0.9278440139095876,0.8498923662858089,0.8693877551020408,0.8952239565679834,0.03454098326322674
225,2.508723020553589,0.4421633914625345,0.023903036117553712,0.002304159974707898,128,10,0.0001,500,128,256,0.1,4,2,32,0.0001,"{'model__batch_size': 128, 'model__callbacks__early_stopping__patience': 10, 'model__lr': 0.0001, 'model__max_epochs': 500, 'model__module__d_model': 128, 'model__module__dim_feedforward': 256, 'model__module__dropout': 0.1, 'model__module__nhead': 4, 'model__module__num_layers': 2, 'model__module__patch_size': 32, 'model__optimizer__weight_decay': 0.0001}",0.8330241187384044,0.9155354449472096,0.6902847207128885,0.8446568794810516,0.8201058201058201,0.8207213967970748,0.07311371065354359,136,0.8705294705294705,0.9321849148418492,0.9375418060200669,0.8156197654941373,0.8539028978461669,0.8819557709463381,0.0467563126036239
226,3.8762917518615723,0.6599267630045755,0.026504325866699218,0.0020420796976877505,128,10,0.0001,500,128,256,0.1,4,3,16,0.0001,"{'model__batch_size': 128, 'model__callbacks__early_stopping__patience': 10, 'model__lr': 0.0001, 'model__max_epochs': 500, 'model__module__d_model': 128, 'model__module__dim_feedforward': 256, 'model__module__dropout': 0.1, 'model__module__nhead': 4, 'model__module__num_layers': 3, 'model__module__patch_size': 16, 'model__optimizer__weight_decay': 0.0001}",0.8330241187384044,0.9155354449472096,0.7056393307167941,0.8179271708683473,0.8716981132075472,0.8287648356956605,0.07023943535514213,95,0.8724637681159421,0.8926282051282051,0.9271321070234114,0.8463559322033898,0.8694080333577305,0.8815976091657358,0.02708893924928868
227,2.4418489933013916,0.36239250662147743,0.02384505271911621,0.001710167048790112,128,10,0.0001,500,128,256,0.1,4,3,32,0.0001,"{'model__batch_size': 128, 'model__callbacks__early_stopping__patience': 10, 'model__lr': 0.0001, 'model__max_epochs': 500, 'model__module__d_model': 128, 'model__module__dim_feedforward': 256, 'model__module__dropout': 0.1, 'model__module__nhead': 4, 'model__module__num_layers': 3, 'model__module__patch_size': 32, 'model__optimizer__weight_decay': 0.0001}",0.8556998556998556,0.8771929824561404,0.6746539971080355,0.87,0.8466000644537544,0.8248293799435572,0.07584448084289003,117,0.8747719477486682,0.8892104175279041,0.9381520119225037,0.8576488549618321,0.821664925113201,0.8762896314548219,0.03828195732946899
228,3.8255396842956544,1.3070663834038119,0.024988079071044923,0.0031381755376796955,128,10,0.0001,500,128,256,0.25,4,2,16,0.0001,"{'model__batch_size': 128, 'model__callbacks__early_stopping__patience': 10, 'model__lr': 0.0001, 'model__max_epochs': 500, 'model__module__d_model': 128, 'model__module__dim_feedforward': 256, 'model__module__dropout': 0.25, 'model__module__nhead': 4, 'model__module__num_layers': 2, 'model__module__patch_size': 16, 'model__optimizer__weight_decay': 0.0001}",0.8556998556998556,0.8961038961038961,0.710548885077187,0.8446568794810516,0.8466000644537544,0.830721916163149,0.06290716487121152,84,0.8811524609843937,0.968524898214845,0.9183204854846646,0.8481574539363484,0.846696386985162,0.8925703371210828,0.04612907300395079
229,2.7973710536956786,0.39594086381424665,0.023295164108276367,0.0031211686473368015,128,10,0.0001,500,128,256,0.25,4,2,32,0.0001,"{'model__batch_size': 128, 'model__callbacks__early_stopping__patience': 10, 'model__lr': 0.0001, 'model__max_epochs': 500, 'model__module__d_model': 128, 'model__module__dim_feedforward': 256, 'model__module__dropout': 0.25, 'model__module__nhead': 4, 'model__module__num_layers': 2, 'model__module__patch_size': 32, 'model__optimizer__weight_decay': 0.0001}",0.8117436127297176,0.8545454545454545,0.6984126984126984,0.8941023134571522,0.8201058201058201,0.8157819798501686,0.06549386819461085,162,0.9080763098576062,0.8858691444057297,0.989692001987084,0.8741496598639455,0.8171428571428572,0.8949859946514443,0.05606676027846665
230,4.326095151901245,0.9248279446631433,0.026220083236694336,0.0028622038152681857,128,10,0.0001,500,128,256,0.25,4,3,16,0.0001,"{'model__batch_size': 128, 'model__callbacks__early_stopping__patience': 10, 'model__lr': 0.0001, 'model__max_epochs': 500, 'model__module__d_model': 128, 'model__module__dim_feedforward': 256, 'model__module__dropout': 0.25, 'model__module__nhead': 4, 'model__module__num_layers': 3, 'model__module__patch_size': 16, 'model__optimizer__weight_decay': 0.0001}",0.8330241187384044,0.8771929824561404,0.6936274509803921,0.87,0.8716981132075472,0.8291085330764968,0.06952489351598579,91,0.8854166666666667,0.9199442397689933,0.9271321070234114,0.826465661641541,0.8710327455919396,0.8859982841385105,0.03636690268096044
231,2.7398133754730223,0.6299459247121167,0.024412250518798827,0.0018772799536070077,128,10,0.0001,500,128,256,0.25,4,3,32,0.0001,"{'model__batch_size': 128, 'model__callbacks__early_stopping__patience': 10, 'model__lr': 0.0001, 'model__max_epochs': 500, 'model__module__d_model': 128, 'model__module__dim_feedforward': 256, 'model__module__dropout': 0.25, 'model__module__nhead': 4, 'model__module__num_layers': 3, 'model__module__patch_size': 32, 'model__optimizer__weight_decay': 0.0001}",0.8330241187384044,0.8771929824561404,0.6864548494983278,0.8941023134571522,0.8466000644537544,0.8274748657207557,0.0737486546786909,104,0.8444771723122239,0.8754936120789779,0.9644322007958372,0.8498923662858089,0.8258503401360544,0.8720291383217805,0.04885070611985277
232,3.544154500961304,0.5700903590659819,0.02451333999633789,0.002459755828918375,128,10,0.0001,500,128,384,0.1,4,2,16,0.0001,"{'model__batch_size': 128, 'model__callbacks__early_stopping__patience': 10, 'model__lr': 0.0001, 'model__max_epochs': 500, 'model__module__d_model': 128, 'model__module__dim_feedforward': 384, 'model__module__dropout': 0.1, 'model__module__nhead': 4, 'model__module__num_layers': 2, 'model__module__patch_size': 16, 'model__optimizer__weight_decay': 0.0001}",0.8330241187384044,0.9155354449472096,0.7056393307167941,0.8179271708683473,0.8716981132075472,0.8287648356956605,0.07023943535514213,95,0.8855527283008199,0.9119868637110016,0.9271321070234114,0.8178272268047829,0.8309923281808456,0.8746982508041722,0.043363788246313935
233,2.5104925632476807,0.48124414293587214,0.023396396636962892,0.0021690608400901034,128,10,0.0001,500,128,384,0.1,4,2,32,0.0001,"{'model__batch_size': 128, 'model__callbacks__early_stopping__patience': 10, 'model__lr': 0.0001, 'model__max_epochs': 500, 'model__module__d_model': 128, 'model__module__dim_feedforward': 384, 'model__module__dropout': 0.1, 'model__module__nhead': 4, 'model__module__num_layers': 2, 'model__module__patch_size': 32, 'model__optimizer__weight_decay': 0.0001}",0.82,0.8961038961038961,0.6746539971080355,0.6566436407964242,0.8716981132075472,0.7838199294431806,0.09972990627976089,269,0.8399878778695355,0.9426180048661801,0.9533872745803607,0.8000514668039115,0.8393595153088824,0.875080827885774,0.061367910516532245
234,4.051339244842529,1.4186535152992386,0.02624683380126953,0.0024640997253918616,128,10,0.0001,500,128,384,0.1,4,3,16,0.0001,"{'model__batch_size': 128, 'model__callbacks__early_stopping__patience': 10, 'model__lr': 0.0001, 'model__max_epochs': 500, 'model__module__d_model': 128, 'model__module__dim_feedforward': 384, 'model__module__dropout': 0.1, 'model__module__nhead': 4, 'model__module__num_layers': 3, 'model__module__patch_size': 16, 'model__optimizer__weight_decay': 0.0001}",0.8556998556998556,0.8587387387387387,0.717809364548495,0.8179271708683473,0.8466000644537544,0.819355038861838,0.05277854815215247,144,0.8767898146246756,0.9314159727553692,0.9215352618642465,0.8555927260250471,0.8562153175619509,0.8883098185662577,0.032234286842438384
235,2.5416189193725587,0.5277625627992293,0.026175785064697265,0.001858677353655209,128,10,0.0001,500,128,384,0.1,4,3,32,0.0001,"{'model__batch_size': 128, 'model__callbacks__early_stopping__patience': 10, 'model__lr': 0.0001, 'model__max_epochs': 500, 'model__module__d_model': 128, 'model__module__dim_feedforward': 384, 'model__module__dropout': 0.1, 'model__module__nhead': 4, 'model__module__num_layers': 3, 'model__module__patch_size': 32, 'model__optimizer__weight_decay': 0.0001}",0.8556998556998556,0.8771929824561404,0.6746539971080355,0.8446568794810516,0.8466000644537544,0.8197607558397675,0.07346593284201298,141,0.8724637681159421,0.9265580958346382,0.9223121243006012,0.8418104083738758,0.8486036578687985,0.8823496108987712,0.03586457525887807
236,3.906924867630005,1.46034857749848,0.02448267936706543,0.00272817656199356,128,10,0.0001,500,128,384,0.25,4,2,16,0.0001,"{'model__batch_size': 128, 'model__callbacks__early_stopping__patience': 10, 'model__lr': 0.0001, 'model__max_epochs': 500, 'model__module__d_model': 128, 'model__module__dim_feedforward': 384, 'model__module__dropout': 0.25, 'model__module__nhead': 4, 'model__module__num_layers': 2, 'model__module__patch_size': 16, 'model__optimizer__weight_decay': 0.0001}",0.8556998556998556,0.8771929824561404,0.717809364548495,0.7896440129449838,0.8955453149001535,0.8271783061099256,0.0653595946646091,107,0.8736377025036819,0.953051094890511,0.9326705077271876,0.8267558528428094,0.8725954776587688,0.8917421271245918,0.04550055403821326
237,2.40422101020813,0.1891920134736718,0.023186206817626953,0.002096565239106751,128,10,0.0001,500,128,384,0.25,4,2,32,0.0001,"{'model__batch_size': 128, 'model__callbacks__early_stopping__patience': 10, 'model__lr': 0.0001, 'model__max_epochs': 500, 'model__module__d_model': 128, 'model__module__dim_feedforward': 384, 'model__module__dropout': 0.25, 'model__module__nhead': 4, 'model__module__num_layers': 2, 'model__module__patch_size': 32, 'model__optimizer__weight_decay': 0.0001}",0.797979797979798,0.8961038961038961,0.7056393307167941,0.87,0.8466000644537544,0.8232646178508485,0.06709594586633294,126,0.8811560277302601,0.8985960370407249,0.9538366464105469,0.8590033500837522,0.810518982932776,0.8806222088396121,0.04704367049474382
238,4.1976676940917965,1.169570577692827,0.03129587173461914,0.007378730559726353,128,10,0.0001,500,128,384,0.25,4,3,16,0.0001,"{'model__batch_size': 128, 'model__callbacks__early_stopping__patience': 10, 'model__lr': 0.0001, 'model__max_epochs': 500, 'model__module__d_model': 128, 'model__module__dim_feedforward': 384, 'model__module__dropout': 0.25, 'model__module__nhead': 4, 'model__module__num_layers': 3, 'model__module__patch_size': 16, 'model__optimizer__weight_decay': 0.0001}",0.8330241187384044,0.8771929824561404,0.6936274509803921,0.87,0.8201058201058201,0.8187900744561516,0.06618667185414318,147,0.8656488549618321,0.8938781975132652,0.9381520119225037,0.8463559322033898,0.8215447532298541,0.8731159499661689,0.04022985127807177
239,2.4147241592407225,0.36337039821423434,0.025452136993408203,0.002731961128866433,128,10,0.0001,500,128,384,0.25,4,3,32,0.0001,"{'model__batch_size': 128, 'model__callbacks__early_stopping__patience': 10, 'model__lr': 0.0001, 'model__max_epochs': 500, 'model__module__d_model': 128, 'model__module__dim_feedforward': 384, 'model__module__dropout': 0.25, 'model__module__nhead': 4, 'model__module__num_layers': 3, 'model__module__patch_size': 32, 'model__optimizer__weight_decay': 0.0001}",0.8556998556998556,0.8771929824561404,0.6864548494983278,0.87,0.8466000644537544,0.8271895504216158,0.07117434848925881,106,0.8556969182923382,0.9169957413859853,0.9271321070234114,0.8418104083738758,0.8348102899423557,0.8752890930035934,0.03891105692132873
240,2.8137489795684814,0.48101727647685727,0.0242368221282959,0.0027344959195842035,128,10,0.0002,500,96,128,0.1,4,2,16,0.0001,"{'model__batch_size': 128, 'model__callbacks__early_stopping__patience': 10, 'model__lr': 0.0002, 'model__max_epochs': 500, 'model__module__d_model': 96, 'model__module__dim_feedforward': 128, 'model__module__dropout': 0.1, 'model__module__nhead': 4, 'model__module__num_layers': 2, 'model__module__patch_size': 16, 'model__optimizer__weight_decay': 0.0001}",0.8556998556998556,0.8961038961038961,0.6864548494983278,0.8179271708683473,0.8955453149001535,0.830346217414116,0.07755870044265697,87,0.868173327661778,0.8950829940494833,0.9430288911537741,0.8222679704923658,0.8678482319538845,0.879280283062257,0.039542561230985755
241,1.902185869216919,0.47684465631691797,0.022742509841918945,0.00202727660730999,128,10,0.0002,500,96,128,0.1,4,2,32,0.0001,"{'model__batch_size': 128, 'model__callbacks__early_stopping__patience': 10, 'model__lr': 0.0002, 'model__max_epochs': 500, 'model__module__d_model': 96, 'model__module__dim_feedforward': 128, 'model__module__dropout': 0.1, 'model__module__nhead': 4, 'model__module__num_layers': 2, 'model__module__patch_size': 32, 'model__optimizer__weight_decay': 0.0001}",0.8117436127297176,0.8310708898944192,0.6902847207128885,0.8941023134571522,0.8466000644537544,0.8147603202495866,0.06793854764941039,169,0.8336184388223642,0.8742631009934112,0.9791806020066889,0.8347432335082845,0.8081636251432601,0.8659938000948018,0.06041311865616214
242,3.2346076011657714,0.721588011442634,0.024999713897705077,0.002428778790845557,128,10,0.0002,500,96,128,0.1,4,3,16,0.0001,"{'model__batch_size': 128, 'model__callbacks__early_stopping__patience': 10, 'model__lr': 0.0002, 'model__max_epochs': 500, 'model__module__d_model': 96, 'model__module__dim_feedforward': 128, 'model__module__dropout': 0.1, 'model__module__nhead': 4, 'model__module__num_layers': 3, 'model__module__patch_size': 16, 'model__optimizer__weight_decay': 0.0001}",0.8556998556998556,0.8771929824561404,0.6864548494983278,0.8179271708683473,0.8466000644537544,0.8167749845952852,0.06788178045614722,156,0.8693715982187036,0.908187735525865,0.9101598149287943,0.8452088452088452,0.8307326104205237,0.8727321208605463,0.03222022838773602
243,1.759809684753418,0.2150138262947619,0.023462533950805664,0.003628219541536302,128,10,0.0002,500,96,128,0.1,4,3,32,0.0001,"{'model__batch_size': 128, 'model__callbacks__early_stopping__patience': 10, 'model__lr': 0.0002, 'model__max_epochs': 500, 'model__module__d_model': 96, 'model__module__dim_feedforward': 128, 'model__module__dropout': 0.1, 'model__module__nhead': 4, 'model__module__num_layers': 3, 'model__module__patch_size': 32, 'model__optimizer__weight_decay': 0.0001}",0.8117436127297176,0.8961038961038961,0.6984126984126984,0.9170918367346939,0.8466000644537544,0.833990421686952,0.07719996312796733,61,0.8790477761284292,0.897386292646555,0.9285304247990815,0.8591739331816259,0.8106148675783644,0.8749506588668112,0.03944346451407958
244,2.814591121673584,0.45136250488541585,0.024365997314453124,0.002685226898373944,128,10,0.0002,500,96,128,0.25,4,2,16,0.0001,"{'model__batch_size': 128, 'model__callbacks__early_stopping__patience': 10, 'model__lr': 0.0002, 'model__max_epochs': 500, 'model__module__d_model': 96, 'model__module__dim_feedforward': 128, 'model__module__dropout': 0.25, 'model__module__nhead': 4, 'model__module__num_layers': 2, 'model__module__patch_size': 16, 'model__optimizer__weight_decay': 0.0001}",0.8556998556998556,0.8961038961038961,0.7554879374049119,0.7896440129449838,0.8955453149001535,0.8384962034107601,0.05682626464909034,43,0.8736377025036819,0.8985960370407249,0.9430288911537741,0.8222679704923658,0.8740992580238203,0.8823259718428733,0.03924203818609978
245,1.980156707763672,0.26383756655498114,0.022830772399902343,0.0029860908997289704,128,10,0.0002,500,96,128,0.25,4,2,32,0.0001,"{'model__batch_size': 128, 'model__callbacks__early_stopping__patience': 10, 'model__lr': 0.0002, 'model__max_epochs': 500, 'model__module__d_model': 96, 'model__module__dim_feedforward': 128, 'model__module__dropout': 0.25, 'model__module__nhead': 4, 'model__module__num_layers': 2, 'model__module__patch_size': 32, 'model__optimizer__weight_decay': 0.0001}",0.84375,0.8362573099415205,0.7301587301587302,0.8941023134571522,0.8201058201058201,0.8248748347326446,0.05342688533401579,116,0.8940378019411808,0.8665737329483223,0.923783287419651,0.8409611920746685,0.8307326104205237,0.8712177249608694,0.03423437808240914
246,2.9399835109710692,0.4322402305374993,0.02539515495300293,0.0032838484165580105,128,10,0.0002,500,96,128,0.25,4,3,16,0.0001,"{'model__batch_size': 128, 'model__callbacks__early_stopping__patience': 10, 'model__lr': 0.0002, 'model__max_epochs': 500, 'model__module__d_model': 96, 'model__module__dim_feedforward': 128, 'model__module__dropout': 0.25, 'model__module__nhead': 4, 'model__module__num_layers': 3, 'model__module__patch_size': 16, 'model__optimizer__weight_decay': 0.0001}",0.8330241187384044,0.8362573099415205,0.717809364548495,0.7596153846153846,0.8955453149001535,0.8084502985487916,0.06255121442447009,203,0.8790477761284292,0.9092701384048592,0.9271321070234114,0.8288680009378264,0.8722979714000665,0.8833231987789185,0.03375697725518324
247,2.1655698299407957,0.35929765362028443,0.023672866821289062,0.0017739788593785278,128,10,0.0002,500,96,128,0.25,4,3,32,0.0001,"{'model__batch_size': 128, 'model__callbacks__early_stopping__patience': 10, 'model__lr': 0.0002, 'model__max_epochs': 500, 'model__module__d_model': 96, 'model__module__dim_feedforward': 128, 'model__module__dropout': 0.25, 'model__module__nhead': 4, 'model__module__num_layers': 3, 'model__module__patch_size': 32, 'model__optimizer__weight_decay': 0.0001}",0.8117436127297176,0.8587387387387387,0.710548885077187,0.8446568794810516,0.8466000644537544,0.8144576360960899,0.054240834274819384,171,0.8513486513486513,0.8904525547445254,0.901595357447428,0.8409611920746685,0.7855946398659966,0.853990479096254,0.04111067939492224
248,3.01862211227417,0.7673471487427052,0.024300622940063476,0.0027226518000342155,128,10,0.0002,500,96,256,0.1,4,2,16,0.0001,"{'model__batch_size': 128, 'model__callbacks__early_stopping__patience': 10, 'model__lr': 0.0002, 'model__max_epochs': 500, 'model__module__d_model': 96, 'model__module__dim_feedforward': 256, 'model__module__dropout': 0.1, 'model__module__nhead': 4, 'model__module__num_layers': 2, 'model__module__patch_size': 16, 'model__optimizer__weight_decay': 0.0001}",0.8330241187384044,0.8771929824561404,0.7554879374049119,0.8179271708683473,0.8716981132075472,0.8310660645350701,0.04397083974583769,79,0.8790477761284292,0.9179976745609204,0.9741040414335338,0.8328580052875908,0.8533015956977872,0.8914618186216522,0.050156966901188135
249,1.6348760604858399,0.31609025438392085,0.02192087173461914,0.002264621066262917,128,10,0.0002,500,96,256,0.1,4,2,32,0.0001,"{'model__batch_size': 128, 'model__callbacks__early_stopping__patience': 10, 'model__lr': 0.0002, 'model__max_epochs': 500, 'model__module__d_model': 96, 'model__module__dim_feedforward': 256, 'model__module__dropout': 0.1, 'model__module__nhead': 4, 'model__module__num_layers': 2, 'model__module__patch_size': 32, 'model__optimizer__weight_decay': 0.0001}",0.88,0.8925968546221711,0.7023809523809523,0.9170918367346939,0.8466000644537544,0.8477339416383142,0.07614863657258435,16,0.8442181402874274,0.8741784037558686,0.9140934966361911,0.8667284141195842,0.8239847406125934,0.864640639082333,0.030367395071773245
250,3.2269445419311524,1.0647634569274211,0.02678260803222656,0.002844136897985931,128,10,0.0002,500,96,256,0.1,4,3,16,0.0001,"{'model__batch_size': 128, 'model__callbacks__early_stopping__patience': 10, 'model__lr': 0.0002, 'model__max_epochs': 500, 'model__module__d_model': 96, 'model__module__dim_feedforward': 256, 'model__module__dropout': 0.1, 'model__module__nhead': 4, 'model__module__num_layers': 3, 'model__module__patch_size': 16, 'model__optimizer__weight_decay': 0.0001}",0.8330241187384044,0.8771929824561404,0.6936274509803921,0.8446568794810516,0.9182692307692308,0.833354132485044,0.07587334868902593,68,0.8663194444444444,0.9265580958346382,0.9278440139095876,0.849109936346963,0.8694080333577305,0.8878479047786728,0.0328703553306041
251,2.0666125297546385,0.5911684929351962,0.023503780364990234,0.002121796984486407,128,10,0.0002,500,96,256,0.1,4,3,32,0.0001,"{'model__batch_size': 128, 'model__callbacks__early_stopping__patience': 10, 'model__lr': 0.0002, 'model__max_epochs': 500, 'model__module__d_model': 96, 'model__module__dim_feedforward': 256, 'model__module__dropout': 0.1, 'model__module__nhead': 4, 'model__module__num_layers': 3, 'model__module__patch_size': 32, 'model__optimizer__weight_decay': 0.0001}",0.8330241187384044,0.8961038961038961,0.6864548494983278,0.8941023134571522,0.7920489296636086,0.8203468214922778,0.07754682670558911,137,0.8584083889700579,0.8961303877771658,0.9533872745803607,0.8454049603787177,0.7558148066622643,0.8618291636737133,0.06493067332746318
252,2.663517427444458,0.330036562871943,0.024027061462402344,0.0025399484988463212,128,10,0.0002,500,96,256,0.25,4,2,16,0.0001,"{'model__batch_size': 128, 'model__callbacks__early_stopping__patience': 10, 'model__lr': 0.0002, 'model__max_epochs': 500, 'model__module__d_model': 96, 'model__module__dim_feedforward': 256, 'model__module__dropout': 0.25, 'model__module__nhead': 4, 'model__module__num_layers': 2, 'model__module__patch_size': 16, 'model__optimizer__weight_decay': 0.0001}",0.88,0.8587387387387387,0.7056393307167941,0.6933962264150944,0.8201058201058201,0.7915760231952894,0.07767620865468433,253,0.8596954203089779,0.8938781975132652,0.9381520119225037,0.7627770653965928,0.8533015956977872,0.8615608581678253,0.05786285206428234
253,1.9899037837982179,0.38766318048282017,0.02319793701171875,0.0029047078426816166,128,10,0.0002,500,96,256,0.25,4,2,32,0.0001,"{'model__batch_size': 128, 'model__callbacks__early_stopping__patience': 10, 'model__lr': 0.0002, 'model__max_epochs': 500, 'model__module__d_model': 96, 'model__module__dim_feedforward': 256, 'model__module__dropout': 0.25, 'model__module__nhead': 4, 'model__module__num_layers': 2, 'model__module__patch_size': 32, 'model__optimizer__weight_decay': 0.0001}",0.7773654916512059,0.8545454545454545,0.6864548494983278,0.8446568794810516,0.8716981132075472,0.8069441576767173,0.06822577002206881,209,0.8444771723122239,0.8948259836827429,0.9948208082867067,0.8347432335082845,0.821436875145315,0.8780608145870545,0.06344211755673235
254,2.894677734375,0.31064258420127105,0.02706570625305176,0.0015774593755719566,128,10,0.0002,500,96,256,0.25,4,3,16,0.0001,"{'model__batch_size': 128, 'model__callbacks__early_stopping__patience': 10, 'model__lr': 0.0002, 'model__max_epochs': 500, 'model__module__d_model': 96, 'model__module__dim_feedforward': 256, 'model__module__dropout': 0.25, 'model__module__nhead': 4, 'model__module__num_layers': 3, 'model__module__patch_size': 16, 'model__optimizer__weight_decay': 0.0001}",0.7916666666666666,0.8771929824561404,0.6936274509803921,0.7276190476190476,0.9182692307692308,0.8016750756982954,0.08550544309129272,226,0.8747719477486682,0.8985960370407249,0.9291923951901202,0.8245602534688081,0.8493484657419084,0.8752938198380459,0.036593382619641894
255,1.8556152820587157,0.23919182646044262,0.024056053161621092,0.0036880024424929183,128,10,0.0002,500,96,256,0.25,4,3,32,0.0001,"{'model__batch_size': 128, 'model__callbacks__early_stopping__patience': 10, 'model__lr': 0.0002, 'model__max_epochs': 500, 'model__module__d_model': 96, 'model__module__dim_feedforward': 256, 'model__module__dropout': 0.25, 'model__module__nhead': 4, 'model__module__num_layers': 3, 'model__module__patch_size': 32, 'model__optimizer__weight_decay': 0.0001}",0.8117436127297176,0.8771929824561404,0.6864548494983278,0.8446568794810516,0.8716981132075472,0.8183492874745569,0.06991501233820208,151,0.8873399715504979,0.8726538370159183,0.9081105461702477,0.8260152671755725,0.8172022070756249,0.8622643657975722,0.035165877410996964
256,2.886336660385132,0.814050839399197,0.026430034637451173,0.0032735761767863163,128,10,0.0002,500,96,384,0.1,4,2,16,0.0001,"{'model__batch_size': 128, 'model__callbacks__early_stopping__patience': 10, 'model__lr': 0.0002, 'model__max_epochs': 500, 'model__module__d_model': 96, 'model__module__dim_feedforward': 384, 'model__module__dropout': 0.1, 'model__module__nhead': 4, 'model__module__num_layers': 2, 'model__module__patch_size': 16, 'model__optimizer__weight_decay': 0.0001}",0.8556998556998556,0.8771929824561404,0.6984126984126984,0.8179271708683473,0.8955453149001535,0.828955604467439,0.07019881169020835,93,0.8779382663534983,0.9475414970247416,0.9375418060200669,0.8177264447756252,0.8788608792910608,0.8919217786929984,0.0470017302793672
257,1.8699023246765136,0.39045187415099025,0.023270320892333985,0.0030915266632661692,128,10,0.0002,500,96,384,0.1,4,2,32,0.0001,"{'model__batch_size': 128, 'model__callbacks__early_stopping__patience': 10, 'model__lr': 0.0002, 'model__max_epochs': 500, 'model__module__d_model': 96, 'model__module__dim_feedforward': 384, 'model__module__dropout': 0.1, 'model__module__nhead': 4, 'model__module__num_layers': 2, 'model__module__patch_size': 32, 'model__optimizer__weight_decay': 0.0001}",0.797979797979798,0.8545454545454545,0.710548885077187,0.9390815370196813,0.8466000644537544,0.8297511478151751,0.07492713227390467,88,0.8779382663534983,0.9179976745609204,0.9591602427423322,0.8487423726765612,0.8736738218603504,0.8955024756387326,0.03880681406606268
258,2.873964309692383,0.7231368400141772,0.025505685806274415,0.002846741598755321,128,10,0.0002,500,96,384,0.1,4,3,16,0.0001,"{'model__batch_size': 128, 'model__callbacks__early_stopping__patience': 10, 'model__lr': 0.0002, 'model__max_epochs': 500, 'model__module__d_model': 96, 'model__module__dim_feedforward': 384, 'model__module__dropout': 0.1, 'model__module__nhead': 4, 'model__module__num_layers': 3, 'model__module__patch_size': 16, 'model__optimizer__weight_decay': 0.0001}",0.8231578947368421,0.8925968546221711,0.717809364548495,0.8446568794810516,0.8955453149001535,0.8347532616577427,0.06473015407919462,58,0.8579932582657964,0.877442421218924,0.9291923951901202,0.8555927260250471,0.8393595153088824,0.8719160632017541,0.031084862822748655
259,2.0105661869049074,0.5431100627784785,0.02326788902282715,0.0023998338625387645,128,10,0.0002,500,96,384,0.1,4,3,32,0.0001,"{'model__batch_size': 128, 'model__callbacks__early_stopping__patience': 10, 'model__lr': 0.0002, 'model__max_epochs': 500, 'model__module__d_model': 96, 'model__module__dim_feedforward': 384, 'model__module__dropout': 0.1, 'model__module__nhead': 4, 'model__module__num_layers': 3, 'model__module__patch_size': 32, 'model__optimizer__weight_decay': 0.0001}",0.8556998556998556,0.8733031674208145,0.7427101200686106,0.7896440129449838,0.8466000644537544,0.8215914441176038,0.04838557388524271,131,0.871648509948681,0.864981964008625,0.9693701820567492,0.839170392449081,0.7993730407523512,0.8689088178430975,0.0562761228836318
260,2.8850637912750243,0.7925941099780623,0.024830389022827148,0.0016989441180858304,128,10,0.0002,500,96,384,0.25,4,2,16,0.0001,"{'model__batch_size': 128, 'model__callbacks__early_stopping__patience': 10, 'model__lr': 0.0002, 'model__max_epochs': 500, 'model__module__d_model': 96, 'model__module__dim_feedforward': 384, 'model__module__dropout': 0.25, 'model__module__nhead': 4, 'model__module__num_layers': 2, 'model__module__patch_size': 16, 'model__optimizer__weight_decay': 0.0001}",0.8556998556998556,0.8771929824561404,0.710548885077187,0.8179271708683473,0.9182692307692308,0.8359276249741523,0.0705942712223377,55,0.8833578792341679,0.9141025641025642,0.9271321070234114,0.8373115577889447,0.8601092896174863,0.8844026795533149,0.03321662615458957
261,1.8550336360931396,0.39542706037217645,0.022609472274780273,0.0019345305075855563,128,10,0.0002,500,96,384,0.25,4,2,32,0.0001,"{'model__batch_size': 128, 'model__callbacks__early_stopping__patience': 10, 'model__lr': 0.0002, 'model__max_epochs': 500, 'model__module__d_model': 96, 'model__module__dim_feedforward': 384, 'model__module__dropout': 0.25, 'model__module__nhead': 4, 'model__module__num_layers': 2, 'model__module__patch_size': 32, 'model__optimizer__weight_decay': 0.0001}",0.8556998556998556,0.8733031674208145,0.710548885077187,0.8446568794810516,0.8716981132075472,0.8311813801772912,0.06123854050113632,78,0.8528428093645486,0.8984164420485174,0.9435781233906684,0.8481574539363484,0.8571162790697675,0.8800222215619702,0.036486890986367024
262,3.2620148181915285,0.8743789708459621,0.02532658576965332,0.002321169587762228,128,10,0.0002,500,96,384,0.25,4,3,16,0.0001,"{'model__batch_size': 128, 'model__callbacks__early_stopping__patience': 10, 'model__lr': 0.0002, 'model__max_epochs': 500, 'model__module__d_model': 96, 'model__module__dim_feedforward': 384, 'model__module__dropout': 0.25, 'model__module__nhead': 4, 'model__module__num_layers': 3, 'model__module__patch_size': 16, 'model__optimizer__weight_decay': 0.0001}",0.7916666666666666,0.8771929824561404,0.6817538896746818,0.7596153846153846,0.7304504504504505,0.7681358747726648,0.06542444223954505,283,0.8822742474916387,0.9033653846153846,0.9198067632850242,0.8155788110907325,0.8088217580882175,0.8659693929141994,0.045536433389678665
263,1.6030003547668457,0.20350635234339948,0.022979545593261718,0.0018987774872513258,128,10,0.0002,500,96,384,0.25,4,3,32,0.0001,"{'model__batch_size': 128, 'model__callbacks__early_stopping__patience': 10, 'model__lr': 0.0002, 'model__max_epochs': 500, 'model__module__d_model': 96, 'model__module__dim_feedforward': 384, 'model__module__dropout': 0.25, 'model__module__nhead': 4, 'model__module__num_layers': 3, 'model__module__patch_size': 32, 'model__optimizer__weight_decay': 0.0001}",0.7916666666666666,0.8587387387387387,0.717809364548495,0.87,0.7622377622377623,0.8000905064383325,0.057621055305711495,231,0.8737759203839139,0.864981964008625,0.901595357447428,0.8383108121714964,0.763883495145631,0.8485095098314188,0.04689011891965134
264,2.6739116668701173,0.8132909747506619,0.02452239990234375,0.002777064110815927,128,10,0.0002,500,128,128,0.1,4,2,16,0.0001,"{'model__batch_size': 128, 'model__callbacks__early_stopping__patience': 10, 'model__lr': 0.0002, 'model__max_epochs': 500, 'model__module__d_model': 128, 'model__module__dim_feedforward': 128, 'model__module__dropout': 0.1, 'model__module__nhead': 4, 'model__module__num_layers': 2, 'model__module__patch_size': 16, 'model__optimizer__weight_decay': 0.0001}",0.8330241187384044,0.8961038961038961,0.717809364548495,0.7896440129449838,0.7920489296636086,0.8057260643998776,0.05846089075705066,213,0.8877032050452183,0.951966543861396,0.9278440139095876,0.808797985061664,0.859818201730369,0.887225989921647,0.05048471002440265
265,1.5847110271453857,0.16273179055647002,0.024347448348999025,0.0021762935745235816,128,10,0.0002,500,128,128,0.1,4,2,32,0.0001,"{'model__batch_size': 128, 'model__callbacks__early_stopping__patience': 10, 'model__lr': 0.0002, 'model__max_epochs': 500, 'model__module__d_model': 128, 'model__module__dim_feedforward': 128, 'model__module__dropout': 0.1, 'model__module__nhead': 4, 'model__module__num_layers': 2, 'model__module__patch_size': 32, 'model__optimizer__weight_decay': 0.0001}",0.797979797979798,0.8961038961038961,0.6551003344481605,0.7896440129449838,0.8466000644537544,0.7970856211861185,0.0805882095535191,237,0.8767898146246756,0.9019694665306202,0.9183204854846646,0.8197560176846241,0.821436875145315,0.8676545318939798,0.04064073434804376
266,3.027110195159912,0.8553995421833835,0.025179338455200196,0.00224016329026341,128,10,0.0002,500,128,128,0.1,4,3,16,0.0001,"{'model__batch_size': 128, 'model__callbacks__early_stopping__patience': 10, 'model__lr': 0.0002, 'model__max_epochs': 500, 'model__module__d_model': 128, 'model__module__dim_feedforward': 128, 'model__module__dropout': 0.1, 'model__module__nhead': 4, 'model__module__num_layers': 3, 'model__module__patch_size': 16, 'model__optimizer__weight_decay': 0.0001}",0.8330241187384044,0.8961038961038961,0.7301587301587302,0.87,0.8466000644537544,0.835177361890957,0.056725102550625725,57,0.8887239540381549,0.940592064163795,0.9215352618642465,0.8409611920746685,0.8662486938349008,0.891612233195153,0.03608764536071858
267,1.9372800827026366,0.3474806703005029,0.024158954620361328,0.002000275561070746,128,10,0.0002,500,128,128,0.1,4,3,32,0.0001,"{'model__batch_size': 128, 'model__callbacks__early_stopping__patience': 10, 'model__lr': 0.0002, 'model__max_epochs': 500, 'model__module__d_model': 128, 'model__module__dim_feedforward': 128, 'model__module__dropout': 0.1, 'model__module__nhead': 4, 'model__module__num_layers': 3, 'model__module__patch_size': 32, 'model__optimizer__weight_decay': 0.0001}",0.8117436127297176,0.9181286549707601,0.6746539971080355,0.7896440129449838,0.8201058201058201,0.8028552195718633,0.07781341925674819,222,0.8596954203089779,0.9178921568627452,0.9542699724517907,0.8560666872491509,0.8037454824225168,0.8783339438590364,0.05241716610235647
268,2.483228588104248,0.313030655405147,0.024654960632324217,0.0031455471662829877,128,10,0.0002,500,128,128,0.25,4,2,16,0.0001,"{'model__batch_size': 128, 'model__callbacks__early_stopping__patience': 10, 'model__lr': 0.0002, 'model__max_epochs': 500, 'model__module__d_model': 128, 'model__module__dim_feedforward': 128, 'model__module__dropout': 0.25, 'model__module__nhead': 4, 'model__module__num_layers': 2, 'model__module__patch_size': 16, 'model__optimizer__weight_decay': 0.0001}",0.888682745825603,0.8961038961038961,0.7056393307167941,0.8941023134571522,0.8466000644537544,0.8462256701114399,0.07259100864420516,23,0.8584083889700579,0.9151025580106122,0.9278440139095876,0.8309007813651776,0.8539028978461669,0.8772317280203203,0.03752575722180119
269,1.857326364517212,0.18309605328202783,0.023830556869506837,0.0028986744261183636,128,10,0.0002,500,128,128,0.25,4,2,32,0.0001,"{'model__batch_size': 128, 'model__callbacks__early_stopping__patience': 10, 'model__lr': 0.0002, 'model__max_epochs': 500, 'model__module__d_model': 128, 'model__module__dim_feedforward': 128, 'model__module__dropout': 0.25, 'model__module__nhead': 4, 'model__module__num_layers': 2, 'model__module__patch_size': 32, 'model__optimizer__weight_decay': 0.0001}",0.8556998556998556,0.8961038961038961,0.7023809523809523,0.8266666666666667,0.7920489296636086,0.8145800601029958,0.06569528308326798,170,0.86746037438141,0.953051094890511,0.9479515050167224,0.8347432335082845,0.8322588827122657,0.8870930181018387,0.05326715005253482
270,2.8715814113616944,0.7369499220339133,0.025045490264892577,0.002716439060064035,128,10,0.0002,500,128,128,0.25,4,3,16,0.0001,"{'model__batch_size': 128, 'model__callbacks__early_stopping__patience': 10, 'model__lr': 0.0002, 'model__max_epochs': 500, 'model__module__d_model': 128, 'model__module__dim_feedforward': 128, 'model__module__dropout': 0.25, 'model__module__nhead': 4, 'model__module__num_layers': 3, 'model__module__patch_size': 16, 'model__optimizer__weight_decay': 0.0001}",0.8655311519497983,0.9155354449472096,0.6936274509803921,0.7596153846153846,0.8201058201058201,0.810883050519721,0.07797544141428514,190,0.871648509948681,0.9130646338496473,0.93331960037079,0.8267558528428094,0.8142974142974143,0.8718172022618683,0.046525208783573656
271,1.8777987957000732,0.5225751241865623,0.025756025314331056,0.00343894321985338,128,10,0.0002,500,128,128,0.25,4,3,32,0.0001,"{'model__batch_size': 128, 'model__callbacks__early_stopping__patience': 10, 'model__lr': 0.0002, 'model__max_epochs': 500, 'model__module__d_model': 128, 'model__module__dim_feedforward': 128, 'model__module__dropout': 0.25, 'model__module__nhead': 4, 'model__module__num_layers': 3, 'model__module__patch_size': 32, 'model__optimizer__weight_decay': 0.0001}",0.82,0.8771929824561404,0.7401247401247402,0.6566436407964242,0.8466000644537544,0.7881122855662118,0.07994976703469013,262,0.8833578792341679,0.9199442397689933,0.9198927613941019,0.8000514668039115,0.8106148675783644,0.8667722429559077,0.0520181638172805
272,2.4356382846832276,0.43347254878561975,0.024570703506469727,0.0027680179889165665,128,10,0.0002,500,128,256,0.1,4,2,16,0.0001,"{'model__batch_size': 128, 'model__callbacks__early_stopping__patience': 10, 'model__lr': 0.0002, 'model__max_epochs': 500, 'model__module__d_model': 128, 'model__module__dim_feedforward': 256, 'model__module__dropout': 0.1, 'model__module__nhead': 4, 'model__module__num_layers': 2, 'model__module__patch_size': 16, 'model__optimizer__weight_decay': 0.0001}",0.8330241187384044,0.8961038961038961,0.7301587301587302,0.87,0.8955453149001535,0.8449664119802369,0.06184394942971431,24,0.8705294705294705,0.918989178405175,0.9278440139095876,0.8309007813651776,0.8585034013605441,0.881353369113991,0.03677655669571572
273,1.6132582664489745,0.2599224984455514,0.02687525749206543,0.005325363924187229,128,10,0.0002,500,128,256,0.1,4,2,32,0.0001,"{'model__batch_size': 128, 'model__callbacks__early_stopping__patience': 10, 'model__lr': 0.0002, 'model__max_epochs': 500, 'model__module__d_model': 128, 'model__module__dim_feedforward': 256, 'model__module__dropout': 0.1, 'model__module__nhead': 4, 'model__module__num_layers': 2, 'model__module__patch_size': 32, 'model__optimizer__weight_decay': 0.0001}",0.8330241187384044,0.8990990990990991,0.7354497354497355,0.8446568794810516,0.7920489296636086,0.82085575248638,0.05470028310680697,135,0.8949652777777778,0.9008856447688565,0.9474239864864865,0.8383108121714964,0.7968791325046285,0.8756929707418492,0.0524604196322091
274,2.8966569900512695,0.9683778110765178,0.02803459167480469,0.0032646794427856826,128,10,0.0002,500,128,256,0.1,4,3,16,0.0001,"{'model__batch_size': 128, 'model__callbacks__early_stopping__patience': 10, 'model__lr': 0.0002, 'model__max_epochs': 500, 'model__module__d_model': 128, 'model__module__dim_feedforward': 256, 'model__module__dropout': 0.1, 'model__module__nhead': 4, 'model__module__num_layers': 3, 'model__module__patch_size': 16, 'model__optimizer__weight_decay': 0.0001}",0.869281045751634,0.8771929824561404,0.67,0.7596153846153846,0.8716981132075472,0.8095575052061413,0.08242988160779134,199,0.8799909084021518,0.9239315546184413,0.923783287419651,0.8333762223365929,0.8662486938349008,0.8854661333223476,0.03481505372245384
275,1.6986514568328857,0.10251192273295383,0.02559070587158203,0.0035648976539057464,128,10,0.0002,500,128,256,0.1,4,3,32,0.0001,"{'model__batch_size': 128, 'model__callbacks__early_stopping__patience': 10, 'model__lr': 0.0002, 'model__max_epochs': 500, 'model__module__d_model': 128, 'model__module__dim_feedforward': 256, 'model__module__dropout': 0.1, 'model__module__nhead': 4, 'model__module__num_layers': 3, 'model__module__patch_size': 32, 'model__optimizer__weight_decay': 0.0001}",0.8556998556998556,0.8961038961038961,0.717809364548495,0.8446568794810516,0.8466000644537544,0.8321740120574106,0.06013933980346412,75,0.8019426676143093,0.8675633285349033,0.9319972269490138,0.839170392449081,0.8127849952680031,0.8506917221630621,0.04656472379760647
276,3.0631674766540526,1.5776795272119122,0.02467494010925293,0.0025151474267953683,128,10,0.0002,500,128,256,0.25,4,2,16,0.0001,"{'model__batch_size': 128, 'model__callbacks__early_stopping__patience': 10, 'model__lr': 0.0002, 'model__max_epochs': 500, 'model__module__d_model': 128, 'model__module__dim_feedforward': 256, 'model__module__dropout': 0.25, 'model__module__nhead': 4, 'model__module__num_layers': 2, 'model__module__patch_size': 16, 'model__optimizer__weight_decay': 0.0001}",0.8330241187384044,0.8961038961038961,0.6936274509803921,0.8446568794810516,0.8955453149001535,0.8325915320407796,0.07409962851493175,73,0.8833578792341679,0.9893878197513265,0.9230610773509115,0.8284484186123531,0.8708701134930643,0.8990250616883646,0.05433669543777473
277,1.6470919132232666,0.18604235128207444,0.024180793762207033,0.0015092804024187361,128,10,0.0002,500,128,256,0.25,4,2,32,0.0001,"{'model__batch_size': 128, 'model__callbacks__early_stopping__patience': 10, 'model__lr': 0.0002, 'model__max_epochs': 500, 'model__module__d_model': 128, 'model__module__dim_feedforward': 256, 'model__module__dropout': 0.25, 'model__module__nhead': 4, 'model__module__num_layers': 2, 'model__module__patch_size': 32, 'model__optimizer__weight_decay': 0.0001}",0.82,0.8961038961038961,0.6864548494983278,0.87,0.8201058201058201,0.8185329131416088,0.07227082357819282,149,0.7956129032258064,0.8950829940494833,0.9223121243006012,0.8156197654941373,0.8585034013605441,0.8574262376861146,0.04732449534306759
278,2.9278495788574217,0.3392700001284891,0.027270412445068358,0.002812679967575994,128,10,0.0002,500,128,256,0.25,4,3,16,0.0001,"{'model__batch_size': 128, 'model__callbacks__early_stopping__patience': 10, 'model__lr': 0.0002, 'model__max_epochs': 500, 'model__module__d_model': 128, 'model__module__dim_feedforward': 256, 'model__module__dropout': 0.25, 'model__module__nhead': 4, 'model__module__num_layers': 3, 'model__module__patch_size': 16, 'model__optimizer__weight_decay': 0.0001}",0.8330241187384044,0.8961038961038961,0.7056393307167941,0.7596153846153846,0.8716981132075472,0.8132161686764053,0.07089243711037284,175,0.8844048748449245,0.897386292646555,0.9230610773509115,0.808797985061664,0.8514285714285714,0.8730157602665253,0.03954262994700862
279,1.6416148662567138,0.24886287121200798,0.0244143009185791,0.0029321552726257333,128,10,0.0002,500,128,256,0.25,4,3,32,0.0001,"{'model__batch_size': 128, 'model__callbacks__early_stopping__patience': 10, 'model__lr': 0.0002, 'model__max_epochs': 500, 'model__module__d_model': 128, 'model__module__dim_feedforward': 256, 'model__module__dropout': 0.25, 'model__module__nhead': 4, 'model__module__num_layers': 3, 'model__module__patch_size': 32, 'model__optimizer__weight_decay': 0.0001}",0.82,0.8771929824561404,0.6984126984126984,0.8179271708683473,0.8466000644537544,0.8120265832381879,0.0607428881841735,181,0.8383838383838385,0.9226074735768053,0.9223121243006012,0.839170392449081,0.8127849952680031,0.8670517647956657,0.04622606908323656
280,2.8117080211639403,0.5148722274661013,0.026152896881103515,0.0019477549539761744,128,10,0.0002,500,128,384,0.1,4,2,16,0.0001,"{'model__batch_size': 128, 'model__callbacks__early_stopping__patience': 10, 'model__lr': 0.0002, 'model__max_epochs': 500, 'model__module__d_model': 128, 'model__module__dim_feedforward': 384, 'model__module__dropout': 0.1, 'model__module__nhead': 4, 'model__module__num_layers': 2, 'model__module__patch_size': 16, 'model__optimizer__weight_decay': 0.0001}",0.8330241187384044,0.8961038961038961,0.7427101200686106,0.8941023134571522,0.8466000644537544,0.8425081025643635,0.055858390765076,29,0.8822742474916387,0.918989178405175,0.9479515050167224,0.8498923662858089,0.8476190476190477,0.8893452689636785,0.03914348143267119
281,1.586181640625,0.22768622798618068,0.023968076705932616,0.0025835003154023864,128,10,0.0002,500,128,384,0.1,4,2,32,0.0001,"{'model__batch_size': 128, 'model__callbacks__early_stopping__patience': 10, 'model__lr': 0.0002, 'model__max_epochs': 500, 'model__module__d_model': 128, 'model__module__dim_feedforward': 384, 'model__module__dropout': 0.1, 'model__module__nhead': 4, 'model__module__num_layers': 2, 'model__module__patch_size': 32, 'model__optimizer__weight_decay': 0.0001}",0.8556998556998556,0.8587387387387387,0.710548885077187,0.8941023134571522,0.8466000644537544,0.8331379714853376,0.06338832849792427,70,0.8769274904970236,0.8845912934544315,0.9230610773509115,0.8547275641025641,0.8322588827122657,0.8743132616234393,0.0304663486558719
282,2.891100358963013,0.640096787815214,0.027487945556640626,0.0034759077743539636,128,10,0.0002,500,128,384,0.1,4,3,16,0.0001,"{'model__batch_size': 128, 'model__callbacks__early_stopping__patience': 10, 'model__lr': 0.0002, 'model__max_epochs': 500, 'model__module__d_model': 128, 'model__module__dim_feedforward': 384, 'model__module__dropout': 0.1, 'model__module__nhead': 4, 'model__module__num_layers': 3, 'model__module__patch_size': 16, 'model__optimizer__weight_decay': 0.0001}",0.8556998556998556,0.8961038961038961,0.6583481877599524,0.8941023134571522,0.9182692307692308,0.8445046967580174,0.09522939132362566,27,0.8673366834170855,0.8899835796387521,0.9291923951901202,0.8436413597851656,0.8677180921569949,0.8795744220376236,0.02881601495470504
283,1.6566600322723388,0.17123475063644022,0.02496366500854492,0.002024010096743707,128,10,0.0002,500,128,384,0.1,4,3,32,0.0001,"{'model__batch_size': 128, 'model__callbacks__early_stopping__patience': 10, 'model__lr': 0.0002, 'model__max_epochs': 500, 'model__module__d_model': 128, 'model__module__dim_feedforward': 384, 'model__module__dropout': 0.1, 'model__module__nhead': 4, 'model__module__num_layers': 3, 'model__module__patch_size': 32, 'model__optimizer__weight_decay': 0.0001}",0.7916666666666666,0.9155354449472096,0.717809364548495,0.7596153846153846,0.8955453149001535,0.8160344351355819,0.07700323739696045,161,0.8663194444444444,0.8532681940700808,0.9339455157636976,0.84448447418082,0.8539028978461669,0.8703841052610418,0.03253290603829201
284,2.5043752193450928,0.45888255909225045,0.02542271614074707,0.0020011795973434035,128,10,0.0002,500,128,384,0.25,4,2,16,0.0001,"{'model__batch_size': 128, 'model__callbacks__early_stopping__patience': 10, 'model__lr': 0.0002, 'model__max_epochs': 500, 'model__module__d_model': 128, 'model__module__dim_feedforward': 384, 'model__module__dropout': 0.25, 'model__module__nhead': 4, 'model__module__num_layers': 2, 'model__module__patch_size': 16, 'model__optimizer__weight_decay': 0.0001}",0.8556998556998556,0.8961038961038961,0.6817538896746818,0.87,0.8955453149001535,0.8398205912757174,0.08052463614327149,36,0.8965034442847275,0.9055746946445349,0.9278440139095876,0.826465661641541,0.8476190476190477,0.8808013724198878,0.03775372516242551
285,1.5183319568634033,0.13588894657447323,0.023404979705810548,0.0023960639162178454,128,10,0.0002,500,128,384,0.25,4,2,32,0.0001,"{'model__batch_size': 128, 'model__callbacks__early_stopping__patience': 10, 'model__lr': 0.0002, 'model__max_epochs': 500, 'model__module__d_model': 128, 'model__module__dim_feedforward': 384, 'model__module__dropout': 0.25, 'model__module__nhead': 4, 'model__module__num_layers': 2, 'model__module__patch_size': 32, 'model__optimizer__weight_decay': 0.0001}",0.797979797979798,0.8771929824561404,0.710548885077187,0.8446568794810516,0.8466000644537544,0.8153957218895863,0.05821512062545695,165,0.8373625553045718,0.8681076399141716,0.9175360158966717,0.8156197654941373,0.8258503401360544,0.8528952633491214,0.03680217091913287
286,3.047889757156372,0.5553031035442683,0.030269479751586913,0.007795179092283938,128,10,0.0002,500,128,384,0.25,4,3,16,0.0001,"{'model__batch_size': 128, 'model__callbacks__early_stopping__patience': 10, 'model__lr': 0.0002, 'model__max_epochs': 500, 'model__module__d_model': 128, 'model__module__dim_feedforward': 384, 'model__module__dropout': 0.25, 'model__module__nhead': 4, 'model__module__num_layers': 3, 'model__module__patch_size': 16, 'model__optimizer__weight_decay': 0.0001}",0.8556998556998556,0.8961038961038961,0.6583481877599524,0.7276190476190476,0.8201058201058201,0.7915753614577143,0.08682400852193288,254,0.8779382663534983,0.891330792312059,0.9339455157636976,0.8019228668196219,0.8494798733604704,0.8709234629218695,0.043950780425756966
287,1.7934045314788818,0.25837895329181526,0.024680614471435547,0.0021322316982121886,128,10,0.0002,500,128,384,0.25,4,3,32,0.0001,"{'model__batch_size': 128, 'model__callbacks__early_stopping__patience': 10, 'model__lr': 0.0002, 'model__max_epochs': 500, 'model__module__d_model': 128, 'model__module__dim_feedforward': 384, 'model__module__dropout': 0.25, 'model__module__nhead': 4, 'model__module__num_layers': 3, 'model__module__patch_size': 32, 'model__optimizer__weight_decay': 0.0001}",0.888682745825603,0.8545454545454545,0.7482658312821661,0.7596153846153846,0.8466000644537544,0.8195418961444725,0.05551452940251713,142,0.8693715982187036,0.8804638715432649,0.9375418060200669,0.8199911543564794,0.8261745701456576,0.8667086000568345,0.042518629877998246
