,mean_fit_time,std_fit_time,mean_score_time,std_score_time,param_init_algorithm,param_metric,param_n_clusters,params,split0_test_score,split1_test_score,split2_test_score,split3_test_score,split4_test_score,mean_test_score,std_test_score,rank_test_score,split0_train_score,split1_train_score,split2_train_score,split3_train_score,split4_train_score,mean_train_score,std_train_score
0,0.21110038757324218,0.008936070275680793,0.0034356117248535156,0.00048407854477094557,forgy,euclidean,2,"{'init_algorithm': 'forgy', 'metric': 'euclidean', 'n_clusters': 2}",0.5333333333333333,0.5333333333333333,0.5333333333333333,0.5333333333333333,0.5333333333333333,0.5333333333333333,0.0,1,0.49122807017543857,0.40625,0.40625,0.40625,0.40625,0.42324561403508765,0.03399122807017543
1,0.24481234550476075,0.0041629128847153925,0.00397343635559082,0.0003207001763202555,random,euclidean,2,"{'init_algorithm': 'random', 'metric': 'euclidean', 'n_clusters': 2}",0.5333333333333333,0.5333333333333333,0.5333333333333333,0.5333333333333333,0.5333333333333333,0.5333333333333333,0.0,1,0.49122807017543857,0.5925925925925926,0.5925925925925926,0.40625,0.40625,0.4977826510721247,0.08339935848379523
