,mean_fit_time,std_fit_time,mean_score_time,std_score_time,param_model__batch_size,param_model__callbacks__early_stopping__patience,param_model__lr,param_model__max_epochs,param_model__module__d_model,param_model__module__dim_feedforward,param_model__module__dropout,param_model__module__nhead,param_model__module__num_layers,param_model__module__patch_size,param_model__optimizer__weight_decay,params,split0_test_score,split1_test_score,split2_test_score,split3_test_score,split4_test_score,mean_test_score,std_test_score,rank_test_score,split0_train_score,split1_train_score,split2_train_score,split3_train_score,split4_train_score,mean_train_score,std_train_score
0,8.537539339065551,5.020029583171969,0.03419036865234375,0.0034139413620854287,64,10,3e-05,500,96,128,0.1,4,2,16,0.0001,"{'model__batch_size': 64, 'model__callbacks__early_stopping__patience': 10, 'model__lr': 3e-05, 'model__max_epochs': 500, 'model__module__d_model': 96, 'model__module__dim_feedforward': 128, 'model__module__dropout': 0.1, 'model__module__nhead': 4, 'model__module__num_layers': 2, 'model__module__patch_size': 16, 'model__optimizer__weight_decay': 0.0001}",0.5262626262626262,0.8365384615384616,0.7355555555555555,0.638095238095238,0.6182115149040425,0.6709326792711848,0.10619664233141453,80,0.6537313432835821,0.8837469260004471,0.8153846153846154,0.7556818181818181,0.7665558194774347,0.7750201044655795,0.0756404554304438
1,7.216456270217895,3.378075991861642,0.03734855651855469,0.00424795215201518,64,10,3e-05,500,96,128,0.1,4,2,32,0.0001,"{'model__batch_size': 64, 'model__callbacks__early_stopping__patience': 10, 'model__lr': 3e-05, 'model__max_epochs': 500, 'model__module__d_model': 96, 'model__module__dim_feedforward': 128, 'model__module__dropout': 0.1, 'model__module__nhead': 4, 'model__module__num_layers': 2, 'model__module__patch_size': 32, 'model__optimizer__weight_decay': 0.0001}",0.44901315789473684,0.8716981132075472,0.7588652482269503,0.6260683760683761,0.6182115149040425,0.6647712820603305,0.14275131026433296,100,0.6463336073039074,0.8559397163120568,0.8505125002478241,0.7760416666666666,0.7901844532279314,0.7838023887516773,0.07570027533685247
2,9.365365743637085,4.6194105914242165,0.0408970832824707,0.007961208996584765,64,10,3e-05,500,96,128,0.1,4,3,16,0.0001,"{'model__batch_size': 64, 'model__callbacks__early_stopping__patience': 10, 'model__lr': 3e-05, 'model__max_epochs': 500, 'model__module__d_model': 96, 'model__module__dim_feedforward': 128, 'model__module__dropout': 0.1, 'model__module__nhead': 4, 'model__module__num_layers': 3, 'model__module__patch_size': 16, 'model__optimizer__weight_decay': 0.0001}",0.5838509316770186,0.8119815668202766,0.7663230240549828,0.638095238095238,0.6474358974358974,0.6895373316166827,0.08541319356630674,44,0.7566433566433566,0.8159326328340413,0.892855040326537,0.7760416666666666,0.7817745803357314,0.8046494553612666,0.04807033660895275
3,6.959058570861816,3.4170644826963956,0.037932729721069335,0.00810115461339486,64,10,3e-05,500,96,128,0.1,4,3,32,0.0001,"{'model__batch_size': 64, 'model__callbacks__early_stopping__patience': 10, 'model__lr': 3e-05, 'model__max_epochs': 500, 'model__module__d_model': 96, 'model__module__dim_feedforward': 128, 'model__module__dropout': 0.1, 'model__module__nhead': 4, 'model__module__num_layers': 3, 'model__module__patch_size': 32, 'model__optimizer__weight_decay': 0.0001}",0.48497554157931516,0.8119815668202766,0.7875,0.6260683760683761,0.6182115149040425,0.665747399874402,0.1205990690356033,95,0.779431216931217,0.8719702358155058,0.8801867323836429,0.7800337067512639,0.7793960122526451,0.818203580826855,0.04732658266392071
4,8.58439130783081,5.0070682753953335,0.04243669509887695,0.0035271014990143957,64,10,3e-05,500,96,128,0.25,4,2,16,0.0001,"{'model__batch_size': 64, 'model__callbacks__early_stopping__patience': 10, 'model__lr': 3e-05, 'model__max_epochs': 500, 'model__module__d_model': 96, 'model__module__dim_feedforward': 128, 'model__module__dropout': 0.25, 'model__module__nhead': 4, 'model__module__num_layers': 2, 'model__module__patch_size': 16, 'model__optimizer__weight_decay': 0.0001}",0.43725296442687744,0.8904286174669674,0.7114568599717115,0.638095238095238,0.6182115149040425,0.6590890389729673,0.14668561270503375,116,0.7252368647717484,0.850494333252954,0.8298935347647654,0.7429254683140694,0.7817745803357314,0.7860649562878537,0.04827332259822253
5,8.549085903167725,4.94244159821745,0.039051246643066403,0.00694020383386656,64,10,3e-05,500,96,128,0.25,4,2,32,0.0001,"{'model__batch_size': 64, 'model__callbacks__early_stopping__patience': 10, 'model__lr': 3e-05, 'model__max_epochs': 500, 'model__module__d_model': 96, 'model__module__dim_feedforward': 128, 'model__module__dropout': 0.25, 'model__module__nhead': 4, 'model__module__num_layers': 2, 'model__module__patch_size': 32, 'model__optimizer__weight_decay': 0.0001}",0.38419117647058826,0.8119815668202766,0.744360902255639,0.6260683760683761,0.6182115149040425,0.6369627073037846,0.14596555342587272,212,0.6179484292309425,0.901228314549829,0.853355893965031,0.7800337067512639,0.7901844532279314,0.7885501595449996,0.09599614690100042
6,9.535387468338012,6.083475980939712,0.03935098648071289,0.006294949229065281,64,10,3e-05,500,96,128,0.25,4,3,16,0.0001,"{'model__batch_size': 64, 'model__callbacks__early_stopping__patience': 10, 'model__lr': 3e-05, 'model__max_epochs': 500, 'model__module__d_model': 96, 'model__module__dim_feedforward': 128, 'model__module__dropout': 0.25, 'model__module__nhead': 4, 'model__module__num_layers': 3, 'model__module__patch_size': 16, 'model__optimizer__weight_decay': 0.0001}",0.49042748492001054,0.8119815668202766,0.744360902255639,0.6260683760683761,0.6791666666666667,0.6704009993461938,0.10949685715109413,83,0.7674281922457105,0.8271276595744681,0.8883161512027491,0.7413401534526853,0.7778846153846154,0.8004193543720456,0.05201108282055199
7,6.601510095596313,3.409892862542196,0.034003400802612306,0.006659477348331984,64,10,3e-05,500,96,128,0.25,4,3,32,0.0001,"{'model__batch_size': 64, 'model__callbacks__early_stopping__patience': 10, 'model__lr': 3e-05, 'model__max_epochs': 500, 'model__module__d_model': 96, 'model__module__dim_feedforward': 128, 'model__module__dropout': 0.25, 'model__module__nhead': 4, 'model__module__num_layers': 3, 'model__module__patch_size': 32, 'model__optimizer__weight_decay': 0.0001}",0.4369747899159664,0.8365384615384616,0.7215397215397216,0.6000000000000001,0.6182115149040425,0.6426528975796384,0.1330675600868094,191,0.6861471861471862,0.838107098381071,0.8242919456902378,0.7720803313767447,0.7840706336797572,0.7809394390549993,0.05333186755468445
8,10.807550525665283,6.33762063393429,0.04134054183959961,0.007058344925948946,64,10,3e-05,500,96,256,0.1,4,2,16,0.0001,"{'model__batch_size': 64, 'model__callbacks__early_stopping__patience': 10, 'model__lr': 3e-05, 'model__max_epochs': 500, 'model__module__d_model': 96, 'model__module__dim_feedforward': 256, 'model__module__dropout': 0.1, 'model__module__nhead': 4, 'model__module__num_layers': 2, 'model__module__patch_size': 16, 'model__optimizer__weight_decay': 0.0001}",0.6027667984189724,0.853763440860215,0.7078410311493019,0.6503884572697003,0.6182115149040425,0.6865942485204465,0.0910066630605344,51,0.7712968607131971,0.9244405696018599,0.9396798391462378,0.7595717259839396,0.7793960122526451,0.8348770015395759,0.07974550332241276
9,5.524529027938843,4.575717922480295,0.03618021011352539,0.008056667393988514,64,10,3e-05,500,96,256,0.1,4,2,32,0.0001,"{'model__batch_size': 64, 'model__callbacks__early_stopping__patience': 10, 'model__lr': 3e-05, 'model__max_epochs': 500, 'model__module__d_model': 96, 'model__module__dim_feedforward': 256, 'model__module__dropout': 0.1, 'model__module__nhead': 4, 'model__module__num_layers': 2, 'model__module__patch_size': 32, 'model__optimizer__weight_decay': 0.0001}",0.4451345755693582,0.7751322751322751,0.7730423620025675,0.7321739130434783,0.4777611194402799,0.6406488490375918,0.14747807640041363,202,0.5917372101582627,0.914291993260567,0.8367594936708861,0.6775,0.5610820467015439,0.7162741487582519,0.1377136574989014
10,10.35438289642334,7.337485219073389,0.039031362533569335,0.004457330912115995,64,10,3e-05,500,96,256,0.1,4,3,16,0.0001,"{'model__batch_size': 64, 'model__callbacks__early_stopping__patience': 10, 'model__lr': 3e-05, 'model__max_epochs': 500, 'model__module__d_model': 96, 'model__module__dim_feedforward': 256, 'model__module__dropout': 0.1, 'model__module__nhead': 4, 'model__module__num_layers': 3, 'model__module__patch_size': 16, 'model__optimizer__weight_decay': 0.0001}",0.47268518518518515,0.6598691804540208,0.7114568599717115,0.638095238095238,0.6474358974358974,0.6259084722284105,0.08069842543612687,242,0.7314814814814815,0.9673360972020316,0.8917504312139416,0.773774412116381,0.7879807692307692,0.830464638248921,0.08637832006315233
11,6.432265281677246,2.930782216142916,0.04084224700927734,0.007089877249465584,64,10,3e-05,500,96,256,0.1,4,3,32,0.0001,"{'model__batch_size': 64, 'model__callbacks__early_stopping__patience': 10, 'model__lr': 3e-05, 'model__max_epochs': 500, 'model__module__d_model': 96, 'model__module__dim_feedforward': 256, 'model__module__dropout': 0.1, 'model__module__nhead': 4, 'model__module__num_layers': 3, 'model__module__patch_size': 32, 'model__optimizer__weight_decay': 0.0001}",0.42254833449802,0.8365384615384616,0.80795892169448,0.6142744686434007,0.6182115149040425,0.6599063402556811,0.15051778778918073,113,0.7522198023119451,0.8730078329926374,0.8298935347647654,0.7803405572755417,0.7840706336797572,0.8039064722049295,0.04259260537765679
12,8.863585948944092,5.783260522218216,0.03822116851806641,0.003787237091179358,64,10,3e-05,500,96,256,0.25,4,2,16,0.0001,"{'model__batch_size': 64, 'model__callbacks__early_stopping__patience': 10, 'model__lr': 3e-05, 'model__max_epochs': 500, 'model__module__d_model': 96, 'model__module__dim_feedforward': 256, 'model__module__dropout': 0.25, 'model__module__nhead': 4, 'model__module__num_layers': 2, 'model__module__patch_size': 16, 'model__optimizer__weight_decay': 0.0001}",0.5034500383337592,0.8466000644537544,0.7215397215397216,0.6260683760683761,0.6182115149040425,0.6631739430599308,0.11485806449313606,103,0.7363636363636363,0.8601398601398602,0.8092745692817067,0.7441046090318402,0.7873064133016627,0.7874378176237412,0.04527424639757651
13,4.738346672058105,3.372982773437501,0.03433294296264648,0.004266482046737168,64,10,3e-05,500,96,256,0.25,4,2,32,0.0001,"{'model__batch_size': 64, 'model__callbacks__early_stopping__patience': 10, 'model__lr': 3e-05, 'model__max_epochs': 500, 'model__module__d_model': 96, 'model__module__dim_feedforward': 256, 'model__module__dropout': 0.25, 'model__module__nhead': 4, 'model__module__num_layers': 2, 'model__module__patch_size': 32, 'model__optimizer__weight_decay': 0.0001}",0.447940074906367,0.8119815668202766,0.744360902255639,0.7303543913713405,0.4777611194402799,0.6424796109587806,0.1495396269390573,192,0.7364622288706059,0.8353081451673001,0.8156962025316455,0.6392892549378479,0.538239350490515,0.7129990363995828,0.11138296738928698
14,10.079682302474975,6.672413421136345,0.03884100914001465,0.005061684573087141,64,10,3e-05,500,96,256,0.25,4,3,16,0.0001,"{'model__batch_size': 64, 'model__callbacks__early_stopping__patience': 10, 'model__lr': 3e-05, 'model__max_epochs': 500, 'model__module__d_model': 96, 'model__module__dim_feedforward': 256, 'model__module__dropout': 0.25, 'model__module__nhead': 4, 'model__module__num_layers': 3, 'model__module__patch_size': 16, 'model__optimizer__weight_decay': 0.0001}",0.4537619380386676,0.7920489296636086,0.7114568599717115,0.638095238095238,0.6182115149040425,0.6427148961346537,0.1125620615194655,190,0.7462228870605834,0.901228314549829,0.8402030175062947,0.7658617424242424,0.7754934210526316,0.8058018765187163,0.05718936325162143
15,5.030672359466553,3.1133241556229097,0.03583335876464844,0.008386106267898923,64,10,3e-05,500,96,256,0.25,4,3,32,0.0001,"{'model__batch_size': 64, 'model__callbacks__early_stopping__patience': 10, 'model__lr': 3e-05, 'model__max_epochs': 500, 'model__module__d_model': 96, 'model__module__dim_feedforward': 256, 'model__module__dropout': 0.25, 'model__module__nhead': 4, 'model__module__num_layers': 3, 'model__module__patch_size': 32, 'model__optimizer__weight_decay': 0.0001}",0.46029919447640966,0.8466000644537544,0.7078410311493019,0.6260683760683761,0.45647058823529413,0.6194558508766272,0.1492281451051225,251,0.705944055944056,0.7888932948129685,0.8375,0.7698027163676018,0.5846153846153846,0.7373510903480022,0.08724002360453575
16,7.735735940933227,3.9472940112976267,0.03416938781738281,0.0038237774022218066,64,10,3e-05,500,96,384,0.1,4,2,16,0.0001,"{'model__batch_size': 64, 'model__callbacks__early_stopping__patience': 10, 'model__lr': 3e-05, 'model__max_epochs': 500, 'model__module__d_model': 96, 'model__module__dim_feedforward': 384, 'model__module__dropout': 0.1, 'model__module__nhead': 4, 'model__module__num_layers': 2, 'model__module__patch_size': 16, 'model__optimizer__weight_decay': 0.0001}",0.4798136645962733,0.8289308176100629,0.7114568599717115,0.638095238095238,0.6182115149040425,0.6553016190354657,0.1146893780653264,137,0.7528074685428223,0.8517701149425287,0.8385125523431709,0.7714239690721649,0.7691353616597447,0.7967298933120863,0.04026473387269926
17,6.098261594772339,3.4649340053170343,0.03184800148010254,0.004874313325688024,64,10,3e-05,500,96,384,0.1,4,2,32,0.0001,"{'model__batch_size': 64, 'model__callbacks__early_stopping__patience': 10, 'model__lr': 3e-05, 'model__max_epochs': 500, 'model__module__d_model': 96, 'model__module__dim_feedforward': 384, 'model__module__dropout': 0.1, 'model__module__nhead': 4, 'model__module__num_layers': 2, 'model__module__patch_size': 32, 'model__optimizer__weight_decay': 0.0001}",0.43725296442687744,0.8774038461538461,0.7663230240549828,0.6142744686434007,0.6474358974358974,0.6685380401430009,0.14837078544441473,85,0.7506613756613756,0.8751477541371158,0.8666666666666667,0.7603715170278638,0.8001756697408872,0.8106045966467817,0.0520270879835703
18,10.865212202072144,7.445134400686676,0.038873481750488284,0.0034079018424934978,64,10,3e-05,500,96,384,0.1,4,3,16,0.0001,"{'model__batch_size': 64, 'model__callbacks__early_stopping__patience': 10, 'model__lr': 3e-05, 'model__max_epochs': 500, 'model__module__d_model': 96, 'model__module__dim_feedforward': 384, 'model__module__dropout': 0.1, 'model__module__nhead': 4, 'model__module__num_layers': 3, 'model__module__patch_size': 16, 'model__optimizer__weight_decay': 0.0001}",0.48574561403508776,0.8904286174669674,0.7875,0.6142744686434007,0.6474358974358974,0.6850769195162706,0.1405863508344275,57,0.7389598399753808,0.9288723532308365,0.9343319539157973,0.7595717259839396,0.7754934210526316,0.8274458588317172,0.0858460253273138
19,5.5963624000549315,2.5122813547863387,0.03863415718078613,0.008674229960452634,64,10,3e-05,500,96,384,0.1,4,3,32,0.0001,"{'model__batch_size': 64, 'model__callbacks__early_stopping__patience': 10, 'model__lr': 3e-05, 'model__max_epochs': 500, 'model__module__d_model': 96, 'model__module__dim_feedforward': 384, 'model__module__dropout': 0.1, 'model__module__nhead': 4, 'model__module__num_layers': 3, 'model__module__patch_size': 32, 'model__optimizer__weight_decay': 0.0001}",0.43433395872420266,0.8119815668202766,0.6844116844116844,0.6260683760683761,0.6594427244582044,0.6432476620965488,0.12195732918243275,188,0.7567741935483872,0.8230804597701149,0.822282980177717,0.8003095975232198,0.7840706336797572,0.7973035729398392,0.024960753753561802
20,8.585678625106812,5.608309085340365,0.03627610206604004,0.0074094044896871,64,10,3e-05,500,96,384,0.25,4,2,16,0.0001,"{'model__batch_size': 64, 'model__callbacks__early_stopping__patience': 10, 'model__lr': 3e-05, 'model__max_epochs': 500, 'model__module__d_model': 96, 'model__module__dim_feedforward': 384, 'model__module__dropout': 0.25, 'model__module__nhead': 4, 'model__module__num_layers': 2, 'model__module__patch_size': 16, 'model__optimizer__weight_decay': 0.0001}",0.45928099779897286,0.8365384615384616,0.7355555555555555,0.638095238095238,0.6182115149040425,0.6575363535784541,0.12598280560022376,124,0.6470081967213115,0.8708965517241379,0.8994663985770629,0.7467700258397933,0.7754934210526316,0.7879269187829875,0.09058872277846332
21,5.04748044013977,3.9876232761554085,0.03489842414855957,0.0054735570316948,64,10,3e-05,500,96,384,0.25,4,2,32,0.0001,"{'model__batch_size': 64, 'model__callbacks__early_stopping__patience': 10, 'model__lr': 3e-05, 'model__max_epochs': 500, 'model__module__d_model': 96, 'model__module__dim_feedforward': 384, 'model__module__dropout': 0.25, 'model__module__nhead': 4, 'model__module__num_layers': 2, 'model__module__patch_size': 32, 'model__optimizer__weight_decay': 0.0001}",0.43725296442687744,0.853763440860215,0.7663230240549828,0.5757575757575758,0.48460508701472554,0.6235404184228753,0.16104580367973453,246,0.7506613756613756,0.8601398601398602,0.8477038425492034,0.6639627082238421,0.6208333333333333,0.7486602239815229,0.0956605827008471
22,9.97195463180542,6.660627634173802,0.03884449005126953,0.00655143298676836,64,10,3e-05,500,96,384,0.25,4,3,16,0.0001,"{'model__batch_size': 64, 'model__callbacks__early_stopping__patience': 10, 'model__lr': 3e-05, 'model__max_epochs': 500, 'model__module__d_model': 96, 'model__module__dim_feedforward': 384, 'model__module__dropout': 0.25, 'model__module__nhead': 4, 'model__module__num_layers': 3, 'model__module__patch_size': 16, 'model__optimizer__weight_decay': 0.0001}",0.42474747474747476,0.8119815668202766,0.7078410311493019,0.5912668189895913,0.6474358974358974,0.6366545578285084,0.12875400579896787,215,0.7619366728095158,0.8447873514354456,0.9402573529411764,0.7777777777777777,0.7754934210526316,0.8200505152033095,0.06665003008564123
23,4.64855465888977,2.995695049426507,0.03435540199279785,0.004707446268035106,64,10,3e-05,500,96,384,0.25,4,3,32,0.0001,"{'model__batch_size': 64, 'model__callbacks__early_stopping__patience': 10, 'model__lr': 3e-05, 'model__max_epochs': 500, 'model__module__d_model': 96, 'model__module__dim_feedforward': 384, 'model__module__dropout': 0.25, 'model__module__nhead': 4, 'model__module__num_layers': 3, 'model__module__patch_size': 32, 'model__optimizer__weight_decay': 0.0001}",0.45528455284552843,0.8289308176100629,0.6844116844116844,0.49784791965566716,0.6182115149040425,0.6169372978853971,0.1340220570334825,257,0.675591417568311,0.8008578431372549,0.8136429727017673,0.49476372924648787,0.7754934210526316,0.7120698767412905,0.11897527683969257
24,6.6538793563842775,3.5637784338771614,0.035447120666503906,0.0044382181466297846,64,10,3e-05,500,128,128,0.1,4,2,16,0.0001,"{'model__batch_size': 64, 'model__callbacks__early_stopping__patience': 10, 'model__lr': 3e-05, 'model__max_epochs': 500, 'model__module__d_model': 128, 'model__module__dim_feedforward': 128, 'model__module__dropout': 0.1, 'model__module__nhead': 4, 'model__module__num_layers': 2, 'model__module__patch_size': 16, 'model__optimizer__weight_decay': 0.0001}",0.41569767441860467,0.8716981132075472,0.7663230240549828,0.6260683760683761,0.648786717752235,0.6657147811003491,0.1529170376711442,96,0.6821810309836287,0.8422068965517242,0.8385125523431709,0.7686010342919298,0.7769311163895487,0.7816865261120005,0.05828739155929179
25,9.383457946777344,5.8665399431083385,0.03705730438232422,0.005529121254451383,64,10,3e-05,500,128,128,0.1,4,2,32,0.0001,"{'model__batch_size': 64, 'model__callbacks__early_stopping__patience': 10, 'model__lr': 3e-05, 'model__max_epochs': 500, 'model__module__d_model': 128, 'model__module__dim_feedforward': 128, 'model__module__dropout': 0.1, 'model__module__nhead': 4, 'model__module__num_layers': 2, 'model__module__patch_size': 32, 'model__optimizer__weight_decay': 0.0001}",0.42978723404255315,0.7861635220125787,0.6862745098039216,0.6260683760683761,0.708044099632503,0.6472675483119865,0.12021190934681142,173,0.6930329911292734,0.9004212945231711,0.8298935347647654,0.7840573933838182,0.8351449275362319,0.8085100282674521,0.06862540423614708
26,7.4453130722045895,4.949553985303793,0.03824453353881836,0.004867658376222405,64,10,3e-05,500,128,128,0.1,4,3,16,0.0001,"{'model__batch_size': 64, 'model__callbacks__early_stopping__patience': 10, 'model__lr': 3e-05, 'model__max_epochs': 500, 'model__module__d_model': 128, 'model__module__dim_feedforward': 128, 'model__module__dropout': 0.1, 'model__module__nhead': 4, 'model__module__num_layers': 3, 'model__module__patch_size': 16, 'model__optimizer__weight_decay': 0.0001}",0.4007155635062612,0.8716981132075472,0.8129532383095774,0.5886752136752137,0.5551298424861644,0.6458343942369528,0.17350553674219177,179,0.7389598399753808,0.8900229885057471,0.8974358974358974,0.7239960500329163,0.7079493087557603,0.7916728169411404,0.08393689770909836
27,5.805054664611816,2.2837889510972875,0.035016441345214845,0.006487892993710163,64,10,3e-05,500,128,128,0.1,4,3,32,0.0001,"{'model__batch_size': 64, 'model__callbacks__early_stopping__patience': 10, 'model__lr': 3e-05, 'model__max_epochs': 500, 'model__module__d_model': 128, 'model__module__dim_feedforward': 128, 'model__module__dropout': 0.1, 'model__module__nhead': 4, 'model__module__num_layers': 3, 'model__module__patch_size': 32, 'model__optimizer__weight_decay': 0.0001}",0.46575984990619135,0.7589429584273284,0.7730423620025675,0.6142744686434007,0.648786717752235,0.6521612713463446,0.11154089305722818,148,0.7581541882876205,0.8643714136671883,0.8262278481012658,0.8202786377708979,0.7980769230769231,0.8134218021807792,0.03491947415754936
28,6.683555555343628,3.619706426063007,0.03568930625915527,0.0075291769637511495,64,10,3e-05,500,128,128,0.25,4,2,16,0.0001,"{'model__batch_size': 64, 'model__callbacks__early_stopping__patience': 10, 'model__lr': 3e-05, 'model__max_epochs': 500, 'model__module__d_model': 128, 'model__module__dim_feedforward': 128, 'model__module__dropout': 0.25, 'model__module__nhead': 4, 'model__module__num_layers': 2, 'model__module__patch_size': 16, 'model__optimizer__weight_decay': 0.0001}",0.3557692307692308,0.8716981132075472,0.7663230240549828,0.638095238095238,0.648786717752235,0.6561344647758467,0.17274714585578774,133,0.6912903225806453,0.8740591698338177,0.8341836734693877,0.7686010342919298,0.7638816813700051,0.7864031763091571,0.06298751947608544
29,6.059325170516968,2.8995918117837185,0.03465003967285156,0.005616937334474196,64,10,3e-05,500,128,128,0.25,4,2,32,0.0001,"{'model__batch_size': 64, 'model__callbacks__early_stopping__patience': 10, 'model__lr': 3e-05, 'model__max_epochs': 500, 'model__module__d_model': 128, 'model__module__dim_feedforward': 128, 'model__module__dropout': 0.25, 'model__module__nhead': 4, 'model__module__num_layers': 2, 'model__module__patch_size': 32, 'model__optimizer__weight_decay': 0.0001}",0.44901315789473684,0.770199692780338,0.6598999705795823,0.6260683760683761,0.6753246753246753,0.6361011745295416,0.10506175452411196,218,0.6933904907153603,0.8866608544027899,0.8238201530612245,0.7983902477143081,0.7778846153846154,0.7960292722556597,0.06301736108819964
30,8.039248943328857,4.919469814779298,0.03557190895080566,0.00552575704957973,64,10,3e-05,500,128,128,0.25,4,3,16,0.0001,"{'model__batch_size': 64, 'model__callbacks__early_stopping__patience': 10, 'model__lr': 3e-05, 'model__max_epochs': 500, 'model__module__d_model': 128, 'model__module__dim_feedforward': 128, 'model__module__dropout': 0.25, 'model__module__nhead': 4, 'model__module__num_layers': 3, 'model__module__patch_size': 16, 'model__optimizer__weight_decay': 0.0001}",0.47035573122529645,0.8716981132075472,0.7933130699088147,0.6026831785345717,0.5875,0.6651100185752459,0.1462629966853838,99,0.7002115869017632,0.8677709968032549,0.8578569197125898,0.7745440729483282,0.7572301268171977,0.7915227406366266,0.06327085458181157
31,5.961609315872193,4.032283919502094,0.033889484405517575,0.003977878331896841,64,10,3e-05,500,128,128,0.25,4,3,32,0.0001,"{'model__batch_size': 64, 'model__callbacks__early_stopping__patience': 10, 'model__lr': 3e-05, 'model__max_epochs': 500, 'model__module__d_model': 128, 'model__module__dim_feedforward': 128, 'model__module__dropout': 0.25, 'model__module__nhead': 4, 'model__module__num_layers': 3, 'model__module__patch_size': 32, 'model__optimizer__weight_decay': 0.0001}",0.4451345755693582,0.7146853146853147,0.6999117387466902,0.5860869565217391,0.6915064102564102,0.6274649991559025,0.10189577187657316,239,0.7377381742345246,0.9576692776642124,0.8298935347647654,0.6635583003223188,0.7962278577800432,0.7970174289531728,0.09819964083962063
32,6.531049728393555,3.89754722743919,0.03570561408996582,0.0036004252001716535,64,10,3e-05,500,128,256,0.1,4,2,16,0.0001,"{'model__batch_size': 64, 'model__callbacks__early_stopping__patience': 10, 'model__lr': 3e-05, 'model__max_epochs': 500, 'model__module__d_model': 128, 'model__module__dim_feedforward': 256, 'model__module__dropout': 0.1, 'model__module__nhead': 4, 'model__module__num_layers': 2, 'model__module__patch_size': 16, 'model__optimizer__weight_decay': 0.0001}",0.45528455284552843,0.838260278627251,0.7730423620025675,0.6026831785345717,0.6182115149040425,0.6574963773827923,0.13525078315892136,125,0.730885152284264,0.8353081451673001,0.8472911392405064,0.764741641337386,0.7572301268171977,0.7870912409693307,0.04582403899632721
33,5.148764896392822,3.1162881802389504,0.033611392974853514,0.004698741572934165,64,10,3e-05,500,128,256,0.1,4,2,32,0.0001,"{'model__batch_size': 64, 'model__callbacks__early_stopping__patience': 10, 'model__lr': 3e-05, 'model__max_epochs': 500, 'model__module__d_model': 128, 'model__module__dim_feedforward': 256, 'model__module__dropout': 0.1, 'model__module__nhead': 4, 'model__module__num_layers': 2, 'model__module__patch_size': 32, 'model__optimizer__weight_decay': 0.0001}",0.48139825218476906,0.8119815668202766,0.7730423620025675,0.6764252696456087,0.708044099632503,0.690178310057145,0.11471698181683825,41,0.6386558147340158,0.8900229885057471,0.8711314657308828,0.5333759982192048,0.8573127872397945,0.758099810885929,0.1447693024529018
34,7.390249872207642,4.774066288301408,0.037642288208007815,0.006312534225615906,64,10,3e-05,500,128,256,0.1,4,3,16,0.0001,"{'model__batch_size': 64, 'model__callbacks__early_stopping__patience': 10, 'model__lr': 3e-05, 'model__max_epochs': 500, 'model__module__d_model': 128, 'model__module__dim_feedforward': 256, 'model__module__dropout': 0.1, 'model__module__nhead': 4, 'model__module__num_layers': 3, 'model__module__patch_size': 16, 'model__optimizer__weight_decay': 0.0001}",0.3714821763602252,0.8201058201058201,0.7663230240549828,0.6503884572697003,0.6182115149040425,0.6453021985389542,0.15552461286569128,182,0.722924950968926,0.8918214873640985,0.8402030175062947,0.7603715170278638,0.7652885765550239,0.7961219098844413,0.06113613171772739
35,5.298948049545288,2.5229470116801322,0.03368468284606933,0.005730373524393942,64,10,3e-05,500,128,256,0.1,4,3,32,0.0001,"{'model__batch_size': 64, 'model__callbacks__early_stopping__patience': 10, 'model__lr': 3e-05, 'model__max_epochs': 500, 'model__module__d_model': 128, 'model__module__dim_feedforward': 256, 'model__module__dropout': 0.1, 'model__module__nhead': 4, 'model__module__num_layers': 3, 'model__module__patch_size': 32, 'model__optimizer__weight_decay': 0.0001}",0.47847985347985345,0.8119815668202766,0.7730423620025675,0.6260683760683761,0.7424435930183056,0.6864031502778758,0.12106957112535409,52,0.735944500650383,0.8530028633437289,0.8883161512027491,0.7556818181818181,0.8237446197991392,0.8113379906355636,0.05761477437887626
36,9.396565341949463,5.571846275156747,0.03363709449768067,0.004387649509739606,64,10,3e-05,500,128,256,0.25,4,2,16,0.0001,"{'model__batch_size': 64, 'model__callbacks__early_stopping__patience': 10, 'model__lr': 3e-05, 'model__max_epochs': 500, 'model__module__d_model': 128, 'model__module__dim_feedforward': 256, 'model__module__dropout': 0.25, 'model__module__nhead': 4, 'model__module__num_layers': 2, 'model__module__patch_size': 16, 'model__optimizer__weight_decay': 0.0001}",0.4392496392496392,0.8904286174669674,0.7730423620025675,0.6503884572697003,0.6631278072682727,0.6832473766514294,0.14967071019566164,59,0.6897950819672132,0.9244405696018599,0.921086577130283,0.7503869969040248,0.8448422847399829,0.8261103020686728,0.09311936392490323
37,6.5226763725280765,4.463944856450898,0.04146862030029297,0.01434482102545038,64,10,3e-05,500,128,256,0.25,4,2,32,0.0001,"{'model__batch_size': 64, 'model__callbacks__early_stopping__patience': 10, 'model__lr': 3e-05, 'model__max_epochs': 500, 'model__module__d_model': 128, 'model__module__dim_feedforward': 256, 'model__module__dropout': 0.25, 'model__module__nhead': 4, 'model__module__num_layers': 2, 'model__module__patch_size': 32, 'model__optimizer__weight_decay': 0.0001}",0.4122807017543859,0.8027715114405414,0.7215397215397216,0.43548387096774194,0.6857142857142857,0.6115580182833353,0.15803245315550835,264,0.742287153652393,0.9180130214612974,0.8324067359600354,0.45965608465608465,0.8573127872397945,0.761935156593921,0.16135805971734055
38,13.052497053146363,7.2190228997864745,0.057600879669189455,0.03133238029498959,64,10,3e-05,500,128,256,0.25,4,3,16,0.0001,"{'model__batch_size': 64, 'model__callbacks__early_stopping__patience': 10, 'model__lr': 3e-05, 'model__max_epochs': 500, 'model__module__d_model': 128, 'model__module__dim_feedforward': 256, 'model__module__dropout': 0.25, 'model__module__nhead': 4, 'model__module__num_layers': 3, 'model__module__patch_size': 16, 'model__optimizer__weight_decay': 0.0001}",0.36012112741672486,0.8027715114405414,0.778944736184046,0.6026831785345717,0.6182115149040425,0.6325464136959853,0.1585697899799833,225,0.6982222864575806,0.8740106606364078,0.8939208486332109,0.7726616546991882,0.7626984126984127,0.8003027726249601,0.07320620445349567
39,5.116287899017334,3.185758448116331,0.034187602996826175,0.005056388983402179,64,10,3e-05,500,128,256,0.25,4,3,32,0.0001,"{'model__batch_size': 64, 'model__callbacks__early_stopping__patience': 10, 'model__lr': 3e-05, 'model__max_epochs': 500, 'model__module__d_model': 128, 'model__module__dim_feedforward': 256, 'model__module__dropout': 0.25, 'model__module__nhead': 4, 'model__module__num_layers': 3, 'model__module__patch_size': 32, 'model__optimizer__weight_decay': 0.0001}",0.42254833449802,0.8365384615384616,0.7808807733619764,0.43089430894308944,0.7125435540069687,0.6366810864697031,0.17589352877340375,214,0.7432599825123871,0.8488811392037199,0.8894177215189873,0.46367392047996214,0.7879807692307692,0.7466427065891651,0.15008598478801974
40,8.49159116744995,5.003199621268616,0.03711867332458496,0.006624223420161877,64,10,3e-05,500,128,384,0.1,4,2,16,0.0001,"{'model__batch_size': 64, 'model__callbacks__early_stopping__patience': 10, 'model__lr': 3e-05, 'model__max_epochs': 500, 'model__module__d_model': 128, 'model__module__dim_feedforward': 384, 'model__module__dropout': 0.1, 'model__module__nhead': 4, 'model__module__num_layers': 2, 'model__module__patch_size': 16, 'model__optimizer__weight_decay': 0.0001}",0.4143633356957241,0.9342571704801805,0.7586677586677587,0.6026831785345717,0.6915064102564102,0.680295570726929,0.17176030622080968,63,0.7374005305039788,0.885722657680756,0.8769230769230769,0.7565240837393833,0.7982698026493646,0.810968030299312,0.06078797219629579
41,7.678414297103882,3.015645332251816,0.04363570213317871,0.006760989618813169,64,10,3e-05,500,128,384,0.1,4,2,32,0.0001,"{'model__batch_size': 64, 'model__callbacks__early_stopping__patience': 10, 'model__lr': 3e-05, 'model__max_epochs': 500, 'model__module__d_model': 128, 'model__module__dim_feedforward': 384, 'model__module__dropout': 0.1, 'model__module__nhead': 4, 'model__module__num_layers': 2, 'model__module__patch_size': 32, 'model__optimizer__weight_decay': 0.0001}",0.46920521339125987,0.8201058201058201,0.7114568599717115,0.6142744686434007,0.789272030651341,0.6808628785527066,0.1275226382145695,62,0.7412357233502538,0.903122438333706,0.8199739328771587,0.7983902477143081,0.8139526542324247,0.8153349993015702,0.05197671081800623
42,8.693378210067749,5.001060973998712,0.04161677360534668,0.003626062442248676,64,10,3e-05,500,128,384,0.1,4,3,16,0.0001,"{'model__batch_size': 64, 'model__callbacks__early_stopping__patience': 10, 'model__lr': 3e-05, 'model__max_epochs': 500, 'model__module__d_model': 128, 'model__module__dim_feedforward': 384, 'model__module__dropout': 0.1, 'model__module__nhead': 4, 'model__module__num_layers': 3, 'model__module__patch_size': 16, 'model__optimizer__weight_decay': 0.0001}",0.45928099779897286,0.8201058201058201,0.802273328046524,0.6510102335345054,0.6631278072682727,0.679159637350819,0.12993754800834445,66,0.7581541882876205,0.9180130214612974,0.9010238224038789,0.7489075052954983,0.7716245608164631,0.8195446196529517,0.07401297948667981
43,5.1690905570983885,2.4102219616014784,0.03522496223449707,0.005328291055749236,64,10,3e-05,500,128,384,0.1,4,3,32,0.0001,"{'model__batch_size': 64, 'model__callbacks__early_stopping__patience': 10, 'model__lr': 3e-05, 'model__max_epochs': 500, 'model__module__d_model': 128, 'model__module__dim_feedforward': 384, 'model__module__dropout': 0.1, 'model__module__nhead': 4, 'model__module__num_layers': 3, 'model__module__patch_size': 32, 'model__optimizer__weight_decay': 0.0001}",0.3913347309573725,0.8365384615384616,0.6862745098039216,0.6260683760683761,0.7424435930183056,0.6565319342772875,0.14961642208706274,131,0.749061224489796,0.882414660178368,0.8051645569620253,0.7580682972571696,0.8283653846153847,0.8046148247005487,0.04872368503226467
44,9.177057838439941,7.032621573603171,0.034733915328979494,0.0037989064576862495,64,10,3e-05,500,128,384,0.25,4,2,16,0.0001,"{'model__batch_size': 64, 'model__callbacks__early_stopping__patience': 10, 'model__lr': 3e-05, 'model__max_epochs': 500, 'model__module__d_model': 128, 'model__module__dim_feedforward': 384, 'model__module__dropout': 0.25, 'model__module__nhead': 4, 'model__module__num_layers': 2, 'model__module__patch_size': 16, 'model__optimizer__weight_decay': 0.0001}",0.4920518464172169,0.8716981132075472,0.7166666666666667,0.638095238095238,0.6182115149040425,0.6673446758581423,0.12505211657707052,87,0.7489998461301739,0.8961057832025574,0.9605432885651415,0.7467700258397933,0.773015873015873,0.8250869633507077,0.08720811816617322
45,7.508215522766113,6.495905143726397,0.03433008193969726,0.006596838581943129,64,10,3e-05,500,128,384,0.25,4,2,32,0.0001,"{'model__batch_size': 64, 'model__callbacks__early_stopping__patience': 10, 'model__lr': 3e-05, 'model__max_epochs': 500, 'model__module__d_model': 128, 'model__module__dim_feedforward': 384, 'model__module__dropout': 0.25, 'model__module__nhead': 4, 'model__module__num_layers': 2, 'model__module__patch_size': 32, 'model__optimizer__weight_decay': 0.0001}",0.4349603884487605,0.7920489296636086,0.7663230240549828,0.638095238095238,0.6791666666666667,0.6621188493858513,0.12665627827174591,107,0.7252368647717484,0.981110142400465,0.8636125196712712,0.7822100944266672,0.8142003127011864,0.8332739867942676,0.08650930743405184
46,8.061377811431885,5.442518521731715,0.04653334617614746,0.017014309945386805,64,10,3e-05,500,128,384,0.25,4,3,16,0.0001,"{'model__batch_size': 64, 'model__callbacks__early_stopping__patience': 10, 'model__lr': 3e-05, 'model__max_epochs': 500, 'model__module__d_model': 128, 'model__module__dim_feedforward': 384, 'model__module__dropout': 0.25, 'model__module__nhead': 4, 'model__module__num_layers': 3, 'model__module__patch_size': 16, 'model__optimizer__weight_decay': 0.0001}",0.514856429463171,0.8289308176100629,0.802273328046524,0.6503884572697003,0.6182115149040425,0.6829321094587002,0.11752040512111933,60,0.755983545250561,0.857153322100945,0.8472911392405064,0.7634914308489438,0.7754934210526316,0.7998825716987176,0.04329845598327977
47,5.077470541000366,2.463072368502014,0.03549838066101074,0.007317822882728523,64,10,3e-05,500,128,384,0.25,4,3,32,0.0001,"{'model__batch_size': 64, 'model__callbacks__early_stopping__patience': 10, 'model__lr': 3e-05, 'model__max_epochs': 500, 'model__module__d_model': 128, 'model__module__dim_feedforward': 384, 'model__module__dropout': 0.25, 'model__module__nhead': 4, 'model__module__num_layers': 3, 'model__module__patch_size': 32, 'model__optimizer__weight_decay': 0.0001}",0.3913347309573725,0.8365384615384616,0.6862745098039216,0.6026831785345717,0.725,0.6483661761668655,0.14890983432637914,166,0.749061224489796,0.8749799647379388,0.7987943955685892,0.7658617424242424,0.8182692307692307,0.8013933115979593,0.04406287843931598
48,4.496655416488648,2.2787517727900912,0.03665704727172851,0.004880638179543658,64,10,0.0001,500,96,128,0.1,4,2,16,0.0001,"{'model__batch_size': 64, 'model__callbacks__early_stopping__patience': 10, 'model__lr': 0.0001, 'model__max_epochs': 500, 'model__module__d_model': 96, 'model__module__dim_feedforward': 128, 'model__module__dropout': 0.1, 'model__module__nhead': 4, 'model__module__num_layers': 2, 'model__module__patch_size': 16, 'model__optimizer__weight_decay': 0.0001}",0.48574561403508776,0.8716981132075472,0.744360902255639,0.6026831785345717,0.789272030651341,0.6987519677368372,0.13768467228218703,34,0.7175324675324675,0.971891891891892,0.8636125196712712,0.7698027163676018,0.8757486937683191,0.8397176578463104,0.08849468672274567
49,3.9730066776275637,2.17746104300373,0.048496246337890625,0.024136554606553833,64,10,0.0001,500,96,128,0.1,4,2,32,0.0001,"{'model__batch_size': 64, 'model__callbacks__early_stopping__patience': 10, 'model__lr': 0.0001, 'model__max_epochs': 500, 'model__module__d_model': 96, 'model__module__dim_feedforward': 128, 'model__module__dropout': 0.1, 'model__module__nhead': 4, 'model__module__num_layers': 2, 'model__module__patch_size': 32, 'model__optimizer__weight_decay': 0.0001}",0.3986191024165708,0.853763440860215,0.7520833333333333,0.43548387096774194,0.6474358974358974,0.6174771290027518,0.17656044913451863,256,0.7440339980385746,0.913563829787234,0.8305637015314435,0.4444976076555024,0.8001756697408872,0.7465669613507283,0.16066711573239836
50,5.327934217453003,3.4521383561879015,0.039173460006713866,0.00673295804121463,64,10,0.0001,500,96,128,0.1,4,3,16,0.0001,"{'model__batch_size': 64, 'model__callbacks__early_stopping__patience': 10, 'model__lr': 0.0001, 'model__max_epochs': 500, 'model__module__d_model': 96, 'model__module__dim_feedforward': 128, 'model__module__dropout': 0.1, 'model__module__nhead': 4, 'model__module__num_layers': 3, 'model__module__patch_size': 16, 'model__optimizer__weight_decay': 0.0001}",0.37577639751552794,0.8904286174669674,0.6977777777777778,0.6260683760683761,0.6333333333333333,0.6446769004323966,0.16492182618608806,184,0.5877490966527468,0.914291993260567,0.9402573529411764,0.7782292724857389,0.7704479437394893,0.7981951318159437,0.12579048581604235
51,3.8523623943328857,2.0829496811207675,0.03746051788330078,0.007337129606999182,64,10,0.0001,500,96,128,0.1,4,3,32,0.0001,"{'model__batch_size': 64, 'model__callbacks__early_stopping__patience': 10, 'model__lr': 0.0001, 'model__max_epochs': 500, 'model__module__d_model': 96, 'model__module__dim_feedforward': 128, 'model__module__dropout': 0.1, 'model__module__nhead': 4, 'model__module__num_layers': 3, 'model__module__patch_size': 32, 'model__optimizer__weight_decay': 0.0001}",0.4088235294117647,0.8289308176100629,0.6977777777777778,0.6260683760683761,0.6033653846153846,0.6329931770966731,0.13694261086684184,224,0.6011400848999393,0.981110142400465,0.8385125523431709,0.8137537993920972,0.8001756697408872,0.806938449755312,0.12147251016954126
52,3.696232318878174,1.5733059719276625,0.03552355766296387,0.007371833727542047,64,10,0.0001,500,96,128,0.25,4,2,16,0.0001,"{'model__batch_size': 64, 'model__callbacks__early_stopping__patience': 10, 'model__lr': 0.0001, 'model__max_epochs': 500, 'model__module__d_model': 96, 'model__module__dim_feedforward': 128, 'model__module__dropout': 0.25, 'model__module__nhead': 4, 'model__module__num_layers': 2, 'model__module__patch_size': 16, 'model__optimizer__weight_decay': 0.0001}",0.41569767441860467,0.8097902097902098,0.6999117387466902,0.6026831785345717,0.648786717752235,0.6353739038484623,0.12968609238202924,219,0.6821810309836287,0.8730078329926374,0.8564102564102565,0.7658617424242424,0.7980769230769231,0.7951075571775377,0.0684733656802963
53,2.475903606414795,1.4942337508965358,0.03073420524597168,0.004484028333079981,64,10,0.0001,500,96,128,0.25,4,2,32,0.0001,"{'model__batch_size': 64, 'model__callbacks__early_stopping__patience': 10, 'model__lr': 0.0001, 'model__max_epochs': 500, 'model__module__d_model': 96, 'model__module__dim_feedforward': 128, 'model__module__dropout': 0.25, 'model__module__nhead': 4, 'model__module__num_layers': 2, 'model__module__patch_size': 32, 'model__optimizer__weight_decay': 0.0001}",0.4257142857142857,0.8119815668202766,0.744360902255639,0.39655172413793105,0.6182115149040425,0.599363998766435,0.1660557753974407,277,0.7116351722035965,0.8740591698338177,0.8724464765792108,0.5289514866979655,0.7856982655502392,0.7545581141729659,0.12797547158001263
54,4.487834072113037,2.3993352329141757,0.048288154602050784,0.025983162608528062,64,10,0.0001,500,96,128,0.25,4,3,16,0.0001,"{'model__batch_size': 64, 'model__callbacks__early_stopping__patience': 10, 'model__lr': 0.0001, 'model__max_epochs': 500, 'model__module__d_model': 96, 'model__module__dim_feedforward': 128, 'model__module__dropout': 0.25, 'model__module__nhead': 4, 'model__module__num_layers': 3, 'model__module__patch_size': 16, 'model__optimizer__weight_decay': 0.0001}",0.45528455284552843,0.91005291005291,0.6977777777777778,0.6026831785345717,0.6333333333333333,0.6598263505088243,0.14822834478377817,115,0.5887443851273488,0.9361770426178742,0.8578227848101265,0.74658629123895,0.7638816813700051,0.7786424370328608,0.1169559112993969
55,3.6572420597076416,1.3262995654304515,0.04150843620300293,0.012795800142155672,64,10,0.0001,500,96,128,0.25,4,3,32,0.0001,"{'model__batch_size': 64, 'model__callbacks__early_stopping__patience': 10, 'model__lr': 0.0001, 'model__max_epochs': 500, 'model__module__d_model': 96, 'model__module__dim_feedforward': 128, 'model__module__dropout': 0.25, 'model__module__nhead': 4, 'model__module__num_layers': 3, 'model__module__patch_size': 32, 'model__optimizer__weight_decay': 0.0001}",0.38102372034956306,0.7956730769230769,0.6977777777777778,0.6260683760683761,0.6182115149040425,0.6237508932045672,0.13710561824748094,244,0.6653846153846155,0.8517701149425287,0.8324067359600354,0.7922705314009661,0.8161080667771122,0.7915880128930516,0.06605611247504053
56,4.089299154281616,1.8270493926351559,0.0337979793548584,0.0025760540940096225,64,10,0.0001,500,96,256,0.1,4,2,16,0.0001,"{'model__batch_size': 64, 'model__callbacks__early_stopping__patience': 10, 'model__lr': 0.0001, 'model__max_epochs': 500, 'model__module__d_model': 96, 'model__module__dim_feedforward': 256, 'model__module__dropout': 0.1, 'model__module__nhead': 4, 'model__module__num_layers': 2, 'model__module__patch_size': 16, 'model__optimizer__weight_decay': 0.0001}",0.593939393939394,0.8097902097902098,0.7114568599717115,0.6026831785345717,0.708044099632503,0.6851827483736781,0.0798392366125525,55,0.7111885245901639,0.8338345864661654,0.9095197587193565,0.7754387385381455,0.8658085892697847,0.8191580395167233,0.06946323999268904
57,2.8100441455841065,1.456835267058771,0.029330682754516602,0.0034522245507964317,64,10,0.0001,500,96,256,0.1,4,2,32,0.0001,"{'model__batch_size': 64, 'model__callbacks__early_stopping__patience': 10, 'model__lr': 0.0001, 'model__max_epochs': 500, 'model__module__d_model': 96, 'model__module__dim_feedforward': 256, 'model__module__dropout': 0.1, 'model__module__nhead': 4, 'model__module__num_layers': 2, 'model__module__patch_size': 32, 'model__optimizer__weight_decay': 0.0001}",0.447940074906367,0.8289308176100629,0.7875,0.6260683760683761,0.6182115149040425,0.6617301566977697,0.1361219661534314,110,0.7241847826086956,0.933338216980441,0.9010238224038789,0.7603715170278638,0.8061679622785778,0.8250172602598914,0.08026454242751467
58,5.75268144607544,3.492222280114417,0.044310474395751955,0.011251579008442834,64,10,0.0001,500,96,256,0.1,4,3,16,0.0001,"{'model__batch_size': 64, 'model__callbacks__early_stopping__patience': 10, 'model__lr': 0.0001, 'model__max_epochs': 500, 'model__module__d_model': 96, 'model__module__dim_feedforward': 256, 'model__module__dropout': 0.1, 'model__module__nhead': 4, 'model__module__num_layers': 3, 'model__module__patch_size': 16, 'model__optimizer__weight_decay': 0.0001}",0.5034584980237153,0.8650793650793651,0.7312252964426877,0.6142744686434007,0.6182115149040425,0.6664498286186422,0.12269061164906182,91,0.735944500650383,0.9906306306306307,0.934968734968735,0.7943423738699329,0.7817745803357314,0.8475321640910825,0.09770091636221195
59,4.461516714096069,2.672497415788667,0.03442082405090332,0.00653008115735469,64,10,0.0001,500,96,256,0.1,4,3,32,0.0001,"{'model__batch_size': 64, 'model__callbacks__early_stopping__patience': 10, 'model__lr': 0.0001, 'model__max_epochs': 500, 'model__module__d_model': 96, 'model__module__dim_feedforward': 256, 'model__module__dropout': 0.1, 'model__module__nhead': 4, 'model__module__num_layers': 3, 'model__module__patch_size': 32, 'model__optimizer__weight_decay': 0.0001}",0.38323643410852715,0.8119815668202766,0.744360902255639,0.6142744686434007,0.648786717752235,0.6405280179160157,0.14637896117455654,203,0.6338383838383839,0.9906306306306307,0.851743238840013,0.7782292724857389,0.7884293052176263,0.8085741662024786,0.1156437172609349
60,3.986149263381958,1.9723506224808747,0.03501734733581543,0.002918692557358284,64,10,0.0001,500,96,256,0.25,4,2,16,0.0001,"{'model__batch_size': 64, 'model__callbacks__early_stopping__patience': 10, 'model__lr': 0.0001, 'model__max_epochs': 500, 'model__module__d_model': 96, 'model__module__dim_feedforward': 256, 'model__module__dropout': 0.25, 'model__module__nhead': 4, 'model__module__num_layers': 2, 'model__module__patch_size': 16, 'model__optimizer__weight_decay': 0.0001}",0.38419117647058826,0.8097902097902098,0.6729844413012729,0.6026831785345717,0.6753246753246753,0.6289947362842636,0.1395633487760122,232,0.6774933804060017,0.866676433960882,0.920343137254902,0.7698027163676018,0.7923127083031445,0.8053256752585064,0.08338494550223483
61,2.9891336441040037,1.8262353731574268,0.03405132293701172,0.005676042533557294,64,10,0.0001,500,96,256,0.25,4,2,32,0.0001,"{'model__batch_size': 64, 'model__callbacks__early_stopping__patience': 10, 'model__lr': 0.0001, 'model__max_epochs': 500, 'model__module__d_model': 96, 'model__module__dim_feedforward': 256, 'model__module__dropout': 0.25, 'model__module__nhead': 4, 'model__module__num_layers': 2, 'model__module__patch_size': 32, 'model__optimizer__weight_decay': 0.0001}",0.3827072997873848,0.7139423076923077,0.744360902255639,0.65,0.7125435540069687,0.64071081274846,0.13260334635545118,201,0.7278514588859417,0.9388556232927514,0.8781630740393627,0.5070248398336518,0.8459283802727157,0.7795646752648847,0.1526116708197724
62,4.271388959884644,2.740948239208441,0.035312223434448245,0.005927381811940445,64,10,0.0001,500,96,256,0.25,4,3,16,0.0001,"{'model__batch_size': 64, 'model__callbacks__early_stopping__patience': 10, 'model__lr': 0.0001, 'model__max_epochs': 500, 'model__module__d_model': 96, 'model__module__dim_feedforward': 256, 'model__module__dropout': 0.25, 'model__module__nhead': 4, 'model__module__num_layers': 3, 'model__module__patch_size': 16, 'model__optimizer__weight_decay': 0.0001}",0.38311250842128897,0.8904286174669674,0.6862745098039216,0.5800000000000001,0.6033653846153846,0.6286362040615125,0.16440402780183522,234,0.7191283292978208,0.9263581260975471,0.8939208486332109,0.7533137104182681,0.7691353616597447,0.8123712752213184,0.08209107411016607
63,3.577541780471802,2.2117027500656974,0.035310792922973636,0.008217704872858665,64,10,0.0001,500,96,256,0.25,4,3,32,0.0001,"{'model__batch_size': 64, 'model__callbacks__early_stopping__patience': 10, 'model__lr': 0.0001, 'model__max_epochs': 500, 'model__module__d_model': 96, 'model__module__dim_feedforward': 256, 'model__module__dropout': 0.25, 'model__module__nhead': 4, 'model__module__num_layers': 3, 'model__module__patch_size': 32, 'model__optimizer__weight_decay': 0.0001}",0.44166666666666665,0.8289308176100629,0.7078410311493019,0.6142744686434007,0.6182115149040425,0.6421848997946948,0.1270795361748778,195,0.7493954480796586,0.8533834586466165,0.8549107142857143,0.7822100944266672,0.7840706336797572,0.8047940698236828,0.04214525074027141
64,3.647288513183594,2.4485524711589743,0.03682560920715332,0.006190418294949414,64,10,0.0001,500,96,384,0.1,4,2,16,0.0001,"{'model__batch_size': 64, 'model__callbacks__early_stopping__patience': 10, 'model__lr': 0.0001, 'model__max_epochs': 500, 'model__module__d_model': 96, 'model__module__dim_feedforward': 384, 'model__module__dropout': 0.1, 'model__module__nhead': 4, 'model__module__num_layers': 2, 'model__module__patch_size': 16, 'model__optimizer__weight_decay': 0.0001}",0.4334481678672095,0.8650793650793651,0.6862745098039216,0.6260683760683761,0.6182115149040425,0.645816386744583,0.13853908232255038,180,0.6189957596681882,0.9858897592214042,0.9010238224038789,0.7595717259839396,0.7677853386947109,0.8066532811944246,0.12647074703997768
65,2.7223870277404787,1.3416042053728268,0.03182373046875,0.005008723098387364,64,10,0.0001,500,96,384,0.1,4,2,32,0.0001,"{'model__batch_size': 64, 'model__callbacks__early_stopping__patience': 10, 'model__lr': 0.0001, 'model__max_epochs': 500, 'model__module__d_model': 96, 'model__module__dim_feedforward': 384, 'model__module__dropout': 0.1, 'model__module__nhead': 4, 'model__module__num_layers': 2, 'model__module__patch_size': 32, 'model__optimizer__weight_decay': 0.0001}",0.40290806754221387,0.7920489296636086,0.6729844413012729,0.638095238095238,0.6033653846153846,0.6218804122435435,0.12658875200928907,248,0.7323173255123523,0.913563829787234,0.8367594936708861,0.7981413277865771,0.7962278577800432,0.8154019669074186,0.05943152199451585
66,3.5251568794250487,1.6859470559819831,0.03949208259582519,0.007517877141682266,64,10,0.0001,500,96,384,0.1,4,3,16,0.0001,"{'model__batch_size': 64, 'model__callbacks__early_stopping__patience': 10, 'model__lr': 0.0001, 'model__max_epochs': 500, 'model__module__d_model': 96, 'model__module__dim_feedforward': 384, 'model__module__dropout': 0.1, 'model__module__nhead': 4, 'model__module__num_layers': 3, 'model__module__patch_size': 16, 'model__optimizer__weight_decay': 0.0001}",0.4895238095238095,0.7794594594594595,0.7355555555555555,0.6388028895768834,0.6182115149040425,0.65231064580395,0.10093691107426715,147,0.7308321479374111,0.8686352663784875,0.7833333333333333,0.7591845878136201,0.7754934210526316,0.7834957513030968,0.046211012726356526
67,2.5862342357635497,1.280680732875031,0.03253602981567383,0.00541764085325159,64,10,0.0001,500,96,384,0.1,4,3,32,0.0001,"{'model__batch_size': 64, 'model__callbacks__early_stopping__patience': 10, 'model__lr': 0.0001, 'model__max_epochs': 500, 'model__module__d_model': 96, 'model__module__dim_feedforward': 384, 'model__module__dropout': 0.1, 'model__module__nhead': 4, 'model__module__num_layers': 3, 'model__module__patch_size': 32, 'model__optimizer__weight_decay': 0.0001}",0.4755735492577598,0.8650793650793651,0.744360902255639,0.6260683760683761,0.5732952225398122,0.6568754830401905,0.13550474829320047,127,0.7111885245901639,0.9244405696018599,0.8341836734693877,0.7742782152230971,0.7817745803357314,0.805173112644048,0.07127612183764905
68,3.4095420837402344,1.7195888823001493,0.03365192413330078,0.005940360929065673,64,10,0.0001,500,96,384,0.25,4,2,16,0.0001,"{'model__batch_size': 64, 'model__callbacks__early_stopping__patience': 10, 'model__lr': 0.0001, 'model__max_epochs': 500, 'model__module__d_model': 96, 'model__module__dim_feedforward': 384, 'model__module__dropout': 0.25, 'model__module__nhead': 4, 'model__module__num_layers': 2, 'model__module__patch_size': 16, 'model__optimizer__weight_decay': 0.0001}",0.5214285714285715,0.8201058201058201,0.6999117387466902,0.638095238095238,0.6333333333333333,0.6625749403419305,0.09755679315584408,105,0.7552110249784669,0.8576257104552578,0.8894177215189873,0.7720803313767447,0.7704479437394893,0.8089565464137891,0.053988956310610174
69,2.6147616386413572,1.1732305447027067,0.03188996315002442,0.0020337809386128196,64,10,0.0001,500,96,384,0.25,4,2,32,0.0001,"{'model__batch_size': 64, 'model__callbacks__early_stopping__patience': 10, 'model__lr': 0.0001, 'model__max_epochs': 500, 'model__module__d_model': 96, 'model__module__dim_feedforward': 384, 'model__module__dropout': 0.25, 'model__module__nhead': 4, 'model__module__num_layers': 2, 'model__module__patch_size': 32, 'model__optimizer__weight_decay': 0.0001}",0.37262905162064824,0.853763440860215,0.7303727200634418,0.6142744686434007,0.6791666666666667,0.6500412695708746,0.15939947081826852,160,0.7380645161290322,0.8643714136671883,0.8680099968759762,0.764741641337386,0.8179507975128413,0.8106276731044847,0.052164525386057314
70,4.215640878677368,2.4528758477109265,0.0381169319152832,0.003186183445044606,64,10,0.0001,500,96,384,0.25,4,3,16,0.0001,"{'model__batch_size': 64, 'model__callbacks__early_stopping__patience': 10, 'model__lr': 0.0001, 'model__max_epochs': 500, 'model__module__d_model': 96, 'model__module__dim_feedforward': 384, 'model__module__dropout': 0.25, 'model__module__nhead': 4, 'model__module__num_layers': 3, 'model__module__patch_size': 16, 'model__optimizer__weight_decay': 0.0001}",0.3858707802369774,0.8097902097902098,0.6730769230769231,0.5800000000000001,0.6182115149040425,0.6133898856016305,0.13786856469805434,263,0.6819354838709677,0.8924812030075189,0.8788860759493671,0.7565240837393833,0.7754934210526316,0.7970640535239737,0.07894636743390168
71,2.3345991134643556,0.9810876682035335,0.03519172668457031,0.005486373881938548,64,10,0.0001,500,96,384,0.25,4,3,32,0.0001,"{'model__batch_size': 64, 'model__callbacks__early_stopping__patience': 10, 'model__lr': 0.0001, 'model__max_epochs': 500, 'model__module__d_model': 96, 'model__module__dim_feedforward': 384, 'model__module__dropout': 0.25, 'model__module__nhead': 4, 'model__module__num_layers': 3, 'model__module__patch_size': 32, 'model__optimizer__weight_decay': 0.0001}",0.4657097288676236,0.8027715114405414,0.7355555555555555,0.6634615384615384,0.6167247386759582,0.6568446146002433,0.11460890377025465,128,0.7656767955801105,0.6806173117181957,0.8310945325761228,0.8292198581560284,0.8061079545454546,0.7825432905151823,0.05615087224321397
72,3.576108694076538,2.085967005153561,0.03445425033569336,0.003581909710719893,64,10,0.0001,500,128,128,0.1,4,2,16,0.0001,"{'model__batch_size': 64, 'model__callbacks__early_stopping__patience': 10, 'model__lr': 0.0001, 'model__max_epochs': 500, 'model__module__d_model': 128, 'model__module__dim_feedforward': 128, 'model__module__dropout': 0.1, 'model__module__nhead': 4, 'model__module__num_layers': 2, 'model__module__patch_size': 16, 'model__optimizer__weight_decay': 0.0001}",0.5575935436537051,0.8716981132075472,0.6729844413012729,0.6026831785345717,0.648786717752235,0.6707491988898664,0.10798610882029742,81,0.7695775494486917,0.9906306306306307,0.853355893965031,0.7580682972571696,0.7621574528750198,0.8267579648353086,0.08913225780845875
73,2.649260663986206,1.2331655757049866,0.031716442108154295,0.00332178188132681,64,10,0.0001,500,128,128,0.1,4,2,32,0.0001,"{'model__batch_size': 64, 'model__callbacks__early_stopping__patience': 10, 'model__lr': 0.0001, 'model__max_epochs': 500, 'model__module__d_model': 128, 'model__module__dim_feedforward': 128, 'model__module__dropout': 0.1, 'model__module__nhead': 4, 'model__module__num_layers': 2, 'model__module__patch_size': 32, 'model__optimizer__weight_decay': 0.0001}",0.43433395872420266,0.8365384615384616,0.7586677586677587,0.6260683760683761,0.7796474358974359,0.687051198179247,0.14396829136499434,49,0.7401137980085348,0.9531531531531532,0.8242919456902378,0.7689865689865689,0.8868342795350095,0.8346759490747008,0.07761734589583183
74,3.829949951171875,2.135367477990527,0.03639864921569824,0.006131074748197401,64,10,0.0001,500,128,128,0.1,4,3,16,0.0001,"{'model__batch_size': 64, 'model__callbacks__early_stopping__patience': 10, 'model__lr': 0.0001, 'model__max_epochs': 500, 'model__module__d_model': 128, 'model__module__dim_feedforward': 128, 'model__module__dropout': 0.1, 'model__module__nhead': 4, 'model__module__num_layers': 3, 'model__module__patch_size': 16, 'model__optimizer__weight_decay': 0.0001}",0.40290806754221387,0.8904286174669674,0.7730423620025675,0.6142744686434007,0.6474358974358974,0.6656178826182093,0.1637455727372567,97,0.7506613756613756,0.9538712653466752,0.8894130384347692,0.7634914308489438,0.7778846153846154,0.8270643451352757,0.08033047935035562
75,3.0426780700683596,1.4002656406499039,0.033373022079467775,0.005908539167031036,64,10,0.0001,500,128,128,0.1,4,3,32,0.0001,"{'model__batch_size': 64, 'model__callbacks__early_stopping__patience': 10, 'model__lr': 0.0001, 'model__max_epochs': 500, 'model__module__d_model': 128, 'model__module__dim_feedforward': 128, 'model__module__dropout': 0.1, 'model__module__nhead': 4, 'model__module__num_layers': 3, 'model__module__patch_size': 32, 'model__optimizer__weight_decay': 0.0001}",0.3913347309573725,0.8904286174669674,0.7078410311493019,0.6260683760683761,0.6978021978021978,0.6626949906888431,0.16131409435394217,104,0.761996524492008,0.9764829320356736,0.8711314657308828,0.7962752537411166,0.831872192435879,0.8475516736871122,0.0739919953788967
76,4.823827695846558,1.416048777655285,0.03343648910522461,0.003614723017194242,64,10,0.0001,500,128,128,0.25,4,2,16,0.0001,"{'model__batch_size': 64, 'model__callbacks__early_stopping__patience': 10, 'model__lr': 0.0001, 'model__max_epochs': 500, 'model__module__d_model': 128, 'model__module__dim_feedforward': 128, 'model__module__dropout': 0.25, 'model__module__nhead': 4, 'model__module__num_layers': 2, 'model__module__patch_size': 16, 'model__optimizer__weight_decay': 0.0001}",0.674674163046256,0.8289308176100629,0.7808807733619764,0.6026831785345717,0.8427929767251939,0.7459923818556121,0.09283335095217875,2,0.9507472826086957,0.8541941786211762,0.8871794871794871,0.7625948930296756,0.8879410347473811,0.8685313752372832,0.06150127780061686
77,3.041260099411011,0.8574110041730105,0.03183755874633789,0.002838239094267674,64,10,0.0001,500,128,128,0.25,4,2,32,0.0001,"{'model__batch_size': 64, 'model__callbacks__early_stopping__patience': 10, 'model__lr': 0.0001, 'model__max_epochs': 500, 'model__module__d_model': 128, 'model__module__dim_feedforward': 128, 'model__module__dropout': 0.25, 'model__module__nhead': 4, 'model__module__num_layers': 2, 'model__module__patch_size': 32, 'model__optimizer__weight_decay': 0.0001}",0.6300120048019208,0.7399235069137982,0.7215397215397216,0.6026831785345717,0.7604529616724739,0.6909222746924973,0.06272043416856497,39,0.792922117460376,0.9519799054373523,0.8324067359600354,0.80621304624155,0.8531205164992827,0.8473284643197193,0.056318128797058276
78,3.830534267425537,2.1464155661437356,0.035575342178344724,0.004417370090657873,64,10,0.0001,500,128,128,0.25,4,3,16,0.0001,"{'model__batch_size': 64, 'model__callbacks__early_stopping__patience': 10, 'model__lr': 0.0001, 'model__max_epochs': 500, 'model__module__d_model': 128, 'model__module__dim_feedforward': 128, 'model__module__dropout': 0.25, 'model__module__nhead': 4, 'model__module__num_layers': 3, 'model__module__patch_size': 16, 'model__optimizer__weight_decay': 0.0001}",0.37262905162064824,0.9144654088050315,0.6999117387466902,0.6026831785345717,0.6182115149040425,0.6415801785221968,0.17450656121400596,198,0.6653846153846155,0.9406923900264954,0.8623330074942979,0.7681487848714543,0.7691353616597447,0.8011388318873216,0.09355393666169409
79,2.9814518451690675,1.4769703623877164,0.03252840042114258,0.004321155419327169,64,10,0.0001,500,128,128,0.25,4,3,32,0.0001,"{'model__batch_size': 64, 'model__callbacks__early_stopping__patience': 10, 'model__lr': 0.0001, 'model__max_epochs': 500, 'model__module__d_model': 128, 'model__module__dim_feedforward': 128, 'model__module__dropout': 0.25, 'model__module__nhead': 4, 'model__module__num_layers': 3, 'model__module__patch_size': 32, 'model__optimizer__weight_decay': 0.0001}",0.4257142857142857,0.838260278627251,0.744360902255639,0.6026831785345717,0.7604529616724739,0.6742943213608443,0.1456967138269452,76,0.7364897178383549,0.971430664420189,0.8505125002478241,0.8137537993920972,0.8237446197991392,0.8391862603395209,0.07622165085489273
80,3.188732051849365,1.7829847774528882,0.032322359085083005,0.001760753677135912,64,10,0.0001,500,128,256,0.1,4,2,16,0.0001,"{'model__batch_size': 64, 'model__callbacks__early_stopping__patience': 10, 'model__lr': 0.0001, 'model__max_epochs': 500, 'model__module__d_model': 128, 'model__module__dim_feedforward': 256, 'model__module__dropout': 0.1, 'model__module__nhead': 4, 'model__module__num_layers': 2, 'model__module__patch_size': 16, 'model__optimizer__weight_decay': 0.0001}",0.44166666666666665,0.8201058201058201,0.744360902255639,0.6260683760683761,0.6182115149040425,0.650082656000109,0.1287058226614309,159,0.7458617332035054,0.9294487961070208,0.8349409186787082,0.7580682972571696,0.7691353616597447,0.8074910213812299,0.06832148583207953
81,2.4976499557495115,1.2055356043819034,0.029851913452148438,0.0022118649805156335,64,10,0.0001,500,128,256,0.1,4,2,32,0.0001,"{'model__batch_size': 64, 'model__callbacks__early_stopping__patience': 10, 'model__lr': 0.0001, 'model__max_epochs': 500, 'model__module__d_model': 128, 'model__module__dim_feedforward': 256, 'model__module__dropout': 0.1, 'model__module__nhead': 4, 'model__module__num_layers': 2, 'model__module__patch_size': 32, 'model__optimizer__weight_decay': 0.0001}",0.40290806754221387,0.8466000644537544,0.6977777777777778,0.6026831785345717,0.708044099632503,0.6516026375881643,0.14668597842866266,152,0.769727555053642,0.96222028480093,0.853355893965031,0.8194609929078014,0.8001756697408872,0.8409880792936584,0.06641888440591577
82,5.657497596740723,2.592290094824303,0.03600001335144043,0.006628291593417937,64,10,0.0001,500,128,256,0.1,4,3,16,0.0001,"{'model__batch_size': 64, 'model__callbacks__early_stopping__patience': 10, 'model__lr': 0.0001, 'model__max_epochs': 500, 'model__module__d_model': 128, 'model__module__dim_feedforward': 256, 'model__module__dropout': 0.1, 'model__module__nhead': 4, 'model__module__num_layers': 3, 'model__module__patch_size': 16, 'model__optimizer__weight_decay': 0.0001}",0.6661421452924207,0.8716981132075472,0.778944736184046,0.6000000000000001,0.6182115149040425,0.7069993019176113,0.10325044593920371,19,0.9310461956521738,0.942861328840378,0.946481034450495,0.7698027163676018,0.7817745803357314,0.874393171129276,0.08076073357021844
83,2.9174841403961183,0.40750624875630787,0.034393310546875,0.0029553935154592805,64,10,0.0001,500,128,256,0.1,4,3,32,0.0001,"{'model__batch_size': 64, 'model__callbacks__early_stopping__patience': 10, 'model__lr': 0.0001, 'model__max_epochs': 500, 'model__module__d_model': 128, 'model__module__dim_feedforward': 256, 'model__module__dropout': 0.1, 'model__module__nhead': 4, 'model__module__num_layers': 3, 'model__module__patch_size': 32, 'model__optimizer__weight_decay': 0.0001}",0.7012850773669027,0.770199692780338,0.6862745098039216,0.6260683760683761,0.7604529616724739,0.7088561235384024,0.05262381275224903,13,0.8409021639743981,0.9004212945231711,0.8578227848101265,0.8178348567830086,0.8359882757741812,0.8505938751729772,0.027983691462247155
84,3.233687162399292,1.7607764535477974,0.03337945938110352,0.006171350550093777,64,10,0.0001,500,128,256,0.25,4,2,16,0.0001,"{'model__batch_size': 64, 'model__callbacks__early_stopping__patience': 10, 'model__lr': 0.0001, 'model__max_epochs': 500, 'model__module__d_model': 128, 'model__module__dim_feedforward': 256, 'model__module__dropout': 0.25, 'model__module__nhead': 4, 'model__module__num_layers': 2, 'model__module__patch_size': 16, 'model__optimizer__weight_decay': 0.0001}",0.4257142857142857,0.838260278627251,0.7215397215397216,0.6503884572697003,0.6182115149040425,0.6508228516110003,0.13555162792037714,156,0.756498673740053,0.885722657680756,0.8136429727017673,0.7580682972571696,0.7704479437394893,0.796876109023847,0.04900952638079789
85,2.5231629371643067,1.30815408708955,0.03248696327209473,0.005530571611490326,64,10,0.0001,500,128,256,0.25,4,2,32,0.0001,"{'model__batch_size': 64, 'model__callbacks__early_stopping__patience': 10, 'model__lr': 0.0001, 'model__max_epochs': 500, 'model__module__d_model': 128, 'model__module__dim_feedforward': 256, 'model__module__dropout': 0.25, 'model__module__nhead': 4, 'model__module__num_layers': 2, 'model__module__patch_size': 32, 'model__optimizer__weight_decay': 0.0001}",0.4143633356957241,0.853763440860215,0.6729844413012729,0.638095238095238,0.6474358974358974,0.6453284706776695,0.139722327481683,181,0.6939185793265203,0.9531531531531532,0.8324067359600354,0.7678836698399414,0.7901844532279314,0.8075093183015165,0.08556308430983249
86,3.554417943954468,1.5895792668910653,0.035373592376708986,0.007366191462052167,64,10,0.0001,500,128,256,0.25,4,3,16,0.0001,"{'model__batch_size': 64, 'model__callbacks__early_stopping__patience': 10, 'model__lr': 0.0001, 'model__max_epochs': 500, 'model__module__d_model': 128, 'model__module__dim_feedforward': 256, 'model__module__dropout': 0.25, 'model__module__nhead': 4, 'model__module__num_layers': 3, 'model__module__patch_size': 16, 'model__optimizer__weight_decay': 0.0001}",0.41569767441860467,0.8466000644537544,0.7355555555555555,0.5912668189895913,0.6182115149040425,0.6414663256643097,0.14488954037503848,200,0.7315224017067967,0.8564584780324482,0.8894177215189873,0.764741641337386,0.7665558194774347,0.8017392124146105,0.06036358322479658
87,2.012663221359253,0.8554990692433515,0.03494381904602051,0.006339299179787205,64,10,0.0001,500,128,256,0.25,4,3,32,0.0001,"{'model__batch_size': 64, 'model__callbacks__early_stopping__patience': 10, 'model__lr': 0.0001, 'model__max_epochs': 500, 'model__module__d_model': 128, 'model__module__dim_feedforward': 256, 'model__module__dropout': 0.25, 'model__module__nhead': 4, 'model__module__num_layers': 3, 'model__module__patch_size': 32, 'model__optimizer__weight_decay': 0.0001}",0.4122807017543859,0.6671328671328671,0.80795892169448,0.5886752136752137,0.6182115149040425,0.6188518438321979,0.12780862246082636,252,0.6147342995169082,0.6580038265306123,0.8697681873735249,0.7658617424242424,0.7778846153846154,0.7372505342459806,0.09090756473445687
88,3.138359880447388,1.4842127873457123,0.03658661842346191,0.0076015714500443955,64,10,0.0001,500,128,384,0.1,4,2,16,0.0001,"{'model__batch_size': 64, 'model__callbacks__early_stopping__patience': 10, 'model__lr': 0.0001, 'model__max_epochs': 500, 'model__module__d_model': 128, 'model__module__dim_feedforward': 384, 'model__module__dropout': 0.1, 'model__module__nhead': 4, 'model__module__num_layers': 2, 'model__module__patch_size': 16, 'model__optimizer__weight_decay': 0.0001}",0.4351788562314878,0.8904286174669674,0.7215397215397216,0.638095238095238,0.6182115149040425,0.6606907896474915,0.14808966330526954,112,0.7661290322580645,0.919388666994948,0.8963647959183674,0.7742782152230971,0.7754934210526316,0.8263308262894217,0.06705623119947737
89,2.4014227390289307,1.0753257027942609,0.03816699981689453,0.0036398898828398653,64,10,0.0001,500,128,384,0.1,4,2,32,0.0001,"{'model__batch_size': 64, 'model__callbacks__early_stopping__patience': 10, 'model__lr': 0.0001, 'model__max_epochs': 500, 'model__module__d_model': 128, 'model__module__dim_feedforward': 384, 'model__module__dropout': 0.1, 'model__module__nhead': 4, 'model__module__num_layers': 2, 'model__module__patch_size': 32, 'model__optimizer__weight_decay': 0.0001}",0.36792452830188677,0.803921568627451,0.7215397215397216,0.5886752136752137,0.6791666666666667,0.632245539762188,0.14927268494334386,226,0.46661627614008566,0.9716652136006975,0.853355893965031,0.7794871794871795,0.8061679622785778,0.7754585050943144,0.1678737019423331
90,4.292898559570313,2.0522975737665616,0.0367377758026123,0.006485680491341896,64,10,0.0001,500,128,384,0.1,4,3,16,0.0001,"{'model__batch_size': 64, 'model__callbacks__early_stopping__patience': 10, 'model__lr': 0.0001, 'model__max_epochs': 500, 'model__module__d_model': 128, 'model__module__dim_feedforward': 384, 'model__module__dropout': 0.1, 'model__module__nhead': 4, 'model__module__num_layers': 3, 'model__module__patch_size': 16, 'model__optimizer__weight_decay': 0.0001}",0.36647073856376183,0.8650793650793651,0.7166666666666667,0.6260683760683761,0.6956151553852703,0.653980060352688,0.16350332133674703,142,0.590766550522648,0.8961057832025574,0.9303002450980392,0.7724867724867724,0.8671532846715329,0.81136252719631,0.12215900951359566
91,2.7815324783325197,1.0280571115272472,0.03201150894165039,0.005953319814613373,64,10,0.0001,500,128,384,0.1,4,3,32,0.0001,"{'model__batch_size': 64, 'model__callbacks__early_stopping__patience': 10, 'model__lr': 0.0001, 'model__max_epochs': 500, 'model__module__d_model': 128, 'model__module__dim_feedforward': 384, 'model__module__dropout': 0.1, 'model__module__nhead': 4, 'model__module__num_layers': 3, 'model__module__patch_size': 32, 'model__optimizer__weight_decay': 0.0001}",0.48497554157931516,0.7751322751322751,0.7381258023106547,0.6142744686434007,0.6978021978021978,0.6620620570935687,0.10343230906105265,108,0.7734736170891121,0.913563829787234,0.8680099968759762,0.825111094373729,0.8376317923763179,0.8435580661004739,0.04644554951205462
92,3.2012213706970214,1.5442241350210968,0.031824350357055664,0.0029798868360633745,64,10,0.0001,500,128,384,0.25,4,2,16,0.0001,"{'model__batch_size': 64, 'model__callbacks__early_stopping__patience': 10, 'model__lr': 0.0001, 'model__max_epochs': 500, 'model__module__d_model': 128, 'model__module__dim_feedforward': 384, 'model__module__dropout': 0.25, 'model__module__nhead': 4, 'model__module__num_layers': 2, 'model__module__patch_size': 16, 'model__optimizer__weight_decay': 0.0001}",0.37962962962962965,0.8904286174669674,0.7875,0.6142744686434007,0.6182115149040425,0.6580088461288082,0.1742288268715147,122,0.7027116402116402,0.8909376082872827,0.8489310973532889,0.7603715170278638,0.7793960122526451,0.7964695750265441,0.06642521706523462
93,2.4814445972442627,1.1344136250297847,0.03235054016113281,0.00546420250798504,64,10,0.0001,500,128,384,0.25,4,2,32,0.0001,"{'model__batch_size': 64, 'model__callbacks__early_stopping__patience': 10, 'model__lr': 0.0001, 'model__max_epochs': 500, 'model__module__d_model': 128, 'model__module__dim_feedforward': 384, 'model__module__dropout': 0.25, 'model__module__nhead': 4, 'model__module__num_layers': 2, 'model__module__patch_size': 32, 'model__optimizer__weight_decay': 0.0001}",0.3619047619047619,0.8199470432480142,0.7355555555555555,0.5912668189895913,0.6791666666666667,0.6375681692729179,0.1566704475823222,210,0.46661627614008566,0.9716652136006975,0.8158333333333334,0.7941489361702128,0.7962278577800432,0.7688983234048745,0.16497044578314632
94,4.347713375091553,2.685763108861198,0.036105918884277347,0.007021151657722921,64,10,0.0001,500,128,384,0.25,4,3,16,0.0001,"{'model__batch_size': 64, 'model__callbacks__early_stopping__patience': 10, 'model__lr': 0.0001, 'model__max_epochs': 500, 'model__module__d_model': 128, 'model__module__dim_feedforward': 384, 'model__module__dropout': 0.25, 'model__module__nhead': 4, 'model__module__num_layers': 3, 'model__module__patch_size': 16, 'model__optimizer__weight_decay': 0.0001}",0.43977401129943505,0.91005291005291,0.7355555555555555,0.6142744686434007,0.6320346320346321,0.6663383155171867,0.15453582154677498,92,0.720855614973262,0.9860011845151564,0.8974358974358974,0.7724867724867724,0.7817745803357314,0.831710809949364,0.09634863227192221
95,3.315770673751831,0.6798913677240616,0.032573795318603514,0.005409217449472423,64,10,0.0001,500,128,384,0.25,4,3,32,0.0001,"{'model__batch_size': 64, 'model__callbacks__early_stopping__patience': 10, 'model__lr': 0.0001, 'model__max_epochs': 500, 'model__module__d_model': 128, 'model__module__dim_feedforward': 384, 'model__module__dropout': 0.25, 'model__module__nhead': 4, 'model__module__num_layers': 3, 'model__module__patch_size': 32, 'model__optimizer__weight_decay': 0.0001}",0.6309992132179386,0.8289308176100629,0.7381258023106547,0.6260683760683761,0.7125435540069687,0.7073335526428002,0.07508949580393137,18,0.8070148829272916,0.894355791962175,0.9274553571428572,0.8043744531933508,0.831872192435879,0.8530145355323107,0.04935455344055597
96,2.4325420379638674,1.169463073319248,0.0333773136138916,0.005595944184009278,64,10,0.0002,500,96,128,0.1,4,2,16,0.0001,"{'model__batch_size': 64, 'model__callbacks__early_stopping__patience': 10, 'model__lr': 0.0002, 'model__max_epochs': 500, 'model__module__d_model': 96, 'model__module__dim_feedforward': 128, 'model__module__dropout': 0.1, 'model__module__nhead': 4, 'model__module__num_layers': 2, 'model__module__patch_size': 16, 'model__optimizer__weight_decay': 0.0001}",0.4143633356957241,0.91005291005291,0.6729844413012729,0.6033505789603351,0.6474358974358974,0.6496374326892279,0.15865845326574032,162,0.7236730660643704,0.9565951290089221,0.8608219829893535,0.7803035912624954,0.7716245608164631,0.8186036660283209,0.08186547624687596
97,1.9453830242156982,0.6305332061105197,0.03327875137329102,0.004300415387667346,64,10,0.0002,500,96,128,0.1,4,2,32,0.0001,"{'model__batch_size': 64, 'model__callbacks__early_stopping__patience': 10, 'model__lr': 0.0002, 'model__max_epochs': 500, 'model__module__d_model': 96, 'model__module__dim_feedforward': 128, 'model__module__dropout': 0.1, 'model__module__nhead': 4, 'model__module__num_layers': 2, 'model__module__patch_size': 32, 'model__optimizer__weight_decay': 0.0001}",0.35707070707070704,0.8289308176100629,0.744360902255639,0.6026831785345717,0.6631278072682727,0.6392346825478507,0.16034933653694722,207,0.5251667677380231,0.8541941786211762,0.8668878376441196,0.7959629434360171,0.7901844532279314,0.7664792361334534,0.12444977469633879
98,2.93601598739624,1.5815954931191896,0.03440237045288086,0.003545167394506007,64,10,0.0002,500,96,128,0.1,4,3,16,0.0001,"{'model__batch_size': 64, 'model__callbacks__early_stopping__patience': 10, 'model__lr': 0.0002, 'model__max_epochs': 500, 'model__module__d_model': 96, 'model__module__dim_feedforward': 128, 'model__module__dropout': 0.1, 'model__module__nhead': 4, 'model__module__num_layers': 3, 'model__module__patch_size': 16, 'model__optimizer__weight_decay': 0.0001}",0.43725296442687744,0.7920489296636086,0.6599999999999999,0.5800000000000001,0.6182115149040425,0.6175026817989057,0.1150385404089502,255,0.6052475833497731,0.96222028480093,0.9195731188616503,0.7668147924983053,0.7561805225653206,0.8020072604151958,0.12770506213459792
99,2.2389848232269287,0.39287258824922044,0.034671688079833986,0.004222941200412938,64,10,0.0002,500,96,128,0.1,4,3,32,0.0001,"{'model__batch_size': 64, 'model__callbacks__early_stopping__patience': 10, 'model__lr': 0.0002, 'model__max_epochs': 500, 'model__module__d_model': 96, 'model__module__dim_feedforward': 128, 'model__module__dropout': 0.1, 'model__module__nhead': 4, 'model__module__num_layers': 3, 'model__module__patch_size': 32, 'model__optimizer__weight_decay': 0.0001}",0.7148936170212765,0.8027715114405414,0.6977777777777778,0.6142744686434007,0.680946006247211,0.7021326762260415,0.06079131768308977,27,0.8226902173913043,0.8697853870267663,0.8029939997132969,0.7823786519438694,0.8351449275362319,0.8225986367222937,0.029617549433856638
100,2.421531867980957,1.0638332702492257,0.033728504180908205,0.0060587732737411425,64,10,0.0002,500,96,128,0.25,4,2,16,0.0001,"{'model__batch_size': 64, 'model__callbacks__early_stopping__patience': 10, 'model__lr': 0.0002, 'model__max_epochs': 500, 'model__module__d_model': 96, 'model__module__dim_feedforward': 128, 'model__module__dropout': 0.25, 'model__module__nhead': 4, 'model__module__num_layers': 2, 'model__module__patch_size': 16, 'model__optimizer__weight_decay': 0.0001}",0.3557692307692308,0.8904286174669674,0.7114568599717115,0.6026831785345717,0.6474358974358974,0.6415547568356758,0.173230168765038,199,0.5318003913894325,0.9067202930568931,0.8623330074942979,0.7804255319148936,0.7754934210526316,0.7713545289816297,0.12968158851239595
101,1.9949384212493897,0.7454289645473742,0.03141741752624512,0.003027321627252687,64,10,0.0002,500,96,128,0.25,4,2,32,0.0001,"{'model__batch_size': 64, 'model__callbacks__early_stopping__patience': 10, 'model__lr': 0.0002, 'model__max_epochs': 500, 'model__module__d_model': 96, 'model__module__dim_feedforward': 128, 'model__module__dropout': 0.25, 'model__module__nhead': 4, 'model__module__num_layers': 2, 'model__module__patch_size': 32, 'model__optimizer__weight_decay': 0.0001}",0.40464798359535203,0.853763440860215,0.6730769230769231,0.6142744686434007,0.6474358974358974,0.6386397427223577,0.14344846262635141,209,0.7513057594579333,0.8924812030075189,0.8393607381168136,0.7863374612406833,0.7962278577800432,0.8131426039205986,0.0486012829254449
102,3.0507242679595947,1.7559186057406537,0.035936594009399414,0.005764707627961333,64,10,0.0002,500,96,128,0.25,4,3,16,0.0001,"{'model__batch_size': 64, 'model__callbacks__early_stopping__patience': 10, 'model__lr': 0.0002, 'model__max_epochs': 500, 'model__module__d_model': 96, 'model__module__dim_feedforward': 128, 'model__module__dropout': 0.25, 'model__module__nhead': 4, 'model__module__num_layers': 3, 'model__module__patch_size': 16, 'model__optimizer__weight_decay': 0.0001}",0.3388157894736842,0.7920489296636086,0.6729844413012729,0.5800000000000001,0.6182115149040425,0.6004121350685216,0.14910232854236594,275,0.6442218231386719,0.9907036613272311,0.8652742346938775,0.7611995557201037,0.7626984126984127,0.8048195375156594,0.11634104669198478
103,2.192510461807251,0.38340312683628525,0.03285799026489258,0.003702491174474592,64,10,0.0002,500,96,128,0.25,4,3,32,0.0001,"{'model__batch_size': 64, 'model__callbacks__early_stopping__patience': 10, 'model__lr': 0.0002, 'model__max_epochs': 500, 'model__module__d_model': 96, 'model__module__dim_feedforward': 128, 'model__module__dropout': 0.25, 'model__module__nhead': 4, 'model__module__num_layers': 3, 'model__module__patch_size': 32, 'model__optimizer__weight_decay': 0.0001}",0.7148936170212765,0.8365384615384616,0.7355555555555555,0.5912668189895913,0.6646341463414633,0.7085777198892697,0.0810364494573597,14,0.8051679586563307,0.8583260680034873,0.8305637015314435,0.7804255319148936,0.8101668862538428,0.8169300292719995,0.026138759641129664
104,2.3456059455871583,1.0938535654934867,0.03486089706420899,0.006348755146681864,64,10,0.0002,500,96,256,0.1,4,2,16,0.0001,"{'model__batch_size': 64, 'model__callbacks__early_stopping__patience': 10, 'model__lr': 0.0002, 'model__max_epochs': 500, 'model__module__d_model': 96, 'model__module__dim_feedforward': 256, 'model__module__dropout': 0.1, 'model__module__nhead': 4, 'model__module__num_layers': 2, 'model__module__patch_size': 16, 'model__optimizer__weight_decay': 0.0001}",0.417041704170417,0.7976190476190477,0.7114568599717115,0.5912668189895913,0.6182115149040425,0.627119189130962,0.12781262321033446,241,0.559773723953603,0.91203007518797,0.853355893965031,0.7706666666666666,0.7856982655502392,0.776304925064702,0.11946878591692353
105,1.826577615737915,0.6655871875766886,0.034118270874023436,0.0062400926254674825,64,10,0.0002,500,96,256,0.1,4,2,32,0.0001,"{'model__batch_size': 64, 'model__callbacks__early_stopping__patience': 10, 'model__lr': 0.0002, 'model__max_epochs': 500, 'model__module__d_model': 96, 'model__module__dim_feedforward': 256, 'model__module__dropout': 0.1, 'model__module__nhead': 4, 'model__module__num_layers': 2, 'model__module__patch_size': 32, 'model__optimizer__weight_decay': 0.0001}",0.41569767441860467,0.7861635220125787,0.744360902255639,0.6026831785345717,0.6474358974358974,0.6392682349314582,0.12962381469648007,206,0.7303567068016605,0.8987219676874849,0.8402030175062947,0.7843465045592706,0.7941138600202335,0.8095484113149889,0.0566327035879154
106,3.015659141540527,1.459829071230988,0.03579239845275879,0.004617016533569117,64,10,0.0002,500,96,256,0.1,4,3,16,0.0001,"{'model__batch_size': 64, 'model__callbacks__early_stopping__patience': 10, 'model__lr': 0.0002, 'model__max_epochs': 500, 'model__module__d_model': 96, 'model__module__dim_feedforward': 256, 'model__module__dropout': 0.1, 'model__module__nhead': 4, 'model__module__num_layers': 3, 'model__module__patch_size': 16, 'model__optimizer__weight_decay': 0.0001}",0.4657097288676236,0.838260278627251,0.7078410311493019,0.6142744686434007,0.6182115149040425,0.6488594044383239,0.12249958204949125,165,0.785934909693744,0.8794309139136726,0.950679110706427,0.7706666666666666,0.7691353616597447,0.831169392528051,0.07234183636768515
107,2.6063230514526365,0.6668712554558563,0.03695602416992187,0.004743186807116029,64,10,0.0002,500,96,256,0.1,4,3,32,0.0001,"{'model__batch_size': 64, 'model__callbacks__early_stopping__patience': 10, 'model__lr': 0.0002, 'model__max_epochs': 500, 'model__module__d_model': 96, 'model__module__dim_feedforward': 256, 'model__module__dropout': 0.1, 'model__module__nhead': 4, 'model__module__num_layers': 3, 'model__module__patch_size': 32, 'model__optimizer__weight_decay': 0.0001}",0.6404293381037567,0.8365384615384616,0.7078410311493019,0.6388028895768834,0.6182115149040425,0.6883646470544893,0.08001303948123527,47,0.9232804232804233,0.9004212945231711,0.8341836734693877,0.8254302068284476,0.7561805225653206,0.8478992241333501,0.059238815566945616
108,3.5974708080291746,2.726000367618095,0.03777079582214356,0.007103363624540431,64,10,0.0002,500,96,256,0.25,4,2,16,0.0001,"{'model__batch_size': 64, 'model__callbacks__early_stopping__patience': 10, 'model__lr': 0.0002, 'model__max_epochs': 500, 'model__module__d_model': 96, 'model__module__dim_feedforward': 256, 'model__module__dropout': 0.25, 'model__module__nhead': 4, 'model__module__num_layers': 2, 'model__module__patch_size': 16, 'model__optimizer__weight_decay': 0.0001}",0.41448189762796506,0.8844716275908937,0.7114568599717115,0.5800000000000001,0.6474358974358974,0.6475692565252935,0.15433709753678132,170,0.6462455950121985,0.9766686408585941,0.8358974358974358,0.7915687426556992,0.7817745803357314,0.8064309989519319,0.10614830653828829
109,2.044127035140991,0.3502090946459882,0.03365106582641601,0.007102767333530404,64,10,0.0002,500,96,256,0.25,4,2,32,0.0001,"{'model__batch_size': 64, 'model__callbacks__early_stopping__patience': 10, 'model__lr': 0.0002, 'model__max_epochs': 500, 'model__module__d_model': 96, 'model__module__dim_feedforward': 256, 'model__module__dropout': 0.25, 'model__module__nhead': 4, 'model__module__num_layers': 2, 'model__module__patch_size': 32, 'model__optimizer__weight_decay': 0.0001}",0.7148936170212765,0.803921568627451,0.6729844413012729,0.6026831785345717,0.6474358974358974,0.6883837405840938,0.06827915329027778,46,0.8226902173913043,0.8926757479495324,0.7917193692554179,0.7804255319148936,0.7879807692307692,0.8150983271483835,0.04137640236777198
110,2.2779797554016112,1.0934385312349115,0.0353184700012207,0.005355570933447984,64,10,0.0002,500,96,256,0.25,4,3,16,0.0001,"{'model__batch_size': 64, 'model__callbacks__early_stopping__patience': 10, 'model__lr': 0.0002, 'model__max_epochs': 500, 'model__module__d_model': 96, 'model__module__dim_feedforward': 256, 'model__module__dropout': 0.25, 'model__module__nhead': 4, 'model__module__num_layers': 3, 'model__module__patch_size': 16, 'model__optimizer__weight_decay': 0.0001}",0.4657097288676236,0.8201058201058201,0.6999117387466902,0.5800000000000001,0.6182115149040425,0.6367877605248353,0.1186825742538362,213,0.785934909693744,0.6788724208079047,0.8756377551020409,0.7570987421857347,0.7691353616597447,0.7733358378898337,0.06297466684290037
111,2.552115058898926,0.6993111510416467,0.034949970245361325,0.0060544554982198415,64,10,0.0002,500,96,256,0.25,4,3,32,0.0001,"{'model__batch_size': 64, 'model__callbacks__early_stopping__patience': 10, 'model__lr': 0.0002, 'model__max_epochs': 500, 'model__module__d_model': 96, 'model__module__dim_feedforward': 256, 'model__module__dropout': 0.25, 'model__module__nhead': 4, 'model__module__num_layers': 3, 'model__module__patch_size': 32, 'model__optimizer__weight_decay': 0.0001}",0.6532091097308489,0.8365384615384616,0.6729844413012729,0.6268088347296268,0.6753246753246753,0.6929731045249771,0.07386597501510062,37,0.9232804232804233,0.8698512585812357,0.8393607381168136,0.8254302068284476,0.7884293052176263,0.8492703864049093,0.045319422567641966
112,2.3429729461669924,0.9428465862675984,0.03472237586975098,0.006029726563841119,64,10,0.0002,500,96,384,0.1,4,2,16,0.0001,"{'model__batch_size': 64, 'model__callbacks__early_stopping__patience': 10, 'model__lr': 0.0002, 'model__max_epochs': 500, 'model__module__d_model': 96, 'model__module__dim_feedforward': 384, 'model__module__dropout': 0.1, 'model__module__nhead': 4, 'model__module__num_layers': 2, 'model__module__patch_size': 16, 'model__optimizer__weight_decay': 0.0001}",0.37383177570093457,0.8650793650793651,0.7355555555555555,0.6268088347296268,0.6474358974358974,0.6497422857002759,0.1614879854150872,161,0.5250692869740489,0.8783659873874885,0.8638304729675288,0.8010428907168038,0.7778846153846154,0.7692386506860971,0.12771948091274576
113,1.7504574298858642,0.6639058276155217,0.03213238716125488,0.00167303318676299,64,10,0.0002,500,96,384,0.1,4,2,32,0.0001,"{'model__batch_size': 64, 'model__callbacks__early_stopping__patience': 10, 'model__lr': 0.0002, 'model__max_epochs': 500, 'model__module__d_model': 96, 'model__module__dim_feedforward': 384, 'model__module__dropout': 0.1, 'model__module__nhead': 4, 'model__module__num_layers': 2, 'model__module__patch_size': 32, 'model__optimizer__weight_decay': 0.0001}",0.5093314434207418,0.8365384615384616,0.6944224160719006,0.6026831785345717,0.648786717752235,0.6583524434635821,0.10811949739176133,119,0.7175324675324675,0.9099049807590596,0.8608219829893535,0.7527030135725787,0.8041570863607099,0.8090239062428338,0.06989484128949545
114,4.799996376037598,2.8910368795270296,0.03987851142883301,0.007083803468658352,64,10,0.0002,500,96,384,0.1,4,3,16,0.0001,"{'model__batch_size': 64, 'model__callbacks__early_stopping__patience': 10, 'model__lr': 0.0002, 'model__max_epochs': 500, 'model__module__d_model': 96, 'model__module__dim_feedforward': 384, 'model__module__dropout': 0.1, 'model__module__nhead': 4, 'model__module__num_layers': 3, 'model__module__patch_size': 16, 'model__optimizer__weight_decay': 0.0001}",0.4896953405017921,0.91005291005291,0.7114568599717115,0.6388028895768834,0.6791666666666667,0.6858349333539928,0.13539379823703318,54,0.8031245285549056,0.971430664420189,0.843406967029978,0.8210315154014887,0.7740274073392808,0.8426042165491683,0.06829890780933469
115,1.741908311843872,0.5327053534999123,0.03559093475341797,0.00627903930924409,64,10,0.0002,500,96,384,0.1,4,3,32,0.0001,"{'model__batch_size': 64, 'model__callbacks__early_stopping__patience': 10, 'model__lr': 0.0002, 'model__max_epochs': 500, 'model__module__d_model': 96, 'model__module__dim_feedforward': 384, 'model__module__dropout': 0.1, 'model__module__nhead': 4, 'model__module__num_layers': 3, 'model__module__patch_size': 32, 'model__optimizer__weight_decay': 0.0001}",0.5657407407407408,0.6866359447004609,0.6977777777777778,0.6260683760683761,0.6631278072682727,0.6478701293111258,0.047847489936919306,168,0.7762345679012346,0.7196078431372549,0.8156962025316455,0.8079880922847928,0.7504910063198833,0.7740035424349623,0.03580485013434307
116,2.4158217906951904,1.1641937208743982,0.03519439697265625,0.0053464423982529175,64,10,0.0002,500,96,384,0.25,4,2,16,0.0001,"{'model__batch_size': 64, 'model__callbacks__early_stopping__patience': 10, 'model__lr': 0.0002, 'model__max_epochs': 500, 'model__module__d_model': 96, 'model__module__dim_feedforward': 384, 'model__module__dropout': 0.25, 'model__module__nhead': 4, 'model__module__num_layers': 2, 'model__module__patch_size': 16, 'model__optimizer__weight_decay': 0.0001}",0.41307277628032346,0.8201058201058201,0.6999117387466902,0.5800000000000001,0.6474358974358974,0.6321052465137462,0.13480886072391193,227,0.46099834788765637,0.9224979506669648,0.853355893965031,0.7784498207885304,0.7778846153846154,0.7586373257385596,0.15822380719964677
117,1.6887885093688966,0.6484669125047586,0.032750606536865234,0.0035674803206684888,64,10,0.0002,500,96,384,0.25,4,2,32,0.0001,"{'model__batch_size': 64, 'model__callbacks__early_stopping__patience': 10, 'model__lr': 0.0002, 'model__max_epochs': 500, 'model__module__d_model': 96, 'model__module__dim_feedforward': 384, 'model__module__dropout': 0.25, 'model__module__nhead': 4, 'model__module__num_layers': 2, 'model__module__patch_size': 32, 'model__optimizer__weight_decay': 0.0001}",0.5607133490689746,0.8365384615384616,0.6844116844116844,0.5912668189895913,0.6182115149040425,0.658228365782551,0.09805552713713217,120,0.6668109137330419,0.901228314549829,0.8428813149625332,0.7565240837393833,0.7959031100478469,0.7926695474065268,0.07932663318961257
118,3.552076721191406,1.6982746252010879,0.03676581382751465,0.004936777617775278,64,10,0.0002,500,96,384,0.25,4,3,16,0.0001,"{'model__batch_size': 64, 'model__callbacks__early_stopping__patience': 10, 'model__lr': 0.0002, 'model__max_epochs': 500, 'model__module__d_model': 96, 'model__module__dim_feedforward': 384, 'model__module__dropout': 0.25, 'model__module__nhead': 4, 'model__module__num_layers': 3, 'model__module__patch_size': 16, 'model__optimizer__weight_decay': 0.0001}",0.4733887267011003,0.8716981132075472,0.7355555555555555,0.6388028895768834,0.6791666666666667,0.6797223903415506,0.12978467985911066,65,0.8069007263922519,0.9673360972020316,0.8520379128318845,0.8266129032258065,0.7677884615384616,0.8441352202380873,0.06747321738925793
119,1.732232666015625,0.5261507772176071,0.03261251449584961,0.0035517155452676357,64,10,0.0002,500,96,384,0.25,4,3,32,0.0001,"{'model__batch_size': 64, 'model__callbacks__early_stopping__patience': 10, 'model__lr': 0.0002, 'model__max_epochs': 500, 'model__module__d_model': 96, 'model__module__dim_feedforward': 384, 'model__module__dropout': 0.25, 'model__module__nhead': 4, 'model__module__num_layers': 3, 'model__module__patch_size': 32, 'model__optimizer__weight_decay': 0.0001}",0.4896953405017921,0.6866359447004609,0.6977777777777778,0.65,0.6182115149040425,0.6284641155768147,0.07485189182053617,236,0.7656767955801105,0.7210481825866442,0.7965236016146305,0.8031687454535776,0.7691353616597447,0.7711105373789414,0.02902832676959472
120,3.8181296825408935,1.950785268950045,0.055845117568969725,0.040247789976410125,64,10,0.0002,500,128,128,0.1,4,2,16,0.0001,"{'model__batch_size': 64, 'model__callbacks__early_stopping__patience': 10, 'model__lr': 0.0002, 'model__max_epochs': 500, 'model__module__d_model': 128, 'model__module__dim_feedforward': 128, 'model__module__dropout': 0.1, 'model__module__nhead': 4, 'model__module__num_layers': 2, 'model__module__patch_size': 16, 'model__optimizer__weight_decay': 0.0001}",0.6954545454545455,0.8716981132075472,0.80795892169448,0.638095238095238,0.6474358974358974,0.7321285431775417,0.0922930116539604,4,0.800804154799799,0.9906306306306307,0.8500700222423594,0.7714239690721649,0.8781967768993272,0.8582251107288563,0.07593181018653282
121,1.8501426219940185,0.8291912191947766,0.03420720100402832,0.00433576301576394,64,10,0.0002,500,128,128,0.1,4,2,32,0.0001,"{'model__batch_size': 64, 'model__callbacks__early_stopping__patience': 10, 'model__lr': 0.0002, 'model__max_epochs': 500, 'model__module__d_model': 128, 'model__module__dim_feedforward': 128, 'model__module__dropout': 0.1, 'model__module__nhead': 4, 'model__module__num_layers': 2, 'model__module__patch_size': 32, 'model__optimizer__weight_decay': 0.0001}",0.4657097288676236,0.8904286174669674,0.6598999705795823,0.6026831785345717,0.6631278072682727,0.6563698605434036,0.13716791086048577,132,0.7586770981507824,0.9764829320356736,0.8472911392405064,0.764741641337386,0.7856982655502392,0.8265782152629176,0.08124769928909534
122,3.5406439304351807,0.84931806834607,0.0344357967376709,0.0057897687496211644,64,10,0.0002,500,128,128,0.1,4,3,16,0.0001,"{'model__batch_size': 64, 'model__callbacks__early_stopping__patience': 10, 'model__lr': 0.0002, 'model__max_epochs': 500, 'model__module__d_model': 128, 'model__module__dim_feedforward': 128, 'model__module__dropout': 0.1, 'model__module__nhead': 4, 'model__module__num_layers': 3, 'model__module__patch_size': 16, 'model__optimizer__weight_decay': 0.0001}",0.715605493133583,0.9306829765545361,0.7586677586677587,0.6026831785345717,0.7529603919967334,0.7521199597774366,0.10544476167138417,1,0.9264609200368166,0.9156756756756756,0.8238201530612245,0.7881136950904393,0.8739343563512362,0.8656009600430783,0.05297314306712249
123,2.1854271411895754,0.5804260909913668,0.03382143974304199,0.004949527415056344,64,10,0.0002,500,128,128,0.1,4,3,32,0.0001,"{'model__batch_size': 64, 'model__callbacks__early_stopping__patience': 10, 'model__lr': 0.0002, 'model__max_epochs': 500, 'model__module__d_model': 128, 'model__module__dim_feedforward': 128, 'model__module__dropout': 0.1, 'model__module__nhead': 4, 'model__module__num_layers': 3, 'model__module__patch_size': 32, 'model__optimizer__weight_decay': 0.0001}",0.6925775978407558,0.745837580699966,0.7215397215397216,0.6260683760683761,0.7424435930183056,0.705693373833425,0.044103075946430724,21,0.9129355077835433,0.9067202930568931,0.8262278481012658,0.7730127877237851,0.8161080667771122,0.84700090068852,0.05435789914736553
124,3.472450828552246,0.9815769142997897,0.03364272117614746,0.00406962410345924,64,10,0.0002,500,128,128,0.25,4,2,16,0.0001,"{'model__batch_size': 64, 'model__callbacks__early_stopping__patience': 10, 'model__lr': 0.0002, 'model__max_epochs': 500, 'model__module__d_model': 128, 'model__module__dim_feedforward': 128, 'model__module__dropout': 0.25, 'model__module__nhead': 4, 'model__module__num_layers': 2, 'model__module__patch_size': 16, 'model__optimizer__weight_decay': 0.0001}",0.6792553191489361,0.7751322751322751,0.7166666666666667,0.5886752136752137,0.7708333333333333,0.706112561591285,0.06866837764688537,20,0.9802989130434783,0.8708965517241379,0.929626479003944,0.7598212623347608,0.86875,0.8818786412212642,0.073698544312846
125,1.8207662105560303,0.8381250796852463,0.03264675140380859,0.005215696525352477,64,10,0.0002,500,128,128,0.25,4,2,32,0.0001,"{'model__batch_size': 64, 'model__callbacks__early_stopping__patience': 10, 'model__lr': 0.0002, 'model__max_epochs': 500, 'model__module__d_model': 128, 'model__module__dim_feedforward': 128, 'model__module__dropout': 0.25, 'model__module__nhead': 4, 'model__module__num_layers': 2, 'model__module__patch_size': 32, 'model__optimizer__weight_decay': 0.0001}",0.3996415770609319,0.8716981132075472,0.6729844413012729,0.6026831785345717,0.6631278072682727,0.6420270234745192,0.15129511361715564,197,0.7385790679908327,0.9625225225225225,0.8428813149625332,0.7503869969040248,0.7980769230769231,0.8184893650913672,0.08097008531861445
126,3.730329084396362,2.130729536436051,0.03991055488586426,0.003367830658820866,64,10,0.0002,500,128,128,0.25,4,3,16,0.0001,"{'model__batch_size': 64, 'model__callbacks__early_stopping__patience': 10, 'model__lr': 0.0002, 'model__max_epochs': 500, 'model__module__d_model': 128, 'model__module__dim_feedforward': 128, 'model__module__dropout': 0.25, 'model__module__nhead': 4, 'model__module__num_layers': 3, 'model__module__patch_size': 16, 'model__optimizer__weight_decay': 0.0001}",0.48139825218476906,0.853763440860215,0.7355555555555555,0.6026831785345717,0.789272030651341,0.6925344915572904,0.1340563370670093,38,0.7552110249784669,0.8564584780324482,0.8939208486332109,0.7803405572755417,0.9261962692619627,0.8424254356363262,0.06531024720886651
127,3.501137113571167,1.028982619042167,0.09023175239562989,0.10612550796536707,64,10,0.0002,500,128,128,0.25,4,3,32,0.0001,"{'model__batch_size': 64, 'model__callbacks__early_stopping__patience': 10, 'model__lr': 0.0002, 'model__max_epochs': 500, 'model__module__d_model': 128, 'model__module__dim_feedforward': 128, 'model__module__dropout': 0.25, 'model__module__nhead': 4, 'model__module__num_layers': 3, 'model__module__patch_size': 32, 'model__optimizer__weight_decay': 0.0001}",0.6429263565891472,0.7751322751322751,0.7933130699088147,0.6503884572697003,0.6915064102564102,0.7106533138312695,0.06257087072340224,9,0.787175685693106,0.9039598108747045,0.8743050519700266,0.873691345936582,0.8658085892697847,0.8609880967488408,0.03913257268621397
128,3.235169696807861,1.03572741832256,0.034805679321289064,0.0022105163040269772,64,10,0.0002,500,128,256,0.1,4,2,16,0.0001,"{'model__batch_size': 64, 'model__callbacks__early_stopping__patience': 10, 'model__lr': 0.0002, 'model__max_epochs': 500, 'model__module__d_model': 128, 'model__module__dim_feedforward': 256, 'model__module__dropout': 0.1, 'model__module__nhead': 4, 'model__module__num_layers': 2, 'model__module__patch_size': 16, 'model__optimizer__weight_decay': 0.0001}",0.6453050989133464,0.8289308176100629,0.7808807733619764,0.6026831785345717,0.6791666666666667,0.7073933070173248,0.08460221511137782,16,0.9752583183240118,0.8636010058069068,0.8199739328771587,0.7686010342919298,0.8433285509325681,0.854152568446515,0.06835243829253249
129,2.0773048400878906,0.2005139342008054,0.03257293701171875,0.0015144446364259627,64,10,0.0002,500,128,256,0.1,4,2,32,0.0001,"{'model__batch_size': 64, 'model__callbacks__early_stopping__patience': 10, 'model__lr': 0.0002, 'model__max_epochs': 500, 'model__module__d_model': 128, 'model__module__dim_feedforward': 256, 'model__module__dropout': 0.1, 'model__module__nhead': 4, 'model__module__num_layers': 2, 'model__module__patch_size': 32, 'model__optimizer__weight_decay': 0.0001}",0.7012850773669027,0.770199692780338,0.7355555555555555,0.6142744686434007,0.6956151553852703,0.7033859899462934,0.05197040459769686,25,0.9113451086956521,0.894355791962175,0.8743050519700266,0.8542592453114408,0.8201581027667983,0.8708846601412186,0.031778071205684565
130,4.207513332366943,1.2992009498685013,0.0411226749420166,0.006908682658306045,64,10,0.0002,500,128,256,0.1,4,3,16,0.0001,"{'model__batch_size': 64, 'model__callbacks__early_stopping__patience': 10, 'model__lr': 0.0002, 'model__max_epochs': 500, 'model__module__d_model': 128, 'model__module__dim_feedforward': 256, 'model__module__dropout': 0.1, 'model__module__nhead': 4, 'model__module__num_layers': 3, 'model__module__patch_size': 16, 'model__optimizer__weight_decay': 0.0001}",0.6661421452924207,0.7976190476190477,0.7078410311493019,0.5800000000000001,0.648786717752235,0.680077788362601,0.07179922318367579,64,0.9701691557451997,0.9764829320356736,0.9123693966970003,0.7625948930296756,0.8788461538461538,0.9000925062707406,0.07778683323929772
131,2.3738431453704836,0.46616259869698434,0.03205251693725586,0.0053778191218491495,64,10,0.0002,500,128,256,0.1,4,3,32,0.0001,"{'model__batch_size': 64, 'model__callbacks__early_stopping__patience': 10, 'model__lr': 0.0002, 'model__max_epochs': 500, 'model__module__d_model': 128, 'model__module__dim_feedforward': 256, 'model__module__dropout': 0.1, 'model__module__nhead': 4, 'model__module__num_layers': 3, 'model__module__patch_size': 32, 'model__optimizer__weight_decay': 0.0001}",0.6661421452924207,0.7622377622377623,0.7984189723320159,0.6260683760683761,0.6978021978021978,0.7101338907465544,0.06271112203111359,10,0.9014945652173914,0.9315789473684211,0.8939208486332109,0.7686010342919298,0.8573127872397945,0.8705816365501494,0.05620872797969197
132,2.6264485359191894,1.0562406342262152,0.034491443634033205,0.0038516071713064213,64,10,0.0002,500,128,256,0.25,4,2,16,0.0001,"{'model__batch_size': 64, 'model__callbacks__early_stopping__patience': 10, 'model__lr': 0.0002, 'model__max_epochs': 500, 'model__module__d_model': 128, 'model__module__dim_feedforward': 256, 'model__module__dropout': 0.25, 'model__module__nhead': 4, 'model__module__num_layers': 2, 'model__module__patch_size': 16, 'model__optimizer__weight_decay': 0.0001}",0.41228070175438597,0.8466000644537544,0.8028985507246377,0.6026831785345717,0.7276190476190476,0.6784163086172794,0.15669472364123752,70,0.4225663716814159,0.8814539220513943,0.9099049807590596,0.773774412116381,0.8751231527093596,0.7725645678635221,0.18096283864329366
133,1.7644146919250487,0.7973299148324324,0.03053708076477051,0.003285791693736689,64,10,0.0002,500,128,256,0.25,4,2,32,0.0001,"{'model__batch_size': 64, 'model__callbacks__early_stopping__patience': 10, 'model__lr': 0.0002, 'model__max_epochs': 500, 'model__module__d_model': 128, 'model__module__dim_feedforward': 256, 'model__module__dropout': 0.25, 'model__module__nhead': 4, 'model__module__num_layers': 2, 'model__module__patch_size': 32, 'model__optimizer__weight_decay': 0.0001}",0.4212872666480914,0.853763440860215,0.7114568599717115,0.6260683760683761,0.7604529616724739,0.6746057810441736,0.14652737418539563,75,0.6571303459349,0.9906306306306307,0.8333041907093315,0.7763996687402499,0.8061079545454546,0.8127145581121133,0.1073749759585394
134,3.782361888885498,1.0934873455210279,0.03975310325622559,0.0102988662722934,64,10,0.0002,500,128,256,0.25,4,3,16,0.0001,"{'model__batch_size': 64, 'model__callbacks__early_stopping__patience': 10, 'model__lr': 0.0002, 'model__max_epochs': 500, 'model__module__d_model': 128, 'model__module__dim_feedforward': 256, 'model__module__dropout': 0.25, 'model__module__nhead': 4, 'model__module__num_layers': 3, 'model__module__patch_size': 16, 'model__optimizer__weight_decay': 0.0001}",0.6792553191489361,0.8201058201058201,0.7586677586677587,0.5912668189895913,0.6646341463414633,0.702785972650714,0.07916122251909605,26,0.9701691557451997,0.8918214873640985,0.8176754623229349,0.7820945945945945,0.8775418660287082,0.8678605132111071,0.06482167437006026
135,2.45299916267395,0.26165640448978406,0.031732797622680664,0.0033444340478004076,64,10,0.0002,500,128,256,0.25,4,3,32,0.0001,"{'model__batch_size': 64, 'model__callbacks__early_stopping__patience': 10, 'model__lr': 0.0002, 'model__max_epochs': 500, 'model__module__d_model': 128, 'model__module__dim_feedforward': 256, 'model__module__dropout': 0.25, 'model__module__nhead': 4, 'model__module__num_layers': 3, 'model__module__patch_size': 32, 'model__optimizer__weight_decay': 0.0001}",0.6661421452924207,0.7751322751322751,0.7520833333333333,0.6268088347296268,0.680946006247211,0.7002225189469733,0.055179054869071736,30,0.888255989277936,0.9231678486997636,0.8190395174387132,0.8639752956240114,0.8081730769230769,0.8605223455927004,0.04281777172486459
136,3.3263792991638184,1.021751676823326,0.035169363021850586,0.005695582854352876,64,10,0.0002,500,128,384,0.1,4,2,16,0.0001,"{'model__batch_size': 64, 'model__callbacks__early_stopping__patience': 10, 'model__lr': 0.0002, 'model__max_epochs': 500, 'model__module__d_model': 128, 'model__module__dim_feedforward': 384, 'model__module__dropout': 0.1, 'model__module__nhead': 4, 'model__module__num_layers': 2, 'model__module__patch_size': 16, 'model__optimizer__weight_decay': 0.0001}",0.6436170212765957,0.8844716275908937,0.6862745098039216,0.6142744686434007,0.708044099632503,0.7073363453894629,0.09438397661020786,17,0.9802989130434783,0.952384440700315,0.8756377551020409,0.7777777777777777,0.8714316765686132,0.8915061126384449,0.07096372895498339
137,2.3186895847320557,0.38419886793136926,0.03318939208984375,0.007519252173104609,64,10,0.0002,500,128,384,0.1,4,2,32,0.0001,"{'model__batch_size': 64, 'model__callbacks__early_stopping__patience': 10, 'model__lr': 0.0002, 'model__max_epochs': 500, 'model__module__d_model': 128, 'model__module__dim_feedforward': 384, 'model__module__dropout': 0.1, 'model__module__nhead': 4, 'model__module__num_layers': 2, 'model__module__patch_size': 32, 'model__optimizer__weight_decay': 0.0001}",0.6532091097308489,0.853763440860215,0.7841269841269841,0.6142744686434007,0.7708333333333333,0.7352414673389565,0.08839270937370701,3,0.9113451086956521,0.9716652136006975,0.9141264012745041,0.8137537993920972,0.8601229688186209,0.8942026983563144,0.05352515436337937
138,3.454091119766235,1.0519073545194864,0.03564910888671875,0.0060503374547891935,64,10,0.0002,500,128,384,0.1,4,3,16,0.0001,"{'model__batch_size': 64, 'model__callbacks__early_stopping__patience': 10, 'model__lr': 0.0002, 'model__max_epochs': 500, 'model__module__d_model': 128, 'model__module__dim_feedforward': 384, 'model__module__dropout': 0.1, 'model__module__nhead': 4, 'model__module__num_layers': 3, 'model__module__patch_size': 16, 'model__optimizer__weight_decay': 0.0001}",0.7061403508771931,0.8650793650793651,0.6101556101556102,0.5912668189895913,0.6182115149040425,0.6781707320011605,0.10147964457024888,72,0.8578244454045119,0.9344144144144144,0.9030593222002001,0.784310294546515,0.8260481712756467,0.8611313295682574,0.05342584017342521
139,2.241949939727783,0.7717925177091124,0.033583450317382815,0.00527766467854936,64,10,0.0002,500,128,384,0.1,4,3,32,0.0001,"{'model__batch_size': 64, 'model__callbacks__early_stopping__patience': 10, 'model__lr': 0.0002, 'model__max_epochs': 500, 'model__module__d_model': 128, 'model__module__dim_feedforward': 384, 'model__module__dropout': 0.1, 'model__module__nhead': 4, 'model__module__num_layers': 3, 'model__module__patch_size': 32, 'model__optimizer__weight_decay': 0.0001}",0.7012850773669027,0.8201058201058201,0.6598999705795823,0.611542730299667,0.7300312360553325,0.704572966881461,0.07022403488550452,22,0.9605978260869565,0.850494333252954,0.8393607381168136,0.7598212623347608,0.8219823214026953,0.846451296238836,0.06511458506801697
140,2.840162992477417,0.5998516523817937,0.03502020835876465,0.005427509948709513,64,10,0.0002,500,128,384,0.25,4,2,16,0.0001,"{'model__batch_size': 64, 'model__callbacks__early_stopping__patience': 10, 'model__lr': 0.0002, 'model__max_epochs': 500, 'model__module__d_model': 128, 'model__module__dim_feedforward': 384, 'model__module__dropout': 0.25, 'model__module__nhead': 4, 'model__module__num_layers': 2, 'model__module__patch_size': 16, 'model__optimizer__weight_decay': 0.0001}",0.6689723320158103,0.7622377622377623,0.7114568599717115,0.5912668189895913,0.6915064102564102,0.6850880366942571,0.056126156719533804,56,0.9129355077835433,0.857153322100945,0.8652742346938775,0.7610341494845361,0.8629124820659971,0.8518619392257799,0.04961788198860979
141,2.2200424671173096,0.2932959443730996,0.03238945007324219,0.005916135310142349,64,10,0.0002,500,128,384,0.25,4,2,32,0.0001,"{'model__batch_size': 64, 'model__callbacks__early_stopping__patience': 10, 'model__lr': 0.0002, 'model__max_epochs': 500, 'model__module__d_model': 128, 'model__module__dim_feedforward': 384, 'model__module__dropout': 0.25, 'model__module__nhead': 4, 'model__module__num_layers': 2, 'model__module__patch_size': 32, 'model__optimizer__weight_decay': 0.0001}",0.687888198757764,0.853763440860215,0.7663230240549828,0.6503884572697003,0.6956151553852703,0.7307956552655865,0.07201014527480633,5,0.9023934181002243,0.967076104849943,0.8894130384347692,0.8417325030207268,0.8671532846715329,0.8935536698154392,0.042150321695293806
142,3.197259044647217,0.9920979978685512,0.035456371307373044,0.0036392649680679575,64,10,0.0002,500,128,384,0.25,4,3,16,0.0001,"{'model__batch_size': 64, 'model__callbacks__early_stopping__patience': 10, 'model__lr': 0.0002, 'model__max_epochs': 500, 'model__module__d_model': 128, 'model__module__dim_feedforward': 384, 'model__module__dropout': 0.25, 'model__module__nhead': 4, 'model__module__num_layers': 3, 'model__module__patch_size': 16, 'model__optimizer__weight_decay': 0.0001}",0.7012850773669027,0.8904286174669674,0.7078410311493019,0.6142744686434007,0.6333333333333333,0.7094325055919811,0.09764695786946545,12,0.8409021639743981,0.914291993260567,0.8849446849446849,0.7609078014184397,0.7817745803357314,0.8365642447867643,0.05852673264305909
143,2.4322317123413084,0.5549085618613834,0.03131885528564453,0.004092735866199797,64,10,0.0002,500,128,384,0.25,4,3,32,0.0001,"{'model__batch_size': 64, 'model__callbacks__early_stopping__patience': 10, 'model__lr': 0.0002, 'model__max_epochs': 500, 'model__module__d_model': 128, 'model__module__dim_feedforward': 384, 'model__module__dropout': 0.25, 'model__module__nhead': 4, 'model__module__num_layers': 3, 'model__module__patch_size': 32, 'model__optimizer__weight_decay': 0.0001}",0.6231352408901931,0.7920489296636086,0.7586677586677587,0.6000000000000001,0.7300312360553325,0.7007766330553786,0.07579176986562662,29,0.9316753926701571,0.8978274294054904,0.8894130384347692,0.7649940287027104,0.8516519345022461,0.8671123647430745,0.05705488459074706
144,9.963820028305054,5.109728428401843,0.03536348342895508,0.006961686523951418,128,10,3e-05,500,96,128,0.1,4,2,16,0.0001,"{'model__batch_size': 128, 'model__callbacks__early_stopping__patience': 10, 'model__lr': 3e-05, 'model__max_epochs': 500, 'model__module__d_model': 96, 'model__module__dim_feedforward': 128, 'model__module__dropout': 0.1, 'model__module__nhead': 4, 'model__module__num_layers': 2, 'model__module__patch_size': 16, 'model__optimizer__weight_decay': 0.0001}",0.4959598774031764,0.853763440860215,0.7114568599717115,0.638095238095238,0.5551298424861644,0.650881051763301,0.1250304232737635,155,0.7652024117140397,0.8655437352245863,0.8280940073330528,0.7794871794871795,0.7266038545647775,0.7929862376647272,0.04869893691940423
145,7.644543647766113,3.143358481857475,0.03863096237182617,0.011825568099173902,128,10,3e-05,500,96,128,0.1,4,2,32,0.0001,"{'model__batch_size': 128, 'model__callbacks__early_stopping__patience': 10, 'model__lr': 3e-05, 'model__max_epochs': 500, 'model__module__d_model': 96, 'model__module__dim_feedforward': 128, 'model__module__dropout': 0.1, 'model__module__nhead': 4, 'model__module__num_layers': 2, 'model__module__patch_size': 32, 'model__optimizer__weight_decay': 0.0001}",0.3941489361702128,0.770199692780338,0.744360902255639,0.6260683760683761,0.6474358974358974,0.6364427609420926,0.13302031158692826,216,0.6375387244952462,0.8918214873640985,0.8505125002478241,0.7943423738699329,0.7901844532279314,0.7928799078410067,0.08631481841697027
146,16.522898578643797,9.74383395509085,0.03761863708496094,0.007796091729076284,128,10,3e-05,500,96,128,0.1,4,3,16,0.0001,"{'model__batch_size': 128, 'model__callbacks__early_stopping__patience': 10, 'model__lr': 3e-05, 'model__max_epochs': 500, 'model__module__d_model': 96, 'model__module__dim_feedforward': 128, 'model__module__dropout': 0.1, 'model__module__nhead': 4, 'model__module__num_layers': 3, 'model__module__patch_size': 16, 'model__optimizer__weight_decay': 0.0001}",0.5130813953488372,0.8466000644537544,0.6977777777777778,0.638095238095238,0.6333333333333333,0.6657775618017882,0.1084950225069935,94,0.7465034965034965,0.967076104849943,0.9242291775951507,0.7818137886597938,0.8311031764269174,0.8501451488070602,0.0835878644140303
147,7.128614473342895,5.017834384330651,0.03262186050415039,0.005968946588082682,128,10,3e-05,500,96,128,0.1,4,3,32,0.0001,"{'model__batch_size': 128, 'model__callbacks__early_stopping__patience': 10, 'model__lr': 3e-05, 'model__max_epochs': 500, 'model__module__d_model': 96, 'model__module__dim_feedforward': 128, 'model__module__dropout': 0.1, 'model__module__nhead': 4, 'model__module__num_layers': 3, 'model__module__patch_size': 32, 'model__optimizer__weight_decay': 0.0001}",0.49042748492001054,0.7589429584273284,0.7933130699088147,0.638095238095238,0.3956043956043956,0.6152766293911573,0.15277491700286383,260,0.730885152284264,0.9423758865248226,0.8564102564102565,0.7822100944266672,0.42526315789473684,0.7474289095081494,0.17615643959877864
148,12.34049940109253,5.852824349164427,0.033088970184326175,0.0040288905051539285,128,10,3e-05,500,96,128,0.25,4,2,16,0.0001,"{'model__batch_size': 128, 'model__callbacks__early_stopping__patience': 10, 'model__lr': 3e-05, 'model__max_epochs': 500, 'model__module__d_model': 96, 'model__module__dim_feedforward': 128, 'model__module__dropout': 0.25, 'model__module__nhead': 4, 'model__module__num_layers': 2, 'model__module__patch_size': 16, 'model__optimizer__weight_decay': 0.0001}",0.5010638297872341,0.8716981132075472,0.7215397215397216,0.6260683760683761,0.6182115149040425,0.6677163111013843,0.1236639478335612,86,0.761353245961597,0.9039598108747045,0.8826507584528739,0.7714239690721649,0.7691353616597447,0.817704629204217,0.062184093970747395
149,8.071832323074341,5.535032056612755,0.03030819892883301,0.003710359571791058,128,10,3e-05,500,96,128,0.25,4,2,32,0.0001,"{'model__batch_size': 128, 'model__callbacks__early_stopping__patience': 10, 'model__lr': 3e-05, 'model__max_epochs': 500, 'model__module__d_model': 96, 'model__module__dim_feedforward': 128, 'model__module__dropout': 0.25, 'model__module__nhead': 4, 'model__module__num_layers': 2, 'model__module__patch_size': 32, 'model__optimizer__weight_decay': 0.0001}",0.3755482456140351,0.7799352750809061,0.744360902255639,0.43548387096774194,0.6791666666666667,0.6028989921169978,0.16546072670687667,271,0.6244604316546762,0.9573234119385019,0.8324067359600354,0.416289592760181,0.8139526542324247,0.7288865653091638,0.18908079899929334
150,12.960984325408935,10.556490400459387,0.03254404067993164,0.002841168909282047,128,10,3e-05,500,96,128,0.25,4,3,16,0.0001,"{'model__batch_size': 128, 'model__callbacks__early_stopping__patience': 10, 'model__lr': 3e-05, 'model__max_epochs': 500, 'model__module__d_model': 96, 'model__module__dim_feedforward': 128, 'model__module__dropout': 0.25, 'model__module__nhead': 4, 'model__module__num_layers': 3, 'model__module__patch_size': 16, 'model__optimizer__weight_decay': 0.0001}",0.49242424242424243,0.8201058201058201,0.6862745098039216,0.6629849900877938,0.6182115149040425,0.6560002154651642,0.1059066138587165,135,0.6589721254355401,0.9482624504784819,0.8743050519700266,0.7598212623347608,0.7600137593640116,0.8002749299165641,0.1006028914520829
151,7.7246284008026125,4.726247847800628,0.03339529037475586,0.006214766344034173,128,10,3e-05,500,96,128,0.25,4,3,32,0.0001,"{'model__batch_size': 128, 'model__callbacks__early_stopping__patience': 10, 'model__lr': 3e-05, 'model__max_epochs': 500, 'model__module__d_model': 96, 'model__module__dim_feedforward': 128, 'model__module__dropout': 0.25, 'model__module__nhead': 4, 'model__module__num_layers': 3, 'model__module__patch_size': 32, 'model__optimizer__weight_decay': 0.0001}",0.39380952380952383,0.7589429584273284,0.7933130699088147,0.6428571428571428,0.6474358974358974,0.6472717184877415,0.14004366584630823,172,0.7374005305039788,0.9288723532308365,0.8418336309582213,0.6254705607361661,0.7901844532279314,0.7847523057314267,0.10165750234314137
152,11.331505250930785,6.4681492515388825,0.03449993133544922,0.0044593305473749545,128,10,3e-05,500,96,256,0.1,4,2,16,0.0001,"{'model__batch_size': 128, 'model__callbacks__early_stopping__patience': 10, 'model__lr': 3e-05, 'model__max_epochs': 500, 'model__module__d_model': 96, 'model__module__dim_feedforward': 256, 'model__module__dropout': 0.1, 'model__module__nhead': 4, 'model__module__num_layers': 2, 'model__module__patch_size': 16, 'model__optimizer__weight_decay': 0.0001}",0.46920521339125987,0.853763440860215,0.7215397215397216,0.638095238095238,0.6474358974358974,0.6660079022644664,0.12505299657145358,93,0.7514096312099969,0.9478397257026134,0.8402030175062947,0.7674418604651163,0.7879807692307692,0.818975000822958,0.07104664964470118
153,7.517882251739502,3.525423720880229,0.031796503067016604,0.004449119182271223,128,10,3e-05,500,96,256,0.1,4,2,32,0.0001,"{'model__batch_size': 128, 'model__callbacks__early_stopping__patience': 10, 'model__lr': 3e-05, 'model__max_epochs': 500, 'model__module__d_model': 96, 'model__module__dim_feedforward': 256, 'model__module__dropout': 0.1, 'model__module__nhead': 4, 'model__module__num_layers': 2, 'model__module__patch_size': 32, 'model__optimizer__weight_decay': 0.0001}",0.4585858585858586,0.8365384615384616,0.7730423620025675,0.6260683760683761,0.6182115149040425,0.6624893146198613,0.13219584677587345,106,0.7537364130434783,0.8708965517241379,0.8445471938775511,0.7720803313767447,0.7840706336797572,0.8050662247403337,0.044846432296494126
154,12.87027449607849,6.9979645748779715,0.02998814582824707,0.0018401502886036124,128,10,3e-05,500,96,256,0.1,4,3,16,0.0001,"{'model__batch_size': 128, 'model__callbacks__early_stopping__patience': 10, 'model__lr': 3e-05, 'model__max_epochs': 500, 'model__module__d_model': 96, 'model__module__dim_feedforward': 256, 'model__module__dropout': 0.1, 'model__module__nhead': 4, 'model__module__num_layers': 3, 'model__module__patch_size': 16, 'model__optimizer__weight_decay': 0.0001}",0.4041501976284585,0.8466000644537544,0.7399235069137982,0.6142744686434007,0.6474358974358974,0.6504768270150618,0.14728319602567116,157,0.722538995303168,0.9338854984016274,0.8729227761485826,0.7862215909090908,0.7879807692307692,0.8207099259986477,0.07407167677746232
155,5.6636155128479,3.816182936391716,0.029230117797851562,0.003850930164561793,128,10,3e-05,500,96,256,0.1,4,3,32,0.0001,"{'model__batch_size': 128, 'model__callbacks__early_stopping__patience': 10, 'model__lr': 3e-05, 'model__max_epochs': 500, 'model__module__d_model': 96, 'model__module__dim_feedforward': 256, 'model__module__dropout': 0.1, 'model__module__nhead': 4, 'model__module__num_layers': 3, 'model__module__patch_size': 32, 'model__optimizer__weight_decay': 0.0001}",0.27956989247311825,0.8119815668202766,0.744360902255639,0.5057599405425492,0.6474358974358974,0.5978216399054961,0.1895042667012628,278,0.5175829383886256,0.8761995458208189,0.8402030175062947,0.5140712433465265,0.7778846153846154,0.7051882720893762,0.1577847112113276
156,10.964695644378661,4.9564620678830105,0.03306369781494141,0.0023184792880018273,128,10,3e-05,500,96,256,0.25,4,2,16,0.0001,"{'model__batch_size': 128, 'model__callbacks__early_stopping__patience': 10, 'model__lr': 3e-05, 'model__max_epochs': 500, 'model__module__d_model': 96, 'model__module__dim_feedforward': 256, 'model__module__dropout': 0.25, 'model__module__nhead': 4, 'model__module__num_layers': 2, 'model__module__patch_size': 16, 'model__optimizer__weight_decay': 0.0001}",0.39380952380952383,0.8466000644537544,0.7114568599717115,0.638095238095238,0.6474358974358974,0.647479516753225,0.1470908731842243,171,0.6887598092014156,0.8708965517241379,0.8756377551020409,0.7595717259839396,0.7754934210526316,0.7940718526128332,0.07096629367038489
157,7.824137020111084,3.667059445303902,0.02744908332824707,0.0019032156117661095,128,10,3e-05,500,96,256,0.25,4,2,32,0.0001,"{'model__batch_size': 128, 'model__callbacks__early_stopping__patience': 10, 'model__lr': 3e-05, 'model__max_epochs': 500, 'model__module__d_model': 96, 'model__module__dim_feedforward': 256, 'model__module__dropout': 0.25, 'model__module__nhead': 4, 'model__module__num_layers': 2, 'model__module__patch_size': 32, 'model__optimizer__weight_decay': 0.0001}",0.447940074906367,0.7548076923076923,0.7875,0.6260683760683761,0.6182115149040425,0.6469055316372956,0.12021186915789153,174,0.7522198023119451,0.8814539220513943,0.8385125523431709,0.7658617424242424,0.7801932367149758,0.8036482511691456,0.048769017246242705
158,12.403731727600098,8.631450623580305,0.03025846481323242,0.002826270431452632,128,10,3e-05,500,96,256,0.25,4,3,16,0.0001,"{'model__batch_size': 128, 'model__callbacks__early_stopping__patience': 10, 'model__lr': 3e-05, 'model__max_epochs': 500, 'model__module__d_model': 96, 'model__module__dim_feedforward': 256, 'model__module__dropout': 0.25, 'model__module__nhead': 4, 'model__module__num_layers': 3, 'model__module__patch_size': 16, 'model__optimizer__weight_decay': 0.0001}",0.48497554157931516,0.7861635220125787,0.7114568599717115,0.638095238095238,0.6474358974358974,0.6536254118189482,0.09963242661420664,143,0.7678280207561157,0.9860011845151564,0.8298935347647654,0.7584859584859585,0.7626984126984127,0.8209814222440818,0.08653187155189432
159,5.068363809585572,3.951242286055856,0.027694177627563477,0.0030082837778572006,128,10,3e-05,500,96,256,0.25,4,3,32,0.0001,"{'model__batch_size': 128, 'model__callbacks__early_stopping__patience': 10, 'model__lr': 3e-05, 'model__max_epochs': 500, 'model__module__d_model': 96, 'model__module__dim_feedforward': 256, 'model__module__dropout': 0.25, 'model__module__nhead': 4, 'model__module__num_layers': 3, 'model__module__patch_size': 32, 'model__optimizer__weight_decay': 0.0001}",0.41569767441860467,0.853763440860215,0.744360902255639,0.4677871148459384,0.45,0.5863218264760794,0.17790339292885748,281,0.705944055944056,0.8646781169798453,0.8280940073330528,0.45581395348837206,0.4544585710562136,0.661797740960308,0.17673858910141307
160,10.689348125457764,5.522204127346189,0.029328203201293944,0.0032384685923542923,128,10,3e-05,500,96,384,0.1,4,2,16,0.0001,"{'model__batch_size': 128, 'model__callbacks__early_stopping__patience': 10, 'model__lr': 3e-05, 'model__max_epochs': 500, 'model__module__d_model': 96, 'model__module__dim_feedforward': 384, 'model__module__dropout': 0.1, 'model__module__nhead': 4, 'model__module__num_layers': 2, 'model__module__patch_size': 16, 'model__optimizer__weight_decay': 0.0001}",0.5010638297872341,0.8365384615384616,0.7303727200634418,0.638095238095238,0.6474358974358974,0.6707012293840545,0.11085481320095267,82,0.761353245961597,0.8847517730496455,0.8974358974358974,0.7556818181818181,0.7901844532279314,0.8178814375713779,0.06104409208418258
161,7.224927663803101,4.607132439730738,0.027180957794189452,0.002483574432731322,128,10,3e-05,500,96,384,0.1,4,2,32,0.0001,"{'model__batch_size': 128, 'model__callbacks__early_stopping__patience': 10, 'model__lr': 3e-05, 'model__max_epochs': 500, 'model__module__d_model': 96, 'model__module__dim_feedforward': 384, 'model__module__dropout': 0.1, 'model__module__nhead': 4, 'model__module__num_layers': 2, 'model__module__patch_size': 32, 'model__optimizer__weight_decay': 0.0001}",0.3849986886965644,0.745837580699966,0.744360902255639,0.5982142857142857,0.7125435540069687,0.6371910022746847,0.13717698129039707,211,0.6264090177133655,0.9668070981743904,0.8737152959919178,0.6369825708061002,0.8392197455071119,0.7886267456385772,0.13480244662509508
162,11.734129476547242,7.519364487515385,0.03132719993591308,0.0032276588180196073,128,10,3e-05,500,96,384,0.1,4,3,16,0.0001,"{'model__batch_size': 128, 'model__callbacks__early_stopping__patience': 10, 'model__lr': 3e-05, 'model__max_epochs': 500, 'model__module__d_model': 96, 'model__module__dim_feedforward': 384, 'model__module__dropout': 0.1, 'model__module__nhead': 4, 'model__module__num_layers': 3, 'model__module__patch_size': 16, 'model__optimizer__weight_decay': 0.0001}",0.47767540751240256,0.853763440860215,0.6472836472836473,0.6000000000000001,0.6320346320346321,0.6421514255381794,0.12143923370971003,196,0.6618160071763182,0.8740591698338177,0.944973544973545,0.7532084495815066,0.7778846153846154,0.8023883573899605,0.09823128159960859
163,6.093662357330322,4.152941663555714,0.03258757591247559,0.00577084917721463,128,10,3e-05,500,96,384,0.1,4,3,32,0.0001,"{'model__batch_size': 128, 'model__callbacks__early_stopping__patience': 10, 'model__lr': 3e-05, 'model__max_epochs': 500, 'model__module__d_model': 96, 'model__module__dim_feedforward': 384, 'model__module__dropout': 0.1, 'model__module__nhead': 4, 'model__module__num_layers': 3, 'model__module__patch_size': 32, 'model__optimizer__weight_decay': 0.0001}",0.6058823529411765,0.8716981132075472,0.7078410311493019,0.43548387096774194,0.6182115149040425,0.6478233766339621,0.14244015867689858,169,0.7153045813055882,0.8751477541371158,0.8593496423634068,0.41496598639455784,0.7716245608164631,0.7272785050034263,0.16670762247577608
164,10.738266324996948,5.801172247675414,0.029859209060668947,0.0034778810552261734,128,10,3e-05,500,96,384,0.25,4,2,16,0.0001,"{'model__batch_size': 128, 'model__callbacks__early_stopping__patience': 10, 'model__lr': 3e-05, 'model__max_epochs': 500, 'model__module__d_model': 96, 'model__module__dim_feedforward': 384, 'model__module__dropout': 0.25, 'model__module__nhead': 4, 'model__module__num_layers': 2, 'model__module__patch_size': 16, 'model__optimizer__weight_decay': 0.0001}",0.35851063829787233,0.8365384615384616,0.744360902255639,0.638095238095238,0.6474358974358974,0.6449882275246217,0.16043025534754451,183,0.6543187236383642,0.885722657680756,0.8917504312139416,0.7634914308489438,0.7901844532279314,0.7970935393219873,0.08760882713708655
165,6.948436832427978,3.9713648375378616,0.027367925643920897,0.000843781623038872,128,10,3e-05,500,96,384,0.25,4,2,32,0.0001,"{'model__batch_size': 128, 'model__callbacks__early_stopping__patience': 10, 'model__lr': 3e-05, 'model__max_epochs': 500, 'model__module__d_model': 96, 'model__module__dim_feedforward': 384, 'model__module__dropout': 0.25, 'model__module__nhead': 4, 'model__module__num_layers': 2, 'model__module__patch_size': 32, 'model__optimizer__weight_decay': 0.0001}",0.4257142857142857,0.853763440860215,0.7215397215397216,0.6142744686434007,0.6182115149040425,0.646700686332333,0.14083603746473936,175,0.594437563337462,0.8772159256030223,0.8093841642228738,0.7664618762398167,0.7754934210526316,0.7645985900911614,0.09355784960218158
166,10.205923271179199,6.970855426498609,0.030063772201538087,0.002673609628758542,128,10,3e-05,500,96,384,0.25,4,3,16,0.0001,"{'model__batch_size': 128, 'model__callbacks__early_stopping__patience': 10, 'model__lr': 3e-05, 'model__max_epochs': 500, 'model__module__d_model': 96, 'model__module__dim_feedforward': 384, 'model__module__dropout': 0.25, 'model__module__nhead': 4, 'model__module__num_layers': 3, 'model__module__patch_size': 16, 'model__optimizer__weight_decay': 0.0001}",0.5379310344827586,0.8199470432480142,0.6862745098039216,0.638095238095238,0.5827755466309683,0.6530046744521801,0.09733755775271753,145,0.7402985074626866,0.8500900900900901,0.8769230769230769,0.7556818181818181,0.7190961363865631,0.788417925808847,0.06297500976440416
167,5.76458249092102,4.029629441955629,0.030237865447998048,0.002933744304597311,128,10,3e-05,500,96,384,0.25,4,3,32,0.0001,"{'model__batch_size': 128, 'model__callbacks__early_stopping__patience': 10, 'model__lr': 3e-05, 'model__max_epochs': 500, 'model__module__d_model': 96, 'model__module__dim_feedforward': 384, 'model__module__dropout': 0.25, 'model__module__nhead': 4, 'model__module__num_layers': 3, 'model__module__patch_size': 32, 'model__optimizer__weight_decay': 0.0001}",0.38323643410852715,0.8365384615384616,0.6844116844116844,0.46070878274268107,0.6474358974358974,0.6024662520474504,0.16228617644454735,272,0.5767728674203494,0.8781981981981982,0.8756377551020409,0.49701834862385325,0.7840706336797572,0.7223395606048397,0.157201964023856
168,13.192817974090577,5.244724473497043,0.030545616149902345,0.0015526842290298777,128,10,3e-05,500,128,128,0.1,4,2,16,0.0001,"{'model__batch_size': 128, 'model__callbacks__early_stopping__patience': 10, 'model__lr': 3e-05, 'model__max_epochs': 500, 'model__module__d_model': 128, 'model__module__dim_feedforward': 128, 'model__module__dropout': 0.1, 'model__module__nhead': 4, 'model__module__num_layers': 2, 'model__module__patch_size': 16, 'model__optimizer__weight_decay': 0.0001}",0.6300120048019208,0.7751322751322751,0.80795892169448,0.5886752136752137,0.6474358974358974,0.6898428625479573,0.08583549700952808,43,0.9602255409935996,0.90476888140063,0.8711314657308828,0.7467700258397933,0.7817745803357314,0.8529340988601273,0.07856707945955603
169,6.981853771209717,3.4197145745414885,0.029681587219238283,0.0036065479799051075,128,10,3e-05,500,128,128,0.1,4,2,32,0.0001,"{'model__batch_size': 128, 'model__callbacks__early_stopping__patience': 10, 'model__lr': 3e-05, 'model__max_epochs': 500, 'model__module__d_model': 128, 'model__module__dim_feedforward': 128, 'model__module__dropout': 0.1, 'model__module__nhead': 4, 'model__module__num_layers': 2, 'model__module__patch_size': 32, 'model__optimizer__weight_decay': 0.0001}",0.46920521339125987,0.7861635220125787,0.7355555555555555,0.6260683760683761,0.6594427244582044,0.6552870782971949,0.10869142961870042,138,0.7674281922457105,0.9814073226544622,0.8219321569575376,0.7674418604651163,0.8022025793363281,0.8280824223318308,0.07946361490322701
170,11.570362758636474,5.418722913158657,0.030789804458618165,0.0019504590473223855,128,10,3e-05,500,128,128,0.1,4,3,16,0.0001,"{'model__batch_size': 128, 'model__callbacks__early_stopping__patience': 10, 'model__lr': 3e-05, 'model__max_epochs': 500, 'model__module__d_model': 128, 'model__module__dim_feedforward': 128, 'model__module__dropout': 0.1, 'model__module__nhead': 4, 'model__module__num_layers': 3, 'model__module__patch_size': 16, 'model__optimizer__weight_decay': 0.0001}",0.5939393939393939,0.8716981132075472,0.7730423620025675,0.638095238095238,0.6182115149040425,0.6989973244297578,0.10637745055524692,33,0.787221537586501,0.885722657680756,0.9396798391462378,0.7777777777777777,0.7919245998549997,0.8364652824092544,0.06470328546138354
171,6.094739961624145,3.7033838659818907,0.02819209098815918,0.002889436655317639,128,10,3e-05,500,128,128,0.1,4,3,32,0.0001,"{'model__batch_size': 128, 'model__callbacks__early_stopping__patience': 10, 'model__lr': 3e-05, 'model__max_epochs': 500, 'model__module__d_model': 128, 'model__module__dim_feedforward': 128, 'model__module__dropout': 0.1, 'model__module__nhead': 4, 'model__module__num_layers': 3, 'model__module__patch_size': 32, 'model__optimizer__weight_decay': 0.0001}",0.47767540751240256,0.8466000644537544,0.744360902255639,0.6618357487922705,0.7424435930183056,0.6945831432064744,0.12328742834733636,36,0.7716535433070866,0.8751477541371158,0.8505125002478241,0.619754363283775,0.8139526542324247,0.7862041630416452,0.09025935936914407
172,10.526437854766845,4.709046318162795,0.030698633193969725,0.00224572238479215,128,10,3e-05,500,128,128,0.25,4,2,16,0.0001,"{'model__batch_size': 128, 'model__callbacks__early_stopping__patience': 10, 'model__lr': 3e-05, 'model__max_epochs': 500, 'model__module__d_model': 128, 'model__module__dim_feedforward': 128, 'model__module__dropout': 0.25, 'model__module__nhead': 4, 'model__module__num_layers': 2, 'model__module__patch_size': 16, 'model__optimizer__weight_decay': 0.0001}",0.4257142857142857,0.8716981132075472,0.6977777777777778,0.5886752136752137,0.6474358974358974,0.6462602575621443,0.14521310323387118,178,0.764027529199033,0.8847517730496455,0.8402030175062947,0.7532084495815066,0.7817745803357314,0.8047930699344423,0.04999982364512763
173,7.071613693237305,3.416789534766476,0.03153948783874512,0.00258862255421752,128,10,3e-05,500,128,128,0.25,4,2,32,0.0001,"{'model__batch_size': 128, 'model__callbacks__early_stopping__patience': 10, 'model__lr': 3e-05, 'model__max_epochs': 500, 'model__module__d_model': 128, 'model__module__dim_feedforward': 128, 'model__module__dropout': 0.25, 'model__module__nhead': 4, 'model__module__num_layers': 2, 'model__module__patch_size': 32, 'model__optimizer__weight_decay': 0.0001}",0.46825396825396826,0.7751322751322751,0.7215397215397216,0.6260683760683761,0.6753246753246753,0.6532638032638033,0.10485078715848604,144,0.6896926952141058,0.9282758620689655,0.8349409186787082,0.7595717259839396,0.8101668862538428,0.8045296176399124,0.07934543441556513
174,12.40562915802002,8.232214060110316,0.033532238006591795,0.004542966372353665,128,10,3e-05,500,128,128,0.25,4,3,16,0.0001,"{'model__batch_size': 128, 'model__callbacks__early_stopping__patience': 10, 'model__lr': 3e-05, 'model__max_epochs': 500, 'model__module__d_model': 128, 'model__module__dim_feedforward': 128, 'model__module__dropout': 0.25, 'model__module__nhead': 4, 'model__module__num_layers': 3, 'model__module__patch_size': 16, 'model__optimizer__weight_decay': 0.0001}",0.3909090909090909,0.8201058201058201,0.68125,0.6260683760683761,0.6474358974358974,0.6331538369038369,0.13870903568122636,223,0.6231527093596059,0.9149956408020925,0.9355834651521793,0.7518208052768998,0.7754934210526316,0.8002092083286818,0.11472002964456571
175,8.36540207862854,5.283361201976819,0.02956366539001465,0.0012937582911685971,128,10,3e-05,500,128,128,0.25,4,3,32,0.0001,"{'model__batch_size': 128, 'model__callbacks__early_stopping__patience': 10, 'model__lr': 3e-05, 'model__max_epochs': 500, 'model__module__d_model': 128, 'model__module__dim_feedforward': 128, 'model__module__dropout': 0.25, 'model__module__nhead': 4, 'model__module__num_layers': 3, 'model__module__patch_size': 32, 'model__optimizer__weight_decay': 0.0001}",0.47767540751240256,0.7146853146853147,0.7303727200634418,0.6142744686434007,0.708044099632503,0.6490104021074126,0.09484752375815124,164,0.7734375,1.0,0.8114575779550399,0.7619505683268223,0.8545396419437341,0.8402770576451193,0.08619508968625424
176,10.24983878135681,5.414066219797736,0.030807065963745116,0.0036789936989286747,128,10,3e-05,500,128,256,0.1,4,2,16,0.0001,"{'model__batch_size': 128, 'model__callbacks__early_stopping__patience': 10, 'model__lr': 3e-05, 'model__max_epochs': 500, 'model__module__d_model': 128, 'model__module__dim_feedforward': 256, 'model__module__dropout': 0.1, 'model__module__nhead': 4, 'model__module__num_layers': 2, 'model__module__patch_size': 16, 'model__optimizer__weight_decay': 0.0001}",0.40323886639676115,0.8716981132075472,0.7520833333333333,0.6260683760683761,0.6182115149040425,0.654260040782012,0.15617593161096555,141,0.6934049337137104,0.9256292906178489,0.892855040326537,0.7634914308489438,0.7754934210526316,0.8101748233119344,0.08623583735058281
177,6.373760128021241,2.730866839392626,0.0293881893157959,0.001391089611809354,128,10,3e-05,500,128,256,0.1,4,2,32,0.0001,"{'model__batch_size': 128, 'model__callbacks__early_stopping__patience': 10, 'model__lr': 3e-05, 'model__max_epochs': 500, 'model__module__d_model': 128, 'model__module__dim_feedforward': 256, 'model__module__dropout': 0.1, 'model__module__nhead': 4, 'model__module__num_layers': 2, 'model__module__patch_size': 32, 'model__optimizer__weight_decay': 0.0001}",0.4265101491807288,0.8289308176100629,0.7114568599717115,0.638095238095238,0.6182115149040425,0.6446409159523567,0.13171904097659132,185,0.7414660164583968,0.9338854984016274,0.8298935347647654,0.7902646971349261,0.7941138600202335,0.8179247213559897,0.06444861816908071
178,12.646762275695801,6.8147002951695566,0.030875492095947265,0.0010862422931151433,128,10,3e-05,500,128,256,0.1,4,3,16,0.0001,"{'model__batch_size': 128, 'model__callbacks__early_stopping__patience': 10, 'model__lr': 3e-05, 'model__max_epochs': 500, 'model__module__d_model': 128, 'model__module__dim_feedforward': 256, 'model__module__dropout': 0.1, 'model__module__nhead': 4, 'model__module__num_layers': 3, 'model__module__patch_size': 16, 'model__optimizer__weight_decay': 0.0001}",0.45528455284552843,0.8904286174669674,0.7875,0.638095238095238,0.7708333333333333,0.7084283483482133,0.14986616282843554,15,0.6932647106500243,0.9206733789192196,0.8680099968759762,0.7658617424242424,0.8727044476327117,0.8241028553004348,0.08261533176740608
179,6.226451778411866,2.720213794648187,0.030942964553833007,0.003309721509101971,128,10,3e-05,500,128,256,0.1,4,3,32,0.0001,"{'model__batch_size': 128, 'model__callbacks__early_stopping__patience': 10, 'model__lr': 3e-05, 'model__max_epochs': 500, 'model__module__d_model': 128, 'model__module__dim_feedforward': 256, 'model__module__dropout': 0.1, 'model__module__nhead': 4, 'model__module__num_layers': 3, 'model__module__patch_size': 32, 'model__optimizer__weight_decay': 0.0001}",0.3937393005624847,0.770199692780338,0.7586677586677587,0.6260683760683761,0.725,0.6547350256157916,0.1400084385175837,139,0.6756854256854257,0.8890764408005787,0.9040236249538575,0.7822100944266672,0.7943687230989958,0.8090728617931049,0.08263927414433597
180,11.351880073547363,7.350181050011578,0.029670906066894532,0.0037805814294945375,128,10,3e-05,500,128,256,0.25,4,2,16,0.0001,"{'model__batch_size': 128, 'model__callbacks__early_stopping__patience': 10, 'model__lr': 3e-05, 'model__max_epochs': 500, 'model__module__d_model': 128, 'model__module__dim_feedforward': 256, 'model__module__dropout': 0.25, 'model__module__nhead': 4, 'model__module__num_layers': 2, 'model__module__patch_size': 16, 'model__optimizer__weight_decay': 0.0001}",0.3937393005624847,0.91005291005291,0.7588652482269503,0.577538703752296,0.6182115149040425,0.6516815354997367,0.17400903068813184,151,0.7336734693877551,0.9527753560011625,0.9315789473684211,0.7658617424242424,0.773015873015873,0.8313810776394908,0.09167577763536693
181,5.839617204666138,2.5187202364798655,0.03110079765319824,0.004705469912072312,128,10,3e-05,500,128,256,0.25,4,2,32,0.0001,"{'model__batch_size': 128, 'model__callbacks__early_stopping__patience': 10, 'model__lr': 3e-05, 'model__max_epochs': 500, 'model__module__d_model': 128, 'model__module__dim_feedforward': 256, 'model__module__dropout': 0.25, 'model__module__nhead': 4, 'model__module__num_layers': 2, 'model__module__patch_size': 32, 'model__optimizer__weight_decay': 0.0001}",0.47767540751240256,0.8716981132075472,0.7215397215397216,0.6142744686434007,0.6474358974358974,0.666524721667794,0.12952320750773905,90,0.7197438550594483,0.8708965517241379,0.8500700222423594,0.7862215909090908,0.8041570863607099,0.8062178212591492,0.05289271479603932
182,10.792365884780883,6.902078222334858,0.03244791030883789,0.004207291764435756,128,10,3e-05,500,128,256,0.25,4,3,16,0.0001,"{'model__batch_size': 128, 'model__callbacks__early_stopping__patience': 10, 'model__lr': 3e-05, 'model__max_epochs': 500, 'model__module__d_model': 128, 'model__module__dim_feedforward': 256, 'model__module__dropout': 0.25, 'model__module__nhead': 4, 'model__module__num_layers': 3, 'model__module__patch_size': 16, 'model__optimizer__weight_decay': 0.0001}",0.43725296442687744,0.8904286174669674,0.7215397215397216,0.6260683760683761,0.6182115149040425,0.658700238881197,0.14791207700925632,118,0.7124495042232831,0.9628146453089245,0.8402030175062947,0.7720803313767447,0.7941138600202335,0.8163322716870962,0.08398859410898532
183,6.403181505203247,3.6943695543155544,0.032547807693481444,0.005069368606251579,128,10,3e-05,500,128,256,0.25,4,3,32,0.0001,"{'model__batch_size': 128, 'model__callbacks__early_stopping__patience': 10, 'model__lr': 3e-05, 'model__max_epochs': 500, 'model__module__d_model': 128, 'model__module__dim_feedforward': 256, 'model__module__dropout': 0.25, 'model__module__nhead': 4, 'model__module__num_layers': 3, 'model__module__patch_size': 32, 'model__optimizer__weight_decay': 0.0001}",0.49242424242424243,0.8774038461538461,0.7114568599717115,0.6026831785345717,0.708044099632503,0.678402445343375,0.12797974749704794,71,0.7168471507189775,0.8751477541371158,0.8316293490845582,0.7479878096428851,0.8041570863607099,0.7951538299888492,0.05686320341448933
184,10.909271812438964,4.478516938302604,0.030722522735595705,0.0033313996620578266,128,10,3e-05,500,128,384,0.1,4,2,16,0.0001,"{'model__batch_size': 128, 'model__callbacks__early_stopping__patience': 10, 'model__lr': 3e-05, 'model__max_epochs': 500, 'model__module__d_model': 128, 'model__module__dim_feedforward': 384, 'model__module__dropout': 0.1, 'model__module__nhead': 4, 'model__module__num_layers': 2, 'model__module__patch_size': 16, 'model__optimizer__weight_decay': 0.0001}",0.5958562811434566,0.8466000644537544,0.6844116844116844,0.6260683760683761,0.7529603919967334,0.701179359614801,0.09038166003134289,28,0.7706995177759122,0.8601398601398602,0.8974358974358974,0.7556818181818181,0.8727044476327117,0.8313323082332399,0.057114876161081046
185,6.04330153465271,3.8373354449843977,0.0278501033782959,0.0019712237867720644,128,10,3e-05,500,128,384,0.1,4,2,32,0.0001,"{'model__batch_size': 128, 'model__callbacks__early_stopping__patience': 10, 'model__lr': 3e-05, 'model__max_epochs': 500, 'model__module__d_model': 128, 'model__module__dim_feedforward': 384, 'model__module__dropout': 0.1, 'model__module__nhead': 4, 'model__module__num_layers': 2, 'model__module__patch_size': 32, 'model__optimizer__weight_decay': 0.0001}",0.40290806754221387,0.8365384615384616,0.744360902255639,0.5537340619307832,0.7424435930183056,0.6559970172570806,0.1564532698513708,136,0.7314814814814815,0.9619075525602521,0.8273976882224305,0.5046606750326943,0.8061679622785778,0.7663230719150873,0.15050060430482576
186,11.066138410568238,6.973625335349717,0.033729171752929686,0.0033986520118237467,128,10,3e-05,500,128,384,0.1,4,3,16,0.0001,"{'model__batch_size': 128, 'model__callbacks__early_stopping__patience': 10, 'model__lr': 3e-05, 'model__max_epochs': 500, 'model__module__d_model': 128, 'model__module__dim_feedforward': 384, 'model__module__dropout': 0.1, 'model__module__nhead': 4, 'model__module__num_layers': 3, 'model__module__patch_size': 16, 'model__optimizer__weight_decay': 0.0001}",0.48062015503875966,0.8904286174669674,0.7215397215397216,0.5886752136752137,0.6182115149040425,0.659895044524941,0.13848831099112724,114,0.6756854256854257,0.914291993260567,0.9396798391462378,0.7556818181818181,0.7817745803357314,0.8134227313219562,0.09942097279277366
187,6.721390342712402,3.5002008354426675,0.029754257202148436,0.0037475609939525575,128,10,3e-05,500,128,384,0.1,4,3,32,0.0001,"{'model__batch_size': 128, 'model__callbacks__early_stopping__patience': 10, 'model__lr': 3e-05, 'model__max_epochs': 500, 'model__module__d_model': 128, 'model__module__dim_feedforward': 384, 'model__module__dropout': 0.1, 'model__module__nhead': 4, 'model__module__num_layers': 3, 'model__module__patch_size': 32, 'model__optimizer__weight_decay': 0.0001}",0.6792553191489361,0.8027715114405414,0.80795892169448,0.6834782608695652,0.6333333333333333,0.7213594692973712,0.07082899376079341,7,0.8508457787259982,0.9231678486997636,0.8549107142857143,0.6095107899619178,0.8001756697408872,0.8077221602828561,0.10654464783795406
188,10.390125179290772,5.682452625079824,0.030604076385498048,0.001957198683804547,128,10,3e-05,500,128,384,0.25,4,2,16,0.0001,"{'model__batch_size': 128, 'model__callbacks__early_stopping__patience': 10, 'model__lr': 3e-05, 'model__max_epochs': 500, 'model__module__d_model': 128, 'model__module__dim_feedforward': 384, 'model__module__dropout': 0.25, 'model__module__nhead': 4, 'model__module__num_layers': 2, 'model__module__patch_size': 16, 'model__optimizer__weight_decay': 0.0001}",0.4451345755693582,0.8650793650793651,0.6977777777777778,0.6260683760683761,0.6182115149040425,0.6504543218797839,0.13571579851021096,158,0.7503172526893267,0.8961057832025574,0.8593496423634068,0.7883097601000235,0.7754934210526316,0.8139151718815892,0.05476522815095217
189,6.522120189666748,3.426190640586183,0.02832026481628418,0.002767205820805396,128,10,3e-05,500,128,384,0.25,4,2,32,0.0001,"{'model__batch_size': 128, 'model__callbacks__early_stopping__patience': 10, 'model__lr': 3e-05, 'model__max_epochs': 500, 'model__module__d_model': 128, 'model__module__dim_feedforward': 384, 'model__module__dropout': 0.25, 'model__module__nhead': 4, 'model__module__num_layers': 2, 'model__module__patch_size': 32, 'model__optimizer__weight_decay': 0.0001}",0.4576190476190476,0.770199692780338,0.6729844413012729,0.6260683760683761,0.6753246753246753,0.6404392466187419,0.10270706237025794,204,0.6756612817326468,0.914291993260567,0.8358974358974358,0.7777777777777777,0.8001756697408872,0.800760831681863,0.07784904133509069
190,13.434988927841186,5.0958726058097366,0.03463931083679199,0.0030336541426048383,128,10,3e-05,500,128,384,0.25,4,3,16,0.0001,"{'model__batch_size': 128, 'model__callbacks__early_stopping__patience': 10, 'model__lr': 3e-05, 'model__max_epochs': 500, 'model__module__d_model': 128, 'model__module__dim_feedforward': 384, 'model__module__dropout': 0.25, 'model__module__nhead': 4, 'model__module__num_layers': 3, 'model__module__patch_size': 16, 'model__optimizer__weight_decay': 0.0001}",0.7572463768115942,0.8201058201058201,0.7984189723320159,0.638095238095238,0.6182115149040425,0.7264155844497421,0.08297167001803255,6,0.8537023793416704,0.8761995458208189,0.924963924963925,0.7479878096428851,0.8061679622785778,0.8418043244095754,0.06051710977955707
191,6.075919246673584,2.480670416846453,0.028247594833374023,0.002339352907258894,128,10,3e-05,500,128,384,0.25,4,3,32,0.0001,"{'model__batch_size': 128, 'model__callbacks__early_stopping__patience': 10, 'model__lr': 3e-05, 'model__max_epochs': 500, 'model__module__d_model': 128, 'model__module__dim_feedforward': 384, 'model__module__dropout': 0.25, 'model__module__nhead': 4, 'model__module__num_layers': 3, 'model__module__patch_size': 32, 'model__optimizer__weight_decay': 0.0001}",0.6231352408901931,0.7861635220125787,0.7933130699088147,0.6026831785345717,0.6182115149040425,0.6847013052500401,0.08605735583155176,58,0.7775018532246107,0.8677709968032549,0.8666666666666667,0.784310294546515,0.7754934210526316,0.8143486464587358,0.043268556836136673
192,5.293754005432129,2.710264864310437,0.028675270080566407,0.0010893986163984896,128,10,0.0001,500,96,128,0.1,4,2,16,0.0001,"{'model__batch_size': 128, 'model__callbacks__early_stopping__patience': 10, 'model__lr': 0.0001, 'model__max_epochs': 500, 'model__module__d_model': 96, 'model__module__dim_feedforward': 128, 'model__module__dropout': 0.1, 'model__module__nhead': 4, 'model__module__num_layers': 2, 'model__module__patch_size': 16, 'model__optimizer__weight_decay': 0.0001}",0.46920521339125987,0.8844716275908937,0.6862745098039216,0.6260683760683761,0.8297213622291022,0.6991482178167108,0.1481717200846586,32,0.7427179774629376,0.8909376082872827,0.8564102564102565,0.8004956875185882,0.9127237851662404,0.8406570629690611,0.06192723041956342
193,2.7094078063964844,1.7516718687540112,0.02750997543334961,0.002718019967739904,128,10,0.0001,500,96,128,0.1,4,2,32,0.0001,"{'model__batch_size': 128, 'model__callbacks__early_stopping__patience': 10, 'model__lr': 0.0001, 'model__max_epochs': 500, 'model__module__d_model': 96, 'model__module__dim_feedforward': 128, 'model__module__dropout': 0.1, 'model__module__nhead': 4, 'model__module__num_layers': 2, 'model__module__patch_size': 32, 'model__optimizer__weight_decay': 0.0001}",0.36012112741672486,0.853763440860215,0.744360902255639,0.43089430894308944,0.6182115149040425,0.6014702588759422,0.18530807497042603,274,0.6117733357784705,0.9200419689212902,0.8623330074942979,0.44283051800136086,0.7754934210526316,0.7224944502496102,0.17427553776825805
194,5.057091999053955,2.582323477790508,0.029179191589355467,0.002516316366819865,128,10,0.0001,500,96,128,0.1,4,3,16,0.0001,"{'model__batch_size': 128, 'model__callbacks__early_stopping__patience': 10, 'model__lr': 0.0001, 'model__max_epochs': 500, 'model__module__d_model': 96, 'model__module__dim_feedforward': 128, 'model__module__dropout': 0.1, 'model__module__nhead': 4, 'model__module__num_layers': 3, 'model__module__patch_size': 16, 'model__optimizer__weight_decay': 0.0001}",0.6027667984189724,0.8904286174669674,0.744360902255639,0.6000000000000001,0.6474358974358974,0.6969984431154953,0.10991194807547232,35,0.7674281922457105,0.96222028480093,0.8153846153846154,0.7689865689865689,0.7639841809988044,0.8156007684833257,0.07570347691752323
195,2.9001906394958494,1.8823806408873935,0.029241418838500975,0.0019899264719008087,128,10,0.0001,500,96,128,0.1,4,3,32,0.0001,"{'model__batch_size': 128, 'model__callbacks__early_stopping__patience': 10, 'model__lr': 0.0001, 'model__max_epochs': 500, 'model__module__d_model': 96, 'model__module__dim_feedforward': 128, 'model__module__dropout': 0.1, 'model__module__nhead': 4, 'model__module__num_layers': 3, 'model__module__patch_size': 32, 'model__optimizer__weight_decay': 0.0001}",0.3792090395480226,0.8201058201058201,0.7215397215397216,0.6142744686434007,0.45,0.5970258099673931,0.1640893997776922,279,0.722924950968926,0.9433304272013949,0.8051282051282052,0.7923398574765896,0.5213675213675214,0.7570181924285274,0.13781729213311072
196,4.532038021087646,2.0020345850938472,0.029157447814941406,0.0011735092028290503,128,10,0.0001,500,96,128,0.25,4,2,16,0.0001,"{'model__batch_size': 128, 'model__callbacks__early_stopping__patience': 10, 'model__lr': 0.0001, 'model__max_epochs': 500, 'model__module__d_model': 96, 'model__module__dim_feedforward': 128, 'model__module__dropout': 0.25, 'model__module__nhead': 4, 'model__module__num_layers': 2, 'model__module__patch_size': 16, 'model__optimizer__weight_decay': 0.0001}",0.47268518518518515,0.8466000644537544,0.7730423620025675,0.638095238095238,0.6320346320346321,0.6724914963542755,0.12897030084796385,79,0.7218915343915344,0.9091494252873563,0.8756377551020409,0.7800337067512639,0.7901844532279314,0.8153793749520254,0.06789399294797678
197,3.595356273651123,1.4606487383390312,0.028467798233032228,0.0029594497294573243,128,10,0.0001,500,96,128,0.25,4,2,32,0.0001,"{'model__batch_size': 128, 'model__callbacks__early_stopping__patience': 10, 'model__lr': 0.0001, 'model__max_epochs': 500, 'model__module__d_model': 96, 'model__module__dim_feedforward': 128, 'model__module__dropout': 0.25, 'model__module__nhead': 4, 'model__module__num_layers': 2, 'model__module__patch_size': 32, 'model__optimizer__weight_decay': 0.0001}",0.4460193716040633,0.8289308176100629,0.7355555555555555,0.6260683760683761,0.6978021978021978,0.6668752637280511,0.1283573039971589,89,0.73880652335063,0.9538712653466752,0.8814409484724122,0.7863374612406833,0.8531205164992827,0.8427153429819368,0.07475170577329722
198,6.257394313812256,4.3553058929086905,0.03037433624267578,0.0032899732990056027,128,10,0.0001,500,96,128,0.25,4,3,16,0.0001,"{'model__batch_size': 128, 'model__callbacks__early_stopping__patience': 10, 'model__lr': 0.0001, 'model__max_epochs': 500, 'model__module__d_model': 96, 'model__module__dim_feedforward': 128, 'model__module__dropout': 0.25, 'model__module__nhead': 4, 'model__module__num_layers': 3, 'model__module__patch_size': 16, 'model__optimizer__weight_decay': 0.0001}",0.46914765906362543,0.91005291005291,0.7588652482269503,0.638095238095238,0.6182115149040425,0.6788745140685533,0.14776350757064388,69,0.7484803558191253,0.9812612612612612,0.920343137254902,0.7571059431524547,0.7840706336797572,0.8382522662335001,0.09462542440497838
199,2.593353509902954,1.5589319811364628,0.03180055618286133,0.002409468802159263,128,10,0.0001,500,96,128,0.25,4,3,32,0.0001,"{'model__batch_size': 128, 'model__callbacks__early_stopping__patience': 10, 'model__lr': 0.0001, 'model__max_epochs': 500, 'model__module__d_model': 96, 'model__module__dim_feedforward': 128, 'model__module__dropout': 0.25, 'model__module__nhead': 4, 'model__module__num_layers': 3, 'model__module__patch_size': 32, 'model__optimizer__weight_decay': 0.0001}",0.4122807017543859,0.853763440860215,0.7303727200634418,0.43548387096774194,0.6474358974358974,0.6158673262163364,0.17011074384577335,259,0.5199343805925631,0.8995862068965517,0.819584052023236,0.416289592760181,0.7550837320574162,0.6820955928659895,0.18356557439437723
200,4.909908390045166,2.4980756688302495,0.034341621398925784,0.007316244449008965,128,10,0.0001,500,96,256,0.1,4,2,16,0.0001,"{'model__batch_size': 128, 'model__callbacks__early_stopping__patience': 10, 'model__lr': 0.0001, 'model__max_epochs': 500, 'model__module__d_model': 96, 'model__module__dim_feedforward': 256, 'model__module__dropout': 0.1, 'model__module__nhead': 4, 'model__module__num_layers': 2, 'model__module__patch_size': 16, 'model__optimizer__weight_decay': 0.0001}",0.4832123411978222,0.838260278627251,0.7663230240549828,0.638095238095238,0.6474358974358974,0.6746653558822382,0.12157096745259449,74,0.7730908332174156,0.9527753560011625,0.924963924963925,0.7634914308489438,0.7754934210526316,0.8379629932168158,0.0829552879132674
201,3.164144515991211,2.130747428764799,0.03056926727294922,0.0028864634372093496,128,10,0.0001,500,96,256,0.1,4,2,32,0.0001,"{'model__batch_size': 128, 'model__callbacks__early_stopping__patience': 10, 'model__lr': 0.0001, 'model__max_epochs': 500, 'model__module__d_model': 96, 'model__module__dim_feedforward': 256, 'model__module__dropout': 0.1, 'model__module__nhead': 4, 'model__module__num_layers': 2, 'model__module__patch_size': 32, 'model__optimizer__weight_decay': 0.0001}",0.3937393005624847,0.7861635220125787,0.744360902255639,0.43548387096774194,0.6182115149040425,0.5955918221404974,0.15832906175891825,280,0.7271436179655602,0.9860011845151564,0.8666666666666667,0.416289592760181,0.7817745803357314,0.7555751284486592,0.19081243878372015
202,5.548464775085449,3.5622794462252454,0.03131179809570313,0.004058650617361823,128,10,0.0001,500,96,256,0.1,4,3,16,0.0001,"{'model__batch_size': 128, 'model__callbacks__early_stopping__patience': 10, 'model__lr': 0.0001, 'model__max_epochs': 500, 'model__module__d_model': 96, 'model__module__dim_feedforward': 256, 'model__module__dropout': 0.1, 'model__module__nhead': 4, 'model__module__num_layers': 3, 'model__module__patch_size': 16, 'model__optimizer__weight_decay': 0.0001}",0.37962962962962965,0.8650793650793651,0.7114568599717115,0.6260683760683761,0.6631278072682727,0.6490724076034711,0.15740201771524004,163,0.48122952884857645,0.9814073226544622,0.8974358974358974,0.7610341494845361,0.8001756697408872,0.7842565136328717,0.1698799962627684
203,2.980468511581421,2.080128010645665,0.02906031608581543,0.003941632730425101,128,10,0.0001,500,96,256,0.1,4,3,32,0.0001,"{'model__batch_size': 128, 'model__callbacks__early_stopping__patience': 10, 'model__lr': 0.0001, 'model__max_epochs': 500, 'model__module__d_model': 96, 'model__module__dim_feedforward': 256, 'model__module__dropout': 0.1, 'model__module__nhead': 4, 'model__module__num_layers': 3, 'model__module__patch_size': 32, 'model__optimizer__weight_decay': 0.0001}",0.42254833449802,0.8904286174669674,0.7588652482269503,0.43548387096774194,0.648786717752235,0.6312225577823829,0.18201511063416403,229,0.7380645161290322,0.971891891891892,0.8505125002478241,0.42455754134924545,0.7941138600202335,0.7558280619276455,0.1828497881749041
204,4.606270837783813,2.25682702574615,0.031565380096435544,0.002723961890078338,128,10,0.0001,500,96,256,0.25,4,2,16,0.0001,"{'model__batch_size': 128, 'model__callbacks__early_stopping__patience': 10, 'model__lr': 0.0001, 'model__max_epochs': 500, 'model__module__d_model': 96, 'model__module__dim_feedforward': 256, 'model__module__dropout': 0.25, 'model__module__nhead': 4, 'model__module__num_layers': 2, 'model__module__patch_size': 16, 'model__optimizer__weight_decay': 0.0001}",0.4657097288676236,0.838260278627251,0.6999117387466902,0.638095238095238,0.6474358974358974,0.6578825763545401,0.11977782861249023,123,0.7603305785123966,0.9576692776642124,0.8608219829893535,0.7674418604651163,0.7716245608164631,0.8235776520895083,0.07644376670943799
205,2.8552613735198973,1.843454965980164,0.027105188369750975,0.0024020339031138324,128,10,0.0001,500,96,256,0.25,4,2,32,0.0001,"{'model__batch_size': 128, 'model__callbacks__early_stopping__patience': 10, 'model__lr': 0.0001, 'model__max_epochs': 500, 'model__module__d_model': 96, 'model__module__dim_feedforward': 256, 'model__module__dropout': 0.25, 'model__module__nhead': 4, 'model__module__num_layers': 2, 'model__module__patch_size': 32, 'model__optimizer__weight_decay': 0.0001}",0.42014162077104644,0.7861635220125787,0.7520833333333333,0.4214876033057851,0.6182115149040425,0.5996175188653573,0.15641792568263577,276,0.6520897832817337,0.9628146453089245,0.8418336309582213,0.4395040987167975,0.7817745803357314,0.7356033477202817,0.17871256825171333
206,5.837216424942016,3.7240899756318826,0.03233070373535156,0.004739794341016676,128,10,0.0001,500,96,256,0.25,4,3,16,0.0001,"{'model__batch_size': 128, 'model__callbacks__early_stopping__patience': 10, 'model__lr': 0.0001, 'model__max_epochs': 500, 'model__module__d_model': 96, 'model__module__dim_feedforward': 256, 'model__module__dropout': 0.25, 'model__module__nhead': 4, 'model__module__num_layers': 3, 'model__module__patch_size': 16, 'model__optimizer__weight_decay': 0.0001}",0.37383177570093457,0.8716981132075472,0.7215397215397216,0.6260683760683761,0.6182115149040425,0.6422699002841245,0.16237076797926397,194,0.48122952884857645,0.9768481416181368,0.8814409484724122,0.7681487848714543,0.7754934210526316,0.7766321649726423,0.16637746260086714
207,2.4527989864349364,1.2640623616133668,0.027833843231201173,0.0017242612603069244,128,10,0.0001,500,96,256,0.25,4,3,32,0.0001,"{'model__batch_size': 128, 'model__callbacks__early_stopping__patience': 10, 'model__lr': 0.0001, 'model__max_epochs': 500, 'model__module__d_model': 96, 'model__module__dim_feedforward': 256, 'model__module__dropout': 0.25, 'model__module__nhead': 4, 'model__module__num_layers': 3, 'model__module__patch_size': 32, 'model__optimizer__weight_decay': 0.0001}",0.5275641025641026,0.853763440860215,0.7588652482269503,0.6041757285776425,0.5732952225398122,0.6635327485537446,0.12282470549784023,102,0.5266695114145509,0.8553455733232829,0.8578569197125898,0.5333759982192048,0.7754934210526316,0.709748284744452,0.14972119545337512
208,4.564782381057739,2.9162681148649,0.030332660675048827,0.0027031898565825635,128,10,0.0001,500,96,384,0.1,4,2,16,0.0001,"{'model__batch_size': 128, 'model__callbacks__early_stopping__patience': 10, 'model__lr': 0.0001, 'model__max_epochs': 500, 'model__module__d_model': 96, 'model__module__dim_feedforward': 384, 'model__module__dropout': 0.1, 'model__module__nhead': 4, 'model__module__num_layers': 2, 'model__module__patch_size': 16, 'model__optimizer__weight_decay': 0.0001}",0.38102372034956306,0.8201058201058201,0.703209242618742,0.5912668189895913,0.648786717752235,0.6288784639631902,0.14514538554922563,233,0.6581360201511335,0.933338216980441,0.9086223055295221,0.7658617424242424,0.7035956826261895,0.7939107935423056,0.10952360020272216
209,2.7989173889160157,1.5128630619963195,0.02808232307434082,0.00313081417791225,128,10,0.0001,500,96,384,0.1,4,2,32,0.0001,"{'model__batch_size': 128, 'model__callbacks__early_stopping__patience': 10, 'model__lr': 0.0001, 'model__max_epochs': 500, 'model__module__d_model': 96, 'model__module__dim_feedforward': 384, 'model__module__dropout': 0.1, 'model__module__nhead': 4, 'model__module__num_layers': 2, 'model__module__patch_size': 32, 'model__optimizer__weight_decay': 0.0001}",0.41045548654244307,0.8027715114405414,0.7303727200634418,0.6026831785345717,0.6474358974358974,0.638743758803379,0.1332609651413417,208,0.6277059909380769,0.8804597701149426,0.9040236249538575,0.7822100944266672,0.7754934210526316,0.7939785802972352,0.09768897623575315
210,5.069321584701538,3.457550138027115,0.03187546730041504,0.002549649509331898,128,10,0.0001,500,96,384,0.1,4,3,16,0.0001,"{'model__batch_size': 128, 'model__callbacks__early_stopping__patience': 10, 'model__lr': 0.0001, 'model__max_epochs': 500, 'model__module__d_model': 96, 'model__module__dim_feedforward': 384, 'model__module__dropout': 0.1, 'model__module__nhead': 4, 'model__module__num_layers': 3, 'model__module__patch_size': 16, 'model__optimizer__weight_decay': 0.0001}",0.4273504273504274,0.8904286174669674,0.6844116844116844,0.7485632183908046,0.6182115149040425,0.6737930925047854,0.15261557972350467,77,0.6310911323771347,0.9716652136006975,0.9234678859475265,0.693772254923334,0.7941138600202335,0.8028220693737852,0.13001740658292288
211,2.8421373844146727,1.4111195881939234,0.029037666320800782,0.003983299646236731,128,10,0.0001,500,96,384,0.1,4,3,32,0.0001,"{'model__batch_size': 128, 'model__callbacks__early_stopping__patience': 10, 'model__lr': 0.0001, 'model__max_epochs': 500, 'model__module__d_model': 96, 'model__module__dim_feedforward': 384, 'model__module__dropout': 0.1, 'model__module__nhead': 4, 'model__module__num_layers': 3, 'model__module__patch_size': 32, 'model__optimizer__weight_decay': 0.0001}",0.47035573122529645,0.8716981132075472,0.7933130699088147,0.6260683760683761,0.6474358974358974,0.6817742375691863,0.13963669939562562,61,0.6543187236383642,0.8890764408005787,0.8298935347647654,0.7571059431524547,0.7840706336797572,0.782893055207184,0.07833476499265088
212,3.7624417304992677,1.9862286238829656,0.030606555938720702,0.0014549151367336866,128,10,0.0001,500,96,384,0.25,4,2,16,0.0001,"{'model__batch_size': 128, 'model__callbacks__early_stopping__patience': 10, 'model__lr': 0.0001, 'model__max_epochs': 500, 'model__module__d_model': 96, 'model__module__dim_feedforward': 384, 'model__module__dropout': 0.25, 'model__module__nhead': 4, 'model__module__num_layers': 2, 'model__module__patch_size': 16, 'model__optimizer__weight_decay': 0.0001}",0.447940074906367,0.838260278627251,0.7114568599717115,0.6142744686434007,0.648786717752235,0.652143679980193,0.12751619528551975,149,0.7543959997785855,0.901228314549829,0.8219321569575376,0.7658617424242424,0.7073327615780446,0.7901501950576478,0.06644615930458635
213,2.6822043895721435,1.2918352947602576,0.029647064208984376,0.004443375667486313,128,10,0.0001,500,96,384,0.25,4,2,32,0.0001,"{'model__batch_size': 128, 'model__callbacks__early_stopping__patience': 10, 'model__lr': 0.0001, 'model__max_epochs': 500, 'model__module__d_model': 96, 'model__module__dim_feedforward': 384, 'model__module__dropout': 0.25, 'model__module__nhead': 4, 'model__module__num_layers': 2, 'model__module__patch_size': 32, 'model__optimizer__weight_decay': 0.0001}",0.49718574108818014,0.8199470432480142,0.7663230240549828,0.43089430894308944,0.6033653846153846,0.6235431003899301,0.14996499236923128,245,0.6581360201511335,0.882414660178368,0.8636125196712712,0.416289592760181,0.8022025793363281,0.7245310744194564,0.17304615106281662
214,4.375572586059571,2.8487317993394083,0.03377323150634766,0.00585906414227804,128,10,0.0001,500,96,384,0.25,4,3,16,0.0001,"{'model__batch_size': 128, 'model__callbacks__early_stopping__patience': 10, 'model__lr': 0.0001, 'model__max_epochs': 500, 'model__module__d_model': 96, 'model__module__dim_feedforward': 384, 'model__module__dropout': 0.25, 'model__module__nhead': 4, 'model__module__num_layers': 3, 'model__module__patch_size': 16, 'model__optimizer__weight_decay': 0.0001}",0.43433395872420266,0.8466000644537544,0.6977777777777778,0.6260683760683761,0.6182115149040425,0.6445983383856306,0.13332927916995338,186,0.6749320652173914,0.8761995458208189,0.8949494949494949,0.7619505683268223,0.7638816813700051,0.7943826711369064,0.08131209745023067
215,1.6117805004119874,1.2890576293382632,0.030106639862060545,0.0028074693244049135,128,10,0.0001,500,96,384,0.25,4,3,32,0.0001,"{'model__batch_size': 128, 'model__callbacks__early_stopping__patience': 10, 'model__lr': 0.0001, 'model__max_epochs': 500, 'model__module__d_model': 96, 'model__module__dim_feedforward': 384, 'model__module__dropout': 0.25, 'model__module__nhead': 4, 'model__module__num_layers': 3, 'model__module__patch_size': 32, 'model__optimizer__weight_decay': 0.0001}",0.4654255319148936,0.8027715114405414,0.7520833333333333,0.43548387096774194,0.45,0.5811528495313021,0.1613352998558335,285,0.7438858695652174,0.6678731104960614,0.8385125523431709,0.43784403669724775,0.46719925056597883,0.6310629639335352,0.15575891438848938
216,3.9629470825195314,1.8412859137821505,0.03014383316040039,0.0019679186538485165,128,10,0.0001,500,128,128,0.1,4,2,16,0.0001,"{'model__batch_size': 128, 'model__callbacks__early_stopping__patience': 10, 'model__lr': 0.0001, 'model__max_epochs': 500, 'model__module__d_model': 128, 'model__module__dim_feedforward': 128, 'model__module__dropout': 0.1, 'model__module__nhead': 4, 'model__module__num_layers': 2, 'model__module__patch_size': 16, 'model__optimizer__weight_decay': 0.0001}",0.37104743083003955,0.8119815668202766,0.7355555555555555,0.638095238095238,0.708044099632503,0.6529447781867226,0.1515518387798743,146,0.6722135007849294,0.9180130214612974,0.8756377551020409,0.7777777777777777,0.8197312298110042,0.8126746569874099,0.08492048816928716
217,3.140553331375122,1.476692554607495,0.028538322448730467,0.003855557706615052,128,10,0.0001,500,128,128,0.1,4,2,32,0.0001,"{'model__batch_size': 128, 'model__callbacks__early_stopping__patience': 10, 'model__lr': 0.0001, 'model__max_epochs': 500, 'model__module__d_model': 128, 'model__module__dim_feedforward': 128, 'model__module__dropout': 0.1, 'model__module__nhead': 4, 'model__module__num_layers': 2, 'model__module__patch_size': 32, 'model__optimizer__weight_decay': 0.0001}",0.41228070175438597,0.7751322751322751,0.6729844413012729,0.6260683760683761,0.7695238095238095,0.6511979207560239,0.13232409015481517,154,0.4225663716814159,0.96222028480093,0.9141264012745041,0.7506443298969072,0.8531205164992827,0.7805355808306079,0.1924369265140981
218,3.920009994506836,2.300764470264426,0.029409503936767577,0.002682771376254462,128,10,0.0001,500,128,128,0.1,4,3,16,0.0001,"{'model__batch_size': 128, 'model__callbacks__early_stopping__patience': 10, 'model__lr': 0.0001, 'model__max_epochs': 500, 'model__module__d_model': 128, 'model__module__dim_feedforward': 128, 'model__module__dropout': 0.1, 'model__module__nhead': 4, 'model__module__num_layers': 3, 'model__module__patch_size': 16, 'model__optimizer__weight_decay': 0.0001}",0.3175925925925926,0.8904286174669674,0.7114568599717115,0.6142744686434007,0.5551298424861644,0.6177764762321674,0.18823518969167535,254,0.622409682743444,0.8918214873640985,0.8917504312139416,0.7619505683268223,0.7263432237369687,0.778855078677055,0.10298076461585451
219,2.0556696891784667,1.2498853909015852,0.028435754776000976,0.003064061817755416,128,10,0.0001,500,128,128,0.1,4,3,32,0.0001,"{'model__batch_size': 128, 'model__callbacks__early_stopping__patience': 10, 'model__lr': 0.0001, 'model__max_epochs': 500, 'model__module__d_model': 128, 'model__module__dim_feedforward': 128, 'model__module__dropout': 0.1, 'model__module__nhead': 4, 'model__module__num_layers': 3, 'model__module__patch_size': 32, 'model__optimizer__weight_decay': 0.0001}",0.43725296442687744,0.7121969988457099,0.7114568599717115,0.43548387096774194,0.7424435930183056,0.6077668574460693,0.1403933825387526,269,0.7374005305039788,0.6818035426731079,0.8238201530612245,0.416289592760181,0.8545396419437341,0.7027706921884452,0.15581851846144568
220,3.740000104904175,1.7650357202321092,0.028890323638916016,0.002217153326386426,128,10,0.0001,500,128,128,0.25,4,2,16,0.0001,"{'model__batch_size': 128, 'model__callbacks__early_stopping__patience': 10, 'model__lr': 0.0001, 'model__max_epochs': 500, 'model__module__d_model': 128, 'model__module__dim_feedforward': 128, 'model__module__dropout': 0.25, 'model__module__nhead': 4, 'model__module__num_layers': 2, 'model__module__patch_size': 16, 'model__optimizer__weight_decay': 0.0001}",0.3913347309573725,0.838260278627251,0.6999117387466902,0.638095238095238,0.648786717752235,0.6432777408357573,0.14474673547330077,187,0.7076528400057811,0.925045045045045,0.8638304729675288,0.7649940287027104,0.7941138600202335,0.8111272493482599,0.07599944316718375
221,2.8319000244140624,1.732449694440188,0.03140625953674316,0.004794210351453023,128,10,0.0001,500,128,128,0.25,4,2,32,0.0001,"{'model__batch_size': 128, 'model__callbacks__early_stopping__patience': 10, 'model__lr': 0.0001, 'model__max_epochs': 500, 'model__module__d_model': 128, 'model__module__dim_feedforward': 128, 'model__module__dropout': 0.25, 'model__module__nhead': 4, 'model__module__num_layers': 2, 'model__module__patch_size': 32, 'model__optimizer__weight_decay': 0.0001}",0.36096845194424065,0.770199692780338,0.7663230240549828,0.43548387096774194,0.7424435930183056,0.6150837265531218,0.17887733483553755,261,0.6152334152334152,0.971891891891892,0.8564102564102565,0.416289592760181,0.8642369991474851,0.7448124310886459,0.20149409929059797
222,5.198547649383545,2.6118673904411533,0.030721473693847656,0.002710895819911885,128,10,0.0001,500,128,128,0.25,4,3,16,0.0001,"{'model__batch_size': 128, 'model__callbacks__early_stopping__patience': 10, 'model__lr': 0.0001, 'model__max_epochs': 500, 'model__module__d_model': 128, 'model__module__dim_feedforward': 128, 'model__module__dropout': 0.25, 'model__module__nhead': 4, 'model__module__num_layers': 3, 'model__module__patch_size': 16, 'model__optimizer__weight_decay': 0.0001}",0.43433395872420266,0.9342571704801805,0.7215397215397216,0.6142744686434007,0.7424435930183056,0.6893697824811622,0.16401472172017278,45,0.7410714285714286,0.9149956408020925,0.8489310973532889,0.7556818181818181,0.8254475703324808,0.8172255110482218,0.06359074640767647
223,2.8764700889587402,1.4626990190750793,0.02868990898132324,0.0025356094451184767,128,10,0.0001,500,128,128,0.25,4,3,32,0.0001,"{'model__batch_size': 128, 'model__callbacks__early_stopping__patience': 10, 'model__lr': 0.0001, 'model__max_epochs': 500, 'model__module__d_model': 128, 'model__module__dim_feedforward': 128, 'model__module__dropout': 0.25, 'model__module__nhead': 4, 'model__module__num_layers': 3, 'model__module__patch_size': 32, 'model__optimizer__weight_decay': 0.0001}",0.41228070175438597,0.770199692780338,0.7875,0.6026831785345717,0.6594427244582044,0.6464212595055,0.13574143849541653,176,0.4225663716814159,0.9288723532308365,0.8756377551020409,0.7742782152230971,0.7862877532815089,0.7575284897037798,0.17698349482244344
224,3.4441477775573732,1.6764832043595639,0.03210673332214355,0.004021206441345093,128,10,0.0001,500,128,256,0.1,4,2,16,0.0001,"{'model__batch_size': 128, 'model__callbacks__early_stopping__patience': 10, 'model__lr': 0.0001, 'model__max_epochs': 500, 'model__module__d_model': 128, 'model__module__dim_feedforward': 256, 'model__module__dropout': 0.1, 'model__module__nhead': 4, 'model__module__num_layers': 2, 'model__module__patch_size': 16, 'model__optimizer__weight_decay': 0.0001}",0.37962962962962965,0.8904286174669674,0.7663230240549828,0.6026831785345717,0.6182115149040425,0.6514551929180389,0.17185802549938034,153,0.4346340421637124,0.8833432042929701,0.8724464765792108,0.7603715170278638,0.7754934210526316,0.7452577322232777,0.1630179588167356
225,2.5582460880279543,0.9922703482720147,0.029300117492675783,0.0035209510676094346,128,10,0.0001,500,128,256,0.1,4,2,32,0.0001,"{'model__batch_size': 128, 'model__callbacks__early_stopping__patience': 10, 'model__lr': 0.0001, 'model__max_epochs': 500, 'model__module__d_model': 128, 'model__module__dim_feedforward': 256, 'model__module__dropout': 0.1, 'model__module__nhead': 4, 'model__module__num_layers': 2, 'model__module__patch_size': 32, 'model__optimizer__weight_decay': 0.0001}",0.4754149702474162,0.8289308176100629,0.7520833333333333,0.6142744686434007,0.725,0.6791407179668426,0.12294111063542304,67,0.6624580785164726,0.8978274294054904,0.8906052773937609,0.7822100944266672,0.8022025793363281,0.8070606918157438,0.08575472891044988
226,4.807779026031494,2.72516808887835,0.03272995948791504,0.0011912782231384093,128,10,0.0001,500,128,256,0.1,4,3,16,0.0001,"{'model__batch_size': 128, 'model__callbacks__early_stopping__patience': 10, 'model__lr': 0.0001, 'model__max_epochs': 500, 'model__module__d_model': 128, 'model__module__dim_feedforward': 256, 'model__module__dropout': 0.1, 'model__module__nhead': 4, 'model__module__num_layers': 3, 'model__module__patch_size': 16, 'model__optimizer__weight_decay': 0.0001}",0.40480192076830734,0.8466000644537544,0.6944224160719006,0.6026831785345717,0.6182115149040425,0.6333438189465153,0.14325451615474583,222,0.7193548387096774,0.9149956408020925,0.9396798391462378,0.7703560371517028,0.7879807692307692,0.826473425008096,0.08574043642329299
227,3.5898916721343994,1.494604917332883,0.029271793365478516,0.0021294435302504572,128,10,0.0001,500,128,256,0.1,4,3,32,0.0001,"{'model__batch_size': 128, 'model__callbacks__early_stopping__patience': 10, 'model__lr': 0.0001, 'model__max_epochs': 500, 'model__module__d_model': 128, 'model__module__dim_feedforward': 256, 'model__module__dropout': 0.1, 'model__module__nhead': 4, 'model__module__num_layers': 3, 'model__module__patch_size': 32, 'model__optimizer__weight_decay': 0.0001}",0.4265101491807288,0.8119815668202766,0.7730423620025675,0.6892341842397336,0.8166666666666667,0.7034869857819945,0.1458341352403211,24,0.7135325764254998,0.967076104849943,0.8652742346938775,0.8725683890577507,0.8615418055354296,0.8559986221125001,0.08127250751984626
228,4.050353956222534,2.340899200483442,0.03151836395263672,0.003237596663822894,128,10,0.0001,500,128,256,0.25,4,2,16,0.0001,"{'model__batch_size': 128, 'model__callbacks__early_stopping__patience': 10, 'model__lr': 0.0001, 'model__max_epochs': 500, 'model__module__d_model': 128, 'model__module__dim_feedforward': 256, 'model__module__dropout': 0.25, 'model__module__nhead': 4, 'model__module__num_layers': 2, 'model__module__patch_size': 16, 'model__optimizer__weight_decay': 0.0001}",0.4041501976284585,0.8844716275908937,0.7933130699088147,0.6260683760683761,0.6182115149040425,0.6652429572201171,0.16515398703184042,98,0.715869882096795,0.9294487961070208,0.8402030175062947,0.7634914308489438,0.7691353616597447,0.8036296976437598,0.07439190569542131
229,2.4356102466583254,2.0410540371937818,0.029285526275634764,0.0007693814551461369,128,10,0.0001,500,128,256,0.25,4,2,32,0.0001,"{'model__batch_size': 128, 'model__callbacks__early_stopping__patience': 10, 'model__lr': 0.0001, 'model__max_epochs': 500, 'model__module__d_model': 128, 'model__module__dim_feedforward': 256, 'model__module__dropout': 0.25, 'model__module__nhead': 4, 'model__module__num_layers': 2, 'model__module__patch_size': 32, 'model__optimizer__weight_decay': 0.0001}",0.4755735492577598,0.8365384615384616,0.7730423620025675,0.43548387096774194,0.49633699633699635,0.6033950480207054,0.1668112632669635,270,0.4570620866225731,0.9907036613272311,0.8564102564102565,0.416289592760181,0.5714285714285714,0.6583788337097627,0.22642977577158077
230,3.5968307971954347,2.27945281746531,0.03294663429260254,0.004206987816412127,128,10,0.0001,500,128,256,0.25,4,3,16,0.0001,"{'model__batch_size': 128, 'model__callbacks__early_stopping__patience': 10, 'model__lr': 0.0001, 'model__max_epochs': 500, 'model__module__d_model': 128, 'model__module__dim_feedforward': 256, 'model__module__dropout': 0.25, 'model__module__nhead': 4, 'model__module__num_layers': 3, 'model__module__patch_size': 16, 'model__optimizer__weight_decay': 0.0001}",0.34985575662208235,0.7589429584273284,0.68125,0.6026831785345717,0.6182115149040425,0.602188681697605,0.13766007127197322,273,0.522445296638845,0.684871289278026,0.904954304954305,0.7703560371517028,0.7754934210526316,0.731624069815102,0.12602351948795004
231,3.0437166690826416,1.1563767933419835,0.03484792709350586,0.007892903074236601,128,10,0.0001,500,128,256,0.25,4,3,32,0.0001,"{'model__batch_size': 128, 'model__callbacks__early_stopping__patience': 10, 'model__lr': 0.0001, 'model__max_epochs': 500, 'model__module__d_model': 128, 'model__module__dim_feedforward': 256, 'model__module__dropout': 0.25, 'model__module__nhead': 4, 'model__module__num_layers': 3, 'model__module__patch_size': 32, 'model__optimizer__weight_decay': 0.0001}",0.46825396825396826,0.8119815668202766,0.7078410311493019,0.638095238095238,0.6474358974358974,0.6547215403509364,0.11193932838009749,140,0.5764680981162249,0.9128101945003353,0.8445471938775511,0.7943423738699329,0.7862877532815089,0.7828911227291107,0.11263531387756673
232,4.409745597839356,2.2118317016219082,0.04423422813415527,0.018343020931612247,128,10,0.0001,500,128,384,0.1,4,2,16,0.0001,"{'model__batch_size': 128, 'model__callbacks__early_stopping__patience': 10, 'model__lr': 0.0001, 'model__max_epochs': 500, 'model__module__d_model': 128, 'model__module__dim_feedforward': 384, 'model__module__dropout': 0.1, 'model__module__nhead': 4, 'model__module__num_layers': 2, 'model__module__patch_size': 16, 'model__optimizer__weight_decay': 0.0001}",0.47847985347985345,0.8650793650793651,0.7166666666666667,0.6260683760683761,0.6182115149040425,0.6609011552396609,0.12736702310298725,111,0.7717106085218044,0.9305444248544104,0.9303002450980392,0.7742782152230971,0.7754934210526316,0.8364653829499966,0.07672529212554086
233,3.217130184173584,1.6407333522527054,0.030614852905273438,0.004131338022259406,128,10,0.0001,500,128,384,0.1,4,2,32,0.0001,"{'model__batch_size': 128, 'model__callbacks__early_stopping__patience': 10, 'model__lr': 0.0001, 'model__max_epochs': 500, 'model__module__d_model': 128, 'model__module__dim_feedforward': 384, 'model__module__dropout': 0.1, 'model__module__nhead': 4, 'model__module__num_layers': 2, 'model__module__patch_size': 32, 'model__optimizer__weight_decay': 0.0001}",0.447940074906367,0.7301587301587301,0.7875,0.6260683760683761,0.7708333333333333,0.6725001028933614,0.12554045504688482,78,0.6807635285396589,0.981110142400465,0.8666666666666667,0.784310294546515,0.8376317923763179,0.8300964849059248,0.09858599381989568
234,6.20505723953247,3.1844638879944918,0.03529524803161621,0.0051766456129880905,128,10,0.0001,500,128,384,0.1,4,3,16,0.0001,"{'model__batch_size': 128, 'model__callbacks__early_stopping__patience': 10, 'model__lr': 0.0001, 'model__max_epochs': 500, 'model__module__d_model': 128, 'model__module__dim_feedforward': 384, 'model__module__dropout': 0.1, 'model__module__nhead': 4, 'model__module__num_layers': 3, 'model__module__patch_size': 16, 'model__optimizer__weight_decay': 0.0001}",0.4257142857142857,0.8573426573426574,0.7215397215397216,0.6142744686434007,0.6646341463414633,0.6567010559163058,0.14119415145283887,130,0.7272437430256655,0.9628146453089245,0.9408149328477122,0.7724867724867724,0.8615418055354296,0.8529803798409009,0.09180489665068695
235,2.4987329959869387,1.1894379535292177,0.032083892822265626,0.002265182167553603,128,10,0.0001,500,128,384,0.1,4,3,32,0.0001,"{'model__batch_size': 128, 'model__callbacks__early_stopping__patience': 10, 'model__lr': 0.0001, 'model__max_epochs': 500, 'model__module__d_model': 128, 'model__module__dim_feedforward': 384, 'model__module__dropout': 0.1, 'model__module__nhead': 4, 'model__module__num_layers': 3, 'model__module__patch_size': 32, 'model__optimizer__weight_decay': 0.0001}",0.6925775978407558,0.853763440860215,0.7303727200634418,0.43548387096774194,0.49973247726056713,0.6423860213985444,0.15368786578906815,193,0.8436128882617855,0.8559397163120568,0.8385125523431709,0.416289592760181,0.5313304721030043,0.6971370443560396,0.18602559296885976
236,4.8598767757415775,2.298858439965752,0.03034839630126953,0.0036382065889148966,128,10,0.0001,500,128,384,0.25,4,2,16,0.0001,"{'model__batch_size': 128, 'model__callbacks__early_stopping__patience': 10, 'model__lr': 0.0001, 'model__max_epochs': 500, 'model__module__d_model': 128, 'model__module__dim_feedforward': 384, 'model__module__dropout': 0.25, 'model__module__nhead': 4, 'model__module__num_layers': 2, 'model__module__patch_size': 16, 'model__optimizer__weight_decay': 0.0001}",0.46575984990619135,0.8466000644537544,0.744360902255639,0.638095238095238,0.6915064102564102,0.6772644929934466,0.12621231372710176,73,0.6962542162258122,0.9169682776240153,0.8418336309582213,0.7634914308489438,0.8489640033551658,0.8135023118024318,0.07617559376384227
237,2.7859179973602295,1.6129007541936302,0.0309293270111084,0.00393113112368034,128,10,0.0001,500,128,384,0.25,4,2,32,0.0001,"{'model__batch_size': 128, 'model__callbacks__early_stopping__patience': 10, 'model__lr': 0.0001, 'model__max_epochs': 500, 'model__module__d_model': 128, 'model__module__dim_feedforward': 384, 'model__module__dropout': 0.25, 'model__module__nhead': 4, 'model__module__num_layers': 2, 'model__module__patch_size': 32, 'model__optimizer__weight_decay': 0.0001}",0.45862357202563386,0.8119815668202766,0.744360902255639,0.514637904468413,0.7604529616724739,0.6580113814484874,0.14280671380130233,121,0.7384559884559885,0.9716652136006975,0.8156962025316455,0.5783297162607508,0.8642369991474851,0.7936768239993135,0.13158052718411786
238,3.450772285461426,2.0012760389282502,0.03448367118835449,0.002481777802574715,128,10,0.0001,500,128,384,0.25,4,3,16,0.0001,"{'model__batch_size': 128, 'model__callbacks__early_stopping__patience': 10, 'model__lr': 0.0001, 'model__max_epochs': 500, 'model__module__d_model': 128, 'model__module__dim_feedforward': 384, 'model__module__dropout': 0.25, 'model__module__nhead': 4, 'model__module__num_layers': 3, 'model__module__patch_size': 16, 'model__optimizer__weight_decay': 0.0001}",0.34951456310679613,0.8027715114405414,0.7520833333333333,0.6142744686434007,0.6182115149040425,0.6273710782856229,0.15733920066073917,240,0.46661627614008566,0.7143066442018899,0.8769230769230769,0.7742782152230971,0.7626984126984127,0.7189645250373123,0.13683895347534938
239,2.5077242851257324,1.2872271161475635,0.03307695388793945,0.004581408023529477,128,10,0.0001,500,128,384,0.25,4,3,32,0.0001,"{'model__batch_size': 128, 'model__callbacks__early_stopping__patience': 10, 'model__lr': 0.0001, 'model__max_epochs': 500, 'model__module__d_model': 128, 'model__module__dim_feedforward': 384, 'model__module__dropout': 0.25, 'model__module__nhead': 4, 'model__module__num_layers': 3, 'model__module__patch_size': 32, 'model__optimizer__weight_decay': 0.0001}",0.39380952380952383,0.7589429584273284,0.7215397215397216,0.6142744686434007,0.6318607764390897,0.6240854897718128,0.12717515155080603,243,0.6783581382121529,0.7143066442018899,0.8505125002478241,0.7862215909090908,0.8531205164992827,0.7765038780140481,0.07062988253816505
240,2.7525686740875246,1.345896719976737,0.0328364372253418,0.0027939858353345673,128,10,0.0002,500,96,128,0.1,4,2,16,0.0001,"{'model__batch_size': 128, 'model__callbacks__early_stopping__patience': 10, 'model__lr': 0.0002, 'model__max_epochs': 500, 'model__module__d_model': 96, 'model__module__dim_feedforward': 128, 'model__module__dropout': 0.1, 'model__module__nhead': 4, 'model__module__num_layers': 2, 'model__module__patch_size': 16, 'model__optimizer__weight_decay': 0.0001}",0.4959598774031764,0.9144654088050315,0.7215397215397216,0.638095238095238,0.6791666666666667,0.6898453825019668,0.13553035737343208,42,0.6564039408866995,0.895245769540693,0.934968734968735,0.7580682972571696,0.7572301268171977,0.8003833738940991,0.10148392887211513
241,1.7364341735839843,0.8140585125253131,0.03156514167785644,0.001134787327916969,128,10,0.0002,500,96,128,0.1,4,2,32,0.0001,"{'model__batch_size': 128, 'model__callbacks__early_stopping__patience': 10, 'model__lr': 0.0002, 'model__max_epochs': 500, 'model__module__d_model': 96, 'model__module__dim_feedforward': 128, 'model__module__dropout': 0.1, 'model__module__nhead': 4, 'model__module__num_layers': 2, 'model__module__patch_size': 32, 'model__optimizer__weight_decay': 0.0001}",0.5479082321187584,0.8431372549019607,0.6729844413012729,0.4214876033057851,0.6033653846153846,0.6177765832486324,0.1396094357136777,253,0.5176125244618395,0.8583260680034873,0.8262278481012658,0.41496598639455784,0.7840706336797572,0.6802406121281817,0.17923498430434984
242,3.1661584854125975,1.7973921615966093,0.03437399864196777,0.003774532479861979,128,10,0.0002,500,96,128,0.1,4,3,16,0.0001,"{'model__batch_size': 128, 'model__callbacks__early_stopping__patience': 10, 'model__lr': 0.0002, 'model__max_epochs': 500, 'model__module__d_model': 96, 'model__module__dim_feedforward': 128, 'model__module__dropout': 0.1, 'model__module__nhead': 4, 'model__module__num_layers': 3, 'model__module__patch_size': 16, 'model__optimizer__weight_decay': 0.0001}",0.4451345755693582,0.8904286174669674,0.6730769230769231,0.6142744686434007,0.6182115149040425,0.6482252199321383,0.14323364043190653,167,0.7101840101522843,0.9665287356321839,0.8324067359600354,0.7803405572755417,0.7495795749885339,0.8078079228017158,0.08885136241313081
243,1.5976179599761964,0.5784688080028033,0.031566190719604495,0.0033560484510331313,128,10,0.0002,500,96,128,0.1,4,3,32,0.0001,"{'model__batch_size': 128, 'model__callbacks__early_stopping__patience': 10, 'model__lr': 0.0002, 'model__max_epochs': 500, 'model__module__d_model': 96, 'model__module__dim_feedforward': 128, 'model__module__dropout': 0.1, 'model__module__nhead': 4, 'model__module__num_layers': 3, 'model__module__patch_size': 32, 'model__optimizer__weight_decay': 0.0001}",0.4122807017543859,0.7301587301587301,0.6844116844116844,0.6260683760683761,0.6474358974358974,0.6200710779658147,0.10974574814398862,250,0.5978991596638655,0.6727043849220224,0.8199739328771587,0.7698027163676018,0.7588747110668446,0.7238509809794986,0.07881329978743586
244,3.8851696491241454,1.8097290312989498,0.030666112899780273,0.003663693683866137,128,10,0.0002,500,96,128,0.25,4,2,16,0.0001,"{'model__batch_size': 128, 'model__callbacks__early_stopping__patience': 10, 'model__lr': 0.0002, 'model__max_epochs': 500, 'model__module__d_model': 96, 'model__module__dim_feedforward': 128, 'model__module__dropout': 0.25, 'model__module__nhead': 4, 'model__module__num_layers': 2, 'model__module__patch_size': 16, 'model__optimizer__weight_decay': 0.0001}",0.3987179487179487,0.7920489296636086,0.7114568599717115,0.6142744686434007,0.8051948051948052,0.6643386024382949,0.14928581774798458,101,0.6157526683842474,0.9149956408020925,0.8593496423634068,0.7595717259839396,0.9074295504434886,0.811419845595435,0.11244282630827379
245,1.8611358642578124,0.9122434059557002,0.03273186683654785,0.005473770160884192,128,10,0.0002,500,96,128,0.25,4,2,32,0.0001,"{'model__batch_size': 128, 'model__callbacks__early_stopping__patience': 10, 'model__lr': 0.0002, 'model__max_epochs': 500, 'model__module__d_model': 96, 'model__module__dim_feedforward': 128, 'model__module__dropout': 0.25, 'model__module__nhead': 4, 'model__module__num_layers': 2, 'model__module__patch_size': 32, 'model__optimizer__weight_decay': 0.0001}",0.3714821763602252,0.8716981132075472,0.7730423620025675,0.4214876033057851,0.6033653846153846,0.6082151278983019,0.1936618080284406,268,0.6619701726844585,0.8890764408005787,0.819584052023236,0.41496598639455784,0.7840706336797572,0.7139334571165177,0.16663617131524283
246,4.512094163894654,2.6346088885913432,0.03256435394287109,0.001300323498168199,128,10,0.0002,500,96,128,0.25,4,3,16,0.0001,"{'model__batch_size': 128, 'model__callbacks__early_stopping__patience': 10, 'model__lr': 0.0002, 'model__max_epochs': 500, 'model__module__d_model': 96, 'model__module__dim_feedforward': 128, 'model__module__dropout': 0.25, 'model__module__nhead': 4, 'model__module__num_layers': 3, 'model__module__patch_size': 16, 'model__optimizer__weight_decay': 0.0001}",0.3827072997873848,0.9342571704801805,0.7520833333333333,0.6142744686434007,0.7708333333333333,0.6908311211155265,0.18450454697822255,40,0.6552447552447552,0.9860011845151564,0.9289284598562949,0.7565240837393833,0.8912114186349804,0.8435819803981139,0.12073591213313971
247,1.6217491149902343,0.8627347407490915,0.03246011734008789,0.003287391840850655,128,10,0.0002,500,96,128,0.25,4,3,32,0.0001,"{'model__batch_size': 128, 'model__callbacks__early_stopping__patience': 10, 'model__lr': 0.0002, 'model__max_epochs': 500, 'model__module__d_model': 96, 'model__module__dim_feedforward': 128, 'model__module__dropout': 0.25, 'model__module__nhead': 4, 'model__module__num_layers': 3, 'model__module__patch_size': 32, 'model__optimizer__weight_decay': 0.0001}",0.4576190476190476,0.8199470432480142,0.7215397215397216,0.43548387096774194,0.4227886056971514,0.5714756578143353,0.16602541121364386,287,0.6927001569858713,0.8394362104039523,0.8549107142857143,0.416289592760181,0.49875942834458115,0.66041922055606,0.17700239898362452
248,2.9548821449279785,1.616689013055004,0.032941007614135744,0.0034041981165203027,128,10,0.0002,500,96,256,0.1,4,2,16,0.0001,"{'model__batch_size': 128, 'model__callbacks__early_stopping__patience': 10, 'model__lr': 0.0002, 'model__max_epochs': 500, 'model__module__d_model': 96, 'model__module__dim_feedforward': 256, 'model__module__dropout': 0.1, 'model__module__nhead': 4, 'model__module__num_layers': 2, 'model__module__patch_size': 16, 'model__optimizer__weight_decay': 0.0001}",0.4394062078272605,0.838260278627251,0.7933130699088147,0.5912668189895913,0.6182115149040425,0.6560915780513921,0.14464084591685045,134,0.6862277645332844,0.972322759208005,0.8756377551020409,0.7619505683268223,0.7754934210526316,0.8143264536445567,0.09938050130004117
249,1.544713068008423,0.9581459847659592,0.02904200553894043,0.00230523767636118,128,10,0.0002,500,96,256,0.1,4,2,32,0.0001,"{'model__batch_size': 128, 'model__callbacks__early_stopping__patience': 10, 'model__lr': 0.0002, 'model__max_epochs': 500, 'model__module__d_model': 96, 'model__module__dim_feedforward': 256, 'model__module__dropout': 0.1, 'model__module__nhead': 4, 'model__module__num_layers': 2, 'model__module__patch_size': 32, 'model__optimizer__weight_decay': 0.0001}",0.4041501976284585,0.8466000644537544,0.6977777777777778,0.4214876033057851,0.49973247726056713,0.5739496240852686,0.17161373614489578,286,0.6891704574295698,0.9482624504784819,0.8608219829893535,0.4580954353163921,0.49350649350649345,0.6899713639440581,0.19404625863722824
250,3.363662528991699,1.7697410962259148,0.030168867111206053,0.0024631299930364726,128,10,0.0002,500,96,256,0.1,4,3,16,0.0001,"{'model__batch_size': 128, 'model__callbacks__early_stopping__patience': 10, 'model__lr': 0.0002, 'model__max_epochs': 500, 'model__module__d_model': 96, 'model__module__dim_feedforward': 256, 'model__module__dropout': 0.1, 'model__module__nhead': 4, 'model__module__num_layers': 3, 'model__module__patch_size': 16, 'model__optimizer__weight_decay': 0.0001}",0.35707070707070704,0.7920489296636086,0.6729844413012729,0.5912668189895913,0.6320346320346321,0.6090811058119624,0.14276856454166473,266,0.6419753086419753,0.9344144144144144,0.902059913955471,0.7822100944266672,0.7740274073392808,0.8069374277555618,0.1041207767050137
251,1.6248702526092529,0.6413638992085486,0.02968282699584961,0.0023539750717964047,128,10,0.0002,500,96,256,0.1,4,3,32,0.0001,"{'model__batch_size': 128, 'model__callbacks__early_stopping__patience': 10, 'model__lr': 0.0002, 'model__max_epochs': 500, 'model__module__d_model': 96, 'model__module__dim_feedforward': 256, 'model__module__dropout': 0.1, 'model__module__nhead': 4, 'model__module__num_layers': 3, 'model__module__patch_size': 32, 'model__optimizer__weight_decay': 0.0001}",0.37577639751552794,0.7589429584273284,0.6977777777777778,0.6260683760683761,0.6791666666666667,0.6275464352911354,0.1328551637141864,238,0.652991452991453,0.6840277777777778,0.8461538461538463,0.7619505683268223,0.7943687230989958,0.7478984736697789,0.07084895487727624
252,3.2833210945129396,1.503336843934756,0.03108816146850586,0.003122730750047775,128,10,0.0002,500,96,256,0.25,4,2,16,0.0001,"{'model__batch_size': 128, 'model__callbacks__early_stopping__patience': 10, 'model__lr': 0.0002, 'model__max_epochs': 500, 'model__module__d_model': 96, 'model__module__dim_feedforward': 256, 'model__module__dropout': 0.25, 'model__module__nhead': 4, 'model__module__num_layers': 2, 'model__module__patch_size': 16, 'model__optimizer__weight_decay': 0.0001}",0.48574561403508776,0.8904286174669674,0.7663230240549828,0.5912668189895913,0.708044099632503,0.6883616348358265,0.13984069382582934,48,0.6862277645332844,0.9344144144144144,0.8418336309582213,0.7822100944266672,0.8459283802727157,0.8181228569210605,0.08190862736548511
253,1.6579234600067139,0.8020364925802481,0.028827714920043945,0.0027825030826904946,128,10,0.0002,500,96,256,0.25,4,2,32,0.0001,"{'model__batch_size': 128, 'model__callbacks__early_stopping__patience': 10, 'model__lr': 0.0002, 'model__max_epochs': 500, 'model__module__d_model': 96, 'model__module__dim_feedforward': 256, 'model__module__dropout': 0.25, 'model__module__nhead': 4, 'model__module__num_layers': 2, 'model__module__patch_size': 32, 'model__optimizer__weight_decay': 0.0001}",0.43433395872420266,0.6964285714285714,0.7808807733619764,0.6260683760683761,0.5732952225398122,0.6222013804245877,0.11695277653654063,247,0.7160839160839161,0.6752512936418248,0.9095197587193565,0.7720803313767447,0.7962278577800432,0.7738326315203772,0.07996099988746223
254,2.9384930610656737,2.0874233512558784,0.031422090530395505,0.003939752244936745,128,10,0.0002,500,96,256,0.25,4,3,16,0.0001,"{'model__batch_size': 128, 'model__callbacks__early_stopping__patience': 10, 'model__lr': 0.0002, 'model__max_epochs': 500, 'model__module__d_model': 96, 'model__module__dim_feedforward': 256, 'model__module__dropout': 0.25, 'model__module__nhead': 4, 'model__module__num_layers': 3, 'model__module__patch_size': 16, 'model__optimizer__weight_decay': 0.0001}",0.4369747899159664,0.7861635220125787,0.744360902255639,0.6142744686434007,0.6333333333333333,0.6430214032321836,0.12176601499348261,189,0.6791322969543148,0.6930555555555555,0.8814409484724122,0.7742782152230971,0.7793960122526451,0.7614606056916049,0.07257885901565223
255,1.6354135990142822,0.8258874274344112,0.02912907600402832,0.0032610564028710616,128,10,0.0002,500,96,256,0.25,4,3,32,0.0001,"{'model__batch_size': 128, 'model__callbacks__early_stopping__patience': 10, 'model__lr': 0.0002, 'model__max_epochs': 500, 'model__module__d_model': 96, 'model__module__dim_feedforward': 256, 'model__module__dropout': 0.25, 'model__module__nhead': 4, 'model__module__num_layers': 3, 'model__module__patch_size': 32, 'model__optimizer__weight_decay': 0.0001}",0.4344954128440367,0.6534148827726809,0.7114568599717115,0.6142744686434007,0.6320346320346321,0.6091352512532924,0.09325262863145532,265,0.5713824202449859,0.6853781512605042,0.853355893965031,0.7634914308489438,0.7840706336797572,0.7315357059998444,0.09633362857323602
256,1.7740374088287354,0.679416262670612,0.02884807586669922,0.0022208444575545234,128,10,0.0002,500,96,384,0.1,4,2,16,0.0001,"{'model__batch_size': 128, 'model__callbacks__early_stopping__patience': 10, 'model__lr': 0.0002, 'model__max_epochs': 500, 'model__module__d_model': 96, 'model__module__dim_feedforward': 384, 'model__module__dropout': 0.1, 'model__module__nhead': 4, 'model__module__num_layers': 2, 'model__module__patch_size': 16, 'model__optimizer__weight_decay': 0.0001}",0.6453050989133464,0.8289308176100629,0.7114568599717115,0.5912668189895913,0.6182115149040425,0.679034222077751,0.08492395339643365,68,0.6093523222060958,0.6694274920081371,0.8358974358974358,0.7587542697937141,0.7677853386947109,0.7282433717200187,0.07959682022318619
257,1.1021339893341064,0.7430248342482949,0.028261947631835937,0.003018109339661579,128,10,0.0002,500,96,384,0.1,4,2,32,0.0001,"{'model__batch_size': 128, 'model__callbacks__early_stopping__patience': 10, 'model__lr': 0.0002, 'model__max_epochs': 500, 'model__module__d_model': 96, 'model__module__dim_feedforward': 384, 'model__module__dropout': 0.1, 'model__module__nhead': 4, 'model__module__num_layers': 2, 'model__module__patch_size': 32, 'model__optimizer__weight_decay': 0.0001}",0.39380952380952383,0.6671328671328671,0.6977777777777778,0.5238095238095237,0.45,0.5465059385059385,0.11880971655110904,288,0.6946331521739131,0.6874510008885173,0.8500700222423594,0.4796813552485631,0.4544585710562136,0.6332588203219134,0.1478284581796507
258,4.141625642776489,1.906784957566949,0.03051271438598633,0.002708899534553483,128,10,0.0002,500,96,384,0.1,4,3,16,0.0001,"{'model__batch_size': 128, 'model__callbacks__early_stopping__patience': 10, 'model__lr': 0.0002, 'model__max_epochs': 500, 'model__module__d_model': 96, 'model__module__dim_feedforward': 384, 'model__module__dropout': 0.1, 'model__module__nhead': 4, 'model__module__num_layers': 3, 'model__module__patch_size': 16, 'model__optimizer__weight_decay': 0.0001}",0.750531914893617,0.8904286174669674,0.6977777777777778,0.5912668189895913,0.6182115149040425,0.7096433288063992,0.10664779701371578,11,0.9166557093750587,0.9906306306306307,0.8358974358974358,0.7698027163676018,0.7817745803357314,0.8589522145212918,0.08379074130753691
259,1.4886977195739746,0.5667926515305599,0.030690336227416994,0.002911827600275327,128,10,0.0002,500,96,384,0.1,4,3,32,0.0001,"{'model__batch_size': 128, 'model__callbacks__early_stopping__patience': 10, 'model__lr': 0.0002, 'model__max_epochs': 500, 'model__module__d_model': 96, 'model__module__dim_feedforward': 384, 'model__module__dropout': 0.1, 'model__module__nhead': 4, 'model__module__num_layers': 3, 'model__module__patch_size': 32, 'model__optimizer__weight_decay': 0.0001}",0.41064814814814815,0.7151144054141154,0.7730423620025675,0.6260683760683761,0.6333333333333333,0.631641324993308,0.12315349226578291,228,0.7278514588859417,0.6956889264581572,0.8385125523431709,0.7822100944266672,0.7716245608164631,0.7631775185860801,0.04880901420454723
260,2.8215659618377686,1.5283695179765031,0.031152009963989258,0.0030711505076849743,128,10,0.0002,500,96,384,0.25,4,2,16,0.0001,"{'model__batch_size': 128, 'model__callbacks__early_stopping__patience': 10, 'model__lr': 0.0002, 'model__max_epochs': 500, 'model__module__d_model': 96, 'model__module__dim_feedforward': 384, 'model__module__dropout': 0.25, 'model__module__nhead': 4, 'model__module__num_layers': 2, 'model__module__patch_size': 16, 'model__optimizer__weight_decay': 0.0001}",0.4920518464172169,0.8650793650793651,0.7303727200634418,0.5800000000000001,0.6182115149040425,0.6571430892928133,0.12909060058348168,126,0.7377381742345246,0.9762907844102788,0.8680099968759762,0.7503869969040248,0.7754934210526316,0.8215838746954873,0.08979202586451039
261,1.1626269817352295,0.5702533926976984,0.028159379959106445,0.0031291813235620847,128,10,0.0002,500,96,384,0.25,4,2,32,0.0001,"{'model__batch_size': 128, 'model__callbacks__early_stopping__patience': 10, 'model__lr': 0.0002, 'model__max_epochs': 500, 'model__module__d_model': 96, 'model__module__dim_feedforward': 384, 'model__module__dropout': 0.25, 'model__module__nhead': 4, 'model__module__num_layers': 2, 'model__module__patch_size': 32, 'model__optimizer__weight_decay': 0.0001}",0.41228070175438597,0.6964285714285714,0.7520833333333333,0.6142744686434007,0.45,0.5850134150319383,0.13360173382810975,282,0.4225663716814159,0.6348244348244348,0.8385125523431709,0.7658617424242424,0.5978021978021978,0.6519134598150924,0.1439608160084076
262,3.809589910507202,2.3054855074523366,0.03283748626708984,0.003640656101521431,128,10,0.0002,500,96,384,0.25,4,3,16,0.0001,"{'model__batch_size': 128, 'model__callbacks__early_stopping__patience': 10, 'model__lr': 0.0002, 'model__max_epochs': 500, 'model__module__d_model': 96, 'model__module__dim_feedforward': 384, 'model__module__dropout': 0.25, 'model__module__nhead': 4, 'model__module__num_layers': 3, 'model__module__patch_size': 16, 'model__optimizer__weight_decay': 0.0001}",0.4369747899159664,0.8650793650793651,0.6458333333333333,0.6026831785345717,0.6474358974358974,0.6396013128598267,0.13664627859532438,205,0.7029434850863423,0.9906306306306307,0.9013582214128537,0.7664618762398167,0.7754934210526316,0.8273775268844551,0.10393385082378676
263,1.4632378101348877,0.7024855598244891,0.029711103439331053,0.0035195353153581665,128,10,0.0002,500,96,384,0.25,4,3,32,0.0001,"{'model__batch_size': 128, 'model__callbacks__early_stopping__patience': 10, 'model__lr': 0.0002, 'model__max_epochs': 500, 'model__module__d_model': 96, 'model__module__dim_feedforward': 384, 'model__module__dropout': 0.25, 'model__module__nhead': 4, 'model__module__num_layers': 3, 'model__module__patch_size': 32, 'model__optimizer__weight_decay': 0.0001}",0.4171245421245421,0.7151144054141154,0.7933130699088147,0.6260683760683761,0.5551298424861644,0.6213500472004025,0.1299834382630615,249,0.7287096774193549,0.6941176470588235,0.8535097433506247,0.7882945632883613,0.7287112062375783,0.7586685674709485,0.05627494679101107
264,2.5946991443634033,1.344060195177943,0.03191537857055664,0.0024269041129450224,128,10,0.0002,500,128,128,0.1,4,2,16,0.0001,"{'model__batch_size': 128, 'model__callbacks__early_stopping__patience': 10, 'model__lr': 0.0002, 'model__max_epochs': 500, 'model__module__d_model': 128, 'model__module__dim_feedforward': 128, 'model__module__dropout': 0.1, 'model__module__nhead': 4, 'model__module__num_layers': 2, 'model__module__patch_size': 16, 'model__optimizer__weight_decay': 0.0001}",0.37104743083003955,0.8650793650793651,0.6977777777777778,0.6026831785345717,0.6333333333333333,0.6339842171110175,0.15974386876652322,221,0.6055415617128463,0.8900229885057471,0.902059913955471,0.7822100944266672,0.7611084103062713,0.7881885937814006,0.10720628584378099
265,2.1057493686676025,0.8836602918215553,0.03232560157775879,0.003953669035885936,128,10,0.0002,500,128,128,0.1,4,2,32,0.0001,"{'model__batch_size': 128, 'model__callbacks__early_stopping__patience': 10, 'model__lr': 0.0002, 'model__max_epochs': 500, 'model__module__d_model': 128, 'model__module__dim_feedforward': 128, 'model__module__dropout': 0.1, 'model__module__nhead': 4, 'model__module__num_layers': 2, 'model__module__patch_size': 32, 'model__optimizer__weight_decay': 0.0001}",0.4302721088435374,0.7254901960784315,0.7312252964426877,0.6260683760683761,0.7708333333333333,0.6567778621532732,0.12289864493136939,129,0.5979976896418945,0.971891891891892,0.9336721678211896,0.7943423738699329,0.9135467980295566,0.842290184250893,0.13579586885801984
266,3.6120367527008055,1.6107751757595707,0.03328518867492676,0.004432147112940396,128,10,0.0002,500,128,128,0.1,4,3,16,0.0001,"{'model__batch_size': 128, 'model__callbacks__early_stopping__patience': 10, 'model__lr': 0.0002, 'model__max_epochs': 500, 'model__module__d_model': 128, 'model__module__dim_feedforward': 128, 'model__module__dropout': 0.1, 'model__module__nhead': 4, 'model__module__num_layers': 3, 'model__module__patch_size': 16, 'model__optimizer__weight_decay': 0.0001}",0.4059113300492611,0.9342571704801805,0.7244174265450861,0.6260683760683761,0.7424435930183056,0.6866195792322419,0.17223991624459123,50,0.5381698685540951,0.972322759208005,0.9172888714234922,0.7822100944266672,0.8868342795350095,0.8193651746294538,0.15361539853436731
267,2.023820686340332,0.7107720550896353,0.028027820587158202,0.0019665696515600148,128,10,0.0002,500,128,128,0.1,4,3,32,0.0001,"{'model__batch_size': 128, 'model__callbacks__early_stopping__patience': 10, 'model__lr': 0.0002, 'model__max_epochs': 500, 'model__module__d_model': 128, 'model__module__dim_feedforward': 128, 'model__module__dropout': 0.1, 'model__module__nhead': 4, 'model__module__num_layers': 3, 'model__module__patch_size': 32, 'model__optimizer__weight_decay': 0.0001}",0.5431818181818182,0.8119815668202766,0.7114568599717115,0.638095238095238,0.725,0.6859430966138088,0.09025773094770052,53,0.5128393665158371,0.9106351417355596,0.8176754623229349,0.8572219147758716,0.830149319279754,0.7857042409259914,0.14012513787635808
268,3.0251046657562255,1.2632349152139817,0.028594255447387695,0.0024550426600439216,128,10,0.0002,500,128,128,0.25,4,2,16,0.0001,"{'model__batch_size': 128, 'model__callbacks__early_stopping__patience': 10, 'model__lr': 0.0002, 'model__max_epochs': 500, 'model__module__d_model': 128, 'model__module__dim_feedforward': 128, 'model__module__dropout': 0.25, 'model__module__nhead': 4, 'model__module__num_layers': 2, 'model__module__patch_size': 16, 'model__optimizer__weight_decay': 0.0001}",0.40464798359535203,0.8904286174669674,0.6584721120803595,0.6142744686434007,0.7796474358974359,0.6694941235367031,0.16386578391914283,84,0.7272437430256655,0.885722657680756,0.8801867323836429,0.7686010342919298,0.8504056705495555,0.82243196758631,0.06337573643162503
269,1.8770999908447266,0.7331180952619957,0.029333782196044923,0.004534026421104656,128,10,0.0002,500,128,128,0.25,4,2,32,0.0001,"{'model__batch_size': 128, 'model__callbacks__early_stopping__patience': 10, 'model__lr': 0.0002, 'model__max_epochs': 500, 'model__module__d_model': 128, 'model__module__dim_feedforward': 128, 'model__module__dropout': 0.25, 'model__module__nhead': 4, 'model__module__num_layers': 2, 'model__module__patch_size': 32, 'model__optimizer__weight_decay': 0.0001}",0.7148936170212765,0.7861635220125787,0.7114568599717115,0.43548387096774194,0.6474358974358974,0.6590867534818412,0.12011621929390012,117,0.9166557093750587,0.9527753560011625,0.7965236016146305,0.4713733754829645,0.7754934210526316,0.7825642927052895,0.16972740532138234
270,2.160816764831543,1.173508441110455,0.032049703598022464,0.00401951961618304,128,10,0.0002,500,128,128,0.25,4,3,16,0.0001,"{'model__batch_size': 128, 'model__callbacks__early_stopping__patience': 10, 'model__lr': 0.0002, 'model__max_epochs': 500, 'model__module__d_model': 128, 'model__module__dim_feedforward': 128, 'model__module__dropout': 0.25, 'model__module__nhead': 4, 'model__module__num_layers': 3, 'model__module__patch_size': 16, 'model__optimizer__weight_decay': 0.0001}",0.5270588235294118,0.8119815668202766,0.6713211600429645,0.6142744686434007,0.45647058823529413,0.6162213214542696,0.12233732375226067,258,0.5127480264561552,0.7115966386554622,0.8636125196712712,0.7720803313767447,0.5985762632745945,0.6917227558868456,0.12418262753665196
271,1.8872178077697754,1.1277770937444587,0.02895069122314453,0.0030677044428392545,128,10,0.0002,500,128,128,0.25,4,3,32,0.0001,"{'model__batch_size': 128, 'model__callbacks__early_stopping__patience': 10, 'model__lr': 0.0002, 'model__max_epochs': 500, 'model__module__d_model': 128, 'model__module__dim_feedforward': 128, 'model__module__dropout': 0.25, 'model__module__nhead': 4, 'model__module__num_layers': 3, 'model__module__patch_size': 32, 'model__optimizer__weight_decay': 0.0001}",0.4635482511588706,0.8365384615384616,0.6729844413012729,0.43548387096774194,0.6333333333333333,0.6083776716599361,0.1467801029646083,267,0.48331447963800905,0.9764829320356736,0.8324067359600354,0.43056689342403626,0.7754934210526316,0.6996528924220773,0.20938950465208686
272,2.450887393951416,1.3696568596781193,0.030226755142211913,0.003540900836916067,128,10,0.0002,500,128,256,0.1,4,2,16,0.0001,"{'model__batch_size': 128, 'model__callbacks__early_stopping__patience': 10, 'model__lr': 0.0002, 'model__max_epochs': 500, 'model__module__d_model': 128, 'model__module__dim_feedforward': 256, 'model__module__dropout': 0.1, 'model__module__nhead': 4, 'model__module__num_layers': 2, 'model__module__patch_size': 16, 'model__optimizer__weight_decay': 0.0001}",0.41228070175438597,0.7121969988457099,0.6977777777777778,0.5912668189895913,0.6594427244582044,0.614593004365134,0.10948253045170357,262,0.4225663716814159,0.6499513245924728,0.8849446849446849,0.764741641337386,0.8684525190512733,0.7181313083214466,0.17006047989576684
273,1.3933173656463622,0.749247338014573,0.027047395706176758,0.002189919391334903,128,10,0.0002,500,128,256,0.1,4,2,32,0.0001,"{'model__batch_size': 128, 'model__callbacks__early_stopping__patience': 10, 'model__lr': 0.0002, 'model__max_epochs': 500, 'model__module__d_model': 128, 'model__module__dim_feedforward': 256, 'model__module__dropout': 0.1, 'model__module__nhead': 4, 'model__module__num_layers': 2, 'model__module__patch_size': 32, 'model__optimizer__weight_decay': 0.0001}",0.4294591484464902,0.6671328671328671,0.6977777777777778,0.43548387096774194,0.6791666666666667,0.5818040661983088,0.12233475018450646,284,0.7622950819672131,0.6627027027027027,0.8564102564102565,0.416289592760181,0.8219823214026953,0.7039359910486096,0.15813270105617475
274,2.9435309410095214,1.173274859423036,0.03396692276000977,0.0049974677457602324,128,10,0.0002,500,128,256,0.1,4,3,16,0.0001,"{'model__batch_size': 128, 'model__callbacks__early_stopping__patience': 10, 'model__lr': 0.0002, 'model__max_epochs': 500, 'model__module__d_model': 128, 'model__module__dim_feedforward': 256, 'model__module__dropout': 0.1, 'model__module__nhead': 4, 'model__module__num_layers': 3, 'model__module__patch_size': 16, 'model__optimizer__weight_decay': 0.0001}",0.3937393005624847,0.8201058201058201,0.744360902255639,0.6142744686434007,0.6033653846153846,0.6351691752365458,0.14550659786520842,220,0.7160839160839161,0.8987219676874849,0.8711314657308828,0.7903250773993808,0.7817745803357314,0.8116074014474792,0.06572630016724779
275,1.8691157817840576,0.7757938548570021,0.030210590362548827,0.0020228383519862816,128,10,0.0002,500,128,256,0.1,4,3,32,0.0001,"{'model__batch_size': 128, 'model__callbacks__early_stopping__patience': 10, 'model__lr': 0.0002, 'model__max_epochs': 500, 'model__module__d_model': 128, 'model__module__dim_feedforward': 256, 'model__module__dropout': 0.1, 'model__module__nhead': 4, 'model__module__num_layers': 3, 'model__module__patch_size': 32, 'model__optimizer__weight_decay': 0.0001}",0.4094915254237288,0.6996262317363235,0.6977777777777778,0.638095238095238,0.6956151553852703,0.6281211856836677,0.11173080009211747,237,0.7754744033060639,0.6975673898750823,0.8607793063679051,0.8597274039633289,0.8489640033551658,0.8085025013735091,0.06386147877005577
276,2.446590852737427,0.96241668396584,0.030075263977050782,0.0033715126642553227,128,10,0.0002,500,128,256,0.25,4,2,16,0.0001,"{'model__batch_size': 128, 'model__callbacks__early_stopping__patience': 10, 'model__lr': 0.0002, 'model__max_epochs': 500, 'model__module__d_model': 128, 'model__module__dim_feedforward': 256, 'model__module__dropout': 0.25, 'model__module__nhead': 4, 'model__module__num_layers': 2, 'model__module__patch_size': 16, 'model__optimizer__weight_decay': 0.0001}",0.41448189762796506,0.8201058201058201,0.7166666666666667,0.6260683760683761,0.6033653846153846,0.6361376290168426,0.13463721205739865,217,0.6930329911292734,0.8719702358155058,0.8520379128318845,0.7760416666666666,0.7817745803357314,0.7949714773558123,0.06341819559104894
277,1.3136895656585694,0.6746118490587025,0.027948522567749025,0.0032762548015310656,128,10,0.0002,500,128,256,0.25,4,2,32,0.0001,"{'model__batch_size': 128, 'model__callbacks__early_stopping__patience': 10, 'model__lr': 0.0002, 'model__max_epochs': 500, 'model__module__d_model': 128, 'model__module__dim_feedforward': 256, 'model__module__dropout': 0.25, 'model__module__nhead': 4, 'model__module__num_layers': 2, 'model__module__patch_size': 32, 'model__optimizer__weight_decay': 0.0001}",0.4143633356957241,0.6671328671328671,0.6977777777777778,0.43548387096774194,0.6956151553852703,0.5820746013918763,0.12894146104761298,283,0.6756854256854257,0.6710662965690439,0.8136429727017673,0.416289592760181,0.8417620634690625,0.683689270237096,0.15073218717382306
278,2.91463565826416,1.5123054922065546,0.0308229923248291,0.0035204267877436543,128,10,0.0002,500,128,256,0.25,4,3,16,0.0001,"{'model__batch_size': 128, 'model__callbacks__early_stopping__patience': 10, 'model__lr': 0.0002, 'model__max_epochs': 500, 'model__module__d_model': 128, 'model__module__dim_feedforward': 256, 'model__module__dropout': 0.25, 'model__module__nhead': 4, 'model__module__num_layers': 3, 'model__module__patch_size': 16, 'model__optimizer__weight_decay': 0.0001}",0.3557692307692308,0.8466000644537544,0.6977777777777778,0.6142744686434007,0.6333333333333333,0.6295509749954994,0.15935452626458335,231,0.5513650151668352,0.9004212945231711,0.9242291775951507,0.7664618762398167,0.7543427230046948,0.7793640173059337,0.13297883622734516
279,2.5520256042480467,0.676352131581301,0.02986006736755371,0.0019061277260907718,128,10,0.0002,500,128,256,0.25,4,3,32,0.0001,"{'model__batch_size': 128, 'model__callbacks__early_stopping__patience': 10, 'model__lr': 0.0002, 'model__max_epochs': 500, 'model__module__d_model': 128, 'model__module__dim_feedforward': 256, 'model__module__dropout': 0.25, 'model__module__nhead': 4, 'model__module__num_layers': 3, 'model__module__patch_size': 32, 'model__optimizer__weight_decay': 0.0001}",0.6404293381037567,0.8466000644537544,0.7078410311493019,0.6142744686434007,0.7125435540069687,0.7043376912714365,0.08063975951322193,23,0.9356716276424306,0.9288723532308365,0.8849446849446849,0.7923398574765896,0.8179507975128413,0.8719558641614766,0.05783277695814589
280,3.3728204727172852,1.9396912287492492,0.030292415618896486,0.0028555778249364913,128,10,0.0002,500,128,384,0.1,4,2,16,0.0001,"{'model__batch_size': 128, 'model__callbacks__early_stopping__patience': 10, 'model__lr': 0.0002, 'model__max_epochs': 500, 'model__module__d_model': 128, 'model__module__dim_feedforward': 384, 'model__module__dropout': 0.1, 'model__module__nhead': 4, 'model__module__num_layers': 2, 'model__module__patch_size': 16, 'model__optimizer__weight_decay': 0.0001}",0.38323643410852715,0.9342571704801805,0.7078410311493019,0.6142744686434007,0.6956151553852703,0.6670448519533361,0.17732171048234624,88,0.6787198030466226,0.9906306306306307,0.8756377551020409,0.7681487848714543,0.8629124820659971,0.8352098911433492,0.10539809451578822
281,1.9321746349334716,0.9163707750453385,0.027441787719726562,0.002123034130755633,128,10,0.0002,500,128,384,0.1,4,2,32,0.0001,"{'model__batch_size': 128, 'model__callbacks__early_stopping__patience': 10, 'model__lr': 0.0002, 'model__max_epochs': 500, 'model__module__d_model': 128, 'model__module__dim_feedforward': 384, 'model__module__dropout': 0.1, 'model__module__nhead': 4, 'model__module__num_layers': 2, 'model__module__patch_size': 32, 'model__optimizer__weight_decay': 0.0001}",0.41228070175438597,0.8289308176100629,0.6977777777777778,0.6260683760683761,0.6956151553852703,0.6521345657191746,0.1367041341504749,150,0.4225663716814159,0.9764829320356736,0.8821978746189967,0.7903250773993808,0.831872192435879,0.7806888896342692,0.18952767900110531
282,3.7429131507873534,1.0428683577373856,0.03253393173217774,0.003886796611718556,128,10,0.0002,500,128,384,0.1,4,3,16,0.0001,"{'model__batch_size': 128, 'model__callbacks__early_stopping__patience': 10, 'model__lr': 0.0002, 'model__max_epochs': 500, 'model__module__d_model': 128, 'model__module__dim_feedforward': 384, 'model__module__dropout': 0.1, 'model__module__nhead': 4, 'model__module__num_layers': 3, 'model__module__patch_size': 16, 'model__optimizer__weight_decay': 0.0001}",0.687888198757764,0.8650793650793651,0.7244174265450861,0.6260683760683761,0.6791666666666667,0.7165240066234516,0.08065829411028713,8,0.9068504987133008,0.8987219676874849,0.9309507549889977,0.7698027163676018,0.7941138600202335,0.8600879595555238,0.06512275236269432
283,1.9935221195220947,0.7883134886693602,0.031443023681640626,0.002316448287881509,128,10,0.0002,500,128,384,0.1,4,3,32,0.0001,"{'model__batch_size': 128, 'model__callbacks__early_stopping__patience': 10, 'model__lr': 0.0002, 'model__max_epochs': 500, 'model__module__d_model': 128, 'model__module__dim_feedforward': 384, 'model__module__dropout': 0.1, 'model__module__nhead': 4, 'model__module__num_layers': 3, 'model__module__patch_size': 32, 'model__optimizer__weight_decay': 0.0001}",0.41228070175438597,0.7751322751322751,0.6599999999999999,0.5912668189895913,0.7125435540069687,0.6302446699766442,0.12464226282921223,230,0.4225663716814159,0.9004212945231711,0.8438244371258725,0.7714239690721649,0.8392197455071119,0.7554911635819472,0.17141222643302106
284,2.495964002609253,1.2343159299815456,0.03133301734924317,0.0024743240144204544,128,10,0.0002,500,128,384,0.25,4,2,16,0.0001,"{'model__batch_size': 128, 'model__callbacks__early_stopping__patience': 10, 'model__lr': 0.0002, 'model__max_epochs': 500, 'model__module__d_model': 128, 'model__module__dim_feedforward': 384, 'model__module__dropout': 0.25, 'model__module__nhead': 4, 'model__module__num_layers': 2, 'model__module__patch_size': 16, 'model__optimizer__weight_decay': 0.0001}",0.37262905162064824,0.7920489296636086,0.7215397215397216,0.6026831785345717,0.7424435930183056,0.6462688948753711,0.15029675108789875,177,0.7374005305039788,0.6682391153043075,0.8564102564102565,0.784310294546515,0.8671532846715329,0.782702696287318,0.07446004064730963
285,1.9237824440002442,0.7597514246010885,0.028542089462280273,0.0017929350528763355,128,10,0.0002,500,128,384,0.25,4,2,32,0.0001,"{'model__batch_size': 128, 'model__callbacks__early_stopping__patience': 10, 'model__lr': 0.0002, 'model__max_epochs': 500, 'model__module__d_model': 128, 'model__module__dim_feedforward': 384, 'model__module__dropout': 0.25, 'model__module__nhead': 4, 'model__module__num_layers': 2, 'model__module__patch_size': 32, 'model__optimizer__weight_decay': 0.0001}",0.33794466403162055,0.8466000644537544,0.7730423620025675,0.6260683760683761,0.725,0.6617310933112637,0.17701930446668587,109,0.6993615899728627,0.938356039466725,0.8793596782924755,0.7883097601000235,0.8351449275362319,0.8281063990736637,0.08122859233594923
286,3.200862741470337,1.7369351142514697,0.035847949981689456,0.0006470919424034262,128,10,0.0002,500,128,384,0.25,4,3,16,0.0001,"{'model__batch_size': 128, 'model__callbacks__early_stopping__patience': 10, 'model__lr': 0.0002, 'model__max_epochs': 500, 'model__module__d_model': 128, 'model__module__dim_feedforward': 384, 'model__module__dropout': 0.25, 'model__module__nhead': 4, 'model__module__num_layers': 3, 'model__module__patch_size': 16, 'model__optimizer__weight_decay': 0.0001}",0.3670715249662618,0.8716981132075472,0.6944224160719006,0.5912668189895913,0.6182115149040425,0.6285340776278687,0.1632961062942002,235,0.6897950819672132,0.9442219679633868,0.9289284598562949,0.7745440729483282,0.7398736023334954,0.8154726370137437,0.10260002261245073
287,2.1903154373168947,0.32516079894583444,0.030605363845825195,0.002469848758754669,128,10,0.0002,500,128,384,0.25,4,3,32,0.0001,"{'model__batch_size': 128, 'model__callbacks__early_stopping__patience': 10, 'model__lr': 0.0002, 'model__max_epochs': 500, 'model__module__d_model': 128, 'model__module__dim_feedforward': 384, 'model__module__dropout': 0.25, 'model__module__nhead': 4, 'model__module__num_layers': 3, 'model__module__patch_size': 32, 'model__optimizer__weight_decay': 0.0001}",0.674674163046256,0.8466000644537544,0.6729844413012729,0.6260683760683761,0.6791666666666667,0.6998987423072652,0.07584547297815485,31,0.8098222092684348,0.8697853870267663,0.8564102564102565,0.7981413277865771,0.7962278577800432,0.8260774076544155,0.0308743286084444
