,mean_fit_time,std_fit_time,mean_score_time,std_score_time,param_model__batch_size,param_model__callbacks__early_stopping__patience,param_model__lr,param_model__max_epochs,param_model__module__d_model,param_model__module__dim_feedforward,param_model__module__dropout,param_model__module__nhead,param_model__module__num_layers,param_model__module__patch_size,param_model__optimizer__weight_decay,params,split0_test_score,split1_test_score,split2_test_score,split3_test_score,split4_test_score,mean_test_score,std_test_score,rank_test_score,split0_train_score,split1_train_score,split2_train_score,split3_train_score,split4_train_score,mean_train_score,std_train_score
0,9.220591926574707,1.6530772496956987,0.027166080474853516,0.009366608140590349,64,10,3e-05,500,96,128,0.1,4,2,16,0.0001,"{'model__batch_size': 64, 'model__callbacks__early_stopping__patience': 10, 'model__lr': 3e-05, 'model__max_epochs': 500, 'model__module__d_model': 96, 'model__module__dim_feedforward': 128, 'model__module__dropout': 0.1, 'model__module__nhead': 4, 'model__module__num_layers': 2, 'model__module__patch_size': 16, 'model__optimizer__weight_decay': 0.0001}",0.8178861788617886,0.8473684210526315,0.8959627329192547,0.8531161916692765,0.8392479435957697,0.8507162936197442,0.025587291837750194,81,0.8964524060414472,0.8902014742014741,0.8901910516999328,0.8876086171163462,0.887926122408881,0.8904759342936164,0.0031811239972559507
1,7.56628999710083,0.9141666011255264,0.022453832626342773,0.0034852393050948493,64,10,3e-05,500,96,128,0.1,4,2,32,0.0001,"{'model__batch_size': 64, 'model__callbacks__early_stopping__patience': 10, 'model__lr': 3e-05, 'model__max_epochs': 500, 'model__module__d_model': 96, 'model__module__dim_feedforward': 128, 'model__module__dropout': 0.1, 'model__module__nhead': 4, 'model__module__num_layers': 2, 'model__module__patch_size': 32, 'model__optimizer__weight_decay': 0.0001}",0.837141670128791,0.8901515151515151,0.8930851063829788,0.7969696969696969,0.8986936816848841,0.8632083340635732,0.03986174717673982,17,0.9152792413066386,0.9480021893814997,0.9006490467761297,0.9306583410422449,0.8976716769820219,0.918452099097707,0.0188734830914811
2,9.853317880630494,1.1808004558162466,0.024959516525268555,0.003400777952673911,64,10,3e-05,500,96,128,0.1,4,3,16,0.0001,"{'model__batch_size': 64, 'model__callbacks__early_stopping__patience': 10, 'model__lr': 3e-05, 'model__max_epochs': 500, 'model__module__d_model': 96, 'model__module__dim_feedforward': 128, 'model__module__dropout': 0.1, 'model__module__nhead': 4, 'model__module__num_layers': 3, 'model__module__patch_size': 16, 'model__optimizer__weight_decay': 0.0001}",0.8095238095238095,0.8855263157894737,0.8984848484848484,0.9045584045584045,0.8180076628352491,0.8632202082383571,0.04093282608745942,16,0.8926516641176898,0.9064039408866995,0.8901910516999328,0.8832348932303498,0.9081535192873711,0.8961270138444085,0.009630914170869462
3,7.131688261032105,1.0418318099826862,0.022773361206054686,0.005230184348684295,64,10,3e-05,500,96,128,0.1,4,3,32,0.0001,"{'model__batch_size': 64, 'model__callbacks__early_stopping__patience': 10, 'model__lr': 3e-05, 'model__max_epochs': 500, 'model__module__d_model': 96, 'model__module__dim_feedforward': 128, 'model__module__dropout': 0.1, 'model__module__nhead': 4, 'model__module__num_layers': 3, 'model__module__patch_size': 32, 'model__optimizer__weight_decay': 0.0001}",0.8178861788617886,0.9076138897738133,0.8769997377393128,0.8568376068376069,0.8176486270327913,0.8553972080490626,0.03471990370799613,47,0.9058658236740429,0.9263915243516762,0.9053755522827688,0.9221565954869,0.8948747591522158,0.9109328509895207,0.011656446035112495
4,9.443152713775635,1.5134389120838747,0.022105073928833006,0.0030786389688658372,64,10,3e-05,500,96,128,0.25,4,2,16,0.0001,"{'model__batch_size': 64, 'model__callbacks__early_stopping__patience': 10, 'model__lr': 3e-05, 'model__max_epochs': 500, 'model__module__d_model': 96, 'model__module__dim_feedforward': 128, 'model__module__dropout': 0.25, 'model__module__nhead': 4, 'model__module__num_layers': 2, 'model__module__patch_size': 16, 'model__optimizer__weight_decay': 0.0001}",0.790610718737017,0.8388888888888889,0.8959627329192547,0.8531161916692765,0.8392479435957697,0.8435652951620414,0.0337087720694334,149,0.9066592365561438,0.901740060270244,0.8901910516999328,0.9054579953145269,0.90293542074364,0.9013967529168975,0.005869250757114307
5,7.8609460353851315,0.7844611159724205,0.021509647369384766,0.0035461575004139332,64,10,3e-05,500,96,128,0.25,4,2,32,0.0001,"{'model__batch_size': 64, 'model__callbacks__early_stopping__patience': 10, 'model__lr': 3e-05, 'model__max_epochs': 500, 'model__module__d_model': 96, 'model__module__dim_feedforward': 128, 'model__module__dropout': 0.25, 'model__module__nhead': 4, 'model__module__num_layers': 2, 'model__module__patch_size': 32, 'model__optimizer__weight_decay': 0.0001}",0.837141670128791,0.8366197183098592,0.8372469635627531,0.7969696969696969,0.8176486270327913,0.8251253352007784,0.015950474297243392,267,0.9240362811791383,0.9637989695732478,0.8877799263926143,0.9207523897625656,0.9217171717171717,0.9236169477249476,0.024128313905189325
6,10.352600526809692,1.6335328635536146,0.02366781234741211,0.004127943891554477,64,10,3e-05,500,96,128,0.25,4,3,16,0.0001,"{'model__batch_size': 64, 'model__callbacks__early_stopping__patience': 10, 'model__lr': 3e-05, 'model__max_epochs': 500, 'model__module__d_model': 96, 'model__module__dim_feedforward': 128, 'model__module__dropout': 0.25, 'model__module__nhead': 4, 'model__module__num_layers': 3, 'model__module__patch_size': 16, 'model__optimizer__weight_decay': 0.0001}",0.790610718737017,0.8507078507078507,0.8984848484848484,0.8568376068376069,0.7958485958485959,0.8384979241231838,0.04048705226516552,200,0.8998558693215182,0.9185610409491006,0.9101491002570694,0.8964604316546763,0.9036968002485244,0.9057446484861778,0.007857826618024876
7,7.34063949584961,1.2800332176410834,0.021385002136230468,0.002607328569040004,64,10,3e-05,500,96,128,0.25,4,3,32,0.0001,"{'model__batch_size': 64, 'model__callbacks__early_stopping__patience': 10, 'model__lr': 3e-05, 'model__max_epochs': 500, 'model__module__d_model': 96, 'model__module__dim_feedforward': 128, 'model__module__dropout': 0.25, 'model__module__nhead': 4, 'model__module__num_layers': 3, 'model__module__patch_size': 32, 'model__optimizer__weight_decay': 0.0001}",0.790610718737017,0.9076138897738133,0.8769997377393128,0.8899835796387521,0.7543859649122806,0.8439187781602351,0.06021836416402621,147,0.8980120689342732,0.9327695149217459,0.9091551785083068,0.9267012720323997,0.9044315992292871,0.9142139267252025,0.013296832004486362
8,9.489731359481812,0.8187826202640197,0.023415470123291017,0.002496235758199333,64,10,3e-05,500,96,256,0.1,4,2,16,0.0001,"{'model__batch_size': 64, 'model__callbacks__early_stopping__patience': 10, 'model__lr': 3e-05, 'model__max_epochs': 500, 'model__module__d_model': 96, 'model__module__dim_feedforward': 256, 'model__module__dropout': 0.1, 'model__module__nhead': 4, 'model__module__num_layers': 2, 'model__module__patch_size': 16, 'model__optimizer__weight_decay': 0.0001}",0.8178861788617886,0.8855263157894737,0.8769997377393128,0.884042921426099,0.8645276292335116,0.8657965566100371,0.025078751828436375,12,0.905045351473923,0.9120832118207447,0.9255996691480562,0.9176483893465026,0.8932289628180039,0.9107211169214461,0.011039959154992165
9,6.399174928665161,0.6399906263424991,0.020595645904541014,0.0027935665219198528,64,10,3e-05,500,96,256,0.1,4,2,32,0.0001,"{'model__batch_size': 64, 'model__callbacks__early_stopping__patience': 10, 'model__lr': 3e-05, 'model__max_epochs': 500, 'model__module__d_model': 96, 'model__module__dim_feedforward': 256, 'model__module__dropout': 0.1, 'model__module__nhead': 4, 'model__module__num_layers': 2, 'model__module__patch_size': 32, 'model__optimizer__weight_decay': 0.0001}",0.837141670128791,0.9076138897738133,0.8930851063829788,0.7969696969696969,0.7726819541375873,0.8414984634785734,0.052478445048078,173,0.905045351473923,0.9255497800879648,0.9140180662428905,0.9169281083033864,0.9044315992292871,0.9131945810674903,0.007879950379998227
10,8.570766592025757,0.9020819075068236,0.023431396484375,0.003214993831581918,64,10,3e-05,500,96,256,0.1,4,3,16,0.0001,"{'model__batch_size': 64, 'model__callbacks__early_stopping__patience': 10, 'model__lr': 3e-05, 'model__max_epochs': 500, 'model__module__d_model': 96, 'model__module__dim_feedforward': 256, 'model__module__dropout': 0.1, 'model__module__nhead': 4, 'model__module__num_layers': 3, 'model__module__patch_size': 16, 'model__optimizer__weight_decay': 0.0001}",0.8178861788617886,0.9217273954116059,0.8612836438923395,0.9097035040431267,0.7726819541375873,0.8566565352692896,0.055900766868035606,39,0.8922057254778518,0.8617353058776489,0.8877799263926143,0.861851007432946,0.9044315992292871,0.8816007128820695,0.017068002835385218
11,6.913822603225708,1.2023874315727965,0.021663618087768555,0.002817340960360407,64,10,3e-05,500,96,256,0.1,4,3,32,0.0001,"{'model__batch_size': 64, 'model__callbacks__early_stopping__patience': 10, 'model__lr': 3e-05, 'model__max_epochs': 500, 'model__module__d_model': 96, 'model__module__dim_feedforward': 256, 'model__module__dropout': 0.1, 'model__module__nhead': 4, 'model__module__num_layers': 3, 'model__module__patch_size': 32, 'model__optimizer__weight_decay': 0.0001}",0.790610718737017,0.9076138897738133,0.8959627329192547,0.93704979642969,0.7452107279693487,0.8552895731658248,0.07399673034802386,49,0.905045351473923,0.9304659065773864,0.9289224550579727,0.907154944574373,0.8956548347613219,0.9134486984889953,0.013826580772064603
12,9.510374784469604,0.9739690227813718,0.022033023834228515,0.0026316900722043227,64,10,3e-05,500,96,256,0.25,4,2,16,0.0001,"{'model__batch_size': 64, 'model__callbacks__early_stopping__patience': 10, 'model__lr': 3e-05, 'model__max_epochs': 500, 'model__module__d_model': 96, 'model__module__dim_feedforward': 256, 'model__module__dropout': 0.25, 'model__module__nhead': 4, 'model__module__num_layers': 2, 'model__module__patch_size': 16, 'model__optimizer__weight_decay': 0.0001}",0.8178861788617886,0.8855263157894737,0.8574468085106384,0.8568376068376069,0.832967032967033,0.8501327885933081,0.023176100827463724,87,0.8955498866213152,0.9111154791154792,0.9207197943444729,0.8982715397809737,0.8992708353480456,0.9049855070420574,0.009506946052370926
13,6.834221315383911,0.596458600690706,0.020968151092529298,0.003237082098865503,64,10,3e-05,500,96,256,0.25,4,2,32,0.0001,"{'model__batch_size': 64, 'model__callbacks__early_stopping__patience': 10, 'model__lr': 3e-05, 'model__max_epochs': 500, 'model__module__d_model': 96, 'model__module__dim_feedforward': 256, 'model__module__dropout': 0.25, 'model__module__nhead': 4, 'model__module__num_layers': 2, 'model__module__patch_size': 32, 'model__optimizer__weight_decay': 0.0001}",0.8178861788617886,0.8706594456833386,0.8612836438923395,0.8568376068376069,0.7871148459383753,0.8387563442426899,0.03147896859239345,199,0.9101860834288737,0.9327695149217459,0.9081235673879671,0.9364744357614131,0.8992708353480456,0.9173648873696092,0.01460691157870416
14,9.89880051612854,1.1494281482979178,0.024563694000244142,0.00450479617585946,64,10,3e-05,500,96,256,0.25,4,3,16,0.0001,"{'model__batch_size': 64, 'model__callbacks__early_stopping__patience': 10, 'model__lr': 3e-05, 'model__max_epochs': 500, 'model__module__d_model': 96, 'model__module__dim_feedforward': 256, 'model__module__dropout': 0.25, 'model__module__nhead': 4, 'model__module__num_layers': 3, 'model__module__patch_size': 16, 'model__optimizer__weight_decay': 0.0001}",0.8095238095238095,0.8679674796747967,0.8675889328063241,0.8711538461538462,0.7088122605363985,0.8250092657390351,0.06249688290791156,268,0.8903183330664246,0.8843295382669196,0.9073317307692308,0.8973817808453597,0.9044315992292871,0.8967585964354443,0.008567531494453723
15,6.867005300521851,1.072610002543527,0.02174239158630371,0.002690168499789807,64,10,3e-05,500,96,256,0.25,4,3,32,0.0001,"{'model__batch_size': 64, 'model__callbacks__early_stopping__patience': 10, 'model__lr': 3e-05, 'model__max_epochs': 500, 'model__module__d_model': 96, 'model__module__dim_feedforward': 256, 'model__module__dropout': 0.25, 'model__module__nhead': 4, 'model__module__num_layers': 3, 'model__module__patch_size': 32, 'model__optimizer__weight_decay': 0.0001}",0.790610718737017,0.9253539253539254,0.8959627329192547,0.884042921426099,0.7543859649122806,0.8500712526697154,0.06575532287632668,90,0.8828927244920253,0.9224263633712453,0.9198428045661531,0.9035285285285286,0.9000287935502447,0.9057438429016393,0.014400209919768807
16,9.06123399734497,2.4796766396893353,0.023780012130737306,0.004808046798579113,64,10,3e-05,500,96,384,0.1,4,2,16,0.0001,"{'model__batch_size': 64, 'model__callbacks__early_stopping__patience': 10, 'model__lr': 3e-05, 'model__max_epochs': 500, 'model__module__d_model': 96, 'model__module__dim_feedforward': 384, 'model__module__dropout': 0.1, 'model__module__nhead': 4, 'model__module__num_layers': 2, 'model__module__patch_size': 16, 'model__optimizer__weight_decay': 0.0001}",0.837141670128791,0.8679674796747967,0.9323232323232323,0.8568376068376069,0.7678025851938896,0.8524145148316633,0.0529892442138927,68,0.9058658236740429,0.9111154791154792,0.9684585174275896,0.9207523897625656,0.9066542522633174,0.9225692924485991,0.02354827517086796
17,5.807862615585327,0.9850019983757976,0.0218869686126709,0.004142621790025939,64,10,3e-05,500,96,384,0.1,4,2,32,0.0001,"{'model__batch_size': 64, 'model__callbacks__early_stopping__patience': 10, 'model__lr': 3e-05, 'model__max_epochs': 500, 'model__module__d_model': 96, 'model__module__dim_feedforward': 384, 'model__module__dropout': 0.1, 'model__module__nhead': 4, 'model__module__num_layers': 2, 'model__module__patch_size': 32, 'model__optimizer__weight_decay': 0.0001}",0.8095238095238095,0.8901515151515151,0.9143879376437516,0.9097035040431267,0.8484546360917248,0.8744442804907855,0.03993884069303589,1,0.9033189033189033,0.9327695149217459,0.9198428045661531,0.9273368141292669,0.9164801204461261,0.919949631476439,0.01007521629470623
18,9.540958404541016,1.6784202450816217,0.026327133178710938,0.0056931574612125715,64,10,3e-05,500,96,384,0.1,4,3,16,0.0001,"{'model__batch_size': 64, 'model__callbacks__early_stopping__patience': 10, 'model__lr': 3e-05, 'model__max_epochs': 500, 'model__module__d_model': 96, 'model__module__dim_feedforward': 384, 'model__module__dropout': 0.1, 'model__module__nhead': 4, 'model__module__num_layers': 3, 'model__module__patch_size': 16, 'model__optimizer__weight_decay': 0.0001}",0.8095238095238095,0.8855263157894737,0.8984848484848484,0.884042921426099,0.775811209439528,0.8506778209327518,0.04880946953123281,83,0.8828927244920253,0.8797444717444718,0.8692750615475391,0.8982715397809737,0.9036968002485244,0.8867761195627069,0.012563964189943313
19,6.694586563110351,1.4995361895954051,0.022423791885375976,0.003531203953105843,64,10,3e-05,500,96,384,0.1,4,3,32,0.0001,"{'model__batch_size': 64, 'model__callbacks__early_stopping__patience': 10, 'model__lr': 3e-05, 'model__max_epochs': 500, 'model__module__d_model': 96, 'model__module__dim_feedforward': 384, 'model__module__dropout': 0.1, 'model__module__nhead': 4, 'model__module__num_layers': 3, 'model__module__patch_size': 32, 'model__optimizer__weight_decay': 0.0001}",0.8291938997821351,0.9434146341463414,0.8959627329192547,0.8711538461538462,0.7216117216117216,0.8522673669226597,0.07506942249301535,71,0.8785857963503253,0.932029484029484,0.8948617247586319,0.9221565954869,0.9133271202236719,0.9081921441698027,0.019203273492469645
20,8.664123821258546,1.2245984193124169,0.023475265502929686,0.003921699265922106,64,10,3e-05,500,96,384,0.25,4,2,16,0.0001,"{'model__batch_size': 64, 'model__callbacks__early_stopping__patience': 10, 'model__lr': 3e-05, 'model__max_epochs': 500, 'model__module__d_model': 96, 'model__module__dim_feedforward': 384, 'model__module__dropout': 0.25, 'model__module__nhead': 4, 'model__module__num_layers': 2, 'model__module__patch_size': 16, 'model__optimizer__weight_decay': 0.0001}",0.8178861788617886,0.9056910569105692,0.8801431127012522,0.9097035040431267,0.8180076628352491,0.8662863030703971,0.04075094665163079,11,0.8964524060414472,0.9120832118207447,0.8751619170984456,0.900940487203207,0.9074172315551625,0.8984110507438015,0.012796842067109043
21,6.678942728042602,1.007570532525755,0.022252225875854494,0.004584604589379614,64,10,3e-05,500,96,384,0.25,4,2,32,0.0001,"{'model__batch_size': 64, 'model__callbacks__early_stopping__patience': 10, 'model__lr': 3e-05, 'model__max_epochs': 500, 'model__module__d_model': 96, 'model__module__dim_feedforward': 384, 'model__module__dropout': 0.25, 'model__module__nhead': 4, 'model__module__num_layers': 2, 'model__module__patch_size': 32, 'model__optimizer__weight_decay': 0.0001}",0.8178861788617886,0.9076138897738133,0.9121426698137949,0.8899835796387521,0.7229166666666667,0.8501085969509632,0.07205715856166302,89,0.9240362811791383,0.9327695149217459,0.9305304306239993,0.931283422459893,0.9133271202236719,0.9263893538816896,0.007182837573146856
22,9.395936918258666,1.6741654057466517,0.02433810234069824,0.0036078283320074497,64,10,3e-05,500,96,384,0.25,4,3,16,0.0001,"{'model__batch_size': 64, 'model__callbacks__early_stopping__patience': 10, 'model__lr': 3e-05, 'model__max_epochs': 500, 'model__module__d_model': 96, 'model__module__dim_feedforward': 384, 'model__module__dropout': 0.25, 'model__module__nhead': 4, 'model__module__num_layers': 3, 'model__module__patch_size': 16, 'model__optimizer__weight_decay': 0.0001}",0.7723577235772358,0.9056910569105692,0.8801431127012522,0.884042921426099,0.7894736842105263,0.8463416997651365,0.05439460221469444,124,0.8870389884088514,0.8960043787629994,0.8959682642487047,0.8973817808453597,0.9164801204461261,0.8985747065424082,0.009679874358306641
23,6.535924434661865,0.9735103168129505,0.023192596435546876,0.003374101815080188,64,10,3e-05,500,96,384,0.25,4,3,32,0.0001,"{'model__batch_size': 64, 'model__callbacks__early_stopping__patience': 10, 'model__lr': 3e-05, 'model__max_epochs': 500, 'model__module__d_model': 96, 'model__module__dim_feedforward': 384, 'model__module__dropout': 0.25, 'model__module__nhead': 4, 'model__module__num_layers': 3, 'model__module__patch_size': 32, 'model__optimizer__weight_decay': 0.0001}",0.8291938997821351,0.9253539253539254,0.8218085106382979,0.9304257528556594,0.7320799059929495,0.8477723989245934,0.07383022037787404,112,0.8828927244920253,0.901740060270244,0.9081235673879671,0.9214667685255921,0.9081535192873711,0.9044753279926399,0.012560559355769366
24,8.509356546401978,1.176079891585562,0.023372602462768555,0.002786057802681322,64,10,3e-05,500,128,128,0.1,4,2,16,0.0001,"{'model__batch_size': 64, 'model__callbacks__early_stopping__patience': 10, 'model__lr': 3e-05, 'model__max_epochs': 500, 'model__module__d_model': 128, 'model__module__dim_feedforward': 128, 'model__module__dropout': 0.1, 'model__module__nhead': 4, 'model__module__num_layers': 2, 'model__module__patch_size': 16, 'model__optimizer__weight_decay': 0.0001}",0.8095238095238095,0.8507078507078507,0.8959627329192547,0.884042921426099,0.7625,0.8405474629154028,0.04923375687075143,182,0.8998558693215182,0.9037901429632027,0.9053755522827688,0.8745870870870871,0.8976716769820219,0.8962560657273198,0.011175281037033184
25,5.426329231262207,0.7055135090749087,0.02311544418334961,0.003626849183561109,64,10,3e-05,500,128,128,0.1,4,2,32,0.0001,"{'model__batch_size': 64, 'model__callbacks__early_stopping__patience': 10, 'model__lr': 3e-05, 'model__max_epochs': 500, 'model__module__d_model': 128, 'model__module__dim_feedforward': 128, 'model__module__dropout': 0.1, 'model__module__nhead': 4, 'model__module__num_layers': 2, 'model__module__patch_size': 32, 'model__optimizer__weight_decay': 0.0001}",0.7637130801687764,0.888030888030888,0.8190819081908192,0.8376600899965385,0.7923497267759563,0.8201671386325957,0.04212728017417095,278,0.919640179910045,0.9246763754045307,0.9207197943444729,0.9116501145912911,0.9210631017744888,0.9195499132049656,0.004297765522355555
26,8.933458042144775,1.0831440755692834,0.02456836700439453,0.003983112576419189,64,10,3e-05,500,128,128,0.1,4,3,16,0.0001,"{'model__batch_size': 64, 'model__callbacks__early_stopping__patience': 10, 'model__lr': 3e-05, 'model__max_epochs': 500, 'model__module__d_model': 128, 'model__module__dim_feedforward': 128, 'model__module__dropout': 0.1, 'model__module__nhead': 4, 'model__module__num_layers': 3, 'model__module__patch_size': 16, 'model__optimizer__weight_decay': 0.0001}",0.7992831541218638,0.8473684210526315,0.8769997377393128,0.884042921426099,0.7726819541375873,0.836075237695499,0.043533010901144774,213,0.905045351473923,0.8783867056274475,0.8855650906735751,0.8855544153807431,0.9081535192873711,0.8925410164886121,0.011814645902759716
27,6.1543480396270756,1.2160205344109973,0.02429671287536621,0.004911391504429194,64,10,3e-05,500,128,128,0.1,4,3,32,0.0001,"{'model__batch_size': 64, 'model__callbacks__early_stopping__patience': 10, 'model__lr': 3e-05, 'model__max_epochs': 500, 'model__module__d_model': 128, 'model__module__dim_feedforward': 128, 'model__module__dropout': 0.1, 'model__module__nhead': 4, 'model__module__num_layers': 3, 'model__module__patch_size': 32, 'model__optimizer__weight_decay': 0.0001}",0.8178861788617886,0.888030888030888,0.8959627329192547,0.8459770114942529,0.7216117216117216,0.8338937065835811,0.06291723101959633,229,0.9101860834288737,0.8982013011863759,0.8984675524504606,0.9124261699227624,0.9081535192873711,0.9054869252551688,0.005994961892690436
28,8.543160390853881,1.2162745708472333,0.022046899795532225,0.003210010157599476,64,10,3e-05,500,128,128,0.25,4,2,16,0.0001,"{'model__batch_size': 64, 'model__callbacks__early_stopping__patience': 10, 'model__lr': 3e-05, 'model__max_epochs': 500, 'model__module__d_model': 128, 'model__module__dim_feedforward': 128, 'model__module__dropout': 0.25, 'model__module__nhead': 4, 'model__module__num_layers': 2, 'model__module__patch_size': 16, 'model__optimizer__weight_decay': 0.0001}",0.7619047619047619,0.8302439024390245,0.9143879376437516,0.8645552560646901,0.7771260997067448,0.8296435915517945,0.05612027241277481,250,0.8850361049546007,0.9027833881547309,0.9140180662428905,0.8964604316546763,0.9119318181818181,0.9020459618377433,0.010603194006782685
29,6.441895294189453,0.5352065340861442,0.021021556854248048,0.00262508393633221,64,10,3e-05,500,128,128,0.25,4,2,32,0.0001,"{'model__batch_size': 64, 'model__callbacks__early_stopping__patience': 10, 'model__lr': 3e-05, 'model__max_epochs': 500, 'model__module__d_model': 128, 'model__module__dim_feedforward': 128, 'model__module__dropout': 0.25, 'model__module__nhead': 4, 'model__module__num_layers': 2, 'model__module__patch_size': 32, 'model__optimizer__weight_decay': 0.0001}",0.8178861788617886,0.888030888030888,0.9143879376437516,0.8278899082568807,0.8581711543588376,0.8612732134304293,0.03617637262561205,21,0.9430272108843537,0.9474225173940544,0.9247658079625293,0.900940487203207,0.9021464646464648,0.9236604976181217,0.019595802435649796
30,9.286227655410766,1.3706270315098326,0.024416160583496094,0.0036461966169636,64,10,3e-05,500,128,128,0.25,4,3,16,0.0001,"{'model__batch_size': 64, 'model__callbacks__early_stopping__patience': 10, 'model__lr': 3e-05, 'model__max_epochs': 500, 'model__module__d_model': 128, 'model__module__dim_feedforward': 128, 'model__module__dropout': 0.25, 'model__module__nhead': 4, 'model__module__num_layers': 3, 'model__module__patch_size': 16, 'model__optimizer__weight_decay': 0.0001}",0.7992831541218638,0.8648018648018647,0.9306418219461698,0.8645552560646901,0.8035252643948296,0.8525614722658836,0.048235563502610386,65,0.905045351473923,0.8910996479161549,0.9006490467761297,0.9131756756756757,0.90293542074364,0.9025810285171045,0.00712740743681282
31,5.859011888504028,0.7098290115678954,0.02184772491455078,0.0026285496817258012,64,10,3e-05,500,128,128,0.25,4,3,32,0.0001,"{'model__batch_size': 64, 'model__callbacks__early_stopping__patience': 10, 'model__lr': 3e-05, 'model__max_epochs': 500, 'model__module__d_model': 128, 'model__module__dim_feedforward': 128, 'model__module__dropout': 0.25, 'model__module__nhead': 4, 'model__module__num_layers': 3, 'model__module__patch_size': 32, 'model__optimizer__weight_decay': 0.0001}",0.837141670128791,0.888030888030888,0.9306418219461698,0.8477272727272727,0.7958485958485959,0.8598780497363435,0.045966181190412264,26,0.9041967541288338,0.9111154791154792,0.9158893798069057,0.8876086171163462,0.9126418786692759,0.9062904217673682,0.010091139161004027
32,7.9378258228302006,1.7906607315449599,0.022454309463500976,0.003195264130521592,64,10,3e-05,500,128,256,0.1,4,2,16,0.0001,"{'model__batch_size': 64, 'model__callbacks__early_stopping__patience': 10, 'model__lr': 3e-05, 'model__max_epochs': 500, 'model__module__d_model': 128, 'model__module__dim_feedforward': 256, 'model__module__dropout': 0.1, 'model__module__nhead': 4, 'model__module__num_layers': 2, 'model__module__patch_size': 16, 'model__optimizer__weight_decay': 0.0001}",0.7803921568627451,0.8706594456833386,0.8959627329192547,0.884042921426099,0.810568295114656,0.8483251104012186,0.044909666917308834,106,0.8507462686567164,0.9176980198019802,0.9053755522827688,0.8929653187944874,0.9126418786692759,0.8958854076410457,0.024052862628146696
33,5.165751981735229,0.873821674256892,0.020790576934814453,0.0029386682776710977,64,10,3e-05,500,128,256,0.1,4,2,32,0.0001,"{'model__batch_size': 64, 'model__callbacks__early_stopping__patience': 10, 'model__lr': 3e-05, 'model__max_epochs': 500, 'model__module__d_model': 128, 'model__module__dim_feedforward': 256, 'model__module__dropout': 0.1, 'model__module__nhead': 4, 'model__module__num_layers': 2, 'model__module__patch_size': 32, 'model__optimizer__weight_decay': 0.0001}",0.78125,0.8706594456833386,0.9121426698137949,0.7787155963302752,0.7726819541375873,0.8230899331929992,0.057365276173436744,271,0.8989496364126044,0.8925500605920711,0.9355135496821679,0.9253615752483106,0.90293542074364,0.9110620485357588,0.016479069614852935
34,8.823933458328247,1.890497526492442,0.023974895477294922,0.003231776343701023,64,10,3e-05,500,128,256,0.1,4,3,16,0.0001,"{'model__batch_size': 64, 'model__callbacks__early_stopping__patience': 10, 'model__lr': 3e-05, 'model__max_epochs': 500, 'model__module__d_model': 128, 'model__module__dim_feedforward': 256, 'model__module__dropout': 0.1, 'model__module__nhead': 4, 'model__module__num_layers': 3, 'model__module__patch_size': 16, 'model__optimizer__weight_decay': 0.0001}",0.7803921568627451,0.9056910569105692,0.8458982877587529,0.8645552560646901,0.7958485958485959,0.8384770706890705,0.0457031951629226,201,0.8564329915950863,0.8983732480746416,0.8913319238900634,0.8895243435192972,0.8940664802733769,0.8859457974704931,0.015054627713590604
35,5.542027854919434,1.045958873701685,0.02249455451965332,0.004055087115052212,64,10,3e-05,500,128,256,0.1,4,3,32,0.0001,"{'model__batch_size': 64, 'model__callbacks__early_stopping__patience': 10, 'model__lr': 3e-05, 'model__max_epochs': 500, 'model__module__d_model': 128, 'model__module__dim_feedforward': 256, 'model__module__dropout': 0.1, 'model__module__nhead': 4, 'model__module__num_layers': 3, 'model__module__patch_size': 32, 'model__optimizer__weight_decay': 0.0001}",0.837141670128791,0.8679674796747967,0.9121426698137949,0.9548517520215634,0.7816091954022988,0.8707425534082489,0.0597826109007786,3,0.9093934055766116,0.9255497800879648,0.9101491002570694,0.8929653187944874,0.9184573429007988,0.9113029895233865,0.01091241451457995
36,8.08821415901184,1.5128694433528698,0.022214460372924804,0.00300492907043924,64,10,3e-05,500,128,256,0.25,4,2,16,0.0001,"{'model__batch_size': 64, 'model__callbacks__early_stopping__patience': 10, 'model__lr': 3e-05, 'model__max_epochs': 500, 'model__module__d_model': 128, 'model__module__dim_feedforward': 256, 'model__module__dropout': 0.25, 'model__module__nhead': 4, 'model__module__num_layers': 2, 'model__module__patch_size': 16, 'model__optimizer__weight_decay': 0.0001}",0.7803921568627451,0.8706594456833386,0.8959627329192547,0.884042921426099,0.8484546360917248,0.8559023785966324,0.04091883581655975,45,0.8507462686567164,0.9224263633712453,0.9091551785083068,0.9161822541966427,0.9074172315551625,0.9011854592576147,0.025778065192658607
37,5.304682493209839,0.2771860689778759,0.021001148223876952,0.002642168322281729,64,10,3e-05,500,128,256,0.25,4,2,32,0.0001,"{'model__batch_size': 64, 'model__callbacks__early_stopping__patience': 10, 'model__lr': 3e-05, 'model__max_epochs': 500, 'model__module__d_model': 128, 'model__module__dim_feedforward': 256, 'model__module__dropout': 0.25, 'model__module__nhead': 4, 'model__module__num_layers': 2, 'model__module__patch_size': 32, 'model__optimizer__weight_decay': 0.0001}",0.78125,0.888030888030888,0.8480725623582767,0.8376600899965385,0.8020833333333333,0.8314193747438072,0.03714487342571872,241,0.8860544217687075,0.9312620510068181,0.8984675524504606,0.9161822541966427,0.8923611111111112,0.904865478106748,0.01658913481261403
38,9.27591905593872,2.2839857936519823,0.023986291885375977,0.0026952496893889928,64,10,3e-05,500,128,256,0.25,4,3,16,0.0001,"{'model__batch_size': 64, 'model__callbacks__early_stopping__patience': 10, 'model__lr': 3e-05, 'model__max_epochs': 500, 'model__module__d_model': 128, 'model__module__dim_feedforward': 256, 'model__module__dropout': 0.25, 'model__module__nhead': 4, 'model__module__num_layers': 3, 'model__module__patch_size': 16, 'model__optimizer__weight_decay': 0.0001}",0.790610718737017,0.8706594456833386,0.9306418219461698,0.8899835796387521,0.7678025851938896,0.8499396302398334,0.06133854626687982,92,0.8903183330664246,0.9006584766584766,0.8719430769537401,0.8929653187944874,0.9133271202236719,0.8938424651393602,0.013556414660710388
39,5.413380336761475,0.8730648877884044,0.02124471664428711,0.0032023223466292336,64,10,3e-05,500,128,256,0.25,4,3,32,0.0001,"{'model__batch_size': 64, 'model__callbacks__early_stopping__patience': 10, 'model__lr': 3e-05, 'model__max_epochs': 500, 'model__module__d_model': 128, 'model__module__dim_feedforward': 256, 'model__module__dropout': 0.25, 'model__module__nhead': 4, 'model__module__num_layers': 3, 'model__module__patch_size': 32, 'model__optimizer__weight_decay': 0.0001}",0.790610718737017,0.9056910569105692,0.8163377192982456,0.884042921426099,0.7347956131605184,0.8262956059064898,0.06226268455564042,265,0.8850361049546007,0.9215724815724815,0.8984675524504606,0.878894690215445,0.9119318181818181,0.8991805294749613,0.015975501482806923
40,7.688804864883423,1.2616868859835721,0.022337675094604492,0.002475071951947121,64,10,3e-05,500,128,384,0.1,4,2,16,0.0001,"{'model__batch_size': 64, 'model__callbacks__early_stopping__patience': 10, 'model__lr': 3e-05, 'model__max_epochs': 500, 'model__module__d_model': 128, 'model__module__dim_feedforward': 384, 'model__module__dropout': 0.1, 'model__module__nhead': 4, 'model__module__num_layers': 2, 'model__module__patch_size': 16, 'model__optimizer__weight_decay': 0.0001}",0.8095238095238095,0.888030888030888,0.8801431127012522,0.884042921426099,0.8484546360917248,0.8620390735547547,0.029765382146889244,19,0.8828927244920253,0.9074102722772277,0.9140180662428905,0.8991309223437063,0.9210631017744888,0.9049030174260677,0.013177927338181766
41,5.057810688018799,0.4723569996937643,0.02033548355102539,0.002630282716074278,64,10,3e-05,500,128,384,0.1,4,2,32,0.0001,"{'model__batch_size': 64, 'model__callbacks__early_stopping__patience': 10, 'model__lr': 3e-05, 'model__max_epochs': 500, 'model__module__d_model': 128, 'model__module__dim_feedforward': 384, 'model__module__dropout': 0.1, 'model__module__nhead': 4, 'model__module__num_layers': 2, 'model__module__patch_size': 32, 'model__optimizer__weight_decay': 0.0001}",0.7992831541218638,0.888030888030888,0.8734143049932523,0.8568376068376069,0.8035252643948296,0.844218243675688,0.03634910443031351,143,0.9145408163265306,0.9361855257896841,0.9149710504549214,0.9154097852814188,0.9074172315551625,0.9177048818815436,0.009696623763010389
42,7.87123293876648,1.557386634678218,0.024245166778564455,0.0028766760726547974,64,10,3e-05,500,128,384,0.1,4,3,16,0.0001,"{'model__batch_size': 64, 'model__callbacks__early_stopping__patience': 10, 'model__lr': 3e-05, 'model__max_epochs': 500, 'model__module__d_model': 128, 'model__module__dim_feedforward': 384, 'model__module__dropout': 0.1, 'model__module__nhead': 4, 'model__module__num_layers': 3, 'model__module__patch_size': 16, 'model__optimizer__weight_decay': 0.0001}",0.8095238095238095,0.888030888030888,0.8959627329192547,0.884042921426099,0.8180076628352491,0.8591136029470601,0.03732126632469181,30,0.8633748452406962,0.9042782886845262,0.9101491002570694,0.9161822541966427,0.8984854686860417,0.8984939914129952,0.018523114197694757
43,5.306521606445313,0.9667170777317924,0.022179508209228517,0.0030859453999336275,64,10,3e-05,500,128,384,0.1,4,3,32,0.0001,"{'model__batch_size': 64, 'model__callbacks__early_stopping__patience': 10, 'model__lr': 3e-05, 'model__max_epochs': 500, 'model__module__d_model': 128, 'model__module__dim_feedforward': 384, 'model__module__dropout': 0.1, 'model__module__nhead': 4, 'model__module__num_layers': 3, 'model__module__patch_size': 32, 'model__optimizer__weight_decay': 0.0001}",0.7992831541218638,0.8679674796747967,0.9121426698137949,0.8376600899965385,0.7816091954022988,0.8397325178018586,0.04703022384009225,187,0.905045351473923,0.9090708009088899,0.8961174343154983,0.9221565954869,0.9133271202236719,0.9091434604817765,0.008640854425759917
44,7.8320177555084225,1.0073846933215953,0.02358732223510742,0.003300356755991092,64,10,3e-05,500,128,384,0.25,4,2,16,0.0001,"{'model__batch_size': 64, 'model__callbacks__early_stopping__patience': 10, 'model__lr': 3e-05, 'model__max_epochs': 500, 'model__module__d_model': 128, 'model__module__dim_feedforward': 384, 'model__module__dropout': 0.25, 'model__module__nhead': 4, 'model__module__num_layers': 2, 'model__module__patch_size': 16, 'model__optimizer__weight_decay': 0.0001}",0.7619047619047619,0.8679674796747967,0.9121426698137949,0.884042921426099,0.8645276292335116,0.8581170924105928,0.05096243572841996,34,0.8719117647058824,0.8983732480746416,0.9101491002570694,0.9079599645637382,0.90293542074364,0.8982658996689944,0.013795229108649172
45,4.944748449325561,0.6552591333405293,0.020617866516113283,0.002688466147062059,64,10,3e-05,500,128,384,0.25,4,2,32,0.0001,"{'model__batch_size': 64, 'model__callbacks__early_stopping__patience': 10, 'model__lr': 3e-05, 'model__max_epochs': 500, 'model__module__d_model': 128, 'model__module__dim_feedforward': 384, 'model__module__dropout': 0.25, 'model__module__nhead': 4, 'model__module__num_layers': 2, 'model__module__patch_size': 32, 'model__optimizer__weight_decay': 0.0001}",0.754679410593389,0.8706594456833386,0.9121426698137949,0.8568376068376069,0.7625,0.8313638265856259,0.06219486625432269,242,0.9174383415182212,0.9369070208728653,0.9215650369285235,0.907154944574373,0.8984854686860417,0.916310162516005,0.013074056698788328
46,9.096764135360718,1.6988750852353263,0.024055337905883788,0.003421442320255455,64,10,3e-05,500,128,384,0.25,4,3,16,0.0001,"{'model__batch_size': 64, 'model__callbacks__early_stopping__patience': 10, 'model__lr': 3e-05, 'model__max_epochs': 500, 'model__module__d_model': 128, 'model__module__dim_feedforward': 384, 'model__module__dropout': 0.25, 'model__module__nhead': 4, 'model__module__num_layers': 3, 'model__module__patch_size': 16, 'model__optimizer__weight_decay': 0.0001}",0.790610718737017,0.8855263157894737,0.8801431127012522,0.8568376068376069,0.7816091954022988,0.8389453898935297,0.04429637927321773,195,0.8807807968113313,0.915876027830487,0.8843478972344951,0.9054579953145269,0.9088640891244222,0.8990653612630526,0.013931320058628627
47,5.69957914352417,0.6459714813352295,0.02192225456237793,0.003602907818422658,64,10,3e-05,500,128,384,0.25,4,3,32,0.0001,"{'model__batch_size': 64, 'model__callbacks__early_stopping__patience': 10, 'model__lr': 3e-05, 'model__max_epochs': 500, 'model__module__d_model': 128, 'model__module__dim_feedforward': 384, 'model__module__dropout': 0.25, 'model__module__nhead': 4, 'model__module__num_layers': 3, 'model__module__patch_size': 32, 'model__optimizer__weight_decay': 0.0001}",0.8178861788617886,0.8535353535353536,0.8458982877587529,0.8376600899965385,0.7816091954022988,0.8273178211109464,0.02575961805876134,260,0.912987012987013,0.913016715717391,0.8913319238900634,0.9176483893465026,0.9036968002485244,0.9077361684378988,0.009371482336806628
48,3.7692158222198486,0.7102398046215153,0.02132272720336914,0.0029244533433181313,64,10,0.0001,500,96,128,0.1,4,2,16,0.0001,"{'model__batch_size': 64, 'model__callbacks__early_stopping__patience': 10, 'model__lr': 0.0001, 'model__max_epochs': 500, 'model__module__d_model': 96, 'model__module__dim_feedforward': 128, 'model__module__dropout': 0.1, 'model__module__nhead': 4, 'model__module__num_layers': 2, 'model__module__patch_size': 16, 'model__optimizer__weight_decay': 0.0001}",0.7992831541218638,0.8473684210526315,0.8984848484848484,0.809116809116809,0.7484084542908073,0.820532337413392,0.05016067376135434,277,0.9058658236740429,0.8810537571692427,0.9424810270809172,0.8357954655462836,0.9407973263308665,0.9011986799602705,0.039943624218532064
49,2.8143319606781008,0.4309333017238751,0.020487213134765626,0.002770843394488394,64,10,0.0001,500,96,128,0.1,4,2,32,0.0001,"{'model__batch_size': 64, 'model__callbacks__early_stopping__patience': 10, 'model__lr': 0.0001, 'model__max_epochs': 500, 'model__module__d_model': 96, 'model__module__dim_feedforward': 128, 'model__module__dropout': 0.1, 'model__module__nhead': 4, 'model__module__num_layers': 2, 'model__module__patch_size': 32, 'model__optimizer__weight_decay': 0.0001}",0.78125,0.8901515151515151,0.8480725623582767,0.8278899082568807,0.810568295114656,0.8315864561762657,0.03658099017559852,238,0.9159933129005294,0.9480021893814997,0.9140180662428905,0.9306583410422449,0.9229574401988194,0.9263258699531967,0.012314407952666584
50,4.1050337791442875,0.9094068001836167,0.02316131591796875,0.003314993020650108,64,10,0.0001,500,96,128,0.1,4,3,16,0.0001,"{'model__batch_size': 64, 'model__callbacks__early_stopping__patience': 10, 'model__lr': 0.0001, 'model__max_epochs': 500, 'model__module__d_model': 96, 'model__module__dim_feedforward': 128, 'model__module__dropout': 0.1, 'model__module__nhead': 4, 'model__module__num_layers': 3, 'model__module__patch_size': 16, 'model__optimizer__weight_decay': 0.0001}",0.790610718737017,0.8855263157894737,0.8769997377393128,0.9097035040431267,0.7320799059929495,0.838984036460376,0.06690454600791554,194,0.8712432605562377,0.8783867056274475,0.9140180662428905,0.8842342342342342,0.9178215698887005,0.893140767309902,0.019086713159972825
51,3.225341272354126,0.3187956154253911,0.022656059265136717,0.0026443171511381226,64,10,0.0001,500,96,128,0.1,4,3,32,0.0001,"{'model__batch_size': 64, 'model__callbacks__early_stopping__patience': 10, 'model__lr': 0.0001, 'model__max_epochs': 500, 'model__module__d_model': 96, 'model__module__dim_feedforward': 128, 'model__module__dropout': 0.1, 'model__module__nhead': 4, 'model__module__num_layers': 3, 'model__module__patch_size': 32, 'model__optimizer__weight_decay': 0.0001}",0.837141670128791,0.8729264475743349,0.9306418219461698,0.8376600899965385,0.7495056031641398,0.8455751265619948,0.05890256656859422,132,0.912987012987013,0.9376026272577997,0.9091551785083068,0.9405642923219242,0.8775727196779828,0.9155763661506053,0.022811252392032647
52,3.8062289714813233,0.5134211524542533,0.021141576766967773,0.0028080344149273404,64,10,0.0001,500,96,128,0.25,4,2,16,0.0001,"{'model__batch_size': 64, 'model__callbacks__early_stopping__patience': 10, 'model__lr': 0.0001, 'model__max_epochs': 500, 'model__module__d_model': 96, 'model__module__dim_feedforward': 128, 'model__module__dropout': 0.25, 'model__module__nhead': 4, 'model__module__num_layers': 2, 'model__module__patch_size': 16, 'model__optimizer__weight_decay': 0.0001}",0.7803921568627451,0.8366197183098592,0.8418568056648308,0.9097035040431267,0.7816091954022988,0.8300362760565723,0.047622798234480415,248,0.9137770787159505,0.8982013011863759,0.9043424317617866,0.9087375011681151,0.9171627861283034,0.9084442197921062,0.006727270528752347
53,2.86041316986084,0.44784890068279615,0.020363378524780273,0.0029585657860670654,64,10,0.0001,500,96,128,0.25,4,2,32,0.0001,"{'model__batch_size': 64, 'model__callbacks__early_stopping__patience': 10, 'model__lr': 0.0001, 'model__max_epochs': 500, 'model__module__d_model': 96, 'model__module__dim_feedforward': 128, 'model__module__dropout': 0.25, 'model__module__nhead': 4, 'model__module__num_layers': 2, 'model__module__patch_size': 32, 'model__optimizer__weight_decay': 0.0001}",0.78125,0.9253539253539254,0.8860544217687075,0.8278899082568807,0.810568295114656,0.8462233100988339,0.052301236064412414,127,0.9159933129005294,0.9255497800879648,0.9091551785083068,0.9169281083033864,0.9274896204900298,0.9190232000580435,0.006711542248572841
54,4.334327983856201,0.8875812169182531,0.025325250625610352,0.005318762745965812,64,10,0.0001,500,96,128,0.25,4,3,16,0.0001,"{'model__batch_size': 64, 'model__callbacks__early_stopping__patience': 10, 'model__lr': 0.0001, 'model__max_epochs': 500, 'model__module__d_model': 96, 'model__module__dim_feedforward': 128, 'model__module__dropout': 0.25, 'model__module__nhead': 4, 'model__module__num_layers': 3, 'model__module__patch_size': 16, 'model__optimizer__weight_decay': 0.0001}",0.790610718737017,0.8855263157894737,0.8984848484848484,0.884042921426099,0.8035252643948296,0.8524380137664537,0.04567075293505192,67,0.8712432605562377,0.8723710515793682,0.9215650369285235,0.8938813813813814,0.9229574401988194,0.8964036341288661,0.022606069932131687
55,3.3279377937316896,0.5696005809114763,0.02122178077697754,0.0026374495256803244,64,10,0.0001,500,96,128,0.25,4,3,32,0.0001,"{'model__batch_size': 64, 'model__callbacks__early_stopping__patience': 10, 'model__lr': 0.0001, 'model__max_epochs': 500, 'model__module__d_model': 96, 'model__module__dim_feedforward': 128, 'model__module__dropout': 0.25, 'model__module__nhead': 4, 'model__module__num_layers': 3, 'model__module__patch_size': 32, 'model__optimizer__weight_decay': 0.0001}",0.8178861788617886,0.8729264475743349,0.9095816464237516,0.809116809116809,0.7452107279693487,0.8309443619892066,0.056468632401633384,243,0.9085734805637848,0.9431126664722466,0.9016812644719621,0.9253615752483106,0.9459577249945522,0.9249373423501712,0.017782013372235648
56,3.25791072845459,0.45675887609852855,0.02278900146484375,0.00325231321556404,64,10,0.0001,500,96,256,0.1,4,2,16,0.0001,"{'model__batch_size': 64, 'model__callbacks__early_stopping__patience': 10, 'model__lr': 0.0001, 'model__max_epochs': 500, 'model__module__d_model': 96, 'model__module__dim_feedforward': 256, 'model__module__dropout': 0.1, 'model__module__nhead': 4, 'model__module__num_layers': 2, 'model__module__patch_size': 16, 'model__optimizer__weight_decay': 0.0001}",0.8095238095238095,0.8825910931174089,0.8984848484848484,0.8899835796387521,0.7452107279693487,0.8451588117468335,0.05918373853277682,138,0.8980120689342732,0.9031553398058252,0.9101491002570694,0.8842342342342342,0.932587760173967,0.9056277006810738,0.015931595549715325
57,2.794141387939453,0.2928854179883062,0.02086153030395508,0.0032170156125697156,64,10,0.0001,500,96,256,0.1,4,2,32,0.0001,"{'model__batch_size': 64, 'model__callbacks__early_stopping__patience': 10, 'model__lr': 0.0001, 'model__max_epochs': 500, 'model__module__d_model': 96, 'model__module__dim_feedforward': 256, 'model__module__dropout': 0.1, 'model__module__nhead': 4, 'model__module__num_layers': 2, 'model__module__patch_size': 32, 'model__optimizer__weight_decay': 0.0001}",0.790610718737017,0.8559006211180125,0.9121426698137949,0.884042921426099,0.7816091954022988,0.8448612252994444,0.05124022462036542,139,0.9296993861812077,0.9629872582344405,0.8984675524504606,0.907154944574373,0.9184573429007988,0.9233532968682561,0.022435601176078204
58,3.829423999786377,0.9032035158491637,0.024211359024047852,0.0034476508862916217,64,10,0.0001,500,96,256,0.1,4,3,16,0.0001,"{'model__batch_size': 64, 'model__callbacks__early_stopping__patience': 10, 'model__lr': 0.0001, 'model__max_epochs': 500, 'model__module__d_model': 96, 'model__module__dim_feedforward': 256, 'model__module__dropout': 0.1, 'model__module__nhead': 4, 'model__module__num_layers': 3, 'model__module__patch_size': 16, 'model__optimizer__weight_decay': 0.0001}",0.7723577235772358,0.8648018648018647,0.8801431127012522,0.8645552560646901,0.7964285714285715,0.8356573057147229,0.04291669739047906,217,0.8774308032855862,0.8948450347881087,0.8661458333333334,0.8818608072078697,0.9217171717171717,0.888399930066414,0.019025796475243367
59,2.644749879837036,0.3654810752443683,0.021482229232788086,0.003357610989764631,64,10,0.0001,500,96,256,0.1,4,3,32,0.0001,"{'model__batch_size': 64, 'model__callbacks__early_stopping__patience': 10, 'model__lr': 0.0001, 'model__max_epochs': 500, 'model__module__d_model': 96, 'model__module__dim_feedforward': 256, 'model__module__dropout': 0.1, 'model__module__nhead': 4, 'model__module__num_layers': 3, 'model__module__patch_size': 32, 'model__optimizer__weight_decay': 0.0001}",0.8095238095238095,0.8706594456833386,0.9143879376437516,0.8568376068376069,0.7452107279693487,0.8393239055315711,0.05773835924220352,191,0.9093934055766116,0.919768353743138,0.8937138130686517,0.9253615752483106,0.9229574401988194,0.9142389175671063,0.011619463983508571
60,3.5429083824157717,0.653929173602897,0.02202925682067871,0.0028435475565368896,64,10,0.0001,500,96,256,0.25,4,2,16,0.0001,"{'model__batch_size': 64, 'model__callbacks__early_stopping__patience': 10, 'model__lr': 0.0001, 'model__max_epochs': 500, 'model__module__d_model': 96, 'model__module__dim_feedforward': 256, 'model__module__dropout': 0.25, 'model__module__nhead': 4, 'model__module__num_layers': 2, 'model__module__patch_size': 16, 'model__optimizer__weight_decay': 0.0001}",0.790610718737017,0.8679674796747967,0.9143879376437516,0.8278899082568807,0.8035252643948296,0.8408762617414551,0.04522890176915872,180,0.8946164295417174,0.8902722568064201,0.9231658461722441,0.8543340173947034,0.9315025252525253,0.898778215033522,0.027315180832157414
61,2.6988499641418455,0.485050193722543,0.020311737060546876,0.0028050206807742686,64,10,0.0001,500,96,256,0.25,4,2,32,0.0001,"{'model__batch_size': 64, 'model__callbacks__early_stopping__patience': 10, 'model__lr': 0.0001, 'model__max_epochs': 500, 'model__module__d_model': 96, 'model__module__dim_feedforward': 256, 'model__module__dropout': 0.25, 'model__module__nhead': 4, 'model__module__num_layers': 2, 'model__module__patch_size': 32, 'model__optimizer__weight_decay': 0.0001}",0.8095238095238095,0.9056910569105692,0.8769997377393128,0.8568376068376069,0.810568295114656,0.8519241012251909,0.037555034397746,74,0.9284684780867987,0.932029484029484,0.8843478972344951,0.9452651551820945,0.932587760173967,0.924539754941368,0.02088649772775981
62,4.197046566009521,0.6474553618463185,0.023264646530151367,0.0033062441639892222,64,10,0.0001,500,96,256,0.25,4,3,16,0.0001,"{'model__batch_size': 64, 'model__callbacks__early_stopping__patience': 10, 'model__lr': 0.0001, 'model__max_epochs': 500, 'model__module__d_model': 96, 'model__module__dim_feedforward': 256, 'model__module__dropout': 0.25, 'model__module__nhead': 4, 'model__module__num_layers': 3, 'model__module__patch_size': 16, 'model__optimizer__weight_decay': 0.0001}",0.8095238095238095,0.888030888030888,0.8984848484848484,0.7969696969696969,0.7678025851938896,0.8321623656406265,0.05179415607012349,235,0.8522058823529413,0.9064039408866995,0.9053755522827688,0.848586017282011,0.932587760173967,0.8890318305956775,0.03303949374478399
63,2.6863166809082033,0.3858274988508372,0.021839475631713866,0.0035517152130142737,64,10,0.0001,500,96,256,0.25,4,3,32,0.0001,"{'model__batch_size': 64, 'model__callbacks__early_stopping__patience': 10, 'model__lr': 0.0001, 'model__max_epochs': 500, 'model__module__d_model': 96, 'model__module__dim_feedforward': 256, 'model__module__dropout': 0.25, 'model__module__nhead': 4, 'model__module__num_layers': 3, 'model__module__patch_size': 32, 'model__optimizer__weight_decay': 0.0001}",0.8095238095238095,0.9076138897738133,0.9121426698137949,0.8278899082568807,0.7452107279693487,0.8404762010675293,0.06298496274666301,184,0.8839826839826841,0.9327695149217459,0.9111070418523266,0.931283422459893,0.8920821114369502,0.9102449549307199,0.019851004366293536
64,3.5536487102508545,0.6352272115972311,0.022275304794311522,0.0027322156493156655,64,10,0.0001,500,96,384,0.1,4,2,16,0.0001,"{'model__batch_size': 64, 'model__callbacks__early_stopping__patience': 10, 'model__lr': 0.0001, 'model__max_epochs': 500, 'model__module__d_model': 96, 'model__module__dim_feedforward': 384, 'model__module__dropout': 0.1, 'model__module__nhead': 4, 'model__module__num_layers': 2, 'model__module__patch_size': 16, 'model__optimizer__weight_decay': 0.0001}",0.78125,0.9056910569105692,0.8984848484848484,0.8899835796387521,0.7625,0.8475818970068338,0.062296929912662,114,0.903190848886213,0.901740060270244,0.9223799456357595,0.886599520383693,0.9036968002485244,0.9035214350848868,0.011360527749690772
65,2.6890323638916014,0.311590168691539,0.02060093879699707,0.002989457061686029,64,10,0.0001,500,96,384,0.1,4,2,32,0.0001,"{'model__batch_size': 64, 'model__callbacks__early_stopping__patience': 10, 'model__lr': 0.0001, 'model__max_epochs': 500, 'model__module__d_model': 96, 'model__module__dim_feedforward': 384, 'model__module__dropout': 0.1, 'model__module__nhead': 4, 'model__module__num_layers': 2, 'model__module__patch_size': 32, 'model__optimizer__weight_decay': 0.0001}",0.7723577235772358,0.8729264475743349,0.9306418219461698,0.809116809116809,0.810568295114656,0.8391222194658411,0.056020911512568376,192,0.9240362811791383,0.9534558180227471,0.9412180566818455,0.9124261699227624,0.90293542074364,0.9268143493100267,0.018450882034864387
66,4.341536569595337,0.945837248496371,0.023953866958618165,0.0032882119112129767,64,10,0.0001,500,96,384,0.1,4,3,16,0.0001,"{'model__batch_size': 64, 'model__callbacks__early_stopping__patience': 10, 'model__lr': 0.0001, 'model__max_epochs': 500, 'model__module__d_model': 96, 'model__module__dim_feedforward': 384, 'model__module__dropout': 0.1, 'model__module__nhead': 4, 'model__module__num_layers': 3, 'model__module__patch_size': 16, 'model__optimizer__weight_decay': 0.0001}",0.790610718737017,0.8855263157894737,0.8418568056648308,0.8645552560646901,0.7320799059929495,0.8229258004497921,0.055330751124136046,274,0.8731337848663608,0.9272030651340997,0.9198428045661531,0.9045636665689436,0.9171627861283034,0.908381221452772,0.019077217178529657
67,2.787713623046875,0.33878564979416015,0.02177891731262207,0.002834124828746832,64,10,0.0001,500,96,384,0.1,4,3,32,0.0001,"{'model__batch_size': 64, 'model__callbacks__early_stopping__patience': 10, 'model__lr': 0.0001, 'model__max_epochs': 500, 'model__module__d_model': 96, 'model__module__dim_feedforward': 384, 'model__module__dropout': 0.1, 'model__module__nhead': 4, 'model__module__num_layers': 3, 'model__module__patch_size': 32, 'model__optimizer__weight_decay': 0.0001}",0.790610718737017,0.888030888030888,0.9121426698137949,0.8899835796387521,0.810568295114656,0.8582672302670217,0.048263769215409355,32,0.9145408163265306,0.8925500605920711,0.9091551785083068,0.9318870210510375,0.9171627861283034,0.9130591725212499,0.01272310995503085
68,3.4373055934906005,0.5163906657738988,0.022509956359863283,0.0038024185801627196,64,10,0.0001,500,96,384,0.25,4,2,16,0.0001,"{'model__batch_size': 64, 'model__callbacks__early_stopping__patience': 10, 'model__lr': 0.0001, 'model__max_epochs': 500, 'model__module__d_model': 96, 'model__module__dim_feedforward': 384, 'model__module__dropout': 0.25, 'model__module__nhead': 4, 'model__module__num_layers': 2, 'model__module__patch_size': 16, 'model__optimizer__weight_decay': 0.0001}",0.8095238095238095,0.8855263157894737,0.8612836438923395,0.884042921426099,0.8035252643948296,0.8487803910053102,0.03560658940932644,103,0.8649974812962928,0.8723710515793682,0.8984675524504606,0.8982715397809737,0.9088640891244222,0.8885943428463035,0.016864151784904614
69,2.679591178894043,0.2730436023550214,0.020327949523925783,0.002998299822704298,64,10,0.0001,500,96,384,0.25,4,2,32,0.0001,"{'model__batch_size': 64, 'model__callbacks__early_stopping__patience': 10, 'model__lr': 0.0001, 'model__max_epochs': 500, 'model__module__d_model': 96, 'model__module__dim_feedforward': 384, 'model__module__dropout': 0.25, 'model__module__nhead': 4, 'model__module__num_layers': 2, 'model__module__patch_size': 32, 'model__optimizer__weight_decay': 0.0001}",0.754679410593389,0.8729264475743349,0.8163377192982456,0.8278899082568807,0.7871148459383753,0.8117896663322451,0.03971910539899849,285,0.9240362811791383,0.9485612623762376,0.8925225828036133,0.9267012720323997,0.9126418786692759,0.920892655412133,0.018341813203778232
70,4.462687301635742,0.9046088071382747,0.023589134216308594,0.0026754222669052685,64,10,0.0001,500,96,384,0.25,4,3,16,0.0001,"{'model__batch_size': 64, 'model__callbacks__early_stopping__patience': 10, 'model__lr': 0.0001, 'model__max_epochs': 500, 'model__module__d_model': 96, 'model__module__dim_feedforward': 384, 'model__module__dropout': 0.25, 'model__module__nhead': 4, 'model__module__num_layers': 3, 'model__module__patch_size': 16, 'model__optimizer__weight_decay': 0.0001}",0.8095238095238095,0.843454790823212,0.9143879376437516,0.8645552560646901,0.7816091954022988,0.8427061978915524,0.045716798136553875,157,0.8916176470588235,0.9090708009088899,0.9111070418523266,0.8799177646948884,0.9126418786692759,0.9008710266368409,0.01292462365252186
71,2.8657471179962157,0.5264795854862826,0.021761178970336914,0.0036118884730904246,64,10,0.0001,500,96,384,0.25,4,3,32,0.0001,"{'model__batch_size': 64, 'model__callbacks__early_stopping__patience': 10, 'model__lr': 0.0001, 'model__max_epochs': 500, 'model__module__d_model': 96, 'model__module__dim_feedforward': 384, 'model__module__dropout': 0.25, 'model__module__nhead': 4, 'model__module__num_layers': 3, 'model__module__patch_size': 32, 'model__optimizer__weight_decay': 0.0001}",0.790610718737017,0.9076138897738133,0.9306418219461698,0.9045584045584045,0.7816091954022988,0.8630068060835405,0.06349423140664968,18,0.9066592365561438,0.9474225173940544,0.9091551785083068,0.9267012720323997,0.9133271202236719,0.9206530649429153,0.015065739178294974
72,3.767307758331299,0.7613082399273918,0.023629188537597656,0.002586893806281967,64,10,0.0001,500,128,128,0.1,4,2,16,0.0001,"{'model__batch_size': 64, 'model__callbacks__early_stopping__patience': 10, 'model__lr': 0.0001, 'model__max_epochs': 500, 'model__module__d_model': 128, 'model__module__dim_feedforward': 128, 'model__module__dropout': 0.1, 'model__module__nhead': 4, 'model__module__num_layers': 2, 'model__module__patch_size': 16, 'model__optimizer__weight_decay': 0.0001}",0.7619047619047619,0.8535353535353536,0.8984848484848484,0.8899835796387521,0.8020833333333333,0.8411983753794099,0.052213792885863655,176,0.8731337848663608,0.9224263633712453,0.9111070418523266,0.90183346065699,0.9506644386090555,0.9118330178711955,0.025370246456141308
73,3.128937530517578,0.49937977185143295,0.02174973487854004,0.0032585582610742433,64,10,0.0001,500,128,128,0.1,4,2,32,0.0001,"{'model__batch_size': 64, 'model__callbacks__early_stopping__patience': 10, 'model__lr': 0.0001, 'model__max_epochs': 500, 'model__module__d_model': 128, 'model__module__dim_feedforward': 128, 'model__module__dropout': 0.1, 'model__module__nhead': 4, 'model__module__num_layers': 2, 'model__module__patch_size': 32, 'model__optimizer__weight_decay': 0.0001}",0.78125,0.9056910569105692,0.8646464646464647,0.8568376068376069,0.7625,0.834185025678928,0.05384238302646211,227,0.905045351473923,0.9404643213217491,0.8711779448621554,0.907154944574373,0.9598413083960813,0.9167367741256562,0.03074119423719641
74,4.271471881866455,1.106021008108521,0.0246826171875,0.003320650094803475,64,10,0.0001,500,128,128,0.1,4,3,16,0.0001,"{'model__batch_size': 64, 'model__callbacks__early_stopping__patience': 10, 'model__lr': 0.0001, 'model__max_epochs': 500, 'model__module__d_model': 128, 'model__module__dim_feedforward': 128, 'model__module__dropout': 0.1, 'model__module__nhead': 4, 'model__module__num_layers': 3, 'model__module__patch_size': 16, 'model__optimizer__weight_decay': 0.0001}",0.7803921568627451,0.888030888030888,0.8984848484848484,0.8645552560646901,0.7452107279693487,0.8353347754825041,0.06125305504922518,221,0.8663341645885287,0.9027833881547309,0.9215650369285235,0.9260431654676259,0.9366538952745849,0.9106759300827989,0.02473080521135973
75,2.92121000289917,0.48664358214809117,0.02246518135070801,0.0028031257677199814,64,10,0.0001,500,128,128,0.1,4,3,32,0.0001,"{'model__batch_size': 64, 'model__callbacks__early_stopping__patience': 10, 'model__lr': 0.0001, 'model__max_epochs': 500, 'model__module__d_model': 128, 'model__module__dim_feedforward': 128, 'model__module__dropout': 0.1, 'model__module__nhead': 4, 'model__module__num_layers': 3, 'model__module__patch_size': 32, 'model__optimizer__weight_decay': 0.0001}",0.78125,0.8535353535353536,0.8984848484848484,0.809116809116809,0.7726819541375873,0.8230137930549197,0.04711280174979772,273,0.9066592365561438,0.9037901429632027,0.9111070418523266,0.9267012720323997,0.9263059886289349,0.9149127364066014,0.009747732291476815
76,3.6925437450408936,0.487819858343111,0.022207975387573242,0.002815998638892197,64,10,0.0001,500,128,128,0.25,4,2,16,0.0001,"{'model__batch_size': 64, 'model__callbacks__early_stopping__patience': 10, 'model__lr': 0.0001, 'model__max_epochs': 500, 'model__module__d_model': 128, 'model__module__dim_feedforward': 128, 'model__module__dropout': 0.25, 'model__module__nhead': 4, 'model__module__num_layers': 2, 'model__module__patch_size': 16, 'model__optimizer__weight_decay': 0.0001}",0.7440797673452431,0.8535353535353536,0.8769997377393128,0.8645552560646901,0.8020833333333333,0.8282506896035866,0.049200162922910955,256,0.9137770787159505,0.9176980198019802,0.8937138130686517,0.8982715397809737,0.9506644386090555,0.9148249779953224,0.020067471193367565
77,2.747608280181885,0.3943691070151188,0.021638107299804688,0.002939640090167383,64,10,0.0001,500,128,128,0.25,4,2,32,0.0001,"{'model__batch_size': 64, 'model__callbacks__early_stopping__patience': 10, 'model__lr': 0.0001, 'model__max_epochs': 500, 'model__module__d_model': 128, 'model__module__dim_feedforward': 128, 'model__module__dropout': 0.25, 'model__module__nhead': 4, 'model__module__num_layers': 2, 'model__module__patch_size': 32, 'model__optimizer__weight_decay': 0.0001}",0.78125,0.8507078507078507,0.8646464646464647,0.884042921426099,0.7625,0.8286294473560829,0.047902505940620954,255,0.905045351473923,0.9120832118207447,0.8865055832439594,0.9026957443586249,0.9454999500549396,0.9103659681904384,0.019461782410710837
78,4.118261241912842,1.05296256386817,0.02399129867553711,0.0029722918297863175,64,10,0.0001,500,128,128,0.25,4,3,16,0.0001,"{'model__batch_size': 64, 'model__callbacks__early_stopping__patience': 10, 'model__lr': 0.0001, 'model__max_epochs': 500, 'model__module__d_model': 128, 'model__module__dim_feedforward': 128, 'model__module__dropout': 0.25, 'model__module__nhead': 4, 'model__module__num_layers': 3, 'model__module__patch_size': 16, 'model__optimizer__weight_decay': 0.0001}",0.7803921568627451,0.8706594456833386,0.8801431127012522,0.8645552560646901,0.7871148459383753,0.8365729634500804,0.043464107705973816,209,0.8620588235294118,0.9176980198019802,0.9167746113989637,0.8811285846438484,0.9178215698887005,0.8990963218525809,0.02325422913941229
79,2.907903718948364,0.4901167802245068,0.022037363052368163,0.002970924072442186,64,10,0.0001,500,128,128,0.25,4,3,32,0.0001,"{'model__batch_size': 64, 'model__callbacks__early_stopping__patience': 10, 'model__lr': 0.0001, 'model__max_epochs': 500, 'model__module__d_model': 128, 'model__module__dim_feedforward': 128, 'model__module__dropout': 0.25, 'model__module__nhead': 4, 'model__module__num_layers': 3, 'model__module__patch_size': 32, 'model__optimizer__weight_decay': 0.0001}",0.78125,0.8535353535353536,0.8984848484848484,0.9045584045584045,0.7367965367965368,0.8349250286750287,0.06594726915375873,223,0.8998558693215182,0.9037901429632027,0.9111070418523266,0.9116501145912911,0.8928282885218797,0.9038462914500437,0.0070843653486469945
80,3.129573631286621,0.4478666559581015,0.022839069366455078,0.003105979688144015,64,10,0.0001,500,128,256,0.1,4,2,16,0.0001,"{'model__batch_size': 64, 'model__callbacks__early_stopping__patience': 10, 'model__lr': 0.0001, 'model__max_epochs': 500, 'model__module__d_model': 128, 'model__module__dim_feedforward': 256, 'model__module__dropout': 0.1, 'model__module__nhead': 4, 'model__module__num_layers': 2, 'model__module__patch_size': 16, 'model__optimizer__weight_decay': 0.0001}",0.7992831541218638,0.8706594456833386,0.9143879376437516,0.8899835796387521,0.7958485958485959,0.8540325425872604,0.04815510747468408,57,0.9109525558295297,0.8902014742014741,0.8948617247586319,0.8999610743479953,0.9235452793834297,0.9039044217042121,0.012004420949866156
81,2.1607817649841308,0.21458472058912248,0.02110776901245117,0.0024805687127042878,64,10,0.0001,500,128,256,0.1,4,2,32,0.0001,"{'model__batch_size': 64, 'model__callbacks__early_stopping__patience': 10, 'model__lr': 0.0001, 'model__max_epochs': 500, 'model__module__d_model': 128, 'model__module__dim_feedforward': 256, 'model__module__dropout': 0.1, 'model__module__nhead': 4, 'model__module__num_layers': 2, 'model__module__patch_size': 32, 'model__optimizer__weight_decay': 0.0001}",0.7992831541218638,0.888030888030888,0.9121426698137949,0.9097035040431267,0.8416666666666667,0.8701653765352679,0.04354537655654685,4,0.9174383415182212,0.9246763754045307,0.9158893798069057,0.9300108932461874,0.9119318181818181,0.9199893616315327,0.006490620232868752
82,4.178383302688599,0.936891975317275,0.02423996925354004,0.003446729410812021,64,10,0.0001,500,128,256,0.1,4,3,16,0.0001,"{'model__batch_size': 64, 'model__callbacks__early_stopping__patience': 10, 'model__lr': 0.0001, 'model__max_epochs': 500, 'model__module__d_model': 128, 'model__module__dim_feedforward': 256, 'model__module__dropout': 0.1, 'model__module__nhead': 4, 'model__module__num_layers': 3, 'model__module__patch_size': 16, 'model__optimizer__weight_decay': 0.0001}",0.8095238095238095,0.9056910569105692,0.8984848484848484,0.8645552560646901,0.7678025851938896,0.8492115112355615,0.053020294708984915,97,0.867625267548433,0.901740060270244,0.9016812644719621,0.90183346065699,0.9139884393063584,0.8973736984507974,0.015611076031785841
83,2.4452045917510987,0.27776606808433213,0.022830104827880858,0.0036228615086239526,64,10,0.0001,500,128,256,0.1,4,3,32,0.0001,"{'model__batch_size': 64, 'model__callbacks__early_stopping__patience': 10, 'model__lr': 0.0001, 'model__max_epochs': 500, 'model__module__d_model': 128, 'model__module__dim_feedforward': 256, 'model__module__dropout': 0.1, 'model__module__nhead': 4, 'model__module__num_layers': 3, 'model__module__patch_size': 32, 'model__optimizer__weight_decay': 0.0001}",0.8095238095238095,0.888030888030888,0.9121426698137949,0.8770642201834863,0.7678025851938896,0.8509128345491737,0.053723556345138423,79,0.8936507936507936,0.9263915243516762,0.8877799263926143,0.886599520383693,0.932054794520548,0.905295311859865,0.019763786302605675
84,3.87037935256958,0.8561032968346444,0.02334909439086914,0.003971340908338908,64,10,0.0001,500,128,256,0.25,4,2,16,0.0001,"{'model__batch_size': 64, 'model__callbacks__early_stopping__patience': 10, 'model__lr': 0.0001, 'model__max_epochs': 500, 'model__module__d_model': 128, 'model__module__dim_feedforward': 256, 'model__module__dropout': 0.25, 'model__module__nhead': 4, 'model__module__num_layers': 2, 'model__module__patch_size': 16, 'model__optimizer__weight_decay': 0.0001}",0.78125,0.8706594456833386,0.8801431127012522,0.884042921426099,0.7958485958485959,0.8423888151318571,0.044415373092140595,165,0.9246926589392344,0.9006584766584766,0.9207197943444729,0.8799177646948884,0.9463994498477257,0.9144776288969597,0.02257284786333993
85,2.377464199066162,0.39402792262524616,0.02149200439453125,0.002491772569918228,64,10,0.0001,500,128,256,0.25,4,2,32,0.0001,"{'model__batch_size': 64, 'model__callbacks__early_stopping__patience': 10, 'model__lr': 0.0001, 'model__max_epochs': 500, 'model__module__d_model': 128, 'model__module__dim_feedforward': 256, 'model__module__dropout': 0.25, 'model__module__nhead': 4, 'model__module__num_layers': 2, 'model__module__patch_size': 32, 'model__optimizer__weight_decay': 0.0001}",0.7992831541218638,0.8679674796747967,0.9457489878542511,0.8278899082568807,0.8258212375859435,0.8533421534987472,0.05114785668143482,59,0.8903183330664246,0.9042782886845262,0.9179874481438145,0.8833501075523453,0.9217171717171717,0.9035302698328564,0.014980835489751276
86,4.094611072540284,0.7018206346856739,0.024300765991210938,0.003649823566092162,64,10,0.0001,500,128,256,0.25,4,3,16,0.0001,"{'model__batch_size': 64, 'model__callbacks__early_stopping__patience': 10, 'model__lr': 0.0001, 'model__max_epochs': 500, 'model__module__d_model': 128, 'model__module__dim_feedforward': 256, 'model__module__dropout': 0.25, 'model__module__nhead': 4, 'model__module__num_layers': 3, 'model__module__patch_size': 16, 'model__optimizer__weight_decay': 0.0001}",0.8095238095238095,0.9056910569105692,0.9143879376437516,0.8899835796387521,0.7452107279693487,0.8529594223372463,0.06545427350431453,61,0.8860544217687075,0.9027833881547309,0.9043424317617866,0.9026957443586249,0.9000287935502447,0.8991809559188189,0.006708156469728075
87,2.6290557384490967,0.5253479465506802,0.023269224166870116,0.004226347958505485,64,10,0.0001,500,128,256,0.25,4,3,32,0.0001,"{'model__batch_size': 64, 'model__callbacks__early_stopping__patience': 10, 'model__lr': 0.0001, 'model__max_epochs': 500, 'model__module__d_model': 128, 'model__module__dim_feedforward': 256, 'model__module__dropout': 0.25, 'model__module__nhead': 4, 'model__module__num_layers': 3, 'model__module__patch_size': 32, 'model__optimizer__weight_decay': 0.0001}",0.790610718737017,0.888030888030888,0.9121426698137949,0.9304257528556594,0.7816091954022988,0.8605638449679315,0.06232620052325677,25,0.8903183330664246,0.9079903147699757,0.8692750615475391,0.8876086171163462,0.9274896204900298,0.8965363893980631,0.01975269227264687
88,3.3698604106903076,0.4626443487007299,0.023368692398071288,0.0038889917227806193,64,10,0.0001,500,128,384,0.1,4,2,16,0.0001,"{'model__batch_size': 64, 'model__callbacks__early_stopping__patience': 10, 'model__lr': 0.0001, 'model__max_epochs': 500, 'model__module__d_model': 128, 'model__module__dim_feedforward': 384, 'model__module__dropout': 0.1, 'model__module__nhead': 4, 'model__module__num_layers': 2, 'model__module__patch_size': 16, 'model__optimizer__weight_decay': 0.0001}",0.8095238095238095,0.888030888030888,0.8418568056648308,0.884042921426099,0.810568295114656,0.8468045439520567,0.034098994725592274,121,0.8860544217687075,0.9176980198019802,0.9140180662428905,0.8687745483110763,0.9126418786692759,0.8998373869587862,0.01917768991701862
89,2.1604540824890135,0.37875868885456027,0.0216036319732666,0.0026748041401148458,64,10,0.0001,500,128,384,0.1,4,2,32,0.0001,"{'model__batch_size': 64, 'model__callbacks__early_stopping__patience': 10, 'model__lr': 0.0001, 'model__max_epochs': 500, 'model__module__d_model': 128, 'model__module__dim_feedforward': 384, 'model__module__dropout': 0.1, 'model__module__nhead': 4, 'model__module__num_layers': 2, 'model__module__patch_size': 32, 'model__optimizer__weight_decay': 0.0001}",0.7619047619047619,0.888030888030888,0.9643617021276596,0.8477272727272727,0.8416666666666667,0.8607382582914498,0.06600572264742106,23,0.8774308032855862,0.932029484029484,0.8843478972344951,0.8910345359235277,0.9366538952745849,0.9042993231495355,0.024946789355333458
90,4.140178442001343,0.7451289139815603,0.02482128143310547,0.0034701919637435434,64,10,0.0001,500,128,384,0.1,4,3,16,0.0001,"{'model__batch_size': 64, 'model__callbacks__early_stopping__patience': 10, 'model__lr': 0.0001, 'model__max_epochs': 500, 'model__module__d_model': 128, 'model__module__dim_feedforward': 384, 'model__module__dropout': 0.1, 'model__module__nhead': 4, 'model__module__num_layers': 3, 'model__module__patch_size': 16, 'model__optimizer__weight_decay': 0.0001}",0.7803921568627451,0.8855263157894737,0.8959627329192547,0.8645552560646901,0.8180076628352491,0.8488888248942825,0.04347214124699817,101,0.8620588235294118,0.919768353743138,0.9006490467761297,0.907154944574373,0.9088640891244222,0.8996990515494948,0.019799264639993597
91,2.6303085327148437,0.5728480997696521,0.023676443099975585,0.0035007788169216514,64,10,0.0001,500,128,384,0.1,4,3,32,0.0001,"{'model__batch_size': 64, 'model__callbacks__early_stopping__patience': 10, 'model__lr': 0.0001, 'model__max_epochs': 500, 'model__module__d_model': 128, 'model__module__dim_feedforward': 384, 'model__module__dropout': 0.1, 'model__module__nhead': 4, 'model__module__num_layers': 3, 'model__module__patch_size': 32, 'model__optimizer__weight_decay': 0.0001}",0.7992831541218638,0.8535353535353536,0.8930851063829788,0.8278899082568807,0.8180076628352491,0.8383602370264652,0.03248374657034207,204,0.9116938071206839,0.905700158596884,0.9063714378238341,0.8800186741363212,0.9554090500449506,0.9118386255445348,0.02440689693174524
92,3.8758357048034666,1.0630677102373225,0.023071432113647462,0.003629994976097923,64,10,0.0001,500,128,384,0.25,4,2,16,0.0001,"{'model__batch_size': 64, 'model__callbacks__early_stopping__patience': 10, 'model__lr': 0.0001, 'model__max_epochs': 500, 'model__module__d_model': 128, 'model__module__dim_feedforward': 384, 'model__module__dropout': 0.25, 'model__module__nhead': 4, 'model__module__num_layers': 2, 'model__module__patch_size': 16, 'model__optimizer__weight_decay': 0.0001}",0.7723577235772358,0.8679674796747967,0.9143879376437516,0.884042921426099,0.7816091954022988,0.8440730515448364,0.056846352549275274,146,0.9101860834288737,0.9006584766584766,0.9158893798069057,0.8832348932303498,0.9223483365949119,0.9064634339439035,0.01362570614389628
93,2.2275962829589844,0.27669073425150037,0.021134233474731444,0.0033202247531885047,64,10,0.0001,500,128,384,0.25,4,2,32,0.0001,"{'model__batch_size': 64, 'model__callbacks__early_stopping__patience': 10, 'model__lr': 0.0001, 'model__max_epochs': 500, 'model__module__d_model': 128, 'model__module__dim_feedforward': 384, 'model__module__dropout': 0.25, 'model__module__nhead': 4, 'model__module__num_layers': 2, 'model__module__patch_size': 32, 'model__optimizer__weight_decay': 0.0001}",0.7619047619047619,0.888030888030888,0.8612836438923395,0.884042921426099,0.810568295114656,0.8411661020737489,0.048286708575952984,177,0.8817647058823529,0.9312620510068181,0.8764423076923077,0.8895243435192972,0.9126418786692759,0.8983270573540103,0.020593054368307922
94,4.318353509902954,0.665234912312274,0.025780582427978517,0.0030263560083964615,64,10,0.0001,500,128,384,0.25,4,3,16,0.0001,"{'model__batch_size': 64, 'model__callbacks__early_stopping__patience': 10, 'model__lr': 0.0001, 'model__max_epochs': 500, 'model__module__d_model': 128, 'model__module__dim_feedforward': 384, 'model__module__dropout': 0.25, 'model__module__nhead': 4, 'model__module__num_layers': 3, 'model__module__patch_size': 16, 'model__optimizer__weight_decay': 0.0001}",0.754679410593389,0.8648018648018647,0.8769997377393128,0.8645552560646901,0.7964285714285715,0.8314929681255656,0.04775625215343805,240,0.8889119170984456,0.9101119128550699,0.9158893798069057,0.9124261699227624,0.9102117037291106,0.9075102166824589,0.009532476840585056
95,2.463165521621704,0.2750825357924757,0.023152685165405272,0.0028933219475208607,64,10,0.0001,500,128,384,0.25,4,3,32,0.0001,"{'model__batch_size': 64, 'model__callbacks__early_stopping__patience': 10, 'model__lr': 0.0001, 'model__max_epochs': 500, 'model__module__d_model': 128, 'model__module__dim_feedforward': 384, 'model__module__dropout': 0.25, 'model__module__nhead': 4, 'model__module__num_layers': 3, 'model__module__patch_size': 32, 'model__optimizer__weight_decay': 0.0001}",0.7637130801687764,0.888030888030888,0.8769997377393128,0.8770642201834863,0.8035252643948296,0.8418666381034587,0.0493606766594215,171,0.903190848886213,0.915876027830487,0.9158893798069057,0.8723834988540871,0.9044315992292871,0.902354270921396,0.015932980991338205
96,2.5028945446014403,0.3161510762625822,0.021921157836914062,0.0028218808063113134,64,10,0.0002,500,96,128,0.1,4,2,16,0.0001,"{'model__batch_size': 64, 'model__callbacks__early_stopping__patience': 10, 'model__lr': 0.0002, 'model__max_epochs': 500, 'model__module__d_model': 96, 'model__module__dim_feedforward': 128, 'model__module__dropout': 0.1, 'model__module__nhead': 4, 'model__module__num_layers': 2, 'model__module__patch_size': 16, 'model__optimizer__weight_decay': 0.0001}",0.8178861788617886,0.833705001592864,0.8769997377393128,0.8899835796387521,0.7543859649122806,0.8345920925489997,0.04812384566006414,225,0.9007319869477026,0.8880214313050134,0.9207197943444729,0.9253615752483106,0.9139884393063584,0.9097646454303716,0.013678276367645025
97,1.8343339920043946,0.18193428943557277,0.021926116943359376,0.002839557475536529,64,10,0.0002,500,96,128,0.1,4,2,32,0.0001,"{'model__batch_size': 64, 'model__callbacks__early_stopping__patience': 10, 'model__lr': 0.0002, 'model__max_epochs': 500, 'model__module__d_model': 96, 'model__module__dim_feedforward': 128, 'model__module__dropout': 0.1, 'model__module__nhead': 4, 'model__module__num_layers': 2, 'model__module__patch_size': 32, 'model__optimizer__weight_decay': 0.0001}",0.7992831541218638,0.8901515151515151,0.8930851063829788,0.8568376068376069,0.7871148459383753,0.8452944456864679,0.044567372097653525,136,0.9240362811791383,0.9579380139152435,0.9053755522827688,0.9353133652152026,0.9203852327447832,0.9286096890674272,0.017512696913481084
98,3.068078804016113,0.35764666513852295,0.024042320251464844,0.0038332180922509593,64,10,0.0002,500,96,128,0.1,4,3,16,0.0001,"{'model__batch_size': 64, 'model__callbacks__early_stopping__patience': 10, 'model__lr': 0.0002, 'model__max_epochs': 500, 'model__module__d_model': 96, 'model__module__dim_feedforward': 128, 'model__module__dropout': 0.1, 'model__module__nhead': 4, 'model__module__num_layers': 3, 'model__module__patch_size': 16, 'model__optimizer__weight_decay': 0.0001}",0.7992831541218638,0.8507078507078507,0.8801431127012522,0.8899835796387521,0.7894736842105263,0.8419182762760491,0.04102890932938817,170,0.9041967541288338,0.8759212613116896,0.9016812644719621,0.8724096717844994,0.9190709281121029,0.8946559759618176,0.01778965203569306
99,2.3280262470245363,0.41245481193548056,0.022303104400634766,0.0034929029926244293,64,10,0.0002,500,96,128,0.1,4,3,32,0.0001,"{'model__batch_size': 64, 'model__callbacks__early_stopping__patience': 10, 'model__lr': 0.0002, 'model__max_epochs': 500, 'model__module__d_model': 96, 'model__module__dim_feedforward': 128, 'model__module__dropout': 0.1, 'model__module__nhead': 4, 'model__module__num_layers': 3, 'model__module__patch_size': 32, 'model__optimizer__weight_decay': 0.0001}",0.8178861788617886,0.888030888030888,0.9306418219461698,0.9045584045584045,0.7871148459383753,0.8656464278671253,0.054199368969794784,13,0.9066592365561438,0.9474225173940544,0.918932559459971,0.9293401413982718,0.9081535192873711,0.9221015948191624,0.015077159556716183
100,2.414601182937622,0.2942288118654175,0.02218308448791504,0.002548041365243604,64,10,0.0002,500,96,128,0.25,4,2,16,0.0001,"{'model__batch_size': 64, 'model__callbacks__early_stopping__patience': 10, 'model__lr': 0.0002, 'model__max_epochs': 500, 'model__module__d_model': 96, 'model__module__dim_feedforward': 128, 'model__module__dropout': 0.25, 'model__module__nhead': 4, 'model__module__num_layers': 2, 'model__module__patch_size': 16, 'model__optimizer__weight_decay': 0.0001}",0.825,0.8507078507078507,0.8646464646464647,0.8711538461538462,0.7508196721311475,0.8324655667278618,0.043788036886033326,233,0.893103029672407,0.9147869674185463,0.9043424317617866,0.8401409910843873,0.9142793241567209,0.8933305488187695,0.027747689886477585
101,1.938284158706665,0.1224056680825374,0.021234512329101562,0.0032878377764657806,64,10,0.0002,500,96,128,0.25,4,2,32,0.0001,"{'model__batch_size': 64, 'model__callbacks__early_stopping__patience': 10, 'model__lr': 0.0002, 'model__max_epochs': 500, 'model__module__d_model': 96, 'model__module__dim_feedforward': 128, 'model__module__dropout': 0.25, 'model__module__nhead': 4, 'model__module__num_layers': 2, 'model__module__patch_size': 32, 'model__optimizer__weight_decay': 0.0001}",0.790610718737017,0.9076138897738133,0.9095816464237516,0.8278899082568807,0.7871148459383753,0.8445622018259676,0.05420695550887106,141,0.9159933129005294,0.9369070208728653,0.918932559459971,0.9504702436016035,0.9074172315551625,0.9259440736780263,0.015576534101291537
102,3.1924365520477296,0.6990914059544716,0.023586559295654296,0.0033161944420790285,64,10,0.0002,500,96,128,0.25,4,3,16,0.0001,"{'model__batch_size': 64, 'model__callbacks__early_stopping__patience': 10, 'model__lr': 0.0002, 'model__max_epochs': 500, 'model__module__d_model': 96, 'model__module__dim_feedforward': 128, 'model__module__dropout': 0.25, 'model__module__nhead': 4, 'model__module__num_layers': 3, 'model__module__patch_size': 16, 'model__optimizer__weight_decay': 0.0001}",0.7992831541218638,0.8473684210526315,0.8984848484848484,0.8645552560646901,0.8180076628352491,0.8455398685118567,0.03483046209310386,133,0.8922057254778518,0.8734080828463193,0.9063714378238341,0.8756328171530673,0.9407973263308665,0.8976830779263878,0.024656912983359945
103,2.2033047676086426,0.21054043143604892,0.021129274368286134,0.002997286237226549,64,10,0.0002,500,96,128,0.25,4,3,32,0.0001,"{'model__batch_size': 64, 'model__callbacks__early_stopping__patience': 10, 'model__lr': 0.0002, 'model__max_epochs': 500, 'model__module__d_model': 96, 'model__module__dim_feedforward': 128, 'model__module__dropout': 0.25, 'model__module__nhead': 4, 'model__module__num_layers': 3, 'model__module__patch_size': 32, 'model__optimizer__weight_decay': 0.0001}",0.837141670128791,0.8901515151515151,0.8530701754385965,0.8899835796387521,0.8176486270327913,0.8575991134780893,0.028787053126676315,36,0.9159933129005294,0.9312620510068181,0.8855650906735751,0.918344079992524,0.9171627861283034,0.9136654641403499,0.01509178879756332
104,2.525738525390625,0.22324779306137071,0.022333955764770506,0.0029042479572336873,64,10,0.0002,500,96,256,0.1,4,2,16,0.0001,"{'model__batch_size': 64, 'model__callbacks__early_stopping__patience': 10, 'model__lr': 0.0002, 'model__max_epochs': 500, 'model__module__d_model': 96, 'model__module__dim_feedforward': 256, 'model__module__dropout': 0.1, 'model__module__nhead': 4, 'model__module__num_layers': 2, 'model__module__patch_size': 16, 'model__optimizer__weight_decay': 0.0001}",0.8095238095238095,0.888030888030888,0.8801431127012522,0.9045584045584045,0.8020833333333333,0.8568679096295375,0.04249720748992504,38,0.9145408163265306,0.9139174963354971,0.9032703245232518,0.8913119426312403,0.9412878787878788,0.9128656917208797,0.016543084504044122
105,1.9074077129364013,0.22786052726022682,0.02005777359008789,0.00279802724902106,64,10,0.0002,500,96,256,0.1,4,2,32,0.0001,"{'model__batch_size': 64, 'model__callbacks__early_stopping__patience': 10, 'model__lr': 0.0002, 'model__max_epochs': 500, 'model__module__d_model': 96, 'model__module__dim_feedforward': 256, 'model__module__dropout': 0.1, 'model__module__nhead': 4, 'model__module__num_layers': 2, 'model__module__patch_size': 32, 'model__optimizer__weight_decay': 0.0001}",0.837141670128791,0.8706594456833386,0.8693229311786013,0.809116809116809,0.7543859649122806,0.8281253642039641,0.043327832991862394,257,0.919640179910045,0.9684535104364327,0.8900017120356103,0.9108464384828863,0.9235452793834297,0.9224974240496808,0.025740786642368223
106,2.944981813430786,0.7309969275631695,0.0244600772857666,0.003017971092583332,64,10,0.0002,500,96,256,0.1,4,3,16,0.0001,"{'model__batch_size': 64, 'model__callbacks__early_stopping__patience': 10, 'model__lr': 0.0002, 'model__max_epochs': 500, 'model__module__d_model': 96, 'model__module__dim_feedforward': 256, 'model__module__dropout': 0.1, 'model__module__nhead': 4, 'model__module__num_layers': 3, 'model__module__patch_size': 16, 'model__optimizer__weight_decay': 0.0001}",0.7803921568627451,0.8473684210526315,0.8801431127012522,0.884042921426099,0.7678025851938896,0.8319498394473236,0.04908579895945801,236,0.8606965174129353,0.9215724815724815,0.9158893798069057,0.8895243435192972,0.9366538952745849,0.9048673235172409,0.02682312927944593
107,2.199505615234375,0.4969481666285091,0.022082424163818358,0.003130388061959121,64,10,0.0002,500,96,256,0.1,4,3,32,0.0001,"{'model__batch_size': 64, 'model__callbacks__early_stopping__patience': 10, 'model__lr': 0.0002, 'model__max_epochs': 500, 'model__module__d_model': 96, 'model__module__dim_feedforward': 256, 'model__module__dropout': 0.1, 'model__module__nhead': 4, 'model__module__num_layers': 3, 'model__module__patch_size': 32, 'model__optimizer__weight_decay': 0.0001}",0.8178861788617886,0.9056910569105692,0.8612836438923395,0.8477272727272727,0.7543859649122806,0.8373948234608501,0.050225229844170105,208,0.9284684780867987,0.9312620510068181,0.9063714378238341,0.8776772965254641,0.9463994498477257,0.9180357426581282,0.02388780972842413
108,2.8856906414031984,0.7772609284931187,0.022288131713867187,0.002665070248482203,64,10,0.0002,500,96,256,0.25,4,2,16,0.0001,"{'model__batch_size': 64, 'model__callbacks__early_stopping__patience': 10, 'model__lr': 0.0002, 'model__max_epochs': 500, 'model__module__d_model': 96, 'model__module__dim_feedforward': 256, 'model__module__dropout': 0.25, 'model__module__nhead': 4, 'model__module__num_layers': 2, 'model__module__patch_size': 16, 'model__optimizer__weight_decay': 0.0001}",0.8095238095238095,0.8706594456833386,0.916354556803995,0.8568376068376069,0.7958485958485959,0.8498448029394693,0.04346738756414671,94,0.907426597582038,0.8982013011863759,0.936228287841191,0.8668776978417266,0.937643850453552,0.9092755469809767,0.026286293109617703
109,2.018083667755127,0.24456644671809766,0.021352863311767577,0.003502778309812102,64,10,0.0002,500,96,256,0.25,4,2,32,0.0001,"{'model__batch_size': 64, 'model__callbacks__early_stopping__patience': 10, 'model__lr': 0.0002, 'model__max_epochs': 500, 'model__module__d_model': 96, 'model__module__dim_feedforward': 256, 'model__module__dropout': 0.25, 'model__module__nhead': 4, 'model__module__num_layers': 2, 'model__module__patch_size': 32, 'model__optimizer__weight_decay': 0.0001}",0.8571428571428572,0.8901515151515151,0.8372469635627531,0.884042921426099,0.7726819541375873,0.8482532422841624,0.04230259901734613,107,0.9093934055766116,0.9634004914004914,0.8984675524504606,0.918344079992524,0.9184573429007988,0.9216125744641772,0.022144383832133786
110,3.1109793186187744,1.182183202356962,0.02407040596008301,0.003884290652496548,64,10,0.0002,500,96,256,0.25,4,3,16,0.0001,"{'model__batch_size': 64, 'model__callbacks__early_stopping__patience': 10, 'model__lr': 0.0002, 'model__max_epochs': 500, 'model__module__d_model': 96, 'model__module__dim_feedforward': 256, 'model__module__dropout': 0.25, 'model__module__nhead': 4, 'model__module__num_layers': 3, 'model__module__patch_size': 16, 'model__optimizer__weight_decay': 0.0001}",0.790610718737017,0.888030888030888,0.8801431127012522,0.9045584045584045,0.7958485958485959,0.8518383439752315,0.04852656788470192,75,0.8460477941176471,0.8823167330294113,0.8948617247586319,0.8540436165379373,0.9371576710913592,0.8828855079069975,0.03249028416810015
111,2.461329126358032,0.5227811371168302,0.02418551445007324,0.0033718873860771464,64,10,0.0002,500,96,256,0.25,4,3,32,0.0001,"{'model__batch_size': 64, 'model__callbacks__early_stopping__patience': 10, 'model__lr': 0.0002, 'model__max_epochs': 500, 'model__module__d_model': 96, 'model__module__dim_feedforward': 256, 'model__module__dropout': 0.25, 'model__module__nhead': 4, 'model__module__num_layers': 3, 'model__module__patch_size': 32, 'model__optimizer__weight_decay': 0.0001}",0.7996422182468694,0.9056910569105692,0.9121426698137949,0.7912772585669782,0.8035252643948296,0.8424556935866082,0.05444775482824398,164,0.8216410898841215,0.9312620510068181,0.9158893798069057,0.931283422459893,0.932054794520548,0.9064261475356574,0.0428242747286112
112,2.8007660865783692,0.9891061349426398,0.022446727752685545,0.0028554549100836503,64,10,0.0002,500,96,384,0.1,4,2,16,0.0001,"{'model__batch_size': 64, 'model__callbacks__early_stopping__patience': 10, 'model__lr': 0.0002, 'model__max_epochs': 500, 'model__module__d_model': 96, 'model__module__dim_feedforward': 384, 'model__module__dropout': 0.1, 'model__module__nhead': 4, 'model__module__num_layers': 2, 'model__module__patch_size': 16, 'model__optimizer__weight_decay': 0.0001}",0.7619047619047619,0.888030888030888,0.8612836438923395,0.8459770114942529,0.7816091954022988,0.8277611001449081,0.04807303463518416,258,0.8850361049546007,0.9083811710677383,0.9140180662428905,0.8851995235259082,0.9800963081861958,0.9145462347954666,0.03483439771226265
113,1.9492598533630372,0.19736642662403078,0.020900249481201172,0.0030939585054527365,64,10,0.0002,500,96,384,0.1,4,2,32,0.0001,"{'model__batch_size': 64, 'model__callbacks__early_stopping__patience': 10, 'model__lr': 0.0002, 'model__max_epochs': 500, 'model__module__d_model': 96, 'model__module__dim_feedforward': 384, 'model__module__dropout': 0.1, 'model__module__nhead': 4, 'model__module__num_layers': 2, 'model__module__patch_size': 32, 'model__optimizer__weight_decay': 0.0001}",0.7723577235772358,0.9076138897738133,0.8930851063829788,0.8568376068376069,0.7726819541375873,0.8405152561418445,0.057929338038655985,183,0.9203259710053687,0.9637989695732478,0.9070524412296563,0.9214667685255921,0.9095498608311738,0.9244388022330078,0.020488715250707466
114,3.1178905963897705,0.824366230267857,0.023619413375854492,0.003162055572263789,64,10,0.0002,500,96,384,0.1,4,3,16,0.0001,"{'model__batch_size': 64, 'model__callbacks__early_stopping__patience': 10, 'model__lr': 0.0002, 'model__max_epochs': 500, 'model__module__d_model': 96, 'model__module__dim_feedforward': 384, 'model__module__dropout': 0.1, 'model__module__nhead': 4, 'model__module__num_layers': 3, 'model__module__patch_size': 16, 'model__optimizer__weight_decay': 0.0001}",0.7996422182468694,0.8855263157894737,0.8801431127012522,0.884042921426099,0.8416666666666667,0.8582042469660722,0.03346176666661879,33,0.8339914827719705,0.9255497800879648,0.8948617247586319,0.8756328171530673,0.9366538952745849,0.8933379400092439,0.03674689076299219
115,2.11964111328125,0.37049471243140775,0.02308483123779297,0.0032596184166926827,64,10,0.0002,500,96,384,0.1,4,3,32,0.0001,"{'model__batch_size': 64, 'model__callbacks__early_stopping__patience': 10, 'model__lr': 0.0002, 'model__max_epochs': 500, 'model__module__d_model': 96, 'model__module__dim_feedforward': 384, 'model__module__dropout': 0.1, 'model__module__nhead': 4, 'model__module__num_layers': 3, 'model__module__patch_size': 32, 'model__optimizer__weight_decay': 0.0001}",0.8178861788617886,0.9076138897738133,0.8530701754385965,0.8568376068376069,0.7543859649122806,0.8379587631648171,0.05064370332155106,206,0.9101860834288737,0.9418371200826923,0.9120013696284883,0.9079599645637382,0.9139884393063584,0.9171945954020302,0.012481191451774494
116,2.50925350189209,0.529550582230705,0.02205486297607422,0.0032555034664002854,64,10,0.0002,500,96,384,0.25,4,2,16,0.0001,"{'model__batch_size': 64, 'model__callbacks__early_stopping__patience': 10, 'model__lr': 0.0002, 'model__max_epochs': 500, 'model__module__d_model': 96, 'model__module__dim_feedforward': 384, 'model__module__dropout': 0.25, 'model__module__nhead': 4, 'model__module__num_layers': 2, 'model__module__patch_size': 16, 'model__optimizer__weight_decay': 0.0001}",0.7803921568627451,0.8679674796747967,0.9143879376437516,0.8459770114942529,0.7958485958485959,0.8409146363048284,0.04868208809576461,178,0.8434077843747055,0.8771135544673381,0.9120306050538609,0.8778354533873329,0.9263059886289349,0.8873386771824343,0.029164808942624743
117,1.7885465145111084,0.20289474288248704,0.021199369430541994,0.0025695541876694264,64,10,0.0002,500,96,384,0.25,4,2,32,0.0001,"{'model__batch_size': 64, 'model__callbacks__early_stopping__patience': 10, 'model__lr': 0.0002, 'model__max_epochs': 500, 'model__module__d_model': 96, 'model__module__dim_feedforward': 384, 'model__module__dropout': 0.25, 'model__module__nhead': 4, 'model__module__num_layers': 2, 'model__module__patch_size': 32, 'model__optimizer__weight_decay': 0.0001}",0.837141670128791,0.9076138897738133,0.9095816464237516,0.8376600899965385,0.7816091954022988,0.8547212983450386,0.04848255722342014,51,0.9085734805637848,0.9369070208728653,0.8948617247586319,0.9087375011681151,0.9051407588739291,0.9108440972474654,0.0139773655174646
118,3.3892148971557616,1.0683122638138869,0.024453258514404295,0.0035046783640409473,64,10,0.0002,500,96,384,0.25,4,3,16,0.0001,"{'model__batch_size': 64, 'model__callbacks__early_stopping__patience': 10, 'model__lr': 0.0002, 'model__max_epochs': 500, 'model__module__d_model': 96, 'model__module__dim_feedforward': 384, 'model__module__dropout': 0.25, 'model__module__nhead': 4, 'model__module__num_layers': 3, 'model__module__patch_size': 16, 'model__optimizer__weight_decay': 0.0001}",0.7996422182468694,0.8507078507078507,0.8612836438923395,0.884042921426099,0.810568295114656,0.8412489858775629,0.03160571614041552,175,0.8400554453920643,0.9263915243516762,0.8901910516999328,0.8735044676662123,0.9412878787878788,0.8942860735795529,0.03641300603977714
119,2.204369878768921,0.46410393620154555,0.023779916763305663,0.004366559494503635,64,10,0.0002,500,96,384,0.25,4,3,32,0.0001,"{'model__batch_size': 64, 'model__callbacks__early_stopping__patience': 10, 'model__lr': 0.0002, 'model__max_epochs': 500, 'model__module__d_model': 96, 'model__module__dim_feedforward': 384, 'model__module__dropout': 0.25, 'model__module__nhead': 4, 'model__module__num_layers': 3, 'model__module__patch_size': 32, 'model__optimizer__weight_decay': 0.0001}",0.837141670128791,0.9056910569105692,0.9095816464237516,0.8711538461538462,0.810568295114656,0.8668273029463227,0.038479493220381335,9,0.8903183330664246,0.9485612623762376,0.8998007277768152,0.9116501145912911,0.9223483365949119,0.9145357548811361,0.02015293058754853
120,2.689318323135376,0.5941523663390161,0.02277073860168457,0.002717310099614986,64,10,0.0002,500,128,128,0.1,4,2,16,0.0001,"{'model__batch_size': 64, 'model__callbacks__early_stopping__patience': 10, 'model__lr': 0.0002, 'model__max_epochs': 500, 'model__module__d_model': 128, 'model__module__dim_feedforward': 128, 'model__module__dropout': 0.1, 'model__module__nhead': 4, 'model__module__num_layers': 2, 'model__module__patch_size': 16, 'model__optimizer__weight_decay': 0.0001}",0.790610718737017,0.8535353535353536,0.9143879376437516,0.8711538461538462,0.7625,0.8384375712139936,0.054992141943213196,202,0.9246926589392344,0.9064039408866995,0.9006490467761297,0.9234663490172722,0.9366538952745849,0.9183731781787842,0.013095558935312524
121,1.7014415740966797,0.16584768163831773,0.021098232269287108,0.0028112156442235362,64,10,0.0002,500,128,128,0.1,4,2,32,0.0001,"{'model__batch_size': 64, 'model__callbacks__early_stopping__patience': 10, 'model__lr': 0.0002, 'model__max_epochs': 500, 'model__module__d_model': 128, 'model__module__dim_feedforward': 128, 'model__module__dropout': 0.1, 'model__module__nhead': 4, 'model__module__num_layers': 2, 'model__module__patch_size': 32, 'model__optimizer__weight_decay': 0.0001}",0.837141670128791,0.8535353535353536,0.8959627329192547,0.8459770114942529,0.8180076628352491,0.8501248861825804,0.025807069884397873,88,0.9152792413066386,0.9139174963354971,0.8924321846411416,0.9051100280608477,0.9178215698887005,0.9089121040465651,0.009284573181975744
122,2.859952974319458,0.5337943593202372,0.02319035530090332,0.002992089246545843,64,10,0.0002,500,128,128,0.1,4,3,16,0.0001,"{'model__batch_size': 64, 'model__callbacks__early_stopping__patience': 10, 'model__lr': 0.0002, 'model__max_epochs': 500, 'model__module__d_model': 128, 'model__module__dim_feedforward': 128, 'model__module__dropout': 0.1, 'model__module__nhead': 4, 'model__module__num_layers': 3, 'model__module__patch_size': 16, 'model__optimizer__weight_decay': 0.0001}",0.7723577235772358,0.888030888030888,0.8801431127012522,0.8899835796387521,0.7161063502526916,0.8293243308401639,0.07179423149974601,251,0.8838076409482685,0.9006584766584766,0.9111070418523266,0.8999610743479953,0.8992708353480456,0.8989610138310224,0.0087307296015705
123,1.8566820621490479,0.26402061965864393,0.022523880004882812,0.0034469233597057745,64,10,0.0002,500,128,128,0.1,4,3,32,0.0001,"{'model__batch_size': 64, 'model__callbacks__early_stopping__patience': 10, 'model__lr': 0.0002, 'model__max_epochs': 500, 'model__module__d_model': 128, 'model__module__dim_feedforward': 128, 'model__module__dropout': 0.1, 'model__module__nhead': 4, 'model__module__num_layers': 3, 'model__module__patch_size': 32, 'model__optimizer__weight_decay': 0.0001}",0.8178861788617886,0.8706594456833386,0.9306418219461698,0.8376600899965385,0.775811209439528,0.8465317491854727,0.05207171949531604,122,0.9041967541288338,0.9480021893814997,0.8925225828036133,0.8851995235259082,0.932054794520548,0.9123951688720806,0.023900199151227933
124,2.6123873710632326,0.6109435650023143,0.022422933578491212,0.0031784800341616124,64,10,0.0002,500,128,128,0.25,4,2,16,0.0001,"{'model__batch_size': 64, 'model__callbacks__early_stopping__patience': 10, 'model__lr': 0.0002, 'model__max_epochs': 500, 'model__module__d_model': 128, 'model__module__dim_feedforward': 128, 'model__module__dropout': 0.25, 'model__module__nhead': 4, 'model__module__num_layers': 2, 'model__module__patch_size': 16, 'model__optimizer__weight_decay': 0.0001}",0.790610718737017,0.8302439024390245,0.8959627329192547,0.8645552560646901,0.7871148459383753,0.8336974912196723,0.0421129482581756,231,0.905045351473923,0.9111154791154792,0.8855650906735751,0.9007630780546106,0.9274896204900298,0.9059957239615235,0.013666704419233884
125,1.8548520088195801,0.19754493523944466,0.020158052444458008,0.0029346167977732087,64,10,0.0002,500,128,128,0.25,4,2,32,0.0001,"{'model__batch_size': 64, 'model__callbacks__early_stopping__patience': 10, 'model__lr': 0.0002, 'model__max_epochs': 500, 'model__module__d_model': 128, 'model__module__dim_feedforward': 128, 'model__module__dropout': 0.25, 'model__module__nhead': 4, 'model__module__num_layers': 2, 'model__module__patch_size': 32, 'model__optimizer__weight_decay': 0.0001}",0.78125,0.8706594456833386,0.8828963795255931,0.8568376068376069,0.8258212375859435,0.8434929339264965,0.03648342872195828,152,0.9152792413066386,0.9255497800879648,0.8970352564102564,0.9054579953145269,0.9274896204900298,0.9141623787218833,0.011641651723288939
126,2.9564051628112793,0.43848857259752105,0.02327861785888672,0.0033996743515847185,64,10,0.0002,500,128,128,0.25,4,3,16,0.0001,"{'model__batch_size': 64, 'model__callbacks__early_stopping__patience': 10, 'model__lr': 0.0002, 'model__max_epochs': 500, 'model__module__d_model': 128, 'model__module__dim_feedforward': 128, 'model__module__dropout': 0.25, 'model__module__nhead': 4, 'model__module__num_layers': 3, 'model__module__patch_size': 16, 'model__optimizer__weight_decay': 0.0001}",0.790610718737017,0.8855263157894737,0.9121426698137949,0.8950829940494833,0.706830043113229,0.8380385483005994,0.07805850181464365,205,0.919640179910045,0.9037901429632027,0.8937138130686517,0.8956210308669326,0.9036968002485244,0.9032923934114713,0.009146151404636309
127,1.8805270671844483,0.07862834543066859,0.022039079666137697,0.002700976140594368,64,10,0.0002,500,128,128,0.25,4,3,32,0.0001,"{'model__batch_size': 64, 'model__callbacks__early_stopping__patience': 10, 'model__lr': 0.0002, 'model__max_epochs': 500, 'model__module__d_model': 128, 'model__module__dim_feedforward': 128, 'model__module__dropout': 0.25, 'model__module__nhead': 4, 'model__module__num_layers': 3, 'model__module__patch_size': 32, 'model__optimizer__weight_decay': 0.0001}",0.8178861788617886,0.8679674796747967,0.8612836438923395,0.8645552560646901,0.7216117216117216,0.8266608560210672,0.05559366106260391,262,0.9101860834288737,0.9474225173940544,0.8719430769537401,0.9035285285285286,0.9184573429007988,0.9103075098411992,0.024338211139421657
128,2.364556884765625,0.5217854642529227,0.022539615631103516,0.00299530745280494,64,10,0.0002,500,128,256,0.1,4,2,16,0.0001,"{'model__batch_size': 64, 'model__callbacks__early_stopping__patience': 10, 'model__lr': 0.0002, 'model__max_epochs': 500, 'model__module__d_model': 128, 'model__module__dim_feedforward': 256, 'model__module__dropout': 0.1, 'model__module__nhead': 4, 'model__module__num_layers': 2, 'model__module__patch_size': 16, 'model__optimizer__weight_decay': 0.0001}",0.7803921568627451,0.9034299034299034,0.8984848484848484,0.8899835796387521,0.7894736842105263,0.852352834525355,0.05529055856401741,69,0.9145408163265306,0.8971656459193846,0.8959682642487047,0.8842342342342342,0.9184573429007988,0.9020732607259305,0.012676471296182578
129,1.604401445388794,0.28964699974751146,0.021323013305664062,0.003297264192266633,64,10,0.0002,500,128,256,0.1,4,2,32,0.0001,"{'model__batch_size': 64, 'model__callbacks__early_stopping__patience': 10, 'model__lr': 0.0002, 'model__max_epochs': 500, 'model__module__d_model': 128, 'model__module__dim_feedforward': 256, 'model__module__dropout': 0.1, 'model__module__nhead': 4, 'model__module__num_layers': 2, 'model__module__patch_size': 32, 'model__optimizer__weight_decay': 0.0001}",0.7992831541218638,0.8855263157894737,0.8480725623582767,0.8899835796387521,0.7216117216117216,0.8288954667040175,0.06275868485762127,253,0.8785857963503253,0.9246763754045307,0.8995784061696658,0.9131756756756757,0.9468257216926885,0.9125683950585772,0.022996057193450447
130,2.8385661602020265,0.5687257585321683,0.02508993148803711,0.004086551733739346,64,10,0.0002,500,128,256,0.1,4,3,16,0.0001,"{'model__batch_size': 64, 'model__callbacks__early_stopping__patience': 10, 'model__lr': 0.0002, 'model__max_epochs': 500, 'model__module__d_model': 128, 'model__module__dim_feedforward': 256, 'model__module__dropout': 0.1, 'model__module__nhead': 4, 'model__module__num_layers': 3, 'model__module__patch_size': 16, 'model__optimizer__weight_decay': 0.0001}",0.8095238095238095,0.888030888030888,0.8612836438923395,0.884042921426099,0.7958485958485959,0.8477459717443464,0.038152019378475246,113,0.8762353375819709,0.913016715717391,0.9111070418523266,0.8842342342342342,0.9171627861283034,0.9003512231028452,0.016733584530199175
131,1.7416309356689452,0.2138193296012729,0.021821212768554688,0.0034788632652022027,64,10,0.0002,500,128,256,0.1,4,3,32,0.0001,"{'model__batch_size': 64, 'model__callbacks__early_stopping__patience': 10, 'model__lr': 0.0002, 'model__max_epochs': 500, 'model__module__d_model': 128, 'model__module__dim_feedforward': 256, 'model__module__dropout': 0.1, 'model__module__nhead': 4, 'model__module__num_layers': 3, 'model__module__patch_size': 32, 'model__optimizer__weight_decay': 0.0001}",0.790610718737017,0.9056910569105692,0.8418568056648308,0.9339901477832513,0.7413206262763785,0.8426938710744093,0.07112460300199151,158,0.9024106037433545,0.9361855257896841,0.8833501075523453,0.8861320336730173,0.9229574401988194,0.906207142191444,0.02058710122968506
132,2.4501906871795653,0.5196197384984403,0.022178840637207032,0.002766493980148234,64,10,0.0002,500,128,256,0.25,4,2,16,0.0001,"{'model__batch_size': 64, 'model__callbacks__early_stopping__patience': 10, 'model__lr': 0.0002, 'model__max_epochs': 500, 'model__module__d_model': 128, 'model__module__dim_feedforward': 256, 'model__module__dropout': 0.25, 'model__module__nhead': 4, 'model__module__num_layers': 2, 'model__module__patch_size': 16, 'model__optimizer__weight_decay': 0.0001}",0.7803921568627451,0.888030888030888,0.8930851063829788,0.8711538461538462,0.775811209439528,0.8416946413739972,0.05244901067716112,172,0.8547425474254743,0.9176980198019802,0.8984675524504606,0.8982715397809737,0.9229574401988194,0.8984274199315415,0.02400613216989101
133,1.4432177543640137,0.16393707038538474,0.020755577087402343,0.002688505096376737,64,10,0.0002,500,128,256,0.25,4,2,32,0.0001,"{'model__batch_size': 64, 'model__callbacks__early_stopping__patience': 10, 'model__lr': 0.0002, 'model__max_epochs': 500, 'model__module__d_model': 128, 'model__module__dim_feedforward': 256, 'model__module__dropout': 0.25, 'model__module__nhead': 4, 'model__module__num_layers': 2, 'model__module__patch_size': 32, 'model__optimizer__weight_decay': 0.0001}",0.7440797673452431,0.888030888030888,0.9121426698137949,0.8278899082568807,0.810568295114656,0.8365423057122925,0.05943958844236585,210,0.9033189033189033,0.8992424242424242,0.8995784061696658,0.9146095964037917,0.9217171717171717,0.9076933003703914,0.008954421066221522
134,2.8726860523223876,0.5146725230349707,0.023814058303833006,0.0029541800973488215,64,10,0.0002,500,128,256,0.25,4,3,16,0.0001,"{'model__batch_size': 64, 'model__callbacks__early_stopping__patience': 10, 'model__lr': 0.0002, 'model__max_epochs': 500, 'model__module__d_model': 128, 'model__module__dim_feedforward': 256, 'model__module__dropout': 0.25, 'model__module__nhead': 4, 'model__module__num_layers': 3, 'model__module__patch_size': 16, 'model__optimizer__weight_decay': 0.0001}",0.8095238095238095,0.8535353535353536,0.8984848484848484,0.9097035040431267,0.7413206262763785,0.8425136283727033,0.061801435452519676,161,0.8693369336933694,0.8992424242424242,0.9101491002570694,0.8832348932303498,0.9190709281121029,0.8962068559070632,0.017981274626050273
135,1.9552892684936523,0.46784088694045456,0.02175559997558594,0.0034371190123392487,64,10,0.0002,500,128,256,0.25,4,3,32,0.0001,"{'model__batch_size': 64, 'model__callbacks__early_stopping__patience': 10, 'model__lr': 0.0002, 'model__max_epochs': 500, 'model__module__d_model': 128, 'model__module__dim_feedforward': 256, 'model__module__dropout': 0.25, 'model__module__nhead': 4, 'model__module__num_layers': 3, 'model__module__patch_size': 32, 'model__optimizer__weight_decay': 0.0001}",0.837141670128791,0.888030888030888,0.9306418219461698,0.9339901477832513,0.6963572267920094,0.8572323509362219,0.08776525590649595,37,0.8706467661691542,0.9176980198019802,0.9320230320047203,0.9035285285285286,0.9561450044208665,0.9160082701850498,0.028578646865878365
136,2.5398544788360597,0.514333730065173,0.02246556282043457,0.002740644423749138,64,10,0.0002,500,128,384,0.1,4,2,16,0.0001,"{'model__batch_size': 64, 'model__callbacks__early_stopping__patience': 10, 'model__lr': 0.0002, 'model__max_epochs': 500, 'model__module__d_model': 128, 'model__module__dim_feedforward': 384, 'model__module__dropout': 0.1, 'model__module__nhead': 4, 'model__module__num_layers': 2, 'model__module__patch_size': 16, 'model__optimizer__weight_decay': 0.0001}",0.7992831541218638,0.7875457875457875,0.9143879376437516,0.8899835796387521,0.8035252643948296,0.8389451446689968,0.052471081905121904,196,0.8922057254778518,0.9031553398058252,0.9215650369285235,0.8982715397809737,0.9285919953930319,0.9087579274772413,0.013948053693230805
137,1.6785130977630616,0.3666190963891931,0.021027898788452147,0.0033782907166792337,64,10,0.0002,500,128,384,0.1,4,2,32,0.0001,"{'model__batch_size': 64, 'model__callbacks__early_stopping__patience': 10, 'model__lr': 0.0002, 'model__max_epochs': 500, 'model__module__d_model': 128, 'model__module__dim_feedforward': 384, 'model__module__dropout': 0.1, 'model__module__nhead': 4, 'model__module__num_layers': 2, 'model__module__patch_size': 32, 'model__optimizer__weight_decay': 0.0001}",0.7619047619047619,0.8706594456833386,0.9095816464237516,0.8645552560646901,0.7088122605363985,0.8231026741225881,0.07518784319121881,270,0.8719117647058824,0.9684535104364327,0.8890077120822621,0.9267012720323997,0.9459577249945522,0.9204063968503059,0.03560513361704236
138,3.181871175765991,0.48710175594676536,0.025167226791381836,0.0032852914073883584,64,10,0.0002,500,128,384,0.1,4,3,16,0.0001,"{'model__batch_size': 64, 'model__callbacks__early_stopping__patience': 10, 'model__lr': 0.0002, 'model__max_epochs': 500, 'model__module__d_model': 128, 'model__module__dim_feedforward': 384, 'model__module__dropout': 0.1, 'model__module__nhead': 4, 'model__module__num_layers': 3, 'model__module__patch_size': 16, 'model__optimizer__weight_decay': 0.0001}",0.8178861788617886,0.8706594456833386,0.8418568056648308,0.8645552560646901,0.7587301587301587,0.8307375690009614,0.040524696131093406,244,0.8973251602117581,0.9093181818181818,0.9111070418523266,0.8799177646948884,0.9223483365949119,0.9040032970344132,0.014421941940525394
139,1.8521241188049316,0.2851713985886035,0.02241802215576172,0.003918150676235313,64,10,0.0002,500,128,384,0.1,4,3,32,0.0001,"{'model__batch_size': 64, 'model__callbacks__early_stopping__patience': 10, 'model__lr': 0.0002, 'model__max_epochs': 500, 'model__module__d_model': 128, 'model__module__dim_feedforward': 384, 'model__module__dropout': 0.1, 'model__module__nhead': 4, 'model__module__num_layers': 3, 'model__module__patch_size': 32, 'model__optimizer__weight_decay': 0.0001}",0.8178861788617886,0.9056910569105692,0.8801431127012522,0.9097035040431267,0.7587301587301587,0.8544308022493791,0.05803090702172049,52,0.8973251602117581,0.9101119128550699,0.8924321846411416,0.8947662298987492,0.9309302140526776,0.9051131403318792,0.014283044838806689
140,2.427404546737671,0.4414264484876957,0.022991418838500977,0.0035152133720695975,64,10,0.0002,500,128,384,0.25,4,2,16,0.0001,"{'model__batch_size': 64, 'model__callbacks__early_stopping__patience': 10, 'model__lr': 0.0002, 'model__max_epochs': 500, 'model__module__d_model': 128, 'model__module__dim_feedforward': 384, 'model__module__dropout': 0.25, 'model__module__nhead': 4, 'model__module__num_layers': 2, 'model__module__patch_size': 16, 'model__optimizer__weight_decay': 0.0001}",0.8178861788617886,0.8679674796747967,0.8959627329192547,0.8899835796387521,0.7625,0.8468599942189184,0.05034349831024918,119,0.8889119170984456,0.9042782886845262,0.9032703245232518,0.8818608072078697,0.9133271202236719,0.8983296915475532,0.011354621578564088
141,1.646045732498169,0.2725866207821804,0.021193170547485353,0.0032122169389991757,64,10,0.0002,500,128,384,0.25,4,2,32,0.0001,"{'model__batch_size': 64, 'model__callbacks__early_stopping__patience': 10, 'model__lr': 0.0002, 'model__max_epochs': 500, 'model__module__d_model': 128, 'model__module__dim_feedforward': 384, 'model__module__dropout': 0.25, 'model__module__nhead': 4, 'model__module__num_layers': 2, 'model__module__patch_size': 32, 'model__optimizer__weight_decay': 0.0001}",0.754679410593389,0.8706594456833386,0.9287234042553192,0.8899835796387521,0.7347956131605184,0.8357682906662636,0.07690023598572694,215,0.8936507936507936,0.9480021893814997,0.9111070418523266,0.9145990252547629,0.9459577249945522,0.922663355026787,0.021094998009502812
142,3.023705339431763,0.5170823672253012,0.025345563888549805,0.003906300718916069,64,10,0.0002,500,128,384,0.25,4,3,16,0.0001,"{'model__batch_size': 64, 'model__callbacks__early_stopping__patience': 10, 'model__lr': 0.0002, 'model__max_epochs': 500, 'model__module__d_model': 128, 'model__module__dim_feedforward': 384, 'model__module__dropout': 0.25, 'model__module__nhead': 4, 'model__module__num_layers': 3, 'model__module__patch_size': 16, 'model__optimizer__weight_decay': 0.0001}",0.7723577235772358,0.888030888030888,0.8828963795255931,0.8376600899965385,0.7958485958485959,0.8353587353957703,0.045977512161546136,220,0.8998558693215182,0.9149140343862454,0.9167746113989637,0.8895243435192972,0.9217171717171717,0.9085572060686392,0.01199235448526989
143,1.9291783332824708,0.24343075062310746,0.02279038429260254,0.003398949868714043,64,10,0.0002,500,128,384,0.25,4,3,32,0.0001,"{'model__batch_size': 64, 'model__callbacks__early_stopping__patience': 10, 'model__lr': 0.0002, 'model__max_epochs': 500, 'model__module__d_model': 128, 'model__module__dim_feedforward': 384, 'model__module__dropout': 0.25, 'model__module__nhead': 4, 'model__module__num_layers': 3, 'model__module__patch_size': 32, 'model__optimizer__weight_decay': 0.0001}",0.8095238095238095,0.9056910569105692,0.8319866258010589,0.884042921426099,0.832967032967033,0.8528422893257138,0.03598040268653628,62,0.8893257922614238,0.9327695149217459,0.8602793576446972,0.8938813813813814,0.932587760173967,0.901768761276643,0.027746229555952347
144,12.654353427886964,1.6480716952607977,0.021799087524414062,0.002336678157710948,128,10,3e-05,500,96,128,0.1,4,2,16,0.0001,"{'model__batch_size': 128, 'model__callbacks__early_stopping__patience': 10, 'model__lr': 3e-05, 'model__max_epochs': 500, 'model__module__d_model': 96, 'model__module__dim_feedforward': 128, 'model__module__dropout': 0.1, 'model__module__nhead': 4, 'model__module__num_layers': 2, 'model__module__patch_size': 16, 'model__optimizer__weight_decay': 0.0001}",0.790610718737017,0.8679674796747967,0.8959627329192547,0.8568376068376069,0.7625,0.834775707633735,0.05001319295786422,224,0.9058658236740429,0.913016715717391,0.9101491002570694,0.8842342342342342,0.9397619625941219,0.9106055672953717,0.017742771839283838
145,7.507093906402588,1.121760117369826,0.02068037986755371,0.001732892694915001,128,10,3e-05,500,96,128,0.1,4,2,32,0.0001,"{'model__batch_size': 128, 'model__callbacks__early_stopping__patience': 10, 'model__lr': 3e-05, 'model__max_epochs': 500, 'model__module__d_model': 96, 'model__module__dim_feedforward': 128, 'model__module__dropout': 0.1, 'model__module__nhead': 4, 'model__module__num_layers': 2, 'model__module__patch_size': 32, 'model__optimizer__weight_decay': 0.0001}",0.790610718737017,0.9253539253539254,0.9306418219461698,0.8278899082568807,0.7656293804317353,0.8480251509451456,0.06825856972022065,110,0.9329377278901838,0.9369070208728653,0.9198428045661531,0.907154944574373,0.9217171717171717,0.9237119339241492,0.010510078291504727
146,11.480629301071167,1.4094726713181174,0.021951866149902344,0.00241448556413399,128,10,3e-05,500,96,128,0.1,4,3,16,0.0001,"{'model__batch_size': 128, 'model__callbacks__early_stopping__patience': 10, 'model__lr': 3e-05, 'model__max_epochs': 500, 'model__module__d_model': 96, 'model__module__dim_feedforward': 128, 'model__module__dropout': 0.1, 'model__module__nhead': 4, 'model__module__num_layers': 3, 'model__module__patch_size': 16, 'model__optimizer__weight_decay': 0.0001}",0.790610718737017,0.9056910569105692,0.8984848484848484,0.9097035040431267,0.7452107279693487,0.849940171228982,0.0685924822581614,91,0.8839826839826841,0.901740060270244,0.8995784061696658,0.90183346065699,0.9119318181818181,0.8998132858522805,0.009003505047927997
147,7.84892840385437,1.2369967968984024,0.020051002502441406,0.0022630829424865975,128,10,3e-05,500,96,128,0.1,4,3,32,0.0001,"{'model__batch_size': 128, 'model__callbacks__early_stopping__patience': 10, 'model__lr': 3e-05, 'model__max_epochs': 500, 'model__module__d_model': 96, 'model__module__dim_feedforward': 128, 'model__module__dropout': 0.1, 'model__module__nhead': 4, 'model__module__num_layers': 3, 'model__module__patch_size': 32, 'model__optimizer__weight_decay': 0.0001}",0.754679410593389,0.8901515151515151,0.9121426698137949,0.8376600899965385,0.8176486270327913,0.8424564625176056,0.055631340570559566,163,0.9007319869477026,0.9327695149217459,0.9305304306239993,0.9359040767386091,0.9126418786692759,0.9225155775802666,0.013569434483872786
148,13.695146226882935,1.8713174323087147,0.020859384536743165,0.0024869493783957752,128,10,3e-05,500,96,128,0.25,4,2,16,0.0001,"{'model__batch_size': 128, 'model__callbacks__early_stopping__patience': 10, 'model__lr': 3e-05, 'model__max_epochs': 500, 'model__module__d_model': 96, 'model__module__dim_feedforward': 128, 'model__module__dropout': 0.25, 'model__module__nhead': 4, 'model__module__num_layers': 2, 'model__module__patch_size': 16, 'model__optimizer__weight_decay': 0.0001}",0.754679410593389,0.888030888030888,0.9306418219461698,0.8899835796387521,0.8416666666666667,0.8610004733751732,0.06016401859720281,22,0.9007319869477026,0.8982013011863759,0.9101491002570694,0.9035285285285286,0.9256817500749175,0.9076585333989188,0.009854059972591776
149,8.91384768486023,1.4856689895082222,0.019080924987792968,0.0016123783428350076,128,10,3e-05,500,96,128,0.25,4,2,32,0.0001,"{'model__batch_size': 128, 'model__callbacks__early_stopping__patience': 10, 'model__lr': 3e-05, 'model__max_epochs': 500, 'model__module__d_model': 96, 'model__module__dim_feedforward': 128, 'model__module__dropout': 0.25, 'model__module__nhead': 4, 'model__module__num_layers': 2, 'model__module__patch_size': 32, 'model__optimizer__weight_decay': 0.0001}",0.8178861788617886,0.8901515151515151,0.9121426698137949,0.8645552560646901,0.8581711543588376,0.8685813548501253,0.03180390727875742,6,0.919640179910045,0.9637989695732478,0.9111070418523266,0.9124261699227624,0.9407973263308665,0.9295539375178498,0.020154736340960867
150,12.60879397392273,1.8646673363532442,0.022489547729492188,0.003145583443395505,128,10,3e-05,500,96,128,0.25,4,3,16,0.0001,"{'model__batch_size': 128, 'model__callbacks__early_stopping__patience': 10, 'model__lr': 3e-05, 'model__max_epochs': 500, 'model__module__d_model': 96, 'model__module__dim_feedforward': 128, 'model__module__dropout': 0.25, 'model__module__nhead': 4, 'model__module__num_layers': 3, 'model__module__patch_size': 16, 'model__optimizer__weight_decay': 0.0001}",0.8095238095238095,0.8855263157894737,0.8612836438923395,0.884042921426099,0.7726819541375873,0.8426117289538618,0.0444788257454647,159,0.8797019481102433,0.8889617747033216,0.9053755522827688,0.892016806722689,0.9111959894962998,0.8954504142630645,0.011387166411182292
151,7.670078897476197,1.230506660764275,0.019852304458618165,0.0019749282745423033,128,10,3e-05,500,96,128,0.25,4,3,32,0.0001,"{'model__batch_size': 128, 'model__callbacks__early_stopping__patience': 10, 'model__lr': 3e-05, 'model__max_epochs': 500, 'model__module__d_model': 96, 'model__module__dim_feedforward': 128, 'model__module__dropout': 0.25, 'model__module__nhead': 4, 'model__module__num_layers': 3, 'model__module__patch_size': 32, 'model__optimizer__weight_decay': 0.0001}",0.790610718737017,0.8901515151515151,0.8930851063829788,0.8568376068376069,0.7484084542908073,0.8358186802799852,0.05719720827412979,214,0.8839826839826841,0.9327695149217459,0.8784370179948586,0.931283422459893,0.8932289628180039,0.9039403204354372,0.02341890925390693
152,10.903812217712403,1.6791639079114022,0.021349191665649414,0.002056662736288639,128,10,3e-05,500,96,256,0.1,4,2,16,0.0001,"{'model__batch_size': 128, 'model__callbacks__early_stopping__patience': 10, 'model__lr': 3e-05, 'model__max_epochs': 500, 'model__module__d_model': 96, 'model__module__dim_feedforward': 256, 'model__module__dropout': 0.1, 'model__module__nhead': 4, 'model__module__num_layers': 2, 'model__module__patch_size': 16, 'model__optimizer__weight_decay': 0.0001}",0.837141670128791,0.888030888030888,0.8984848484848484,0.9097035040431267,0.7871148459383753,0.8640951513252059,0.04579989119217015,15,0.9058658236740429,0.9083811710677383,0.936228287841191,0.892016806722689,0.9104333868378812,0.9105850952287085,0.01434926121132016
153,7.744539976119995,1.5071183830586843,0.019594669342041016,0.0025249597393491256,128,10,3e-05,500,96,256,0.1,4,2,32,0.0001,"{'model__batch_size': 128, 'model__callbacks__early_stopping__patience': 10, 'model__lr': 3e-05, 'model__max_epochs': 500, 'model__module__d_model': 96, 'model__module__dim_feedforward': 256, 'model__module__dropout': 0.1, 'model__module__nhead': 4, 'model__module__num_layers': 2, 'model__module__patch_size': 32, 'model__optimizer__weight_decay': 0.0001}",0.7723577235772358,0.888030888030888,0.9143879376437516,0.8568376068376069,0.7625,0.8388228312178965,0.06115363505776262,197,0.9240362811791383,0.9431126664722466,0.936228287841191,0.9364744357614131,0.9256817500749175,0.9331066842657814,0.007191768889880742
154,11.948642921447753,2.1452456629831715,0.022954273223876952,0.003370329939419474,128,10,3e-05,500,96,256,0.1,4,3,16,0.0001,"{'model__batch_size': 128, 'model__callbacks__early_stopping__patience': 10, 'model__lr': 3e-05, 'model__max_epochs': 500, 'model__module__d_model': 96, 'model__module__dim_feedforward': 256, 'model__module__dropout': 0.1, 'model__module__nhead': 4, 'model__module__num_layers': 3, 'model__module__patch_size': 16, 'model__optimizer__weight_decay': 0.0001}",0.8095238095238095,0.8855263157894737,0.8959627329192547,0.9045584045584045,0.7816091954022988,0.8554360916386482,0.05003834554899987,46,0.8658754557803675,0.8830067972810876,0.8959682642487047,0.886599520383693,0.9263059886289349,0.8915512052645574,0.019920720766561067
155,7.086875152587891,1.2451341103388962,0.020102977752685547,0.002120514491731994,128,10,3e-05,500,96,256,0.1,4,3,32,0.0001,"{'model__batch_size': 128, 'model__callbacks__early_stopping__patience': 10, 'model__lr': 3e-05, 'model__max_epochs': 500, 'model__module__d_model': 96, 'model__module__dim_feedforward': 256, 'model__module__dropout': 0.1, 'model__module__nhead': 4, 'model__module__num_layers': 3, 'model__module__patch_size': 32, 'model__optimizer__weight_decay': 0.0001}",0.790610718737017,0.8855263157894737,0.8984848484848484,0.8278899082568807,0.7726819541375873,0.8350387490811615,0.04997544917796114,222,0.8998558693215182,0.9279857673267327,0.9271777849740932,0.9063213429256595,0.9164801204461261,0.9155641769988259,0.011155193056735884
156,12.019337177276611,1.625316678087575,0.021632623672485352,0.002460646412992541,128,10,3e-05,500,96,256,0.25,4,2,16,0.0001,"{'model__batch_size': 128, 'model__callbacks__early_stopping__patience': 10, 'model__lr': 3e-05, 'model__max_epochs': 500, 'model__module__d_model': 96, 'model__module__dim_feedforward': 256, 'model__module__dropout': 0.25, 'model__module__nhead': 4, 'model__module__num_layers': 2, 'model__module__patch_size': 16, 'model__optimizer__weight_decay': 0.0001}",0.790610718737017,0.8473684210526315,0.8984848484848484,0.884042921426099,0.7958485958485959,0.8432711011098384,0.04415811848054852,154,0.8955498866213152,0.9083811710677383,0.8843478972344951,0.8929653187944874,0.901328877218111,0.8965146301872295,0.008069070568496865
157,7.449937582015991,0.7285190793616202,0.019501638412475587,0.0018056650403189293,128,10,3e-05,500,96,256,0.25,4,2,32,0.0001,"{'model__batch_size': 128, 'model__callbacks__early_stopping__patience': 10, 'model__lr': 3e-05, 'model__max_epochs': 500, 'model__module__d_model': 96, 'model__module__dim_feedforward': 256, 'model__module__dropout': 0.25, 'model__module__nhead': 4, 'model__module__num_layers': 2, 'model__module__patch_size': 32, 'model__optimizer__weight_decay': 0.0001}",0.8095238095238095,0.8901515151515151,0.8930851063829788,0.809116809116809,0.8176486270327913,0.8439051734415808,0.03908734995424634,148,0.9101860834288737,0.9382735148514851,0.9158893798069057,0.9364744357614131,0.9133271202236719,0.9228301068144699,0.01202512650348477
158,13.782288789749146,1.0981928190322776,0.022824478149414063,0.001647719727647784,128,10,3e-05,500,96,256,0.25,4,3,16,0.0001,"{'model__batch_size': 128, 'model__callbacks__early_stopping__patience': 10, 'model__lr': 3e-05, 'model__max_epochs': 500, 'model__module__d_model': 96, 'model__module__dim_feedforward': 256, 'model__module__dropout': 0.25, 'model__module__nhead': 4, 'model__module__num_layers': 3, 'model__module__patch_size': 16, 'model__optimizer__weight_decay': 0.0001}",0.790610718737017,0.888030888030888,0.8612836438923395,0.8711538461538462,0.832967032967033,0.8488092259562248,0.034150470719364494,102,0.905045351473923,0.8982013011863759,0.9111070418523266,0.8973817808453597,0.9210631017744888,0.9065597154264948,0.008802468553174328
159,6.873170375823975,0.848340493326387,0.02030191421508789,0.002476413557449994,128,10,3e-05,500,96,256,0.25,4,3,32,0.0001,"{'model__batch_size': 128, 'model__callbacks__early_stopping__patience': 10, 'model__lr': 3e-05, 'model__max_epochs': 500, 'model__module__d_model': 96, 'model__module__dim_feedforward': 256, 'model__module__dropout': 0.25, 'model__module__nhead': 4, 'model__module__num_layers': 3, 'model__module__patch_size': 32, 'model__optimizer__weight_decay': 0.0001}",0.7723577235772358,0.8729264475743349,0.8612836438923395,0.8645552560646901,0.7347956131605184,0.8211837368538237,0.05659202562834805,276,0.8903183330664246,0.901740060270244,0.9158893798069057,0.9116501145912911,0.9111959894962998,0.906158775446233,0.009172324141794426
160,10.604945087432862,2.4420557896085526,0.02108135223388672,0.0019799703848090485,128,10,3e-05,500,96,384,0.1,4,2,16,0.0001,"{'model__batch_size': 128, 'model__callbacks__early_stopping__patience': 10, 'model__lr': 3e-05, 'model__max_epochs': 500, 'model__module__d_model': 96, 'model__module__dim_feedforward': 384, 'model__module__dropout': 0.1, 'model__module__nhead': 4, 'model__module__num_layers': 2, 'model__module__patch_size': 16, 'model__optimizer__weight_decay': 0.0001}",0.790610718737017,0.8855263157894737,0.8801431127012522,0.884042921426099,0.7484084542908073,0.8377463045889298,0.057318078279889384,207,0.8731337848663608,0.9027833881547309,0.9424810270809172,0.8885831149982093,0.9119318181818181,0.9037826266564073,0.023389530363971664
161,6.544993925094604,0.8175869346388512,0.020344305038452148,0.002799180628111896,128,10,3e-05,500,96,384,0.1,4,2,32,0.0001,"{'model__batch_size': 128, 'model__callbacks__early_stopping__patience': 10, 'model__lr': 3e-05, 'model__max_epochs': 500, 'model__module__d_model': 96, 'model__module__dim_feedforward': 384, 'model__module__dropout': 0.1, 'model__module__nhead': 4, 'model__module__num_layers': 2, 'model__module__patch_size': 32, 'model__optimizer__weight_decay': 0.0001}",0.790610718737017,0.8901515151515151,0.8574468085106384,0.8376600899965385,0.8258212375859435,0.8403380739963305,0.0330599688903579,185,0.8998558693215182,0.9382735148514851,0.9158893798069057,0.9359040767386091,0.9217171717171717,0.9223280024871379,0.014038482125246261
162,11.50768723487854,2.652861007513531,0.02218284606933594,0.0019681381852765687,128,10,3e-05,500,96,384,0.1,4,3,16,0.0001,"{'model__batch_size': 128, 'model__callbacks__early_stopping__patience': 10, 'model__lr': 3e-05, 'model__max_epochs': 500, 'model__module__d_model': 96, 'model__module__dim_feedforward': 384, 'model__module__dropout': 0.1, 'model__module__nhead': 4, 'model__module__num_layers': 3, 'model__module__patch_size': 16, 'model__optimizer__weight_decay': 0.0001}",0.8095238095238095,0.9056910569105692,0.8801431127012522,0.9045584045584045,0.7678025851938896,0.8535437937775849,0.05535099853783592,58,0.8731337848663608,0.8527830487033523,0.9167746113989637,0.8929653187944874,0.9126418786692759,0.889659728486488,0.02411356196844163
163,6.756018829345703,1.226225909775498,0.020084905624389648,0.002196608542832688,128,10,3e-05,500,96,384,0.1,4,3,32,0.0001,"{'model__batch_size': 128, 'model__callbacks__early_stopping__patience': 10, 'model__lr': 3e-05, 'model__max_epochs': 500, 'model__module__d_model': 96, 'model__module__dim_feedforward': 384, 'model__module__dropout': 0.1, 'model__module__nhead': 4, 'model__module__num_layers': 3, 'model__module__patch_size': 32, 'model__optimizer__weight_decay': 0.0001}",0.8291938997821351,0.9076138897738133,0.8574468085106384,0.8568376068376069,0.7484084542908073,0.8399001318390003,0.05227861398438153,186,0.9145408163265306,0.920686981930944,0.9305304306239993,0.9169281083033864,0.9119318181818181,0.9189236310733356,0.006479256528283203
164,10.808094263076782,2.3219575143175604,0.020546722412109374,0.001993754542317559,128,10,3e-05,500,96,384,0.25,4,2,16,0.0001,"{'model__batch_size': 128, 'model__callbacks__early_stopping__patience': 10, 'model__lr': 3e-05, 'model__max_epochs': 500, 'model__module__d_model': 96, 'model__module__dim_feedforward': 384, 'model__module__dropout': 0.25, 'model__module__nhead': 4, 'model__module__num_layers': 2, 'model__module__patch_size': 16, 'model__optimizer__weight_decay': 0.0001}",0.8095238095238095,0.9056910569105692,0.8801431127012522,0.884042921426099,0.810568295114656,0.8579938391352773,0.040106596932141886,35,0.8719117647058824,0.9120832118207447,0.9375809585492227,0.8929653187944874,0.9164801204461261,0.9062042748632926,0.022252628572852637
165,7.401871681213379,0.9481248099560188,0.019553089141845705,0.002195087747824799,128,10,3e-05,500,96,384,0.25,4,2,32,0.0001,"{'model__batch_size': 128, 'model__callbacks__early_stopping__patience': 10, 'model__lr': 3e-05, 'model__max_epochs': 500, 'model__module__d_model': 96, 'model__module__dim_feedforward': 384, 'model__module__dropout': 0.25, 'model__module__nhead': 4, 'model__module__num_layers': 2, 'model__module__patch_size': 32, 'model__optimizer__weight_decay': 0.0001}",0.8095238095238095,0.9253539253539254,0.8769997377393128,0.8568376068376069,0.7587301587301587,0.8454890476369628,0.057132679328526566,135,0.9145408163265306,0.8880214313050134,0.9043424317617866,0.9228228228228228,0.9171627861283034,0.9093780576688915,0.012243208746981057
166,11.200438690185546,0.7917080639618966,0.02241959571838379,0.0025875456225493833,128,10,3e-05,500,96,384,0.25,4,3,16,0.0001,"{'model__batch_size': 128, 'model__callbacks__early_stopping__patience': 10, 'model__lr': 3e-05, 'model__max_epochs': 500, 'model__module__d_model': 96, 'model__module__dim_feedforward': 384, 'model__module__dropout': 0.25, 'model__module__nhead': 4, 'model__module__num_layers': 3, 'model__module__patch_size': 16, 'model__optimizer__weight_decay': 0.0001}",0.790610718737017,0.9056910569105692,0.8801431127012522,0.884042921426099,0.7495056031641398,0.8419986825878155,0.06078672007115468,168,0.8633748452406962,0.8765470297029703,0.8948617247586319,0.8910345359235277,0.9171627861283034,0.8885961843508259,0.01812485236542922
167,7.077585172653198,1.927469783471473,0.019907093048095702,0.002423865974482421,128,10,3e-05,500,96,384,0.25,4,3,32,0.0001,"{'model__batch_size': 128, 'model__callbacks__early_stopping__patience': 10, 'model__lr': 3e-05, 'model__max_epochs': 500, 'model__module__d_model': 96, 'model__module__dim_feedforward': 384, 'model__module__dropout': 0.25, 'model__module__nhead': 4, 'model__module__num_layers': 3, 'model__module__patch_size': 32, 'model__optimizer__weight_decay': 0.0001}",0.837141670128791,0.8855263157894737,0.8984848484848484,0.8645552560646901,0.7678025851938896,0.8507021351323386,0.046355240921486116,82,0.8882989326422992,0.9176980198019802,0.9305304306239993,0.9079599645637382,0.9119318181818181,0.911283833162767,0.013793817042876135
168,10.545165777206421,1.546937690510266,0.020909547805786133,0.0025090053182561553,128,10,3e-05,500,128,128,0.1,4,2,16,0.0001,"{'model__batch_size': 128, 'model__callbacks__early_stopping__patience': 10, 'model__lr': 3e-05, 'model__max_epochs': 500, 'model__module__d_model': 128, 'model__module__dim_feedforward': 128, 'model__module__dropout': 0.1, 'model__module__nhead': 4, 'model__module__num_layers': 2, 'model__module__patch_size': 16, 'model__optimizer__weight_decay': 0.0001}",0.790610718737017,0.8855263157894737,0.8801431127012522,0.8459770114942529,0.810568295114656,0.8425650907673304,0.03739643698541227,160,0.9085734805637848,0.9120832118207447,0.9091551785083068,0.871222633364169,0.9021464646464648,0.9006361937806939,0.015060187905468743
169,6.443295001983643,1.1471660970820274,0.019976425170898437,0.001682162465806559,128,10,3e-05,500,128,128,0.1,4,2,32,0.0001,"{'model__batch_size': 128, 'model__callbacks__early_stopping__patience': 10, 'model__lr': 3e-05, 'model__max_epochs': 500, 'model__module__d_model': 128, 'model__module__dim_feedforward': 128, 'model__module__dropout': 0.1, 'model__module__nhead': 4, 'model__module__num_layers': 2, 'model__module__patch_size': 32, 'model__optimizer__weight_decay': 0.0001}",0.7375,0.8679674796747967,0.8860544217687075,0.8568376068376069,0.7347956131605184,0.8166310242883259,0.06637825331994689,284,0.927821168866146,0.9480021893814997,0.9130287648054145,0.9108464384828863,0.9309302140526776,0.9261257551177249,0.013487210991169759
170,11.281852388381958,1.3918350290442356,0.02163667678833008,0.002266988053773411,128,10,3e-05,500,128,128,0.1,4,3,16,0.0001,"{'model__batch_size': 128, 'model__callbacks__early_stopping__patience': 10, 'model__lr': 3e-05, 'model__max_epochs': 500, 'model__module__d_model': 128, 'model__module__dim_feedforward': 128, 'model__module__dropout': 0.1, 'model__module__nhead': 4, 'model__module__num_layers': 3, 'model__module__patch_size': 16, 'model__optimizer__weight_decay': 0.0001}",0.7723577235772358,0.888030888030888,0.8801431127012522,0.8899835796387521,0.7871148459383753,0.8435260299773008,0.052396462816980155,150,0.9145408163265306,0.905360531309298,0.9063714378238341,0.892016806722689,0.887926122408881,0.9012431429182465,0.009823937384930164
171,6.154963111877441,0.5533437767675217,0.020065450668334962,0.0023909963304253826,128,10,3e-05,500,128,128,0.1,4,3,32,0.0001,"{'model__batch_size': 128, 'model__callbacks__early_stopping__patience': 10, 'model__lr': 3e-05, 'model__max_epochs': 500, 'model__module__d_model': 128, 'model__module__dim_feedforward': 128, 'model__module__dropout': 0.1, 'model__module__nhead': 4, 'model__module__num_layers': 3, 'model__module__patch_size': 32, 'model__optimizer__weight_decay': 0.0001}",0.78125,0.888030888030888,0.8801431127012522,0.9045584045584045,0.8176486270327913,0.8543262064646673,0.04692796334103084,53,0.905045351473923,0.9111154791154792,0.9140180662428905,0.8876086171163462,0.9217171717171717,0.9079009371331621,0.011476702556951351
172,14.050058889389039,5.749951070251905,0.020793771743774413,0.0015374431240747224,128,10,3e-05,500,128,128,0.25,4,2,16,0.0001,"{'model__batch_size': 128, 'model__callbacks__early_stopping__patience': 10, 'model__lr': 3e-05, 'model__max_epochs': 500, 'model__module__d_model': 128, 'model__module__dim_feedforward': 128, 'model__module__dropout': 0.25, 'model__module__nhead': 4, 'model__module__num_layers': 2, 'model__module__patch_size': 16, 'model__optimizer__weight_decay': 0.0001}",0.7803921568627451,0.8535353535353536,0.8801431127012522,0.8645552560646901,0.7366035723806985,0.8230458903089479,0.0551440711661786,272,0.8998558693215182,0.9168035030103996,0.9091551785083068,0.9108464384828863,1.0,0.9273321978646223,0.036738524215871
173,6.619497013092041,0.8663441086111031,0.01952338218688965,0.0024880429647348773,128,10,3e-05,500,128,128,0.25,4,2,32,0.0001,"{'model__batch_size': 128, 'model__callbacks__early_stopping__patience': 10, 'model__lr': 3e-05, 'model__max_epochs': 500, 'model__module__d_model': 128, 'model__module__dim_feedforward': 128, 'model__module__dropout': 0.25, 'model__module__nhead': 4, 'model__module__num_layers': 2, 'model__module__patch_size': 32, 'model__optimizer__weight_decay': 0.0001}",0.8178861788617886,0.888030888030888,0.9095816464237516,0.8278899082568807,0.7923497267759563,0.8471476696698531,0.044270418478289976,115,0.9041967541288338,0.9376026272577997,0.947430862379316,0.9131756756756757,0.9315025252525253,0.9267816889388302,0.015880618644548015
174,8.963398981094361,4.164530670358126,0.02238121032714844,0.0028992952520485384,128,10,3e-05,500,128,128,0.25,4,3,16,0.0001,"{'model__batch_size': 128, 'model__callbacks__early_stopping__patience': 10, 'model__lr': 3e-05, 'model__max_epochs': 500, 'model__module__d_model': 128, 'model__module__dim_feedforward': 128, 'model__module__dropout': 0.25, 'model__module__nhead': 4, 'model__module__num_layers': 3, 'model__module__patch_size': 16, 'model__optimizer__weight_decay': 0.0001}",0.837141670128791,0.3894736842105263,0.8646464646464647,0.884042921426099,0.7871148459383753,0.7524839172700512,0.18440763230080787,287,0.8903183330664246,0.43283582089552236,0.8913319238900634,0.8964604316546763,0.9217171717171717,0.8065327362447716,0.18719762689651706
175,6.484184980392456,0.4647086688603805,0.019566726684570313,0.0020182035883058867,128,10,3e-05,500,128,128,0.25,4,3,32,0.0001,"{'model__batch_size': 128, 'model__callbacks__early_stopping__patience': 10, 'model__lr': 3e-05, 'model__max_epochs': 500, 'model__module__d_model': 128, 'model__module__dim_feedforward': 128, 'model__module__dropout': 0.25, 'model__module__nhead': 4, 'model__module__num_layers': 3, 'model__module__patch_size': 32, 'model__optimizer__weight_decay': 0.0001}",0.8178861788617886,0.8507078507078507,0.8612836438923395,0.884042921426099,0.8258212375859435,0.8479483664948042,0.024006691696739465,111,0.9033189033189033,0.915876027830487,0.9032703245232518,0.9035285285285286,0.9126418786692759,0.9077271325740893,0.005431079490848571
176,10.695342874526977,1.1880749364406096,0.021121883392333986,0.0018012186239125766,128,10,3e-05,500,128,256,0.1,4,2,16,0.0001,"{'model__batch_size': 128, 'model__callbacks__early_stopping__patience': 10, 'model__lr': 3e-05, 'model__max_epochs': 500, 'model__module__d_model': 128, 'model__module__dim_feedforward': 256, 'model__module__dropout': 0.1, 'model__module__nhead': 4, 'model__module__num_layers': 2, 'model__module__patch_size': 16, 'model__optimizer__weight_decay': 0.0001}",0.790610718737017,0.9056910569105692,0.8801431127012522,0.884042921426099,0.7366035723806985,0.8394182764311271,0.0647996816653804,189,0.905045351473923,0.9101119128550699,0.918932559459971,0.8929653187944874,0.9256817500749175,0.9105473785316738,0.011304434686537296
177,5.6866264820098875,0.4840098483249801,0.01956634521484375,0.0024434586760326035,128,10,3e-05,500,128,256,0.1,4,2,32,0.0001,"{'model__batch_size': 128, 'model__callbacks__early_stopping__patience': 10, 'model__lr': 3e-05, 'model__max_epochs': 500, 'model__module__d_model': 128, 'model__module__dim_feedforward': 256, 'model__module__dropout': 0.1, 'model__module__nhead': 4, 'model__module__num_layers': 2, 'model__module__patch_size': 32, 'model__optimizer__weight_decay': 0.0001}",0.7992831541218638,0.888030888030888,0.8930851063829788,0.8645552560646901,0.8176486270327913,0.8525206063266424,0.037687060970523434,66,0.9174383415182212,0.915876027830487,0.9101491002570694,0.9306583410422449,0.9164801204461261,0.9181203862188297,0.006766601989066764
178,11.622003364562989,2.771495580133201,0.02336406707763672,0.002814695940370032,128,10,3e-05,500,128,256,0.1,4,3,16,0.0001,"{'model__batch_size': 128, 'model__callbacks__early_stopping__patience': 10, 'model__lr': 3e-05, 'model__max_epochs': 500, 'model__module__d_model': 128, 'model__module__dim_feedforward': 256, 'model__module__dropout': 0.1, 'model__module__nhead': 4, 'model__module__num_layers': 3, 'model__module__patch_size': 16, 'model__optimizer__weight_decay': 0.0001}",0.790610718737017,0.888030888030888,0.8646464646464647,0.8645552560646901,0.7871148459383753,0.8389916346834871,0.04182925207494324,193,0.8964524060414472,0.9224263633712453,0.9120306050538609,0.8910345359235277,0.9036968002485244,0.905128142127721,0.011160818291589054
179,4.686664819717407,1.9330191954732292,0.02054452896118164,0.002287728099633769,128,10,3e-05,500,128,256,0.1,4,3,32,0.0001,"{'model__batch_size': 128, 'model__callbacks__early_stopping__patience': 10, 'model__lr': 3e-05, 'model__max_epochs': 500, 'model__module__d_model': 128, 'model__module__dim_feedforward': 256, 'model__module__dropout': 0.1, 'model__module__nhead': 4, 'model__module__num_layers': 3, 'model__module__patch_size': 32, 'model__optimizer__weight_decay': 0.0001}",0.837141670128791,0.3894736842105263,0.9121426698137949,0.8770642201834863,0.7678025851938896,0.7567249659060976,0.189788968426589,286,0.8964524060414472,0.43283582089552236,0.9158893798069057,0.8876086171163462,0.9119318181818181,0.808943608408408,0.18833322089232676
180,10.488468074798584,1.1409831688134664,0.02085766792297363,0.0018579608959691143,128,10,3e-05,500,128,256,0.25,4,2,16,0.0001,"{'model__batch_size': 128, 'model__callbacks__early_stopping__patience': 10, 'model__lr': 3e-05, 'model__max_epochs': 500, 'model__module__d_model': 128, 'model__module__dim_feedforward': 256, 'model__module__dropout': 0.25, 'model__module__nhead': 4, 'model__module__num_layers': 2, 'model__module__patch_size': 16, 'model__optimizer__weight_decay': 0.0001}",0.8178861788617886,0.8706594456833386,0.8612836438923395,0.9097035040431267,0.8020833333333333,0.8523232211627854,0.038520019159250206,70,0.9041967541288338,0.9224263633712453,0.8890077120822621,0.8938813813813814,0.9397619625941219,0.909854834711569,0.01883744802311715
181,5.694440603256226,0.5398751103932081,0.01926884651184082,0.002039895355235369,128,10,3e-05,500,128,256,0.25,4,2,32,0.0001,"{'model__batch_size': 128, 'model__callbacks__early_stopping__patience': 10, 'model__lr': 3e-05, 'model__max_epochs': 500, 'model__module__d_model': 128, 'model__module__dim_feedforward': 256, 'model__module__dropout': 0.25, 'model__module__nhead': 4, 'model__module__num_layers': 2, 'model__module__patch_size': 32, 'model__optimizer__weight_decay': 0.0001}",0.837141670128791,0.888030888030888,0.8959627329192547,0.8770642201834863,0.810568295114656,0.8617535612754151,0.03262164391912796,20,0.9152792413066386,0.9149140343862454,0.9043424317617866,0.907154944574373,0.9066542522633174,0.9096689808584723,0.004533579182612343
182,10.39882755279541,1.4057868298504999,0.022222518920898438,0.002296437996347742,128,10,3e-05,500,128,256,0.25,4,3,16,0.0001,"{'model__batch_size': 128, 'model__callbacks__early_stopping__patience': 10, 'model__lr': 3e-05, 'model__max_epochs': 500, 'model__module__d_model': 128, 'model__module__dim_feedforward': 256, 'model__module__dropout': 0.25, 'model__module__nhead': 4, 'model__module__num_layers': 3, 'model__module__patch_size': 16, 'model__optimizer__weight_decay': 0.0001}",0.8095238095238095,0.888030888030888,0.8801431127012522,0.8645552560646901,0.7871148459383753,0.8458735824518031,0.040185915828199845,130,0.8620588235294118,0.9111154791154792,0.8855650906735751,0.892016806722689,0.9171627861283034,0.8935837972338916,0.019615849041582607
183,5.931661605834961,0.5859978045492499,0.020641565322875977,0.0020217643142420704,128,10,3e-05,500,128,256,0.25,4,3,32,0.0001,"{'model__batch_size': 128, 'model__callbacks__early_stopping__patience': 10, 'model__lr': 3e-05, 'model__max_epochs': 500, 'model__module__d_model': 128, 'model__module__dim_feedforward': 256, 'model__module__dropout': 0.25, 'model__module__nhead': 4, 'model__module__num_layers': 3, 'model__module__patch_size': 32, 'model__optimizer__weight_decay': 0.0001}",0.837141670128791,0.888030888030888,0.8801431127012522,0.8770642201834863,0.7452107279693487,0.8455181238027534,0.05316600381904208,134,0.9109525558295297,0.9480021893814997,0.8973145753159633,0.9026957443586249,0.9223483365949119,0.916262680296106,0.017976214865703766
184,10.37050485610962,1.7760860965458047,0.023361825942993165,0.004627000180733678,128,10,3e-05,500,128,384,0.1,4,2,16,0.0001,"{'model__batch_size': 128, 'model__callbacks__early_stopping__patience': 10, 'model__lr': 3e-05, 'model__max_epochs': 500, 'model__module__d_model': 128, 'model__module__dim_feedforward': 384, 'model__module__dropout': 0.1, 'model__module__nhead': 4, 'model__module__num_layers': 2, 'model__module__patch_size': 16, 'model__optimizer__weight_decay': 0.0001}",0.790610718737017,0.888030888030888,0.8801431127012522,0.884042921426099,0.8176486270327913,0.8520952535856094,0.04016372445582948,72,0.905045351473923,0.9279857673267327,0.9053755522827688,0.8844718068992475,0.9164801204461261,0.9078717196857596,0.014425356865904
185,5.99572491645813,0.3008278793724258,0.01985445022583008,0.0011845298858289782,128,10,3e-05,500,128,384,0.1,4,2,32,0.0001,"{'model__batch_size': 128, 'model__callbacks__early_stopping__patience': 10, 'model__lr': 3e-05, 'model__max_epochs': 500, 'model__module__d_model': 128, 'model__module__dim_feedforward': 384, 'model__module__dropout': 0.1, 'model__module__nhead': 4, 'model__module__num_layers': 2, 'model__module__patch_size': 32, 'model__optimizer__weight_decay': 0.0001}",0.8178861788617886,0.888030888030888,0.8959627329192547,0.8770642201834863,0.8176486270327913,0.8593185294056418,0.034453235451859465,28,0.9240362811791383,0.9312620510068181,0.9016812644719621,0.9063213429256595,0.9309302140526776,0.9188462307272511,0.012478948280239797
186,9.449049282073975,1.4955699547661758,0.02275400161743164,0.0022908803195215845,128,10,3e-05,500,128,384,0.1,4,3,16,0.0001,"{'model__batch_size': 128, 'model__callbacks__early_stopping__patience': 10, 'model__lr': 3e-05, 'model__max_epochs': 500, 'model__module__d_model': 128, 'model__module__dim_feedforward': 384, 'model__module__dropout': 0.1, 'model__module__nhead': 4, 'model__module__num_layers': 3, 'model__module__patch_size': 16, 'model__optimizer__weight_decay': 0.0001}",0.7723577235772358,0.9056910569105692,0.9143879376437516,0.884042921426099,0.7587301587301587,0.8470419596575628,0.0674106487630092,116,0.8964524060414472,0.9168035030103996,0.9073317307692308,0.886599520383693,0.90293542074364,0.902024516189682,0.010162614154493706
187,5.539773941040039,0.6066398419357754,0.020166826248168946,0.0018191454913259692,128,10,3e-05,500,128,384,0.1,4,3,32,0.0001,"{'model__batch_size': 128, 'model__callbacks__early_stopping__patience': 10, 'model__lr': 3e-05, 'model__max_epochs': 500, 'model__module__d_model': 128, 'model__module__dim_feedforward': 384, 'model__module__dropout': 0.1, 'model__module__nhead': 4, 'model__module__num_layers': 3, 'model__module__patch_size': 32, 'model__optimizer__weight_decay': 0.0001}",0.790610718737017,0.8679674796747967,0.8959627329192547,0.9304257528556594,0.7413206262763785,0.8452574620926212,0.06946875490254341,137,0.905045351473923,0.9101119128550699,0.9198428045661531,0.9079599645637382,0.9081535192873711,0.910222710549251,0.005074743419940507
188,10.529222011566162,0.8120901772888993,0.021007490158081055,0.0021177635709305315,128,10,3e-05,500,128,384,0.25,4,2,16,0.0001,"{'model__batch_size': 128, 'model__callbacks__early_stopping__patience': 10, 'model__lr': 3e-05, 'model__max_epochs': 500, 'model__module__d_model': 128, 'model__module__dim_feedforward': 384, 'model__module__dropout': 0.25, 'model__module__nhead': 4, 'model__module__num_layers': 2, 'model__module__patch_size': 16, 'model__optimizer__weight_decay': 0.0001}",0.837141670128791,0.8855263157894737,0.8612836438923395,0.884042921426099,0.7097020626432391,0.8355393227759885,0.06534776534364323,219,0.8912778904665315,0.905360531309298,0.9043424317617866,0.900940487203207,0.9454999500549396,0.9094842581591525,0.01868176336040951
189,5.871230888366699,0.48648425224365865,0.020586347579956053,0.0024569190564833403,128,10,3e-05,500,128,384,0.25,4,2,32,0.0001,"{'model__batch_size': 128, 'model__callbacks__early_stopping__patience': 10, 'model__lr': 3e-05, 'model__max_epochs': 500, 'model__module__d_model': 128, 'model__module__dim_feedforward': 384, 'model__module__dropout': 0.25, 'model__module__nhead': 4, 'model__module__num_layers': 2, 'model__module__patch_size': 32, 'model__optimizer__weight_decay': 0.0001}",0.7723577235772358,0.9056910569105692,0.8418568056648308,0.9045584045584045,0.7452107279693487,0.8339349437360779,0.06612580343370197,228,0.9145408163265306,0.9279857673267327,0.8970352564102564,0.8929653187944874,0.9111959894962998,0.9087446296708613,0.012616833175743788
190,10.58729681968689,0.9686994991015793,0.022698354721069337,0.002459835327579791,128,10,3e-05,500,128,384,0.25,4,3,16,0.0001,"{'model__batch_size': 128, 'model__callbacks__early_stopping__patience': 10, 'model__lr': 3e-05, 'model__max_epochs': 500, 'model__module__d_model': 128, 'model__module__dim_feedforward': 384, 'model__module__dropout': 0.25, 'model__module__nhead': 4, 'model__module__num_layers': 3, 'model__module__patch_size': 16, 'model__optimizer__weight_decay': 0.0001}",0.790610718737017,0.888030888030888,0.9143879376437516,0.8645552560646901,0.7726819541375873,0.8460533509227869,0.055192929235119946,128,0.8850361049546007,0.8902014742014741,0.8924321846411416,0.886599520383693,0.8932289628180039,0.8894996493997827,0.0032041871633687632
191,3.854641914367676,2.464738397315785,0.020401525497436523,0.0024135096600949274,128,10,3e-05,500,128,384,0.25,4,3,32,0.0001,"{'model__batch_size': 128, 'model__callbacks__early_stopping__patience': 10, 'model__lr': 3e-05, 'model__max_epochs': 500, 'model__module__d_model': 128, 'model__module__dim_feedforward': 384, 'model__module__dropout': 0.25, 'model__module__nhead': 4, 'model__module__num_layers': 3, 'model__module__patch_size': 32, 'model__optimizer__weight_decay': 0.0001}",0.43434343434343436,0.3894736842105263,0.9121426698137949,0.9304257528556594,0.7285714285714285,0.6789913939589687,0.2296562920978754,288,0.4236559139784946,0.43283582089552236,0.8878708551483421,0.8703111858704794,0.9081535192873711,0.704565459036042,0.225950340222394
192,4.78475251197815,0.24779929069550014,0.020783710479736327,0.002696006827524711,128,10,0.0001,500,96,128,0.1,4,2,16,0.0001,"{'model__batch_size': 128, 'model__callbacks__early_stopping__patience': 10, 'model__lr': 0.0001, 'model__max_epochs': 500, 'model__module__d_model': 96, 'model__module__dim_feedforward': 128, 'model__module__dropout': 0.1, 'model__module__nhead': 4, 'model__module__num_layers': 2, 'model__module__patch_size': 16, 'model__optimizer__weight_decay': 0.0001}",0.8095238095238095,0.8261738261738262,0.9143879376437516,0.884042921426099,0.810568295114656,0.8489393579764284,0.0425675230910917,100,0.9058658236740429,0.9064039408866995,0.9149710504549214,0.8668776978417266,0.9263059886289349,0.9040849002972651,0.0200260359721825
193,3.1440401554107664,0.22292589582010397,0.018890762329101564,0.0018725233985570182,128,10,0.0001,500,96,128,0.1,4,2,32,0.0001,"{'model__batch_size': 128, 'model__callbacks__early_stopping__patience': 10, 'model__lr': 0.0001, 'model__max_epochs': 500, 'model__module__d_model': 96, 'model__module__dim_feedforward': 128, 'model__module__dropout': 0.1, 'model__module__nhead': 4, 'model__module__num_layers': 2, 'model__module__patch_size': 32, 'model__optimizer__weight_decay': 0.0001}",0.7723577235772358,0.8901515151515151,0.8930851063829788,0.884042921426099,0.7771260997067448,0.8433526732489147,0.056116636976212775,153,0.9240362811791383,0.9232500432800508,0.9043424317617866,0.9607333842627961,0.9178215698887005,0.9260367420744945,0.018728356399290033
194,5.729853820800781,1.0834302792978796,0.022239875793457032,0.0024183294460754633,128,10,0.0001,500,96,128,0.1,4,3,16,0.0001,"{'model__batch_size': 128, 'model__callbacks__early_stopping__patience': 10, 'model__lr': 0.0001, 'model__max_epochs': 500, 'model__module__d_model': 96, 'model__module__dim_feedforward': 128, 'model__module__dropout': 0.1, 'model__module__nhead': 4, 'model__module__num_layers': 3, 'model__module__patch_size': 16, 'model__optimizer__weight_decay': 0.0001}",0.8095238095238095,0.8648018648018647,0.8984848484848484,0.8568376068376069,0.7678025851938896,0.8394901429684039,0.04573637529063002,188,0.8536159056150316,0.9224263633712453,0.9320230320047203,0.8811285846438484,0.9366538952745849,0.905169556181886,0.032391101758058094
195,3.25603609085083,0.1941225167205524,0.019368743896484374,0.0018985231399014828,128,10,0.0001,500,96,128,0.1,4,3,32,0.0001,"{'model__batch_size': 128, 'model__callbacks__early_stopping__patience': 10, 'model__lr': 0.0001, 'model__max_epochs': 500, 'model__module__d_model': 96, 'model__module__dim_feedforward': 128, 'model__module__dropout': 0.1, 'model__module__nhead': 4, 'model__module__num_layers': 3, 'model__module__patch_size': 32, 'model__optimizer__weight_decay': 0.0001}",0.8178861788617886,0.8901515151515151,0.9121426698137949,0.8770642201834863,0.7678025851938896,0.8530094338408949,0.05281809660216868,60,0.919640179910045,0.9064039408866995,0.9006490467761297,0.9405642923219242,0.9315025252525253,0.9197519970294648,0.014928713026255643
196,4.458216190338135,0.6535013987169767,0.02058882713317871,0.0017021096230740273,128,10,0.0001,500,96,128,0.25,4,2,16,0.0001,"{'model__batch_size': 128, 'model__callbacks__early_stopping__patience': 10, 'model__lr': 0.0001, 'model__max_epochs': 500, 'model__module__d_model': 96, 'model__module__dim_feedforward': 128, 'model__module__dropout': 0.25, 'model__module__nhead': 4, 'model__module__num_layers': 2, 'model__module__patch_size': 16, 'model__optimizer__weight_decay': 0.0001}",0.7803921568627451,0.9034299034299034,0.8984848484848484,0.8376600899965385,0.8020833333333333,0.8444100664214738,0.04968466659971565,142,0.8620588235294118,0.9027833881547309,0.9215650369285235,0.8656508354469593,0.9157726500849066,0.8935661468289064,0.02503597492560502
197,2.9738351345062255,0.21675016924291016,0.01992802619934082,0.002895647285988495,128,10,0.0001,500,96,128,0.25,4,2,32,0.0001,"{'model__batch_size': 128, 'model__callbacks__early_stopping__patience': 10, 'model__lr': 0.0001, 'model__max_epochs': 500, 'model__module__d_model': 96, 'model__module__dim_feedforward': 128, 'model__module__dropout': 0.25, 'model__module__nhead': 4, 'model__module__num_layers': 2, 'model__module__patch_size': 32, 'model__optimizer__weight_decay': 0.0001}",0.754679410593389,0.9076138897738133,0.8959627329192547,0.8645552560646901,0.8176486270327913,0.8480919832767876,0.05613949064605308,109,0.9240362811791383,0.9047619047619047,0.9312904884318767,0.9364744357614131,0.9223483365949119,0.9237822893458489,0.010782943904277613
198,4.929147577285766,0.766433099353155,0.022251367568969727,0.002360459103327256,128,10,0.0001,500,96,128,0.25,4,3,16,0.0001,"{'model__batch_size': 128, 'model__callbacks__early_stopping__patience': 10, 'model__lr': 0.0001, 'model__max_epochs': 500, 'model__module__d_model': 96, 'model__module__dim_feedforward': 128, 'model__module__dropout': 0.25, 'model__module__nhead': 4, 'model__module__num_layers': 3, 'model__module__patch_size': 16, 'model__optimizer__weight_decay': 0.0001}",0.790610718737017,0.888030888030888,0.8984848484848484,0.8568376068376069,0.7958485958485959,0.8459625315877913,0.04521468210412814,129,0.8839826839826841,0.8913969087197433,0.9063714378238341,0.886599520383693,0.9217171717171717,0.8980135445254251,0.014160799317099432
199,3.329999828338623,0.48591434024980934,0.01993417739868164,0.0017310614566567464,128,10,0.0001,500,96,128,0.25,4,3,32,0.0001,"{'model__batch_size': 128, 'model__callbacks__early_stopping__patience': 10, 'model__lr': 0.0001, 'model__max_epochs': 500, 'model__module__d_model': 96, 'model__module__dim_feedforward': 128, 'model__module__dropout': 0.25, 'model__module__nhead': 4, 'model__module__num_layers': 3, 'model__module__patch_size': 32, 'model__optimizer__weight_decay': 0.0001}",0.8178861788617886,0.9076138897738133,0.9306418219461698,0.9097035040431267,0.7816091954022988,0.8694909180054395,0.058644850370409646,5,0.9189309418317052,0.915876027830487,0.9312904884318767,0.8991309223437063,0.9361318568117435,0.9202720474499037,0.012969273828526199
200,4.104228591918945,0.29585299690924305,0.020427227020263672,0.002083504471136647,128,10,0.0001,500,96,256,0.1,4,2,16,0.0001,"{'model__batch_size': 128, 'model__callbacks__early_stopping__patience': 10, 'model__lr': 0.0001, 'model__max_epochs': 500, 'model__module__d_model': 96, 'model__module__dim_feedforward': 256, 'model__module__dropout': 0.1, 'model__module__nhead': 4, 'model__module__num_layers': 2, 'model__module__patch_size': 16, 'model__optimizer__weight_decay': 0.0001}",0.8095238095238095,0.9056910569105692,0.8984848484848484,0.884042921426099,0.7726819541375873,0.8540849180965827,0.053186773325342024,56,0.8719117647058824,0.8889617747033216,0.9149710504549214,0.8991309223437063,0.9119318181818181,0.89738146607793,0.01577189724131644
201,3.1037322521209716,0.25553832127757503,0.019064998626708983,0.0018042271341153554,128,10,0.0001,500,96,256,0.1,4,2,32,0.0001,"{'model__batch_size': 128, 'model__callbacks__early_stopping__patience': 10, 'model__lr': 0.0001, 'model__max_epochs': 500, 'model__module__d_model': 96, 'model__module__dim_feedforward': 256, 'model__module__dropout': 0.1, 'model__module__nhead': 4, 'model__module__num_layers': 2, 'model__module__patch_size': 32, 'model__optimizer__weight_decay': 0.0001}",0.8178861788617886,0.8901515151515151,0.8930851063829788,0.809116809116809,0.8020833333333333,0.8424645885692851,0.0404556502436362,162,0.9284684780867987,0.9376026272577997,0.9158893798069057,0.8876086171163462,0.9217171717171717,0.9182572547970043,0.01694360862074188
202,6.009234142303467,2.556319952914365,0.022093725204467774,0.0025046000913807047,128,10,0.0001,500,96,256,0.1,4,3,16,0.0001,"{'model__batch_size': 128, 'model__callbacks__early_stopping__patience': 10, 'model__lr': 0.0001, 'model__max_epochs': 500, 'model__module__d_model': 96, 'model__module__dim_feedforward': 256, 'model__module__dropout': 0.1, 'model__module__nhead': 4, 'model__module__num_layers': 3, 'model__module__patch_size': 16, 'model__optimizer__weight_decay': 0.0001}",0.8095238095238095,0.8855263157894737,0.8266045548654244,0.884042921426099,0.775811209439528,0.836301762208867,0.04283100865779418,212,0.8797019481102433,0.905360531309298,0.9894861724758632,0.8800186741363212,0.9223483365949119,0.9153831325253275,0.04040796696491476
203,3.153060865402222,0.4320935815240983,0.019867515563964842,0.0020044388661156123,128,10,0.0001,500,96,256,0.1,4,3,32,0.0001,"{'model__batch_size': 128, 'model__callbacks__early_stopping__patience': 10, 'model__lr': 0.0001, 'model__max_epochs': 500, 'model__module__d_model': 96, 'model__module__dim_feedforward': 256, 'model__module__dropout': 0.1, 'model__module__nhead': 4, 'model__module__num_layers': 3, 'model__module__patch_size': 32, 'model__optimizer__weight_decay': 0.0001}",0.790610718737017,0.9076138897738133,0.8418568056648308,0.8568376068376069,0.7678025851938896,0.8329443212414315,0.04952059292108525,232,0.9058658236740429,0.9185610409491006,0.9053755522827688,0.9260431654676259,0.9223483365949119,0.9156387837936901,0.00851649592542197
204,4.1316076755523685,0.2548490976543844,0.020916843414306642,0.0019261566984869393,128,10,0.0001,500,96,256,0.25,4,2,16,0.0001,"{'model__batch_size': 128, 'model__callbacks__early_stopping__patience': 10, 'model__lr': 0.0001, 'model__max_epochs': 500, 'model__module__d_model': 96, 'model__module__dim_feedforward': 256, 'model__module__dropout': 0.25, 'model__module__nhead': 4, 'model__module__num_layers': 2, 'model__module__patch_size': 16, 'model__optimizer__weight_decay': 0.0001}",0.7803921568627451,0.8679674796747967,0.8984848484848484,0.884042921426099,0.8035252643948296,0.8468825341686639,0.0464523223691344,118,0.8754557803674841,0.877841561423651,0.9063714378238341,0.9079599645637382,0.9119318181818181,0.8959121124721051,0.015850460789707886
205,3.450240707397461,0.3834533382368903,0.020026636123657227,0.003535420043142934,128,10,0.0001,500,96,256,0.25,4,2,32,0.0001,"{'model__batch_size': 128, 'model__callbacks__early_stopping__patience': 10, 'model__lr': 0.0001, 'model__max_epochs': 500, 'model__module__d_model': 96, 'model__module__dim_feedforward': 256, 'model__module__dropout': 0.25, 'model__module__nhead': 4, 'model__module__num_layers': 2, 'model__module__patch_size': 32, 'model__optimizer__weight_decay': 0.0001}",0.8178861788617886,0.8901515151515151,0.8930851063829788,0.9097035040431267,0.7871148459383753,0.859588230075557,0.048081489755549024,27,0.9290942763912162,0.9327695149217459,0.8970352564102564,0.941100076394194,0.9133271202236719,0.922665248868217,0.015667601049692892
206,4.773236989974976,0.5433011151628383,0.022089529037475585,0.0024225628379382987,128,10,0.0001,500,96,256,0.25,4,3,16,0.0001,"{'model__batch_size': 128, 'model__callbacks__early_stopping__patience': 10, 'model__lr': 0.0001, 'model__max_epochs': 500, 'model__module__d_model': 96, 'model__module__dim_feedforward': 256, 'model__module__dropout': 0.25, 'model__module__nhead': 4, 'model__module__num_layers': 3, 'model__module__patch_size': 16, 'model__optimizer__weight_decay': 0.0001}",0.8095238095238095,0.9034299034299034,0.8984848484848484,0.884042921426099,0.775811209439528,0.8542585384608377,0.0517997654502978,54,0.8850361049546007,0.9083811710677383,0.9063714378238341,0.882200152788388,0.9171627861283034,0.8998303305525729,0.013755066362435803
207,3.395661640167236,0.17508362028541868,0.020015811920166014,0.002159835735105093,128,10,0.0001,500,96,256,0.25,4,3,32,0.0001,"{'model__batch_size': 128, 'model__callbacks__early_stopping__patience': 10, 'model__lr': 0.0001, 'model__max_epochs': 500, 'model__module__d_model': 96, 'model__module__dim_feedforward': 256, 'model__module__dropout': 0.25, 'model__module__nhead': 4, 'model__module__num_layers': 3, 'model__module__patch_size': 32, 'model__optimizer__weight_decay': 0.0001}",0.8178861788617886,0.9056910569105692,0.8612836438923395,0.9045584045584045,0.7678025851938896,0.8514443738833982,0.052882351265036466,76,0.93410607657183,0.9279857673267327,0.8924321846411416,0.9169281083033864,0.9126418786692759,0.9168188031024732,0.014392475251438603
208,4.2627054214477536,0.9814219674800917,0.022511386871337892,0.0031888074751024883,128,10,0.0001,500,96,384,0.1,4,2,16,0.0001,"{'model__batch_size': 128, 'model__callbacks__early_stopping__patience': 10, 'model__lr': 0.0001, 'model__max_epochs': 500, 'model__module__d_model': 96, 'model__module__dim_feedforward': 384, 'model__module__dropout': 0.1, 'model__module__nhead': 4, 'model__module__num_layers': 2, 'model__module__patch_size': 16, 'model__optimizer__weight_decay': 0.0001}",0.7803921568627451,0.8473684210526315,0.8984848484848484,0.884042921426099,0.810568295114656,0.844171328588196,0.04415171653249765,144,0.8719117647058824,0.901740060270244,0.9271777849740932,0.9169281083033864,0.9210631017744888,0.9077641640056189,0.01979602314275648
209,2.705149507522583,0.1696306795496201,0.020109176635742188,0.002054413742196117,128,10,0.0001,500,96,384,0.1,4,2,32,0.0001,"{'model__batch_size': 128, 'model__callbacks__early_stopping__patience': 10, 'model__lr': 0.0001, 'model__max_epochs': 500, 'model__module__d_model': 96, 'model__module__dim_feedforward': 384, 'model__module__dropout': 0.1, 'model__module__nhead': 4, 'model__module__num_layers': 2, 'model__module__patch_size': 32, 'model__optimizer__weight_decay': 0.0001}",0.837141670128791,0.9056910569105692,0.9121426698137949,0.8899835796387521,0.7587301587301587,0.8607378270444132,0.057412381585249035,24,0.919640179910045,0.9111154791154792,0.9032703245232518,0.9221565954869,0.9412878787878788,0.919494091564711,0.012770992084086375
210,4.6220934867858885,0.6565329955015219,0.022741031646728516,0.0026714319325200956,128,10,0.0001,500,96,384,0.1,4,3,16,0.0001,"{'model__batch_size': 128, 'model__callbacks__early_stopping__patience': 10, 'model__lr': 0.0001, 'model__max_epochs': 500, 'model__module__d_model': 96, 'model__module__dim_feedforward': 384, 'model__module__dropout': 0.1, 'model__module__nhead': 4, 'model__module__num_layers': 3, 'model__module__patch_size': 16, 'model__optimizer__weight_decay': 0.0001}",0.7723577235772358,0.861101607937051,0.8612836438923395,0.884042921426099,0.7543859649122806,0.8266343723490012,0.052630962054174224,264,0.8658754557803675,0.8960043787629994,0.8924321846411416,0.8745870870870871,0.90293542074364,0.8863669054030471,0.013876943703763842
211,2.803086996078491,0.41843431010082316,0.020483684539794923,0.002985265042929162,128,10,0.0001,500,96,384,0.1,4,3,32,0.0001,"{'model__batch_size': 128, 'model__callbacks__early_stopping__patience': 10, 'model__lr': 0.0001, 'model__max_epochs': 500, 'model__module__d_model': 96, 'model__module__dim_feedforward': 384, 'model__module__dropout': 0.1, 'model__module__nhead': 4, 'model__module__num_layers': 3, 'model__module__patch_size': 32, 'model__optimizer__weight_decay': 0.0001}",0.8291938997821351,0.8901515151515151,0.8418568056648308,0.9339901477832513,0.7543859649122806,0.8499156666588027,0.060510664612222466,93,0.8893257922614238,0.9111154791154792,0.8751619170984456,0.8956210308669326,0.9088640891244222,0.8960176616933406,0.013212685599589874
212,4.233955717086792,0.5658629260698723,0.021059179306030275,0.002403402904162056,128,10,0.0001,500,96,384,0.25,4,2,16,0.0001,"{'model__batch_size': 128, 'model__callbacks__early_stopping__patience': 10, 'model__lr': 0.0001, 'model__max_epochs': 500, 'model__module__d_model': 96, 'model__module__dim_feedforward': 384, 'model__module__dropout': 0.25, 'model__module__nhead': 4, 'model__module__num_layers': 2, 'model__module__patch_size': 16, 'model__optimizer__weight_decay': 0.0001}",0.8095238095238095,0.9056910569105692,0.8801431127012522,0.8645552560646901,0.810568295114656,0.8540963060629954,0.03829161597808688,55,0.8774308032855862,0.8995368437791957,0.9073317307692308,0.882200152788388,0.9157726500849066,0.8964544361414614,0.01460200921910422
213,2.770366334915161,0.2159298258440248,0.019349384307861327,0.0018625476111241688,128,10,0.0001,500,96,384,0.25,4,2,32,0.0001,"{'model__batch_size': 128, 'model__callbacks__early_stopping__patience': 10, 'model__lr': 0.0001, 'model__max_epochs': 500, 'model__module__d_model': 96, 'model__module__dim_feedforward': 384, 'model__module__dropout': 0.25, 'model__module__nhead': 4, 'model__module__num_layers': 2, 'model__module__patch_size': 32, 'model__optimizer__weight_decay': 0.0001}",0.8178861788617886,0.8706594456833386,0.8769997377393128,0.9097035040431267,0.7816091954022988,0.851371612345973,0.04564975353370923,77,0.9137770787159505,0.9168035030103996,0.8961174343154983,0.9221565954869,0.9366538952745849,0.9171017013606667,0.013109704366488891
214,4.865332555770874,0.9935538166620121,0.02285599708557129,0.0017488645406563929,128,10,0.0001,500,96,384,0.25,4,3,16,0.0001,"{'model__batch_size': 128, 'model__callbacks__early_stopping__patience': 10, 'model__lr': 0.0001, 'model__max_epochs': 500, 'model__module__d_model': 96, 'model__module__dim_feedforward': 384, 'model__module__dropout': 0.25, 'model__module__nhead': 4, 'model__module__num_layers': 3, 'model__module__patch_size': 16, 'model__optimizer__weight_decay': 0.0001}",0.790610718737017,0.8648018648018647,0.8418568056648308,0.8568376068376069,0.7413206262763785,0.8190855244635395,0.046673180085095856,281,0.8731337848663608,0.8797444717444718,0.8948617247586319,0.8582891259293062,0.9371576710913592,0.888637355678026,0.026957087823835883
215,3.1755271911621095,0.30852305553688164,0.021341562271118164,0.0036938565344703396,128,10,0.0001,500,96,384,0.25,4,3,32,0.0001,"{'model__batch_size': 128, 'model__callbacks__early_stopping__patience': 10, 'model__lr': 0.0001, 'model__max_epochs': 500, 'model__module__d_model': 96, 'model__module__dim_feedforward': 384, 'model__module__dropout': 0.25, 'model__module__nhead': 4, 'model__module__num_layers': 3, 'model__module__patch_size': 32, 'model__optimizer__weight_decay': 0.0001}",0.837141670128791,0.9076138897738133,0.9121426698137949,0.8568376068376069,0.7816091954022988,0.859069006391261,0.04828918924499612,31,0.9058658236740429,0.9185610409491006,0.8995784061696658,0.907154944574373,0.9133271202236719,0.9088974671181708,0.006512735670527802
216,4.220498037338257,0.33460549994703015,0.020967578887939452,0.0027042338307933724,128,10,0.0001,500,128,128,0.1,4,2,16,0.0001,"{'model__batch_size': 128, 'model__callbacks__early_stopping__patience': 10, 'model__lr': 0.0001, 'model__max_epochs': 500, 'model__module__d_model': 128, 'model__module__dim_feedforward': 128, 'model__module__dropout': 0.1, 'model__module__nhead': 4, 'model__module__num_layers': 2, 'model__module__patch_size': 16, 'model__optimizer__weight_decay': 0.0001}",0.790610718737017,0.8706594456833386,0.8984848484848484,0.8459770114942529,0.7726819541375873,0.8356827957074089,0.047484803708546165,216,0.9101860834288737,0.9006584766584766,0.9043424317617866,0.886599520383693,0.9217171717171717,0.9047007367900004,0.011521895418995738
217,2.778172492980957,0.4932538796020688,0.019481754302978514,0.001788077675073902,128,10,0.0001,500,128,128,0.1,4,2,32,0.0001,"{'model__batch_size': 128, 'model__callbacks__early_stopping__patience': 10, 'model__lr': 0.0001, 'model__max_epochs': 500, 'model__module__d_model': 128, 'model__module__dim_feedforward': 128, 'model__module__dropout': 0.1, 'model__module__nhead': 4, 'model__module__num_layers': 2, 'model__module__patch_size': 32, 'model__optimizer__weight_decay': 0.0001}",0.754679410593389,0.8679674796747967,0.8769997377393128,0.8770642201834863,0.7923497267759563,0.8338121149933884,0.05076143977605503,230,0.9152792413066386,0.9741421211237484,0.9140180662428905,0.9035285285285286,0.9203852327447832,0.9254706379893178,0.024944966428305123
218,4.957525825500488,0.30589939851596215,0.02237710952758789,0.0022223093371079206,128,10,0.0001,500,128,128,0.1,4,3,16,0.0001,"{'model__batch_size': 128, 'model__callbacks__early_stopping__patience': 10, 'model__lr': 0.0001, 'model__max_epochs': 500, 'model__module__d_model': 128, 'model__module__dim_feedforward': 128, 'model__module__dropout': 0.1, 'model__module__nhead': 4, 'model__module__num_layers': 3, 'model__module__patch_size': 16, 'model__optimizer__weight_decay': 0.0001}",0.8178861788617886,0.8679674796747967,0.8612836438923395,0.8645552560646901,0.7216117216117216,0.8266608560210672,0.05559366106260391,262,0.9101860834288737,0.8983732480746416,0.8855650906735751,0.892016806722689,0.9361318568117435,0.9044546171423047,0.0178033345576238
219,2.783211612701416,0.39344511732135157,0.020293760299682616,0.001978214656118601,128,10,0.0001,500,128,128,0.1,4,3,32,0.0001,"{'model__batch_size': 128, 'model__callbacks__early_stopping__patience': 10, 'model__lr': 0.0001, 'model__max_epochs': 500, 'model__module__d_model': 128, 'model__module__dim_feedforward': 128, 'model__module__dropout': 0.1, 'model__module__nhead': 4, 'model__module__num_layers': 3, 'model__module__patch_size': 32, 'model__optimizer__weight_decay': 0.0001}",0.78125,0.8535353535353536,0.9066592365561438,0.809116809116809,0.8020833333333333,0.8305289465083279,0.04476865629567879,245,0.9145408163265306,0.9111154791154792,0.9198428045661531,0.9267012720323997,0.9157726500849066,0.9175946044250939,0.005340599272189509
220,4.454368972778321,0.4615512595928932,0.02184948921203613,0.0025219562556512126,128,10,0.0001,500,128,128,0.25,4,2,16,0.0001,"{'model__batch_size': 128, 'model__callbacks__early_stopping__patience': 10, 'model__lr': 0.0001, 'model__max_epochs': 500, 'model__module__d_model': 128, 'model__module__dim_feedforward': 128, 'model__module__dropout': 0.25, 'model__module__nhead': 4, 'model__module__num_layers': 2, 'model__module__patch_size': 16, 'model__optimizer__weight_decay': 0.0001}",0.78125,0.8507078507078507,0.8769997377393128,0.9045584045584045,0.8180076628352491,0.8463047311681635,0.043331059246550174,126,0.9145408163265306,0.9224263633712453,0.8830851943755169,0.8700202303143479,0.9171627861283034,0.9014470781031887,0.02089672417256857
221,2.5106584072113036,0.2250418116744308,0.01943349838256836,0.001600434589319131,128,10,0.0001,500,128,128,0.25,4,2,32,0.0001,"{'model__batch_size': 128, 'model__callbacks__early_stopping__patience': 10, 'model__lr': 0.0001, 'model__max_epochs': 500, 'model__module__d_model': 128, 'model__module__dim_feedforward': 128, 'model__module__dropout': 0.25, 'model__module__nhead': 4, 'model__module__num_layers': 2, 'model__module__patch_size': 32, 'model__optimizer__weight_decay': 0.0001}",0.754679410593389,0.8706594456833386,0.9095816464237516,0.7787155963302752,0.7811059907834101,0.8189484179628328,0.060115966313053215,282,0.919640179910045,0.932029484029484,0.9091551785083068,0.8832348932303498,0.9150393970537856,0.9118198265463942,0.016150248161671252
222,4.651089429855347,0.91313435707683,0.021692562103271484,0.0020086111963666933,128,10,0.0001,500,128,128,0.25,4,3,16,0.0001,"{'model__batch_size': 128, 'model__callbacks__early_stopping__patience': 10, 'model__lr': 0.0001, 'model__max_epochs': 500, 'model__module__d_model': 128, 'model__module__dim_feedforward': 128, 'model__module__dropout': 0.25, 'model__module__nhead': 4, 'model__module__num_layers': 3, 'model__module__patch_size': 16, 'model__optimizer__weight_decay': 0.0001}",0.8095238095238095,0.8507078507078507,0.8612836438923395,0.8645552560646901,0.810568295114656,0.8393277710606691,0.024344922033905515,190,0.8663341645885287,0.913016715717391,0.8738340697103584,0.8637740421020748,0.9263059886289349,0.8886529961494574,0.02587675347252358
223,2.976074981689453,0.5310879542792244,0.02066693305969238,0.0027137235585407557,128,10,0.0001,500,128,128,0.25,4,3,32,0.0001,"{'model__batch_size': 128, 'model__callbacks__early_stopping__patience': 10, 'model__lr': 0.0001, 'model__max_epochs': 500, 'model__module__d_model': 128, 'model__module__dim_feedforward': 128, 'model__module__dropout': 0.25, 'model__module__nhead': 4, 'model__module__num_layers': 3, 'model__module__patch_size': 32, 'model__optimizer__weight_decay': 0.0001}",0.7992831541218638,0.8706594456833386,0.8959627329192547,0.9045584045584045,0.7726819541375873,0.8486291382840898,0.05302242428236589,104,0.9101860834288737,0.9369070208728653,0.8901910516999328,0.8895243435192972,0.9178215698887005,0.908926013881934,0.01783860456975612
224,3.9182458400726317,0.487960407687714,0.020911312103271483,0.002283174692488036,128,10,0.0001,500,128,256,0.1,4,2,16,0.0001,"{'model__batch_size': 128, 'model__callbacks__early_stopping__patience': 10, 'model__lr': 0.0001, 'model__max_epochs': 500, 'model__module__d_model': 128, 'model__module__dim_feedforward': 256, 'model__module__dropout': 0.1, 'model__module__nhead': 4, 'model__module__num_layers': 2, 'model__module__patch_size': 16, 'model__optimizer__weight_decay': 0.0001}",0.7803921568627451,0.888030888030888,0.9121426698137949,0.9097035040431267,0.7726819541375873,0.8525902345776284,0.062709415110331,64,0.8774308032855862,0.9215724815724815,0.9091551785083068,0.8929653187944874,0.9111959894962998,0.9024639543314323,0.015511540611915058
225,2.3504071712493895,0.23801482867326262,0.01938343048095703,0.0021909569836294418,128,10,0.0001,500,128,256,0.1,4,2,32,0.0001,"{'model__batch_size': 128, 'model__callbacks__early_stopping__patience': 10, 'model__lr': 0.0001, 'model__max_epochs': 500, 'model__module__d_model': 128, 'model__module__dim_feedforward': 256, 'model__module__dropout': 0.1, 'model__module__nhead': 4, 'model__module__num_layers': 2, 'model__module__patch_size': 32, 'model__optimizer__weight_decay': 0.0001}",0.7992831541218638,0.888030888030888,0.8959627329192547,0.8376600899965385,0.832967032967033,0.8507807796071155,0.03625042614512699,80,0.933531746031746,0.8960043787629994,0.9149710504549214,0.9207523897625656,0.9126418786692759,0.9155802887363016,0.012175607782319325
226,4.749962854385376,0.738264285110326,0.022713518142700194,0.0025449274920668515,128,10,0.0001,500,128,256,0.1,4,3,16,0.0001,"{'model__batch_size': 128, 'model__callbacks__early_stopping__patience': 10, 'model__lr': 0.0001, 'model__max_epochs': 500, 'model__module__d_model': 128, 'model__module__dim_feedforward': 256, 'model__module__dropout': 0.1, 'model__module__nhead': 4, 'model__module__num_layers': 3, 'model__module__patch_size': 16, 'model__optimizer__weight_decay': 0.0001}",0.7723577235772358,0.843454790823212,0.8612836438923395,0.8645552560646901,0.7871148459383753,0.8257532520591706,0.03853662575446466,266,0.905045351473923,0.8923948220064726,0.8830851943755169,0.9054579953145269,0.9171627861283034,0.9006292298597485,0.01176245078697445
227,2.62203164100647,0.48731054649062255,0.020828437805175782,0.0020473994515056004,128,10,0.0001,500,128,256,0.1,4,3,32,0.0001,"{'model__batch_size': 128, 'model__callbacks__early_stopping__patience': 10, 'model__lr': 0.0001, 'model__max_epochs': 500, 'model__module__d_model': 128, 'model__module__dim_feedforward': 256, 'model__module__dropout': 0.1, 'model__module__nhead': 4, 'model__module__num_layers': 3, 'model__module__patch_size': 32, 'model__optimizer__weight_decay': 0.0001}",0.7992831541218638,0.888030888030888,0.9143879376437516,0.8376600899965385,0.7192982456140351,0.8317320630814153,0.06889265243321076,237,0.8955498866213152,0.932029484029484,0.8948617247586319,0.9176483893465026,0.9088640891244222,0.9097907147760711,0.014020274406257052
228,4.344272422790527,0.4753198980317457,0.021031713485717772,0.0023253845078661595,128,10,0.0001,500,128,256,0.25,4,2,16,0.0001,"{'model__batch_size': 128, 'model__callbacks__early_stopping__patience': 10, 'model__lr': 0.0001, 'model__max_epochs': 500, 'model__module__d_model': 128, 'model__module__dim_feedforward': 256, 'model__module__dropout': 0.25, 'model__module__nhead': 4, 'model__module__num_layers': 2, 'model__module__patch_size': 16, 'model__optimizer__weight_decay': 0.0001}",0.8178861788617886,0.8706594456833386,0.8458982877587529,0.8645552560646901,0.7347956131605184,0.8267589563058177,0.04951385647178981,261,0.9066592365561438,0.9074102722772277,0.8867387820512821,0.8767386091127098,0.9550208572637688,0.9065135514522265,0.026949481426046223
229,2.5154113292694094,0.2629337250871339,0.01922473907470703,0.0020781690237417494,128,10,0.0001,500,128,256,0.25,4,2,32,0.0001,"{'model__batch_size': 128, 'model__callbacks__early_stopping__patience': 10, 'model__lr': 0.0001, 'model__max_epochs': 500, 'model__module__d_model': 128, 'model__module__dim_feedforward': 256, 'model__module__dropout': 0.25, 'model__module__nhead': 4, 'model__module__num_layers': 2, 'model__module__patch_size': 32, 'model__optimizer__weight_decay': 0.0001}",0.78125,0.8706594456833386,0.9306418219461698,0.8645552560646901,0.7347956131605184,0.8363804273709434,0.06958867878602014,211,0.9290942763912162,0.9120832118207447,0.9255996691480562,0.8991309223437063,0.9506644386090555,0.9233145036625559,0.01730684383421884
230,4.482041215896606,0.7205580122234342,0.022324132919311523,0.0022913641996646383,128,10,0.0001,500,128,256,0.25,4,3,16,0.0001,"{'model__batch_size': 128, 'model__callbacks__early_stopping__patience': 10, 'model__lr': 0.0001, 'model__max_epochs': 500, 'model__module__d_model': 128, 'model__module__dim_feedforward': 256, 'model__module__dropout': 0.25, 'model__module__nhead': 4, 'model__module__num_layers': 3, 'model__module__patch_size': 16, 'model__optimizer__weight_decay': 0.0001}",0.8095238095238095,0.888030888030888,0.8612836438923395,0.8645552560646901,0.7543859649122806,0.8355559124848015,0.04800569116990755,218,0.8700781039590627,0.9224263633712453,0.9305304306239993,0.9043329362715902,0.90293542074364,0.9060606509939074,0.020852349556616974
231,2.6451889991760256,0.315846847953813,0.020215463638305665,0.002258410112853207,128,10,0.0001,500,128,256,0.25,4,3,32,0.0001,"{'model__batch_size': 128, 'model__callbacks__early_stopping__patience': 10, 'model__lr': 0.0001, 'model__max_epochs': 500, 'model__module__d_model': 128, 'model__module__dim_feedforward': 256, 'model__module__dropout': 0.25, 'model__module__nhead': 4, 'model__module__num_layers': 3, 'model__module__patch_size': 32, 'model__optimizer__weight_decay': 0.0001}",0.78125,0.888030888030888,0.8769997377393128,0.8568376068376069,0.7192982456140351,0.8244832956443686,0.06446097616912251,269,0.9093934055766116,0.8971225247524752,0.8959682642487047,0.8876086171163462,0.9051407588739291,0.8990467141136133,0.0075921120507850565
232,4.145810079574585,0.440751718104215,0.021216821670532227,0.002394971015668884,128,10,0.0001,500,128,384,0.1,4,2,16,0.0001,"{'model__batch_size': 128, 'model__callbacks__early_stopping__patience': 10, 'model__lr': 0.0001, 'model__max_epochs': 500, 'model__module__d_model': 128, 'model__module__dim_feedforward': 384, 'model__module__dropout': 0.1, 'model__module__nhead': 4, 'model__module__num_layers': 2, 'model__module__patch_size': 16, 'model__optimizer__weight_decay': 0.0001}",0.7619047619047619,0.8706594456833386,0.8612836438923395,0.884042921426099,0.7726819541375873,0.8301145454088251,0.051912904916226715,247,0.9007319869477026,0.905360531309298,0.8995784061696658,0.892016806722689,0.9164801204461261,0.9028335703190964,0.00805765453742908
233,2.5311021327972414,0.2072027960681765,0.019597291946411133,0.0022816321441256593,128,10,0.0001,500,128,384,0.1,4,2,32,0.0001,"{'model__batch_size': 128, 'model__callbacks__early_stopping__patience': 10, 'model__lr': 0.0001, 'model__max_epochs': 500, 'model__module__d_model': 128, 'model__module__dim_feedforward': 384, 'model__module__dropout': 0.1, 'model__module__nhead': 4, 'model__module__num_layers': 2, 'model__module__patch_size': 32, 'model__optimizer__weight_decay': 0.0001}",0.78125,0.888030888030888,0.9121426698137949,0.9097035040431267,0.7726819541375873,0.8527618032050794,0.06251251583850412,63,0.9152792413066386,0.9485612623762376,0.9149710504549214,0.8895243435192972,0.9126418786692759,0.9161955552652742,0.0188353932448554
234,4.610151100158691,0.6072638413672622,0.022873401641845703,0.0023453785337354217,128,10,0.0001,500,128,384,0.1,4,3,16,0.0001,"{'model__batch_size': 128, 'model__callbacks__early_stopping__patience': 10, 'model__lr': 0.0001, 'model__max_epochs': 500, 'model__module__d_model': 128, 'model__module__dim_feedforward': 384, 'model__module__dropout': 0.1, 'model__module__nhead': 4, 'model__module__num_layers': 3, 'model__module__patch_size': 16, 'model__optimizer__weight_decay': 0.0001}",0.790610718737017,0.888030888030888,0.9143879376437516,0.8459770114942529,0.7816091954022988,0.8441231502616418,0.05223033881408275,145,0.8903183330664246,0.9027833881547309,0.9158893798069057,0.8885831149982093,0.9269083407014442,0.9048965113455429,0.014754519718002648
235,2.493991184234619,0.324498001384935,0.020687246322631837,0.0024028441689388463,128,10,0.0001,500,128,384,0.1,4,3,32,0.0001,"{'model__batch_size': 128, 'model__callbacks__early_stopping__patience': 10, 'model__lr': 0.0001, 'model__max_epochs': 500, 'model__module__d_model': 128, 'model__module__dim_feedforward': 384, 'model__module__dropout': 0.1, 'model__module__nhead': 4, 'model__module__num_layers': 3, 'model__module__patch_size': 32, 'model__optimizer__weight_decay': 0.0001}",0.837141670128791,0.9056910569105692,0.8898026315789473,0.9097035040431267,0.7894736842105263,0.8663625093743921,0.046347307754478866,10,0.9007319869477026,0.8856048166392994,0.9149710504549214,0.8938813813813814,0.9088640891244222,0.9008106649095454,0.010436600427644702
236,4.197184324264526,0.4545441092251902,0.021076154708862305,0.0020190831245926674,128,10,0.0001,500,128,384,0.25,4,2,16,0.0001,"{'model__batch_size': 128, 'model__callbacks__early_stopping__patience': 10, 'model__lr': 0.0001, 'model__max_epochs': 500, 'model__module__d_model': 128, 'model__module__dim_feedforward': 384, 'model__module__dropout': 0.25, 'model__module__nhead': 4, 'model__module__num_layers': 2, 'model__module__patch_size': 16, 'model__optimizer__weight_decay': 0.0001}",0.790610718737017,0.8706594456833386,0.9306418219461698,0.8645552560646901,0.7726819541375873,0.8458298393137605,0.057549956326690355,131,0.9007319869477026,0.9027833881547309,0.9006490467761297,0.8832348932303498,0.9164801204461261,0.9007758871110078,0.010567473558997578
237,2.694523000717163,0.11350893035756514,0.01941823959350586,0.0018355769822307375,128,10,0.0001,500,128,384,0.25,4,2,32,0.0001,"{'model__batch_size': 128, 'model__callbacks__early_stopping__patience': 10, 'model__lr': 0.0001, 'model__max_epochs': 500, 'model__module__d_model': 128, 'model__module__dim_feedforward': 384, 'model__module__dropout': 0.25, 'model__module__nhead': 4, 'model__module__num_layers': 2, 'model__module__patch_size': 32, 'model__optimizer__weight_decay': 0.0001}",0.78125,0.8535353535353536,0.9121426698137949,0.8278899082568807,0.7320799059929495,0.8213795675197957,0.06148029210561284,275,0.9152792413066386,0.9176980198019802,0.9207197943444729,0.9169281083033864,0.9171627861283034,0.9175575899769562,0.0017755138364714184
238,4.577669477462768,0.4536404589640297,0.02317471504211426,0.0023338968602891795,128,10,0.0001,500,128,384,0.25,4,3,16,0.0001,"{'model__batch_size': 128, 'model__callbacks__early_stopping__patience': 10, 'model__lr': 0.0001, 'model__max_epochs': 500, 'model__module__d_model': 128, 'model__module__dim_feedforward': 384, 'model__module__dropout': 0.25, 'model__module__nhead': 4, 'model__module__num_layers': 3, 'model__module__patch_size': 16, 'model__optimizer__weight_decay': 0.0001}",0.8095238095238095,0.9007868628121793,0.8612836438923395,0.9045584045584045,0.7413206262763785,0.8434946694126222,0.06151613967068947,151,0.8774308032855862,0.9064039408866995,0.8948617247586319,0.8723834988540871,0.8940664802733769,0.8890292896116764,0.012432830180102796
239,2.800268793106079,0.44768805934875083,0.02035999298095703,0.0020291184293827836,128,10,0.0001,500,128,384,0.25,4,3,32,0.0001,"{'model__batch_size': 128, 'model__callbacks__early_stopping__patience': 10, 'model__lr': 0.0001, 'model__max_epochs': 500, 'model__module__d_model': 128, 'model__module__dim_feedforward': 384, 'model__module__dropout': 0.25, 'model__module__nhead': 4, 'model__module__num_layers': 3, 'model__module__patch_size': 32, 'model__optimizer__weight_decay': 0.0001}",0.8095238095238095,0.8679674796747967,0.8734143049932523,0.8278899082568807,0.7192982456140351,0.819618749612555,0.055616696918427654,280,0.8762353375819709,0.9272030651340997,0.8678663239074551,0.9045636665689436,0.9171627861283034,0.8986062358641546,0.022991365595197145
240,3.0383799076080322,0.49229516005719026,0.021606874465942384,0.00295955989660648,128,10,0.0002,500,96,128,0.1,4,2,16,0.0001,"{'model__batch_size': 128, 'model__callbacks__early_stopping__patience': 10, 'model__lr': 0.0002, 'model__max_epochs': 500, 'model__module__d_model': 96, 'model__module__dim_feedforward': 128, 'model__module__dropout': 0.1, 'model__module__nhead': 4, 'model__module__num_layers': 2, 'model__module__patch_size': 16, 'model__optimizer__weight_decay': 0.0001}",0.837141670128791,0.8679674796747967,0.8984848484848484,0.8459770114942529,0.832967032967033,0.8565076085499443,0.024221928341099243,42,0.8964524060414472,0.8891666666666667,0.9375809585492227,0.8668776978417266,0.9506644386090555,0.9081484335416239,0.03122262760693817
241,1.8354623794555665,0.10253793934581,0.01933121681213379,0.0017426833566557178,128,10,0.0002,500,96,128,0.1,4,2,32,0.0001,"{'model__batch_size': 128, 'model__callbacks__early_stopping__patience': 10, 'model__lr': 0.0002, 'model__max_epochs': 500, 'model__module__d_model': 96, 'model__module__dim_feedforward': 128, 'model__module__dropout': 0.1, 'model__module__nhead': 4, 'model__module__num_layers': 2, 'model__module__patch_size': 32, 'model__optimizer__weight_decay': 0.0001}",0.8178861788617886,0.888030888030888,0.9643617021276596,0.884042921426099,0.810568295114656,0.8729779971122182,0.05591079137160085,2,0.919640179910045,0.9006584766584766,0.9305304306239993,0.941617446615175,0.9178215698887005,0.9220536207392792,0.01368273898019295
242,3.610768747329712,0.8056733564236414,0.021820545196533203,0.002014989302940236,128,10,0.0002,500,96,128,0.1,4,3,16,0.0001,"{'model__batch_size': 128, 'model__callbacks__early_stopping__patience': 10, 'model__lr': 0.0002, 'model__max_epochs': 500, 'model__module__d_model': 96, 'model__module__dim_feedforward': 128, 'model__module__dropout': 0.1, 'model__module__nhead': 4, 'model__module__num_layers': 3, 'model__module__patch_size': 16, 'model__optimizer__weight_decay': 0.0001}",0.8291938997821351,0.8855263157894737,0.8769997377393128,0.884042921426099,0.7587301587301587,0.846898606693436,0.04871346832299357,117,0.8649974812962928,0.8995368437791957,0.9312904884318767,0.8723834988540871,0.9557835931773608,0.9047983811077627,0.03453648387614608
243,1.893001651763916,0.08533339224841222,0.02002992630004883,0.002141928038920092,128,10,0.0002,500,96,128,0.1,4,3,32,0.0001,"{'model__batch_size': 128, 'model__callbacks__early_stopping__patience': 10, 'model__lr': 0.0002, 'model__max_epochs': 500, 'model__module__d_model': 96, 'model__module__dim_feedforward': 128, 'model__module__dropout': 0.1, 'model__module__nhead': 4, 'model__module__num_layers': 3, 'model__module__patch_size': 32, 'model__optimizer__weight_decay': 0.0001}",0.8178861788617886,0.9253539253539254,0.8418568056648308,0.8645552560646901,0.7958485958485959,0.8491001523587661,0.04453314408418195,98,0.919640179910045,0.9369070208728653,0.9101491002570694,0.9138996426444312,0.9133271202236719,0.9187846127816165,0.00956423446972969
244,3.113316774368286,0.30379102299633265,0.021129608154296875,0.0024269084394888344,128,10,0.0002,500,96,128,0.25,4,2,16,0.0001,"{'model__batch_size': 128, 'model__callbacks__early_stopping__patience': 10, 'model__lr': 0.0002, 'model__max_epochs': 500, 'model__module__d_model': 96, 'model__module__dim_feedforward': 128, 'model__module__dropout': 0.25, 'model__module__nhead': 4, 'model__module__num_layers': 2, 'model__module__patch_size': 16, 'model__optimizer__weight_decay': 0.0001}",0.837141670128791,0.8679674796747967,0.9143879376437516,0.8711538461538462,0.832967032967033,0.8647235933136436,0.02928364615165115,14,0.8922057254778518,0.9037901429632027,0.9053755522827688,0.8910345359235277,0.9111959894962998,0.9007203892287301,0.00783769589938679
245,1.9197582244873046,0.23339400723594006,0.019103002548217774,0.001918740533693422,128,10,0.0002,500,96,128,0.25,4,2,32,0.0001,"{'model__batch_size': 128, 'model__callbacks__early_stopping__patience': 10, 'model__lr': 0.0002, 'model__max_epochs': 500, 'model__module__d_model': 96, 'model__module__dim_feedforward': 128, 'model__module__dropout': 0.25, 'model__module__nhead': 4, 'model__module__num_layers': 2, 'model__module__patch_size': 32, 'model__optimizer__weight_decay': 0.0001}",0.7723577235772358,0.9076138897738133,0.9095816464237516,0.809116809116809,0.8176486270327913,0.8432637391848802,0.055477592871989806,155,0.9240362811791383,0.9168035030103996,0.9207197943444729,0.9359040767386091,0.9126418786692759,0.9220211067883792,0.007920662924717693
246,3.6774195194244386,0.6093295320544672,0.02189021110534668,0.002356627864386938,128,10,0.0002,500,96,128,0.25,4,3,16,0.0001,"{'model__batch_size': 128, 'model__callbacks__early_stopping__patience': 10, 'model__lr': 0.0002, 'model__max_epochs': 500, 'model__module__d_model': 96, 'model__module__dim_feedforward': 128, 'model__module__dropout': 0.25, 'model__module__nhead': 4, 'model__module__num_layers': 3, 'model__module__patch_size': 16, 'model__optimizer__weight_decay': 0.0001}",0.837141670128791,0.8507078507078507,0.8984848484848484,0.884042921426099,0.7894736842105263,0.8519701949916231,0.0382611167977248,73,0.8762353375819709,0.8802970074251857,0.9006490467761297,0.8956210308669326,0.932587760173967,0.8970780365648372,0.019959140713998107
247,2.0954134941101072,0.16305563643726279,0.019745254516601564,0.0021429871224270436,128,10,0.0002,500,96,128,0.25,4,3,32,0.0001,"{'model__batch_size': 128, 'model__callbacks__early_stopping__patience': 10, 'model__lr': 0.0002, 'model__max_epochs': 500, 'model__module__d_model': 96, 'model__module__dim_feedforward': 128, 'model__module__dropout': 0.25, 'model__module__nhead': 4, 'model__module__num_layers': 3, 'model__module__patch_size': 32, 'model__optimizer__weight_decay': 0.0001}",0.8095238095238095,0.9034299034299034,0.9095816464237516,0.8899835796387521,0.8258212375859435,0.867668035320432,0.04163064015540059,7,0.8882989326422992,0.8856048166392994,0.918932559459971,0.8991309223437063,0.9269083407014442,0.9037751143573439,0.016468969258733382
248,2.8817904472351072,0.2899167073195636,0.021206188201904296,0.0024421445626113844,128,10,0.0002,500,96,256,0.1,4,2,16,0.0001,"{'model__batch_size': 128, 'model__callbacks__early_stopping__patience': 10, 'model__lr': 0.0002, 'model__max_epochs': 500, 'model__module__d_model': 96, 'model__module__dim_feedforward': 256, 'model__module__dropout': 0.1, 'model__module__nhead': 4, 'model__module__num_layers': 2, 'model__module__patch_size': 16, 'model__optimizer__weight_decay': 0.0001}",0.837141670128791,0.9056910569105692,0.8984848484848484,0.8645552560646901,0.7452107279693487,0.8502167119116495,0.05798279605374523,86,0.9137770787159505,0.8913969087197433,0.9101491002570694,0.8929653187944874,0.9126418786692759,0.9041860570313054,0.009884470467912326
249,1.913311243057251,0.26604579692099994,0.01922297477722168,0.001973841927114184,128,10,0.0002,500,96,256,0.1,4,2,32,0.0001,"{'model__batch_size': 128, 'model__callbacks__early_stopping__patience': 10, 'model__lr': 0.0002, 'model__max_epochs': 500, 'model__module__d_model': 96, 'model__module__dim_feedforward': 256, 'model__module__dropout': 0.1, 'model__module__nhead': 4, 'model__module__num_layers': 2, 'model__module__patch_size': 32, 'model__optimizer__weight_decay': 0.0001}",0.8178861788617886,0.8535353535353536,0.9143879376437516,0.8899835796387521,0.7484084542908073,0.8448403007940906,0.05826837747452169,140,0.9109525558295297,0.9215724815724815,0.9149710504549214,0.9405642923219242,0.9550208572637688,0.9286162474885252,0.01665995940039326
250,3.5456887245178224,0.6089138860406923,0.0228302001953125,0.002434623231589244,128,10,0.0002,500,96,256,0.1,4,3,16,0.0001,"{'model__batch_size': 128, 'model__callbacks__early_stopping__patience': 10, 'model__lr': 0.0002, 'model__max_epochs': 500, 'model__module__d_model': 96, 'model__module__dim_feedforward': 256, 'model__module__dropout': 0.1, 'model__module__nhead': 4, 'model__module__num_layers': 3, 'model__module__patch_size': 16, 'model__optimizer__weight_decay': 0.0001}",0.8095238095238095,0.9056910569105692,0.8612836438923395,0.8899835796387521,0.7678025851938896,0.846856935031872,0.05132805040002412,120,0.867625267548433,0.9027833881547309,0.8724565756823821,0.876643036479102,0.9510732323232323,0.8941163000375759,0.030969158699231926
251,1.9496730327606202,0.44470191460809905,0.019696426391601563,0.002140486914087278,128,10,0.0002,500,96,256,0.1,4,3,32,0.0001,"{'model__batch_size': 128, 'model__callbacks__early_stopping__patience': 10, 'model__lr': 0.0002, 'model__max_epochs': 500, 'model__module__d_model': 96, 'model__module__dim_feedforward': 256, 'model__module__dropout': 0.1, 'model__module__nhead': 4, 'model__module__num_layers': 3, 'model__module__patch_size': 32, 'model__optimizer__weight_decay': 0.0001}",0.8291938997821351,0.9076138897738133,0.8769997377393128,0.9097035040431267,0.7726819541375873,0.859238597095195,0.05214800124397806,29,0.8926516641176898,0.9074102722772277,0.8959682642487047,0.907154944574373,0.941761252446184,0.9089892795328357,0.017414504148950804
252,2.7162448883056642,0.36040444465771904,0.021378231048583985,0.002684885039652154,128,10,0.0002,500,96,256,0.25,4,2,16,0.0001,"{'model__batch_size': 128, 'model__callbacks__early_stopping__patience': 10, 'model__lr': 0.0002, 'model__max_epochs': 500, 'model__module__d_model': 96, 'model__module__dim_feedforward': 256, 'model__module__dropout': 0.25, 'model__module__nhead': 4, 'model__module__num_layers': 2, 'model__module__patch_size': 16, 'model__optimizer__weight_decay': 0.0001}",0.7619047619047619,0.8825910931174089,0.8801431127012522,0.884042921426099,0.7958485958485959,0.8409060969996236,0.05178678843267979,179,0.8536159056150316,0.8936425429828069,0.9026767384848424,0.8964604316546763,0.9119318181818181,0.891665487383835,0.02003318610209304
253,2.0053456306457518,0.29122382526432766,0.020134878158569337,0.0021403817007405934,128,10,0.0002,500,96,256,0.25,4,2,32,0.0001,"{'model__batch_size': 128, 'model__callbacks__early_stopping__patience': 10, 'model__lr': 0.0002, 'model__max_epochs': 500, 'model__module__d_model': 96, 'model__module__dim_feedforward': 256, 'model__module__dropout': 0.25, 'model__module__nhead': 4, 'model__module__num_layers': 2, 'model__module__patch_size': 32, 'model__optimizer__weight_decay': 0.0001}",0.8178861788617886,0.888030888030888,0.9306418219461698,0.8899835796387521,0.808242220353238,0.8669569377661673,0.04665931741686828,8,0.9023984183965454,0.9735623273103147,0.8948617247586319,0.9452651551820945,0.9074172315551625,0.9247009714405499,0.02998943123714927
254,3.3071075916290282,0.4171001337235573,0.023432397842407228,0.0031959786003459573,128,10,0.0002,500,96,256,0.25,4,3,16,0.0001,"{'model__batch_size': 128, 'model__callbacks__early_stopping__patience': 10, 'model__lr': 0.0002, 'model__max_epochs': 500, 'model__module__d_model': 96, 'model__module__dim_feedforward': 256, 'model__module__dropout': 0.25, 'model__module__nhead': 4, 'model__module__num_layers': 3, 'model__module__patch_size': 16, 'model__optimizer__weight_decay': 0.0001}",0.8095238095238095,0.8567901234567901,0.8418568056648308,0.8899835796387521,0.7543859649122806,0.8305080566392926,0.04602562428170329,246,0.8817647058823529,0.8723710515793682,0.8843478972344951,0.876643036479102,0.90293542074364,0.8836124223837917,0.01050974788081462
255,2.097319793701172,0.26860480943729836,0.020387887954711914,0.0020389884233746364,128,10,0.0002,500,96,256,0.25,4,3,32,0.0001,"{'model__batch_size': 128, 'model__callbacks__early_stopping__patience': 10, 'model__lr': 0.0002, 'model__max_epochs': 500, 'model__module__d_model': 96, 'model__module__dim_feedforward': 256, 'model__module__dropout': 0.25, 'model__module__nhead': 4, 'model__module__num_layers': 3, 'model__module__patch_size': 32, 'model__optimizer__weight_decay': 0.0001}",0.8095238095238095,0.8901515151515151,0.9306418219461698,0.8568376068376069,0.7871148459383753,0.8548539198794953,0.052224634778736595,50,0.8882989326422992,0.9389207807118255,0.9063714378238341,0.9026957443586249,0.9229574401988194,0.9118488671470807,0.017462360683790944
256,2.9118364334106444,0.6238425182373464,0.02076888084411621,0.002137258215381928,128,10,0.0002,500,96,384,0.1,4,2,16,0.0001,"{'model__batch_size': 128, 'model__callbacks__early_stopping__patience': 10, 'model__lr': 0.0002, 'model__max_epochs': 500, 'model__module__d_model': 96, 'model__module__dim_feedforward': 384, 'model__module__dropout': 0.1, 'model__module__nhead': 4, 'model__module__num_layers': 2, 'model__module__patch_size': 16, 'model__optimizer__weight_decay': 0.0001}",0.8095238095238095,0.8791666666666667,0.8984848484848484,0.9097035040431267,0.7347956131605184,0.846334888375794,0.06574068892019176,125,0.8743145743145744,0.8923948220064726,0.9424810270809172,0.8832348932303498,0.9126418786692759,0.9010134390603179,0.02432269760715678
257,1.9191173553466796,0.2483775421876598,0.019974803924560545,0.0025060021521822115,128,10,0.0002,500,96,384,0.1,4,2,32,0.0001,"{'model__batch_size': 128, 'model__callbacks__early_stopping__patience': 10, 'model__lr': 0.0002, 'model__max_epochs': 500, 'model__module__d_model': 96, 'model__module__dim_feedforward': 384, 'model__module__dropout': 0.1, 'model__module__nhead': 4, 'model__module__num_layers': 2, 'model__module__patch_size': 32, 'model__optimizer__weight_decay': 0.0001}",0.8178861788617886,0.9076138897738133,0.9095816464237516,0.8376600899965385,0.7726819541375873,0.8490847518386959,0.05296564092394789,99,0.9159933129005294,0.9185610409491006,0.9070524412296563,0.9161822541966427,0.9361318568117435,0.9187841812175346,0.009520339630805197
258,3.569281244277954,0.8012027731808236,0.02230205535888672,0.001969877223337508,128,10,0.0002,500,96,384,0.1,4,3,16,0.0001,"{'model__batch_size': 128, 'model__callbacks__early_stopping__patience': 10, 'model__lr': 0.0002, 'model__max_epochs': 500, 'model__module__d_model': 96, 'model__module__dim_feedforward': 384, 'model__module__dropout': 0.1, 'model__module__nhead': 4, 'model__module__num_layers': 3, 'model__module__patch_size': 16, 'model__optimizer__weight_decay': 0.0001}",0.8095238095238095,0.8679674796747967,0.8612836438923395,0.9045584045584045,0.8392479435957697,0.856516256249024,0.03152266228662096,41,0.867625267548433,0.8913969087197433,0.9207197943444729,0.8809060408904706,0.9133271202236719,0.8947950263453583,0.0197897903615437
259,2.2862802028656004,0.5412311333088337,0.021026229858398436,0.0026120862135888844,128,10,0.0002,500,96,384,0.1,4,3,32,0.0001,"{'model__batch_size': 128, 'model__callbacks__early_stopping__patience': 10, 'model__lr': 0.0002, 'model__max_epochs': 500, 'model__module__d_model': 96, 'model__module__dim_feedforward': 384, 'model__module__dropout': 0.1, 'model__module__nhead': 4, 'model__module__num_layers': 3, 'model__module__patch_size': 32, 'model__optimizer__weight_decay': 0.0001}",0.8095238095238095,0.8729264475743349,0.8734143049932523,0.9097035040431267,0.7413206262763785,0.8413777384821804,0.05952507265302327,174,0.9152792413066386,0.9637989695732478,0.8925225828036133,0.8982715397809737,0.9366538952745849,0.9213052457478117,0.02621680237214016
260,2.5849788188934326,0.17950180114470807,0.02113485336303711,0.0025632204049495155,128,10,0.0002,500,96,384,0.25,4,2,16,0.0001,"{'model__batch_size': 128, 'model__callbacks__early_stopping__patience': 10, 'model__lr': 0.0002, 'model__max_epochs': 500, 'model__module__d_model': 96, 'model__module__dim_feedforward': 384, 'model__module__dropout': 0.25, 'model__module__nhead': 4, 'model__module__num_layers': 2, 'model__module__patch_size': 16, 'model__optimizer__weight_decay': 0.0001}",0.7803921568627451,0.9034299034299034,0.8984848484848484,0.884042921426099,0.7816091954022988,0.8495918051211788,0.05636696989691252,95,0.8476695718075029,0.8902014742014741,0.8855650906735751,0.8885831149982093,0.8992708353480456,0.8822580174057615,0.017887641780061612
261,1.8405608654022216,0.17498692639407085,0.019883489608764647,0.0016958414615714176,128,10,0.0002,500,96,384,0.25,4,2,32,0.0001,"{'model__batch_size': 128, 'model__callbacks__early_stopping__patience': 10, 'model__lr': 0.0002, 'model__max_epochs': 500, 'model__module__d_model': 96, 'model__module__dim_feedforward': 384, 'model__module__dropout': 0.25, 'model__module__nhead': 4, 'model__module__num_layers': 2, 'model__module__patch_size': 32, 'model__optimizer__weight_decay': 0.0001}",0.8178861788617886,0.9076138897738133,0.9121426698137949,0.809116809116809,0.7958485958485959,0.8485216286829603,0.05060682004267286,105,0.9246926589392344,0.9168035030103996,0.9101491002570694,0.9253615752483106,0.8956548347613219,0.9145323344432672,0.01096572471941728
262,3.2986082077026366,0.31535760550883385,0.022522783279418944,0.0026109003760727404,128,10,0.0002,500,96,384,0.25,4,3,16,0.0001,"{'model__batch_size': 128, 'model__callbacks__early_stopping__patience': 10, 'model__lr': 0.0002, 'model__max_epochs': 500, 'model__module__d_model': 96, 'model__module__dim_feedforward': 384, 'model__module__dropout': 0.25, 'model__module__nhead': 4, 'model__module__num_layers': 3, 'model__module__patch_size': 16, 'model__optimizer__weight_decay': 0.0001}",0.7803921568627451,0.8855263157894737,0.8984848484848484,0.8645552560646901,0.7320799059929495,0.8322076966389413,0.06479556347107947,234,0.8492349234923493,0.8868347772277227,0.8995784061696658,0.8671540392851869,0.9223483365949119,0.8850300965539674,0.025331439211974956
263,2.2601343631744384,0.3953108086130966,0.020959091186523438,0.002728706953558856,128,10,0.0002,500,96,384,0.25,4,3,32,0.0001,"{'model__batch_size': 128, 'model__callbacks__early_stopping__patience': 10, 'model__lr': 0.0002, 'model__max_epochs': 500, 'model__module__d_model': 96, 'model__module__dim_feedforward': 384, 'model__module__dropout': 0.25, 'model__module__nhead': 4, 'model__module__num_layers': 3, 'model__module__patch_size': 32, 'model__optimizer__weight_decay': 0.0001}",0.8291938997821351,0.888030888030888,0.8769997377393128,0.884042921426099,0.8020833333333333,0.8560701560623537,0.03428971145765683,44,0.8357843137254901,0.919768353743138,0.9043424317617866,0.8938813813813814,0.9361318568117435,0.8979816674847079,0.034222446221095604
264,2.828100299835205,0.34632675878457647,0.021296072006225585,0.0018667000055198415,128,10,0.0002,500,128,128,0.1,4,2,16,0.0001,"{'model__batch_size': 128, 'model__callbacks__early_stopping__patience': 10, 'model__lr': 0.0002, 'model__max_epochs': 500, 'model__module__d_model': 128, 'model__module__dim_feedforward': 128, 'model__module__dropout': 0.1, 'model__module__nhead': 4, 'model__module__num_layers': 2, 'model__module__patch_size': 16, 'model__optimizer__weight_decay': 0.0001}",0.7619047619047619,0.8507078507078507,0.8984848484848484,0.8459770114942529,0.7871148459383753,0.8288378637060179,0.04866949668021289,254,0.9189309418317052,0.9168035030103996,0.9215650369285235,0.8964604316546763,0.9601926163723916,0.9227905059595394,0.020709576964055322
265,1.9193102359771728,0.16031138997645886,0.02029428482055664,0.0024239242602688907,128,10,0.0002,500,128,128,0.1,4,2,32,0.0001,"{'model__batch_size': 128, 'model__callbacks__early_stopping__patience': 10, 'model__lr': 0.0002, 'model__max_epochs': 500, 'model__module__d_model': 128, 'model__module__dim_feedforward': 128, 'model__module__dropout': 0.1, 'model__module__nhead': 4, 'model__module__num_layers': 2, 'model__module__patch_size': 32, 'model__optimizer__weight_decay': 0.0001}",0.837141670128791,0.8366197183098592,0.9121426698137949,0.884042921426099,0.7816091954022988,0.8503112350161686,0.04481477058591001,85,0.9425180524773004,0.9272030651340997,0.936228287841191,0.9026957443586249,0.9119318181818181,0.9241153935986068,0.014846916580550443
266,3.5854748725891112,0.6499915784168334,0.02256431579589844,0.0026839521533710063,128,10,0.0002,500,128,128,0.1,4,3,16,0.0001,"{'model__batch_size': 128, 'model__callbacks__early_stopping__patience': 10, 'model__lr': 0.0002, 'model__max_epochs': 500, 'model__module__d_model': 128, 'model__module__dim_feedforward': 128, 'model__module__dropout': 0.1, 'model__module__nhead': 4, 'model__module__num_layers': 3, 'model__module__patch_size': 16, 'model__optimizer__weight_decay': 0.0001}",0.8095238095238095,0.9056910569105692,0.8801431127012522,0.884042921426099,0.8035252643948296,0.8565852329913121,0.041834000859698385,40,0.8893257922614238,0.905360531309298,0.936228287841191,0.9267012720323997,0.9274896204900298,0.9170211007868685,0.017176790442447857
267,1.5955751895904542,0.2652871549962133,0.02003941535949707,0.0016665708529082506,128,10,0.0002,500,128,128,0.1,4,3,32,0.0001,"{'model__batch_size': 128, 'model__callbacks__early_stopping__patience': 10, 'model__lr': 0.0002, 'model__max_epochs': 500, 'model__module__d_model': 128, 'model__module__dim_feedforward': 128, 'model__module__dropout': 0.1, 'model__module__nhead': 4, 'model__module__num_layers': 3, 'model__module__patch_size': 32, 'model__optimizer__weight_decay': 0.0001}",0.8095238095238095,0.8473684210526315,0.8612836438923395,0.9339901477832513,0.7625,0.8429332044504063,0.05697975912666503,156,0.8936507936507936,0.9090708009088899,0.8948617247586319,0.876643036479102,0.9459577249945522,0.904036816158394,0.02334598265637013
268,2.7955265998840333,0.31906380763381476,0.020842313766479492,0.0016431652661701237,128,10,0.0002,500,128,128,0.25,4,2,16,0.0001,"{'model__batch_size': 128, 'model__callbacks__early_stopping__patience': 10, 'model__lr': 0.0002, 'model__max_epochs': 500, 'model__module__d_model': 128, 'model__module__dim_feedforward': 128, 'model__module__dropout': 0.25, 'model__module__nhead': 4, 'model__module__num_layers': 2, 'model__module__patch_size': 16, 'model__optimizer__weight_decay': 0.0001}",0.790610718737017,0.833705001592864,0.8801431127012522,0.8459770114942529,0.7871148459383753,0.8275101380927523,0.035051329618657666,259,0.9137770787159505,0.9064039408866995,0.9111070418523266,0.8876086171163462,0.9601926163723916,0.9158178589887429,0.023999411893292792
269,2.015919494628906,0.10881956830916152,0.019095849990844727,0.0018345783237244113,128,10,0.0002,500,128,128,0.25,4,2,32,0.0001,"{'model__batch_size': 128, 'model__callbacks__early_stopping__patience': 10, 'model__lr': 0.0002, 'model__max_epochs': 500, 'model__module__d_model': 128, 'model__module__dim_feedforward': 128, 'model__module__dropout': 0.25, 'model__module__nhead': 4, 'model__module__num_layers': 2, 'model__module__patch_size': 32, 'model__optimizer__weight_decay': 0.0001}",0.8178861788617886,0.8366197183098592,0.8612836438923395,0.8376600899965385,0.7452107279693487,0.819732071805975,0.039723991721647874,279,0.9374450130173265,0.9369070208728653,0.9140180662428905,0.9214667685255921,0.9361318568117435,0.9291937450940836,0.00965114330296648
270,3.4302735805511473,0.4104547443949398,0.022400951385498045,0.00249439371700643,128,10,0.0002,500,128,128,0.25,4,3,16,0.0001,"{'model__batch_size': 128, 'model__callbacks__early_stopping__patience': 10, 'model__lr': 0.0002, 'model__max_epochs': 500, 'model__module__d_model': 128, 'model__module__dim_feedforward': 128, 'model__module__dropout': 0.25, 'model__module__nhead': 4, 'model__module__num_layers': 3, 'model__module__patch_size': 16, 'model__optimizer__weight_decay': 0.0001}",0.7619047619047619,0.888030888030888,0.9143879376437516,0.8711538461538462,0.7678025851938896,0.8406560037854275,0.06343543933024966,181,0.8850361049546007,0.9215724815724815,0.8901910516999328,0.9026957443586249,0.9514677103718199,0.9101926185914919,0.02417540263443248
271,1.8160311698913574,0.22822024075342848,0.01987767219543457,0.0020447785816125425,128,10,0.0002,500,128,128,0.25,4,3,32,0.0001,"{'model__batch_size': 128, 'model__callbacks__early_stopping__patience': 10, 'model__lr': 0.0002, 'model__max_epochs': 500, 'model__module__d_model': 128, 'model__module__dim_feedforward': 128, 'model__module__dropout': 0.25, 'model__module__nhead': 4, 'model__module__num_layers': 3, 'model__module__patch_size': 32, 'model__optimizer__weight_decay': 0.0001}",0.837141670128791,0.888030888030888,0.8418568056648308,0.884042921426099,0.8258212375859435,0.8553787045673105,0.025600302507829888,48,0.8916176470588235,0.9149140343862454,0.8937138130686517,0.8778354533873329,0.9402889245585875,0.9036739744919282,0.021813677060213223
272,2.5540940284729006,0.2889242598888527,0.021983861923217773,0.0017852461233251614,128,10,0.0002,500,128,256,0.1,4,2,16,0.0001,"{'model__batch_size': 128, 'model__callbacks__early_stopping__patience': 10, 'model__lr': 0.0002, 'model__max_epochs': 500, 'model__module__d_model': 128, 'model__module__dim_feedforward': 256, 'model__module__dropout': 0.1, 'model__module__nhead': 4, 'model__module__num_layers': 2, 'model__module__patch_size': 16, 'model__optimizer__weight_decay': 0.0001}",0.7619047619047619,0.888030888030888,0.8612836438923395,0.9097035040431267,0.7366035723806985,0.8315052740503628,0.06935044886812197,239,0.8731337848663608,0.9263915243516762,0.8948617247586319,0.8778354533873329,0.9263059886289349,0.8997056951985872,0.02292399194459038
273,1.5256585597991943,0.0655403932246335,0.019786310195922852,0.002076115635326709,128,10,0.0002,500,128,256,0.1,4,2,32,0.0001,"{'model__batch_size': 128, 'model__callbacks__early_stopping__patience': 10, 'model__lr': 0.0002, 'model__max_epochs': 500, 'model__module__d_model': 128, 'model__module__dim_feedforward': 256, 'model__module__dropout': 0.1, 'model__module__nhead': 4, 'model__module__num_layers': 2, 'model__module__patch_size': 32, 'model__optimizer__weight_decay': 0.0001}",0.7992831541218638,0.8706594456833386,0.8769997377393128,0.8899835796387521,0.7347956131605184,0.8343443060687573,0.058946128991150364,226,0.9189309418317052,0.9083811710677383,0.8961174343154983,0.9026957443586249,0.9407973263308665,0.9133845235808866,0.015618325258197766
274,3.378387689590454,0.46054186193832963,0.023106193542480467,0.0029817746504554234,128,10,0.0002,500,128,256,0.1,4,3,16,0.0001,"{'model__batch_size': 128, 'model__callbacks__early_stopping__patience': 10, 'model__lr': 0.0002, 'model__max_epochs': 500, 'model__module__d_model': 128, 'model__module__dim_feedforward': 256, 'model__module__dropout': 0.1, 'model__module__nhead': 4, 'model__module__num_layers': 3, 'model__module__patch_size': 16, 'model__optimizer__weight_decay': 0.0001}",0.8095238095238095,0.9056910569105692,0.8984848484848484,0.884042921426099,0.7543859649122806,0.8504257202515214,0.058975680350795825,84,0.8882989326422992,0.9120832118207447,0.8959682642487047,0.878894690215445,0.9274896204900298,0.9005469438834448,0.017313529253808548
275,1.8505140781402587,0.21566966754112332,0.02140188217163086,0.0028535496221537156,128,10,0.0002,500,128,256,0.1,4,3,32,0.0001,"{'model__batch_size': 128, 'model__callbacks__early_stopping__patience': 10, 'model__lr': 0.0002, 'model__max_epochs': 500, 'model__module__d_model': 128, 'model__module__dim_feedforward': 256, 'model__module__dropout': 0.1, 'model__module__nhead': 4, 'model__module__num_layers': 3, 'model__module__patch_size': 32, 'model__optimizer__weight_decay': 0.0001}",0.78125,0.8706594456833386,0.8801431127012522,0.884042921426099,0.7285714285714285,0.8289333816764236,0.06284391595009693,252,0.9137770787159505,0.9168035030103996,0.9073317307692308,0.8851995235259082,0.9468257216926885,0.9139875115428355,0.019795806664720524
276,2.754429292678833,0.17242109154652807,0.021159553527832033,0.002063283549994359,128,10,0.0002,500,128,256,0.25,4,2,16,0.0001,"{'model__batch_size': 128, 'model__callbacks__early_stopping__patience': 10, 'model__lr': 0.0002, 'model__max_epochs': 500, 'model__module__d_model': 128, 'model__module__dim_feedforward': 256, 'model__module__dropout': 0.25, 'model__module__nhead': 4, 'model__module__num_layers': 2, 'model__module__patch_size': 16, 'model__optimizer__weight_decay': 0.0001}",0.790610718737017,0.8706594456833386,0.9143879376437516,0.884042921426099,0.7871148459383753,0.8493631738857162,0.0514026094706695,96,0.8955498866213152,0.8948450347881087,0.8764423076923077,0.878894690215445,0.9171627861283034,0.8925789410890961,0.014601210869480942
277,1.5619239330291748,0.10510328645404009,0.020095109939575195,0.003150679593293177,128,10,0.0002,500,128,256,0.25,4,2,32,0.0001,"{'model__batch_size': 128, 'model__callbacks__early_stopping__patience': 10, 'model__lr': 0.0002, 'model__max_epochs': 500, 'model__module__d_model': 128, 'model__module__dim_feedforward': 256, 'model__module__dropout': 0.25, 'model__module__nhead': 4, 'model__module__num_layers': 2, 'model__module__patch_size': 32, 'model__optimizer__weight_decay': 0.0001}",0.7992831541218638,0.8706594456833386,0.9143879376437516,0.9045584045584045,0.7216117216117216,0.842100132723816,0.07251613294480488,167,0.9145408163265306,0.9037901429632027,0.8937138130686517,0.8811285846438484,0.9223483365949119,0.9031043387194291,0.01464725599515766
278,3.4680301189422607,0.5894766665727068,0.022545814514160156,0.002381491574069892,128,10,0.0002,500,128,256,0.25,4,3,16,0.0001,"{'model__batch_size': 128, 'model__callbacks__early_stopping__patience': 10, 'model__lr': 0.0002, 'model__max_epochs': 500, 'model__module__d_model': 128, 'model__module__dim_feedforward': 256, 'model__module__dropout': 0.25, 'model__module__nhead': 4, 'model__module__num_layers': 3, 'model__module__patch_size': 16, 'model__optimizer__weight_decay': 0.0001}",0.8095238095238095,0.8825910931174089,0.8612836438923395,0.884042921426099,0.7543859649122806,0.8383654865743875,0.04990386088724398,203,0.8922057254778518,0.9006584766584766,0.9297415515319749,0.892016806722689,0.9229574401988194,0.9075160001179624,0.01583709784578417
279,1.8741450786590577,0.1873972303041751,0.02101888656616211,0.0025397246028289345,128,10,0.0002,500,128,256,0.25,4,3,32,0.0001,"{'model__batch_size': 128, 'model__callbacks__early_stopping__patience': 10, 'model__lr': 0.0002, 'model__max_epochs': 500, 'model__module__d_model': 128, 'model__module__dim_feedforward': 256, 'model__module__dropout': 0.25, 'model__module__nhead': 4, 'model__module__num_layers': 3, 'model__module__patch_size': 32, 'model__optimizer__weight_decay': 0.0001}",0.7637130801687764,0.8679674796747967,0.8984848484848484,0.9339901477832513,0.7678025851938896,0.8463916282611125,0.06908646985460051,123,0.9116938071206839,0.9312620510068181,0.8788688138256089,0.9131756756756757,0.9178215698887005,0.9105643835034973,0.017284465719419967
280,2.586756372451782,0.2454614386061924,0.021149635314941406,0.002129367801158206,128,10,0.0002,500,128,384,0.1,4,2,16,0.0001,"{'model__batch_size': 128, 'model__callbacks__early_stopping__patience': 10, 'model__lr': 0.0002, 'model__max_epochs': 500, 'model__module__d_model': 128, 'model__module__dim_feedforward': 384, 'model__module__dropout': 0.1, 'model__module__nhead': 4, 'model__module__num_layers': 2, 'model__module__patch_size': 16, 'model__optimizer__weight_decay': 0.0001}",0.790610718737017,0.8825910931174089,0.8612836438923395,0.8645552560646901,0.810568295114656,0.8419218013852223,0.03509135239338896,169,0.8785857963503253,0.913016715717391,0.8995784061696658,0.8680622896583194,0.9095498608311738,0.8937586137453751,0.017576253407604603
281,1.4955695152282715,0.10426995983473329,0.01972341537475586,0.002188728862887593,128,10,0.0002,500,128,384,0.1,4,2,32,0.0001,"{'model__batch_size': 128, 'model__callbacks__early_stopping__patience': 10, 'model__lr': 0.0002, 'model__max_epochs': 500, 'model__module__d_model': 128, 'model__module__dim_feedforward': 384, 'model__module__dropout': 0.1, 'model__module__nhead': 4, 'model__module__num_layers': 2, 'model__module__patch_size': 32, 'model__optimizer__weight_decay': 0.0001}",0.7803921568627451,0.8507078507078507,0.9121426698137949,0.8278899082568807,0.7216117216117216,0.8185488614505985,0.06439565186339624,283,0.8970418747598924,0.9480021893814997,0.8877799263926143,0.8964604316546763,0.9407973263308665,0.9140163497039099,0.025127478878830718
282,3.265992593765259,0.6309431312788726,0.022902297973632812,0.002556509691811807,128,10,0.0002,500,128,384,0.1,4,3,16,0.0001,"{'model__batch_size': 128, 'model__callbacks__early_stopping__patience': 10, 'model__lr': 0.0002, 'model__max_epochs': 500, 'model__module__d_model': 128, 'model__module__dim_feedforward': 384, 'model__module__dropout': 0.1, 'model__module__nhead': 4, 'model__module__num_layers': 3, 'model__module__patch_size': 16, 'model__optimizer__weight_decay': 0.0001}",0.8095238095238095,0.888030888030888,0.8612836438923395,0.9141025641025642,0.7678025851938896,0.8481486981486981,0.0530290640912696,108,0.8754557803674841,0.9042782886845262,0.9091551785083068,0.8861320336730173,0.9126418786692759,0.8975326319805221,0.014326463810540249
283,1.9046630382537841,0.39620246694270594,0.020416736602783203,0.001873489189580577,128,10,0.0002,500,128,384,0.1,4,3,32,0.0001,"{'model__batch_size': 128, 'model__callbacks__early_stopping__patience': 10, 'model__lr': 0.0002, 'model__max_epochs': 500, 'model__module__d_model': 128, 'model__module__dim_feedforward': 384, 'model__module__dropout': 0.1, 'model__module__nhead': 4, 'model__module__num_layers': 3, 'model__module__patch_size': 32, 'model__optimizer__weight_decay': 0.0001}",0.8291938997821351,0.888030888030888,0.8801431127012522,0.9097035040431267,0.7495056031641398,0.8513154015443083,0.05734602039955575,78,0.8882989326422992,0.9232500432800508,0.9006490467761297,0.862958536361129,0.9229574401988194,0.8996227998516855,0.02269935435550546
284,2.5546337604522704,0.3241004401531915,0.02126922607421875,0.0024444932652682863,128,10,0.0002,500,128,384,0.25,4,2,16,0.0001,"{'model__batch_size': 128, 'model__callbacks__early_stopping__patience': 10, 'model__lr': 0.0002, 'model__max_epochs': 500, 'model__module__d_model': 128, 'model__module__dim_feedforward': 384, 'model__module__dropout': 0.25, 'model__module__nhead': 4, 'model__module__num_layers': 2, 'model__module__patch_size': 16, 'model__optimizer__weight_decay': 0.0001}",0.7619047619047619,0.8706594456833386,0.8984848484848484,0.8459770114942529,0.7726819541375873,0.8299416043409578,0.05389050505241965,249,0.8719117647058824,0.9176980198019802,0.8878708551483421,0.8778354533873329,0.9171627861283034,0.8944957758343681,0.019409435631078227
285,1.5006339073181152,0.16006668639736935,0.020372962951660155,0.002556608270900901,128,10,0.0002,500,128,384,0.25,4,2,32,0.0001,"{'model__batch_size': 128, 'model__callbacks__early_stopping__patience': 10, 'model__lr': 0.0002, 'model__max_epochs': 500, 'model__module__d_model': 128, 'model__module__dim_feedforward': 384, 'model__module__dropout': 0.25, 'model__module__nhead': 4, 'model__module__num_layers': 2, 'model__module__patch_size': 32, 'model__optimizer__weight_decay': 0.0001}",0.7619047619047619,0.8706594456833386,0.8734143049932523,0.9097035040431267,0.7958485958485959,0.8423061224946151,0.054656596236087686,166,0.8564329915950863,0.9215724815724815,0.877092300334768,0.8809060408904706,0.9274896204900298,0.8926986869765672,0.02735665014702218
286,2.9009525299072267,0.3387317374045945,0.022954750061035156,0.0027067077881261403,128,10,0.0002,500,128,384,0.25,4,3,16,0.0001,"{'model__batch_size': 128, 'model__callbacks__early_stopping__patience': 10, 'model__lr': 0.0002, 'model__max_epochs': 500, 'model__module__d_model': 128, 'model__module__dim_feedforward': 384, 'model__module__dropout': 0.25, 'model__module__nhead': 4, 'model__module__num_layers': 3, 'model__module__patch_size': 16, 'model__optimizer__weight_decay': 0.0001}",0.8095238095238095,0.888030888030888,0.9121426698137949,0.9141025641025642,0.7587301587301587,0.8565060180402432,0.06192586397897839,43,0.8549972947256479,0.9006584766584766,0.8738340697103584,0.8776190476190476,0.9081535192873711,0.8830524816001804,0.01919181069169452
287,1.879209327697754,0.3695623327674606,0.020927858352661134,0.002109486583161159,128,10,0.0002,500,128,384,0.25,4,3,32,0.0001,"{'model__batch_size': 128, 'model__callbacks__early_stopping__patience': 10, 'model__lr': 0.0002, 'model__max_epochs': 500, 'model__module__d_model': 128, 'model__module__dim_feedforward': 384, 'model__module__dropout': 0.25, 'model__module__nhead': 4, 'model__module__num_layers': 3, 'model__module__patch_size': 32, 'model__optimizer__weight_decay': 0.0001}",0.8178861788617886,0.9056910569105692,0.8959627329192547,0.8376600899965385,0.7367965367965368,0.8387993190969375,0.06096783634345286,198,0.8700781039590627,0.9224263633712453,0.8830851943755169,0.9026957443586249,0.9285919953930319,0.9013754802914964,0.022359256669659565
