,mean_fit_time,std_fit_time,mean_score_time,std_score_time,param_model__batch_size,param_model__callbacks__early_stopping__patience,param_model__lr,param_model__max_epochs,param_model__module__d_model,param_model__module__dim_feedforward,param_model__module__dropout,param_model__module__nhead,param_model__module__num_layers,param_model__module__patch_size,param_model__optimizer__weight_decay,params,split0_test_score,split1_test_score,split2_test_score,split3_test_score,split4_test_score,mean_test_score,std_test_score,rank_test_score,split0_train_score,split1_train_score,split2_train_score,split3_train_score,split4_train_score,mean_train_score,std_train_score
0,12.834599447250366,5.198143277273043,0.058342504501342776,0.006837722142434012,64,10,3e-05,500,96,128,0.1,4,2,16,0.0001,"{'model__batch_size': 64, 'model__callbacks__early_stopping__patience': 10, 'model__lr': 3e-05, 'model__max_epochs': 500, 'model__module__d_model': 96, 'model__module__dim_feedforward': 128, 'model__module__dropout': 0.1, 'model__module__nhead': 4, 'model__module__num_layers': 2, 'model__module__patch_size': 16, 'model__optimizer__weight_decay': 0.0001}",0.957051282051282,0.37254901960784315,0.8154761904761905,0.6042328042328042,0.834428662285351,0.7167475917306941,0.20614279934838234,166,0.8745965375586855,0.4179431072210066,0.9722279792746114,0.9118871537231894,0.8963585434173669,0.8146026642389719,0.2009637303714837
1,8.577405166625976,3.35421115486191,0.046427011489868164,0.005784841286259817,64,10,3e-05,500,96,128,0.1,4,2,32,0.0001,"{'model__batch_size': 64, 'model__callbacks__early_stopping__patience': 10, 'model__lr': 3e-05, 'model__max_epochs': 500, 'model__module__d_model': 96, 'model__module__dim_feedforward': 128, 'model__module__dropout': 0.1, 'model__module__nhead': 4, 'model__module__num_layers': 2, 'model__module__patch_size': 32, 'model__optimizer__weight_decay': 0.0001}",0.9396939693969397,0.564625850340136,0.8064516129032258,0.5576719576719577,0.7936046511627908,0.7324096082950099,0.1489150724770004,81,0.9435864435864436,0.5735937044593413,0.9525226757369615,0.8255932294177514,0.8840718716030437,0.8358735849607083,0.13887301145536657
2,10.41410984992981,5.113507278217511,0.04764180183410645,0.011532609535555823,64,10,3e-05,500,96,128,0.1,4,3,16,0.0001,"{'model__batch_size': 64, 'model__callbacks__early_stopping__patience': 10, 'model__lr': 3e-05, 'model__max_epochs': 500, 'model__module__d_model': 96, 'model__module__dim_feedforward': 128, 'model__module__dropout': 0.1, 'model__module__nhead': 4, 'model__module__num_layers': 3, 'model__module__patch_size': 16, 'model__optimizer__weight_decay': 0.0001}",0.9339901477832513,0.4775510204081632,0.8342878961435662,0.46455026455026455,0.7936046511627908,0.7007967960096071,0.19311313319139947,226,0.877772200843976,0.49967083607636603,0.9290942763912162,0.8113145307603498,0.9083414867706143,0.8052386661685045,0.15788611868687216
3,8.13986177444458,3.5308075210161145,0.046027755737304686,0.0038460614930605976,64,10,3e-05,500,96,128,0.1,4,3,32,0.0001,"{'model__batch_size': 64, 'model__callbacks__early_stopping__patience': 10, 'model__lr': 3e-05, 'model__max_epochs': 500, 'model__module__d_model': 96, 'model__module__dim_feedforward': 128, 'model__module__dropout': 0.1, 'model__module__nhead': 4, 'model__module__num_layers': 3, 'model__module__patch_size': 32, 'model__optimizer__weight_decay': 0.0001}",0.9339901477832513,0.4867834867834868,0.7524500907441016,0.5689404934687954,0.834428662285351,0.7153185762129972,0.16555243785397097,172,0.9259752687970277,0.5940749181028344,0.9480024693535585,0.8444480154266432,0.8924724134163662,0.840994617019286,0.12829935216766572
4,11.020817947387695,4.66646862464395,0.0431981086730957,0.004735640753300891,64,10,3e-05,500,96,128,0.25,4,2,16,0.0001,"{'model__batch_size': 64, 'model__callbacks__early_stopping__patience': 10, 'model__lr': 3e-05, 'model__max_epochs': 500, 'model__module__d_model': 96, 'model__module__dim_feedforward': 128, 'model__module__dropout': 0.25, 'model__module__nhead': 4, 'model__module__num_layers': 2, 'model__module__patch_size': 16, 'model__optimizer__weight_decay': 0.0001}",0.957051282051282,0.45893719806763283,0.8154761904761905,0.5467032967032968,0.8207070707070707,0.7197750076010946,0.18635246613811546,149,0.8831976313841599,0.5043004587155964,0.9439955419336863,0.8457261249136725,0.901228813559322,0.8156897141012873,0.15887233631558725
5,9.680227708816528,3.724213973824268,0.04247651100158691,0.001387048975570913,64,10,3e-05,500,96,128,0.25,4,2,32,0.0001,"{'model__batch_size': 64, 'model__callbacks__early_stopping__patience': 10, 'model__lr': 3e-05, 'model__max_epochs': 500, 'model__module__d_model': 96, 'model__module__dim_feedforward': 128, 'model__module__dropout': 0.25, 'model__module__nhead': 4, 'model__module__num_layers': 2, 'model__module__patch_size': 32, 'model__optimizer__weight_decay': 0.0001}",0.9141025641025642,0.5259259259259259,0.7894021739130435,0.6826923076923077,0.8482905982905983,0.7520827139848879,0.13627989741312552,27,0.8982591876208897,0.5168636655768855,0.9284684780867987,0.9392254431478104,0.8854489164086687,0.8336531381682107,0.15959183843586094
6,10.722437191009522,5.336191848624128,0.04720807075500488,0.005167514701141949,64,10,3e-05,500,96,128,0.25,4,3,16,0.0001,"{'model__batch_size': 64, 'model__callbacks__early_stopping__patience': 10, 'model__lr': 3e-05, 'model__max_epochs': 500, 'model__module__d_model': 96, 'model__module__dim_feedforward': 128, 'model__module__dropout': 0.25, 'model__module__nhead': 4, 'model__module__num_layers': 3, 'model__module__patch_size': 16, 'model__optimizer__weight_decay': 0.0001}",0.9339901477832513,0.4514285714285714,0.805337519623234,0.46455026455026455,0.7774294670846396,0.6865471940939921,0.19399079759858812,268,0.8766254479950463,0.4503984758633644,0.9240362811791383,0.8033966033966033,0.8975581322730395,0.7904029881414385,0.17466899948875944
7,8.718123817443848,3.607044680083139,0.0430511474609375,0.005656188788680381,64,10,3e-05,500,96,128,0.25,4,3,32,0.0001,"{'model__batch_size': 64, 'model__callbacks__early_stopping__patience': 10, 'model__lr': 3e-05, 'model__max_epochs': 500, 'model__module__d_model': 96, 'model__module__dim_feedforward': 128, 'model__module__dropout': 0.25, 'model__module__nhead': 4, 'model__module__num_layers': 3, 'model__module__patch_size': 32, 'model__optimizer__weight_decay': 0.0001}",0.957051282051282,0.39622641509433965,0.6922489499809088,0.5805607476635514,0.8207070707070707,0.6893588930994305,0.19322711890625888,262,0.8641450955633359,0.4489861415025529,0.9066592365561438,0.828125,0.8811537200917732,0.7858138387427611,0.17033626797513596
8,10.303046798706054,5.044449693092241,0.04571566581726074,0.005356254258530631,64,10,3e-05,500,96,256,0.1,4,2,16,0.0001,"{'model__batch_size': 64, 'model__callbacks__early_stopping__patience': 10, 'model__lr': 3e-05, 'model__max_epochs': 500, 'model__module__d_model': 96, 'model__module__dim_feedforward': 256, 'model__module__dropout': 0.1, 'model__module__nhead': 4, 'model__module__num_layers': 2, 'model__module__patch_size': 16, 'model__optimizer__weight_decay': 0.0001}",0.9339901477832513,0.48282828282828283,0.7894021739130435,0.4818691588785047,0.7774294670846396,0.6931038460975444,0.18069105911885552,249,0.8914256995674259,0.5422880383773073,0.9626636946224575,0.8376736111111112,0.901228813559322,0.8270559714475247,0.14781071474488608
9,6.845251369476318,2.7641163372031574,0.04512190818786621,0.0041921519122252865,64,10,3e-05,500,96,256,0.1,4,2,32,0.0001,"{'model__batch_size': 64, 'model__callbacks__early_stopping__patience': 10, 'model__lr': 3e-05, 'model__max_epochs': 500, 'model__module__d_model': 96, 'model__module__dim_feedforward': 256, 'model__module__dropout': 0.1, 'model__module__nhead': 4, 'model__module__num_layers': 2, 'model__module__patch_size': 32, 'model__optimizer__weight_decay': 0.0001}",0.957051282051282,0.3981191222570533,0.7395952653684612,0.531214953271028,0.8367816091954023,0.6925524464286453,0.20282775023800492,253,0.9115867324069924,0.5617559523809524,0.9323232323232323,0.8417582417582418,0.8889174815577285,0.8272683280854295,0.13612753107735442
10,10.129898643493652,4.987350660392766,0.04478263854980469,0.0032962796126867586,64,10,3e-05,500,96,256,0.1,4,3,16,0.0001,"{'model__batch_size': 64, 'model__callbacks__early_stopping__patience': 10, 'model__lr': 3e-05, 'model__max_epochs': 500, 'model__module__d_model': 96, 'model__module__dim_feedforward': 256, 'model__module__dropout': 0.1, 'model__module__nhead': 4, 'model__module__num_layers': 3, 'model__module__patch_size': 16, 'model__optimizer__weight_decay': 0.0001}",0.9141025641025642,0.41818181818181815,0.8154761904761905,0.5111111111111111,0.8525747508305648,0.7022892869404498,0.19876016144524597,219,0.919749430115054,0.5006778600479717,0.9323232323232323,0.8255932294177514,0.9181777974347634,0.8193043098677546,0.16382968631601547
11,7.380241918563843,3.321100518922585,0.045041990280151364,0.004782538515169457,64,10,3e-05,500,96,256,0.1,4,3,32,0.0001,"{'model__batch_size': 64, 'model__callbacks__early_stopping__patience': 10, 'model__lr': 3e-05, 'model__max_epochs': 500, 'model__module__d_model': 96, 'model__module__dim_feedforward': 256, 'model__module__dropout': 0.1, 'model__module__nhead': 4, 'model__module__num_layers': 3, 'model__module__patch_size': 32, 'model__optimizer__weight_decay': 0.0001}",0.957051282051282,0.42342342342342343,0.7974591651542651,0.49980055843637816,0.8681114551083591,0.7091691768347415,0.209756602713476,193,0.8963653763158388,0.4506078130532279,0.9566927013196875,0.8321678321678321,0.9171941940021741,0.8106055833717521,0.18445630660930154
12,10.119226884841918,4.795719196121202,0.046038484573364256,0.0043039850653949045,64,10,3e-05,500,96,256,0.25,4,2,16,0.0001,"{'model__batch_size': 64, 'model__callbacks__early_stopping__patience': 10, 'model__lr': 3e-05, 'model__max_epochs': 500, 'model__module__d_model': 96, 'model__module__dim_feedforward': 256, 'model__module__dropout': 0.25, 'model__module__nhead': 4, 'model__module__num_layers': 2, 'model__module__patch_size': 16, 'model__optimizer__weight_decay': 0.0001}",0.9339901477832513,0.48282828282828283,0.8154761904761905,0.4731494920174166,0.8230897009966778,0.7057067628203638,0.19063005341225805,205,0.8725432125356739,0.5479747381236209,0.9578196317087246,0.8225774225774225,0.9023869346733668,0.8206603879237617,0.1432095337034355
13,8.283837890625,3.5110526283580286,0.04273600578308105,0.005307458266224384,64,10,3e-05,500,96,256,0.25,4,2,32,0.0001,"{'model__batch_size': 64, 'model__callbacks__early_stopping__patience': 10, 'model__lr': 3e-05, 'model__max_epochs': 500, 'model__module__d_model': 96, 'model__module__dim_feedforward': 256, 'model__module__dropout': 0.25, 'model__module__nhead': 4, 'model__module__num_layers': 2, 'model__module__patch_size': 32, 'model__optimizer__weight_decay': 0.0001}",0.957051282051282,0.42342342342342343,0.7074410163339383,0.5689404934687954,0.8115172554625281,0.6936746941479933,0.1854928451917211,247,0.8691903840840011,0.4217391304347826,0.9385483728723873,0.9061166429587482,0.8880518678604508,0.8047292796420742,0.1928555362111216
14,10.030242538452148,4.835718620599499,0.05408258438110351,0.018963719681642306,64,10,3e-05,500,96,256,0.25,4,3,16,0.0001,"{'model__batch_size': 64, 'model__callbacks__early_stopping__patience': 10, 'model__lr': 3e-05, 'model__max_epochs': 500, 'model__module__d_model': 96, 'model__module__dim_feedforward': 256, 'model__module__dropout': 0.25, 'model__module__nhead': 4, 'model__module__num_layers': 3, 'model__module__patch_size': 16, 'model__optimizer__weight_decay': 0.0001}",0.957051282051282,0.4602126879354602,0.7974591651542651,0.4731494920174166,0.8230897009966778,0.7021924656310203,0.1998298268225255,220,0.920406601036085,0.5963386727688788,0.9233574033030671,0.7917234454565014,0.8902542372881356,0.8244160719705336,0.1236336043181655
15,8.038676071166993,3.7080790591961965,0.0419426441192627,0.0018620899320514698,64,10,3e-05,500,96,256,0.25,4,3,32,0.0001,"{'model__batch_size': 64, 'model__callbacks__early_stopping__patience': 10, 'model__lr': 3e-05, 'model__max_epochs': 500, 'model__module__d_model': 96, 'model__module__dim_feedforward': 256, 'model__module__dropout': 0.25, 'model__module__nhead': 4, 'model__module__num_layers': 3, 'model__module__patch_size': 32, 'model__optimizer__weight_decay': 0.0001}",0.957051282051282,0.5071507150715071,0.7395952653684612,0.6042328042328042,0.8525747508305648,0.7321209635109238,0.16255806484638555,83,0.877772200843976,0.4784313725490196,0.9529329118370213,0.8291135728948975,0.950906678460858,0.8178313473171543,0.1759965987755693
16,10.297356224060058,4.222691034749464,0.04414834976196289,0.003869950423051239,64,10,3e-05,500,96,384,0.1,4,2,16,0.0001,"{'model__batch_size': 64, 'model__callbacks__early_stopping__patience': 10, 'model__lr': 3e-05, 'model__max_epochs': 500, 'model__module__d_model': 96, 'model__module__dim_feedforward': 384, 'model__module__dropout': 0.1, 'model__module__nhead': 4, 'model__module__num_layers': 2, 'model__module__patch_size': 16, 'model__optimizer__weight_decay': 0.0001}",0.9790165988098967,0.42342342342342343,0.7974591651542651,0.668563776364245,0.8207070707070707,0.7378340068917801,0.1856041630365821,60,0.907472558401351,0.4684514521912896,0.8964524060414472,0.9217777777777778,0.898775403856175,0.818585919653608,0.1752923743436509
17,7.4573639869689945,2.995671692229208,0.04602651596069336,0.00557382759506593,64,10,3e-05,500,96,384,0.1,4,2,32,0.0001,"{'model__batch_size': 64, 'model__callbacks__early_stopping__patience': 10, 'model__lr': 3e-05, 'model__max_epochs': 500, 'model__module__d_model': 96, 'model__module__dim_feedforward': 384, 'model__module__dropout': 0.1, 'model__module__nhead': 4, 'model__module__num_layers': 2, 'model__module__patch_size': 32, 'model__optimizer__weight_decay': 0.0001}",0.9589460784313726,0.49714285714285716,0.7524500907441016,0.611764705882353,0.807105538140021,0.7254818540681411,0.15935215276660386,117,0.9183662290711899,0.5028780743066458,0.9329377278901838,0.8933370808228082,0.901228813559322,0.8297495851300299,0.16401118052314115
18,10.136266374588013,5.019860689447014,0.04485244750976562,0.0066133726936523215,64,10,3e-05,500,96,384,0.1,4,3,16,0.0001,"{'model__batch_size': 64, 'model__callbacks__early_stopping__patience': 10, 'model__lr': 3e-05, 'model__max_epochs': 500, 'model__module__d_model': 96, 'model__module__dim_feedforward': 384, 'model__module__dropout': 0.1, 'model__module__nhead': 4, 'model__module__num_layers': 3, 'model__module__patch_size': 16, 'model__optimizer__weight_decay': 0.0001}",0.9141025641025642,0.42342342342342343,0.8342878961435662,0.4731494920174166,0.8367816091954023,0.6963489969764745,0.2051689363365847,240,0.9297705303259574,0.4217391304347826,0.9761561593622663,0.8295919099189557,0.910022581205489,0.8134560622494902,0.20150830748038057
19,6.514700841903687,3.145132969578224,0.042220020294189455,0.0024667333107929673,64,10,3e-05,500,96,384,0.1,4,3,32,0.0001,"{'model__batch_size': 64, 'model__callbacks__early_stopping__patience': 10, 'model__lr': 3e-05, 'model__max_epochs': 500, 'model__module__d_model': 96, 'model__module__dim_feedforward': 384, 'model__module__dropout': 0.1, 'model__module__nhead': 4, 'model__module__num_layers': 3, 'model__module__patch_size': 32, 'model__optimizer__weight_decay': 0.0001}",0.957051282051282,0.48717948717948717,0.7524500907441016,0.592032967032967,0.8974200206398348,0.7372267695295346,0.17766334861730493,63,0.8691903840840011,0.48713219884315534,0.9430272108843537,0.8469618985718552,0.9282349681352176,0.8149093321037167,0.16773105815858122
20,9.527989625930786,4.618318551798696,0.044180440902709964,0.0012956049175993185,64,10,3e-05,500,96,384,0.25,4,2,16,0.0001,"{'model__batch_size': 64, 'model__callbacks__early_stopping__patience': 10, 'model__lr': 3e-05, 'model__max_epochs': 500, 'model__module__d_model': 96, 'model__module__dim_feedforward': 384, 'model__module__dropout': 0.25, 'model__module__nhead': 4, 'model__module__num_layers': 2, 'model__module__patch_size': 16, 'model__optimizer__weight_decay': 0.0001}",0.957051282051282,0.39622641509433965,0.7894021739130435,0.5111111111111111,0.8207070707070707,0.6948996105753693,0.20807000773488168,246,0.905977405977406,0.5319255907491202,0.8882989326422992,0.8266073122673867,0.8860837438423645,0.8077785970957153,0.1405045395243884
21,7.359873580932617,3.0483995360965714,0.05050783157348633,0.013230593447163479,64,10,3e-05,500,96,384,0.25,4,2,32,0.0001,"{'model__batch_size': 64, 'model__callbacks__early_stopping__patience': 10, 'model__lr': 3e-05, 'model__max_epochs': 500, 'model__module__d_model': 96, 'model__module__dim_feedforward': 384, 'model__module__dropout': 0.25, 'model__module__nhead': 4, 'model__module__num_layers': 2, 'model__module__patch_size': 32, 'model__optimizer__weight_decay': 0.0001}",0.9589460784313726,0.39622641509433965,0.8141858141858143,0.5416666666666667,0.8043247827008693,0.7030699514158125,0.204095979531323,212,0.9087622560207416,0.4153846153846154,0.8916176470588235,0.86746037438141,0.8730310974700002,0.7912511980631182,0.18849602186935163
22,10.125845670700073,5.10037447957206,0.0470064640045166,0.004236507447973529,64,10,3e-05,500,96,384,0.25,4,3,16,0.0001,"{'model__batch_size': 64, 'model__callbacks__early_stopping__patience': 10, 'model__lr': 3e-05, 'model__max_epochs': 500, 'model__module__d_model': 96, 'model__module__dim_feedforward': 384, 'model__module__dropout': 0.25, 'model__module__nhead': 4, 'model__module__num_layers': 3, 'model__module__patch_size': 16, 'model__optimizer__weight_decay': 0.0001}",0.9589460784313726,0.42342342342342343,0.8342878961435662,0.4731494920174166,0.8043247827008693,0.6988263345433297,0.2116217564906735,231,0.920406601036085,0.4217391304347826,0.9715136054421769,0.8295919099189557,0.8681408681408682,0.8022784229945736,0.19620848852993278
23,7.0848432064056395,2.739651780722231,0.04293866157531738,0.000849576221731611,64,10,3e-05,500,96,384,0.25,4,3,32,0.0001,"{'model__batch_size': 64, 'model__callbacks__early_stopping__patience': 10, 'model__lr': 3e-05, 'model__max_epochs': 500, 'model__module__d_model': 96, 'model__module__dim_feedforward': 384, 'model__module__dropout': 0.25, 'model__module__nhead': 4, 'model__module__num_layers': 3, 'model__module__patch_size': 32, 'model__optimizer__weight_decay': 0.0001}",0.957051282051282,0.48728665970045276,0.7693452380952381,0.6973544973544974,0.8482905982905983,0.7518656550984137,0.15791007448784064,28,0.8540817693087681,0.6372613561553654,0.9181973247149655,0.8390590260345693,0.8730392156862745,0.8243277383799885,0.09724243087371078
24,7.899050951004028,3.535015239407172,0.045036935806274415,0.004834715969945888,64,10,3e-05,500,128,128,0.1,4,2,16,0.0001,"{'model__batch_size': 64, 'model__callbacks__early_stopping__patience': 10, 'model__lr': 3e-05, 'model__max_epochs': 500, 'model__module__d_model': 128, 'model__module__dim_feedforward': 128, 'model__module__dropout': 0.1, 'model__module__nhead': 4, 'model__module__num_layers': 2, 'model__module__patch_size': 16, 'model__optimizer__weight_decay': 0.0001}",0.93704979642969,0.4434782608695652,0.7472826086956521,0.5013736263736264,0.8207070707070707,0.6899782726151209,0.18854819640542192,260,0.8725432125356739,0.468980343980344,0.8989496364126044,0.8073414580748741,0.898775403856175,0.7893180109719342,0.16362610663839128
25,6.79023175239563,2.7941068301946657,0.041932868957519534,0.0009567573233684648,64,10,3e-05,500,128,128,0.1,4,2,32,0.0001,"{'model__batch_size': 64, 'model__callbacks__early_stopping__patience': 10, 'model__lr': 3e-05, 'model__max_epochs': 500, 'model__module__d_model': 128, 'model__module__dim_feedforward': 128, 'model__module__dropout': 0.1, 'model__module__nhead': 4, 'model__module__num_layers': 2, 'model__module__patch_size': 32, 'model__optimizer__weight_decay': 0.0001}",0.957051282051282,0.4358974358974359,0.7801418439716312,0.5689404934687954,0.8179487179487179,0.7119959546675725,0.18580485505010186,185,0.867993976911494,0.4741895402688354,0.8980120689342732,0.911175647677569,0.8840718716030437,0.8070886210790432,0.16706816794985493
26,10.796553897857667,4.227973463028326,0.044087886810302734,0.0042902252531598845,64,10,3e-05,500,128,128,0.1,4,3,16,0.0001,"{'model__batch_size': 64, 'model__callbacks__early_stopping__patience': 10, 'model__lr': 3e-05, 'model__max_epochs': 500, 'model__module__d_model': 128, 'model__module__dim_feedforward': 128, 'model__module__dropout': 0.1, 'model__module__nhead': 4, 'model__module__num_layers': 3, 'model__module__patch_size': 16, 'model__optimizer__weight_decay': 0.0001}",0.9339901477832513,0.3992490613266583,0.7728937728937728,0.6243722798794777,0.8179487179487179,0.7096907959663756,0.18421613012072394,190,0.9347163120567376,0.5137351778656126,0.9077252052262472,0.9397122630737611,0.8875282265068611,0.836683436945844,0.1625749594031427
27,7.219587993621826,2.9955277158205327,0.04128818511962891,0.004440599382067275,64,10,3e-05,500,128,128,0.1,4,3,32,0.0001,"{'model__batch_size': 64, 'model__callbacks__early_stopping__patience': 10, 'model__lr': 3e-05, 'model__max_epochs': 500, 'model__module__d_model': 128, 'model__module__dim_feedforward': 128, 'model__module__dropout': 0.1, 'model__module__nhead': 4, 'model__module__num_layers': 3, 'model__module__patch_size': 32, 'model__optimizer__weight_decay': 0.0001}",0.93704979642969,0.42342342342342343,0.805337519623234,0.6299065420560748,0.8207070707070707,0.7232848704478986,0.17919573965074787,127,0.8871728871728872,0.46279761904761907,0.9765664620604025,0.9342816500711237,0.9093753216013173,0.8340387879906699,0.187979573669261
28,10.125938653945923,4.241479519612679,0.04404134750366211,0.003358951259596123,64,10,3e-05,500,128,128,0.25,4,2,16,0.0001,"{'model__batch_size': 64, 'model__callbacks__early_stopping__patience': 10, 'model__lr': 3e-05, 'model__max_epochs': 500, 'model__module__d_model': 128, 'model__module__dim_feedforward': 128, 'model__module__dropout': 0.25, 'model__module__nhead': 4, 'model__module__num_layers': 2, 'model__module__patch_size': 16, 'model__optimizer__weight_decay': 0.0001}",0.9178921568627452,0.4074074074074074,0.7974591651542651,0.6168359941944848,0.834428662285351,0.7148046771808507,0.18247034329349146,174,0.8880851063829787,0.426216814159292,0.9152792413066386,0.9255026455026455,0.9023869346733668,0.8114941484049844,0.1930469272701102
29,7.198110294342041,2.918427654288381,0.04365134239196777,0.003311509592808126,64,10,3e-05,500,128,128,0.25,4,2,32,0.0001,"{'model__batch_size': 64, 'model__callbacks__early_stopping__patience': 10, 'model__lr': 3e-05, 'model__max_epochs': 500, 'model__module__d_model': 128, 'model__module__dim_feedforward': 128, 'model__module__dropout': 0.25, 'model__module__nhead': 4, 'model__module__num_layers': 2, 'model__module__patch_size': 32, 'model__optimizer__weight_decay': 0.0001}",0.9790165988098967,0.41284403669724773,0.7869415807560137,0.6507936507936507,0.834428662285351,0.7328049058684319,0.191300375816145,79,0.8948152995927865,0.46271929824561403,0.9390728013570466,0.9168533034714446,0.901228813559322,0.8229379032452429,0.18075435656740027
30,10.705248737335205,5.042180547613265,0.05240144729614258,0.021131444843197168,64,10,3e-05,500,128,128,0.25,4,3,16,0.0001,"{'model__batch_size': 64, 'model__callbacks__early_stopping__patience': 10, 'model__lr': 3e-05, 'model__max_epochs': 500, 'model__module__d_model': 128, 'model__module__dim_feedforward': 128, 'model__module__dropout': 0.25, 'model__module__nhead': 4, 'model__module__num_layers': 3, 'model__module__patch_size': 16, 'model__optimizer__weight_decay': 0.0001}",0.9339901477832513,0.4298003072196621,0.8154761904761905,0.5359892869099431,0.834428662285351,0.7099369189348796,0.19265039904846096,189,0.9153796653796653,0.5346070403807124,0.9765664620604025,0.8106576776877286,0.901228813559322,0.8276879318135661,0.1558520815843638
31,7.645994997024536,3.002332698180041,0.04053812026977539,0.002365313925147818,64,10,3e-05,500,128,128,0.25,4,3,32,0.0001,"{'model__batch_size': 64, 'model__callbacks__early_stopping__patience': 10, 'model__lr': 3e-05, 'model__max_epochs': 500, 'model__module__d_model': 128, 'model__module__dim_feedforward': 128, 'model__module__dropout': 0.25, 'model__module__nhead': 4, 'model__module__num_layers': 3, 'model__module__patch_size': 32, 'model__optimizer__weight_decay': 0.0001}",0.957051282051282,0.5364558184451955,0.7801418439716312,0.6973544973544974,0.8525747508305648,0.7647156385306342,0.14254140451316566,14,0.8745965375586855,0.4377235772357724,0.9475435505969858,0.9342816500711237,0.9363844768298674,0.8261059584584869,0.1958584340589673
32,8.22644658088684,4.022253100915842,0.04505434036254883,0.0020429121385895253,64,10,3e-05,500,128,256,0.1,4,2,16,0.0001,"{'model__batch_size': 64, 'model__callbacks__early_stopping__patience': 10, 'model__lr': 3e-05, 'model__max_epochs': 500, 'model__module__d_model': 128, 'model__module__dim_feedforward': 256, 'model__module__dropout': 0.1, 'model__module__nhead': 4, 'model__module__num_layers': 2, 'model__module__patch_size': 16, 'model__optimizer__weight_decay': 0.0001}",0.9339901477832513,0.49648033126293994,0.8064516129032258,0.5359892869099431,0.7936046511627908,0.7133032060044302,0.1686890980412213,179,0.8767483777937995,0.5074948639257362,0.9671930468845635,0.7977085309786178,0.9181777974347634,0.8134645234034961,0.16276846054118635
33,5.954009056091309,2.2373674253317026,0.04299211502075195,0.0012243172297071218,64,10,3e-05,500,128,256,0.1,4,2,32,0.0001,"{'model__batch_size': 64, 'model__callbacks__early_stopping__patience': 10, 'model__lr': 3e-05, 'model__max_epochs': 500, 'model__module__d_model': 128, 'model__module__dim_feedforward': 256, 'model__module__dropout': 0.1, 'model__module__nhead': 4, 'model__module__num_layers': 2, 'model__module__patch_size': 32, 'model__optimizer__weight_decay': 0.0001}",0.957051282051282,0.3981191222570533,0.7232142857142857,0.6647314949201741,0.8230897009966778,0.7132411771878946,0.1861529624194551,180,0.8909125188536953,0.5145479194910836,0.9093934055766116,0.8873399715504979,0.9191248412681892,0.8242637313480156,0.15529987036556803
34,8.610329008102417,3.710359343699888,0.045465517044067386,0.003841294115638389,64,10,3e-05,500,128,256,0.1,4,3,16,0.0001,"{'model__batch_size': 64, 'model__callbacks__early_stopping__patience': 10, 'model__lr': 3e-05, 'model__max_epochs': 500, 'model__module__d_model': 128, 'model__module__dim_feedforward': 256, 'model__module__dropout': 0.1, 'model__module__nhead': 4, 'model__module__num_layers': 3, 'model__module__patch_size': 16, 'model__optimizer__weight_decay': 0.0001}",0.9339901477832513,0.5956102427668772,0.7974591651542651,0.46455026455026455,0.8367816091954023,0.7256782858900122,0.17087762536597506,115,0.8957101658255227,0.5246872942725477,0.8936507936507936,0.8241109210407851,0.9161721868594239,0.8108662723298146,0.14643423579897613
35,6.220371341705322,2.8404476289512273,0.04752693176269531,0.0070972053803693876,64,10,3e-05,500,128,256,0.1,4,3,32,0.0001,"{'model__batch_size': 64, 'model__callbacks__early_stopping__patience': 10, 'model__lr': 3e-05, 'model__max_epochs': 500, 'model__module__d_model': 128, 'model__module__dim_feedforward': 256, 'model__module__dropout': 0.1, 'model__module__nhead': 4, 'model__module__num_layers': 3, 'model__module__patch_size': 32, 'model__optimizer__weight_decay': 0.0001}",0.957051282051282,0.41284403669724773,0.7395952653684612,0.6168359941944848,0.8525747508305648,0.715780265828408,0.1892363159695785,170,0.864950117370892,0.5452991452991452,0.9578196317087246,0.8350206224221972,0.9132328308207706,0.8232644695243458,0.14514821359134483
36,8.69477653503418,4.394690787497015,0.04469704627990723,0.0024118851272873464,64,10,3e-05,500,128,256,0.25,4,2,16,0.0001,"{'model__batch_size': 64, 'model__callbacks__early_stopping__patience': 10, 'model__lr': 3e-05, 'model__max_epochs': 500, 'model__module__d_model': 128, 'model__module__dim_feedforward': 256, 'model__module__dropout': 0.25, 'model__module__nhead': 4, 'model__module__num_layers': 2, 'model__module__patch_size': 16, 'model__optimizer__weight_decay': 0.0001}",0.9339901477832513,0.5060034305317325,0.7728937728937728,0.5359892869099431,0.8367816091954023,0.7171316494628204,0.1684285105957902,163,0.8852530541012217,0.4609290696144229,0.9529329118370213,0.7899305555555556,0.9111339852461828,0.8000359152708809,0.17780765142572574
37,6.075770664215088,2.2468518039463166,0.04124703407287598,0.004124627735137293,64,10,3e-05,500,128,256,0.25,4,2,32,0.0001,"{'model__batch_size': 64, 'model__callbacks__early_stopping__patience': 10, 'model__lr': 3e-05, 'model__max_epochs': 500, 'model__module__d_model': 128, 'model__module__dim_feedforward': 256, 'model__module__dropout': 0.25, 'model__module__nhead': 4, 'model__module__num_layers': 2, 'model__module__patch_size': 32, 'model__optimizer__weight_decay': 0.0001}",0.9339901477832513,0.5277669902912621,0.7566718995290425,0.6507936507936507,0.8230897009966778,0.738462477878777,0.13985909434854754,55,0.8745965375586855,0.5217752971798105,0.9226551226551226,0.8873399715504979,0.8963585434173669,0.8205450944722965,0.1502136097524127
38,9.052759981155395,4.223728402224269,0.046247005462646484,0.0018739393525366566,64,10,3e-05,500,128,256,0.25,4,3,16,0.0001,"{'model__batch_size': 64, 'model__callbacks__early_stopping__patience': 10, 'model__lr': 3e-05, 'model__max_epochs': 500, 'model__module__d_model': 128, 'model__module__dim_feedforward': 256, 'model__module__dropout': 0.25, 'model__module__nhead': 4, 'model__module__num_layers': 3, 'model__module__patch_size': 16, 'model__optimizer__weight_decay': 0.0001}",0.9339901477832513,0.41284403669724773,0.7728937728937728,0.4731494920174166,0.8505892255892256,0.6886933349961828,0.20785692344236426,265,0.890505928138293,0.4305694305694306,0.9390728013570466,0.8225774225774225,0.8974753694581281,0.7960401904200642,0.18651772030397354
39,7.358634757995605,3.284998823239994,0.04254207611083984,0.0031786907774639626,64,10,3e-05,500,128,256,0.25,4,3,32,0.0001,"{'model__batch_size': 64, 'model__callbacks__early_stopping__patience': 10, 'model__lr': 3e-05, 'model__max_epochs': 500, 'model__module__d_model': 128, 'model__module__dim_feedforward': 256, 'model__module__dropout': 0.25, 'model__module__nhead': 4, 'model__module__num_layers': 3, 'model__module__patch_size': 32, 'model__optimizer__weight_decay': 0.0001}",0.957051282051282,0.48282828282828283,0.7693452380952381,0.6168359941944848,0.8974200206398348,0.7446961635618246,0.1754707152862443,38,0.8957101658255227,0.47226646547629025,0.9765664620604025,0.8840620443726176,0.9520222290830503,0.8361254733635768,0.18514716164664863
40,7.768829107284546,3.713662836174848,0.04649410247802734,0.004370963745882931,64,10,3e-05,500,128,384,0.1,4,2,16,0.0001,"{'model__batch_size': 64, 'model__callbacks__early_stopping__patience': 10, 'model__lr': 3e-05, 'model__max_epochs': 500, 'model__module__d_model': 128, 'model__module__dim_feedforward': 384, 'model__module__dropout': 0.1, 'model__module__nhead': 4, 'model__module__num_layers': 2, 'model__module__patch_size': 16, 'model__optimizer__weight_decay': 0.0001}",0.957051282051282,0.44270289097875304,0.8064516129032258,0.4731494920174166,0.8505892255892256,0.7059889007079805,0.2085991577076312,203,0.9131822183098591,0.5348294957738269,0.8903183330664246,0.7994791666666667,0.9061534198691306,0.8087925267371816,0.14294424740167327
41,5.263695526123047,2.398267764871791,0.04333782196044922,0.005162833419816172,64,10,3e-05,500,128,384,0.1,4,2,32,0.0001,"{'model__batch_size': 64, 'model__callbacks__early_stopping__patience': 10, 'model__lr': 3e-05, 'model__max_epochs': 500, 'model__module__d_model': 128, 'model__module__dim_feedforward': 384, 'model__module__dropout': 0.1, 'model__module__nhead': 4, 'model__module__num_layers': 2, 'model__module__patch_size': 32, 'model__optimizer__weight_decay': 0.0001}",0.957051282051282,0.3981191222570533,0.7080062794348508,0.4818691588785047,0.8681114551083591,0.6826314595460099,0.21522347486320353,275,0.8982591876208897,0.5534030737440269,0.9430272108843537,0.8255932294177514,0.901228813559322,0.8243023030452689,0.1406207463102836
42,9.298934602737427,4.352928100137361,0.045458221435546876,0.0021344357353019106,64,10,3e-05,500,128,384,0.1,4,3,16,0.0001,"{'model__batch_size': 64, 'model__callbacks__early_stopping__patience': 10, 'model__lr': 3e-05, 'model__max_epochs': 500, 'model__module__d_model': 128, 'model__module__dim_feedforward': 384, 'model__module__dropout': 0.1, 'model__module__nhead': 4, 'model__module__num_layers': 3, 'model__module__patch_size': 16, 'model__optimizer__weight_decay': 0.0001}",0.9339901477832513,0.5364558184451955,0.8241134751773049,0.4731494920174166,0.834428662285351,0.7204275191417038,0.18129977596511687,144,0.9026646928201332,0.48713219884315534,0.9574565658347297,0.8390590260345693,0.8938181033552702,0.8160261173775716,0.16867847053965634
43,5.41509780883789,2.4112311949945826,0.04085693359375,0.0044929824455860155,64,10,3e-05,500,128,384,0.1,4,3,32,0.0001,"{'model__batch_size': 64, 'model__callbacks__early_stopping__patience': 10, 'model__lr': 3e-05, 'model__max_epochs': 500, 'model__module__d_model': 128, 'model__module__dim_feedforward': 384, 'model__module__dropout': 0.1, 'model__module__nhead': 4, 'model__module__num_layers': 3, 'model__module__patch_size': 32, 'model__optimizer__weight_decay': 0.0001}",0.957051282051282,0.4074074074074074,0.7395952653684612,0.5805607476635514,0.8367816091954023,0.7042792623372208,0.19294401004741316,209,0.8957101658255227,0.4217391304347826,0.9620181405895691,0.8416931216931216,0.8910728910728911,0.8024466899231774,0.19416191984716058
44,7.723669099807739,3.542513329574522,0.04658241271972656,0.001759500131135754,64,10,3e-05,500,128,384,0.25,4,2,16,0.0001,"{'model__batch_size': 64, 'model__callbacks__early_stopping__patience': 10, 'model__lr': 3e-05, 'model__max_epochs': 500, 'model__module__d_model': 128, 'model__module__dim_feedforward': 384, 'model__module__dropout': 0.25, 'model__module__nhead': 4, 'model__module__num_layers': 2, 'model__module__patch_size': 16, 'model__optimizer__weight_decay': 0.0001}",0.957051282051282,0.41818181818181815,0.726010101010101,0.46455026455026455,0.8207070707070707,0.6773001073001073,0.206689972548824,280,0.8885695864419269,0.45564159292035394,0.9085734805637848,0.8044444444444444,0.9000257334019557,0.7914509675544933,0.17197380934369452
45,6.187552499771118,2.856991165832736,0.0444434642791748,0.0031542237688772365,64,10,3e-05,500,128,384,0.25,4,2,32,0.0001,"{'model__batch_size': 64, 'model__callbacks__early_stopping__patience': 10, 'model__lr': 3e-05, 'model__max_epochs': 500, 'model__module__d_model': 128, 'model__module__dim_feedforward': 384, 'model__module__dropout': 0.25, 'model__module__nhead': 4, 'model__module__num_layers': 2, 'model__module__patch_size': 32, 'model__optimizer__weight_decay': 0.0001}",0.957051282051282,0.564625850340136,0.7395952653684612,0.521044992743106,0.8695119460894425,0.7303658673184856,0.16859304377065118,93,0.9095483754185899,0.566304347826087,0.900497512437811,0.8295919099189557,0.9240787269681742,0.8260041745139235,0.13386887656656582
46,8.816332626342774,4.4970641473247674,0.04354114532470703,0.0022899763208017176,64,10,3e-05,500,128,384,0.25,4,3,16,0.0001,"{'model__batch_size': 64, 'model__callbacks__early_stopping__patience': 10, 'model__lr': 3e-05, 'model__max_epochs': 500, 'model__module__d_model': 128, 'model__module__dim_feedforward': 384, 'model__module__dropout': 0.25, 'model__module__nhead': 4, 'model__module__num_layers': 3, 'model__module__patch_size': 16, 'model__optimizer__weight_decay': 0.0001}",0.9339901477832513,0.42342342342342343,0.7634408602150538,0.4818691588785047,0.8367816091954023,0.687901039899127,0.20041411277657814,267,0.9117527593818985,0.47612387612387613,0.9430272108843537,0.8191367892212834,0.898775403856175,0.8097632078935174,0.17174830529972535
47,7.003234624862671,3.55232638686099,0.043978214263916016,0.0021543902859513294,64,10,3e-05,500,128,384,0.25,4,3,32,0.0001,"{'model__batch_size': 64, 'model__callbacks__early_stopping__patience': 10, 'model__lr': 3e-05, 'model__max_epochs': 500, 'model__module__d_model': 128, 'model__module__dim_feedforward': 384, 'model__module__dropout': 0.25, 'model__module__nhead': 4, 'model__module__num_layers': 3, 'model__module__patch_size': 32, 'model__optimizer__weight_decay': 0.0001}",0.957051282051282,0.40116959064327484,0.805337519623234,0.5576719576719577,0.8681114551083591,0.7178683610196215,0.2065881456157812,161,0.9176383899788155,0.63278792405006,0.9811731647348085,0.8469618985718552,0.9514749047609135,0.8660072564192905,0.12489008123154827
48,4.490641689300537,1.6723205981335598,0.0448307991027832,0.005722346067502689,64,10,0.0001,500,96,128,0.1,4,2,16,0.0001,"{'model__batch_size': 64, 'model__callbacks__early_stopping__patience': 10, 'model__lr': 0.0001, 'model__max_epochs': 500, 'model__module__d_model': 96, 'model__module__dim_feedforward': 128, 'model__module__dropout': 0.1, 'model__module__nhead': 4, 'model__module__num_layers': 2, 'model__module__patch_size': 16, 'model__optimizer__weight_decay': 0.0001}",0.9589460784313726,0.42342342342342343,0.8154761904761905,0.6243722798794777,0.8525747508305648,0.7349585446082058,0.18961568091733147,70,0.9285908226988868,0.4217391304347826,0.9033189033189033,0.8655119714722364,0.8826410616031934,0.8003603779056006,0.19047960259174182
49,3.5517669677734376,1.1958491419323827,0.042476463317871097,0.0029594562284756703,64,10,0.0001,500,96,128,0.1,4,2,32,0.0001,"{'model__batch_size': 64, 'model__callbacks__early_stopping__patience': 10, 'model__lr': 0.0001, 'model__max_epochs': 500, 'model__module__d_model': 96, 'model__module__dim_feedforward': 128, 'model__module__dropout': 0.1, 'model__module__nhead': 4, 'model__module__num_layers': 2, 'model__module__patch_size': 32, 'model__optimizer__weight_decay': 0.0001}",0.957051282051282,0.42834951456310677,0.8064516129032258,0.668563776364245,0.807105538140021,0.7335043448043761,0.1777911249668519,75,0.9017630360077693,0.5121403739289918,0.9859398772362415,0.9198671594622101,0.8902542372881356,0.8419929367846697,0.16821976538616587
50,4.428284358978272,1.9798964692492083,0.0440159797668457,0.004643069482320179,64,10,0.0001,500,96,128,0.1,4,3,16,0.0001,"{'model__batch_size': 64, 'model__callbacks__early_stopping__patience': 10, 'model__lr': 0.0001, 'model__max_epochs': 500, 'model__module__d_model': 96, 'model__module__dim_feedforward': 128, 'model__module__dropout': 0.1, 'model__module__nhead': 4, 'model__module__num_layers': 3, 'model__module__patch_size': 16, 'model__optimizer__weight_decay': 0.0001}",0.9178921568627452,0.5277669902912621,0.8154761904761905,0.5013736263736264,0.807105538140021,0.713922900428769,0.16758922939198864,178,0.9435864435864436,0.581685837526959,0.9323232323232323,0.828125,0.8633004926108374,0.8298042012094944,0.1312585952017398
51,3.191868782043457,1.107101061502623,0.04345936775207519,0.004215569600357685,64,10,0.0001,500,96,128,0.1,4,3,32,0.0001,"{'model__batch_size': 64, 'model__callbacks__early_stopping__patience': 10, 'model__lr': 0.0001, 'model__max_epochs': 500, 'model__module__d_model': 96, 'model__module__dim_feedforward': 128, 'model__module__dropout': 0.1, 'model__module__nhead': 4, 'model__module__num_layers': 3, 'model__module__patch_size': 32, 'model__optimizer__weight_decay': 0.0001}",0.957051282051282,0.41818181818181815,0.7693452380952381,0.5801807833947104,0.834428662285351,0.7118375568016799,0.1908049697521362,186,0.8483056957462148,0.4217391304347826,0.9613275613275614,0.8591749644381224,0.8811537200917732,0.794340214407691,0.19045668513648492
52,4.164850902557373,1.7975351002092432,0.045603036880493164,0.004205639251011351,64,10,0.0001,500,96,128,0.25,4,2,16,0.0001,"{'model__batch_size': 64, 'model__callbacks__early_stopping__patience': 10, 'model__lr': 0.0001, 'model__max_epochs': 500, 'model__module__d_model': 96, 'model__module__dim_feedforward': 128, 'model__module__dropout': 0.25, 'model__module__nhead': 4, 'model__module__num_layers': 2, 'model__module__patch_size': 16, 'model__optimizer__weight_decay': 0.0001}",0.9339901477832513,0.42342342342342343,0.7361702127659575,0.5013736263736264,0.8505892255892256,0.6891093271870968,0.19702324413830938,264,0.8470040721349622,0.420479302832244,0.9374450130173265,0.8216216216216217,0.9061534198691306,0.786540685895057,0.18759890797650408
53,3.624432849884033,1.3449411381046819,0.04270868301391602,0.0050715129253729825,64,10,0.0001,500,96,128,0.25,4,2,32,0.0001,"{'model__batch_size': 64, 'model__callbacks__early_stopping__patience': 10, 'model__lr': 0.0001, 'model__max_epochs': 500, 'model__module__d_model': 96, 'model__module__dim_feedforward': 128, 'model__module__dropout': 0.25, 'model__module__nhead': 4, 'model__module__num_layers': 2, 'model__module__patch_size': 32, 'model__optimizer__weight_decay': 0.0001}",0.957051282051282,0.36,0.7524500907441016,0.6549019607843137,0.8043247827008693,0.7057456232561133,0.19858439320195806,204,0.8862292718096612,0.4953929539295393,0.9859398772362415,0.9118871537231894,0.8633004926108374,0.8285499498618938,0.17160697370835068
54,4.681447744369507,2.056499675571319,0.04466366767883301,0.0029826020812948333,64,10,0.0001,500,96,128,0.25,4,3,16,0.0001,"{'model__batch_size': 64, 'model__callbacks__early_stopping__patience': 10, 'model__lr': 0.0001, 'model__max_epochs': 500, 'model__module__d_model': 96, 'model__module__dim_feedforward': 128, 'model__module__dropout': 0.25, 'model__module__nhead': 4, 'model__module__num_layers': 3, 'model__module__patch_size': 16, 'model__optimizer__weight_decay': 0.0001}",0.93704979642969,0.42342342342342343,0.8154761904761905,0.49179779042517574,0.7908249158249159,0.6917144233158791,0.19863334602557028,257,0.8809847044981447,0.4217391304347826,0.912987012987013,0.8255932294177514,0.8938181033552702,0.7870244361385923,0.184943719294393
55,4.303497695922852,1.8211905745142178,0.044613981246948244,0.005893533618075345,64,10,0.0001,500,96,128,0.25,4,3,32,0.0001,"{'model__batch_size': 64, 'model__callbacks__early_stopping__patience': 10, 'model__lr': 0.0001, 'model__max_epochs': 500, 'model__module__d_model': 96, 'model__module__dim_feedforward': 128, 'model__module__dropout': 0.25, 'model__module__nhead': 4, 'model__module__num_layers': 3, 'model__module__patch_size': 32, 'model__optimizer__weight_decay': 0.0001}",0.9790165988098967,0.4340136054421769,0.7524500907441016,0.6549019607843137,0.7959770114942528,0.7232718534549483,0.17882257160699924,128,0.9575144041785579,0.5422880383773073,0.9905865823674043,0.8469618985718552,0.9122033898305084,0.8499108626651266,0.1611763243238127
56,3.7434873580932617,1.4140171483082529,0.0446570873260498,0.002623854701493364,64,10,0.0001,500,96,256,0.1,4,2,16,0.0001,"{'model__batch_size': 64, 'model__callbacks__early_stopping__patience': 10, 'model__lr': 0.0001, 'model__max_epochs': 500, 'model__module__d_model': 96, 'model__module__dim_feedforward': 256, 'model__module__dropout': 0.1, 'model__module__nhead': 4, 'model__module__num_layers': 2, 'model__module__patch_size': 16, 'model__optimizer__weight_decay': 0.0001}",0.9141025641025642,0.45111492281303606,0.8342878961435662,0.5359892869099431,0.834428662285351,0.7139846664508921,0.18428763030965656,177,0.8856621163377099,0.420479302832244,0.8970418747598924,0.8389542483660131,0.9061534198691306,0.789658192432998,0.18603349177391582
57,3.688370943069458,1.251092102706006,0.043643760681152347,0.0033426707560304963,64,10,0.0001,500,96,256,0.1,4,2,32,0.0001,"{'model__batch_size': 64, 'model__callbacks__early_stopping__patience': 10, 'model__lr': 0.0001, 'model__max_epochs': 500, 'model__module__d_model': 96, 'model__module__dim_feedforward': 256, 'model__module__dropout': 0.1, 'model__module__nhead': 4, 'model__module__num_layers': 2, 'model__module__patch_size': 32, 'model__optimizer__weight_decay': 0.0001}",0.9211764705882353,0.5530428999002328,0.7074410163339383,0.668563776364245,0.8207070707070707,0.7341862467787446,0.12671679041607417,71,0.9247819247819248,0.5987933634992458,0.9859398772362415,0.9441269841269841,0.9463901308163603,0.8800064560921512,0.14200406342263694
58,4.991130590438843,1.9285988854769807,0.046945810317993164,0.003184934383311119,64,10,0.0001,500,96,256,0.1,4,3,16,0.0001,"{'model__batch_size': 64, 'model__callbacks__early_stopping__patience': 10, 'model__lr': 0.0001, 'model__max_epochs': 500, 'model__module__d_model': 96, 'model__module__dim_feedforward': 256, 'model__module__dropout': 0.1, 'model__module__nhead': 4, 'model__module__num_layers': 3, 'model__module__patch_size': 16, 'model__optimizer__weight_decay': 0.0001}",0.957051282051282,0.42342342342342343,0.8241134751773049,0.6042328042328042,0.8505892255892256,0.731882042094808,0.1922187642472054,84,0.8831976313841599,0.4349108934261773,0.9574565658347297,0.9392254431478104,0.9575896512199116,0.8344760370025577,0.20163318590231227
59,3.371727466583252,1.289189614420874,0.043040132522583006,0.0015605113517776624,64,10,0.0001,500,96,256,0.1,4,3,32,0.0001,"{'model__batch_size': 64, 'model__callbacks__early_stopping__patience': 10, 'model__lr': 0.0001, 'model__max_epochs': 500, 'model__module__d_model': 96, 'model__module__dim_feedforward': 256, 'model__module__dropout': 0.1, 'model__module__nhead': 4, 'model__module__num_layers': 3, 'model__module__patch_size': 32, 'model__optimizer__weight_decay': 0.0001}",0.9589460784313726,0.42342342342342343,0.7361702127659575,0.5925925925925926,0.7774294670846396,0.6977123548595972,0.1802007022599469,234,0.948498388905702,0.4217391304347826,0.9516594516594516,0.8633028014355348,0.874692118226601,0.8119783781324145,0.19849553935079592
60,3.8495506286621093,1.4260191469983678,0.048846864700317384,0.011832939337001188,64,10,0.0001,500,96,256,0.25,4,2,16,0.0001,"{'model__batch_size': 64, 'model__callbacks__early_stopping__patience': 10, 'model__lr': 0.0001, 'model__max_epochs': 500, 'model__module__d_model': 96, 'model__module__dim_feedforward': 256, 'model__module__dropout': 0.25, 'model__module__nhead': 4, 'model__module__num_layers': 2, 'model__module__patch_size': 16, 'model__optimizer__weight_decay': 0.0001}",0.9339901477832513,0.41284403669724773,0.7894021739130435,0.5359892869099431,0.8207070707070707,0.6985865432021112,0.19321615193701105,233,0.8756908086096568,0.46093906093906095,0.9137770787159505,0.824468085106383,0.9061534198691306,0.7962056906480364,0.1705472921904058
61,3.5852120876312257,1.2739850180493382,0.039945459365844725,0.0029586587540479338,64,10,0.0001,500,96,256,0.25,4,2,32,0.0001,"{'model__batch_size': 64, 'model__callbacks__early_stopping__patience': 10, 'model__lr': 0.0001, 'model__max_epochs': 500, 'model__module__d_model': 96, 'model__module__dim_feedforward': 256, 'model__module__dropout': 0.25, 'model__module__nhead': 4, 'model__module__num_layers': 2, 'model__module__patch_size': 32, 'model__optimizer__weight_decay': 0.0001}",0.8994899489948995,0.5885714285714285,0.7693452380952381,0.6549019607843137,0.8367816091954023,0.7498180371282565,0.11432863680260236,33,0.9051910598413843,0.5925889328063241,0.9858188552782432,0.9304372266235705,0.8910728910728911,0.8610217931244826,0.13806013344834744
62,5.3653647899627686,1.952850847076269,0.046494483947753906,0.0027692752654908423,64,10,0.0001,500,96,256,0.25,4,3,16,0.0001,"{'model__batch_size': 64, 'model__callbacks__early_stopping__patience': 10, 'model__lr': 0.0001, 'model__max_epochs': 500, 'model__module__d_model': 96, 'model__module__dim_feedforward': 256, 'model__module__dropout': 0.25, 'model__module__nhead': 4, 'model__module__num_layers': 3, 'model__module__patch_size': 16, 'model__optimizer__weight_decay': 0.0001}",0.9589460784313726,0.38461538461538464,0.8342878961435662,0.6549019607843137,0.8974200206398348,0.7460342681228944,0.20734825520820438,37,0.919749430115054,0.5074948639257362,0.9219284829946837,0.9255026455026455,0.9626839559534837,0.8474718756983204,0.1707131068485032
63,2.9833412647247313,1.1350969300717604,0.04344000816345215,0.0025259253796334237,64,10,0.0001,500,96,256,0.25,4,3,32,0.0001,"{'model__batch_size': 64, 'model__callbacks__early_stopping__patience': 10, 'model__lr': 0.0001, 'model__max_epochs': 500, 'model__module__d_model': 96, 'model__module__dim_feedforward': 256, 'model__module__dropout': 0.25, 'model__module__nhead': 4, 'model__module__num_layers': 3, 'model__module__patch_size': 32, 'model__optimizer__weight_decay': 0.0001}",0.957051282051282,0.48282828282828283,0.7232142857142857,0.531214953271028,0.7908249158249159,0.6970267439379588,0.1734769007566117,235,0.8799503368693969,0.44575424575424577,0.9380060143418922,0.8431259566039435,0.8811537200917732,0.7975980547322503,0.17851873765719983
64,4.607496929168701,1.7123429635353615,0.044927453994750975,0.003938192554497238,64,10,0.0001,500,96,384,0.1,4,2,16,0.0001,"{'model__batch_size': 64, 'model__callbacks__early_stopping__patience': 10, 'model__lr': 0.0001, 'model__max_epochs': 500, 'model__module__d_model': 96, 'model__module__dim_feedforward': 384, 'model__module__dropout': 0.1, 'model__module__nhead': 4, 'model__module__num_layers': 2, 'model__module__patch_size': 16, 'model__optimizer__weight_decay': 0.0001}",0.9178921568627452,0.5277669902912621,0.8064516129032258,0.6181818181818182,0.8230897009966778,0.7386764558471459,0.14341484980874963,54,0.9308731535509647,0.4975774000164244,0.8926516641176898,0.9582623359741423,0.9083414867706143,0.837541208085967,0.171411595515512
65,3.124009704589844,1.0571089079076843,0.04105877876281738,0.0005982292071870439,64,10,0.0001,500,96,384,0.1,4,2,32,0.0001,"{'model__batch_size': 64, 'model__callbacks__early_stopping__patience': 10, 'model__lr': 0.0001, 'model__max_epochs': 500, 'model__module__d_model': 96, 'model__module__dim_feedforward': 384, 'model__module__dropout': 0.1, 'model__module__nhead': 4, 'model__module__num_layers': 2, 'model__module__patch_size': 32, 'model__optimizer__weight_decay': 0.0001}",0.957051282051282,0.38277352843365475,0.7524500907441016,0.5805607476635514,0.8207070707070707,0.6987085439199321,0.1991414575165319,232,0.8745965375586855,0.4896214896214896,0.966910662315901,0.8993006993006993,0.8683050847457627,0.8197468947085076,0.16872175114421345
66,4.9521129608154295,1.8456727172977652,0.042735624313354495,0.0032300058636415816,64,10,0.0001,500,96,384,0.1,4,3,16,0.0001,"{'model__batch_size': 64, 'model__callbacks__early_stopping__patience': 10, 'model__lr': 0.0001, 'model__max_epochs': 500, 'model__module__d_model': 96, 'model__module__dim_feedforward': 384, 'model__module__dropout': 0.1, 'model__module__nhead': 4, 'model__module__num_layers': 3, 'model__module__patch_size': 16, 'model__optimizer__weight_decay': 0.0001}",0.9339901477832513,0.42342342342342343,0.7974591651542651,0.6168359941944848,0.8367816091954023,0.7216980679501653,0.18111637725775467,139,0.871078431372549,0.4217391304347826,0.9430272108843537,0.9272125723738627,0.9200370484717506,0.8166188787074597,0.19889756551164336
67,3.4110926151275636,1.226089008221368,0.042308807373046875,0.003752863331231212,64,10,0.0001,500,96,384,0.1,4,3,32,0.0001,"{'model__batch_size': 64, 'model__callbacks__early_stopping__patience': 10, 'model__lr': 0.0001, 'model__max_epochs': 500, 'model__module__d_model': 96, 'model__module__dim_feedforward': 384, 'model__module__dropout': 0.1, 'model__module__nhead': 4, 'model__module__num_layers': 3, 'model__module__patch_size': 32, 'model__optimizer__weight_decay': 0.0001}",0.93704979642969,0.44523246650906223,0.7361702127659575,0.6299065420560748,0.8645325418698325,0.7225783119261234,0.1742656223891945,132,0.919749430115054,0.599969541794369,0.9763647587970721,0.8983762597984323,0.9349246231155779,0.865876922724101,0.13538119222787762
68,4.880995035171509,2.1900620275266434,0.045366334915161136,0.0032928453428638705,64,10,0.0001,500,96,384,0.25,4,2,16,0.0001,"{'model__batch_size': 64, 'model__callbacks__early_stopping__patience': 10, 'model__lr': 0.0001, 'model__max_epochs': 500, 'model__module__d_model': 96, 'model__module__dim_feedforward': 384, 'model__module__dropout': 0.25, 'model__module__nhead': 4, 'model__module__num_layers': 2, 'model__module__patch_size': 16, 'model__optimizer__weight_decay': 0.0001}",0.9141025641025642,0.42342342342342343,0.7693452380952381,0.6373626373626373,0.8525747508305648,0.7193617227628856,0.1746261062728228,152,0.9008669430833018,0.420479302832244,0.912987012987013,0.9061166429587482,0.9787948256099558,0.8238489454942526,0.20364706502239938
69,3.015472650527954,1.0505371318269945,0.043677139282226565,0.002110782034954874,64,10,0.0001,500,96,384,0.25,4,2,32,0.0001,"{'model__batch_size': 64, 'model__callbacks__early_stopping__patience': 10, 'model__lr': 0.0001, 'model__max_epochs': 500, 'model__module__d_model': 96, 'model__module__dim_feedforward': 384, 'model__module__dropout': 0.25, 'model__module__nhead': 4, 'model__module__num_layers': 2, 'model__module__patch_size': 32, 'model__optimizer__weight_decay': 0.0001}",0.9790165988098967,0.420814479638009,0.7524500907441016,0.5805607476635514,0.8147826086956522,0.7095249051102421,0.19263073087188165,191,0.8864954121554425,0.4469272272667456,0.9525226757369615,0.8769274904970236,0.8056484071219046,0.7937042425556156,0.17953081421953296
70,5.3335284233093265,1.8229676806712545,0.04489336013793945,0.004112896168038833,64,10,0.0001,500,96,384,0.25,4,3,16,0.0001,"{'model__batch_size': 64, 'model__callbacks__early_stopping__patience': 10, 'model__lr': 0.0001, 'model__max_epochs': 500, 'model__module__d_model': 96, 'model__module__dim_feedforward': 384, 'model__module__dropout': 0.25, 'model__module__nhead': 4, 'model__module__num_layers': 3, 'model__module__patch_size': 16, 'model__optimizer__weight_decay': 0.0001}",0.9790165988098967,0.5712918660287081,0.8424682395644283,0.6647314949201741,0.8388028895768833,0.7792622177800181,0.14409084579863168,9,0.9253900709219858,0.6166142557651991,0.9419913419913419,0.935330347144457,0.9314605597964376,0.8701573151238844,0.1268861533723413
71,3.6396289348602293,1.3577653384057673,0.04250693321228027,0.003979445193713865,64,10,0.0001,500,96,384,0.25,4,3,32,0.0001,"{'model__batch_size': 64, 'model__callbacks__early_stopping__patience': 10, 'model__lr': 0.0001, 'model__max_epochs': 500, 'model__module__d_model': 96, 'model__module__dim_feedforward': 384, 'model__module__dropout': 0.25, 'model__module__nhead': 4, 'model__module__num_layers': 3, 'model__module__patch_size': 32, 'model__optimizer__weight_decay': 0.0001}",0.93704979642969,0.42342342342342343,0.7395952653684612,0.509090909090909,0.8482905982905983,0.6914899985206163,0.19612714021521796,259,0.9620764239365538,0.4217391304347826,0.9856936956173598,0.8873399715504979,0.9406915502633386,0.8395081543605066,0.21140014800061224
72,4.080939388275146,1.521834354729406,0.045174264907836915,0.007190300829275943,64,10,0.0001,500,128,128,0.1,4,2,16,0.0001,"{'model__batch_size': 64, 'model__callbacks__early_stopping__patience': 10, 'model__lr': 0.0001, 'model__max_epochs': 500, 'model__module__d_model': 128, 'model__module__dim_feedforward': 128, 'model__module__dropout': 0.1, 'model__module__nhead': 4, 'model__module__num_layers': 2, 'model__module__patch_size': 16, 'model__optimizer__weight_decay': 0.0001}",0.9790165988098967,0.42342342342342343,0.8246464646464646,0.5576719576719577,0.8525747508305648,0.7274666390764614,0.20476613547375602,110,0.8595007829050383,0.4217391304347826,0.9905865823674043,0.9026121172729987,0.9306987753421838,0.8210274776644816,0.204130113599918
73,2.6647303104400635,0.8579527580204768,0.041751527786254884,0.0028438370895533397,64,10,0.0001,500,128,128,0.1,4,2,32,0.0001,"{'model__batch_size': 64, 'model__callbacks__early_stopping__patience': 10, 'model__lr': 0.0001, 'model__max_epochs': 500, 'model__module__d_model': 128, 'model__module__dim_feedforward': 128, 'model__module__dropout': 0.1, 'model__module__nhead': 4, 'model__module__num_layers': 2, 'model__module__patch_size': 32, 'model__optimizer__weight_decay': 0.0001}",0.957051282051282,0.42342342342342343,0.7693452380952381,0.6980392156862745,0.8367816091954023,0.736928153690324,0.17847875894673834,65,0.8938893779342723,0.4217391304347826,0.9811731647348085,0.8975661375661376,0.9072681704260651,0.8203271962192134,0.20183154035412945
74,4.530625534057617,1.6334636350331044,0.04341335296630859,0.005337539380805307,64,10,0.0001,500,128,128,0.1,4,3,16,0.0001,"{'model__batch_size': 64, 'model__callbacks__early_stopping__patience': 10, 'model__lr': 0.0001, 'model__max_epochs': 500, 'model__module__d_model': 128, 'model__module__dim_feedforward': 128, 'model__module__dropout': 0.1, 'model__module__nhead': 4, 'model__module__num_layers': 3, 'model__module__patch_size': 16, 'model__optimizer__weight_decay': 0.0001}",0.957051282051282,0.42342342342342343,0.8154761904761905,0.611764705882353,0.7774294670846396,0.7170290137835776,0.18343149556755656,165,0.9241528478731074,0.4217391304347826,0.9674661394655151,0.87989921612542,0.8811537200917732,0.8148822107981196,0.19919966514917278
75,3.050914192199707,1.0038585633870627,0.041937828063964844,0.004054515585703521,64,10,0.0001,500,128,128,0.1,4,3,32,0.0001,"{'model__batch_size': 64, 'model__callbacks__early_stopping__patience': 10, 'model__lr': 0.0001, 'model__max_epochs': 500, 'model__module__d_model': 128, 'model__module__dim_feedforward': 128, 'model__module__dropout': 0.1, 'model__module__nhead': 4, 'model__module__num_layers': 3, 'model__module__patch_size': 32, 'model__optimizer__weight_decay': 0.0001}",0.957051282051282,0.42342342342342343,0.7693452380952381,0.6838070903864579,0.8525747508305648,0.7372403569573931,0.1810998455784559,62,0.8875504247764578,0.4217391304347826,0.9858188552782432,0.9223730865692295,0.9231779661016949,0.8281318926320816,0.2056530943281938
76,3.7247009754180906,1.437748930885139,0.04609556198120117,0.009547088519728016,64,10,0.0001,500,128,128,0.25,4,2,16,0.0001,"{'model__batch_size': 64, 'model__callbacks__early_stopping__patience': 10, 'model__lr': 0.0001, 'model__max_epochs': 500, 'model__module__d_model': 128, 'model__module__dim_feedforward': 128, 'model__module__dropout': 0.25, 'model__module__nhead': 4, 'model__module__num_layers': 2, 'model__module__patch_size': 16, 'model__optimizer__weight_decay': 0.0001}",0.957051282051282,0.42342342342342343,0.7316017316017316,0.46455026455026455,0.807105538140021,0.6767464479533445,0.20384953743628453,282,0.8809847044981447,0.4684514521912896,0.9346614655893006,0.8033966033966033,0.8975581322730395,0.7970104715896756,0.16976519779862537
77,2.9188998699188233,0.9536902221045724,0.04236102104187012,0.0016176428086270307,64,10,0.0001,500,128,128,0.25,4,2,32,0.0001,"{'model__batch_size': 64, 'model__callbacks__early_stopping__patience': 10, 'model__lr': 0.0001, 'model__max_epochs': 500, 'model__module__d_model': 128, 'model__module__dim_feedforward': 128, 'model__module__dropout': 0.25, 'model__module__nhead': 4, 'model__module__num_layers': 2, 'model__module__patch_size': 32, 'model__optimizer__weight_decay': 0.0001}",0.957051282051282,0.42342342342342343,0.7472826086956521,0.6980392156862745,0.8179487179487179,0.7287490495610699,0.17583447607772468,102,0.9043775450843514,0.4217391304347826,0.9484462165328857,0.9026121172729987,0.8875282265068611,0.812940647166376,0.1966547084949961
78,4.898307371139526,1.8921048016317146,0.04254236221313477,0.0033241268764648475,64,10,0.0001,500,128,128,0.25,4,3,16,0.0001,"{'model__batch_size': 64, 'model__callbacks__early_stopping__patience': 10, 'model__lr': 0.0001, 'model__max_epochs': 500, 'model__module__d_model': 128, 'model__module__dim_feedforward': 128, 'model__module__dropout': 0.25, 'model__module__nhead': 4, 'model__module__num_layers': 3, 'model__module__patch_size': 16, 'model__optimizer__weight_decay': 0.0001}",0.9339901477832513,0.42342342342342343,0.8154761904761905,0.611764705882353,0.8207070707070707,0.7210723076544576,0.1815027249573014,140,0.8991582829702933,0.4217391304347826,0.9581707507413766,0.8706606942889137,0.9122033898305084,0.8123864496531749,0.1973560491334061
79,3.1332005500793456,1.1900912150962337,0.03922204971313477,0.0024529072825747564,64,10,0.0001,500,128,128,0.25,4,3,32,0.0001,"{'model__batch_size': 64, 'model__callbacks__early_stopping__patience': 10, 'model__lr': 0.0001, 'model__max_epochs': 500, 'model__module__d_model': 128, 'model__module__dim_feedforward': 128, 'model__module__dropout': 0.25, 'model__module__nhead': 4, 'model__module__num_layers': 3, 'model__module__patch_size': 32, 'model__optimizer__weight_decay': 0.0001}",0.9790165988098967,0.41818181818181815,0.7524500907441016,0.6168359941944848,0.8388028895768833,0.721057478301437,0.19182709354428948,141,0.919749430115054,0.4276692653756951,0.9811731647348085,0.8655119714722364,0.8854489164086687,0.8159105496212927,0.19805121830179057
80,4.075979328155517,1.2964012218839525,0.04240436553955078,0.0031635635444580094,64,10,0.0001,500,128,256,0.1,4,2,16,0.0001,"{'model__batch_size': 64, 'model__callbacks__early_stopping__patience': 10, 'model__lr': 0.0001, 'model__max_epochs': 500, 'model__module__d_model': 128, 'model__module__dim_feedforward': 256, 'model__module__dropout': 0.1, 'model__module__nhead': 4, 'model__module__num_layers': 2, 'model__module__patch_size': 16, 'model__optimizer__weight_decay': 0.0001}",0.9339901477832513,0.41818181818181815,0.7801418439716312,0.6243722798794777,0.8043247827008693,0.7122021745034096,0.17689224914690876,184,0.878758865248227,0.4334646243617797,0.9623463294696171,0.9205255795009828,0.8889174815577285,0.816802576027667,0.1938703547097834
81,2.929507350921631,1.0822660862725137,0.04121222496032715,0.005209423954653175,64,10,0.0001,500,128,256,0.1,4,2,32,0.0001,"{'model__batch_size': 64, 'model__callbacks__early_stopping__patience': 10, 'model__lr': 0.0001, 'model__max_epochs': 500, 'model__module__d_model': 128, 'model__module__dim_feedforward': 256, 'model__module__dropout': 0.1, 'model__module__nhead': 4, 'model__module__num_layers': 2, 'model__module__patch_size': 32, 'model__optimizer__weight_decay': 0.0001}",0.957051282051282,0.41284403669724773,0.8246464646464646,0.668563776364245,0.8207070707070707,0.736762526093262,0.1859417470417936,66,0.8842429577464789,0.4489861415025529,0.9620181405895691,0.9018257158541552,0.9733456828239169,0.8340837277033346,0.19553321066221366
82,5.1167725086212155,1.9247048753910925,0.04432978630065918,0.004546470660353872,64,10,0.0001,500,128,256,0.1,4,3,16,0.0001,"{'model__batch_size': 64, 'model__callbacks__early_stopping__patience': 10, 'model__lr': 0.0001, 'model__max_epochs': 500, 'model__module__d_model': 128, 'model__module__dim_feedforward': 256, 'model__module__dropout': 0.1, 'model__module__nhead': 4, 'model__module__num_layers': 3, 'model__module__patch_size': 16, 'model__optimizer__weight_decay': 0.0001}",0.9339901477832513,0.5497835497835498,0.7801418439716312,0.6549019607843137,0.8695119460894425,0.7576658896824376,0.13991457763523182,22,0.878879985262964,0.6277637839350685,0.9765664620604025,0.9363110008271298,0.9463901308163603,0.873182272580385,0.12672459585317664
83,2.5226306438446047,0.8717570068696451,0.04332375526428223,0.002548602457584055,64,10,0.0001,500,128,256,0.1,4,3,32,0.0001,"{'model__batch_size': 64, 'model__callbacks__early_stopping__patience': 10, 'model__lr': 0.0001, 'model__max_epochs': 500, 'model__module__d_model': 128, 'model__module__dim_feedforward': 256, 'model__module__dropout': 0.1, 'model__module__nhead': 4, 'model__module__num_layers': 3, 'model__module__patch_size': 32, 'model__optimizer__weight_decay': 0.0001}",0.9790165988098967,0.42342342342342343,0.7080062794348508,0.4471479856402074,0.8820598006644518,0.687930817594566,0.22394666864981813,266,0.8875504247764578,0.4217391304347826,0.9211764705882353,0.830666886579801,0.9037911067409592,0.7929848038240472,0.18809417121807367
84,3.8981932163238526,1.2128062200775025,0.04427742958068848,0.002908148477495146,64,10,0.0001,500,128,256,0.25,4,2,16,0.0001,"{'model__batch_size': 64, 'model__callbacks__early_stopping__patience': 10, 'model__lr': 0.0001, 'model__max_epochs': 500, 'model__module__d_model': 128, 'model__module__dim_feedforward': 256, 'model__module__dropout': 0.25, 'model__module__nhead': 4, 'model__module__num_layers': 2, 'model__module__patch_size': 16, 'model__optimizer__weight_decay': 0.0001}",0.9339901477832513,0.5656108597285068,0.7894021739130435,0.611764705882353,0.8043247827008693,0.7410185340016048,0.13495266261791514,47,0.8642230252968508,0.4709544104352318,0.9226551226551226,0.9161904761904762,0.8854489164086687,0.81189439019727,0.1717755731096885
85,3.1036024570465086,1.0408910709739412,0.04226641654968262,0.002263897349617238,64,10,0.0001,500,128,256,0.25,4,2,32,0.0001,"{'model__batch_size': 64, 'model__callbacks__early_stopping__patience': 10, 'model__lr': 0.0001, 'model__max_epochs': 500, 'model__module__d_model': 128, 'model__module__dim_feedforward': 256, 'model__module__dropout': 0.25, 'model__module__nhead': 4, 'model__module__num_layers': 2, 'model__module__patch_size': 32, 'model__optimizer__weight_decay': 0.0001}",0.957051282051282,0.4253408713002993,0.7395952653684612,0.6980392156862745,0.834428662285351,0.7308910593383336,0.1768527103584319,89,0.8965751465751466,0.5161346589918019,0.9529329118370213,0.9677908496732026,0.8762810491575472,0.8419429232469439,0.16641591866573224
86,4.96668267250061,1.9212361016422084,0.042638206481933595,0.003434582577302088,64,10,0.0001,500,128,256,0.25,4,3,16,0.0001,"{'model__batch_size': 64, 'model__callbacks__early_stopping__patience': 10, 'model__lr': 0.0001, 'model__max_epochs': 500, 'model__module__d_model': 128, 'model__module__dim_feedforward': 256, 'model__module__dropout': 0.25, 'model__module__nhead': 4, 'model__module__num_layers': 3, 'model__module__patch_size': 16, 'model__optimizer__weight_decay': 0.0001}",0.9339901477832513,0.36,0.7801418439716312,0.6549019607843137,0.8695119460894425,0.7197091797257278,0.20278065913475352,150,0.8745960264900663,0.5028780743066458,0.9765664620604025,0.9315056646199082,0.9469870640248894,0.8465066583003825,0.1749893207637537
87,2.9022954940795898,1.009135295230274,0.044773197174072264,0.004785183988127062,64,10,0.0001,500,128,256,0.25,4,3,32,0.0001,"{'model__batch_size': 64, 'model__callbacks__early_stopping__patience': 10, 'model__lr': 0.0001, 'model__max_epochs': 500, 'model__module__d_model': 128, 'model__module__dim_feedforward': 256, 'model__module__dropout': 0.25, 'model__module__nhead': 4, 'model__module__num_layers': 3, 'model__module__patch_size': 32, 'model__optimizer__weight_decay': 0.0001}",0.9790165988098967,0.5497835497835498,0.7361702127659575,0.4907407407407407,0.8367816091954023,0.7184985422591093,0.18028377325198525,158,0.8842429577464789,0.6907672691817295,0.9329377278901838,0.8390590260345693,0.904995145107347,0.8504004251920616,0.08549816211086098
88,4.461112785339355,1.6655195441146773,0.04574084281921387,0.0063156178019026345,64,10,0.0001,500,128,384,0.1,4,2,16,0.0001,"{'model__batch_size': 64, 'model__callbacks__early_stopping__patience': 10, 'model__lr': 0.0001, 'model__max_epochs': 500, 'model__module__d_model': 128, 'model__module__dim_feedforward': 384, 'model__module__dropout': 0.1, 'model__module__nhead': 4, 'model__module__num_layers': 2, 'model__module__patch_size': 16, 'model__optimizer__weight_decay': 0.0001}",0.9339901477832513,0.42342342342342343,0.7974591651542651,0.641648035771319,0.8317173023055375,0.7256476148875592,0.17788180320195987,116,0.8973286487089398,0.4153846153846154,0.9953132924120804,0.9266615737203973,0.8951126457360872,0.8259601551924239,0.2084557811543578
89,2.715583658218384,0.8284765038971075,0.043557357788085935,0.00409313688449092,64,10,0.0001,500,128,384,0.1,4,2,32,0.0001,"{'model__batch_size': 64, 'model__callbacks__early_stopping__patience': 10, 'model__lr': 0.0001, 'model__max_epochs': 500, 'model__module__d_model': 128, 'model__module__dim_feedforward': 384, 'model__module__dropout': 0.1, 'model__module__nhead': 4, 'model__module__num_layers': 2, 'model__module__patch_size': 32, 'model__optimizer__weight_decay': 0.0001}",0.93704979642969,0.5304625199362042,0.7361702127659575,0.6549019607843137,0.8542692939244663,0.7425707567681263,0.14353769466956903,44,0.8577865897620764,0.524383373747765,0.9715136054421769,0.8897102897102898,0.9142242093061765,0.8315236135936969,0.15801718038002782
90,4.341851854324341,1.6238528718807597,0.04826502799987793,0.004818427038672154,64,10,0.0001,500,128,384,0.1,4,3,16,0.0001,"{'model__batch_size': 64, 'model__callbacks__early_stopping__patience': 10, 'model__lr': 0.0001, 'model__max_epochs': 500, 'model__module__d_model': 128, 'model__module__dim_feedforward': 384, 'model__module__dropout': 0.1, 'model__module__nhead': 4, 'model__module__num_layers': 3, 'model__module__patch_size': 16, 'model__optimizer__weight_decay': 0.0001}",0.9339901477832513,0.42342342342342343,0.7974591651542651,0.5467032967032968,0.807105538140021,0.7017363142408514,0.18745702571480166,221,0.9153796653796653,0.4217391304347826,0.9674661394655151,0.8363761930902587,0.898775403856175,0.8079473064452793,0.19758677583626677
91,3.0070607662200928,0.9891710098939921,0.04167752265930176,0.0030603658947646072,64,10,0.0001,500,128,384,0.1,4,3,32,0.0001,"{'model__batch_size': 64, 'model__callbacks__early_stopping__patience': 10, 'model__lr': 0.0001, 'model__max_epochs': 500, 'model__module__d_model': 128, 'model__module__dim_feedforward': 384, 'model__module__dropout': 0.1, 'model__module__nhead': 4, 'model__module__num_layers': 3, 'model__module__patch_size': 32, 'model__optimizer__weight_decay': 0.0001}",0.9790165988098967,0.4074074074074074,0.7232142857142857,0.7127552728490123,0.8230897009966778,0.7290966531554559,0.18712577912483463,101,0.8923148131664679,0.4305694305694306,0.9671930468845635,0.9260918253079508,0.9000257334019557,0.8232389698660738,0.19806995351956186
92,4.004807996749878,1.3218912962455769,0.043431329727172854,0.003689150068053162,64,10,0.0001,500,128,384,0.25,4,2,16,0.0001,"{'model__batch_size': 64, 'model__callbacks__early_stopping__patience': 10, 'model__lr': 0.0001, 'model__max_epochs': 500, 'model__module__d_model': 128, 'model__module__dim_feedforward': 384, 'model__module__dropout': 0.25, 'model__module__nhead': 4, 'model__module__num_layers': 2, 'model__module__patch_size': 16, 'model__optimizer__weight_decay': 0.0001}",0.9339901477832513,0.536231884057971,0.7810593900481542,0.611764705882353,0.8525747508305648,0.7431241757204589,0.14826197006312844,43,0.9008669430833018,0.5246872942725477,0.9284684780867987,0.8825863838522067,0.9406915502633386,0.8354601299116388,0.15671815150161336
93,2.8606699466705323,0.9981483678851336,0.04144411087036133,0.0035079353683523757,64,10,0.0001,500,128,384,0.25,4,2,32,0.0001,"{'model__batch_size': 64, 'model__callbacks__early_stopping__patience': 10, 'model__lr': 0.0001, 'model__max_epochs': 500, 'model__module__d_model': 128, 'model__module__dim_feedforward': 384, 'model__module__dropout': 0.25, 'model__module__nhead': 4, 'model__module__num_layers': 2, 'model__module__patch_size': 32, 'model__optimizer__weight_decay': 0.0001}",0.9790165988098967,0.42834951456310677,0.7693452380952381,0.6042328042328042,0.834428662285351,0.7230745635972793,0.19028045317317527,130,0.9386319171468059,0.4521409214092141,0.966910662315901,0.8933370808228082,0.9290874244434616,0.8360216012276382,0.19337606430761647
94,4.531136178970337,1.6865321277150238,0.044951248168945315,0.005119417603370416,64,10,0.0001,500,128,384,0.25,4,3,16,0.0001,"{'model__batch_size': 64, 'model__callbacks__early_stopping__patience': 10, 'model__lr': 0.0001, 'model__max_epochs': 500, 'model__module__d_model': 128, 'model__module__dim_feedforward': 384, 'model__module__dropout': 0.25, 'model__module__nhead': 4, 'model__module__num_layers': 3, 'model__module__patch_size': 16, 'model__optimizer__weight_decay': 0.0001}",0.957051282051282,0.48282828282828283,0.8241134751773049,0.5111111111111111,0.8043247827008693,0.71588578677377,0.18651753407562607,169,0.9435864435864436,0.4789492043899428,0.9533296182780719,0.8363761930902587,0.8875282265068611,0.8199539371703157,0.17560994949099246
95,2.9811020851135255,0.9884613417583331,0.043924570083618164,0.0029012688611762677,64,10,0.0001,500,128,384,0.25,4,3,32,0.0001,"{'model__batch_size': 64, 'model__callbacks__early_stopping__patience': 10, 'model__lr': 0.0001, 'model__max_epochs': 500, 'model__module__d_model': 128, 'model__module__dim_feedforward': 384, 'model__module__dropout': 0.25, 'model__module__nhead': 4, 'model__module__num_layers': 3, 'model__module__patch_size': 32, 'model__optimizer__weight_decay': 0.0001}",0.957051282051282,0.42342342342342343,0.7074410163339383,0.7127552728490123,0.8542692939244663,0.7309880577164245,0.1798809308778073,88,0.9071068726414218,0.4179431072210066,0.9811731647348085,0.9155049786628734,0.8938181033552702,0.8231092453230762,0.20481021342846725
96,3.0879467964172362,0.9639648639921039,0.04644708633422852,0.007854729352743981,64,10,0.0002,500,96,128,0.1,4,2,16,0.0001,"{'model__batch_size': 64, 'model__callbacks__early_stopping__patience': 10, 'model__lr': 0.0002, 'model__max_epochs': 500, 'model__module__d_model': 96, 'model__module__dim_feedforward': 128, 'model__module__dropout': 0.1, 'model__module__nhead': 4, 'model__module__num_layers': 2, 'model__module__patch_size': 16, 'model__optimizer__weight_decay': 0.0001}",0.957051282051282,0.39622641509433965,0.8154761904761905,0.6042328042328042,0.8505892255892256,0.7247151834887685,0.20024124062330176,122,0.8735869545867232,0.5209881553250311,0.9719977709668431,0.944996180290298,0.9111339852461828,0.8445406092830157,0.16510675829341703
97,2.41245813369751,0.7520887555418806,0.04169530868530273,0.0039155745280390775,64,10,0.0002,500,96,128,0.1,4,2,32,0.0001,"{'model__batch_size': 64, 'model__callbacks__early_stopping__patience': 10, 'model__lr': 0.0002, 'model__max_epochs': 500, 'model__module__d_model': 96, 'model__module__dim_feedforward': 128, 'model__module__dropout': 0.1, 'model__module__nhead': 4, 'model__module__num_layers': 2, 'model__module__patch_size': 32, 'model__optimizer__weight_decay': 0.0001}",0.8950829940494833,0.4602126879354602,0.7693452380952381,0.6549019607843137,0.7908249158249159,0.7140735593378823,0.1480923797867069,176,0.923502036067481,0.5074999329165213,0.9859398772362415,0.9242630710750914,0.8875282265068611,0.8457466287604392,0.17205894987300363
98,3.8608816146850584,0.6991770692505386,0.04466667175292969,0.003330367563845249,64,10,0.0002,500,96,128,0.1,4,3,16,0.0001,"{'model__batch_size': 64, 'model__callbacks__early_stopping__patience': 10, 'model__lr': 0.0002, 'model__max_epochs': 500, 'model__module__d_model': 96, 'model__module__dim_feedforward': 128, 'model__module__dropout': 0.1, 'model__module__nhead': 4, 'model__module__num_layers': 3, 'model__module__patch_size': 16, 'model__optimizer__weight_decay': 0.0001}",0.9589460784313726,0.7596996245306633,0.7801418439716312,0.4731494920174166,0.8230897009966778,0.7590053479895523,0.15889864937489487,20,0.9153796653796653,0.9473996440577418,0.9470688571685071,0.8241109210407851,0.9520222290830503,0.9171962633459498,0.048343861943108
99,2.6364160537719727,0.3033595536591066,0.04295082092285156,0.0027532002041996016,64,10,0.0002,500,96,128,0.1,4,3,32,0.0001,"{'model__batch_size': 64, 'model__callbacks__early_stopping__patience': 10, 'model__lr': 0.0002, 'model__max_epochs': 500, 'model__module__d_model': 96, 'model__module__dim_feedforward': 128, 'model__module__dropout': 0.1, 'model__module__nhead': 4, 'model__module__num_layers': 3, 'model__module__patch_size': 32, 'model__optimizer__weight_decay': 0.0001}",0.957051282051282,0.734609250398724,0.7074410163339383,0.6838070903864579,0.8179487179487179,0.780171471423824,0.09936328977811133,8,0.8963653763158388,0.8790909090909091,0.9516594516594516,0.9068783068783068,0.849109936346963,0.8966207960582938,0.03376126213709857
100,3.150492858886719,1.1245736915796383,0.04268479347229004,0.0013140058475148127,64,10,0.0002,500,96,128,0.25,4,2,16,0.0001,"{'model__batch_size': 64, 'model__callbacks__early_stopping__patience': 10, 'model__lr': 0.0002, 'model__max_epochs': 500, 'model__module__d_model': 96, 'model__module__dim_feedforward': 128, 'model__module__dropout': 0.25, 'model__module__nhead': 4, 'model__module__num_layers': 2, 'model__module__patch_size': 16, 'model__optimizer__weight_decay': 0.0001}",0.957051282051282,0.42342342342342343,0.8540031397174255,0.5757575757575757,0.8043247827008693,0.7229120407301151,0.19492663418475034,131,0.8919393396085462,0.4217391304347826,0.9671930468845635,0.8858427743665138,0.8860837438423645,0.8105596070273542,0.19682962627634648
101,2.458038663864136,0.7593885952916519,0.042642641067504886,0.003436161917788295,64,10,0.0002,500,96,128,0.25,4,2,32,0.0001,"{'model__batch_size': 64, 'model__callbacks__early_stopping__patience': 10, 'model__lr': 0.0002, 'model__max_epochs': 500, 'model__module__d_model': 96, 'model__module__dim_feedforward': 128, 'model__module__dropout': 0.25, 'model__module__nhead': 4, 'model__module__num_layers': 2, 'model__module__patch_size': 32, 'model__optimizer__weight_decay': 0.0001}",0.8768382352941176,0.3904761904761905,0.7869415807560137,0.6549019607843137,0.8043247827008693,0.7026965500023009,0.17176537783006932,215,0.9153796653796653,0.47612387612387613,0.9811731647348085,0.9286936166381561,0.8924724134163662,0.8387685472585744,0.1836464643514415
102,3.5613041877746583,0.6856714555121293,0.04786067008972168,0.00697974248805404,64,10,0.0002,500,96,128,0.25,4,3,16,0.0001,"{'model__batch_size': 64, 'model__callbacks__early_stopping__patience': 10, 'model__lr': 0.0002, 'model__max_epochs': 500, 'model__module__d_model': 96, 'model__module__dim_feedforward': 128, 'model__module__dropout': 0.25, 'model__module__nhead': 4, 'model__module__num_layers': 3, 'model__module__patch_size': 16, 'model__optimizer__weight_decay': 0.0001}",0.9589460784313726,0.69377990430622,0.8342878961435662,0.4731494920174166,0.8542692939244663,0.7628865329646084,0.1676971007826058,17,0.8745960264900663,0.8690151515151515,0.9570810868520792,0.8129870129870129,0.9469870640248894,0.8921332683738399,0.05354118030852179
103,2.415148115158081,0.700882717349943,0.04152073860168457,0.004416268663388611,64,10,0.0002,500,96,128,0.25,4,3,32,0.0001,"{'model__batch_size': 64, 'model__callbacks__early_stopping__patience': 10, 'model__lr': 0.0002, 'model__max_epochs': 500, 'model__module__d_model': 96, 'model__module__dim_feedforward': 128, 'model__module__dropout': 0.25, 'model__module__nhead': 4, 'model__module__num_layers': 3, 'model__module__patch_size': 32, 'model__optimizer__weight_decay': 0.0001}",0.957051282051282,0.41818181818181815,0.7693452380952381,0.6699999999999999,0.8286153170945798,0.7286387310845835,0.18091247964397736,103,0.9071068726414218,0.4363565822067031,0.9663165454708682,0.9026121172729987,0.8663780534308338,0.8157540342045652,0.19238708656700462
104,2.9748504161834717,0.9428776218846178,0.04576849937438965,0.00987750451244102,64,10,0.0002,500,96,256,0.1,4,2,16,0.0001,"{'model__batch_size': 64, 'model__callbacks__early_stopping__patience': 10, 'model__lr': 0.0002, 'model__max_epochs': 500, 'model__module__d_model': 96, 'model__module__dim_feedforward': 256, 'model__module__dropout': 0.1, 'model__module__nhead': 4, 'model__module__num_layers': 2, 'model__module__patch_size': 16, 'model__optimizer__weight_decay': 0.0001}",0.93704979642969,0.41284403669724773,0.7869415807560137,0.6042328042328042,0.8043247827008693,0.709078600163325,0.18212792365703392,194,0.878758865248227,0.5074948639257362,0.9435194942044257,0.9266615737203973,0.9111339852461828,0.8335137564689937,0.16440080065037244
105,2.2463395595550537,0.6806962999751756,0.04102559089660644,0.0037907809436130303,64,10,0.0002,500,96,256,0.1,4,2,32,0.0001,"{'model__batch_size': 64, 'model__callbacks__early_stopping__patience': 10, 'model__lr': 0.0002, 'model__max_epochs': 500, 'model__module__d_model': 96, 'model__module__dim_feedforward': 256, 'model__module__dropout': 0.1, 'model__module__nhead': 4, 'model__module__num_layers': 2, 'model__module__patch_size': 32, 'model__optimizer__weight_decay': 0.0001}",0.9589460784313726,0.35353535353535354,0.8154761904761905,0.6838070903864579,0.8179487179487179,0.7259426861556184,0.20554054048503734,114,0.8914256995674259,0.4984372982048302,0.9905865823674043,0.8933370808228082,0.8845811051693404,0.8316735532263617,0.17115587700815751
106,3.5805063247680664,1.1474603295273895,0.04662938117980957,0.0024106495124084585,64,10,0.0002,500,96,256,0.1,4,3,16,0.0001,"{'model__batch_size': 64, 'model__callbacks__early_stopping__patience': 10, 'model__lr': 0.0002, 'model__max_epochs': 500, 'model__module__d_model': 96, 'model__module__dim_feedforward': 256, 'model__module__dropout': 0.1, 'model__module__nhead': 4, 'model__module__num_layers': 3, 'model__module__patch_size': 16, 'model__optimizer__weight_decay': 0.0001}",0.9589460784313726,0.4684385382059801,0.8241134751773049,0.592032967032967,0.8043247827008693,0.7295711683096988,0.17563952138459196,98,0.9341841841841841,0.5781322884597444,0.9425180524773004,0.944996180290298,0.8951126457360872,0.8589886702295229,0.14157264113639026
107,2.6025760173797607,0.8492242297568173,0.0430753231048584,0.003763223929908942,64,10,0.0002,500,96,256,0.1,4,3,32,0.0001,"{'model__batch_size': 64, 'model__callbacks__early_stopping__patience': 10, 'model__lr': 0.0002, 'model__max_epochs': 500, 'model__module__d_model': 96, 'model__module__dim_feedforward': 256, 'model__module__dropout': 0.1, 'model__module__nhead': 4, 'model__module__num_layers': 3, 'model__module__patch_size': 32, 'model__optimizer__weight_decay': 0.0001}",0.9605882352941176,0.42342342342342343,0.7395952653684612,0.6507936507936507,0.8505892255892256,0.7249979600937756,0.18327165942701018,120,0.933633741888969,0.4217391304347826,0.9195919591959196,0.9485753749712242,0.8889174815577285,0.8224915376097247,0.20134205391520224
108,3.13196005821228,0.9888834051796817,0.04563546180725098,0.007322159411827105,64,10,0.0002,500,96,256,0.25,4,2,16,0.0001,"{'model__batch_size': 64, 'model__callbacks__early_stopping__patience': 10, 'model__lr': 0.0002, 'model__max_epochs': 500, 'model__module__d_model': 96, 'model__module__dim_feedforward': 256, 'model__module__dropout': 0.25, 'model__module__nhead': 4, 'model__module__num_layers': 2, 'model__module__patch_size': 16, 'model__optimizer__weight_decay': 0.0001}",0.9798979897989799,0.42342342342342343,0.7869415807560137,0.6168359941944848,0.8179487179487179,0.7250095412243238,0.18978782470685174,119,0.8856621163377099,0.43201754385964913,0.9439955419336863,0.9118871537231894,0.9111339852461828,0.8169392682200837,0.193348703696266
109,2.222759962081909,0.7018863453533659,0.04423389434814453,0.0037318454719428955,64,10,0.0002,500,96,256,0.25,4,2,32,0.0001,"{'model__batch_size': 64, 'model__callbacks__early_stopping__patience': 10, 'model__lr': 0.0002, 'model__max_epochs': 500, 'model__module__d_model': 96, 'model__module__dim_feedforward': 256, 'model__module__dropout': 0.25, 'model__module__nhead': 4, 'model__module__num_layers': 2, 'model__module__patch_size': 32, 'model__optimizer__weight_decay': 0.0001}",0.93704979642969,0.38461538461538464,0.7869415807560137,0.6699999999999999,0.8317173023055375,0.7220648128213252,0.18922688391212358,136,0.9079487887998526,0.4741895402688354,0.9905865823674043,0.8933370808228082,0.8779973531325005,0.8288118690782802,0.18153425065554707
110,3.392665910720825,0.6343221805379223,0.04241652488708496,0.003137205973093433,64,10,0.0002,500,96,256,0.25,4,3,16,0.0001,"{'model__batch_size': 64, 'model__callbacks__early_stopping__patience': 10, 'model__lr': 0.0002, 'model__max_epochs': 500, 'model__module__d_model': 96, 'model__module__dim_feedforward': 256, 'model__module__dropout': 0.25, 'model__module__nhead': 4, 'model__module__num_layers': 3, 'model__module__patch_size': 16, 'model__optimizer__weight_decay': 0.0001}",0.9396939693969397,0.7443932411674348,0.8241134751773049,0.4731494920174166,0.8230897009966778,0.7608879757511546,0.15678240529806922,18,0.9396203090507727,0.8782653266699618,0.9620181405895691,0.8129870129870129,0.8860837438423645,0.8957949066279361,0.05208631820211155
111,2.6400630474090576,0.8266380974731711,0.041019010543823245,0.00295607751836724,64,10,0.0002,500,96,256,0.25,4,3,32,0.0001,"{'model__batch_size': 64, 'model__callbacks__early_stopping__patience': 10, 'model__lr': 0.0002, 'model__max_epochs': 500, 'model__module__d_model': 96, 'model__module__dim_feedforward': 256, 'model__module__dropout': 0.25, 'model__module__nhead': 4, 'model__module__num_layers': 3, 'model__module__patch_size': 32, 'model__optimizer__weight_decay': 0.0001}",0.957051282051282,0.5008805031446542,0.7524500907441016,0.6838070903864579,0.8556910569105691,0.749976004647413,0.15523456958570117,32,0.9358452329574241,0.7214659685863873,0.9905865823674043,0.9168533034714446,0.9061534198691306,0.8941809014503581,0.09112387050373744
112,2.900005912780762,0.9037107065064749,0.04316105842590332,0.002822184311214748,64,10,0.0002,500,96,384,0.1,4,2,16,0.0001,"{'model__batch_size': 64, 'model__callbacks__early_stopping__patience': 10, 'model__lr': 0.0002, 'model__max_epochs': 500, 'model__module__d_model': 96, 'model__module__dim_feedforward': 384, 'model__module__dropout': 0.1, 'model__module__nhead': 4, 'model__module__num_layers': 2, 'model__module__patch_size': 16, 'model__optimizer__weight_decay': 0.0001}",0.9240362811791383,0.3904761904761905,0.7869415807560137,0.5576719576719577,0.8542692939244663,0.7026790608015533,0.19878454781901847,216,0.8888776217275938,0.5370597870597871,0.933531746031746,0.917494270435447,0.9023869346733668,0.8358700719855883,0.15014805498506756
113,2.091581344604492,0.6338648019425546,0.04167947769165039,0.0014977333052561767,64,10,0.0002,500,96,384,0.1,4,2,32,0.0001,"{'model__batch_size': 64, 'model__callbacks__early_stopping__patience': 10, 'model__lr': 0.0002, 'model__max_epochs': 500, 'model__module__d_model': 96, 'model__module__dim_feedforward': 384, 'model__module__dropout': 0.1, 'model__module__nhead': 4, 'model__module__num_layers': 2, 'model__module__patch_size': 32, 'model__optimizer__weight_decay': 0.0001}",0.957051282051282,0.45883400089007564,0.7974591651542651,0.6373626373626373,0.8043247827008693,0.731006373631826,0.16954929257194098,87,0.8919393396085462,0.4489861415025529,0.9516594516594516,0.9045138888888888,0.8938181033552702,0.8181833850029421,0.18586875602940914
114,3.2073570251464845,1.3669173174874378,0.046000003814697266,0.0023753295300695293,64,10,0.0002,500,96,384,0.1,4,3,16,0.0001,"{'model__batch_size': 64, 'model__callbacks__early_stopping__patience': 10, 'model__lr': 0.0002, 'model__max_epochs': 500, 'model__module__d_model': 96, 'model__module__dim_feedforward': 384, 'model__module__dropout': 0.1, 'model__module__nhead': 4, 'model__module__num_layers': 3, 'model__module__patch_size': 16, 'model__optimizer__weight_decay': 0.0001}",0.957051282051282,0.5058530510585305,0.7974591651542651,0.6306332842415316,0.8664576802507837,0.7514908925512787,0.16280665143108086,29,0.919749430115054,0.7426092759426093,0.9620181405895691,0.7854263771625724,0.9514749047609135,0.8722556257141436,0.0904833234569072
115,2.5813950061798097,0.17594934240824467,0.04231958389282227,0.004759570469120196,64,10,0.0002,500,96,384,0.1,4,3,32,0.0001,"{'model__batch_size': 64, 'model__callbacks__early_stopping__patience': 10, 'model__lr': 0.0002, 'model__max_epochs': 500, 'model__module__d_model': 96, 'model__module__dim_feedforward': 384, 'model__module__dropout': 0.1, 'model__module__nhead': 4, 'model__module__num_layers': 3, 'model__module__patch_size': 32, 'model__optimizer__weight_decay': 0.0001}",0.9097035040431267,0.775438596491228,0.759793370641412,0.6826923076923077,0.8207070707070707,0.789666969915029,0.07471373941140837,4,0.8919393396085462,0.9231491513181654,0.8845912934544315,0.8831258522073276,0.898775403856175,0.8963162080889291,0.014537335211992485
116,3.3823015689849854,0.27959568240664634,0.046222877502441403,0.0028221559548666057,64,10,0.0002,500,96,384,0.25,4,2,16,0.0001,"{'model__batch_size': 64, 'model__callbacks__early_stopping__patience': 10, 'model__lr': 0.0002, 'model__max_epochs': 500, 'model__module__d_model': 96, 'model__module__dim_feedforward': 384, 'model__module__dropout': 0.25, 'model__module__nhead': 4, 'model__module__num_layers': 2, 'model__module__patch_size': 16, 'model__optimizer__weight_decay': 0.0001}",0.9211764705882353,0.7443932411674348,0.8154761904761905,0.6243722798794777,0.8317173023055375,0.7874270968833752,0.09907174672944152,5,0.9016787424563402,0.942361863488624,0.9620181405895691,0.9255026455026455,0.9132328308207706,0.9289588445715898,0.021335485751247087
117,2.045580768585205,0.5920229363657912,0.04376873970031738,0.002409778188133295,64,10,0.0002,500,96,384,0.25,4,2,32,0.0001,"{'model__batch_size': 64, 'model__callbacks__early_stopping__patience': 10, 'model__lr': 0.0002, 'model__max_epochs': 500, 'model__module__d_model': 96, 'model__module__dim_feedforward': 384, 'model__module__dropout': 0.25, 'model__module__nhead': 4, 'model__module__num_layers': 2, 'model__module__patch_size': 32, 'model__optimizer__weight_decay': 0.0001}",0.9790165988098967,0.42342342342342343,0.7974591651542651,0.6373626373626373,0.8043247827008693,0.7283173214902183,0.18689082374299398,107,0.919749430115054,0.4363565822067031,0.9414463622460126,0.9001710632934186,0.8840718716030437,0.8163590618928463,0.19097002995025347
118,3.4599843978881837,1.67406627645828,0.04657492637634277,0.007642329954446933,64,10,0.0002,500,96,384,0.25,4,3,16,0.0001,"{'model__batch_size': 64, 'model__callbacks__early_stopping__patience': 10, 'model__lr': 0.0002, 'model__max_epochs': 500, 'model__module__d_model': 96, 'model__module__dim_feedforward': 384, 'model__module__dropout': 0.25, 'model__module__nhead': 4, 'model__module__num_layers': 3, 'model__module__patch_size': 16, 'model__optimizer__weight_decay': 0.0001}",0.9589460784313726,0.5866701110824076,0.8154761904761905,0.46455026455026455,0.8505892255892256,0.7352463740258921,0.18173257506622276,69,0.9173648931713447,0.6987434159670664,0.9671930468845635,0.8166539343009931,0.9630941475826972,0.872609887581333,0.10246658432507928
119,2.2847697257995607,0.3497968487293067,0.041060447692871094,0.005956291214047589,64,10,0.0002,500,96,384,0.25,4,3,32,0.0001,"{'model__batch_size': 64, 'model__callbacks__early_stopping__patience': 10, 'model__lr': 0.0002, 'model__max_epochs': 500, 'model__module__d_model': 96, 'model__module__dim_feedforward': 384, 'model__module__dropout': 0.25, 'model__module__nhead': 4, 'model__module__num_layers': 3, 'model__module__patch_size': 32, 'model__optimizer__weight_decay': 0.0001}",0.957051282051282,0.6908212560386473,0.7244444444444444,0.592032967032967,0.7908249158249159,0.7510349730784514,0.12135925590232455,30,0.8619422572178478,0.8728021775914074,0.9362640177085049,0.8205490196078431,0.8889174815577285,0.8760949907366664,0.03763303195519171
120,2.676334190368652,0.6876350557822642,0.04348897933959961,0.0026575620398554137,64,10,0.0002,500,128,128,0.1,4,2,16,0.0001,"{'model__batch_size': 64, 'model__callbacks__early_stopping__patience': 10, 'model__lr': 0.0002, 'model__max_epochs': 500, 'model__module__d_model': 128, 'model__module__dim_feedforward': 128, 'model__module__dropout': 0.1, 'model__module__nhead': 4, 'model__module__num_layers': 2, 'model__module__patch_size': 16, 'model__optimizer__weight_decay': 0.0001}",0.9178921568627452,0.42342342342342343,0.805337519623234,0.668563776364245,0.8179487179487179,0.7266331188444731,0.1711263328063788,112,0.9000271517784415,0.4910714285714286,0.901470588235294,0.9161904761904762,0.901228813559322,0.8219976916669924,0.1655696716631637
121,1.8913148880004882,0.6141233182948559,0.042022323608398436,0.0015500374954512408,64,10,0.0002,500,128,128,0.1,4,2,32,0.0001,"{'model__batch_size': 64, 'model__callbacks__early_stopping__patience': 10, 'model__lr': 0.0002, 'model__max_epochs': 500, 'model__module__d_model': 128, 'model__module__dim_feedforward': 128, 'model__module__dropout': 0.1, 'model__module__nhead': 4, 'model__module__num_layers': 2, 'model__module__patch_size': 32, 'model__optimizer__weight_decay': 0.0001}",0.9589460784313726,0.42342342342342343,0.7361702127659575,0.641648035771319,0.8317173023055375,0.7183810105395221,0.18106410480880172,159,0.9221317542561065,0.4217391304347826,0.9813318473112288,0.8644259885605001,0.8663780534308338,0.8112013547986905,0.1994031554032407
122,3.588777446746826,0.33021157403413587,0.04866814613342285,0.007884617757919576,64,10,0.0002,500,128,128,0.1,4,3,16,0.0001,"{'model__batch_size': 64, 'model__callbacks__early_stopping__patience': 10, 'model__lr': 0.0002, 'model__max_epochs': 500, 'model__module__d_model': 128, 'model__module__dim_feedforward': 128, 'model__module__dropout': 0.1, 'model__module__nhead': 4, 'model__module__num_layers': 3, 'model__module__patch_size': 16, 'model__optimizer__weight_decay': 0.0001}",0.8994899489948995,0.775438596491228,0.8246464646464646,0.611764705882353,0.8482905982905983,0.7919260628611087,0.09853682179074483,2,0.8745960264900663,0.9288960171077252,0.9717597471022128,0.9125751633986928,0.8614973262032086,0.9098648560603811,0.0394558403218146
123,2.154002571105957,0.13292110727576495,0.04348564147949219,0.0024302383637164085,64,10,0.0002,500,128,128,0.1,4,3,32,0.0001,"{'model__batch_size': 64, 'model__callbacks__early_stopping__patience': 10, 'model__lr': 0.0002, 'model__max_epochs': 500, 'model__module__d_model': 128, 'model__module__dim_feedforward': 128, 'model__module__dropout': 0.1, 'model__module__nhead': 4, 'model__module__num_layers': 3, 'model__module__patch_size': 32, 'model__optimizer__weight_decay': 0.0001}",0.9790165988098967,0.69377990430622,0.7232142857142857,0.6980392156862745,0.8207070707070707,0.7829514150447496,0.10825637197623272,6,0.8963653763158388,0.844611528822055,0.9181973247149655,0.8779516358463727,0.9122033898305084,0.8898658511059482,0.02658489823832187
124,2.7507569789886475,0.8279513185801529,0.043517255783081056,0.002844036813453099,64,10,0.0002,500,128,128,0.25,4,2,16,0.0001,"{'model__batch_size': 64, 'model__callbacks__early_stopping__patience': 10, 'model__lr': 0.0002, 'model__max_epochs': 500, 'model__module__d_model': 128, 'model__module__dim_feedforward': 128, 'model__module__dropout': 0.25, 'model__module__nhead': 4, 'model__module__num_layers': 2, 'model__module__patch_size': 16, 'model__optimizer__weight_decay': 0.0001}",0.9141025641025642,0.42342342342342343,0.7974591651542651,0.668563776364245,0.8207070707070707,0.7248511999503137,0.1698842676170954,121,0.8767483777937995,0.45564159292035394,0.9674661394655151,0.8949652777777778,0.9299081957657639,0.8249459167446421,0.18724368261026478
125,1.9584618091583252,0.5441231206203458,0.03798456192016601,0.0022849067323533587,64,10,0.0002,500,128,128,0.25,4,2,32,0.0001,"{'model__batch_size': 64, 'model__callbacks__early_stopping__patience': 10, 'model__lr': 0.0002, 'model__max_epochs': 500, 'model__module__d_model': 128, 'model__module__dim_feedforward': 128, 'model__module__dropout': 0.25, 'model__module__nhead': 4, 'model__module__num_layers': 2, 'model__module__patch_size': 32, 'model__optimizer__weight_decay': 0.0001}",0.9790165988098967,0.40186915887850466,0.7745454545454545,0.668563776364245,0.8179487179487179,0.7283887413093637,0.19139478503303847,106,0.9087622560207416,0.4489861415025529,0.9562908866861171,0.9534391534391534,0.8762810491575472,0.8287518973612225,0.19219563611719634
126,3.391097068786621,1.038839345646006,0.04446344375610352,0.0019106181755828226,64,10,0.0002,500,128,128,0.25,4,3,16,0.0001,"{'model__batch_size': 64, 'model__callbacks__early_stopping__patience': 10, 'model__lr': 0.0002, 'model__max_epochs': 500, 'model__module__d_model': 128, 'model__module__dim_feedforward': 128, 'model__module__dropout': 0.25, 'model__module__nhead': 4, 'model__module__num_layers': 3, 'model__module__patch_size': 16, 'model__optimizer__weight_decay': 0.0001}",0.9339901477832513,0.42342342342342343,0.8154761904761905,0.641648035771319,0.8043247827008693,0.7237725160310107,0.17665995129629447,126,0.8756908086096568,0.4684514521912896,0.9626636946224575,0.9358288770053476,0.8875282265068611,0.8260326117871225,0.1815682821926515
127,2.051316165924072,0.5438422042678712,0.039954090118408205,0.0014100889544252466,64,10,0.0002,500,128,128,0.25,4,3,32,0.0001,"{'model__batch_size': 64, 'model__callbacks__early_stopping__patience': 10, 'model__lr': 0.0002, 'model__max_epochs': 500, 'model__module__d_model': 128, 'model__module__dim_feedforward': 128, 'model__module__dropout': 0.25, 'model__module__nhead': 4, 'model__module__num_layers': 3, 'model__module__patch_size': 32, 'model__optimizer__weight_decay': 0.0001}",0.957051282051282,0.4775510204081632,0.7316017316017316,0.6168359941944848,0.8043247827008693,0.7174729621913062,0.16299139221099643,162,0.871078431372549,0.5477508986689983,0.9763647587970721,0.8621409921671018,0.8796068796068797,0.8273883921225202,0.14576310832799977
128,2.394584798812866,0.7191146314618709,0.04202747344970703,0.0009329893612147024,64,10,0.0002,500,128,256,0.1,4,2,16,0.0001,"{'model__batch_size': 64, 'model__callbacks__early_stopping__patience': 10, 'model__lr': 0.0002, 'model__max_epochs': 500, 'model__module__d_model': 128, 'model__module__dim_feedforward': 256, 'model__module__dropout': 0.1, 'model__module__nhead': 4, 'model__module__num_layers': 2, 'model__module__patch_size': 16, 'model__optimizer__weight_decay': 0.0001}",0.957051282051282,0.42342342342342343,0.7801418439716312,0.592032967032967,0.7774294670846396,0.7060157967127887,0.18246311024449166,202,0.8829508838765956,0.4217391304347826,0.9390728013570466,0.8840620443726176,0.8778092297135014,0.8011268179509088,0.19100666668819669
129,1.8262876987457275,0.5853455074814313,0.041935157775878903,0.002978968899559158,64,10,0.0002,500,128,256,0.1,4,2,32,0.0001,"{'model__batch_size': 64, 'model__callbacks__early_stopping__patience': 10, 'model__lr': 0.0002, 'model__max_epochs': 500, 'model__module__d_model': 128, 'model__module__dim_feedforward': 256, 'model__module__dropout': 0.1, 'model__module__nhead': 4, 'model__module__num_layers': 2, 'model__module__patch_size': 32, 'model__optimizer__weight_decay': 0.0001}",0.9790165988098967,0.41818181818181815,0.7080062794348508,0.6168359941944848,0.8207070707070707,0.7085495522656243,0.18892158430720712,196,0.8842429577464789,0.4217391304347826,0.9905865823674043,0.871648509948681,0.8889174815577285,0.811426932411015,0.19944340567459357
130,3.3408509731292724,0.4637935500580651,0.04454436302185059,0.0033233715578682996,64,10,0.0002,500,128,256,0.1,4,3,16,0.0001,"{'model__batch_size': 64, 'model__callbacks__early_stopping__patience': 10, 'model__lr': 0.0002, 'model__max_epochs': 500, 'model__module__d_model': 128, 'model__module__dim_feedforward': 256, 'model__module__dropout': 0.1, 'model__module__nhead': 4, 'model__module__num_layers': 3, 'model__module__patch_size': 16, 'model__optimizer__weight_decay': 0.0001}",0.9339901477832513,0.7294685990338164,0.8540031397174255,0.668563776364245,0.8094943240454076,0.7991039973888292,0.09295804031269284,1,0.8484375290465302,0.876217067583047,0.9480024693535585,0.9168533034714446,0.9122033898305084,0.9003427518570177,0.03452802489658105
131,2.3341347694396974,0.17952494594137025,0.042699241638183595,0.0033335597353678814,64,10,0.0002,500,128,256,0.1,4,3,32,0.0001,"{'model__batch_size': 64, 'model__callbacks__early_stopping__patience': 10, 'model__lr': 0.0002, 'model__max_epochs': 500, 'model__module__d_model': 128, 'model__module__dim_feedforward': 256, 'model__module__dropout': 0.1, 'model__module__nhead': 4, 'model__module__num_layers': 3, 'model__module__patch_size': 32, 'model__optimizer__weight_decay': 0.0001}",0.93704979642969,0.6795994993742178,0.8154761904761905,0.6042328042328042,0.8681114551083591,0.7808939491242523,0.12219427079794702,7,0.9087622560207416,0.8518270944741533,0.9715136054421769,0.896728307254623,0.9161721868594239,0.9090006900102239,0.038415578138692896
132,2.6606114864349366,0.8151747921210004,0.0444857120513916,0.003815570414274324,64,10,0.0002,500,128,256,0.25,4,2,16,0.0001,"{'model__batch_size': 64, 'model__callbacks__early_stopping__patience': 10, 'model__lr': 0.0002, 'model__max_epochs': 500, 'model__module__d_model': 128, 'model__module__dim_feedforward': 256, 'model__module__dropout': 0.25, 'model__module__nhead': 4, 'model__module__num_layers': 2, 'model__module__patch_size': 16, 'model__optimizer__weight_decay': 0.0001}",0.9033189033189033,0.42342342342342343,0.7801418439716312,0.5576719576719577,0.7936046511627908,0.6916321559097414,0.1748856155270868,258,0.8783095984782274,0.4217391304347826,0.9674661394655151,0.8854166666666667,0.8951126457360872,0.8096088361562558,0.19653974671170865
133,1.947270679473877,0.619786580288525,0.04152870178222656,0.002439448928954967,64,10,0.0002,500,128,256,0.25,4,2,32,0.0001,"{'model__batch_size': 64, 'model__callbacks__early_stopping__patience': 10, 'model__lr': 0.0002, 'model__max_epochs': 500, 'model__module__d_model': 128, 'model__module__dim_feedforward': 256, 'model__module__dropout': 0.25, 'model__module__nhead': 4, 'model__module__num_layers': 2, 'model__module__patch_size': 32, 'model__optimizer__weight_decay': 0.0001}",0.957051282051282,0.41284403669724773,0.6922489499809088,0.668563776364245,0.8230897009966778,0.7107595492180723,0.18119296829181086,188,0.8938893779342723,0.544940123700487,0.9905045351473923,0.8614221724524076,0.9023869346733668,0.8386286287815852,0.1529428955861537
134,3.1171377182006834,0.90429167576115,0.043835020065307616,0.006029388105156518,64,10,0.0002,500,128,256,0.25,4,3,16,0.0001,"{'model__batch_size': 64, 'model__callbacks__early_stopping__patience': 10, 'model__lr': 0.0002, 'model__max_epochs': 500, 'model__module__d_model': 128, 'model__module__dim_feedforward': 256, 'model__module__dropout': 0.25, 'model__module__nhead': 4, 'model__module__num_layers': 3, 'model__module__patch_size': 16, 'model__optimizer__weight_decay': 0.0001}",0.9339901477832513,0.3981191222570533,0.7361702127659575,0.6042328042328042,0.8094943240454076,0.6964013222168948,0.18345972215849143,238,0.9032224149713505,0.4874505928853755,0.93410607657183,0.8882539682539683,0.9061534198691306,0.8238372945103309,0.1688447020361217
135,2.2829185962677,0.15378415589384015,0.04434394836425781,0.0024095358752051934,64,10,0.0002,500,128,256,0.25,4,3,32,0.0001,"{'model__batch_size': 64, 'model__callbacks__early_stopping__patience': 10, 'model__lr': 0.0002, 'model__max_epochs': 500, 'model__module__d_model': 128, 'model__module__dim_feedforward': 256, 'model__module__dropout': 0.25, 'model__module__nhead': 4, 'model__module__num_layers': 3, 'model__module__patch_size': 32, 'model__optimizer__weight_decay': 0.0001}",0.9790165988098967,0.734609250398724,0.7566718995290425,0.4907407407407407,0.807105538140021,0.7536288055236849,0.1569334615672168,25,0.9103081865991779,0.8858475604067544,0.9419913419913419,0.8651390206524119,0.874692118226601,0.8955956455752574,0.027671675522357993
136,2.839778709411621,0.8725267898972098,0.044574832916259764,0.0026503957995151384,64,10,0.0002,500,128,384,0.1,4,2,16,0.0001,"{'model__batch_size': 64, 'model__callbacks__early_stopping__patience': 10, 'model__lr': 0.0002, 'model__max_epochs': 500, 'model__module__d_model': 128, 'model__module__dim_feedforward': 384, 'model__module__dropout': 0.1, 'model__module__nhead': 4, 'model__module__num_layers': 2, 'model__module__patch_size': 16, 'model__optimizer__weight_decay': 0.0001}",0.9790165988098967,0.42342342342342343,0.8154761904761905,0.668563776364245,0.807105538140021,0.7387171054427553,0.1858194698499426,53,0.9079487887998526,0.4217391304347826,0.8939214023183488,0.9397122630737611,0.8889174815577285,0.8104478132368946,0.1951591695174123
137,1.9797935485839844,0.5805783966468061,0.04235472679138184,0.0035425088956561207,64,10,0.0002,500,128,384,0.1,4,2,32,0.0001,"{'model__batch_size': 64, 'model__callbacks__early_stopping__patience': 10, 'model__lr': 0.0002, 'model__max_epochs': 500, 'model__module__d_model': 128, 'model__module__dim_feedforward': 384, 'model__module__dropout': 0.1, 'model__module__nhead': 4, 'model__module__num_layers': 2, 'model__module__patch_size': 32, 'model__optimizer__weight_decay': 0.0001}",0.957051282051282,0.42342342342342343,0.7395952653684612,0.6826923076923077,0.834428662285351,0.7274381881641651,0.17818198560057164,111,0.933633741888969,0.4217391304347826,0.9763647587970721,0.9104397664577641,0.8840718716030437,0.8252498538363262,0.20402011497758565
138,3.511997842788696,0.5565196300896141,0.04216952323913574,0.005007730753058259,64,10,0.0002,500,128,384,0.1,4,3,16,0.0001,"{'model__batch_size': 64, 'model__callbacks__early_stopping__patience': 10, 'model__lr': 0.0002, 'model__max_epochs': 500, 'model__module__d_model': 128, 'model__module__dim_feedforward': 384, 'model__module__dropout': 0.1, 'model__module__nhead': 4, 'model__module__num_layers': 3, 'model__module__patch_size': 16, 'model__optimizer__weight_decay': 0.0001}",0.957051282051282,0.6768636768636769,0.7869415807560137,0.6042328042328042,0.7908249158249159,0.7631828519457386,0.11969097437698502,16,0.8797143259217564,0.8630177297138233,0.9811731647348085,0.9018257158541552,0.904995145107347,0.906145216266378,0.04051603598481396
139,2.1615745067596435,0.14458249054636554,0.04267897605895996,0.0020958466233956174,64,10,0.0002,500,128,384,0.1,4,3,32,0.0001,"{'model__batch_size': 64, 'model__callbacks__early_stopping__patience': 10, 'model__lr': 0.0002, 'model__max_epochs': 500, 'model__module__d_model': 128, 'model__module__dim_feedforward': 384, 'model__module__dropout': 0.1, 'model__module__nhead': 4, 'model__module__num_layers': 3, 'model__module__patch_size': 32, 'model__optimizer__weight_decay': 0.0001}",0.957051282051282,0.6795994993742178,0.7395952653684612,0.6973544973544974,0.8207070707070707,0.7788615229711058,0.10152913241617599,11,0.8767483777937995,0.8574818216609261,0.9095409540954096,0.8485261421501828,0.9212697585548029,0.8827134108510242,0.028450986198862174
140,2.940203332901001,0.9081735040723262,0.041321849822998045,0.0037640303786923976,64,10,0.0002,500,128,384,0.25,4,2,16,0.0001,"{'model__batch_size': 64, 'model__callbacks__early_stopping__patience': 10, 'model__lr': 0.0002, 'model__max_epochs': 500, 'model__module__d_model': 128, 'model__module__dim_feedforward': 384, 'model__module__dropout': 0.25, 'model__module__nhead': 4, 'model__module__num_layers': 2, 'model__module__patch_size': 16, 'model__optimizer__weight_decay': 0.0001}",0.8994899489948995,0.42342342342342343,0.8342878961435662,0.5689404934687954,0.8317173023055375,0.7115718128672445,0.1834015208361972,187,0.8948152995927865,0.4217391304347826,0.958838888035632,0.9155049786628734,0.9023869346733668,0.8186570462798881,0.1996923015250062
141,2.134311246871948,0.7075779642156319,0.03922481536865234,0.004282208427412853,64,10,0.0002,500,128,384,0.25,4,2,32,0.0001,"{'model__batch_size': 64, 'model__callbacks__early_stopping__patience': 10, 'model__lr': 0.0002, 'model__max_epochs': 500, 'model__module__d_model': 128, 'model__module__dim_feedforward': 384, 'model__module__dropout': 0.25, 'model__module__nhead': 4, 'model__module__num_layers': 2, 'model__module__patch_size': 32, 'model__optimizer__weight_decay': 0.0001}",0.957051282051282,0.4074074074074074,0.7634408602150538,0.6287499999999999,0.8961337513061651,0.7305566601959816,0.19727493154420495,91,0.9241528478731074,0.4166666666666667,0.9811731647348085,0.9048191323158274,0.9514749047609135,0.8356573432702646,0.21107181542109155
142,4.0992687225341795,0.2886110698932151,0.04191732406616211,0.004747288088993223,64,10,0.0002,500,128,384,0.25,4,3,16,0.0001,"{'model__batch_size': 64, 'model__callbacks__early_stopping__patience': 10, 'model__lr': 0.0002, 'model__max_epochs': 500, 'model__module__d_model': 128, 'model__module__dim_feedforward': 384, 'model__module__dropout': 0.25, 'model__module__nhead': 4, 'model__module__num_layers': 3, 'model__module__patch_size': 16, 'model__optimizer__weight_decay': 0.0001}",0.9178921568627452,0.7443932411674348,0.8154761904761905,0.5805607476635514,0.8367816091954023,0.7790207890730648,0.1136098768018584,10,0.9352307908809456,0.9251126126126126,0.9430272108843537,0.9489872995239517,0.8730392156862745,0.9250794259176276,0.02722111018487834
143,2.2944754123687745,0.6953041121515913,0.039902877807617185,0.0060927881807337995,64,10,0.0002,500,128,384,0.25,4,3,32,0.0001,"{'model__batch_size': 64, 'model__callbacks__early_stopping__patience': 10, 'model__lr': 0.0002, 'model__max_epochs': 500, 'model__module__d_model': 128, 'model__module__dim_feedforward': 384, 'model__module__dropout': 0.25, 'model__module__nhead': 4, 'model__module__num_layers': 3, 'model__module__patch_size': 32, 'model__optimizer__weight_decay': 0.0001}",0.9790165988098967,0.42342342342342343,0.7524500907441016,0.7411764705882353,0.8207070707070707,0.7433547308545455,0.18108749948727074,41,0.9216562406910932,0.4217391304347826,0.9905045351473923,0.9585882352941176,0.9171941940021741,0.8419364671139119,0.21178520976054402
144,16.14415340423584,6.1876128311555245,0.039138269424438474,0.0030797704553978647,128,10,3e-05,500,96,128,0.1,4,2,16,0.0001,"{'model__batch_size': 128, 'model__callbacks__early_stopping__patience': 10, 'model__lr': 3e-05, 'model__max_epochs': 500, 'model__module__d_model': 96, 'model__module__dim_feedforward': 128, 'model__module__dropout': 0.1, 'model__module__nhead': 4, 'model__module__num_layers': 2, 'model__module__patch_size': 16, 'model__optimizer__weight_decay': 0.0001}",0.9339901477832513,0.5193992490613266,0.7869415807560137,0.46455026455026455,0.807105538140021,0.7023973560581754,0.17989235481635152,217,0.8957101658255227,0.581547619047619,0.9475435505969858,0.8185763888888888,0.9103715012722646,0.8307498451262563,0.13149156896902522
145,11.8971275806427,4.7098102908362485,0.039776039123535153,0.004183001567928711,128,10,3e-05,500,96,128,0.1,4,2,32,0.0001,"{'model__batch_size': 128, 'model__callbacks__early_stopping__patience': 10, 'model__lr': 3e-05, 'model__max_epochs': 500, 'model__module__d_model': 96, 'model__module__dim_feedforward': 128, 'model__module__dropout': 0.1, 'model__module__nhead': 4, 'model__module__num_layers': 2, 'model__module__patch_size': 32, 'model__optimizer__weight_decay': 0.0001}",0.93704979642969,0.387140902872777,0.7524500907441016,0.5416666666666667,0.7936046511627908,0.6823824215752052,0.19447560899900343,276,0.8745965375586855,0.655663430420712,0.9430272108843537,0.8295919099189557,0.9191248412681892,0.8444007860101793,0.10204286524322281
146,14.616581773757934,6.092994181789539,0.04248547554016113,0.001888921523484436,128,10,3e-05,500,96,128,0.1,4,3,16,0.0001,"{'model__batch_size': 128, 'model__callbacks__early_stopping__patience': 10, 'model__lr': 3e-05, 'model__max_epochs': 500, 'model__module__d_model': 96, 'model__module__dim_feedforward': 128, 'model__module__dropout': 0.1, 'model__module__nhead': 4, 'model__module__num_layers': 3, 'model__module__patch_size': 16, 'model__optimizer__weight_decay': 0.0001}",0.957051282051282,0.48717948717948717,0.7472826086956521,0.5467032967032968,0.8525747508305648,0.7181582850920565,0.17817625802091833,160,0.8948152995927865,0.5028780743066458,0.9085734805637848,0.8169743851711304,0.904995145107347,0.8056472769483388,0.15505626850258333
147,10.15398030281067,3.7272823306065637,0.03989114761352539,0.003771132036421392,128,10,3e-05,500,96,128,0.1,4,3,32,0.0001,"{'model__batch_size': 128, 'model__callbacks__early_stopping__patience': 10, 'model__lr': 3e-05, 'model__max_epochs': 500, 'model__module__d_model': 96, 'model__module__dim_feedforward': 128, 'model__module__dropout': 0.1, 'model__module__nhead': 4, 'model__module__num_layers': 3, 'model__module__patch_size': 32, 'model__optimizer__weight_decay': 0.0001}",0.93704979642969,0.4132746607994133,0.7395952653684612,0.6973544973544974,0.8230897009966778,0.722072784189748,0.17475345223079902,135,0.8722919468101001,0.5098280098280098,0.9430272108843537,0.8591749644381224,0.8826410616031934,0.8133926387127559,0.1544778949416577
148,16.238525533676146,6.853271389576608,0.03859524726867676,0.0030100270560142694,128,10,3e-05,500,96,128,0.25,4,2,16,0.0001,"{'model__batch_size': 128, 'model__callbacks__early_stopping__patience': 10, 'model__lr': 3e-05, 'model__max_epochs': 500, 'model__module__d_model': 96, 'model__module__dim_feedforward': 128, 'model__module__dropout': 0.25, 'model__module__nhead': 4, 'model__module__num_layers': 2, 'model__module__patch_size': 16, 'model__optimizer__weight_decay': 0.0001}",0.957051282051282,0.36633663366336633,0.8424682395644283,0.5359892869099431,0.834428662285351,0.7072548208948741,0.22018683886415374,199,0.8991582829702933,0.5578947368421052,0.919640179910045,0.8336184388223642,0.8602869780990399,0.8141197233287695,0.13155149744646796
149,13.510243797302246,5.792303560118133,0.03749160766601563,0.0026739308144471214,128,10,3e-05,500,96,128,0.25,4,2,32,0.0001,"{'model__batch_size': 128, 'model__callbacks__early_stopping__patience': 10, 'model__lr': 3e-05, 'model__max_epochs': 500, 'model__module__d_model': 96, 'model__module__dim_feedforward': 128, 'model__module__dropout': 0.25, 'model__module__nhead': 4, 'model__module__num_layers': 2, 'model__module__patch_size': 32, 'model__optimizer__weight_decay': 0.0001}",0.9339901477832513,0.47464992757122165,0.7974591651542651,0.7127552728490123,0.7936046511627908,0.7424918329041083,0.15161073950275222,45,0.9026646928201332,0.483014426103857,0.9674661394655151,0.9068783068783068,0.8975581322730395,0.8315163395081703,0.17609029754725777
150,13.03740644454956,7.300187643532331,0.04218602180480957,0.003663587498507525,128,10,3e-05,500,96,128,0.25,4,3,16,0.0001,"{'model__batch_size': 128, 'model__callbacks__early_stopping__patience': 10, 'model__lr': 3e-05, 'model__max_epochs': 500, 'model__module__d_model': 96, 'model__module__dim_feedforward': 128, 'model__module__dropout': 0.25, 'model__module__nhead': 4, 'model__module__num_layers': 3, 'model__module__patch_size': 16, 'model__optimizer__weight_decay': 0.0001}",0.763807285546416,0.4166666666666667,0.7974591651542651,0.4731494920174166,0.8043247827008693,0.6510814784171267,0.16983941876220343,288,0.7635118330176587,0.5844728338790096,0.905045351473923,0.8113145307603498,0.8951126457360872,0.7918914389734055,0.11633018671676884
151,11.681654787063598,4.558987385052906,0.03909821510314941,0.0031686739172974575,128,10,3e-05,500,96,128,0.25,4,3,32,0.0001,"{'model__batch_size': 128, 'model__callbacks__early_stopping__patience': 10, 'model__lr': 3e-05, 'model__max_epochs': 500, 'model__module__d_model': 96, 'model__module__dim_feedforward': 128, 'model__module__dropout': 0.25, 'model__module__nhead': 4, 'model__module__num_layers': 3, 'model__module__patch_size': 32, 'model__optimizer__weight_decay': 0.0001}",0.9790165988098967,0.5530428999002328,0.8064516129032258,0.6168359941944848,0.7908249158249159,0.7492344043265513,0.15088000657485753,34,0.890505928138293,0.6876515151515151,0.919640179910045,0.8526334743855226,0.9111339852461828,0.8523130165663118,0.08551615580238187
152,13.919813299179078,5.578881971002015,0.03960995674133301,0.0017296496077654838,128,10,3e-05,500,96,256,0.1,4,2,16,0.0001,"{'model__batch_size': 128, 'model__callbacks__early_stopping__patience': 10, 'model__lr': 3e-05, 'model__max_epochs': 500, 'model__module__d_model': 96, 'model__module__dim_feedforward': 256, 'model__module__dropout': 0.1, 'model__module__nhead': 4, 'model__module__num_layers': 2, 'model__module__patch_size': 16, 'model__optimizer__weight_decay': 0.0001}",0.9339901477832513,0.49714285714285716,0.7894021739130435,0.521044992743106,0.8230897009966778,0.7129339745157871,0.1733405255547937,181,0.8799503368693969,0.5262012094557449,0.9533296182780719,0.8431259566039435,0.8915410385259632,0.8188296319466242,0.15055539882815006
153,11.469183206558228,4.730531465279149,0.03921608924865723,0.0023744549317664876,128,10,3e-05,500,96,256,0.1,4,2,32,0.0001,"{'model__batch_size': 128, 'model__callbacks__early_stopping__patience': 10, 'model__lr': 3e-05, 'model__max_epochs': 500, 'model__module__d_model': 96, 'model__module__dim_feedforward': 256, 'model__module__dropout': 0.1, 'model__module__nhead': 4, 'model__module__num_layers': 2, 'model__module__patch_size': 32, 'model__optimizer__weight_decay': 0.0001}",0.957051282051282,0.5071507150715071,0.7894021739130435,0.6168359941944848,0.7936046511627908,0.7328089632786217,0.15591978657364475,78,0.9087622560207416,0.4538884782787222,0.9717597471022128,0.9155049786628734,0.8792796610169491,0.8258390242163,0.18836783876881774
154,14.708144617080688,8.489864116208034,0.04118227958679199,0.003707617502385119,128,10,3e-05,500,96,256,0.1,4,3,16,0.0001,"{'model__batch_size': 128, 'model__callbacks__early_stopping__patience': 10, 'model__lr': 3e-05, 'model__max_epochs': 500, 'model__module__d_model': 96, 'model__module__dim_feedforward': 256, 'model__module__dropout': 0.1, 'model__module__nhead': 4, 'model__module__num_layers': 3, 'model__module__patch_size': 16, 'model__optimizer__weight_decay': 0.0001}",0.9339901477832513,0.3786407766990291,0.8064516129032258,0.46455026455026455,0.8251231527093597,0.681751190929026,0.2185325475322452,277,0.8965751465751466,0.5559044130472702,0.9430272108843537,0.8033966033966033,0.9249461831429044,0.8247699114092557,0.14277362543528008
155,10.058829164505005,4.119752678710327,0.03896317481994629,0.0029360327591991145,128,10,3e-05,500,96,256,0.1,4,3,32,0.0001,"{'model__batch_size': 128, 'model__callbacks__early_stopping__patience': 10, 'model__lr': 3e-05, 'model__max_epochs': 500, 'model__module__d_model': 96, 'model__module__dim_feedforward': 256, 'model__module__dropout': 0.1, 'model__module__nhead': 4, 'model__module__num_layers': 3, 'model__module__patch_size': 32, 'model__optimizer__weight_decay': 0.0001}",0.9790165988098967,0.4132746607994133,0.7869415807560137,0.6507936507936507,0.8388028895768833,0.7337658761471715,0.1916284717951212,72,0.9228286384976526,0.5450800915331808,0.9525226757369615,0.8562369350220458,0.8875282265068611,0.8328393134593404,0.14748958033406084
156,14.798914909362793,6.894024977382851,0.038773107528686526,0.002593770098126981,128,10,3e-05,500,96,256,0.25,4,2,16,0.0001,"{'model__batch_size': 128, 'model__callbacks__early_stopping__patience': 10, 'model__lr': 3e-05, 'model__max_epochs': 500, 'model__module__d_model': 96, 'model__module__dim_feedforward': 256, 'model__module__dropout': 0.25, 'model__module__nhead': 4, 'model__module__num_layers': 2, 'model__module__patch_size': 16, 'model__optimizer__weight_decay': 0.0001}",0.9339901477832513,0.3786407766990291,0.7634408602150538,0.4731494920174166,0.8367816091954023,0.6772005771820306,0.21429847203698593,281,0.9043775450843514,0.5678516819571866,0.9671930468845635,0.8185763888888888,0.9023869346733668,0.8320771194976715,0.14030287741461825
157,11.853073263168335,4.439056804182902,0.036202287673950194,0.001938101943529567,128,10,3e-05,500,96,256,0.25,4,2,32,0.0001,"{'model__batch_size': 128, 'model__callbacks__early_stopping__patience': 10, 'model__lr': 3e-05, 'model__max_epochs': 500, 'model__module__d_model': 96, 'model__module__dim_feedforward': 256, 'model__module__dropout': 0.25, 'model__module__nhead': 4, 'model__module__num_layers': 2, 'model__module__patch_size': 32, 'model__optimizer__weight_decay': 0.0001}",0.957051282051282,0.5764541971438524,0.7974591651542651,0.668563776364245,0.7936046511627908,0.7586266143752871,0.1291525324493376,21,0.8722919468101001,0.6059824159021406,0.9296993861812077,0.8882539682539683,0.8902542372881356,0.8372963908871105,0.11719246194492304
158,15.088720178604126,6.458949639242052,0.048621845245361325,0.013231592905615774,128,10,3e-05,500,96,256,0.25,4,3,16,0.0001,"{'model__batch_size': 128, 'model__callbacks__early_stopping__patience': 10, 'model__lr': 3e-05, 'model__max_epochs': 500, 'model__module__d_model': 96, 'model__module__dim_feedforward': 256, 'model__module__dropout': 0.25, 'model__module__nhead': 4, 'model__module__num_layers': 3, 'model__module__patch_size': 16, 'model__optimizer__weight_decay': 0.0001}",0.9339901477832513,0.4074074074074074,0.7693452380952381,0.5111111111111111,0.8388028895768833,0.6921313587947783,0.19990310326488525,255,0.8957101658255227,0.587228439763002,0.9435194942044257,0.8295919099189557,0.9072681704260651,0.8326636360275943,0.12812306102432994
159,9.758798456192016,4.404590738578783,0.03968510627746582,0.003657642021996207,128,10,3e-05,500,96,256,0.25,4,3,32,0.0001,"{'model__batch_size': 128, 'model__callbacks__early_stopping__patience': 10, 'model__lr': 3e-05, 'model__max_epochs': 500, 'model__module__d_model': 96, 'model__module__dim_feedforward': 256, 'model__module__dropout': 0.25, 'model__module__nhead': 4, 'model__module__num_layers': 3, 'model__module__patch_size': 32, 'model__optimizer__weight_decay': 0.0001}",0.957051282051282,0.5384615384615384,0.7232142857142857,0.6373626373626373,0.8230897009966778,0.7358358889172842,0.14516363059582216,68,0.9375741751720864,0.5512083903328773,0.9439955419336863,0.8376736111111112,0.9356681569796323,0.8412239751058787,0.15025758149695126
160,13.122637796401978,5.661394889349047,0.040007829666137695,0.004718222424644527,128,10,3e-05,500,96,384,0.1,4,2,16,0.0001,"{'model__batch_size': 128, 'model__callbacks__early_stopping__patience': 10, 'model__lr': 3e-05, 'model__max_epochs': 500, 'model__module__d_model': 96, 'model__module__dim_feedforward': 384, 'model__module__dropout': 0.1, 'model__module__nhead': 4, 'model__module__num_layers': 2, 'model__module__patch_size': 16, 'model__optimizer__weight_decay': 0.0001}",0.9339901477832513,0.41818181818181815,0.7316017316017316,0.46455026455026455,0.8179487179487179,0.6732545360131568,0.20047115756282768,284,0.9095483754185899,0.4789492043899428,0.9189309418317052,0.8169743851711304,0.8745392893999705,0.7997884392422677,0.16435512798212223
161,11.448319482803345,4.395990600240555,0.03869795799255371,0.0026893873289579326,128,10,3e-05,500,96,384,0.1,4,2,32,0.0001,"{'model__batch_size': 128, 'model__callbacks__early_stopping__patience': 10, 'model__lr': 3e-05, 'model__max_epochs': 500, 'model__module__d_model': 96, 'model__module__dim_feedforward': 384, 'model__module__dropout': 0.1, 'model__module__nhead': 4, 'model__module__num_layers': 2, 'model__module__patch_size': 32, 'model__optimizer__weight_decay': 0.0001}",0.93704979642969,0.5304625199362042,0.7472826086956521,0.668563776364245,0.807105538140021,0.7380928479131624,0.1359232984921052,58,0.9183662290711899,0.527195165303946,0.9290942763912162,0.9161904761904762,0.9191248412681892,0.8419941976450035,0.157462227597827
162,13.880956649780273,6.799945361569799,0.04149312973022461,0.002235449135208325,128,10,3e-05,500,96,384,0.1,4,3,16,0.0001,"{'model__batch_size': 128, 'model__callbacks__early_stopping__patience': 10, 'model__lr': 3e-05, 'model__max_epochs': 500, 'model__module__d_model': 96, 'model__module__dim_feedforward': 384, 'model__module__dropout': 0.1, 'model__module__nhead': 4, 'model__module__num_layers': 3, 'model__module__patch_size': 16, 'model__optimizer__weight_decay': 0.0001}",0.9589460784313726,0.42342342342342343,0.7568627450980392,0.5013736263736264,0.8388028895768833,0.6958817525806691,0.20268938041827064,244,0.9476332699791836,0.4684514521912896,0.9024106037433545,0.8225774225774225,0.9240787269681742,0.813030295091885,0.1773495313009109
163,9.16882381439209,3.800540858640891,0.04120049476623535,0.0031241001837420033,128,10,3e-05,500,96,384,0.1,4,3,32,0.0001,"{'model__batch_size': 128, 'model__callbacks__early_stopping__patience': 10, 'model__lr': 3e-05, 'model__max_epochs': 500, 'model__module__d_model': 96, 'model__module__dim_feedforward': 384, 'model__module__dropout': 0.1, 'model__module__nhead': 4, 'model__module__num_layers': 3, 'model__module__patch_size': 32, 'model__optimizer__weight_decay': 0.0001}",0.957051282051282,0.6517006802721088,0.8064516129032258,0.6826923076923077,0.8525747508305648,0.7900941267498978,0.11201248520587016,3,0.8885695864419269,0.5729961517317207,0.9380060143418922,0.8696296296296296,0.9161721868594239,0.8370747138009186,0.1340839804529957
164,15.35045223236084,6.18125344546372,0.039884185791015624,0.0038218736278961022,128,10,3e-05,500,96,384,0.25,4,2,16,0.0001,"{'model__batch_size': 128, 'model__callbacks__early_stopping__patience': 10, 'model__lr': 3e-05, 'model__max_epochs': 500, 'model__module__d_model': 96, 'model__module__dim_feedforward': 384, 'model__module__dropout': 0.25, 'model__module__nhead': 4, 'model__module__num_layers': 2, 'model__module__patch_size': 16, 'model__optimizer__weight_decay': 0.0001}",0.9339901477832513,0.3786407766990291,0.7894021739130435,0.4731494920174166,0.807105538140021,0.6764576257105522,0.21268635155877139,283,0.9000271517784415,0.605925925925926,0.905045351473923,0.836240239363643,0.8745392893999705,0.8243555915883807,0.11190012474718981
165,11.176833629608154,5.16151418762948,0.0414644718170166,0.004485986790244803,128,10,3e-05,500,96,384,0.25,4,2,32,0.0001,"{'model__batch_size': 128, 'model__callbacks__early_stopping__patience': 10, 'model__lr': 3e-05, 'model__max_epochs': 500, 'model__module__d_model': 96, 'model__module__dim_feedforward': 384, 'model__module__dropout': 0.25, 'model__module__nhead': 4, 'model__module__num_layers': 2, 'model__module__patch_size': 32, 'model__optimizer__weight_decay': 0.0001}",0.957051282051282,0.42342342342342343,0.7472826086956521,0.6507936507936507,0.807105538140021,0.7171313006208058,0.17733080003077378,164,0.8611613876319759,0.4363565822067031,0.9240362811791383,0.9068783068783068,0.9093753216013173,0.8075615758994882,0.18679523334194365
166,15.363015985488891,6.203936600530823,0.048523998260498045,0.0033695859803401563,128,10,3e-05,500,96,384,0.25,4,3,16,0.0001,"{'model__batch_size': 128, 'model__callbacks__early_stopping__patience': 10, 'model__lr': 3e-05, 'model__max_epochs': 500, 'model__module__d_model': 96, 'model__module__dim_feedforward': 384, 'model__module__dropout': 0.25, 'model__module__nhead': 4, 'model__module__num_layers': 3, 'model__module__patch_size': 16, 'model__optimizer__weight_decay': 0.0001}",0.9790165988098967,0.42342342342342343,0.7801418439716312,0.5111111111111111,0.8207070707070707,0.7028800096046266,0.2054143701230185,213,0.88198445605155,0.4473684210526315,0.8785857963503253,0.8416931216931216,0.8875282265068611,0.7874320043308979,0.1707957512055019
167,10.480676794052124,4.893627330049657,0.04561328887939453,0.0039102074056262155,128,10,3e-05,500,96,384,0.25,4,3,32,0.0001,"{'model__batch_size': 128, 'model__callbacks__early_stopping__patience': 10, 'model__lr': 3e-05, 'model__max_epochs': 500, 'model__module__d_model': 96, 'model__module__dim_feedforward': 384, 'model__module__dropout': 0.25, 'model__module__nhead': 4, 'model__module__num_layers': 3, 'model__module__patch_size': 32, 'model__optimizer__weight_decay': 0.0001}",0.9589460784313726,0.38461538461538464,0.7894021739130435,0.49980055843637816,0.8505892255892256,0.6966706841970808,0.21781404243254715,237,0.9386319171468059,0.4179431072210066,0.9189309418317052,0.8336184388223642,0.9037911067409592,0.8025831023525682,0.19555064708420763
168,13.641223478317261,6.542801588550441,0.04246287345886231,0.00403382787010255,128,10,3e-05,500,128,128,0.1,4,2,16,0.0001,"{'model__batch_size': 128, 'model__callbacks__early_stopping__patience': 10, 'model__lr': 3e-05, 'model__max_epochs': 500, 'model__module__d_model': 128, 'model__module__dim_feedforward': 128, 'model__module__dropout': 0.1, 'model__module__nhead': 4, 'model__module__num_layers': 2, 'model__module__patch_size': 16, 'model__optimizer__weight_decay': 0.0001}",0.9339901477832513,0.36633663366336633,0.8342878961435662,0.42525399129172714,0.834428662285351,0.6788594662334524,0.23470734715840075,279,0.8821156432093231,0.5185520361990951,0.919640179910045,0.8055964653902798,0.9240787269681742,0.8099966103353834,0.1517872838258753
169,11.317446088790893,4.4786360924031765,0.04188833236694336,0.002136857149471172,128,10,3e-05,500,128,128,0.1,4,2,32,0.0001,"{'model__batch_size': 128, 'model__callbacks__early_stopping__patience': 10, 'model__lr': 3e-05, 'model__max_epochs': 500, 'model__module__d_model': 128, 'model__module__dim_feedforward': 128, 'model__module__dropout': 0.1, 'model__module__nhead': 4, 'model__module__num_layers': 2, 'model__module__patch_size': 32, 'model__optimizer__weight_decay': 0.0001}",0.957051282051282,0.41284403669724773,0.7361702127659575,0.668563776364245,0.8681114551083591,0.7285481525974182,0.18709190552644098,104,0.8842429577464789,0.4473684210526315,0.9763647587970721,0.896728307254623,0.9122033898305084,0.8233815669362627,0.1906635320653458
170,16.268033933639526,7.730323875996126,0.04881772994995117,0.006561497015861678,128,10,3e-05,500,128,128,0.1,4,3,16,0.0001,"{'model__batch_size': 128, 'model__callbacks__early_stopping__patience': 10, 'model__lr': 3e-05, 'model__max_epochs': 500, 'model__module__d_model': 128, 'model__module__dim_feedforward': 128, 'model__module__dropout': 0.1, 'model__module__nhead': 4, 'model__module__num_layers': 3, 'model__module__patch_size': 16, 'model__optimizer__weight_decay': 0.0001}",0.9339901477832513,0.48282828282828283,0.8241134751773049,0.6168359941944848,0.8820598006644518,0.7479655401295553,0.1708084637244463,36,0.8842429577464789,0.5074948639257362,0.9101860834288737,0.9018257158541552,0.9736386768447838,0.8354776595600055,0.16674690306415496
171,9.854722356796264,3.8707085394884304,0.039637184143066405,0.0016440841582455207,128,10,3e-05,500,128,128,0.1,4,3,32,0.0001,"{'model__batch_size': 128, 'model__callbacks__early_stopping__patience': 10, 'model__lr': 3e-05, 'model__max_epochs': 500, 'model__module__d_model': 128, 'model__module__dim_feedforward': 128, 'model__module__dropout': 0.1, 'model__module__nhead': 4, 'model__module__num_layers': 3, 'model__module__patch_size': 32, 'model__optimizer__weight_decay': 0.0001}",0.957051282051282,0.5594493116395495,0.7395952653684612,0.6826923076923077,0.8367816091954023,0.7551139551894004,0.13506936528051675,24,0.9426265270506108,0.6892523364485981,0.9189309418317052,0.9018257158541552,0.9356681569796323,0.8776607356329403,0.09525787742523309
172,15.597558212280273,6.370939901977131,0.041042423248291014,0.0018129944703743318,128,10,3e-05,500,128,128,0.25,4,2,16,0.0001,"{'model__batch_size': 128, 'model__callbacks__early_stopping__patience': 10, 'model__lr': 3e-05, 'model__max_epochs': 500, 'model__module__d_model': 128, 'model__module__dim_feedforward': 128, 'model__module__dropout': 0.25, 'model__module__nhead': 4, 'model__module__num_layers': 2, 'model__module__patch_size': 16, 'model__optimizer__weight_decay': 0.0001}",0.9339901477832513,0.41818181818181815,0.8342878961435662,0.5576719576719577,0.7641196013289037,0.7016502842218995,0.187915456326,222,0.8809847044981447,0.4153846153846154,0.9109525558295297,0.9348148148148148,0.8555927260250471,0.7995458833104303,0.19393944439500024
173,10.443913555145263,4.1115680362958456,0.038373804092407225,0.0014669444374673418,128,10,3e-05,500,128,128,0.25,4,2,32,0.0001,"{'model__batch_size': 128, 'model__callbacks__early_stopping__patience': 10, 'model__lr': 3e-05, 'model__max_epochs': 500, 'model__module__d_model': 128, 'model__module__dim_feedforward': 128, 'model__module__dropout': 0.25, 'model__module__nhead': 4, 'model__module__num_layers': 2, 'model__module__patch_size': 32, 'model__optimizer__weight_decay': 0.0001}",0.957051282051282,0.3904761904761905,0.7395952653684612,0.6826923076923077,0.8230897009966778,0.7185809493169838,0.18824054166029475,157,0.9035357981220657,0.4892126962611544,0.9529329118370213,0.896728307254623,0.9314605597964376,0.8347740546542604,0.1739476674185859
174,18.719813585281372,8.96697714406373,0.04353146553039551,0.0037968919584714204,128,10,3e-05,500,128,128,0.25,4,3,16,0.0001,"{'model__batch_size': 128, 'model__callbacks__early_stopping__patience': 10, 'model__lr': 3e-05, 'model__max_epochs': 500, 'model__module__d_model': 128, 'model__module__dim_feedforward': 128, 'model__module__dropout': 0.25, 'model__module__nhead': 4, 'model__module__num_layers': 3, 'model__module__patch_size': 16, 'model__optimizer__weight_decay': 0.0001}",0.9141025641025642,0.4602126879354602,0.7801418439716312,0.6168359941944848,0.8974200206398348,0.733742622168795,0.1731812182625617,73,0.8756908086096568,0.5161346589918019,0.93410607657183,0.896728307254623,0.9893974128049778,0.8424114528465779,0.16764674696870813
175,10.472295331954957,4.012045671458582,0.03970041275024414,0.0025855146538244895,128,10,3e-05,500,128,128,0.25,4,3,32,0.0001,"{'model__batch_size': 128, 'model__callbacks__early_stopping__patience': 10, 'model__lr': 3e-05, 'model__max_epochs': 500, 'model__module__d_model': 128, 'model__module__dim_feedforward': 128, 'model__module__dropout': 0.25, 'model__module__nhead': 4, 'model__module__num_layers': 3, 'model__module__patch_size': 32, 'model__optimizer__weight_decay': 0.0001}",0.957051282051282,0.4074074074074074,0.8064516129032258,0.6507936507936507,0.8985092914028997,0.7440426489116931,0.197558174568235,40,0.8799503368693969,0.41409691629955947,0.9520983770644169,0.8915849804488725,0.9181777974347634,0.8111816816234019,0.20008788724527304
176,13.998826265335083,5.450847290051133,0.04123353958129883,0.0019115014821646282,128,10,3e-05,500,128,256,0.1,4,2,16,0.0001,"{'model__batch_size': 128, 'model__callbacks__early_stopping__patience': 10, 'model__lr': 3e-05, 'model__max_epochs': 500, 'model__module__d_model': 128, 'model__module__dim_feedforward': 256, 'model__module__dropout': 0.1, 'model__module__nhead': 4, 'model__module__num_layers': 2, 'model__module__patch_size': 16, 'model__optimizer__weight_decay': 0.0001}",0.9339901477832513,0.3904761904761905,0.7801418439716312,0.6980392156862745,0.7908249158249159,0.7186944627484527,0.18082294566751986,156,0.8799503368693969,0.5234438984438984,0.9390728013570466,0.9255026455026455,0.9132328308207706,0.8362405025987515,0.15762125212770817
177,10.132497310638428,3.7224449578049983,0.04234094619750976,0.0013859818792458624,128,10,3e-05,500,128,256,0.1,4,2,32,0.0001,"{'model__batch_size': 128, 'model__callbacks__early_stopping__patience': 10, 'model__lr': 3e-05, 'model__max_epochs': 500, 'model__module__d_model': 128, 'model__module__dim_feedforward': 256, 'model__module__dropout': 0.1, 'model__module__nhead': 4, 'model__module__num_layers': 2, 'model__module__patch_size': 32, 'model__optimizer__weight_decay': 0.0001}",0.957051282051282,0.48728665970045276,0.7074410163339383,0.668563776364245,0.8367816091954023,0.7314248687290641,0.15883168976438367,86,0.8885695864419269,0.5098280098280098,0.9858188552782432,0.9104397664577641,0.9469870640248894,0.8483286564061666,0.1724510634096294
178,12.310343503952026,6.3979554799365905,0.042534494400024415,0.0025035974720476173,128,10,3e-05,500,128,256,0.1,4,3,16,0.0001,"{'model__batch_size': 128, 'model__callbacks__early_stopping__patience': 10, 'model__lr': 3e-05, 'model__max_epochs': 500, 'model__module__d_model': 128, 'model__module__dim_feedforward': 256, 'model__module__dropout': 0.1, 'model__module__nhead': 4, 'model__module__num_layers': 3, 'model__module__patch_size': 16, 'model__optimizer__weight_decay': 0.0001}",0.9339901477832513,0.47464992757122165,0.7801418439716312,0.46455026455026455,0.8094943240454076,0.6925653015843553,0.18926487829352276,252,0.9067375886524822,0.5169364390051323,0.9189309418317052,0.7955883676960476,0.9072681704260651,0.8090923015222865,0.15282345007929765
179,9.35823621749878,3.7756401290336497,0.03980288505554199,0.0019841777476193464,128,10,3e-05,500,128,256,0.1,4,3,32,0.0001,"{'model__batch_size': 128, 'model__callbacks__early_stopping__patience': 10, 'model__lr': 3e-05, 'model__max_epochs': 500, 'model__module__d_model': 128, 'model__module__dim_feedforward': 256, 'model__module__dropout': 0.1, 'model__module__nhead': 4, 'model__module__num_layers': 3, 'model__module__patch_size': 32, 'model__optimizer__weight_decay': 0.0001}",0.957051282051282,0.3915298184961106,0.8154761904761905,0.6507936507936507,0.8681114551083591,0.7365924793851185,0.19927450587130255,67,0.878879985262964,0.56054948287958,0.9763647587970721,0.9392254431478104,0.9306987753421838,0.8571436890859221,0.15152690734901153
180,13.881926345825196,5.29506395986724,0.040286922454833986,0.001892832500457877,128,10,3e-05,500,128,256,0.25,4,2,16,0.0001,"{'model__batch_size': 128, 'model__callbacks__early_stopping__patience': 10, 'model__lr': 3e-05, 'model__max_epochs': 500, 'model__module__d_model': 128, 'model__module__dim_feedforward': 256, 'model__module__dropout': 0.25, 'model__module__nhead': 4, 'model__module__num_layers': 2, 'model__module__patch_size': 16, 'model__optimizer__weight_decay': 0.0001}",0.9339901477832513,0.4074074074074074,0.7568627450980392,0.6826923076923077,0.8207070707070707,0.7203319357376152,0.17686039769110223,146,0.9131822183098591,0.4166666666666667,0.9581707507413766,0.9348148148148148,0.8889174815577285,0.8223503864180891,0.20413539591702756
181,10.532751417160034,3.941746827214315,0.03999619483947754,0.0018882451897951798,128,10,3e-05,500,128,256,0.25,4,2,32,0.0001,"{'model__batch_size': 128, 'model__callbacks__early_stopping__patience': 10, 'model__lr': 3e-05, 'model__max_epochs': 500, 'model__module__d_model': 128, 'model__module__dim_feedforward': 256, 'model__module__dropout': 0.25, 'model__module__nhead': 4, 'model__module__num_layers': 2, 'model__module__patch_size': 32, 'model__optimizer__weight_decay': 0.0001}",0.957051282051282,0.536231884057971,0.6770833333333333,0.6243722798794777,0.8542692939244663,0.7298016146493062,0.15394701486847573,95,0.8842429577464789,0.631578947368421,0.9814853195164076,0.9018257158541552,0.9356681569796323,0.866960219493019,0.12227462398557731
182,16.094594860076903,6.594763590548095,0.045610237121582034,0.003431720642685705,128,10,3e-05,500,128,256,0.25,4,3,16,0.0001,"{'model__batch_size': 128, 'model__callbacks__early_stopping__patience': 10, 'model__lr': 3e-05, 'model__max_epochs': 500, 'model__module__d_model': 128, 'model__module__dim_feedforward': 256, 'model__module__dropout': 0.25, 'model__module__nhead': 4, 'model__module__num_layers': 3, 'model__module__patch_size': 16, 'model__optimizer__weight_decay': 0.0001}",0.9097035040431267,0.5764541971438524,0.7974591651542651,0.6373626373626373,0.8230897009966778,0.7488138409401118,0.1232054968228978,35,0.8914256995674259,0.534481446724326,0.9390728013570466,0.9053288388438643,0.9151793024398232,0.8370976177864972,0.15210474977978336
183,11.091355514526366,5.39394856561981,0.03939895629882813,0.0029703157443967104,128,10,3e-05,500,128,256,0.25,4,3,32,0.0001,"{'model__batch_size': 128, 'model__callbacks__early_stopping__patience': 10, 'model__lr': 3e-05, 'model__max_epochs': 500, 'model__module__d_model': 128, 'model__module__dim_feedforward': 256, 'model__module__dropout': 0.25, 'model__module__nhead': 4, 'model__module__num_layers': 3, 'model__module__patch_size': 32, 'model__optimizer__weight_decay': 0.0001}",0.957051282051282,0.41818181818181815,0.7074410163339383,0.6299065420560748,0.8043247827008693,0.7033810882647965,0.17960613145126428,211,0.8821156432093231,0.420479302832244,0.9859398772362415,0.9068783068783068,0.8806951423785594,0.8152216545069351,0.20106156322879618
184,11.634141302108764,5.516961817319646,0.043656444549560545,0.003259257528493953,128,10,3e-05,500,128,384,0.1,4,2,16,0.0001,"{'model__batch_size': 128, 'model__callbacks__early_stopping__patience': 10, 'model__lr': 3e-05, 'model__max_epochs': 500, 'model__module__d_model': 128, 'model__module__dim_feedforward': 384, 'model__module__dropout': 0.1, 'model__module__nhead': 4, 'model__module__num_layers': 2, 'model__module__patch_size': 16, 'model__optimizer__weight_decay': 0.0001}",0.9339901477832513,0.42342342342342343,0.8424682395644283,0.5013736263736264,0.7801857585139318,0.6962882391317322,0.19867385211936492,242,0.8885695864419269,0.420479302832244,0.9385483728723873,0.8336184388223642,0.8975581322730395,0.7957547666483924,0.19059583490579665
185,9.052875757217407,3.3870072516379923,0.03938250541687012,0.002710473473035529,128,10,3e-05,500,128,384,0.1,4,2,32,0.0001,"{'model__batch_size': 128, 'model__callbacks__early_stopping__patience': 10, 'model__lr': 3e-05, 'model__max_epochs': 500, 'model__module__d_model': 128, 'model__module__dim_feedforward': 384, 'model__module__dropout': 0.1, 'model__module__nhead': 4, 'model__module__num_layers': 2, 'model__module__patch_size': 32, 'model__optimizer__weight_decay': 0.0001}",0.957051282051282,0.49714285714285716,0.7801418439716312,0.6507936507936507,0.8367816091954023,0.7443822486309647,0.1580700165218827,39,0.9043775450843514,0.47035398230088493,0.8998558693215182,0.9217777777777778,0.9370748299319728,0.826688000883301,0.1786563476321594
186,13.34274730682373,5.212280600389164,0.041180753707885744,0.0017577793795289145,128,10,3e-05,500,128,384,0.1,4,3,16,0.0001,"{'model__batch_size': 128, 'model__callbacks__early_stopping__patience': 10, 'model__lr': 3e-05, 'model__max_epochs': 500, 'model__module__d_model': 128, 'model__module__dim_feedforward': 384, 'model__module__dropout': 0.1, 'model__module__nhead': 4, 'model__module__num_layers': 3, 'model__module__patch_size': 16, 'model__optimizer__weight_decay': 0.0001}",0.9339901477832513,0.6410256410256411,0.7974591651542651,0.6243722798794777,0.807105538140021,0.7607905543965313,0.11527475350685774,19,0.9210419426048565,0.508986689983484,0.9137770787159505,0.9161904761904762,0.8745392893999705,0.8269070953789475,0.1598258399824166
187,8.516511297225952,3.590495449389834,0.041452884674072266,0.003415526588360101,128,10,3e-05,500,128,384,0.1,4,3,32,0.0001,"{'model__batch_size': 128, 'model__callbacks__early_stopping__patience': 10, 'model__lr': 3e-05, 'model__max_epochs': 500, 'model__module__d_model': 128, 'model__module__dim_feedforward': 384, 'model__module__dropout': 0.1, 'model__module__nhead': 4, 'model__module__num_layers': 3, 'model__module__patch_size': 32, 'model__optimizer__weight_decay': 0.0001}",0.957051282051282,0.5608919382504288,0.8241134751773049,0.6647314949201741,0.8681114551083591,0.7749799291015098,0.14298667708384308,13,0.8929311621021465,0.41280353200883,0.9520983770644169,0.9155049786628734,0.9181777974347634,0.8183031694546059,0.20362887018404086
188,14.051577186584472,5.8841641720870355,0.04289908409118652,0.0026534888937954615,128,10,3e-05,500,128,384,0.25,4,2,16,0.0001,"{'model__batch_size': 128, 'model__callbacks__early_stopping__patience': 10, 'model__lr': 3e-05, 'model__max_epochs': 500, 'model__module__d_model': 128, 'model__module__dim_feedforward': 384, 'model__module__dropout': 0.25, 'model__module__nhead': 4, 'model__module__num_layers': 2, 'model__module__patch_size': 16, 'model__optimizer__weight_decay': 0.0001}",0.9339901477832513,0.42342342342342343,0.8616071428571428,0.611764705882353,0.8207070707070707,0.7302984981306482,0.18715155874036454,94,0.9035357981220657,0.4646738401266536,0.905045351473923,0.9348148148148148,0.8951126457360872,0.8206364900547088,0.1784880651013053
189,9.88022141456604,3.968636002789372,0.04217205047607422,0.006328044226984269,128,10,3e-05,500,128,384,0.25,4,2,32,0.0001,"{'model__batch_size': 128, 'model__callbacks__early_stopping__patience': 10, 'model__lr': 3e-05, 'model__max_epochs': 500, 'model__module__d_model': 128, 'model__module__dim_feedforward': 384, 'model__module__dropout': 0.25, 'model__module__nhead': 4, 'model__module__num_layers': 2, 'model__module__patch_size': 32, 'model__optimizer__weight_decay': 0.0001}",0.957051282051282,0.45883400089007564,0.7693452380952381,0.6826923076923077,0.8230897009966778,0.7382025059451163,0.16564941061133728,57,0.8691903840840011,0.4217391304347826,0.9439955419336863,0.8924757840307415,0.9420050890585242,0.8138811859083471,0.19817017441088922
190,12.748918581008912,6.762956478523534,0.04501938819885254,0.004021041925371185,128,10,3e-05,500,128,384,0.25,4,3,16,0.0001,"{'model__batch_size': 128, 'model__callbacks__early_stopping__patience': 10, 'model__lr': 3e-05, 'model__max_epochs': 500, 'model__module__d_model': 128, 'model__module__dim_feedforward': 384, 'model__module__dropout': 0.25, 'model__module__nhead': 4, 'model__module__num_layers': 3, 'model__module__patch_size': 16, 'model__optimizer__weight_decay': 0.0001}",0.957051282051282,0.41818181818181815,0.8064516129032258,0.4731494920174166,0.8251231527093597,0.6959914715726203,0.21159650749118336,243,0.9103081865991779,0.4503984758633644,0.9578196317087246,0.8106576776877286,0.9061534198691306,0.8070674783456253,0.1846231546989235
191,8.632685947418214,3.594203190935322,0.04067864418029785,0.005041012437578693,128,10,3e-05,500,128,384,0.25,4,3,32,0.0001,"{'model__batch_size': 128, 'model__callbacks__early_stopping__patience': 10, 'model__lr': 3e-05, 'model__max_epochs': 500, 'model__module__d_model': 128, 'model__module__dim_feedforward': 384, 'model__module__dropout': 0.25, 'model__module__nhead': 4, 'model__module__num_layers': 3, 'model__module__patch_size': 32, 'model__optimizer__weight_decay': 0.0001}",0.957051282051282,0.3671451355661882,0.7524500907441016,0.6507936507936507,0.8505892255892256,0.7156058769488896,0.20174211116650081,171,0.8842429577464789,0.5577821710999281,0.9085734805637848,0.9104397664577641,0.8683050847457627,0.8258686921227436,0.13496009314263152
192,5.557242345809937,2.55275915728216,0.03883237838745117,0.0014910613030172696,128,10,0.0001,500,96,128,0.1,4,2,16,0.0001,"{'model__batch_size': 128, 'model__callbacks__early_stopping__patience': 10, 'model__lr': 0.0001, 'model__max_epochs': 500, 'model__module__d_model': 96, 'model__module__dim_feedforward': 128, 'model__module__dropout': 0.1, 'model__module__nhead': 4, 'model__module__num_layers': 2, 'model__module__patch_size': 16, 'model__optimizer__weight_decay': 0.0001}",0.9339901477832513,0.41284403669724773,0.7974591651542651,0.46455026455026455,0.8043247827008693,0.6826336793771796,0.20567961403191456,274,0.8756908086096568,0.46093906093906095,0.9674661394655151,0.8241109210407851,0.8963585434173669,0.8049130946944769,0.17803479417120682
193,4.563498258590698,1.5951167857256903,0.03865108489990234,0.004124812162867333,128,10,0.0001,500,96,128,0.1,4,2,32,0.0001,"{'model__batch_size': 128, 'model__callbacks__early_stopping__patience': 10, 'model__lr': 0.0001, 'model__max_epochs': 500, 'model__module__d_model': 96, 'model__module__dim_feedforward': 128, 'model__module__dropout': 0.1, 'model__module__nhead': 4, 'model__module__num_layers': 2, 'model__module__patch_size': 32, 'model__optimizer__weight_decay': 0.0001}",0.9339901477832513,0.39622641509433965,0.7801418439716312,0.641648035771319,0.8094943240454076,0.7123001533331896,0.18335211216053313,183,0.8973286487089398,0.5051784816490699,0.9810090702947846,0.9392254431478104,0.8902542372881356,0.842599176217748,0.17182140691267303
194,6.641137599945068,3.3309076010720653,0.04510984420776367,0.011748257552003327,128,10,0.0001,500,96,128,0.1,4,3,16,0.0001,"{'model__batch_size': 128, 'model__callbacks__early_stopping__patience': 10, 'model__lr': 0.0001, 'model__max_epochs': 500, 'model__module__d_model': 96, 'model__module__dim_feedforward': 128, 'model__module__dropout': 0.1, 'model__module__nhead': 4, 'model__module__num_layers': 3, 'model__module__patch_size': 16, 'model__optimizer__weight_decay': 0.0001}",0.9339901477832513,0.4602126879354602,0.7568627450980392,0.4731494920174166,0.807105538140021,0.6862641221948376,0.18839962507588873,271,0.9079487887998526,0.4910714285714286,0.9077252052262472,0.8095836955114571,0.9111339852461828,0.8054926206710338,0.16185566939496804
195,4.52012939453125,1.475116525942845,0.04436168670654297,0.01190713435890048,128,10,0.0001,500,96,128,0.1,4,3,32,0.0001,"{'model__batch_size': 128, 'model__callbacks__early_stopping__patience': 10, 'model__lr': 0.0001, 'model__max_epochs': 500, 'model__module__d_model': 96, 'model__module__dim_feedforward': 128, 'model__module__dropout': 0.1, 'model__module__nhead': 4, 'model__module__num_layers': 3, 'model__module__patch_size': 32, 'model__optimizer__weight_decay': 0.0001}",0.957051282051282,0.40186915887850466,0.8424682395644283,0.6507936507936507,0.7959770114942528,0.7296318685564237,0.19104825185458496,96,0.8766254479950463,0.420479302832244,0.9715136054421769,0.9205255795009828,0.9061534198691306,0.8190594711279161,0.2016447283598042
196,6.723735618591308,2.668659484870806,0.03925166130065918,0.001154754446060597,128,10,0.0001,500,96,128,0.25,4,2,16,0.0001,"{'model__batch_size': 128, 'model__callbacks__early_stopping__patience': 10, 'model__lr': 0.0001, 'model__max_epochs': 500, 'model__module__d_model': 96, 'model__module__dim_feedforward': 128, 'model__module__dropout': 0.25, 'model__module__nhead': 4, 'model__module__num_layers': 2, 'model__module__patch_size': 16, 'model__optimizer__weight_decay': 0.0001}",0.9790165988098967,0.4074074074074074,0.8342878961435662,0.5689404934687954,0.8505892255892256,0.7280483242837782,0.20852534298846678,108,0.8862292718096612,0.4932245686532321,0.9290942763912162,0.9348148148148148,0.941360502212617,0.8369446867763083,0.17294233794311337
197,4.0885051727294925,1.4893351461663813,0.0392181396484375,0.002619950305761295,128,10,0.0001,500,96,128,0.25,4,2,32,0.0001,"{'model__batch_size': 128, 'model__callbacks__early_stopping__patience': 10, 'model__lr': 0.0001, 'model__max_epochs': 500, 'model__module__d_model': 96, 'model__module__dim_feedforward': 128, 'model__module__dropout': 0.25, 'model__module__nhead': 4, 'model__module__num_layers': 2, 'model__module__patch_size': 32, 'model__optimizer__weight_decay': 0.0001}",0.7969696969696969,0.42342342342342343,0.7395952653684612,0.5689404934687954,0.7774294670846396,0.6612716692630033,0.143623123832937,287,0.7791771620486986,0.4217391304347826,0.9284684780867987,0.828125,0.8915410385259632,0.7698101618192487,0.18145670095040908
198,6.095091390609741,2.721425339344019,0.039853239059448244,0.0015069706786951925,128,10,0.0001,500,96,128,0.25,4,3,16,0.0001,"{'model__batch_size': 128, 'model__callbacks__early_stopping__patience': 10, 'model__lr': 0.0001, 'model__max_epochs': 500, 'model__module__d_model': 96, 'model__module__dim_feedforward': 128, 'model__module__dropout': 0.25, 'model__module__nhead': 4, 'model__module__num_layers': 3, 'model__module__patch_size': 16, 'model__optimizer__weight_decay': 0.0001}",0.957051282051282,0.4583333333333333,0.7801418439716312,0.5013736263736264,0.8207070707070707,0.7035214312873886,0.1922818168024451,210,0.8965751465751466,0.5577821710999281,0.9717597471022128,0.8050958854776267,0.8811537200917732,0.8224733340693374,0.1425372140251565
199,5.207647848129272,1.8326838428331877,0.03724517822265625,0.0014469428641753252,128,10,0.0001,500,96,128,0.25,4,3,32,0.0001,"{'model__batch_size': 128, 'model__callbacks__early_stopping__patience': 10, 'model__lr': 0.0001, 'model__max_epochs': 500, 'model__module__d_model': 96, 'model__module__dim_feedforward': 128, 'model__module__dropout': 0.25, 'model__module__nhead': 4, 'model__module__num_layers': 3, 'model__module__patch_size': 32, 'model__optimizer__weight_decay': 0.0001}",0.9589460784313726,0.47464992757122165,0.8241134751773049,0.7569467693337797,0.8043247827008693,0.7637962066429096,0.15938425035883808,15,0.9259780467210807,0.4506078130532279,0.9811731647348085,0.9538073908174692,0.8792796610169491,0.8381692152687071,0.19668584968168332
200,5.060947751998901,2.0798927462158425,0.03856816291809082,0.00352713761842238,128,10,0.0001,500,96,256,0.1,4,2,16,0.0001,"{'model__batch_size': 128, 'model__callbacks__early_stopping__patience': 10, 'model__lr': 0.0001, 'model__max_epochs': 500, 'model__module__d_model': 96, 'model__module__dim_feedforward': 256, 'model__module__dropout': 0.1, 'model__module__nhead': 4, 'model__module__num_layers': 2, 'model__module__patch_size': 16, 'model__optimizer__weight_decay': 0.0001}",0.9339901477832513,0.42342342342342343,0.7801418439716312,0.4731494920174166,0.8094943240454076,0.6840398462482259,0.19992260230240877,273,0.9146719538572459,0.4153846153846154,0.9093934055766116,0.8266073122673867,0.901228813559322,0.7934572201290363,0.1917220645551525
201,4.394421148300171,1.6798831476359768,0.038215017318725585,0.001604636706149956,128,10,0.0001,500,96,256,0.1,4,2,32,0.0001,"{'model__batch_size': 128, 'model__callbacks__early_stopping__patience': 10, 'model__lr': 0.0001, 'model__max_epochs': 500, 'model__module__d_model': 96, 'model__module__dim_feedforward': 256, 'model__module__dropout': 0.1, 'model__module__nhead': 4, 'model__module__num_layers': 2, 'model__module__patch_size': 32, 'model__optimizer__weight_decay': 0.0001}",0.957051282051282,0.41818181818181815,0.7204301075268817,0.6973544973544974,0.8094943240454076,0.7205024058319773,0.1765267690516008,143,0.8854030501089325,0.4506078130532279,0.9859398772362415,0.9397122630737611,0.9231779661016949,0.8369681939147716,0.19585775971021774
202,5.822777652740479,2.412780555310125,0.038653230667114256,0.0024073915802900765,128,10,0.0001,500,96,256,0.1,4,3,16,0.0001,"{'model__batch_size': 128, 'model__callbacks__early_stopping__patience': 10, 'model__lr': 0.0001, 'model__max_epochs': 500, 'model__module__d_model': 96, 'model__module__dim_feedforward': 256, 'model__module__dropout': 0.1, 'model__module__nhead': 4, 'model__module__num_layers': 3, 'model__module__patch_size': 16, 'model__optimizer__weight_decay': 0.0001}",0.9141025641025642,0.44270289097875304,0.8246464646464646,0.4818691588785047,0.8681114551083591,0.7062865067429291,0.20160524584778186,201,0.9024635761589404,0.5634751512479487,0.9520983770644169,0.8266073122673867,0.9356681569796323,0.836062514743665,0.14296011881517756
203,4.3573017597198485,1.701172582293226,0.03770136833190918,0.0031583080041105616,128,10,0.0001,500,96,256,0.1,4,3,32,0.0001,"{'model__batch_size': 128, 'model__callbacks__early_stopping__patience': 10, 'model__lr': 0.0001, 'model__max_epochs': 500, 'model__module__d_model': 96, 'model__module__dim_feedforward': 256, 'model__module__dropout': 0.1, 'model__module__nhead': 4, 'model__module__num_layers': 3, 'model__module__patch_size': 32, 'model__optimizer__weight_decay': 0.0001}",0.957051282051282,0.41818181818181815,0.7361702127659575,0.668563776364245,0.8681114551083591,0.7296157088943325,0.18529402576856382,97,0.8799503368693969,0.4953929539295393,0.9717597471022128,0.8737759203839139,0.9061534198691306,0.8254064756308386,0.16861963679501948
204,5.543840599060059,2.2322713030098345,0.03670792579650879,0.0016785162842564406,128,10,0.0001,500,96,256,0.25,4,2,16,0.0001,"{'model__batch_size': 128, 'model__callbacks__early_stopping__patience': 10, 'model__lr': 0.0001, 'model__max_epochs': 500, 'model__module__d_model': 96, 'model__module__dim_feedforward': 256, 'model__module__dropout': 0.25, 'model__module__nhead': 4, 'model__module__num_layers': 2, 'model__module__patch_size': 16, 'model__optimizer__weight_decay': 0.0001}",0.9790165988098967,0.48717948717948717,0.7316017316017316,0.4731494920174166,0.7936046511627908,0.6929103921542644,0.19189224764074714,250,0.8965751465751466,0.4975774000164244,0.9533296182780719,0.828125,0.9023869346733668,0.815598819908602,0.16392293546800543
205,4.931385231018067,1.8716838081877547,0.04084954261779785,0.0032593432793261005,128,10,0.0001,500,96,256,0.25,4,2,32,0.0001,"{'model__batch_size': 128, 'model__callbacks__early_stopping__patience': 10, 'model__lr': 0.0001, 'model__max_epochs': 500, 'model__module__d_model': 96, 'model__module__dim_feedforward': 256, 'model__module__dropout': 0.25, 'model__module__nhead': 4, 'model__module__num_layers': 2, 'model__module__patch_size': 32, 'model__optimizer__weight_decay': 0.0001}",0.957051282051282,0.45883400089007564,0.7524500907441016,0.641648035771319,0.8820598006644518,0.7384086420242462,0.176726917353612,56,0.8875504247764578,0.45564159292035394,0.9765664620604025,0.9304372266235705,0.9520222290830503,0.8404435870927671,0.19461228865078073
206,6.00831356048584,2.513832678405508,0.039023542404174806,0.0018432616138991111,128,10,0.0001,500,96,256,0.25,4,3,16,0.0001,"{'model__batch_size': 128, 'model__callbacks__early_stopping__patience': 10, 'model__lr': 0.0001, 'model__max_epochs': 500, 'model__module__d_model': 96, 'model__module__dim_feedforward': 256, 'model__module__dropout': 0.25, 'model__module__nhead': 4, 'model__module__num_layers': 3, 'model__module__patch_size': 16, 'model__optimizer__weight_decay': 0.0001}",0.9589460784313726,0.502160760587727,0.8616071428571428,0.4818691588785047,0.8043247827008693,0.7217815846911233,0.1941148329130641,137,0.9435864435864436,0.5697340043134436,0.9484462165328857,0.8266073122673867,0.9061534198691306,0.8389054793138581,0.14148080489384668
207,4.233392524719238,1.4859135905854899,0.03912572860717774,0.0019043706199919613,128,10,0.0001,500,96,256,0.25,4,3,32,0.0001,"{'model__batch_size': 128, 'model__callbacks__early_stopping__patience': 10, 'model__lr': 0.0001, 'model__max_epochs': 500, 'model__module__d_model': 96, 'model__module__dim_feedforward': 256, 'model__module__dropout': 0.25, 'model__module__nhead': 4, 'model__module__num_layers': 3, 'model__module__patch_size': 32, 'model__optimizer__weight_decay': 0.0001}",0.957051282051282,0.41818181818181815,0.7524500907441016,0.6549019607843137,0.7641196013289037,0.7093409506180838,0.17547464252706585,192,0.8524210335776994,0.46655826558265584,0.9374450130173265,0.896728307254623,0.9023869346733668,0.8111079108211344,0.17438176969972274
208,5.39116792678833,2.316961904269076,0.03999338150024414,0.0021298718739503463,128,10,0.0001,500,96,384,0.1,4,2,16,0.0001,"{'model__batch_size': 128, 'model__callbacks__early_stopping__patience': 10, 'model__lr': 0.0001, 'model__max_epochs': 500, 'model__module__d_model': 96, 'model__module__dim_feedforward': 384, 'model__module__dropout': 0.1, 'model__module__nhead': 4, 'model__module__num_layers': 2, 'model__module__patch_size': 16, 'model__optimizer__weight_decay': 0.0001}",0.9339901477832513,0.40186915887850466,0.8154761904761905,0.5013736263736264,0.8525747508305648,0.7010567748684275,0.2096158606974632,224,0.8923148131664679,0.4789492043899428,0.9765664620604025,0.8295919099189557,0.8875282265068611,0.8129901232085259,0.17347305766577284
209,4.509900045394898,1.6719364266739498,0.044084692001342775,0.010030091014810588,128,10,0.0001,500,96,384,0.1,4,2,32,0.0001,"{'model__batch_size': 128, 'model__callbacks__early_stopping__patience': 10, 'model__lr': 0.0001, 'model__max_epochs': 500, 'model__module__d_model': 96, 'model__module__dim_feedforward': 384, 'model__module__dropout': 0.1, 'model__module__nhead': 4, 'model__module__num_layers': 2, 'model__module__patch_size': 32, 'model__optimizer__weight_decay': 0.0001}",0.957051282051282,0.41818181818181815,0.7074410163339383,0.6647314949201741,0.8505892255892256,0.7195989674152876,0.18305878980644238,151,0.8895543099198452,0.4217391304347826,0.9717597471022128,0.9255026455026455,0.9181777974347634,0.8253467260788498,0.20352262469523313
210,6.1201568126678465,2.942907131590057,0.04207315444946289,0.004107751001736321,128,10,0.0001,500,96,384,0.1,4,3,16,0.0001,"{'model__batch_size': 128, 'model__callbacks__early_stopping__patience': 10, 'model__lr': 0.0001, 'model__max_epochs': 500, 'model__module__d_model': 96, 'model__module__dim_feedforward': 384, 'model__module__dropout': 0.1, 'model__module__nhead': 4, 'model__module__num_layers': 3, 'model__module__patch_size': 16, 'model__optimizer__weight_decay': 0.0001}",0.957051282051282,0.42342342342342343,0.8540031397174255,0.46455026455026455,0.8230897009966778,0.7044235621478145,0.21761284165337097,208,0.9375741751720864,0.420479302832244,0.9763647587970721,0.8201247938033421,0.898775403856175,0.8106636868921839,0.2018217817979188
211,4.476359558105469,1.597241125687935,0.040082359313964845,0.0011210942003673874,128,10,0.0001,500,96,384,0.1,4,3,32,0.0001,"{'model__batch_size': 128, 'model__callbacks__early_stopping__patience': 10, 'model__lr': 0.0001, 'model__max_epochs': 500, 'model__module__d_model': 96, 'model__module__dim_feedforward': 384, 'model__module__dropout': 0.1, 'model__module__nhead': 4, 'model__module__num_layers': 3, 'model__module__patch_size': 32, 'model__optimizer__weight_decay': 0.0001}",0.9790165988098967,0.639549436795995,0.7395952653684612,0.641648035771319,0.8834154351395731,0.7766449543770491,0.13471914968719756,12,0.9000271517784415,0.56731082048279,0.9719977709668431,0.9401830065359478,0.9349246231155779,0.86288867457592,0.14954191443847495
212,5.539369726181031,2.334897054289358,0.04069595336914063,0.0032663776485354194,128,10,0.0001,500,96,384,0.25,4,2,16,0.0001,"{'model__batch_size': 128, 'model__callbacks__early_stopping__patience': 10, 'model__lr': 0.0001, 'model__max_epochs': 500, 'model__module__d_model': 96, 'model__module__dim_feedforward': 384, 'model__module__dropout': 0.25, 'model__module__nhead': 4, 'model__module__num_layers': 2, 'model__module__patch_size': 16, 'model__optimizer__weight_decay': 0.0001}",0.957051282051282,0.41284403669724773,0.8154761904761905,0.5013736263736264,0.8388028895768833,0.7051096050350459,0.20997942640564488,207,0.9146719538572459,0.4217391304347826,0.9529329118370213,0.814603403259206,0.8875282265068611,0.7982951251790235,0.1936384955529423
213,4.722537851333618,1.6687302217636868,0.0421412467956543,0.005093110440058509,128,10,0.0001,500,96,384,0.25,4,2,32,0.0001,"{'model__batch_size': 128, 'model__callbacks__early_stopping__patience': 10, 'model__lr': 0.0001, 'model__max_epochs': 500, 'model__module__d_model': 96, 'model__module__dim_feedforward': 384, 'model__module__dropout': 0.25, 'model__module__nhead': 4, 'model__module__num_layers': 2, 'model__module__patch_size': 32, 'model__optimizer__weight_decay': 0.0001}",0.93704979642969,0.5210884353741496,0.7524500907441016,0.6373626373626373,0.8367816091954023,0.7369465138211961,0.14612350211916003,64,0.9183662290711899,0.5925889328063241,0.9430272108843537,0.9161904761904762,0.8915410385259632,0.8523427774956615,0.1308952670987689
214,5.982764101028442,2.7004539445420606,0.041201543807983396,0.0017875112027934265,128,10,0.0001,500,96,384,0.25,4,3,16,0.0001,"{'model__batch_size': 128, 'model__callbacks__early_stopping__patience': 10, 'model__lr': 0.0001, 'model__max_epochs': 500, 'model__module__d_model': 96, 'model__module__dim_feedforward': 384, 'model__module__dropout': 0.25, 'model__module__nhead': 4, 'model__module__num_layers': 3, 'model__module__patch_size': 16, 'model__optimizer__weight_decay': 0.0001}",0.9790165988098967,0.39622641509433965,0.8154761904761905,0.4818691588785047,0.8230897009966778,0.6991356128511219,0.22189718627277794,230,0.9124393278312218,0.5144911504424778,0.9520983770644169,0.8113145307603498,0.901228813559322,0.8183144399315576,0.1587387915257944
215,4.096869897842407,1.7878194537855288,0.03862953186035156,0.0018256387732887213,128,10,0.0001,500,96,384,0.25,4,3,32,0.0001,"{'model__batch_size': 128, 'model__callbacks__early_stopping__patience': 10, 'model__lr': 0.0001, 'model__max_epochs': 500, 'model__module__d_model': 96, 'model__module__dim_feedforward': 384, 'model__module__dropout': 0.25, 'model__module__nhead': 4, 'model__module__num_layers': 3, 'model__module__patch_size': 32, 'model__optimizer__weight_decay': 0.0001}",0.957051282051282,0.39622641509433965,0.7395952653684612,0.5689404934687954,0.8525747508305648,0.7028776413626885,0.20016782072770517,214,0.8864954121554425,0.4305694305694306,0.9470688571685071,0.8310099573257468,0.8938181033552702,0.7977923521148793,0.18725850374665862
216,5.877871799468994,2.1209408727469525,0.039398813247680665,0.0023274720462990806,128,10,0.0001,500,128,128,0.1,4,2,16,0.0001,"{'model__batch_size': 128, 'model__callbacks__early_stopping__patience': 10, 'model__lr': 0.0001, 'model__max_epochs': 500, 'model__module__d_model': 128, 'model__module__dim_feedforward': 128, 'model__module__dropout': 0.1, 'model__module__nhead': 4, 'model__module__num_layers': 2, 'model__module__patch_size': 16, 'model__optimizer__weight_decay': 0.0001}",0.9339901477832513,0.4340136054421769,0.7869415807560137,0.611764705882353,0.8094943240454076,0.7152408727818405,0.17416775988929714,173,0.864950117370892,0.5633378932968536,0.9906659236556143,0.871648509948681,0.9181777974347634,0.841756048341361,0.14626183908188803
217,4.0334453105926515,1.463274010943403,0.042386198043823244,0.00308456256591254,128,10,0.0001,500,128,128,0.1,4,2,32,0.0001,"{'model__batch_size': 128, 'model__callbacks__early_stopping__patience': 10, 'model__lr': 0.0001, 'model__max_epochs': 500, 'model__module__d_model': 128, 'model__module__dim_feedforward': 128, 'model__module__dropout': 0.1, 'model__module__nhead': 4, 'model__module__num_layers': 2, 'model__module__patch_size': 32, 'model__optimizer__weight_decay': 0.0001}",0.93704979642969,0.42342342342342343,0.7472826086956521,0.6980392156862745,0.8367816091954023,0.7285153306860885,0.17295680770167238,105,0.8938893779342723,0.420479302832244,0.9240362811791383,0.9068783068783068,0.9023869346733668,0.8095340406994657,0.19477563560621278
218,6.167730331420898,3.1029301853468323,0.04412226676940918,0.004300182951270123,128,10,0.0001,500,128,128,0.1,4,3,16,0.0001,"{'model__batch_size': 128, 'model__callbacks__early_stopping__patience': 10, 'model__lr': 0.0001, 'model__max_epochs': 500, 'model__module__d_model': 128, 'model__module__dim_feedforward': 128, 'model__module__dropout': 0.1, 'model__module__nhead': 4, 'model__module__num_layers': 3, 'model__module__patch_size': 16, 'model__optimizer__weight_decay': 0.0001}",0.9339901477832513,0.42342342342342343,0.8154761904761905,0.4731494920174166,0.8820598006644518,0.7056198108729467,0.2140232488100476,206,0.9110426717462126,0.4217391304347826,0.9674661394655151,0.8073414580748741,0.9575896512199116,0.8130358101882592,0.20371323064652022
219,4.6216551780700685,1.866676910293824,0.04289069175720215,0.0025095495891978687,128,10,0.0001,500,128,128,0.1,4,3,32,0.0001,"{'model__batch_size': 128, 'model__callbacks__early_stopping__patience': 10, 'model__lr': 0.0001, 'model__max_epochs': 500, 'model__module__d_model': 128, 'model__module__dim_feedforward': 128, 'model__module__dropout': 0.1, 'model__module__nhead': 4, 'model__module__num_layers': 3, 'model__module__patch_size': 32, 'model__optimizer__weight_decay': 0.0001}",0.9339901477832513,0.38461538461538464,0.7524500907441016,0.6973544973544974,0.8525747508305648,0.7241969742655601,0.18832336145959666,125,0.923502036067481,0.4217391304347826,0.9858188552782432,0.9147959549594779,0.898775403856175,0.8289262761192321,0.20572492788446575
220,5.410161066055298,1.9601321221881314,0.03918142318725586,0.0013308505813765096,128,10,0.0001,500,128,128,0.25,4,2,16,0.0001,"{'model__batch_size': 128, 'model__callbacks__early_stopping__patience': 10, 'model__lr': 0.0001, 'model__max_epochs': 500, 'model__module__d_model': 128, 'model__module__dim_feedforward': 128, 'model__module__dropout': 0.25, 'model__module__nhead': 4, 'model__module__num_layers': 2, 'model__module__patch_size': 16, 'model__optimizer__weight_decay': 0.0001}",0.93704979642969,0.42342342342342343,0.8342878961435662,0.6373626373626373,0.7908249158249159,0.7245897338368466,0.17881262664072375,124,0.8948152995927865,0.4179431072210066,0.9346614655893006,0.9053288388438643,0.874692118226601,0.8054881658947117,0.19473756579787138
221,4.23971996307373,1.5924270097259525,0.037763547897338864,0.0018312068679771133,128,10,0.0001,500,128,128,0.25,4,2,32,0.0001,"{'model__batch_size': 128, 'model__callbacks__early_stopping__patience': 10, 'model__lr': 0.0001, 'model__max_epochs': 500, 'model__module__d_model': 128, 'model__module__dim_feedforward': 128, 'model__module__dropout': 0.25, 'model__module__nhead': 4, 'model__module__num_layers': 2, 'model__module__patch_size': 32, 'model__optimizer__weight_decay': 0.0001}",0.957051282051282,0.41284403669724773,0.7395952653684612,0.6826923076923077,0.834428662285351,0.72532231081893,0.18180551049675717,118,0.8722919468101001,0.4217391304347826,0.966910662315901,0.8849673202614379,0.9072681704260651,0.8106354460496574,0.19714305595082507
222,5.805022954940796,2.608240151387551,0.042059707641601565,0.0028547487978540865,128,10,0.0001,500,128,128,0.25,4,3,16,0.0001,"{'model__batch_size': 128, 'model__callbacks__early_stopping__patience': 10, 'model__lr': 0.0001, 'model__max_epochs': 500, 'model__module__d_model': 128, 'model__module__dim_feedforward': 128, 'model__module__dropout': 0.25, 'model__module__nhead': 4, 'model__module__num_layers': 3, 'model__module__patch_size': 16, 'model__optimizer__weight_decay': 0.0001}",0.957051282051282,0.47464992757122165,0.7974591651542651,0.5359892869099431,0.8367816091954023,0.7203862541764229,0.18432961316407837,145,0.8862292718096612,0.48097560975609754,0.9189309418317052,0.814603403259206,0.9514749047609135,0.8104428262835167,0.17086208524270965
223,4.570453023910522,1.6650517076777187,0.0433621883392334,0.0020562631937980813,128,10,0.0001,500,128,128,0.25,4,3,32,0.0001,"{'model__batch_size': 128, 'model__callbacks__early_stopping__patience': 10, 'model__lr': 0.0001, 'model__max_epochs': 500, 'model__module__d_model': 128, 'model__module__dim_feedforward': 128, 'model__module__dropout': 0.25, 'model__module__nhead': 4, 'model__module__num_layers': 3, 'model__module__patch_size': 32, 'model__optimizer__weight_decay': 0.0001}",0.957051282051282,0.4298003072196621,0.8246464646464646,0.6826923076923077,0.8820598006644518,0.7552500324548337,0.18590453116121503,23,0.9043775450843514,0.4957064793130367,0.9765664620604025,0.9255026455026455,0.9630941475826972,0.8530494559086266,0.18052386286433905
224,5.453560209274292,1.8487553672482067,0.039033126831054685,0.0023610737250365087,128,10,0.0001,500,128,256,0.1,4,2,16,0.0001,"{'model__batch_size': 128, 'model__callbacks__early_stopping__patience': 10, 'model__lr': 0.0001, 'model__max_epochs': 500, 'model__module__d_model': 128, 'model__module__dim_feedforward': 256, 'model__module__dropout': 0.1, 'model__module__nhead': 4, 'model__module__num_layers': 2, 'model__module__patch_size': 16, 'model__optimizer__weight_decay': 0.0001}",0.9339901477832513,0.42834951456310677,0.7801418439716312,0.5689404934687954,0.7936046511627908,0.7010053301899151,0.17938866306456364,225,0.8829508838765956,0.4784313725490196,0.9722279792746114,0.8863946066126371,0.9023869346733668,0.8244783553972461,0.1760118582200773
225,4.230917358398438,1.6071769442765307,0.03865137100219727,0.001602368467741475,128,10,0.0001,500,128,256,0.1,4,2,32,0.0001,"{'model__batch_size': 128, 'model__callbacks__early_stopping__patience': 10, 'model__lr': 0.0001, 'model__max_epochs': 500, 'model__module__d_model': 128, 'model__module__dim_feedforward': 256, 'model__module__dropout': 0.1, 'model__module__nhead': 4, 'model__module__num_layers': 2, 'model__module__patch_size': 32, 'model__optimizer__weight_decay': 0.0001}",0.957051282051282,0.4514285714285714,0.6921985815602837,0.6973544973544974,0.807105538140021,0.7210276941069311,0.16564525602815047,142,0.9008295625942684,0.5561580978204193,0.9811731647348085,0.8933370808228082,0.9240787269681742,0.8511153265880956,0.1506603117301046
226,6.523956632614135,2.4927899117704273,0.04380731582641602,0.0032579635443880715,128,10,0.0001,500,128,256,0.1,4,3,16,0.0001,"{'model__batch_size': 128, 'model__callbacks__early_stopping__patience': 10, 'model__lr': 0.0001, 'model__max_epochs': 500, 'model__module__d_model': 128, 'model__module__dim_feedforward': 256, 'model__module__dropout': 0.1, 'model__module__nhead': 4, 'model__module__num_layers': 3, 'model__module__patch_size': 16, 'model__optimizer__weight_decay': 0.0001}",0.9339901477832513,0.42342342342342343,0.7634408602150538,0.6507936507936507,0.8388028895768833,0.7220901943584523,0.17579440163919402,134,0.907472558401351,0.4217391304347826,0.966910662315901,0.9248933143669986,0.941360502212617,0.83247523354633,0.2063001371973527
227,3.8482136726379395,1.4420025145040667,0.038520288467407224,0.0016550991000079931,128,10,0.0001,500,128,256,0.1,4,3,32,0.0001,"{'model__batch_size': 128, 'model__callbacks__early_stopping__patience': 10, 'model__lr': 0.0001, 'model__max_epochs': 500, 'model__module__d_model': 128, 'model__module__dim_feedforward': 256, 'model__module__dropout': 0.1, 'model__module__nhead': 4, 'model__module__num_layers': 3, 'model__module__patch_size': 32, 'model__optimizer__weight_decay': 0.0001}",0.957051282051282,0.42342342342342343,0.7395952653684612,0.6826923076923077,0.8207070707070707,0.724693869848509,0.1766117586378945,123,0.8734641006661732,0.4217391304347826,0.9719977709668431,0.8633028014355348,0.8650338718082334,0.7991075350623135,0.19302546952778962
228,5.132413721084594,1.645785570171311,0.04086875915527344,0.002329229373234708,128,10,0.0001,500,128,256,0.25,4,2,16,0.0001,"{'model__batch_size': 128, 'model__callbacks__early_stopping__patience': 10, 'model__lr': 0.0001, 'model__max_epochs': 500, 'model__module__d_model': 128, 'model__module__dim_feedforward': 256, 'model__module__dropout': 0.25, 'model__module__nhead': 4, 'model__module__num_layers': 2, 'model__module__patch_size': 16, 'model__optimizer__weight_decay': 0.0001}",0.9339901477832513,0.3904761904761905,0.7974591651542651,0.6243722798794777,0.8179487179487179,0.7128493002483804,0.18913518780297586,182,0.9000271517784415,0.5932721712538226,0.8998558693215182,0.9026121172729987,0.8683050847457627,0.8328144788745087,0.12043579368553015
229,4.091038084030151,1.4226455695769245,0.03879036903381348,0.0014509955447756292,128,10,0.0001,500,128,256,0.25,4,2,32,0.0001,"{'model__batch_size': 128, 'model__callbacks__early_stopping__patience': 10, 'model__lr': 0.0001, 'model__max_epochs': 500, 'model__module__d_model': 128, 'model__module__dim_feedforward': 256, 'model__module__dropout': 0.25, 'model__module__nhead': 4, 'model__module__num_layers': 2, 'model__module__patch_size': 32, 'model__optimizer__weight_decay': 0.0001}",0.93704979642969,0.46912442396313364,0.6922489499809088,0.6980392156862745,0.8664576802507837,0.7325840132621582,0.16245592064456463,80,0.8799503368693969,0.6118559051527588,0.9578196317087246,0.9538073908174692,0.9200370484717506,0.86469406260402,0.1294884479317889
230,5.483307838439941,2.157689727953085,0.03998641967773438,0.0022524535187133645,128,10,0.0001,500,128,256,0.25,4,3,16,0.0001,"{'model__batch_size': 128, 'model__callbacks__early_stopping__patience': 10, 'model__lr': 0.0001, 'model__max_epochs': 500, 'model__module__d_model': 128, 'model__module__dim_feedforward': 256, 'model__module__dropout': 0.25, 'model__module__nhead': 4, 'model__module__num_layers': 3, 'model__module__patch_size': 16, 'model__optimizer__weight_decay': 0.0001}",0.9790165988098967,0.4132746607994133,0.7894021739130435,0.42525399129172714,0.8207070707070707,0.6855308991042302,0.22674356575993979,272,0.905977405977406,0.6028117892995797,0.9085734805637848,0.8073414580748741,0.8938181033552702,0.823704447454183,0.1165751526501017
231,3.6992743968963624,1.3467213351050167,0.03881430625915527,0.0022634046822657184,128,10,0.0001,500,128,256,0.25,4,3,32,0.0001,"{'model__batch_size': 128, 'model__callbacks__early_stopping__patience': 10, 'model__lr': 0.0001, 'model__max_epochs': 500, 'model__module__d_model': 128, 'model__module__dim_feedforward': 256, 'model__module__dropout': 0.25, 'model__module__nhead': 4, 'model__module__num_layers': 3, 'model__module__patch_size': 32, 'model__optimizer__weight_decay': 0.0001}",0.9790165988098967,0.42342342342342343,0.7395952653684612,0.6299065420560748,0.8367816091954023,0.7217446877706517,0.18823963152921097,138,0.8821156432093231,0.4192139737991266,0.912987012987013,0.896728307254623,0.9111339852461828,0.8044357844992536,0.1929330396244692
232,5.010606908798218,2.13820793761801,0.039676332473754884,0.0023708987332775973,128,10,0.0001,500,128,384,0.1,4,2,16,0.0001,"{'model__batch_size': 128, 'model__callbacks__early_stopping__patience': 10, 'model__lr': 0.0001, 'model__max_epochs': 500, 'model__module__d_model': 128, 'model__module__dim_feedforward': 384, 'model__module__dropout': 0.1, 'model__module__nhead': 4, 'model__module__num_layers': 2, 'model__module__patch_size': 16, 'model__optimizer__weight_decay': 0.0001}",0.957051282051282,0.42342342342342343,0.7801418439716312,0.46455026455026455,0.807105538140021,0.6864544704273243,0.20735643073548152,269,0.9000271517784415,0.4217391304347826,0.9430272108843537,0.8073414580748741,0.9061534198691306,0.7956576742083165,0.19223509886629478
233,3.8700031280517577,1.4642266278778269,0.03734607696533203,0.0026953373220618532,128,10,0.0001,500,128,384,0.1,4,2,32,0.0001,"{'model__batch_size': 128, 'model__callbacks__early_stopping__patience': 10, 'model__lr': 0.0001, 'model__max_epochs': 500, 'model__module__d_model': 128, 'model__module__dim_feedforward': 384, 'model__module__dropout': 0.1, 'model__module__nhead': 4, 'model__module__num_layers': 2, 'model__module__patch_size': 32, 'model__optimizer__weight_decay': 0.0001}",0.93704979642969,0.41818181818181815,0.7361702127659575,0.6507936507936507,0.7936046511627908,0.7071600258667814,0.17195879945594988,200,0.8735869545867232,0.4217391304347826,0.9717597471022128,0.9161904761904762,0.8938181033552702,0.815418882333893,0.19955504988178904
234,5.275634527206421,2.053635312970027,0.04137864112854004,0.0027350709212311157,128,10,0.0001,500,128,384,0.1,4,3,16,0.0001,"{'model__batch_size': 128, 'model__callbacks__early_stopping__patience': 10, 'model__lr': 0.0001, 'model__max_epochs': 500, 'model__module__d_model': 128, 'model__module__dim_feedforward': 384, 'model__module__dropout': 0.1, 'model__module__nhead': 4, 'model__module__num_layers': 3, 'model__module__patch_size': 16, 'model__optimizer__weight_decay': 0.0001}",0.9339901477832513,0.4602126879354602,0.8064516129032258,0.4731494920174166,0.7936046511627908,0.6934817183604288,0.19162037151099726,248,0.8948152995927865,0.46310832025117743,0.9435194942044257,0.828125,0.9111339852461828,0.8081404198589144,0.1765753302485084
235,4.217352437973022,1.4606680476808964,0.04041080474853516,0.0031637744944149667,128,10,0.0001,500,128,384,0.1,4,3,32,0.0001,"{'model__batch_size': 128, 'model__callbacks__early_stopping__patience': 10, 'model__lr': 0.0001, 'model__max_epochs': 500, 'model__module__d_model': 128, 'model__module__dim_feedforward': 384, 'model__module__dropout': 0.1, 'model__module__nhead': 4, 'model__module__num_layers': 3, 'model__module__patch_size': 32, 'model__optimizer__weight_decay': 0.0001}",0.9790165988098967,0.5390377412849323,0.7745454545454545,0.6373626373626373,0.8367816091954023,0.7533488082396647,0.15343943889676692,26,0.9117527593818985,0.6072414457212557,0.9860569169137923,0.9096785810749977,0.9299081957657639,0.8689275797715416,0.1337252332332949
236,6.056877183914184,2.3263016183120167,0.04841208457946777,0.014268181714613208,128,10,0.0001,500,128,384,0.25,4,2,16,0.0001,"{'model__batch_size': 128, 'model__callbacks__early_stopping__patience': 10, 'model__lr': 0.0001, 'model__max_epochs': 500, 'model__module__d_model': 128, 'model__module__dim_feedforward': 384, 'model__module__dropout': 0.25, 'model__module__nhead': 4, 'model__module__num_layers': 2, 'model__module__patch_size': 16, 'model__optimizer__weight_decay': 0.0001}",0.957051282051282,0.45883400089007564,0.7693452380952381,0.6373626373626373,0.8251231527093597,0.7295432622217186,0.1698589906987376,99,0.9241528478731074,0.42476253045358736,0.9811731647348085,0.9010123734533183,0.9181777974347634,0.8298557427899169,0.2043298648343605
237,4.430646133422852,1.5633055667390756,0.043338966369628903,0.010344632053803307,128,10,0.0001,500,128,384,0.25,4,2,32,0.0001,"{'model__batch_size': 128, 'model__callbacks__early_stopping__patience': 10, 'model__lr': 0.0001, 'model__max_epochs': 500, 'model__module__d_model': 128, 'model__module__dim_feedforward': 384, 'model__module__dropout': 0.25, 'model__module__nhead': 4, 'model__module__num_layers': 2, 'model__module__patch_size': 32, 'model__optimizer__weight_decay': 0.0001}",0.957051282051282,0.38461538461538464,0.7634408602150538,0.7126269956458635,0.8695119460894425,0.7374492937234052,0.19567782340086307,61,0.9176383899788155,0.43201754385964913,0.9813318473112288,0.9534391534391534,0.9463901308163603,0.8461634130810414,0.20806223027993173
238,5.565535402297973,2.185805997222897,0.04330854415893555,0.0024271182104608022,128,10,0.0001,500,128,384,0.25,4,3,16,0.0001,"{'model__batch_size': 128, 'model__callbacks__early_stopping__patience': 10, 'model__lr': 0.0001, 'model__max_epochs': 500, 'model__module__d_model': 128, 'model__module__dim_feedforward': 384, 'model__module__dropout': 0.25, 'model__module__nhead': 4, 'model__module__num_layers': 3, 'model__module__patch_size': 16, 'model__optimizer__weight_decay': 0.0001}",0.957051282051282,0.39622641509433965,0.7974591651542651,0.5013736263736264,0.7936046511627908,0.6891430279672608,0.20759428661400275,263,0.9247819247819248,0.4646738401266536,0.9578196317087246,0.8201247938033421,0.9181777974347634,0.8171155975710818,0.18211396384212136
239,4.325053739547729,1.698566017770566,0.040784788131713864,0.0035546908856885617,128,10,0.0001,500,128,384,0.25,4,3,32,0.0001,"{'model__batch_size': 128, 'model__callbacks__early_stopping__patience': 10, 'model__lr': 0.0001, 'model__max_epochs': 500, 'model__module__d_model': 128, 'model__module__dim_feedforward': 384, 'model__module__dropout': 0.25, 'model__module__nhead': 4, 'model__module__num_layers': 3, 'model__module__patch_size': 32, 'model__optimizer__weight_decay': 0.0001}",0.9790165988098967,0.42342342342342343,0.7524500907441016,0.6507936507936507,0.8985092914028997,0.7408386110347944,0.19523530416426668,49,0.9571544936193321,0.4192139737991266,0.9811731647348085,0.9010123734533183,0.9525496183206107,0.8422207247854393,0.2131108565362284
240,3.7789824485778807,1.4774124716204915,0.03914518356323242,0.0015790481853919622,128,10,0.0002,500,96,128,0.1,4,2,16,0.0001,"{'model__batch_size': 128, 'model__callbacks__early_stopping__patience': 10, 'model__lr': 0.0002, 'model__max_epochs': 500, 'model__module__d_model': 96, 'model__module__dim_feedforward': 128, 'model__module__dropout': 0.1, 'model__module__nhead': 4, 'model__module__num_layers': 2, 'model__module__patch_size': 16, 'model__optimizer__weight_decay': 0.0001}",0.9339901477832513,0.42342342342342343,0.7974591651542651,0.4731494920174166,0.834428662285351,0.6924901781327414,0.2049363374008662,254,0.8982591876208897,0.420479302832244,0.9041967541288338,0.8185763888888888,0.9231779661016949,0.7929379199145103,0.1896398269262201
241,2.894898843765259,0.9599091798252082,0.03865795135498047,0.003558380049914526,128,10,0.0002,500,96,128,0.1,4,2,32,0.0001,"{'model__batch_size': 128, 'model__callbacks__early_stopping__patience': 10, 'model__lr': 0.0002, 'model__max_epochs': 500, 'model__module__d_model': 96, 'model__module__dim_feedforward': 128, 'model__module__dropout': 0.1, 'model__module__nhead': 4, 'model__module__num_layers': 2, 'model__module__patch_size': 32, 'model__optimizer__weight_decay': 0.0001}",0.957051282051282,0.47805825242718447,0.7395952653684612,0.668563776364245,0.8094943240454076,0.7305525800513161,0.15824741917336882,92,0.864950117370892,0.47612387612387613,0.9480024693535585,0.9242630710750914,0.8963585434173669,0.8219396154681569,0.17512197942368218
242,4.162364339828491,1.8390251517136738,0.044023752212524414,0.00413870387201,128,10,0.0002,500,96,128,0.1,4,3,16,0.0001,"{'model__batch_size': 128, 'model__callbacks__early_stopping__patience': 10, 'model__lr': 0.0002, 'model__max_epochs': 500, 'model__module__d_model': 96, 'model__module__dim_feedforward': 128, 'model__module__dropout': 0.1, 'model__module__nhead': 4, 'model__module__num_layers': 3, 'model__module__patch_size': 16, 'model__optimizer__weight_decay': 0.0001}",0.763807285546416,0.4514285714285714,0.7974591651542651,0.4731494920174166,0.8388028895768833,0.6649294807447104,0.16729321694921134,285,0.7467501203659124,0.5589419660481643,0.9620181405895691,0.8209907086700753,0.9151793024398232,0.8007760476227087,0.14205511156259268
243,2.7988484382629393,1.12242735260625,0.03988523483276367,0.0020125905393055246,128,10,0.0002,500,96,128,0.1,4,3,32,0.0001,"{'model__batch_size': 128, 'model__callbacks__early_stopping__patience': 10, 'model__lr': 0.0002, 'model__max_epochs': 500, 'model__module__d_model': 96, 'model__module__dim_feedforward': 128, 'model__module__dropout': 0.1, 'model__module__nhead': 4, 'model__module__num_layers': 3, 'model__module__patch_size': 32, 'model__optimizer__weight_decay': 0.0001}",0.9790165988098967,0.5157988429016467,0.7472826086956521,0.49980055843637816,0.8542692939244663,0.7192335805536079,0.1876406950097233,154,0.9115867324069924,0.4349108934261773,0.9810090702947846,0.8241109210407851,0.9132328308207706,0.8129700895979018,0.19548290589478984
244,4.0119178771972654,1.504425581158725,0.04050259590148926,0.002923955696497771,128,10,0.0002,500,96,128,0.25,4,2,16,0.0001,"{'model__batch_size': 128, 'model__callbacks__early_stopping__patience': 10, 'model__lr': 0.0002, 'model__max_epochs': 500, 'model__module__d_model': 96, 'model__module__dim_feedforward': 128, 'model__module__dropout': 0.25, 'model__module__nhead': 4, 'model__module__num_layers': 2, 'model__module__patch_size': 16, 'model__optimizer__weight_decay': 0.0001}",0.957051282051282,0.41818181818181815,0.7974591651542651,0.4818691588785047,0.8094943240454076,0.6928111496622554,0.2070298582720469,251,0.8965751465751466,0.4217391304347826,0.9626636946224575,0.8033966033966033,0.9463901308163603,0.8061529411690701,0.20005990893649245
245,2.8598844051361083,0.9130176846073866,0.03967175483703613,0.003178334288278795,128,10,0.0002,500,96,128,0.25,4,2,32,0.0001,"{'model__batch_size': 128, 'model__callbacks__early_stopping__patience': 10, 'model__lr': 0.0002, 'model__max_epochs': 500, 'model__module__d_model': 96, 'model__module__dim_feedforward': 128, 'model__module__dropout': 0.25, 'model__module__nhead': 4, 'model__module__num_layers': 2, 'model__module__patch_size': 32, 'model__optimizer__weight_decay': 0.0001}",0.957051282051282,0.42342342342342343,0.7395952653684612,0.592032967032967,0.7936046511627908,0.7011415178077849,0.18141110493413032,223,0.8442194819880459,0.4217391304347826,0.9430272108843537,0.9118871537231894,0.9142242093061765,0.8070194372673096,0.19535248846484257
246,4.084563589096069,1.705343106103294,0.040306711196899415,0.00416043885334092,128,10,0.0002,500,96,128,0.25,4,3,16,0.0001,"{'model__batch_size': 128, 'model__callbacks__early_stopping__patience': 10, 'model__lr': 0.0002, 'model__max_epochs': 500, 'model__module__d_model': 96, 'model__module__dim_feedforward': 128, 'model__module__dropout': 0.25, 'model__module__nhead': 4, 'model__module__num_layers': 3, 'model__module__patch_size': 16, 'model__optimizer__weight_decay': 0.0001}",0.957051282051282,0.5540887422075541,0.8154761904761905,0.4818691588785047,0.8525747508305648,0.7322120248888192,0.18241285756429845,82,0.8852530541012217,0.49606528708831243,0.9329377278901838,0.8336184388223642,0.9122033898305084,0.8120155795465183,0.16144024393069834
247,3.599045753479004,1.4147999790587782,0.04293980598449707,0.004816154060200924,128,10,0.0002,500,96,128,0.25,4,3,32,0.0001,"{'model__batch_size': 128, 'model__callbacks__early_stopping__patience': 10, 'model__lr': 0.0002, 'model__max_epochs': 500, 'model__module__d_model': 96, 'model__module__dim_feedforward': 128, 'model__module__dropout': 0.25, 'model__module__nhead': 4, 'model__module__num_layers': 3, 'model__module__patch_size': 32, 'model__optimizer__weight_decay': 0.0001}",0.957051282051282,0.42342342342342343,0.7472826086956521,0.49980055843637816,0.8542692939244663,0.6963654333062402,0.20426374640409162,239,0.8734641006661732,0.4217391304347826,0.9810090702947846,0.8310099573257468,0.9733456828239169,0.8161135883090808,0.20540430746504232
248,3.5961290836334228,1.3384398369814408,0.04239225387573242,0.005372912780623571,128,10,0.0002,500,96,256,0.1,4,2,16,0.0001,"{'model__batch_size': 128, 'model__callbacks__early_stopping__patience': 10, 'model__lr': 0.0002, 'model__max_epochs': 500, 'model__module__d_model': 96, 'model__module__dim_feedforward': 256, 'model__module__dropout': 0.1, 'model__module__nhead': 4, 'model__module__num_layers': 2, 'model__module__patch_size': 16, 'model__optimizer__weight_decay': 0.0001}",0.957051282051282,0.4074074074074074,0.7801418439716312,0.46455026455026455,0.8230897009966778,0.6864480997954526,0.21343752454452228,270,0.8880851063829787,0.4217391304347826,0.8872363390227394,0.8363761930902587,0.9132328308207706,0.789333919950306,0.18548667086241966
249,3.1267581462860106,1.0312247458647483,0.036780786514282224,0.001913727883232763,128,10,0.0002,500,96,256,0.1,4,2,32,0.0001,"{'model__batch_size': 128, 'model__callbacks__early_stopping__patience': 10, 'model__lr': 0.0002, 'model__max_epochs': 500, 'model__module__d_model': 96, 'model__module__dim_feedforward': 256, 'model__module__dropout': 0.1, 'model__module__nhead': 4, 'model__module__num_layers': 2, 'model__module__patch_size': 32, 'model__optimizer__weight_decay': 0.0001}",0.957051282051282,0.33471933471933474,0.7204301075268817,0.6373626373626373,0.834428662285351,0.6967984047890974,0.2106494570171849,236,0.8875504247764578,0.6154761904761905,0.9813318473112288,0.9579253067946379,0.8938181033552702,0.8672203745427571,0.13095395930176232
250,3.8926480293273924,1.6867260627423006,0.04061431884765625,0.0012106426056382505,128,10,0.0002,500,96,256,0.1,4,3,16,0.0001,"{'model__batch_size': 128, 'model__callbacks__early_stopping__patience': 10, 'model__lr': 0.0002, 'model__max_epochs': 500, 'model__module__d_model': 96, 'model__module__dim_feedforward': 256, 'model__module__dropout': 0.1, 'model__module__nhead': 4, 'model__module__num_layers': 3, 'model__module__patch_size': 16, 'model__optimizer__weight_decay': 0.0001}",0.957051282051282,0.5157988429016467,0.8241134751773049,0.5013736263736264,0.8664576802507837,0.7329589813509287,0.18822258416946094,77,0.9386319171468059,0.508986689983484,0.9323232323232323,0.828125,0.9037911067409592,0.8223715892388963,0.16154142645722772
251,3.1443809509277343,1.0552511931167627,0.0391383171081543,0.0019364037848094502,128,10,0.0002,500,96,256,0.1,4,3,32,0.0001,"{'model__batch_size': 128, 'model__callbacks__early_stopping__patience': 10, 'model__lr': 0.0002, 'model__max_epochs': 500, 'model__module__d_model': 96, 'model__module__dim_feedforward': 256, 'model__module__dropout': 0.1, 'model__module__nhead': 4, 'model__module__num_layers': 3, 'model__module__patch_size': 32, 'model__optimizer__weight_decay': 0.0001}",0.9790165988098967,0.42342342342342343,0.7566718995290425,0.728021978021978,0.8230897009966778,0.7420447201562037,0.1814685000748835,46,0.9190695990587383,0.4217391304347826,0.9859398772362415,0.9248933143669986,0.898775403856175,0.8300834649905873,0.20623401216200818
252,3.477197360992432,1.4062140184346539,0.03905553817749023,0.0018664511531900992,128,10,0.0002,500,96,256,0.25,4,2,16,0.0001,"{'model__batch_size': 128, 'model__callbacks__early_stopping__patience': 10, 'model__lr': 0.0002, 'model__max_epochs': 500, 'model__module__d_model': 96, 'model__module__dim_feedforward': 256, 'model__module__dropout': 0.25, 'model__module__nhead': 4, 'model__module__num_layers': 2, 'model__module__patch_size': 16, 'model__optimizer__weight_decay': 0.0001}",0.9339901477832513,0.42342342342342343,0.7974591651542651,0.5359892869099431,0.7908249158249159,0.6963373878191597,0.18752380464676416,241,0.8991582829702933,0.44575424575424577,0.9390728013570466,0.8137566137566137,0.8889174815577285,0.7973318850791855,0.18040157001673843
253,2.961797571182251,0.9291187470414158,0.038138198852539065,0.002651493815085985,128,10,0.0002,500,96,256,0.25,4,2,32,0.0001,"{'model__batch_size': 128, 'model__callbacks__early_stopping__patience': 10, 'model__lr': 0.0002, 'model__max_epochs': 500, 'model__module__d_model': 96, 'model__module__dim_feedforward': 256, 'model__module__dropout': 0.25, 'model__module__nhead': 4, 'model__module__num_layers': 2, 'model__module__patch_size': 32, 'model__optimizer__weight_decay': 0.0001}",0.957051282051282,0.41818181818181815,0.7801418439716312,0.6980392156862745,0.8505892255892256,0.7408006770960464,0.1823606578425814,50,0.8582157529790122,0.4217391304347826,0.9763647587970721,0.9534391534391534,0.9249461831429044,0.826940995758585,0.20644656631316538
254,3.8896183013916015,1.5745299614200512,0.04069962501525879,0.0025018834845590416,128,10,0.0002,500,96,256,0.25,4,3,16,0.0001,"{'model__batch_size': 128, 'model__callbacks__early_stopping__patience': 10, 'model__lr': 0.0002, 'model__max_epochs': 500, 'model__module__d_model': 96, 'model__module__dim_feedforward': 256, 'model__module__dropout': 0.25, 'model__module__nhead': 4, 'model__module__num_layers': 3, 'model__module__patch_size': 16, 'model__optimizer__weight_decay': 0.0001}",0.93704979642969,0.40186915887850466,0.7974591651542651,0.4731494920174166,0.8388028895768833,0.6896661004113518,0.21202185784066763,261,0.9016787424563402,0.5284179789341954,0.9385483728723873,0.8193486342031773,0.8762810491575472,0.8128549555247295,0.1474163702969698
255,2.771874952316284,0.9677781597561681,0.037991905212402345,0.0017458788602031526,128,10,0.0002,500,96,256,0.25,4,3,32,0.0001,"{'model__batch_size': 128, 'model__callbacks__early_stopping__patience': 10, 'model__lr': 0.0002, 'model__max_epochs': 500, 'model__module__d_model': 96, 'model__module__dim_feedforward': 256, 'model__module__dropout': 0.25, 'model__module__nhead': 4, 'model__module__num_layers': 3, 'model__module__patch_size': 32, 'model__optimizer__weight_decay': 0.0001}",0.957051282051282,0.42342342342342343,0.6743434343434344,0.6243722798794777,0.8230897009966778,0.7004560241388591,0.1811617014869974,228,0.8766254479950463,0.4217391304347826,0.9049982275788727,0.9168533034714446,0.849109936346963,0.7938652091654218,0.18753968892298659
256,3.901862287521362,1.373247859354802,0.04138393402099609,0.0037286951478103887,128,10,0.0002,500,96,384,0.1,4,2,16,0.0001,"{'model__batch_size': 128, 'model__callbacks__early_stopping__patience': 10, 'model__lr': 0.0002, 'model__max_epochs': 500, 'model__module__d_model': 96, 'model__module__dim_feedforward': 384, 'model__module__dropout': 0.1, 'model__module__nhead': 4, 'model__module__num_layers': 2, 'model__module__patch_size': 16, 'model__optimizer__weight_decay': 0.0001}",0.9178921568627452,0.42342342342342343,0.8540031397174255,0.5689404934687954,0.8094943240454076,0.7147507075035593,0.18749199778498746,175,0.9067375886524822,0.4217391304347826,0.9484462165328857,0.9248933143669986,0.8902542372881356,0.8184140974550569,0.1992783228929452
257,2.7370827198028564,0.9146221382689658,0.039699554443359375,0.005284079472428639,128,10,0.0002,500,96,384,0.1,4,2,32,0.0001,"{'model__batch_size': 128, 'model__callbacks__early_stopping__patience': 10, 'model__lr': 0.0002, 'model__max_epochs': 500, 'model__module__d_model': 96, 'model__module__dim_feedforward': 384, 'model__module__dropout': 0.1, 'model__module__nhead': 4, 'model__module__num_layers': 2, 'model__module__patch_size': 32, 'model__optimizer__weight_decay': 0.0001}",0.957051282051282,0.42342342342342343,0.7974591651542651,0.6549019607843137,0.8207070707070707,0.7307085804240708,0.18108406815016395,90,0.8875504247764578,0.4217391304347826,0.927821168866146,0.9489872995239517,0.8867747777754648,0.8145745602753605,0.19786338821237284
258,4.462145757675171,1.7643855266722264,0.04194998741149902,0.002493569588037003,128,10,0.0002,500,96,384,0.1,4,3,16,0.0001,"{'model__batch_size': 128, 'model__callbacks__early_stopping__patience': 10, 'model__lr': 0.0002, 'model__max_epochs': 500, 'model__module__d_model': 96, 'model__module__dim_feedforward': 384, 'model__module__dropout': 0.1, 'model__module__nhead': 4, 'model__module__num_layers': 3, 'model__module__patch_size': 16, 'model__optimizer__weight_decay': 0.0001}",0.8950829940494833,0.42342342342342343,0.8154761904761905,0.5013736263736264,0.8251231527093597,0.6920958774064166,0.1911452807259675,256,0.9253900709219858,0.4217391304347826,0.9616787016515336,0.8044444444444444,0.8975581322730395,0.8021620959451571,0.19720949615189626
259,3.0970667362213136,1.07138868454265,0.0430544376373291,0.0026829945689725476,128,10,0.0002,500,96,384,0.1,4,3,32,0.0001,"{'model__batch_size': 128, 'model__callbacks__early_stopping__patience': 10, 'model__lr': 0.0002, 'model__max_epochs': 500, 'model__module__d_model': 96, 'model__module__dim_feedforward': 384, 'model__module__dropout': 0.1, 'model__module__nhead': 4, 'model__module__num_layers': 3, 'model__module__patch_size': 32, 'model__optimizer__weight_decay': 0.0001}",0.957051282051282,0.41818181818181815,0.7693452380952381,0.6826923076923077,0.8664576802507837,0.738745665254286,0.18482813308666124,52,0.8714634808579962,0.4217391304347826,0.9574565658347297,0.943669985775249,0.9111339852461828,0.8210926296297881,0.201865409137328
260,3.584123659133911,1.4154516312789869,0.039762020111083984,0.002241544041879972,128,10,0.0002,500,96,384,0.25,4,2,16,0.0001,"{'model__batch_size': 128, 'model__callbacks__early_stopping__patience': 10, 'model__lr': 0.0002, 'model__max_epochs': 500, 'model__module__d_model': 96, 'model__module__dim_feedforward': 384, 'model__module__dropout': 0.25, 'model__module__nhead': 4, 'model__module__num_layers': 2, 'model__module__patch_size': 16, 'model__optimizer__weight_decay': 0.0001}",0.957051282051282,0.42342342342342343,0.8540031397174255,0.46455026455026455,0.8388028895768833,0.7075661998638557,0.21940989701205155,197,0.920406601036085,0.4217391304347826,0.9484462165328857,0.8216216216216217,0.8963585434173669,0.8017144226085484,0.19460374169418604
261,2.9684868335723875,1.0595782634510864,0.037998008728027347,0.002994545802177368,128,10,0.0002,500,96,384,0.25,4,2,32,0.0001,"{'model__batch_size': 128, 'model__callbacks__early_stopping__patience': 10, 'model__lr': 0.0002, 'model__max_epochs': 500, 'model__module__d_model': 96, 'model__module__dim_feedforward': 384, 'model__module__dropout': 0.25, 'model__module__nhead': 4, 'model__module__num_layers': 2, 'model__module__patch_size': 32, 'model__optimizer__weight_decay': 0.0001}",0.957051282051282,0.48728665970045276,0.7524500907441016,0.6549019607843137,0.8525747508305648,0.7408529488221429,0.16188972132871718,48,0.8548590960069784,0.5400197628458498,0.9525226757369615,0.9627513227513227,0.9171941940021741,0.8454694102686572,0.1573197677049012
262,4.709233951568604,1.952828477669521,0.043084716796875,0.003528454409196745,128,10,0.0002,500,96,384,0.25,4,3,16,0.0001,"{'model__batch_size': 128, 'model__callbacks__early_stopping__patience': 10, 'model__lr': 0.0002, 'model__max_epochs': 500, 'model__module__d_model': 96, 'model__module__dim_feedforward': 384, 'model__module__dropout': 0.25, 'model__module__nhead': 4, 'model__module__num_layers': 3, 'model__module__patch_size': 16, 'model__optimizer__weight_decay': 0.0001}",0.9589460784313726,0.42342342342342343,0.8154761904761905,0.5013736263736264,0.8834154351395731,0.7165269507688372,0.2138272117629203,167,0.919749430115054,0.4217391304347826,0.9570810868520792,0.8005867163209022,0.9306987753421838,0.8059710278130003,0.1994993371167006
263,2.7001422882080077,1.014508655367273,0.04027094841003418,0.003398357891674595,128,10,0.0002,500,96,384,0.25,4,3,32,0.0001,"{'model__batch_size': 128, 'model__callbacks__early_stopping__patience': 10, 'model__lr': 0.0002, 'model__max_epochs': 500, 'model__module__d_model': 96, 'model__module__dim_feedforward': 384, 'model__module__dropout': 0.25, 'model__module__nhead': 4, 'model__module__num_layers': 3, 'model__module__patch_size': 32, 'model__optimizer__weight_decay': 0.0001}",0.9589460784313726,0.42342342342342343,0.7801418439716312,0.5576719576719577,0.8230897009966778,0.7086546008990127,0.19235603704680412,195,0.926546571707862,0.4217391304347826,0.9470688571685071,0.8310099573257468,0.8730392156862745,0.7998807464646346,0.1934015730951951
264,3.6415687561035157,1.3706240408937709,0.038757944107055665,0.0014707897222358069,128,10,0.0002,500,128,128,0.1,4,2,16,0.0001,"{'model__batch_size': 128, 'model__callbacks__early_stopping__patience': 10, 'model__lr': 0.0002, 'model__max_epochs': 500, 'model__module__d_model': 128, 'model__module__dim_feedforward': 128, 'model__module__dropout': 0.1, 'model__module__nhead': 4, 'model__module__num_layers': 2, 'model__module__patch_size': 16, 'model__optimizer__weight_decay': 0.0001}",0.957051282051282,0.41284403669724773,0.7693452380952381,0.5467032967032968,0.8505892255892256,0.707306615827258,0.1996260162614027,198,0.8799503368693969,0.44575424575424577,0.9860569169137923,0.7955883676960476,0.9463901308163603,0.8107479996099686,0.19358265548342707
265,2.6464141368865968,0.8680530701992629,0.037419366836547854,0.0025934233694920555,128,10,0.0002,500,128,128,0.1,4,2,32,0.0001,"{'model__batch_size': 128, 'model__callbacks__early_stopping__patience': 10, 'model__lr': 0.0002, 'model__max_epochs': 500, 'model__module__d_model': 128, 'model__module__dim_feedforward': 128, 'model__module__dropout': 0.1, 'model__module__nhead': 4, 'model__module__num_layers': 2, 'model__module__patch_size': 32, 'model__optimizer__weight_decay': 0.0001}",0.957051282051282,0.42342342342342343,0.7693452380952381,0.668563776364245,0.8834154351395731,0.7403598310147523,0.18647445110134056,51,0.9043775450843514,0.4217391304347826,0.9813318473112288,0.8821575874444266,0.9420050890585242,0.8263222398666628,0.20508935084328017
266,4.115130472183227,1.6181222041671564,0.04876718521118164,0.004313935151439697,128,10,0.0002,500,128,128,0.1,4,3,16,0.0001,"{'model__batch_size': 128, 'model__callbacks__early_stopping__patience': 10, 'model__lr': 0.0002, 'model__max_epochs': 500, 'model__module__d_model': 128, 'model__module__dim_feedforward': 128, 'model__module__dropout': 0.1, 'model__module__nhead': 4, 'model__module__num_layers': 3, 'model__module__patch_size': 16, 'model__optimizer__weight_decay': 0.0001}",0.9339901477832513,0.42342342342342343,0.7801418439716312,0.4731494920174166,0.8664576802507837,0.6954325174893012,0.20819880399734317,245,0.9139397905759162,0.4363565822067031,0.9578196317087246,0.8113145307603498,0.9463901308163603,0.8131641332136109,0.1953547871560771
267,2.634131574630737,0.781797899722532,0.040341520309448244,0.0033265594929409873,128,10,0.0002,500,128,128,0.1,4,3,32,0.0001,"{'model__batch_size': 128, 'model__callbacks__early_stopping__patience': 10, 'model__lr': 0.0002, 'model__max_epochs': 500, 'model__module__d_model': 128, 'model__module__dim_feedforward': 128, 'model__module__dropout': 0.1, 'model__module__nhead': 4, 'model__module__num_layers': 3, 'model__module__patch_size': 32, 'model__optimizer__weight_decay': 0.0001}",0.9790165988098967,0.49648033126293994,0.7395952653684612,0.6507936507936507,0.8505892255892256,0.7432950143648348,0.1652660832327117,42,0.8931743929359823,0.4892126962611544,0.9085734805637848,0.8831258522073276,0.9399970514521598,0.8228166946840819,0.1679074091783594
268,3.638072299957275,1.2479553299815882,0.040047216415405276,0.0033138204982130423,128,10,0.0002,500,128,128,0.25,4,2,16,0.0001,"{'model__batch_size': 128, 'model__callbacks__early_stopping__patience': 10, 'model__lr': 0.0002, 'model__max_epochs': 500, 'model__module__d_model': 128, 'model__module__dim_feedforward': 128, 'model__module__dropout': 0.25, 'model__module__nhead': 4, 'model__module__num_layers': 2, 'model__module__patch_size': 16, 'model__optimizer__weight_decay': 0.0001}",0.957051282051282,0.42342342342342343,0.7728937728937728,0.6042328042328042,0.8367816091954023,0.7188765783593369,0.18653814879971914,155,0.8919393396085462,0.4217391304347826,0.9351986183074266,0.9161904761904762,0.9181777974347634,0.8166490723951989,0.19793587573248358
269,2.4295044898986817,0.7771860420492902,0.038394498825073245,0.001752864311742557,128,10,0.0002,500,128,128,0.25,4,2,32,0.0001,"{'model__batch_size': 128, 'model__callbacks__early_stopping__patience': 10, 'model__lr': 0.0002, 'model__max_epochs': 500, 'model__module__d_model': 128, 'model__module__dim_feedforward': 128, 'model__module__dropout': 0.25, 'model__module__nhead': 4, 'model__module__num_layers': 2, 'model__module__patch_size': 32, 'model__optimizer__weight_decay': 0.0001}",0.93704979642969,0.42342342342342343,0.7634408602150538,0.6826923076923077,0.8525747508305648,0.7318362277182079,0.17619468509032904,85,0.8842429577464789,0.4217391304347826,0.9717597471022128,0.9076147816349385,0.9142242093061765,0.819916165244918,0.2011588502285534
270,5.006122016906739,2.0163707397869937,0.04919719696044922,0.007494777563169233,128,10,0.0002,500,128,128,0.25,4,3,16,0.0001,"{'model__batch_size': 128, 'model__callbacks__early_stopping__patience': 10, 'model__lr': 0.0002, 'model__max_epochs': 500, 'model__module__d_model': 128, 'model__module__dim_feedforward': 128, 'model__module__dropout': 0.25, 'model__module__nhead': 4, 'model__module__num_layers': 3, 'model__module__patch_size': 16, 'model__optimizer__weight_decay': 0.0001}",0.9339901477832513,0.42342342342342343,0.7801418439716312,0.6243722798794777,0.834428662285351,0.7192712714686269,0.17866304312867246,153,0.907472558401351,0.4217391304347826,0.9240362811791383,0.9392254431478104,0.9469870640248894,0.8278920954375943,0.20352676058601152
271,2.9292673110961913,1.0267120755542123,0.042855453491210935,0.0012717060564045393,128,10,0.0002,500,128,128,0.25,4,3,32,0.0001,"{'model__batch_size': 128, 'model__callbacks__early_stopping__patience': 10, 'model__lr': 0.0002, 'model__max_epochs': 500, 'model__module__d_model': 128, 'model__module__dim_feedforward': 128, 'model__module__dropout': 0.25, 'model__module__nhead': 4, 'model__module__num_layers': 3, 'model__module__patch_size': 32, 'model__optimizer__weight_decay': 0.0001}",0.9790165988098967,0.42342342342342343,0.7524500907441016,0.668563776364245,0.8664576802507837,0.7379823139184901,0.18898623852506405,59,0.894005502111479,0.4217391304347826,0.9715136054421769,0.8591749644381224,0.9736386768447838,0.824014375854269,0.20596303163313082
272,3.8166977882385256,1.3125059372711243,0.04424419403076172,0.007651307679405288,128,10,0.0002,500,128,256,0.1,4,2,16,0.0001,"{'model__batch_size': 128, 'model__callbacks__early_stopping__patience': 10, 'model__lr': 0.0002, 'model__max_epochs': 500, 'model__module__d_model': 128, 'model__module__dim_feedforward': 256, 'model__module__dropout': 0.1, 'model__module__nhead': 4, 'model__module__num_layers': 2, 'model__module__patch_size': 16, 'model__optimizer__weight_decay': 0.0001}",0.9339901477832513,0.42342342342342343,0.7801418439716312,0.531214953271028,0.834428662285351,0.7006398061469369,0.19195109669351823,227,0.8957101658255227,0.4217391304347826,0.9717597471022128,0.9161904761904762,0.9249461831429044,0.8260691405391798,0.20369433325858227
273,2.702303409576416,0.7788465452330011,0.04270362854003906,0.0038470205439915337,128,10,0.0002,500,128,256,0.1,4,2,32,0.0001,"{'model__batch_size': 128, 'model__callbacks__early_stopping__patience': 10, 'model__lr': 0.0002, 'model__max_epochs': 500, 'model__module__d_model': 128, 'model__module__dim_feedforward': 256, 'model__module__dropout': 0.1, 'model__module__nhead': 4, 'model__module__num_layers': 2, 'model__module__patch_size': 32, 'model__optimizer__weight_decay': 0.0001}",0.957051282051282,0.5390377412849323,0.7361702127659575,0.6826923076923077,0.8367816091954023,0.7503466305979762,0.14115760226828367,31,0.8923148131664679,0.6297388029149267,0.9159933129005294,0.8644259885605001,0.9151793024398232,0.8435304439964494,0.10854292288336814
274,3.7774494171142576,1.5133741437143453,0.04123992919921875,0.0019687924046429043,128,10,0.0002,500,128,256,0.1,4,3,16,0.0001,"{'model__batch_size': 128, 'model__callbacks__early_stopping__patience': 10, 'model__lr': 0.0002, 'model__max_epochs': 500, 'model__module__d_model': 128, 'model__module__dim_feedforward': 256, 'model__module__dropout': 0.1, 'model__module__nhead': 4, 'model__module__num_layers': 3, 'model__module__patch_size': 16, 'model__optimizer__weight_decay': 0.0001}",0.957051282051282,0.42342342342342343,0.7472826086956521,0.4731494920174166,0.807105538140021,0.6816024688655589,0.20300049897135666,278,0.933064281559046,0.4217391304347826,0.9374450130173265,0.8113145307603498,0.9061534198691306,0.801943275128127,0.19547695804851956
275,2.415984296798706,0.6635394369760736,0.040207624435424805,0.002452436777693438,128,10,0.0002,500,128,256,0.1,4,3,32,0.0001,"{'model__batch_size': 128, 'model__callbacks__early_stopping__patience': 10, 'model__lr': 0.0002, 'model__max_epochs': 500, 'model__module__d_model': 128, 'model__module__dim_feedforward': 256, 'model__module__dropout': 0.1, 'model__module__nhead': 4, 'model__module__num_layers': 3, 'model__module__patch_size': 32, 'model__optimizer__weight_decay': 0.0001}",0.957051282051282,0.47805825242718447,0.7204301075268817,0.592032967032967,0.8681114551083591,0.723136812829335,0.17492436721068844,129,0.9043775450843514,0.46093906093906095,0.8955498866213152,0.8230687830687831,0.904995145107347,0.7977860841641716,0.17118318566951288
276,4.051028537750244,1.514984314183354,0.03912773132324219,0.004337130108641363,128,10,0.0002,500,128,256,0.25,4,2,16,0.0001,"{'model__batch_size': 128, 'model__callbacks__early_stopping__patience': 10, 'model__lr': 0.0002, 'model__max_epochs': 500, 'model__module__d_model': 128, 'model__module__dim_feedforward': 256, 'model__module__dropout': 0.25, 'model__module__nhead': 4, 'model__module__num_layers': 2, 'model__module__patch_size': 16, 'model__optimizer__weight_decay': 0.0001}",0.9339901477832513,0.42342342342342343,0.7974591651542651,0.6373626373626373,0.807105538140021,0.7198681823727195,0.17559361775842694,148,0.8829508838765956,0.4291200722918785,0.9811731647348085,0.9720634920634921,0.901228813559322,0.8333072853052194,0.20570013478673801
277,2.669116401672363,0.838780539262509,0.03818116188049316,0.002060970038297749,128,10,0.0002,500,128,256,0.25,4,2,32,0.0001,"{'model__batch_size': 128, 'model__callbacks__early_stopping__patience': 10, 'model__lr': 0.0002, 'model__max_epochs': 500, 'model__module__d_model': 128, 'model__module__dim_feedforward': 256, 'model__module__dropout': 0.25, 'model__module__nhead': 4, 'model__module__num_layers': 2, 'model__module__patch_size': 32, 'model__optimizer__weight_decay': 0.0001}",0.9790165988098967,0.4253408713002993,0.7472826086956521,0.6647314949201741,0.8230897009966778,0.7278922549445401,0.18331862806989851,109,0.8672674837779379,0.6482444140446877,0.925327389244915,0.9431973033063186,0.8759914232778899,0.8520056027303499,0.10584788826109677
278,3.646103096008301,1.4361884688791249,0.04527292251586914,0.006484539385846304,128,10,0.0002,500,128,256,0.25,4,3,16,0.0001,"{'model__batch_size': 128, 'model__callbacks__early_stopping__patience': 10, 'model__lr': 0.0002, 'model__max_epochs': 500, 'model__module__d_model': 128, 'model__module__dim_feedforward': 256, 'model__module__dropout': 0.25, 'model__module__nhead': 4, 'model__module__num_layers': 3, 'model__module__patch_size': 16, 'model__optimizer__weight_decay': 0.0001}",0.9339901477832513,0.3591989987484355,0.7472826086956521,0.4731494920174166,0.7936046511627908,0.6614451796815091,0.2125666811337427,286,0.9024635761589404,0.5352900069881202,0.927821168866146,0.8055964653902798,0.8951126457360872,0.8132567726279147,0.14498789035721438
279,3.1548593044281006,1.0445233073520064,0.04324049949645996,0.005060767170460248,128,10,0.0002,500,128,256,0.25,4,3,32,0.0001,"{'model__batch_size': 128, 'model__callbacks__early_stopping__patience': 10, 'model__lr': 0.0002, 'model__max_epochs': 500, 'model__module__d_model': 128, 'model__module__dim_feedforward': 256, 'model__module__dropout': 0.25, 'model__module__nhead': 4, 'model__module__num_layers': 3, 'model__module__patch_size': 32, 'model__optimizer__weight_decay': 0.0001}",0.957051282051282,0.38461538461538464,0.7566718995290425,0.7127552728490123,0.8207070707070707,0.7263601819503585,0.18974357399585046,113,0.8612609546498766,0.420479302832244,0.9671930468845635,0.9387219454711018,0.914004914004914,0.8203320327685398,0.20293660086830462
280,3.895607757568359,1.3522708261493854,0.039813804626464847,0.0028864614600212324,128,10,0.0002,500,128,384,0.1,4,2,16,0.0001,"{'model__batch_size': 128, 'model__callbacks__early_stopping__patience': 10, 'model__lr': 0.0002, 'model__max_epochs': 500, 'model__module__d_model': 128, 'model__module__dim_feedforward': 384, 'model__module__dropout': 0.1, 'model__module__nhead': 4, 'model__module__num_layers': 2, 'model__module__patch_size': 16, 'model__optimizer__weight_decay': 0.0001}",0.9339901477832513,0.5173453996983409,0.7974591651542651,0.611764705882353,0.807105538140021,0.7335329913316462,0.14916241955238108,74,0.9024635761589404,0.5219080928786554,0.9763647587970721,0.9401830065359478,0.9191248412681892,0.8520088551277609,0.1668866797928113
281,2.681555986404419,0.9004556017665746,0.0380216121673584,0.004515966812500927,128,10,0.0002,500,128,384,0.1,4,2,32,0.0001,"{'model__batch_size': 128, 'model__callbacks__early_stopping__patience': 10, 'model__lr': 0.0002, 'model__max_epochs': 500, 'model__module__d_model': 128, 'model__module__dim_feedforward': 384, 'model__module__dropout': 0.1, 'model__module__nhead': 4, 'model__module__num_layers': 2, 'model__module__patch_size': 32, 'model__optimizer__weight_decay': 0.0001}",0.9790165988098967,0.4298003072196621,0.7395952653684612,0.6435185185185185,0.8542692939244663,0.7292399967682008,0.1871577982200608,100,0.9620764239365538,0.6028117892995797,0.9813318473112288,0.9342816500711237,0.9132328308207706,0.8787469082878513,0.13991501290542793
282,3.9730700969696047,1.5307242030701707,0.041582489013671876,0.0016005984912994995,128,10,0.0002,500,128,384,0.1,4,3,16,0.0001,"{'model__batch_size': 128, 'model__callbacks__early_stopping__patience': 10, 'model__lr': 0.0002, 'model__max_epochs': 500, 'model__module__d_model': 128, 'model__module__dim_feedforward': 384, 'model__module__dropout': 0.1, 'model__module__nhead': 4, 'model__module__num_layers': 3, 'model__module__patch_size': 16, 'model__optimizer__weight_decay': 0.0001}",0.957051282051282,0.42342342342342343,0.7634408602150538,0.5013736263736264,0.8542692939244663,0.6999116971975703,0.20486391552484062,229,0.9124393278312218,0.44414322828419744,0.966910662315901,0.8270262612668449,0.9231779661016949,0.8147394891599719,0.19076308921874371
283,2.8148552894592287,0.8063652833655309,0.04535064697265625,0.0024733238308423913,128,10,0.0002,500,128,384,0.1,4,3,32,0.0001,"{'model__batch_size': 128, 'model__callbacks__early_stopping__patience': 10, 'model__lr': 0.0002, 'model__max_epochs': 500, 'model__module__d_model': 128, 'model__module__dim_feedforward': 384, 'model__module__dropout': 0.1, 'model__module__nhead': 4, 'model__module__num_layers': 3, 'model__module__patch_size': 32, 'model__optimizer__weight_decay': 0.0001}",0.957051282051282,0.4947797300738477,0.7395952653684612,0.6507936507936507,0.8230897009966778,0.7330619258567838,0.15611879478092364,76,0.845495166717106,0.7214156735283496,0.9620181405895691,0.9397122630737611,0.9290874244434616,0.8795457336704494,0.08836361843938878
284,3.9301016330718994,1.4381101073546407,0.0430717945098877,0.0018963006930203963,128,10,0.0002,500,128,384,0.25,4,2,16,0.0001,"{'model__batch_size': 128, 'model__callbacks__early_stopping__patience': 10, 'model__lr': 0.0002, 'model__max_epochs': 500, 'model__module__d_model': 128, 'model__module__dim_feedforward': 384, 'model__module__dropout': 0.25, 'model__module__nhead': 4, 'model__module__num_layers': 2, 'model__module__patch_size': 16, 'model__optimizer__weight_decay': 0.0001}",0.957051282051282,0.41818181818181815,0.8424682395644283,0.4731494920174166,0.8207070707070707,0.7023115805044032,0.21531311216950866,218,0.9153796653796653,0.4349108934261773,0.9623463294696171,0.814603403259206,0.9520222290830503,0.8158525041235432,0.19749752489661673
285,2.5708242893218993,0.893855878563036,0.03896346092224121,0.0035272641881458774,128,10,0.0002,500,128,384,0.25,4,2,32,0.0001,"{'model__batch_size': 128, 'model__callbacks__early_stopping__patience': 10, 'model__lr': 0.0002, 'model__max_epochs': 500, 'model__module__d_model': 128, 'model__module__dim_feedforward': 384, 'model__module__dropout': 0.25, 'model__module__nhead': 4, 'model__module__num_layers': 2, 'model__module__patch_size': 32, 'model__optimizer__weight_decay': 0.0001}",0.957051282051282,0.42342342342342343,0.7745454545454545,0.6168359941944848,0.8388028895768833,0.7221318087583055,0.18539708645518474,133,0.8829508838765956,0.4363565822067031,0.9435194942044257,0.9001710632934186,0.8875282265068611,0.8101052500176008,0.188095763707837
286,4.568370962142945,1.8468001055212362,0.04358134269714355,0.0018193436210339894,128,10,0.0002,500,128,384,0.25,4,3,16,0.0001,"{'model__batch_size': 128, 'model__callbacks__early_stopping__patience': 10, 'model__lr': 0.0002, 'model__max_epochs': 500, 'model__module__d_model': 128, 'model__module__dim_feedforward': 384, 'model__module__dropout': 0.25, 'model__module__nhead': 4, 'model__module__num_layers': 3, 'model__module__patch_size': 16, 'model__optimizer__weight_decay': 0.0001}",0.9339901477832513,0.5084485407066053,0.8424682395644283,0.4731494920174166,0.8230897009966778,0.7162292242136757,0.18816792445693983,168,0.8948152995927865,0.6183194103194103,0.9715136054421769,0.8106576776877286,0.9356681569796323,0.8461948300043469,0.12590815531300945
287,2.830192279815674,0.897743847562419,0.038486051559448245,0.0020744724989265524,128,10,0.0002,500,128,384,0.25,4,3,32,0.0001,"{'model__batch_size': 128, 'model__callbacks__early_stopping__patience': 10, 'model__lr': 0.0002, 'model__max_epochs': 500, 'model__module__d_model': 128, 'model__module__dim_feedforward': 384, 'model__module__dropout': 0.25, 'model__module__nhead': 4, 'model__module__num_layers': 3, 'model__module__patch_size': 32, 'model__optimizer__weight_decay': 0.0001}",0.9790165988098967,0.45718194254445965,0.7395952653684612,0.6168359941944848,0.807105538140021,0.7199470678114646,0.17594151134285008,147,0.9216562406910932,0.6582393899204244,0.9570810868520792,0.9205255795009828,0.898775403856175,0.871255540164151,0.10813603933603884
