,mean_fit_time,std_fit_time,mean_score_time,std_score_time,param_model__batch_size,param_model__callbacks__early_stopping__patience,param_model__lr,param_model__max_epochs,param_model__module__d_model,param_model__module__dim_feedforward,param_model__module__dropout,param_model__module__nhead,param_model__module__num_layers,param_model__module__patch_size,param_model__optimizer__weight_decay,params,split0_test_score,split1_test_score,split2_test_score,split3_test_score,split4_test_score,mean_test_score,std_test_score,rank_test_score,split0_train_score,split1_train_score,split2_train_score,split3_train_score,split4_train_score,mean_train_score,std_train_score
0,9.118547677993774,1.9951230662452981,0.029165887832641603,0.003989609636109041,64,10,3e-05,500,96,128,0.1,4,2,16,0.0001,"{'model__batch_size': 64, 'model__callbacks__early_stopping__patience': 10, 'model__lr': 3e-05, 'model__max_epochs': 500, 'model__module__d_model': 96, 'model__module__dim_feedforward': 128, 'model__module__dropout': 0.1, 'model__module__nhead': 4, 'model__module__num_layers': 2, 'model__module__patch_size': 16, 'model__optimizer__weight_decay': 0.0001}",1.0,0.8731884057971014,0.9439071566731141,0.7329888027562446,0.6543778801843317,0.8408924490821583,0.12915196696978887,47,0.8474381116868164,0.8974369703943927,0.8563312106284007,0.9074102722772277,0.9089117541166885,0.8835056638207053,0.02626899410205465
1,7.13967490196228,1.0643060527621526,0.02460322380065918,0.0036473080902245545,64,10,3e-05,500,96,128,0.1,4,2,32,0.0001,"{'model__batch_size': 64, 'model__callbacks__early_stopping__patience': 10, 'model__lr': 3e-05, 'model__max_epochs': 500, 'model__module__d_model': 96, 'model__module__dim_feedforward': 128, 'model__module__dropout': 0.1, 'model__module__nhead': 4, 'model__module__num_layers': 2, 'model__module__patch_size': 32, 'model__optimizer__weight_decay': 0.0001}",1.0,0.8102981029810298,0.8546365914786966,0.7416666666666667,0.7083333333333333,0.8229869388919454,0.10222990444176627,148,0.8364672571511543,0.9048899490404423,0.8677610579115367,0.8720834054667512,0.9037290715372908,0.8769861482214351,0.02547440189262244
2,9.61795163154602,3.5357435214371047,0.02679581642150879,0.0036704168999241783,64,10,3e-05,500,96,128,0.1,4,3,16,0.0001,"{'model__batch_size': 64, 'model__callbacks__early_stopping__patience': 10, 'model__lr': 3e-05, 'model__max_epochs': 500, 'model__module__d_model': 96, 'model__module__dim_feedforward': 128, 'model__module__dropout': 0.1, 'model__module__nhead': 4, 'model__module__num_layers': 3, 'model__module__patch_size': 16, 'model__optimizer__weight_decay': 0.0001}",1.0,0.8853801169590643,0.9186535764375876,0.7995885982956215,0.6697746697746698,0.8546793922933886,0.11258602200021205,4,0.8585990542604279,0.9022727272727273,0.8707692307692307,0.9027833881547309,0.9126381215469613,0.8894125044008157,0.02088365637407205
3,6.738159656524658,1.5466636222779853,0.024520492553710936,0.00332491862660479,64,10,3e-05,500,96,128,0.1,4,3,32,0.0001,"{'model__batch_size': 64, 'model__callbacks__early_stopping__patience': 10, 'model__lr': 3e-05, 'model__max_epochs': 500, 'model__module__d_model': 96, 'model__module__dim_feedforward': 128, 'model__module__dropout': 0.1, 'model__module__nhead': 4, 'model__module__num_layers': 3, 'model__module__patch_size': 32, 'model__optimizer__weight_decay': 0.0001}",0.9794721407624634,0.8526315789473684,0.8644226273959794,0.7534090909090909,0.7083333333333333,0.8316537542696472,0.09454554153828183,96,0.8405622709620959,0.8619980250164582,0.8768809849521204,0.8843295382669196,0.8957677902621723,0.8719077218919533,0.019126301871040453
4,8.351369953155517,1.2212350676854453,0.024724483489990234,0.00318037644421376,64,10,3e-05,500,96,128,0.25,4,2,16,0.0001,"{'model__batch_size': 64, 'model__callbacks__early_stopping__patience': 10, 'model__lr': 3e-05, 'model__max_epochs': 500, 'model__module__d_model': 96, 'model__module__dim_feedforward': 128, 'model__module__dropout': 0.25, 'model__module__nhead': 4, 'model__module__num_layers': 2, 'model__module__patch_size': 16, 'model__optimizer__weight_decay': 0.0001}",1.0,0.8381128584643849,0.894927536231884,0.7267117249485748,0.6950393060449986,0.8309582851379684,0.11140885831700448,102,0.8446886446886447,0.9071608492263403,0.88,0.8971225247524752,0.9133561643835616,0.8884656366102043,0.024625527749970844
5,7.430667352676392,1.2527320268603357,0.023459100723266603,0.0031125458940395117,64,10,3e-05,500,96,128,0.25,4,2,32,0.0001,"{'model__batch_size': 64, 'model__callbacks__early_stopping__patience': 10, 'model__lr': 3e-05, 'model__max_epochs': 500, 'model__module__d_model': 96, 'model__module__dim_feedforward': 128, 'model__module__dropout': 0.25, 'model__module__nhead': 4, 'model__module__num_layers': 2, 'model__module__patch_size': 32, 'model__optimizer__weight_decay': 0.0001}",0.9794721407624634,0.8674242424242424,0.81875,0.6725691208449829,0.6822033898305084,0.8040837787724394,0.11587849184441183,237,0.8446886446886447,0.8914141414141414,0.8918269230769231,0.8720834054667512,0.9089117541166885,0.8817849737526299,0.021907450268043912
6,8.69132113456726,1.3039233256951845,0.025733041763305663,0.0034014463196570047,64,10,3e-05,500,96,128,0.25,4,3,16,0.0001,"{'model__batch_size': 64, 'model__callbacks__early_stopping__patience': 10, 'model__lr': 3e-05, 'model__max_epochs': 500, 'model__module__d_model': 96, 'model__module__dim_feedforward': 128, 'model__module__dropout': 0.25, 'model__module__nhead': 4, 'model__module__num_layers': 3, 'model__module__patch_size': 16, 'model__optimizer__weight_decay': 0.0001}",1.0,0.834280303030303,0.9186535764375876,0.7785714285714285,0.6950393060449986,0.8453089228168637,0.1062687620066614,29,0.8324027393794835,0.8839406207827261,0.8925066209689982,0.9027833881547309,0.91404952438472,0.8851365787341317,0.028227553772751584
7,7.139745616912842,1.7939665318020708,0.024679040908813475,0.0028246409087627376,64,10,3e-05,500,96,128,0.25,4,3,32,0.0001,"{'model__batch_size': 64, 'model__callbacks__early_stopping__patience': 10, 'model__lr': 3e-05, 'model__max_epochs': 500, 'model__module__d_model': 96, 'model__module__dim_feedforward': 128, 'model__module__dropout': 0.25, 'model__module__nhead': 4, 'model__module__num_layers': 3, 'model__module__patch_size': 32, 'model__optimizer__weight_decay': 0.0001}",1.0,0.8526315789473684,0.8644226273959794,0.7267117249485748,0.6366486178398404,0.8160829098263527,0.12464501866848043,187,0.8419797257006559,0.8866408620148551,0.8534997287032013,0.8843295382669196,0.9133561643835616,0.8759612038138387,0.025462623257326768
8,8.345734119415283,1.436571176076535,0.02546038627624512,0.0024157084944479495,64,10,3e-05,500,96,256,0.1,4,2,16,0.0001,"{'model__batch_size': 64, 'model__callbacks__early_stopping__patience': 10, 'model__lr': 3e-05, 'model__max_epochs': 500, 'model__module__d_model': 96, 'model__module__dim_feedforward': 256, 'model__module__dropout': 0.1, 'model__module__nhead': 4, 'model__module__num_layers': 2, 'model__module__patch_size': 16, 'model__optimizer__weight_decay': 0.0001}",1.0,0.8731884057971014,0.9186535764375876,0.7047619047619047,0.6950393060449986,0.8383286386083185,0.12014727072789644,61,0.8390954755377285,0.8999137931034482,0.8566777549720432,0.9168035030103996,0.9089117541166885,0.8842804561480616,0.03069997467803033
9,6.309446334838867,1.2084407966866568,0.023392677307128906,0.0029669564651936785,64,10,3e-05,500,96,256,0.1,4,2,32,0.0001,"{'model__batch_size': 64, 'model__callbacks__early_stopping__patience': 10, 'model__lr': 3e-05, 'model__max_epochs': 500, 'model__module__d_model': 96, 'model__module__dim_feedforward': 256, 'model__module__dropout': 0.1, 'model__module__nhead': 4, 'model__module__num_layers': 2, 'model__module__patch_size': 32, 'model__optimizer__weight_decay': 0.0001}",1.0,0.8853801169590643,0.8644226273959794,0.6678571428571429,0.613716454323665,0.8062752683071703,0.14380990119914175,232,0.8585990542604279,0.8879165890895551,0.8758916563101176,0.9074102722772277,0.8932243707796195,0.8846083885433895,0.016477694821968016
10,10.858630418777466,5.534219583589763,0.03163461685180664,0.01030618826988895,64,10,3e-05,500,96,256,0.1,4,3,16,0.0001,"{'model__batch_size': 64, 'model__callbacks__early_stopping__patience': 10, 'model__lr': 3e-05, 'model__max_epochs': 500, 'model__module__d_model': 96, 'model__module__dim_feedforward': 256, 'model__module__dropout': 0.1, 'model__module__nhead': 4, 'model__module__num_layers': 3, 'model__module__patch_size': 16, 'model__optimizer__weight_decay': 0.0001}",1.0,0.8526315789473684,0.9186535764375876,0.7479674796747967,0.7083333333333333,0.8455171936786172,0.10733111445541806,28,0.853039041703638,0.9502602660497397,0.8603833425261996,0.9111154791154792,0.9037290715372908,0.8957054401864696,0.03562625191466713
11,6.871288871765136,2.252314248570448,0.025220203399658202,0.0030853669981005492,64,10,3e-05,500,96,256,0.1,4,3,32,0.0001,"{'model__batch_size': 64, 'model__callbacks__early_stopping__patience': 10, 'model__lr': 3e-05, 'model__max_epochs': 500, 'model__module__d_model': 96, 'model__module__dim_feedforward': 256, 'model__module__dropout': 0.1, 'model__module__nhead': 4, 'model__module__num_layers': 3, 'model__module__patch_size': 32, 'model__optimizer__weight_decay': 0.0001}",1.0,0.8489570846319827,0.8878143133462283,0.7568627450980392,0.6822033898305084,0.8351675065813516,0.10923483537433057,74,0.8405622709620959,0.9190291871534679,0.8728214790390956,0.8830067972810876,0.8957677902621723,0.8822375049395837,0.025933665312029522
12,8.714498615264892,0.8716897309802116,0.024765539169311523,0.003427374799611036,64,10,3e-05,500,96,256,0.25,4,2,16,0.0001,"{'model__batch_size': 64, 'model__callbacks__early_stopping__patience': 10, 'model__lr': 3e-05, 'model__max_epochs': 500, 'model__module__d_model': 96, 'model__module__dim_feedforward': 256, 'model__module__dropout': 0.25, 'model__module__nhead': 4, 'model__module__num_layers': 2, 'model__module__patch_size': 16, 'model__optimizer__weight_decay': 0.0001}",1.0,0.8198830409356725,0.8317214700193424,0.7416666666666667,0.6822033898305084,0.815094913490438,0.10727639447317343,194,0.8293436861763785,0.8914141414141414,0.8748691189344135,0.8982013011863759,0.9037290715372908,0.87951146384972,0.026891759176286004
13,6.451514816284179,1.1062827721749005,0.02345271110534668,0.002674017389895801,64,10,3e-05,500,96,256,0.25,4,2,32,0.0001,"{'model__batch_size': 64, 'model__callbacks__early_stopping__patience': 10, 'model__lr': 3e-05, 'model__max_epochs': 500, 'model__module__d_model': 96, 'model__module__dim_feedforward': 256, 'model__module__dropout': 0.25, 'model__module__nhead': 4, 'model__module__num_layers': 2, 'model__module__patch_size': 32, 'model__optimizer__weight_decay': 0.0001}",0.9794721407624634,0.8526315789473684,0.9186535764375876,0.6678571428571429,0.6543778801843317,0.8145984638377788,0.1316517864331181,198,0.8543956043956045,0.9092658102153541,0.8718122626153011,0.8960043787629994,0.9001184366363995,0.8863192985251317,0.02020067191131037
14,8.983849000930785,1.941232663569635,0.027166461944580077,0.002521487906227903,64,10,3e-05,500,96,256,0.25,4,3,16,0.0001,"{'model__batch_size': 64, 'model__callbacks__early_stopping__patience': 10, 'model__lr': 3e-05, 'model__max_epochs': 500, 'model__module__d_model': 96, 'model__module__dim_feedforward': 256, 'model__module__dropout': 0.25, 'model__module__nhead': 4, 'model__module__num_layers': 3, 'model__module__patch_size': 16, 'model__optimizer__weight_decay': 0.0001}",1.0,0.8526315789473684,0.9186535764375876,0.7685902957220787,0.6950393060449986,0.8469829514304067,0.1075314674657662,20,0.8641025641025641,0.8926520762253474,0.8603833425261996,0.9215724815724815,0.909630966480552,0.8896682861814288,0.024234287122196732
15,6.432665300369263,0.8691560333294316,0.024624109268188477,0.002910655560859387,64,10,3e-05,500,96,256,0.25,4,3,32,0.0001,"{'model__batch_size': 64, 'model__callbacks__early_stopping__patience': 10, 'model__lr': 3e-05, 'model__max_epochs': 500, 'model__module__d_model': 96, 'model__module__dim_feedforward': 256, 'model__module__dropout': 0.25, 'model__module__nhead': 4, 'model__module__num_layers': 3, 'model__module__patch_size': 32, 'model__optimizer__weight_decay': 0.0001}",0.9794721407624634,0.8153919923279789,0.894927536231884,0.7785714285714285,0.6950393060449986,0.8326804807877506,0.09756460597894487,90,0.8487442922374429,0.8985911996524545,0.8768809849521204,0.8830067972810876,0.8906059067922472,0.8795658361830705,0.017046195028805895
16,8.166127681732178,1.7608894386664555,0.02459297180175781,0.0029889123075625677,64,10,3e-05,500,96,384,0.1,4,2,16,0.0001,"{'model__batch_size': 64, 'model__callbacks__early_stopping__patience': 10, 'model__lr': 3e-05, 'model__max_epochs': 500, 'model__module__d_model': 96, 'model__module__dim_feedforward': 384, 'model__module__dropout': 0.1, 'model__module__nhead': 4, 'model__module__num_layers': 2, 'model__module__patch_size': 16, 'model__optimizer__weight_decay': 0.0001}",1.0,0.8731884057971014,0.894927536231884,0.7267117249485748,0.6666666666666667,0.8322988667288455,0.12025027647047583,92,0.8557064033686657,0.8999137931034482,0.8883066740209598,0.920686981930944,0.91404952438472,0.8957326753617476,0.022947566605752888
17,6.228610992431641,1.4897983233636338,0.024207115173339844,0.0030267859475467864,64,10,3e-05,500,96,384,0.1,4,2,32,0.0001,"{'model__batch_size': 64, 'model__callbacks__early_stopping__patience': 10, 'model__lr': 3e-05, 'model__max_epochs': 500, 'model__module__d_model': 96, 'model__module__dim_feedforward': 384, 'model__module__dropout': 0.1, 'model__module__nhead': 4, 'model__module__num_layers': 2, 'model__module__patch_size': 32, 'model__optimizer__weight_decay': 0.0001}",0.9794721407624634,0.8153919923279789,0.9186535764375876,0.7047619047619047,0.657707910750507,0.8151975050080884,0.12221975829981689,193,0.8212364856241681,0.8866408620148551,0.8666984456664226,0.9111154791154792,0.909630966480552,0.8790644477802954,0.03321437623429502
18,8.302985429763794,1.1236279794765254,0.026506900787353516,0.003541776012215592,64,10,3e-05,500,96,384,0.1,4,3,16,0.0001,"{'model__batch_size': 64, 'model__callbacks__early_stopping__patience': 10, 'model__lr': 3e-05, 'model__max_epochs': 500, 'model__module__d_model': 96, 'model__module__dim_feedforward': 384, 'model__module__dropout': 0.1, 'model__module__nhead': 4, 'model__module__num_layers': 3, 'model__module__patch_size': 16, 'model__optimizer__weight_decay': 0.0001}",1.0,0.834280303030303,0.9186535764375876,0.7479674796747967,0.6950393060449986,0.8391881330375373,0.11072433514756314,57,0.8401929745213328,0.8962385961941451,0.8615384615384616,0.9168035030103996,0.9126381215469613,0.8854823313622602,0.029861629936442643
19,5.9984828472137455,1.566510183863053,0.02394843101501465,0.0035242072191499062,64,10,3e-05,500,96,384,0.1,4,3,32,0.0001,"{'model__batch_size': 64, 'model__callbacks__early_stopping__patience': 10, 'model__lr': 3e-05, 'model__max_epochs': 500, 'model__module__d_model': 96, 'model__module__dim_feedforward': 384, 'model__module__dropout': 0.1, 'model__module__nhead': 4, 'model__module__num_layers': 3, 'model__module__patch_size': 32, 'model__optimizer__weight_decay': 0.0001}",1.0,0.8489570846319827,0.894927536231884,0.7181818181818183,0.6950393060449986,0.8314211490181368,0.11329832513692999,99,0.8446886446886447,0.9355912457352085,0.8718122626153011,0.9101119128550699,0.8941019786910198,0.8912612089170487,0.031227668588045807
20,8.269281005859375,1.0909177788238122,0.025338029861450194,0.0028129306294439006,64,10,3e-05,500,96,384,0.25,4,2,16,0.0001,"{'model__batch_size': 64, 'model__callbacks__early_stopping__patience': 10, 'model__lr': 3e-05, 'model__max_epochs': 500, 'model__module__d_model': 96, 'model__module__dim_feedforward': 384, 'model__module__dropout': 0.25, 'model__module__nhead': 4, 'model__module__num_layers': 2, 'model__module__patch_size': 16, 'model__optimizer__weight_decay': 0.0001}",1.0,0.8558682223747426,0.9186535764375876,0.7685902957220787,0.6950393060449986,0.8476302801158815,0.10757325722641235,19,0.8446741620930356,0.8949938949938949,0.8696911196911197,0.9224263633712453,0.91404952438472,0.8891670129068032,0.028699130703584052
21,6.890597248077393,1.0084520313641099,0.023504114151000975,0.0026619973119570003,64,10,3e-05,500,96,384,0.25,4,2,32,0.0001,"{'model__batch_size': 64, 'model__callbacks__early_stopping__patience': 10, 'model__lr': 3e-05, 'model__max_epochs': 500, 'model__module__d_model': 96, 'model__module__dim_feedforward': 384, 'model__module__dropout': 0.25, 'model__module__nhead': 4, 'model__module__num_layers': 2, 'model__module__patch_size': 32, 'model__optimizer__weight_decay': 0.0001}",1.0,0.9199267902081903,0.9186535764375876,0.7047619047619047,0.642478813559322,0.8371642169934009,0.1381581919754787,65,0.8318527918781726,0.9033868686028126,0.8778382907415165,0.901740060270244,0.8878999788090698,0.8805435980603631,0.02608959429110171
22,8.959271097183228,2.28810632609213,0.026946496963500977,0.0036041762401881707,64,10,3e-05,500,96,384,0.25,4,3,16,0.0001,"{'model__batch_size': 64, 'model__callbacks__early_stopping__patience': 10, 'model__lr': 3e-05, 'model__max_epochs': 500, 'model__module__d_model': 96, 'model__module__dim_feedforward': 384, 'model__module__dropout': 0.25, 'model__module__nhead': 4, 'model__module__num_layers': 3, 'model__module__patch_size': 16, 'model__optimizer__weight_decay': 0.0001}",1.0,0.8526315789473684,0.9186535764375876,0.7329888027562446,0.6822033898305084,0.8372954695943419,0.11684223206193539,64,0.8459446788560713,0.8901286091474321,0.8644648699174327,0.915876027830487,0.9001184366363995,0.8833065244775646,0.025063396550120205
23,6.375060558319092,1.2741243509904474,0.02530641555786133,0.003299937844893912,64,10,3e-05,500,96,384,0.25,4,3,32,0.0001,"{'model__batch_size': 64, 'model__callbacks__early_stopping__patience': 10, 'model__lr': 3e-05, 'model__max_epochs': 500, 'model__module__d_model': 96, 'model__module__dim_feedforward': 384, 'model__module__dropout': 0.25, 'model__module__nhead': 4, 'model__module__num_layers': 3, 'model__module__patch_size': 32, 'model__optimizer__weight_decay': 0.0001}",1.0,0.8704902867715079,0.894927536231884,0.7110904007455732,0.6543778801843317,0.8261772207866593,0.12622567238308469,125,0.8474381116868164,0.8832290980908493,0.8657962754324342,0.8863409770687936,0.9081669691470053,0.8781942862851796,0.020443740203826253
24,7.305528545379639,1.3518651952166787,0.026149177551269533,0.003917911711190565,64,10,3e-05,500,128,128,0.1,4,2,16,0.0001,"{'model__batch_size': 64, 'model__callbacks__early_stopping__patience': 10, 'model__lr': 3e-05, 'model__max_epochs': 500, 'model__module__d_model': 128, 'model__module__dim_feedforward': 128, 'model__module__dropout': 0.1, 'model__module__nhead': 4, 'model__module__num_layers': 2, 'model__module__patch_size': 16, 'model__optimizer__weight_decay': 0.0001}",0.9794721407624634,0.8704902867715079,0.9439071566731141,0.7479674796747967,0.625,0.8333674127763764,0.13088457630689596,84,0.8585990542604279,0.8985911996524545,0.88413807308742,0.901740060270244,0.9235995772308622,0.8933335929002817,0.021472711468530952
25,6.580865526199341,1.3803122233271332,0.02475128173828125,0.0026800695007260776,64,10,3e-05,500,128,128,0.1,4,2,32,0.0001,"{'model__batch_size': 64, 'model__callbacks__early_stopping__patience': 10, 'model__lr': 3e-05, 'model__max_epochs': 500, 'model__module__d_model': 128, 'model__module__dim_feedforward': 128, 'model__module__dropout': 0.1, 'model__module__nhead': 4, 'model__module__num_layers': 2, 'model__module__patch_size': 32, 'model__optimizer__weight_decay': 0.0001}",0.9794721407624634,0.8381128584643849,0.912781954887218,0.7194570135746606,0.6048009367681498,0.8109249808913754,0.13444380205118409,218,0.8835164835164835,0.9306150313411531,0.8696911196911197,0.9176980198019802,0.9191434963247044,0.9041328301350882,0.023331980700651917
26,8.772146892547607,1.1500498289896084,0.02680811882019043,0.00392633121590864,64,10,3e-05,500,128,128,0.1,4,3,16,0.0001,"{'model__batch_size': 64, 'model__callbacks__early_stopping__patience': 10, 'model__lr': 3e-05, 'model__max_epochs': 500, 'model__module__d_model': 128, 'model__module__dim_feedforward': 128, 'model__module__dropout': 0.1, 'model__module__nhead': 4, 'model__module__num_layers': 3, 'model__module__patch_size': 16, 'model__optimizer__weight_decay': 0.0001}",1.0,0.834280303030303,0.894927536231884,0.6446455505279034,0.6459627329192547,0.8039632245418691,0.1399788021005622,238,0.8641025641025641,0.8949938949938949,0.8778382907415165,0.9074102722772277,0.918499990525458,0.8925690025281323,0.019625959931327604
27,5.897609567642212,1.1600007701008404,0.02484607696533203,0.0039237997619037766,64,10,3e-05,500,128,128,0.1,4,3,32,0.0001,"{'model__batch_size': 64, 'model__callbacks__early_stopping__patience': 10, 'model__lr': 3e-05, 'model__max_epochs': 500, 'model__module__d_model': 128, 'model__module__dim_feedforward': 128, 'model__module__dropout': 0.1, 'model__module__nhead': 4, 'model__module__num_layers': 3, 'model__module__patch_size': 32, 'model__optimizer__weight_decay': 0.0001}",1.0,0.834280303030303,0.8878143133462283,0.6973873097904105,0.6543778801843317,0.8147719612702546,0.1261194708021941,196,0.8528437080161217,0.9230900264032025,0.88413807308742,0.8913969087197433,0.91404952438472,0.8931036481222415,0.024666049084737313
28,7.172426080703735,0.9874906567556636,0.02553281784057617,0.00280590620559595,64,10,3e-05,500,128,128,0.25,4,2,16,0.0001,"{'model__batch_size': 64, 'model__callbacks__early_stopping__patience': 10, 'model__lr': 3e-05, 'model__max_epochs': 500, 'model__module__d_model': 128, 'model__module__dim_feedforward': 128, 'model__module__dropout': 0.25, 'model__module__nhead': 4, 'model__module__num_layers': 2, 'model__module__patch_size': 16, 'model__optimizer__weight_decay': 0.0001}",1.0,0.8878975062914665,0.894927536231884,0.7267117249485748,0.6543778801843317,0.8327829295312513,0.12485237638401701,88,0.8749455495861769,0.8914141414141414,0.8758916563101176,0.9027833881547309,0.9235995772308622,0.8937268625392057,0.018169098578354425
29,5.699593925476075,0.5248637507539512,0.024027585983276367,0.004003647131206603,64,10,3e-05,500,128,128,0.25,4,2,32,0.0001,"{'model__batch_size': 64, 'model__callbacks__early_stopping__patience': 10, 'model__lr': 3e-05, 'model__max_epochs': 500, 'model__module__d_model': 128, 'model__module__dim_feedforward': 128, 'model__module__dropout': 0.25, 'model__module__nhead': 4, 'model__module__num_layers': 2, 'model__module__patch_size': 32, 'model__optimizer__weight_decay': 0.0001}",1.0,0.8526315789473684,0.912781954887218,0.5955265610438024,0.5511541749786264,0.7824188539714031,0.17758265728467024,281,0.8585990542604279,0.8985911996524545,0.8483120243790327,0.9064039408866995,0.8923154310478254,0.880844330045288,0.023034905913138566
30,8.71905059814453,2.57213062430263,0.026735925674438478,0.0035551088819095705,64,10,3e-05,500,128,128,0.25,4,3,16,0.0001,"{'model__batch_size': 64, 'model__callbacks__early_stopping__patience': 10, 'model__lr': 3e-05, 'model__max_epochs': 500, 'model__module__d_model': 128, 'model__module__dim_feedforward': 128, 'model__module__dropout': 0.25, 'model__module__nhead': 4, 'model__module__num_layers': 3, 'model__module__patch_size': 16, 'model__optimizer__weight_decay': 0.0001}",1.0,0.8853801169590643,0.9439071566731141,0.6399535423925669,0.6950393060449986,0.8328560244139487,0.14087800274026963,87,0.8385868737627531,0.9082330787739303,0.8768809849521204,0.901740060270244,0.8957677902621723,0.884241757604244,0.025112438786807988
31,6.439938592910766,0.9580709690022402,0.024411344528198244,0.0027518975442734407,64,10,3e-05,500,128,128,0.25,4,3,32,0.0001,"{'model__batch_size': 64, 'model__callbacks__early_stopping__patience': 10, 'model__lr': 3e-05, 'model__max_epochs': 500, 'model__module__d_model': 128, 'model__module__dim_feedforward': 128, 'model__module__dropout': 0.25, 'model__module__nhead': 4, 'model__module__num_layers': 3, 'model__module__patch_size': 32, 'model__optimizer__weight_decay': 0.0001}",1.0,0.8526315789473684,0.8878143133462283,0.6446455505279034,0.657707910750507,0.8085598707144014,0.13747517843704746,224,0.8569732297063903,0.9092658102153541,0.8831593706184764,0.8856048166392994,0.9235995772308622,0.8917205608820765,0.022987739287448246
32,7.429703664779663,1.245379564083505,0.024999713897705077,0.0029705937185962004,64,10,3e-05,500,128,256,0.1,4,2,16,0.0001,"{'model__batch_size': 64, 'model__callbacks__early_stopping__patience': 10, 'model__lr': 3e-05, 'model__max_epochs': 500, 'model__module__d_model': 128, 'model__module__dim_feedforward': 256, 'model__module__dropout': 0.1, 'model__module__nhead': 4, 'model__module__num_layers': 2, 'model__module__patch_size': 16, 'model__optimizer__weight_decay': 0.0001}",0.9794721407624634,0.8878975062914665,0.894927536231884,0.6678571428571429,0.625,0.8110308652285914,0.13887101411928718,217,0.8665083477259643,0.9239898989898989,0.8687892752408881,0.9027833881547309,0.9280882269342277,0.898031827409142,0.02626268299611088
33,5.5083160400390625,1.0075204486058997,0.023071956634521485,0.002569530383510696,64,10,3e-05,500,128,256,0.1,4,2,32,0.0001,"{'model__batch_size': 64, 'model__callbacks__early_stopping__patience': 10, 'model__lr': 3e-05, 'model__max_epochs': 500, 'model__module__d_model': 128, 'model__module__dim_feedforward': 256, 'model__module__dropout': 0.1, 'model__module__nhead': 4, 'model__module__num_layers': 2, 'model__module__patch_size': 32, 'model__optimizer__weight_decay': 0.0001}",1.0,0.8526315789473684,0.8215384615384616,0.6820512820512821,0.6459627329192547,0.8004368110912734,0.12717894017779882,254,0.8501809136137495,0.9011157482326888,0.8666984456664226,0.8902014742014741,0.9386437832291764,0.8893680729887024,0.030385336969439024
34,7.408289575576783,1.2537910469835658,0.026633262634277344,0.0032888247194390874,64,10,3e-05,500,128,256,0.1,4,3,16,0.0001,"{'model__batch_size': 64, 'model__callbacks__early_stopping__patience': 10, 'model__lr': 3e-05, 'model__max_epochs': 500, 'model__module__d_model': 128, 'model__module__dim_feedforward': 256, 'model__module__dropout': 0.1, 'model__module__nhead': 4, 'model__module__num_layers': 3, 'model__module__patch_size': 16, 'model__optimizer__weight_decay': 0.0001}",1.0,0.8489570846319827,0.9186535764375876,0.7181818181818183,0.6543778801843317,0.828034071887144,0.1268431614710605,115,0.8390954755377285,0.9121028873179458,0.8615384615384616,0.9224263633712453,0.9001184366363995,0.8870563248803561,0.03162401965442172
35,5.620870304107666,0.9880284641316865,0.025272560119628907,0.0032820285217811857,64,10,3e-05,500,128,256,0.1,4,3,32,0.0001,"{'model__batch_size': 64, 'model__callbacks__early_stopping__patience': 10, 'model__lr': 3e-05, 'model__max_epochs': 500, 'model__module__d_model': 128, 'model__module__dim_feedforward': 256, 'model__module__dropout': 0.1, 'model__module__nhead': 4, 'model__module__num_layers': 3, 'model__module__patch_size': 32, 'model__optimizer__weight_decay': 0.0001}",1.0,0.7959183673469388,0.894927536231884,0.6902732882750514,0.6950393060449986,0.8152316995797746,0.11910043832095085,192,0.8557064033686657,0.9131313131313131,0.8860009119927041,0.8662805895718968,0.91404952438472,0.8870337484898598,0.023765933333503374
36,7.771177291870117,1.1467597547928186,0.025204229354858398,0.002760580361242309,64,10,3e-05,500,128,256,0.25,4,2,16,0.0001,"{'model__batch_size': 64, 'model__callbacks__early_stopping__patience': 10, 'model__lr': 3e-05, 'model__max_epochs': 500, 'model__module__d_model': 128, 'model__module__dim_feedforward': 256, 'model__module__dropout': 0.25, 'model__module__nhead': 4, 'model__module__num_layers': 2, 'model__module__patch_size': 16, 'model__optimizer__weight_decay': 0.0001}",1.0,0.8878975062914665,0.912781954887218,0.6678571428571429,0.6543778801843317,0.8245828968440317,0.13863021557200703,133,0.853039041703638,0.9033868686028126,0.8925066209689982,0.913016715717391,0.9235995772308622,0.8971097648447405,0.024321023208849317
37,5.400806522369384,1.1202497658196098,0.0238555908203125,0.003161591496251957,64,10,3e-05,500,128,256,0.25,4,2,32,0.0001,"{'model__batch_size': 64, 'model__callbacks__early_stopping__patience': 10, 'model__lr': 3e-05, 'model__max_epochs': 500, 'model__module__d_model': 128, 'model__module__dim_feedforward': 256, 'model__module__dropout': 0.25, 'model__module__nhead': 4, 'model__module__num_layers': 2, 'model__module__patch_size': 32, 'model__optimizer__weight_decay': 0.0001}",1.0,0.8704902867715079,0.8878143133462283,0.6902732882750514,0.6666666666666667,0.8230489110118908,0.1263658986492609,144,0.8623376623376624,0.8974369703943927,0.8666984456664226,0.8971225247524752,0.918499990525458,0.8884191187352822,0.021042622359810845
38,7.666692066192627,0.7036636223048247,0.027341938018798827,0.0035298290465981402,64,10,3e-05,500,128,256,0.25,4,3,16,0.0001,"{'model__batch_size': 64, 'model__callbacks__early_stopping__patience': 10, 'model__lr': 3e-05, 'model__max_epochs': 500, 'model__module__d_model': 128, 'model__module__dim_feedforward': 256, 'model__module__dropout': 0.25, 'model__module__nhead': 4, 'model__module__num_layers': 3, 'model__module__patch_size': 16, 'model__optimizer__weight_decay': 0.0001}",1.0,0.8526315789473684,0.9186535764375876,0.7267117249485748,0.7083333333333333,0.8412660427333728,0.11145247590551938,45,0.8459446788560713,0.8791414700621754,0.8687892752408881,0.8948450347881087,0.9178336039736364,0.881310812584176,0.02420474259658537
39,5.83965916633606,1.0011910693915127,0.024685382843017578,0.0036380100065370726,64,10,3e-05,500,128,256,0.25,4,3,32,0.0001,"{'model__batch_size': 64, 'model__callbacks__early_stopping__patience': 10, 'model__lr': 3e-05, 'model__max_epochs': 500, 'model__module__d_model': 128, 'model__module__dim_feedforward': 256, 'model__module__dropout': 0.25, 'model__module__nhead': 4, 'model__module__num_layers': 3, 'model__module__patch_size': 32, 'model__optimizer__weight_decay': 0.0001}",1.0,0.8153919923279789,0.9186535764375876,0.6973873097904105,0.5939013964092335,0.8050668549930421,0.14641941000138306,234,0.8364672571511543,0.8974369703943927,0.8637372989704596,0.8971225247524752,0.91404952438472,0.8817627151306404,0.027930765198328142
40,7.041977310180664,1.5986120505579344,0.025019454956054687,0.0031083925052264355,64,10,3e-05,500,128,384,0.1,4,2,16,0.0001,"{'model__batch_size': 64, 'model__callbacks__early_stopping__patience': 10, 'model__lr': 3e-05, 'model__max_epochs': 500, 'model__module__d_model': 128, 'model__module__dim_feedforward': 384, 'model__module__dropout': 0.1, 'model__module__nhead': 4, 'model__module__num_layers': 2, 'model__module__patch_size': 16, 'model__optimizer__weight_decay': 0.0001}",1.0,0.8381128584643849,0.894927536231884,0.6585067319461444,0.6793958392704474,0.8141885931825721,0.12963252271148565,200,0.8757618377871542,0.9190291871534679,0.8976144511858797,0.9027833881547309,0.9081669691470053,0.9006711666856475,0.014335156960360793
41,5.404520797729492,0.8279401736923608,0.023619413375854492,0.003320193882994611,64,10,3e-05,500,128,384,0.1,4,2,32,0.0001,"{'model__batch_size': 64, 'model__callbacks__early_stopping__patience': 10, 'model__lr': 3e-05, 'model__max_epochs': 500, 'model__module__d_model': 128, 'model__module__dim_feedforward': 384, 'model__module__dropout': 0.1, 'model__module__nhead': 4, 'model__module__num_layers': 2, 'model__module__patch_size': 32, 'model__optimizer__weight_decay': 0.0001}",1.0,0.834280303030303,0.8101916783543712,0.6678571428571429,0.6027542372881356,0.7830166723059906,0.1387115481763364,279,0.8543956043956045,0.9363067807768268,0.8789988968560397,0.8856048166392994,0.918499990525458,0.8947612178386457,0.029158999718240132
42,8.276120948791505,1.6111344659074949,0.027227067947387697,0.003165475351214445,64,10,3e-05,500,128,384,0.1,4,3,16,0.0001,"{'model__batch_size': 64, 'model__callbacks__early_stopping__patience': 10, 'model__lr': 3e-05, 'model__max_epochs': 500, 'model__module__d_model': 128, 'model__module__dim_feedforward': 384, 'model__module__dropout': 0.1, 'model__module__nhead': 4, 'model__module__num_layers': 3, 'model__module__patch_size': 16, 'model__optimizer__weight_decay': 0.0001}",0.9794721407624634,0.8825221769359866,0.9186535764375876,0.7479674796747967,0.6832298136645962,0.8423690374950861,0.10996891660323269,41,0.8611336983430007,0.8901286091474321,0.8586411308709531,0.9120832118207447,0.9286560261688568,0.8901285352701974,0.027562774104313858
43,5.234751129150391,1.0807004050550153,0.02437624931335449,0.00360169890711513,64,10,3e-05,500,128,384,0.1,4,3,32,0.0001,"{'model__batch_size': 64, 'model__callbacks__early_stopping__patience': 10, 'model__lr': 3e-05, 'model__max_epochs': 500, 'model__module__d_model': 128, 'model__module__dim_feedforward': 384, 'model__module__dropout': 0.1, 'model__module__nhead': 4, 'model__module__num_layers': 3, 'model__module__patch_size': 32, 'model__optimizer__weight_decay': 0.0001}",1.0,0.8489570846319827,0.8644226273959794,0.7839721254355401,0.7086247086247086,0.8411953092176422,0.09661070353284051,46,0.8512280701754386,0.9141216609802779,0.8697843042690127,0.9312620510068181,0.9191434963247044,0.8971079165512503,0.030961522144350932
44,6.979319143295288,1.062822060948912,0.026278924942016602,0.0031143116087936854,64,10,3e-05,500,128,384,0.25,4,2,16,0.0001,"{'model__batch_size': 64, 'model__callbacks__early_stopping__patience': 10, 'model__lr': 3e-05, 'model__max_epochs': 500, 'model__module__d_model': 128, 'model__module__dim_feedforward': 384, 'model__module__dropout': 0.25, 'model__module__nhead': 4, 'model__module__num_layers': 2, 'model__module__patch_size': 16, 'model__optimizer__weight_decay': 0.0001}",1.0,0.8878975062914665,0.9439071566731141,0.6725691208449829,0.6793958392704474,0.8367539246160021,0.13598895471920142,68,0.8528437080161217,0.9190291871534679,0.8697843042690127,0.8913969087197433,0.8985003343203745,0.8863108884957441,0.022970056219980852
45,5.302605533599854,0.9023040668421818,0.024147891998291017,0.00360328123975393,64,10,3e-05,500,128,384,0.25,4,2,32,0.0001,"{'model__batch_size': 64, 'model__callbacks__early_stopping__patience': 10, 'model__lr': 3e-05, 'model__max_epochs': 500, 'model__module__d_model': 128, 'model__module__dim_feedforward': 384, 'model__module__dropout': 0.25, 'model__module__nhead': 4, 'model__module__num_layers': 2, 'model__module__patch_size': 32, 'model__optimizer__weight_decay': 0.0001}",1.0,0.8526315789473684,0.9186535764375876,0.7329888027562446,0.6666666666666667,0.8341881249615735,0.12105609707553103,78,0.8433497536945813,0.8785882352941177,0.8534997287032013,0.8843295382669196,0.9280882269342277,0.8775710965786097,0.029493126740875914
46,7.191564702987671,1.0398310687675671,0.02699437141418457,0.0028579010882603733,64,10,3e-05,500,128,384,0.25,4,3,16,0.0001,"{'model__batch_size': 64, 'model__callbacks__early_stopping__patience': 10, 'model__lr': 3e-05, 'model__max_epochs': 500, 'model__module__d_model': 128, 'model__module__dim_feedforward': 384, 'model__module__dropout': 0.25, 'model__module__nhead': 4, 'model__module__num_layers': 3, 'model__module__patch_size': 16, 'model__optimizer__weight_decay': 0.0001}",1.0,0.8489570846319827,0.9186535764375876,0.7534090909090909,0.657707910750507,0.8357455325458336,0.1204196855377644,71,0.8375773109711929,0.8839406207827261,0.8707692307692307,0.9168035030103996,0.9044994715385777,0.8827180274144253,0.02763405041450879
47,5.234616088867187,0.633439368521213,0.024188137054443358,0.0032488323133865113,64,10,3e-05,500,128,384,0.25,4,3,32,0.0001,"{'model__batch_size': 64, 'model__callbacks__early_stopping__patience': 10, 'model__lr': 3e-05, 'model__max_epochs': 500, 'model__module__d_model': 128, 'model__module__dim_feedforward': 384, 'model__module__dropout': 0.25, 'model__module__nhead': 4, 'model__module__num_layers': 3, 'model__module__patch_size': 32, 'model__optimizer__weight_decay': 0.0001}",1.0,0.834280303030303,0.8644226273959794,0.7119628339140535,0.6926229508196722,0.8206577430320017,0.11177841979889376,166,0.8575787521020787,0.8891457800511509,0.8677610579115367,0.9101119128550699,0.8976478067387158,0.8844490619317102,0.019263182351866172
48,3.613523578643799,0.9709302343157004,0.02521204948425293,0.0034063565429253892,64,10,0.0001,500,96,128,0.1,4,2,16,0.0001,"{'model__batch_size': 64, 'model__callbacks__early_stopping__patience': 10, 'model__lr': 0.0001, 'model__max_epochs': 500, 'model__module__d_model': 96, 'model__module__dim_feedforward': 128, 'model__module__dropout': 0.1, 'model__module__nhead': 4, 'model__module__num_layers': 2, 'model__module__patch_size': 16, 'model__optimizer__weight_decay': 0.0001}",0.9597186700767264,0.8704902867715079,0.9186535764375876,0.7479674796747967,0.6666666666666667,0.8326993359254571,0.10926713449247129,89,0.8501809136137495,0.9131313131313131,0.8718122626153011,0.9224263633712453,0.9178336039736364,0.8950768913410492,0.028805261679736526
49,2.9722875118255616,0.36736474778810546,0.024032449722290038,0.0032765720435533243,64,10,0.0001,500,96,128,0.1,4,2,32,0.0001,"{'model__batch_size': 64, 'model__callbacks__early_stopping__patience': 10, 'model__lr': 0.0001, 'model__max_epochs': 500, 'model__module__d_model': 96, 'model__module__dim_feedforward': 128, 'model__module__dropout': 0.1, 'model__module__nhead': 4, 'model__module__num_layers': 2, 'model__module__patch_size': 32, 'model__optimizer__weight_decay': 0.0001}",0.9794721407624634,0.8704902867715079,0.8546365914786966,0.6585067319461444,0.6345029239766082,0.7995217349870842,0.13234256334009895,259,0.8392908105022832,0.8938446346280449,0.9212138896994456,0.8995368437791957,0.9386437832291764,0.8985059923676291,0.03363307755895299
50,4.289171266555786,2.0569657404220583,0.026092052459716797,0.003314877868559238,64,10,0.0001,500,96,128,0.1,4,3,16,0.0001,"{'model__batch_size': 64, 'model__callbacks__early_stopping__patience': 10, 'model__lr': 0.0001, 'model__max_epochs': 500, 'model__module__d_model': 96, 'model__module__dim_feedforward': 128, 'model__module__dropout': 0.1, 'model__module__nhead': 4, 'model__module__num_layers': 3, 'model__module__patch_size': 16, 'model__optimizer__weight_decay': 0.0001}",1.0,0.8704902867715079,0.9186535764375876,0.7631501616220981,0.6697746697746698,0.8444137389211728,0.1161905313926597,35,0.8585990542604279,0.9677956228676041,0.8546531189018236,0.9176980198019802,0.91404952438472,0.9025590680433112,0.0420582674573411
51,2.590438461303711,0.3765349420757043,0.024335336685180665,0.002322043708546051,64,10,0.0001,500,96,128,0.1,4,3,32,0.0001,"{'model__batch_size': 64, 'model__callbacks__early_stopping__patience': 10, 'model__lr': 0.0001, 'model__max_epochs': 500, 'model__module__d_model': 96, 'model__module__dim_feedforward': 128, 'model__module__dropout': 0.1, 'model__module__nhead': 4, 'model__module__num_layers': 3, 'model__module__patch_size': 32, 'model__optimizer__weight_decay': 0.0001}",1.0,0.8102981029810298,0.894927536231884,0.6964504283965729,0.613716454323665,0.8030785043866304,0.1374728884418826,243,0.8312579595302109,0.8805555555555555,0.8697843042690127,0.8843295382669196,0.9089117541166885,0.8749678223476774,0.025331703292466864
52,3.482206439971924,0.9252113800156494,0.023985958099365233,0.0031333025200933487,64,10,0.0001,500,96,128,0.25,4,2,16,0.0001,"{'model__batch_size': 64, 'model__callbacks__early_stopping__patience': 10, 'model__lr': 0.0001, 'model__max_epochs': 500, 'model__module__d_model': 96, 'model__module__dim_feedforward': 128, 'model__module__dropout': 0.25, 'model__module__nhead': 4, 'model__module__num_layers': 2, 'model__module__patch_size': 16, 'model__optimizer__weight_decay': 0.0001}",1.0,0.8878975062914665,0.894927536231884,0.7047619047619047,0.6950393060449986,0.8365252506660508,0.1184514931322698,69,0.8432416444838805,0.9131313131313131,0.8618333085722776,0.9240448497077915,0.9133561643835616,0.8911214560557648,0.032289434345148325
53,2.8222823619842528,0.33549656511053155,0.0230654239654541,0.0024703510556753675,64,10,0.0001,500,96,128,0.25,4,2,32,0.0001,"{'model__batch_size': 64, 'model__callbacks__early_stopping__patience': 10, 'model__lr': 0.0001, 'model__max_epochs': 500, 'model__module__d_model': 96, 'model__module__dim_feedforward': 128, 'model__module__dropout': 0.25, 'model__module__nhead': 4, 'model__module__num_layers': 2, 'model__module__patch_size': 32, 'model__optimizer__weight_decay': 0.0001}",0.9794721407624634,0.8153919923279789,0.7373188405797102,0.6585067319461444,0.592074592074592,0.7565528595381779,0.13430647086266453,285,0.8258467878012824,0.9082330787739303,0.9015839353171184,0.8797444717444718,0.918499990525458,0.8867816528324521,0.03300879846864482
54,3.872385549545288,0.6301764037061964,0.026665878295898438,0.0027516769400523665,64,10,0.0001,500,96,128,0.25,4,3,16,0.0001,"{'model__batch_size': 64, 'model__callbacks__early_stopping__patience': 10, 'model__lr': 0.0001, 'model__max_epochs': 500, 'model__module__d_model': 96, 'model__module__dim_feedforward': 128, 'model__module__dropout': 0.25, 'model__module__nhead': 4, 'model__module__num_layers': 3, 'model__module__patch_size': 16, 'model__optimizer__weight_decay': 0.0001}",1.0,0.8489570846319827,0.894927536231884,0.6725691208449829,0.6697746697746698,0.8172456822967039,0.1289327197229946,182,0.8258467878012824,0.8776724137931033,0.8546531189018236,0.9101119128550699,0.905243445692884,0.8747055358088325,0.03157294576461975
55,2.95224609375,0.43766980096421504,0.02390146255493164,0.0029606551357906855,64,10,0.0001,500,96,128,0.25,4,3,32,0.0001,"{'model__batch_size': 64, 'model__callbacks__early_stopping__patience': 10, 'model__lr': 0.0001, 'model__max_epochs': 500, 'model__module__d_model': 96, 'model__module__dim_feedforward': 128, 'model__module__dropout': 0.25, 'model__module__nhead': 4, 'model__module__num_layers': 3, 'model__module__patch_size': 32, 'model__optimizer__weight_decay': 0.0001}",1.0,0.8102981029810298,0.894927536231884,0.6964504283965729,0.613716454323665,0.8030785043866304,0.1374728884418826,243,0.8326315789473684,0.8758447536353176,0.8697843042690127,0.876978142406145,0.8923154310478254,0.8695108420611337,0.019880055928078247
56,3.511351299285889,0.3822887512426572,0.025257682800292967,0.002982882845328449,64,10,0.0001,500,96,256,0.1,4,2,16,0.0001,"{'model__batch_size': 64, 'model__callbacks__early_stopping__patience': 10, 'model__lr': 0.0001, 'model__max_epochs': 500, 'model__module__d_model': 96, 'model__module__dim_feedforward': 256, 'model__module__dropout': 0.1, 'model__module__nhead': 4, 'model__module__num_layers': 2, 'model__module__patch_size': 16, 'model__optimizer__weight_decay': 0.0001}",1.0,0.8704902867715079,0.894927536231884,0.6477272727272727,0.6666666666666667,0.8159623524794662,0.13687285737475025,188,0.8569732297063903,0.8901286091474321,0.8819056591077317,0.9312620510068181,0.918499990525458,0.8957539078987662,0.02647856296524778
57,2.414827299118042,0.1718816757091955,0.023423051834106444,0.0031345367721793455,64,10,0.0001,500,96,256,0.1,4,2,32,0.0001,"{'model__batch_size': 64, 'model__callbacks__early_stopping__patience': 10, 'model__lr': 0.0001, 'model__max_epochs': 500, 'model__module__d_model': 96, 'model__module__dim_feedforward': 256, 'model__module__dropout': 0.1, 'model__module__nhead': 4, 'model__module__num_layers': 2, 'model__module__patch_size': 32, 'model__optimizer__weight_decay': 0.0001}",0.9597186700767264,0.79,0.894927536231884,0.7110904007455732,0.625,0.7961473214108368,0.12089416188067943,268,0.8552907396642533,0.8728873465715571,0.8718122626153011,0.8923948220064726,0.8949494186924354,0.8774669179100039,0.014650669855363068
58,3.9129541397094725,0.6329950349526294,0.027739906311035158,0.002526880547747746,64,10,0.0001,500,96,256,0.1,4,3,16,0.0001,"{'model__batch_size': 64, 'model__callbacks__early_stopping__patience': 10, 'model__lr': 0.0001, 'model__max_epochs': 500, 'model__module__d_model': 96, 'model__module__dim_feedforward': 256, 'model__module__dropout': 0.1, 'model__module__nhead': 4, 'model__module__num_layers': 3, 'model__module__patch_size': 16, 'model__optimizer__weight_decay': 0.0001}",1.0,0.8674242424242424,0.8725274725274725,0.6964504283965729,0.6950393060449986,0.8262882898786573,0.11669631773861028,124,0.8318527918781726,0.8962385961941451,0.8850848669538127,0.9272030651340997,0.9044994715385777,0.8889757583397616,0.031727697058171994
59,2.9327742576599123,0.6140215832287125,0.02646188735961914,0.0026806451833204896,64,10,0.0001,500,96,256,0.1,4,3,32,0.0001,"{'model__batch_size': 64, 'model__callbacks__early_stopping__patience': 10, 'model__lr': 0.0001, 'model__max_epochs': 500, 'model__module__d_model': 96, 'model__module__dim_feedforward': 256, 'model__module__dropout': 0.1, 'model__module__nhead': 4, 'model__module__num_layers': 3, 'model__module__patch_size': 32, 'model__optimizer__weight_decay': 0.0001}",1.0,0.8299319727891157,0.894927536231884,0.7631501616220981,0.7083333333333333,0.8392686007952863,0.10193893608848538,56,0.8298373287671232,0.8887931034482759,0.8828125,0.9006584766584766,0.9235995772308622,0.8851401972209476,0.030974538139986255
60,3.9339744091033935,1.2095849717006428,0.025364160537719727,0.0028781487103101823,64,10,0.0001,500,96,256,0.25,4,2,16,0.0001,"{'model__batch_size': 64, 'model__callbacks__early_stopping__patience': 10, 'model__lr': 0.0001, 'model__max_epochs': 500, 'model__module__d_model': 96, 'model__module__dim_feedforward': 256, 'model__module__dropout': 0.25, 'model__module__nhead': 4, 'model__module__num_layers': 2, 'model__module__patch_size': 16, 'model__optimizer__weight_decay': 0.0001}",1.0,0.9215070643642072,0.894927536231884,0.6725691208449829,0.6666666666666667,0.8311340776215482,0.13634145123089944,100,0.8283678756476685,0.936996336996337,0.8697843042690127,0.9312620510068181,0.9037290715372908,0.8940279278914254,0.040560503054609884
61,2.599009084701538,0.25063319835275927,0.023779869079589844,0.0035281374512293215,64,10,0.0001,500,96,256,0.25,4,2,32,0.0001,"{'model__batch_size': 64, 'model__callbacks__early_stopping__patience': 10, 'model__lr': 0.0001, 'model__max_epochs': 500, 'model__module__d_model': 96, 'model__module__dim_feedforward': 256, 'model__module__dropout': 0.25, 'model__module__nhead': 4, 'model__module__num_layers': 2, 'model__module__patch_size': 32, 'model__optimizer__weight_decay': 0.0001}",0.9406593406593406,0.8526315789473684,0.8878143133462283,0.7110904007455732,0.613716454323665,0.8011824176044351,0.12071948684289267,249,0.8495483870967742,0.8772419785266554,0.8575052350227277,0.9090708009088899,0.91404952438472,0.8814831851879534,0.026208411806285366
62,4.241661453247071,0.771008226281648,0.027006053924560548,0.0025277938975797882,64,10,0.0001,500,96,256,0.25,4,3,16,0.0001,"{'model__batch_size': 64, 'model__callbacks__early_stopping__patience': 10, 'model__lr': 0.0001, 'model__max_epochs': 500, 'model__module__d_model': 96, 'model__module__dim_feedforward': 256, 'model__module__dropout': 0.25, 'model__module__nhead': 4, 'model__module__num_layers': 3, 'model__module__patch_size': 16, 'model__optimizer__weight_decay': 0.0001}",1.0,0.8731884057971014,0.894927536231884,0.7194570135746606,0.7083333333333333,0.8391812577873958,0.11097916517009415,58,0.8474211103062722,0.8819172838478821,0.8850848669538127,0.9304659065773864,0.9178336039736364,0.892544554331798,0.029265255858651574
63,2.4784654140472413,0.456807413025734,0.023658275604248047,0.0028984567390861857,64,10,0.0001,500,96,256,0.25,4,3,32,0.0001,"{'model__batch_size': 64, 'model__callbacks__early_stopping__patience': 10, 'model__lr': 0.0001, 'model__max_epochs': 500, 'model__module__d_model': 96, 'model__module__dim_feedforward': 256, 'model__module__dropout': 0.25, 'model__module__nhead': 4, 'model__module__num_layers': 3, 'model__module__patch_size': 32, 'model__optimizer__weight_decay': 0.0001}",0.9794721407624634,0.8153919923279789,0.9439071566731141,0.7329888027562446,0.6543778801843317,0.8252275945408265,0.12302079270066085,130,0.8431843497632971,0.8758447536353176,0.8534997287032013,0.8936425429828069,0.9044994715385777,0.87413416932464,0.023191488915779955
64,3.8418703079223633,1.8946017195963272,0.025592899322509764,0.0031462106408869863,64,10,0.0001,500,96,384,0.1,4,2,16,0.0001,"{'model__batch_size': 64, 'model__callbacks__early_stopping__patience': 10, 'model__lr': 0.0001, 'model__max_epochs': 500, 'model__module__d_model': 96, 'model__module__dim_feedforward': 384, 'model__module__dropout': 0.1, 'model__module__nhead': 4, 'model__module__num_layers': 2, 'model__module__patch_size': 16, 'model__optimizer__weight_decay': 0.0001}",1.0,0.9028677150786308,0.894927536231884,0.6964504283965729,0.7083333333333333,0.8405158026080842,0.1187523845593838,48,0.8375773109711929,0.978768926925609,0.8687892752408881,0.9168035030103996,0.8985003343203745,0.9000878700936928,0.047665109670266055
65,2.595704126358032,0.21806264233706654,0.02379465103149414,0.0031769490214441066,64,10,0.0001,500,96,384,0.1,4,2,32,0.0001,"{'model__batch_size': 64, 'model__callbacks__early_stopping__patience': 10, 'model__lr': 0.0001, 'model__max_epochs': 500, 'model__module__d_model': 96, 'model__module__dim_feedforward': 384, 'model__module__dropout': 0.1, 'model__module__nhead': 4, 'model__module__num_layers': 2, 'model__module__patch_size': 32, 'model__optimizer__weight_decay': 0.0001}",0.9597186700767264,0.9028677150786308,0.8644226273959794,0.6964504283965729,0.6366486178398404,0.81202161175755,0.12403683919208779,211,0.8483902844957611,0.86504864525578,0.8637372989704596,0.9031553398058252,0.9089117541166885,0.8778486645289029,0.023816425566418335
66,4.2763814449310305,1.0300331733985473,0.026314258575439453,0.003191422450408541,64,10,0.0001,500,96,384,0.1,4,3,16,0.0001,"{'model__batch_size': 64, 'model__callbacks__early_stopping__patience': 10, 'model__lr': 0.0001, 'model__max_epochs': 500, 'model__module__d_model': 96, 'model__module__dim_feedforward': 384, 'model__module__dropout': 0.1, 'model__module__nhead': 4, 'model__module__num_layers': 3, 'model__module__patch_size': 16, 'model__optimizer__weight_decay': 0.0001}",1.0,0.8447893569844789,0.9186535764375876,0.7839721254355401,0.6822033898305084,0.8459236897376229,0.10924538016355974,24,0.8581977739726028,0.8874050798638387,0.8656001647814071,0.9176980198019802,0.91404952438472,0.8885901125609097,0.024286161329583594
67,2.8745031356811523,0.8930246124439115,0.024264049530029298,0.0036035966777230996,64,10,0.0001,500,96,384,0.1,4,3,32,0.0001,"{'model__batch_size': 64, 'model__callbacks__early_stopping__patience': 10, 'model__lr': 0.0001, 'model__max_epochs': 500, 'model__module__d_model': 96, 'model__module__dim_feedforward': 384, 'model__module__dropout': 0.1, 'model__module__nhead': 4, 'model__module__num_layers': 3, 'model__module__patch_size': 32, 'model__optimizer__weight_decay': 0.0001}",0.9597186700767264,0.8299319727891157,0.9186535764375876,0.7267117249485748,0.6950393060449986,0.8260110500594007,0.1034308393827707,126,0.8338557993730407,0.9141216609802779,0.8647836538461539,0.8983732480746416,0.9280882269342277,0.8878445178416683,0.03425633869366835
68,3.7332077980041505,1.6228093032549233,0.025414562225341795,0.0031276649855289484,64,10,0.0001,500,96,384,0.25,4,2,16,0.0001,"{'model__batch_size': 64, 'model__callbacks__early_stopping__patience': 10, 'model__lr': 0.0001, 'model__max_epochs': 500, 'model__module__d_model': 96, 'model__module__dim_feedforward': 384, 'model__module__dropout': 0.25, 'model__module__nhead': 4, 'model__module__num_layers': 2, 'model__module__patch_size': 16, 'model__optimizer__weight_decay': 0.0001}",1.0,0.8526315789473684,0.9186535764375876,0.7685902957220787,0.6666666666666667,0.8413084235547403,0.11582847000771324,43,0.8557064033686657,0.9340771654884592,0.8626559956592512,0.9185610409491006,0.9229832572298327,0.8987967725390618,0.03281235786365289
69,2.612214374542236,0.24991801093959348,0.028081369400024415,0.0086939999142265,64,10,0.0001,500,96,384,0.25,4,2,32,0.0001,"{'model__batch_size': 64, 'model__callbacks__early_stopping__patience': 10, 'model__lr': 0.0001, 'model__max_epochs': 500, 'model__module__d_model': 96, 'model__module__dim_feedforward': 384, 'model__module__dropout': 0.25, 'model__module__nhead': 4, 'model__module__num_layers': 2, 'model__module__patch_size': 32, 'model__optimizer__weight_decay': 0.0001}",0.9597186700767264,0.9028677150786308,0.8215384615384616,0.6477272727272727,0.6666666666666667,0.7997037572175516,0.12451509800176179,257,0.8352445426913513,0.8711824914704169,0.8959363217427734,0.8876756952403932,0.9044994715385777,0.8789077045367024,0.024445615649690687
70,4.038680696487427,0.7896115093669491,0.02672886848449707,0.0035361894413695693,64,10,0.0001,500,96,384,0.25,4,3,16,0.0001,"{'model__batch_size': 64, 'model__callbacks__early_stopping__patience': 10, 'model__lr': 0.0001, 'model__max_epochs': 500, 'model__module__d_model': 96, 'model__module__dim_feedforward': 384, 'model__module__dropout': 0.25, 'model__module__nhead': 4, 'model__module__num_layers': 3, 'model__module__patch_size': 16, 'model__optimizer__weight_decay': 0.0001}",0.9794721407624634,0.8674242424242424,0.894927536231884,0.7839721254355401,0.6950393060449986,0.8441670701798257,0.09724968329883796,36,0.835260474947159,0.8937005312804944,0.8568493604612633,0.9064039408866995,0.9037290715372908,0.8791886758225814,0.02822136589940315
71,2.430964231491089,0.12961239257569768,0.02914142608642578,0.01160677233522873,64,10,0.0001,500,96,384,0.25,4,3,32,0.0001,"{'model__batch_size': 64, 'model__callbacks__early_stopping__patience': 10, 'model__lr': 0.0001, 'model__max_epochs': 500, 'model__module__d_model': 96, 'model__module__dim_feedforward': 384, 'model__module__dropout': 0.25, 'model__module__nhead': 4, 'model__module__num_layers': 3, 'model__module__patch_size': 32, 'model__optimizer__weight_decay': 0.0001}",0.9222222222222223,0.8299319727891157,0.8423913043478262,0.7035161744022503,0.6822033898305084,0.7960530127183846,0.09026460403800665,269,0.8233333333333334,0.8776724137931033,0.8677248677248677,0.8960043787629994,0.89225869762447,0.8713987382477548,0.026091051835517045
72,2.9984483242034914,0.2579906237576237,0.024616146087646486,0.0035768932723613915,64,10,0.0001,500,128,128,0.1,4,2,16,0.0001,"{'model__batch_size': 64, 'model__callbacks__early_stopping__patience': 10, 'model__lr': 0.0001, 'model__max_epochs': 500, 'model__module__d_model': 128, 'model__module__dim_feedforward': 128, 'model__module__dropout': 0.1, 'model__module__nhead': 4, 'model__module__num_layers': 2, 'model__module__patch_size': 16, 'model__optimizer__weight_decay': 0.0001}",1.0,0.8674242424242424,0.9439071566731141,0.7479674796747967,0.6666666666666667,0.845193109087764,0.12290514522370574,32,0.8460868302599099,0.8962385961941451,0.8697843042690127,0.9168035030103996,0.918499990525458,0.8894826448517851,0.027947450205040886
73,2.5609994411468504,0.2596253698713009,0.024957561492919923,0.0028107384710703343,64,10,0.0001,500,128,128,0.1,4,2,32,0.0001,"{'model__batch_size': 64, 'model__callbacks__early_stopping__patience': 10, 'model__lr': 0.0001, 'model__max_epochs': 500, 'model__module__d_model': 128, 'model__module__dim_feedforward': 128, 'model__module__dropout': 0.1, 'model__module__nhead': 4, 'model__module__num_layers': 2, 'model__module__patch_size': 32, 'model__optimizer__weight_decay': 0.0001}",0.9794721407624634,0.834280303030303,0.9186535764375876,0.6725691208449829,0.657707910750507,0.8125366103651688,0.1289681311914748,206,0.8908195253022839,0.8985911996524545,0.860803911459979,0.8738140417457305,0.9037290715372908,0.8855515499395479,0.015990128388536938
74,3.5261913776397704,0.35111708442233003,0.026654529571533202,0.003101606615642529,64,10,0.0001,500,128,128,0.1,4,3,16,0.0001,"{'model__batch_size': 64, 'model__callbacks__early_stopping__patience': 10, 'model__lr': 0.0001, 'model__max_epochs': 500, 'model__module__d_model': 128, 'model__module__dim_feedforward': 128, 'model__module__dropout': 0.1, 'model__module__nhead': 4, 'model__module__num_layers': 3, 'model__module__patch_size': 16, 'model__optimizer__weight_decay': 0.0001}",1.0,0.8526315789473684,0.8725274725274725,0.7267117249485748,0.6697746697746698,0.8243290892396171,0.11610392099311698,138,0.8338557993730407,0.8805555555555555,0.8892307692307693,0.8902014742014741,0.9133561643835616,0.8814399525488801,0.02615775011586238
75,2.7284833908081056,0.6470812675404959,0.024089765548706055,0.0035975398843607885,64,10,0.0001,500,128,128,0.1,4,3,32,0.0001,"{'model__batch_size': 64, 'model__callbacks__early_stopping__patience': 10, 'model__lr': 0.0001, 'model__max_epochs': 500, 'model__module__d_model': 128, 'model__module__dim_feedforward': 128, 'model__module__dropout': 0.1, 'model__module__nhead': 4, 'model__module__num_layers': 3, 'model__module__patch_size': 32, 'model__optimizer__weight_decay': 0.0001}",0.9597186700767264,0.8381128584643849,0.912781954887218,0.7479674796747967,0.6366486178398404,0.8190459161885932,0.11598252929411351,175,0.909807433945365,0.9524910485933504,0.849801821848272,0.905360531309298,0.9381685560130093,0.911125878341859,0.0353213848891058
76,3.362978935241699,0.6193408394294289,0.024204778671264648,0.002741303800363092,64,10,0.0001,500,128,128,0.25,4,2,16,0.0001,"{'model__batch_size': 64, 'model__callbacks__early_stopping__patience': 10, 'model__lr': 0.0001, 'model__max_epochs': 500, 'model__module__d_model': 128, 'model__module__dim_feedforward': 128, 'model__module__dropout': 0.25, 'model__module__nhead': 4, 'model__module__num_layers': 2, 'model__module__patch_size': 16, 'model__optimizer__weight_decay': 0.0001}",1.0,0.8731884057971014,0.9186535764375876,0.7479674796747967,0.6666666666666667,0.8412952257152305,0.1194938463347489,44,0.8623376623376624,0.9208184143222506,0.8529193284801664,0.9168035030103996,0.909630966480552,0.8925019749262063,0.02885293403651392
77,2.5809677124023436,0.2751588969026708,0.02297344207763672,0.002565230022834898,64,10,0.0001,500,128,128,0.25,4,2,32,0.0001,"{'model__batch_size': 64, 'model__callbacks__early_stopping__patience': 10, 'model__lr': 0.0001, 'model__max_epochs': 500, 'model__module__d_model': 128, 'model__module__dim_feedforward': 128, 'model__module__dropout': 0.25, 'model__module__nhead': 4, 'model__module__num_layers': 2, 'model__module__patch_size': 32, 'model__optimizer__weight_decay': 0.0001}",0.9794721407624634,0.8381128584643849,0.8512820512820514,0.6820512820512821,0.642478813559322,0.7986794292239008,0.1224816662047298,262,0.9090186299488625,0.8938446346280449,0.8934210526315789,0.8902014742014741,0.9426996829231467,0.9058370948666215,0.019552096586531013
78,3.778211832046509,0.5176174589738557,0.025545263290405275,0.003466193013846161,64,10,0.0001,500,128,128,0.25,4,3,16,0.0001,"{'model__batch_size': 64, 'model__callbacks__early_stopping__patience': 10, 'model__lr': 0.0001, 'model__max_epochs': 500, 'model__module__d_model': 128, 'model__module__dim_feedforward': 128, 'model__module__dropout': 0.25, 'model__module__nhead': 4, 'model__module__num_layers': 3, 'model__module__patch_size': 16, 'model__optimizer__weight_decay': 0.0001}",0.9794721407624634,0.9199267902081903,0.8725274725274725,0.7267117249485748,0.7219279661016949,0.8441132189096792,0.10352724464109833,37,0.8474381116868164,0.8914141414141414,0.8819056591077317,0.9027833881547309,0.905243445692884,0.8857569492112608,0.02090355346122124
79,2.7998392581939697,0.5772975956037685,0.02379269599914551,0.003341218163124525,64,10,0.0001,500,128,128,0.25,4,3,32,0.0001,"{'model__batch_size': 64, 'model__callbacks__early_stopping__patience': 10, 'model__lr': 0.0001, 'model__max_epochs': 500, 'model__module__d_model': 128, 'model__module__dim_feedforward': 128, 'model__module__dropout': 0.25, 'model__module__nhead': 4, 'model__module__num_layers': 3, 'model__module__patch_size': 32, 'model__optimizer__weight_decay': 0.0001}",0.9597186700767264,0.8558682223747426,0.8725274725274725,0.7047619047619047,0.6666666666666667,0.8119085872815026,0.1095723928923409,212,0.896011700913242,0.9474969474969475,0.8728214790390956,0.8830067972810876,0.9081669691470053,0.9015007787754754,0.025902683999096076
80,2.8965808391571044,0.25530833814463333,0.024492359161376952,0.0030816149682750147,64,10,0.0001,500,128,256,0.1,4,2,16,0.0001,"{'model__batch_size': 64, 'model__callbacks__early_stopping__patience': 10, 'model__lr': 0.0001, 'model__max_epochs': 500, 'model__module__d_model': 128, 'model__module__dim_feedforward': 256, 'model__module__dropout': 0.1, 'model__module__nhead': 4, 'model__module__num_layers': 2, 'model__module__patch_size': 16, 'model__optimizer__weight_decay': 0.0001}",1.0,0.8704902867715079,0.9439071566731141,0.7329888027562446,0.6543778801843317,0.8403528252770396,0.12902147113354698,49,0.8653259764774213,0.9011157482326888,0.8828125,0.9006584766584766,0.918499990525458,0.893682538378809,0.018122221673342258
81,2.346059799194336,0.32727163222500627,0.023258399963378907,0.003024942633052505,64,10,0.0001,500,128,256,0.1,4,2,32,0.0001,"{'model__batch_size': 64, 'model__callbacks__early_stopping__patience': 10, 'model__lr': 0.0001, 'model__max_epochs': 500, 'model__module__d_model': 128, 'model__module__dim_feedforward': 256, 'model__module__dropout': 0.1, 'model__module__nhead': 4, 'model__module__num_layers': 2, 'model__module__patch_size': 32, 'model__optimizer__weight_decay': 0.0001}",0.9794721407624634,0.8198830409356725,0.9186535764375876,0.661637239165329,0.625,0.8009291994602105,0.1388878629367949,251,0.8941846958036881,0.9221551724137931,0.8883066740209598,0.8863409770687936,0.9376764633429974,0.9057327965300465,0.02050933113111945
82,3.387913465499878,0.5953276151054671,0.026761865615844725,0.0028739770266245595,64,10,0.0001,500,128,256,0.1,4,3,16,0.0001,"{'model__batch_size': 64, 'model__callbacks__early_stopping__patience': 10, 'model__lr': 0.0001, 'model__max_epochs': 500, 'model__module__d_model': 128, 'model__module__dim_feedforward': 256, 'model__module__dropout': 0.1, 'model__module__nhead': 4, 'model__module__num_layers': 3, 'model__module__patch_size': 16, 'model__optimizer__weight_decay': 0.0001}",0.9794721407624634,0.8704902867715079,0.894927536231884,0.6340478409443927,0.6543778801843317,0.8066631369789159,0.13763306352535642,230,0.8379029936672424,0.8866408620148551,0.8597402597402597,0.8843295382669196,0.9229832572298327,0.878319382183822,0.02856185914237071
83,2.7345062732696532,0.601613170459171,0.024297285079956054,0.0033194298689471565,64,10,0.0001,500,128,256,0.1,4,3,32,0.0001,"{'model__batch_size': 64, 'model__callbacks__early_stopping__patience': 10, 'model__lr': 0.0001, 'model__max_epochs': 500, 'model__module__d_model': 128, 'model__module__dim_feedforward': 256, 'model__module__dropout': 0.1, 'model__module__nhead': 4, 'model__module__num_layers': 3, 'model__module__patch_size': 32, 'model__optimizer__weight_decay': 0.0001}",0.9597186700767264,0.834280303030303,0.9186535764375876,0.6820512820512821,0.6666666666666667,0.8122740996525133,0.11974996800039896,209,0.910569972114172,0.9469223173140224,0.8860009119927041,0.8948450347881087,0.8878999788090698,0.9052476430036155,0.022559689853089725
84,3.140555191040039,0.5026840241194263,0.02476325035095215,0.002838590763008494,64,10,0.0001,500,128,256,0.25,4,2,16,0.0001,"{'model__batch_size': 64, 'model__callbacks__early_stopping__patience': 10, 'model__lr': 0.0001, 'model__max_epochs': 500, 'model__module__d_model': 128, 'model__module__dim_feedforward': 256, 'model__module__dropout': 0.25, 'model__module__nhead': 4, 'model__module__num_layers': 2, 'model__module__patch_size': 16, 'model__optimizer__weight_decay': 0.0001}",1.0,0.8526315789473684,0.9186535764375876,0.6585067319461444,0.6822033898305084,0.822399055432322,0.13284317984345737,155,0.8272824957283025,0.9141216609802779,0.8657962754324342,0.8913969087197433,0.9191434963247044,0.8835481674370925,0.03389490866888663
85,2.4880609035491945,0.4002166472637347,0.023442554473876952,0.003366708758532279,64,10,0.0001,500,128,256,0.25,4,2,32,0.0001,"{'model__batch_size': 64, 'model__callbacks__early_stopping__patience': 10, 'model__lr': 0.0001, 'model__max_epochs': 500, 'model__module__d_model': 128, 'model__module__dim_feedforward': 256, 'model__module__dropout': 0.25, 'model__module__nhead': 4, 'model__module__num_layers': 2, 'model__module__patch_size': 32, 'model__optimizer__weight_decay': 0.0001}",0.9794721407624634,0.834280303030303,0.8878143133462283,0.6585067319461444,0.642478813559322,0.8005104605288922,0.1310943998397046,253,0.8832989836002043,0.9060471692050639,0.8805290155525328,0.8948450347881087,0.9147191011235956,0.8958878608539009,0.013063602887201303
86,4.308428573608398,1.5805328047666876,0.027057361602783204,0.003795917024019409,64,10,0.0001,500,128,256,0.25,4,3,16,0.0001,"{'model__batch_size': 64, 'model__callbacks__early_stopping__patience': 10, 'model__lr': 0.0001, 'model__max_epochs': 500, 'model__module__d_model': 128, 'model__module__dim_feedforward': 256, 'model__module__dropout': 0.25, 'model__module__nhead': 4, 'model__module__num_layers': 3, 'model__module__patch_size': 16, 'model__optimizer__weight_decay': 0.0001}",0.9222222222222223,0.8674242424242424,0.9186535764375876,0.6446455505279034,0.6957403651115619,0.8097371913447035,0.11669960002869206,220,0.8917425978224188,0.9565656565656566,0.8546531189018236,0.8843295382669196,0.9001184366363995,0.8974818696386435,0.033280836270560075
87,2.523268127441406,0.3237381846256718,0.024927711486816405,0.0033099642066456926,64,10,0.0001,500,128,256,0.25,4,3,32,0.0001,"{'model__batch_size': 64, 'model__callbacks__early_stopping__patience': 10, 'model__lr': 0.0001, 'model__max_epochs': 500, 'model__module__d_model': 128, 'model__module__dim_feedforward': 256, 'model__module__dropout': 0.25, 'model__module__nhead': 4, 'model__module__num_layers': 3, 'model__module__patch_size': 32, 'model__optimizer__weight_decay': 0.0001}",0.9597186700767264,0.834280303030303,0.8725274725274725,0.6585067319461444,0.6666666666666667,0.7983399688494627,0.11809298978634175,263,0.8802876709853454,0.8618340723603881,0.8778382907415165,0.8889617747033216,0.8932243707796195,0.8804292359140383,0.010853873405582772
88,3.3388479232788084,1.0433781879362325,0.02578082084655762,0.003821902371697934,64,10,0.0001,500,128,384,0.1,4,2,16,0.0001,"{'model__batch_size': 64, 'model__callbacks__early_stopping__patience': 10, 'model__lr': 0.0001, 'model__max_epochs': 500, 'model__module__d_model': 128, 'model__module__dim_feedforward': 384, 'model__module__dropout': 0.1, 'model__module__nhead': 4, 'model__module__num_layers': 2, 'model__module__patch_size': 16, 'model__optimizer__weight_decay': 0.0001}",1.0,0.9199267902081903,0.9439071566731141,0.7119628339140535,0.6822033898305084,0.8516000341251733,0.12915531047746506,7,0.8569732297063903,0.9355912457352085,0.8586411308709531,0.8960043787629994,0.9336704119850188,0.8961760794121141,0.03436610417115927
89,2.011943054199219,0.3176794242267614,0.023608875274658204,0.0028063010635657024,64,10,0.0001,500,128,384,0.1,4,2,32,0.0001,"{'model__batch_size': 64, 'model__callbacks__early_stopping__patience': 10, 'model__lr': 0.0001, 'model__max_epochs': 500, 'model__module__d_model': 128, 'model__module__dim_feedforward': 384, 'model__module__dropout': 0.1, 'model__module__nhead': 4, 'model__module__num_layers': 2, 'model__module__patch_size': 32, 'model__optimizer__weight_decay': 0.0001}",0.9794721407624634,0.834280303030303,0.9186535764375876,0.6585067319461444,0.6666666666666667,0.811515883768633,0.13007621187182228,214,0.8941846958036881,0.8711824914704169,0.877963980251721,0.8823167330294113,0.91404952438472,0.8879394849879916,0.015050977918463085
90,3.510917329788208,1.1630803759773538,0.02641019821166992,0.0036070861333031574,64,10,0.0001,500,128,384,0.1,4,3,16,0.0001,"{'model__batch_size': 64, 'model__callbacks__early_stopping__patience': 10, 'model__lr': 0.0001, 'model__max_epochs': 500, 'model__module__d_model': 128, 'model__module__dim_feedforward': 384, 'model__module__dropout': 0.1, 'model__module__nhead': 4, 'model__module__num_layers': 3, 'model__module__patch_size': 16, 'model__optimizer__weight_decay': 0.0001}",1.0,0.8674242424242424,0.894927536231884,0.7479674796747967,0.642478813559322,0.8305596143780491,0.12361886813584315,104,0.8683508436217777,0.9121028873179458,0.8534997287032013,0.8960043787629994,0.9081669691470053,0.8876249615105859,0.022923266336215022
91,2.3922411441802978,0.333355323108854,0.024551200866699218,0.0033179982882379044,64,10,0.0001,500,128,384,0.1,4,3,32,0.0001,"{'model__batch_size': 64, 'model__callbacks__early_stopping__patience': 10, 'model__lr': 0.0001, 'model__max_epochs': 500, 'model__module__d_model': 128, 'model__module__dim_feedforward': 384, 'model__module__dropout': 0.1, 'model__module__nhead': 4, 'model__module__num_layers': 3, 'model__module__patch_size': 32, 'model__optimizer__weight_decay': 0.0001}",0.9406593406593406,0.7959183673469388,0.8878143133462283,0.7267117249485748,0.7083333333333333,0.8118874159268831,0.09008935477513656,213,0.862703785576126,0.8937005312804944,0.8563312106284007,0.8948450347881087,0.9029312461632903,0.882102361687284,0.018821225604207303
92,3.3839035987854005,0.6502409420259452,0.028060102462768556,0.004475898188208737,64,10,0.0001,500,128,384,0.25,4,2,16,0.0001,"{'model__batch_size': 64, 'model__callbacks__early_stopping__patience': 10, 'model__lr': 0.0001, 'model__max_epochs': 500, 'model__module__d_model': 128, 'model__module__dim_feedforward': 384, 'model__module__dropout': 0.25, 'model__module__nhead': 4, 'model__module__num_layers': 2, 'model__module__patch_size': 16, 'model__optimizer__weight_decay': 0.0001}",1.0,0.9048913043478262,0.9186535764375876,0.7479674796747967,0.6697746697746698,0.8482574060469761,0.12091566527211775,15,0.8405622709620959,0.8974369703943927,0.8677610579115367,0.8913969087197433,0.9336704119850188,0.8861655239945575,0.03107895857977651
93,2.748584842681885,0.9396865524627422,0.02441697120666504,0.0031746972251254137,64,10,0.0001,500,128,384,0.25,4,2,32,0.0001,"{'model__batch_size': 64, 'model__callbacks__early_stopping__patience': 10, 'model__lr': 0.0001, 'model__max_epochs': 500, 'model__module__d_model': 128, 'model__module__dim_feedforward': 384, 'model__module__dropout': 0.25, 'model__module__nhead': 4, 'model__module__num_layers': 2, 'model__module__patch_size': 32, 'model__optimizer__weight_decay': 0.0001}",0.9794721407624634,0.8414855072463767,0.8878143133462283,0.6538348516015281,0.642478813559322,0.8010171253031837,0.13252520689622369,250,0.8908195253022839,0.9892652076225348,0.88,0.8913969087197433,0.9286560261688568,0.9160275335626837,0.04015801355251902
94,3.772891044616699,1.0589416208375724,0.027475976943969728,0.003912217264682696,64,10,0.0001,500,128,384,0.25,4,3,16,0.0001,"{'model__batch_size': 64, 'model__callbacks__early_stopping__patience': 10, 'model__lr': 0.0001, 'model__max_epochs': 500, 'model__module__d_model': 128, 'model__module__dim_feedforward': 384, 'model__module__dropout': 0.25, 'model__module__nhead': 4, 'model__module__num_layers': 3, 'model__module__patch_size': 16, 'model__optimizer__weight_decay': 0.0001}",1.0,0.8674242424242424,0.9439071566731141,0.6902732882750514,0.6957403651115619,0.8394690104967939,0.12678825418254125,55,0.8283678756476685,0.9011157482326888,0.8718122626153011,0.9074102722772277,0.9229832572298327,0.8863378832005437,0.033397094912943466
95,2.5428683757781982,0.41268361506302975,0.024524164199829102,0.002071183248595874,64,10,0.0001,500,128,384,0.25,4,3,32,0.0001,"{'model__batch_size': 64, 'model__callbacks__early_stopping__patience': 10, 'model__lr': 0.0001, 'model__max_epochs': 500, 'model__module__d_model': 128, 'model__module__dim_feedforward': 384, 'model__module__dropout': 0.25, 'model__module__nhead': 4, 'model__module__num_layers': 3, 'model__module__patch_size': 32, 'model__optimizer__weight_decay': 0.0001}",0.9794721407624634,0.8526315789473684,0.8644226273959794,0.7534090909090909,0.6822033898305084,0.826427765569082,0.10167126196268486,123,0.8802876709853454,0.866567367963756,0.8575052350227277,0.913016715717391,0.9133561643835616,0.8861466308145562,0.02323946934288123
96,2.7158437252044676,0.823157487209317,0.024671173095703124,0.0030544296936158683,64,10,0.0002,500,96,128,0.1,4,2,16,0.0001,"{'model__batch_size': 64, 'model__callbacks__early_stopping__patience': 10, 'model__lr': 0.0002, 'model__max_epochs': 500, 'model__module__d_model': 96, 'model__module__dim_feedforward': 128, 'model__module__dropout': 0.1, 'model__module__nhead': 4, 'model__module__num_layers': 2, 'model__module__patch_size': 16, 'model__optimizer__weight_decay': 0.0001}",1.0,0.8731884057971014,0.8310445276737412,0.7047619047619047,0.6950393060449986,0.8208068288555491,0.11335142422270862,163,0.8502251636310598,0.9248564533577432,0.9042407660738714,0.9287409108304632,0.918499990525458,0.9053126568837191,0.02877682989823502
97,1.6313044548034668,0.1971664937634509,0.023332738876342775,0.0030626314636803165,64,10,0.0002,500,96,128,0.1,4,2,32,0.0001,"{'model__batch_size': 64, 'model__callbacks__early_stopping__patience': 10, 'model__lr': 0.0002, 'model__max_epochs': 500, 'model__module__d_model': 96, 'model__module__dim_feedforward': 128, 'model__module__dropout': 0.1, 'model__module__nhead': 4, 'model__module__num_layers': 2, 'model__module__patch_size': 32, 'model__optimizer__weight_decay': 0.0001}",1.0,0.8153919923279789,0.9186535764375876,0.6585067319461444,0.642478813559322,0.8070062228542065,0.1406438181493094,229,0.8392908105022832,0.88531634316195,0.8618333085722776,0.8843295382669196,0.9001184366363995,0.874177687427966,0.021305070135871074
98,2.4125104904174806,0.290271367148696,0.02567920684814453,0.0027235760825273514,64,10,0.0002,500,96,128,0.1,4,3,16,0.0001,"{'model__batch_size': 64, 'model__callbacks__early_stopping__patience': 10, 'model__lr': 0.0002, 'model__max_epochs': 500, 'model__module__d_model': 96, 'model__module__dim_feedforward': 128, 'model__module__dropout': 0.1, 'model__module__nhead': 4, 'model__module__num_layers': 3, 'model__module__patch_size': 16, 'model__optimizer__weight_decay': 0.0001}",0.9597186700767264,0.8825221769359866,0.894927536231884,0.6820512820512821,0.6666666666666667,0.8171772663925092,0.11962072214488254,183,0.8379318177846896,0.8791414700621754,0.8748691189344135,0.9176980198019802,0.9081669691470053,0.8835614791460529,0.028099441803864672
99,1.7578768253326416,0.15475434297473933,0.024905061721801756,0.0028317507482437396,64,10,0.0002,500,96,128,0.1,4,3,32,0.0001,"{'model__batch_size': 64, 'model__callbacks__early_stopping__patience': 10, 'model__lr': 0.0002, 'model__max_epochs': 500, 'model__module__d_model': 96, 'model__module__dim_feedforward': 128, 'model__module__dropout': 0.1, 'model__module__nhead': 4, 'model__module__num_layers': 3, 'model__module__patch_size': 32, 'model__optimizer__weight_decay': 0.0001}",0.9406593406593406,0.834280303030303,0.8878143133462283,0.7343941248470012,0.6160794941282746,0.8026455152022296,0.11555728665931501,245,0.8431843497632971,0.8974369703943927,0.8819056591077317,0.8959118525383586,0.8932243707796195,0.8823326405166799,0.020317167865330475
100,2.5765512943267823,0.6278401979043009,0.02463226318359375,0.002711193443043571,64,10,0.0002,500,96,128,0.25,4,2,16,0.0001,"{'model__batch_size': 64, 'model__callbacks__early_stopping__patience': 10, 'model__lr': 0.0002, 'model__max_epochs': 500, 'model__module__d_model': 96, 'model__module__dim_feedforward': 128, 'model__module__dropout': 0.25, 'model__module__nhead': 4, 'model__module__num_layers': 2, 'model__module__patch_size': 16, 'model__optimizer__weight_decay': 0.0001}",1.0,0.834280303030303,0.8512820512820514,0.7194570135746606,0.6950393060449986,0.8200117347864028,0.10890965085938491,170,0.8364672571511543,0.9221551724137931,0.8942780775975077,0.9279857673267327,0.918499990525458,0.8998772530029291,0.033720554451978385
101,1.7969651222229004,0.1504221241884623,0.023220920562744142,0.0030278320173208625,64,10,0.0002,500,96,128,0.25,4,2,32,0.0001,"{'model__batch_size': 64, 'model__callbacks__early_stopping__patience': 10, 'model__lr': 0.0002, 'model__max_epochs': 500, 'model__module__d_model': 96, 'model__module__dim_feedforward': 128, 'model__module__dropout': 0.25, 'model__module__nhead': 4, 'model__module__num_layers': 2, 'model__module__patch_size': 32, 'model__optimizer__weight_decay': 0.0001}",1.0,0.8526315789473684,0.9186535764375876,0.6678571428571429,0.5233050847457628,0.7924894765975724,0.17354453337196105,275,0.8324027393794835,0.8785882352941177,0.8539799078975401,0.8948450347881087,0.9089117541166885,0.8737455342951875,0.027586991024333502
102,2.4838748931884767,0.23847384538509053,0.02579669952392578,0.0037216215329894183,64,10,0.0002,500,96,128,0.25,4,3,16,0.0001,"{'model__batch_size': 64, 'model__callbacks__early_stopping__patience': 10, 'model__lr': 0.0002, 'model__max_epochs': 500, 'model__module__d_model': 96, 'model__module__dim_feedforward': 128, 'model__module__dropout': 0.25, 'model__module__nhead': 4, 'model__module__num_layers': 3, 'model__module__patch_size': 16, 'model__optimizer__weight_decay': 0.0001}",1.0,0.8558682223747426,0.894927536231884,0.6759581881533101,0.6950393060449986,0.8243586505609871,0.1229381100247869,137,0.8324027393794835,0.8832290980908493,0.8768809849521204,0.9168035030103996,0.8993235177079189,0.8817279686281543,0.028279396529883427
103,2.0641033172607424,0.26202979788509934,0.02468900680541992,0.0032107723041445908,64,10,0.0002,500,96,128,0.25,4,3,32,0.0001,"{'model__batch_size': 64, 'model__callbacks__early_stopping__patience': 10, 'model__lr': 0.0002, 'model__max_epochs': 500, 'model__module__d_model': 96, 'model__module__dim_feedforward': 128, 'model__module__dropout': 0.25, 'model__module__nhead': 4, 'model__module__num_layers': 3, 'model__module__patch_size': 32, 'model__optimizer__weight_decay': 0.0001}",0.9406593406593406,0.834280303030303,0.894927536231884,0.6477272727272727,0.6666666666666667,0.7968522238630934,0.11906858964599963,265,0.8352445426913513,0.8839406207827261,0.8697843042690127,0.8787301061007957,0.8985003343203745,0.873239981632852,0.021158098445690318
104,2.1262466430664064,0.12907211431356114,0.024834442138671874,0.002928755693189444,64,10,0.0002,500,96,256,0.1,4,2,16,0.0001,"{'model__batch_size': 64, 'model__callbacks__early_stopping__patience': 10, 'model__lr': 0.0002, 'model__max_epochs': 500, 'model__module__d_model': 96, 'model__module__dim_feedforward': 256, 'model__module__dropout': 0.1, 'model__module__nhead': 4, 'model__module__num_layers': 2, 'model__module__patch_size': 16, 'model__optimizer__weight_decay': 0.0001}",1.0,0.8600000000000001,0.894927536231884,0.7685902957220787,0.6666666666666667,0.8380368997241259,0.1132621346545648,63,0.8313118279569892,0.8618340723603881,0.8647836538461539,0.9083811710677383,0.9126381215469613,0.8757897693556462,0.030705647210466896
105,1.7435670375823975,0.1182706535835547,0.024428939819335936,0.002038904790269777,64,10,0.0002,500,96,256,0.1,4,2,32,0.0001,"{'model__batch_size': 64, 'model__callbacks__early_stopping__patience': 10, 'model__lr': 0.0002, 'model__max_epochs': 500, 'model__module__d_model': 96, 'model__module__dim_feedforward': 256, 'model__module__dropout': 0.1, 'model__module__nhead': 4, 'model__module__num_layers': 2, 'model__module__patch_size': 32, 'model__optimizer__weight_decay': 0.0001}",0.9794721407624634,0.834280303030303,0.8878143133462283,0.7534090909090909,0.6196754563894523,0.8149302608875075,0.12220460916152459,195,0.8471928567684216,0.8713216957605985,0.88,0.9120832118207447,0.8897352812991492,0.8800666091297827,0.021334046078118424
106,2.5687938213348387,0.3257968531707297,0.026208925247192382,0.003141752488098631,64,10,0.0002,500,96,256,0.1,4,3,16,0.0001,"{'model__batch_size': 64, 'model__callbacks__early_stopping__patience': 10, 'model__lr': 0.0002, 'model__max_epochs': 500, 'model__module__d_model': 96, 'model__module__dim_feedforward': 256, 'model__module__dropout': 0.1, 'model__module__nhead': 4, 'model__module__num_layers': 3, 'model__module__patch_size': 16, 'model__optimizer__weight_decay': 0.0001}",1.0,0.8639455782312926,0.9186535764375876,0.7534090909090909,0.7086247086247086,0.8489265908405359,0.10650709685670291,12,0.8392908105022832,0.88531634316195,0.8728214790390956,0.9037901429632027,0.9001184366363995,0.8802674424605861,0.023269712266878576
107,1.877650260925293,0.3279448494732874,0.02395353317260742,0.0033125111274651658,64,10,0.0002,500,96,256,0.1,4,3,32,0.0001,"{'model__batch_size': 64, 'model__callbacks__early_stopping__patience': 10, 'model__lr': 0.0002, 'model__max_epochs': 500, 'model__module__d_model': 96, 'model__module__dim_feedforward': 256, 'model__module__dropout': 0.1, 'model__module__nhead': 4, 'model__module__num_layers': 3, 'model__module__patch_size': 32, 'model__optimizer__weight_decay': 0.0001}",0.9597186700767264,0.8153919923279789,0.8878143133462283,0.7047619047619047,0.6160794941282746,0.7967532749282226,0.12353352724957356,266,0.8552907396642533,0.9121028873179458,0.8677610579115367,0.9064039408866995,0.9081669691470053,0.8899451189854879,0.023609124977568646
108,2.469429063796997,0.6111267300401096,0.024776792526245116,0.0025490906829612674,64,10,0.0002,500,96,256,0.25,4,2,16,0.0001,"{'model__batch_size': 64, 'model__callbacks__early_stopping__patience': 10, 'model__lr': 0.0002, 'model__max_epochs': 500, 'model__module__d_model': 96, 'model__module__dim_feedforward': 256, 'model__module__dropout': 0.25, 'model__module__nhead': 4, 'model__module__num_layers': 2, 'model__module__patch_size': 16, 'model__optimizer__weight_decay': 0.0001}",1.0,0.8526315789473684,0.8512820512820514,0.6678571428571429,0.6950393060449986,0.8133620158263122,0.12081862151247044,204,0.8502251636310598,0.9290053552907309,0.8737980769230769,0.9037901429632027,0.91404952438472,0.8941736526385581,0.02845139168920476
109,1.9224998474121093,0.3192720721356,0.02353944778442383,0.0032893986771032864,64,10,0.0002,500,96,256,0.25,4,2,32,0.0001,"{'model__batch_size': 64, 'model__callbacks__early_stopping__patience': 10, 'model__lr': 0.0002, 'model__max_epochs': 500, 'model__module__d_model': 96, 'model__module__dim_feedforward': 256, 'model__module__dropout': 0.25, 'model__module__nhead': 4, 'model__module__num_layers': 2, 'model__module__patch_size': 32, 'model__optimizer__weight_decay': 0.0001}",0.9794721407624634,0.8674242424242424,0.8644226273959794,0.6678571428571429,0.642478813559322,0.8043309933998299,0.12890882363077802,236,0.8540878492389123,0.9131313131313131,0.8534997287032013,0.901740060270244,0.91404952438472,0.8873016951456781,0.027701315553784696
110,2.6504857540130615,0.5541828073127021,0.027028894424438475,0.0028852885565588703,64,10,0.0002,500,96,256,0.25,4,3,16,0.0001,"{'model__batch_size': 64, 'model__callbacks__early_stopping__patience': 10, 'model__lr': 0.0002, 'model__max_epochs': 500, 'model__module__d_model': 96, 'model__module__dim_feedforward': 256, 'model__module__dropout': 0.25, 'model__module__nhead': 4, 'model__module__num_layers': 3, 'model__module__patch_size': 16, 'model__optimizer__weight_decay': 0.0001}",0.9794721407624634,0.834280303030303,0.894927536231884,0.7416666666666667,0.7086247086247086,0.8317942710632051,0.0990903314256854,94,0.8178897123010345,0.8949938949938949,0.8626559956592512,0.9168035030103996,0.91404952438472,0.88127852606986,0.03711876617511337
111,2.016270065307617,0.3076111822087684,0.0253420352935791,0.003249310462231822,64,10,0.0002,500,96,256,0.25,4,3,32,0.0001,"{'model__batch_size': 64, 'model__callbacks__early_stopping__patience': 10, 'model__lr': 0.0002, 'model__max_epochs': 500, 'model__module__d_model': 96, 'model__module__dim_feedforward': 256, 'model__module__dropout': 0.25, 'model__module__nhead': 4, 'model__module__num_layers': 3, 'model__module__patch_size': 32, 'model__optimizer__weight_decay': 0.0001}",0.9406593406593406,0.834280303030303,0.912781954887218,0.7194570135746606,0.642478813559322,0.8099314851421688,0.11356661788844286,219,0.862703785576126,0.8839406207827261,0.859189207982755,0.905360531309298,0.9197649472996922,0.8861918185901194,0.023581734816197637
112,2.3210514068603514,0.6586192578025807,0.025047922134399415,0.002985834466076913,64,10,0.0002,500,96,384,0.1,4,2,16,0.0001,"{'model__batch_size': 64, 'model__callbacks__early_stopping__patience': 10, 'model__lr': 0.0002, 'model__max_epochs': 500, 'model__module__d_model': 96, 'model__module__dim_feedforward': 384, 'model__module__dropout': 0.1, 'model__module__nhead': 4, 'model__module__num_layers': 2, 'model__module__patch_size': 16, 'model__optimizer__weight_decay': 0.0001}",0.9794721407624634,0.8558682223747426,0.894927536231884,0.7181818181818183,0.6950393060449986,0.8286978047191813,0.1076437521542964,112,0.8338557993730407,0.9022727272727273,0.8647836538461539,0.9224263633712453,0.9089117541166885,0.8864500595959711,0.03251082377607474
113,1.559421920776367,0.10170938160713314,0.024329948425292968,0.0030073478601779567,64,10,0.0002,500,96,384,0.1,4,2,32,0.0001,"{'model__batch_size': 64, 'model__callbacks__early_stopping__patience': 10, 'model__lr': 0.0002, 'model__max_epochs': 500, 'model__module__d_model': 96, 'model__module__dim_feedforward': 384, 'model__module__dropout': 0.1, 'model__module__nhead': 4, 'model__module__num_layers': 2, 'model__module__patch_size': 32, 'model__optimizer__weight_decay': 0.0001}",0.9794721407624634,0.8674242424242424,0.8644226273959794,0.7343941248470012,0.6666666666666667,0.8224759604192707,0.10996601051731503,154,0.8546551487727958,0.8938446346280449,0.8618333085722776,0.912879718332924,0.9001184366363995,0.8846662493884884,0.02254338937564916
114,3.2029497146606447,0.8354267998936888,0.027750539779663085,0.0030041188524333397,64,10,0.0002,500,96,384,0.1,4,3,16,0.0001,"{'model__batch_size': 64, 'model__callbacks__early_stopping__patience': 10, 'model__lr': 0.0002, 'model__max_epochs': 500, 'model__module__d_model': 96, 'model__module__dim_feedforward': 384, 'model__module__dropout': 0.1, 'model__module__nhead': 4, 'model__module__num_layers': 3, 'model__module__patch_size': 16, 'model__optimizer__weight_decay': 0.0001}",0.9794721407624634,0.8674242424242424,0.9186535764375876,0.7181818181818183,0.6950393060449986,0.8357542167702221,0.11149357922774145,70,0.8524087997772208,0.9131313131313131,0.8758916563101176,0.9279857673267327,0.9223449969306323,0.8983525066952032,0.029283090166223855
115,1.8918047428131104,0.32409887299200585,0.025211620330810546,0.0027870737795821264,64,10,0.0002,500,96,384,0.1,4,3,32,0.0001,"{'model__batch_size': 64, 'model__callbacks__early_stopping__patience': 10, 'model__lr': 0.0002, 'model__max_epochs': 500, 'model__module__d_model': 96, 'model__module__dim_feedforward': 384, 'model__module__dropout': 0.1, 'model__module__nhead': 4, 'model__module__num_layers': 3, 'model__module__patch_size': 32, 'model__optimizer__weight_decay': 0.0001}",0.9794721407624634,0.8489570846319827,0.894927536231884,0.7343941248470012,0.6459627329192547,0.8207427238785172,0.11789706537091917,165,0.8586666666666667,0.8923560025472672,0.8926370203459474,0.8595475954125922,0.9292043652644343,0.8864823300473816,0.02606431888060776
116,2.501129150390625,0.863764324925147,0.024759435653686525,0.003117607858957837,64,10,0.0002,500,96,384,0.25,4,2,16,0.0001,"{'model__batch_size': 64, 'model__callbacks__early_stopping__patience': 10, 'model__lr': 0.0002, 'model__max_epochs': 500, 'model__module__d_model': 96, 'model__module__dim_feedforward': 384, 'model__module__dropout': 0.25, 'model__module__nhead': 4, 'model__module__num_layers': 2, 'model__module__patch_size': 16, 'model__optimizer__weight_decay': 0.0001}",0.9794721407624634,0.8558682223747426,0.894927536231884,0.7181818181818183,0.7219279661016949,0.8340755367305206,0.1013178079627828,80,0.8364672571511543,0.9406214039125431,0.8728214790390956,0.9074102722772277,0.9037290715372908,0.8922098967834623,0.03518684254228325
117,1.711745023727417,0.13319127591429472,0.023591899871826173,0.0024894215081644835,64,10,0.0002,500,96,384,0.25,4,2,32,0.0001,"{'model__batch_size': 64, 'model__callbacks__early_stopping__patience': 10, 'model__lr': 0.0002, 'model__max_epochs': 500, 'model__module__d_model': 96, 'model__module__dim_feedforward': 384, 'model__module__dropout': 0.25, 'model__module__nhead': 4, 'model__module__num_layers': 2, 'model__module__patch_size': 32, 'model__optimizer__weight_decay': 0.0001}",0.9597186700767264,0.8489570846319827,0.8644226273959794,0.6758169934640523,0.6666666666666667,0.8031164084470817,0.11419961603208853,242,0.8431843497632971,0.866551724137931,0.8518235186509455,0.8946095297674903,0.8941019786910198,0.8700542202021367,0.021203178117057832
118,2.899034547805786,0.6877173175737987,0.02605328559875488,0.002933037122480522,64,10,0.0002,500,96,384,0.25,4,3,16,0.0001,"{'model__batch_size': 64, 'model__callbacks__early_stopping__patience': 10, 'model__lr': 0.0002, 'model__max_epochs': 500, 'model__module__d_model': 96, 'model__module__dim_feedforward': 384, 'model__module__dropout': 0.25, 'model__module__nhead': 4, 'model__module__num_layers': 3, 'model__module__patch_size': 16, 'model__optimizer__weight_decay': 0.0001}",1.0,0.8674242424242424,0.8512820512820514,0.7685902957220787,0.7221430607010544,0.8418879300258855,0.09534270434672679,42,0.8419797257006559,0.8937005312804944,0.8967254826961135,0.9074102722772277,0.9029312461632903,0.8885494516235564,0.023768412013336872
119,1.8158249855041504,0.32852059644601994,0.0249969482421875,0.003803757117740203,64,10,0.0002,500,96,384,0.25,4,3,32,0.0001,"{'model__batch_size': 64, 'model__callbacks__early_stopping__patience': 10, 'model__lr': 0.0002, 'model__max_epochs': 500, 'model__module__d_model': 96, 'model__module__dim_feedforward': 384, 'model__module__dropout': 0.25, 'model__module__nhead': 4, 'model__module__num_layers': 3, 'model__module__patch_size': 32, 'model__optimizer__weight_decay': 0.0001}",0.9043425447919831,0.8489570846319827,0.8512820512820514,0.7110904007455732,0.657707910750507,0.7946759984404196,0.09372752222539697,272,0.8557234245270178,0.8866408620148551,0.8550064278856324,0.8613283286414347,0.9241947565543072,0.8765787599246494,0.02646286156855551
120,2.0973956108093263,0.20449059644860912,0.025417852401733398,0.004026055905766165,64,10,0.0002,500,128,128,0.1,4,2,16,0.0001,"{'model__batch_size': 64, 'model__callbacks__early_stopping__patience': 10, 'model__lr': 0.0002, 'model__max_epochs': 500, 'model__module__d_model': 128, 'model__module__dim_feedforward': 128, 'model__module__dropout': 0.1, 'model__module__nhead': 4, 'model__module__num_layers': 2, 'model__module__patch_size': 16, 'model__optimizer__weight_decay': 0.0001}",1.0,0.8153919923279789,0.9186535764375876,0.6585067319461444,0.613716454323665,0.8012537510070752,0.1476682968450735,248,0.8433497536945813,0.9022727272727273,0.8860009119927041,0.8797444717444718,0.9081669691470053,0.8839069667702979,0.022770363976247675
121,1.6204299449920654,0.1909893561446332,0.025127696990966796,0.0033714071701131565,64,10,0.0002,500,128,128,0.1,4,2,32,0.0001,"{'model__batch_size': 64, 'model__callbacks__early_stopping__patience': 10, 'model__lr': 0.0002, 'model__max_epochs': 500, 'model__module__d_model': 128, 'model__module__dim_feedforward': 128, 'model__module__dropout': 0.1, 'model__module__nhead': 4, 'model__module__num_layers': 2, 'model__module__patch_size': 32, 'model__optimizer__weight_decay': 0.0001}",0.9597186700767264,0.8526315789473684,0.894927536231884,0.6725691208449829,0.613716454323665,0.7987126720849254,0.1328331856839924,261,0.8419298245614035,0.9131313131313131,0.8918269230769231,0.9006584766584766,0.9241947565543072,0.8943482587964848,0.028416490949752706
122,2.786775016784668,0.37494778830790826,0.027504158020019532,0.00471454037634161,64,10,0.0002,500,128,128,0.1,4,3,16,0.0001,"{'model__batch_size': 64, 'model__callbacks__early_stopping__patience': 10, 'model__lr': 0.0002, 'model__max_epochs': 500, 'model__module__d_model': 128, 'model__module__dim_feedforward': 128, 'model__module__dropout': 0.1, 'model__module__nhead': 4, 'model__module__num_layers': 3, 'model__module__patch_size': 16, 'model__optimizer__weight_decay': 0.0001}",0.9794721407624634,0.8878975062914665,0.8725274725274725,0.7343941248470012,0.6543778801843317,0.8257338249225471,0.11609930154985544,128,0.8564538957521536,0.8999137931034482,0.8667763157894737,0.9369070208728653,0.9178336039736364,0.8955769258983155,0.030273524793679864
123,1.846400547027588,0.22093550849294166,0.024517297744750977,0.0035835562060478007,64,10,0.0002,500,128,128,0.1,4,3,32,0.0001,"{'model__batch_size': 64, 'model__callbacks__early_stopping__patience': 10, 'model__lr': 0.0002, 'model__max_epochs': 500, 'model__module__d_model': 128, 'model__module__dim_feedforward': 128, 'model__module__dropout': 0.1, 'model__module__nhead': 4, 'model__module__num_layers': 3, 'model__module__patch_size': 32, 'model__optimizer__weight_decay': 0.0001}",1.0,0.834280303030303,0.894927536231884,0.7194570135746606,0.6666666666666667,0.8230663039007029,0.11982575255160913,143,0.8318527918781726,0.9190291871534679,0.88,0.8923948220064726,0.918499990525458,0.8883553583127142,0.03202577686848601
124,2.108468008041382,0.20299563270745552,0.025424098968505858,0.0029291763168586716,64,10,0.0002,500,128,128,0.25,4,2,16,0.0001,"{'model__batch_size': 64, 'model__callbacks__early_stopping__patience': 10, 'model__lr': 0.0002, 'model__max_epochs': 500, 'model__module__d_model': 128, 'model__module__dim_feedforward': 128, 'model__module__dropout': 0.25, 'model__module__nhead': 4, 'model__module__num_layers': 2, 'model__module__patch_size': 16, 'model__optimizer__weight_decay': 0.0001}",1.0,0.8878975062914665,0.9186535764375876,0.5664335664335665,0.613716454323665,0.7973402206972571,0.17379534456519988,264,0.8460868302599099,0.8985911996524545,0.8819056591077317,0.8601132686084143,0.8738106200122775,0.8721015155281575,0.01800681842128856
125,1.7923262119293213,0.2053465312226362,0.02352452278137207,0.002821190869138215,64,10,0.0002,500,128,128,0.25,4,2,32,0.0001,"{'model__batch_size': 64, 'model__callbacks__early_stopping__patience': 10, 'model__lr': 0.0002, 'model__max_epochs': 500, 'model__module__d_model': 128, 'model__module__dim_feedforward': 128, 'model__module__dropout': 0.25, 'model__module__nhead': 4, 'model__module__num_layers': 2, 'model__module__patch_size': 32, 'model__optimizer__weight_decay': 0.0001}",1.0,0.8102981029810298,0.8215384615384616,0.6725691208449829,0.5608899297423888,0.7730591230213727,0.14856187710808202,284,0.8535507046145344,0.9355912457352085,0.9042407660738714,0.9334833708427107,0.918499990525458,0.9090732155583566,0.02998008499412246
126,2.637804889678955,0.36375930464310763,0.02645573616027832,0.0034933489413978397,64,10,0.0002,500,128,128,0.25,4,3,16,0.0001,"{'model__batch_size': 64, 'model__callbacks__early_stopping__patience': 10, 'model__lr': 0.0002, 'model__max_epochs': 500, 'model__module__d_model': 128, 'model__module__dim_feedforward': 128, 'model__module__dropout': 0.25, 'model__module__nhead': 4, 'model__module__num_layers': 3, 'model__module__patch_size': 16, 'model__optimizer__weight_decay': 0.0001}",1.0,0.8447893569844789,0.8725274725274725,0.7343941248470012,0.6822033898305084,0.8267828688378922,0.11122938701294881,122,0.8460868302599099,0.9048899490404423,0.8707472886643887,0.9111154791154792,0.9133561643835616,0.8892391422927564,0.026492350984977285
127,1.9052184104919434,0.2924940107801129,0.024825525283813477,0.003551142806991042,64,10,0.0002,500,128,128,0.25,4,3,32,0.0001,"{'model__batch_size': 64, 'model__callbacks__early_stopping__patience': 10, 'model__lr': 0.0002, 'model__max_epochs': 500, 'model__module__d_model': 128, 'model__module__dim_feedforward': 128, 'model__module__dropout': 0.25, 'model__module__nhead': 4, 'model__module__num_layers': 3, 'model__module__patch_size': 32, 'model__optimizer__weight_decay': 0.0001}",1.0,0.8526315789473684,0.8644226273959794,0.7119628339140535,0.6366486178398404,0.8131331316194483,0.12687961141058446,205,0.8390954755377285,0.9239898989898989,0.8892307692307693,0.8868347772277227,0.918499990525458,0.8915301823023155,0.03019184116879131
128,2.1602535247802734,0.3995089760261255,0.025040245056152342,0.0033281316490211244,64,10,0.0002,500,128,256,0.1,4,2,16,0.0001,"{'model__batch_size': 64, 'model__callbacks__early_stopping__patience': 10, 'model__lr': 0.0002, 'model__max_epochs': 500, 'model__module__d_model': 128, 'model__module__dim_feedforward': 256, 'model__module__dropout': 0.1, 'model__module__nhead': 4, 'model__module__num_layers': 2, 'model__module__patch_size': 16, 'model__optimizer__weight_decay': 0.0001}",1.0,0.8526315789473684,0.894927536231884,0.6820512820512821,0.6027542372881356,0.8064729269037342,0.14449194946264282,231,0.8364672571511543,0.9082330787739303,0.8657962754324342,0.8971225247524752,0.9191434963247044,0.8853525264869397,0.030252598857104056
129,1.7196219921112061,0.3270809928707009,0.024143266677856445,0.0028869448264546823,64,10,0.0002,500,128,256,0.1,4,2,32,0.0001,"{'model__batch_size': 64, 'model__callbacks__early_stopping__patience': 10, 'model__lr': 0.0002, 'model__max_epochs': 500, 'model__module__d_model': 128, 'model__module__dim_feedforward': 256, 'model__module__dropout': 0.1, 'model__module__nhead': 4, 'model__module__num_layers': 2, 'model__module__patch_size': 32, 'model__optimizer__weight_decay': 0.0001}",0.9597186700767264,0.8153919923279789,0.8878143133462283,0.6477272727272727,0.6710526315789473,0.7963409760114307,0.1210006492862057,267,0.8366185770402861,0.8961018041237113,0.9147727272727273,0.8830067972810876,0.9381685560130093,0.8937336923461642,0.03405850474481852
130,2.8018887519836424,0.6053671253165529,0.026073598861694337,0.003299290674789446,64,10,0.0002,500,128,256,0.1,4,3,16,0.0001,"{'model__batch_size': 64, 'model__callbacks__early_stopping__patience': 10, 'model__lr': 0.0002, 'model__max_epochs': 500, 'model__module__d_model': 128, 'model__module__dim_feedforward': 256, 'model__module__dropout': 0.1, 'model__module__nhead': 4, 'model__module__num_layers': 3, 'model__module__patch_size': 16, 'model__optimizer__weight_decay': 0.0001}",1.0,0.9028677150786308,0.894927536231884,0.7194570135746606,0.7086247086247086,0.8451753947019768,0.11333625990334148,33,0.830899378293132,0.9355912457352085,0.890124796527401,0.9006584766584766,0.9191434963247044,0.8952834787077844,0.03576263836583935
131,1.7053472995758057,0.249577429665943,0.024226284027099608,0.003400861730371945,64,10,0.0002,500,128,256,0.1,4,3,32,0.0001,"{'model__batch_size': 64, 'model__callbacks__early_stopping__patience': 10, 'model__lr': 0.0002, 'model__max_epochs': 500, 'model__module__d_model': 128, 'model__module__dim_feedforward': 256, 'model__module__dropout': 0.1, 'model__module__nhead': 4, 'model__module__num_layers': 3, 'model__module__patch_size': 32, 'model__optimizer__weight_decay': 0.0001}",1.0,0.8299319727891157,0.8644226273959794,0.6678571428571429,0.7076023391812866,0.8139628164447048,0.11838112950884909,202,0.8406325173340881,0.8937005312804944,0.8809685295713511,0.8902014742014741,0.9203651243311299,0.8851736353437074,0.025838042198091892
132,2.1224398612976074,0.28146361171642637,0.02506117820739746,0.0033002632032674,64,10,0.0002,500,128,256,0.25,4,2,16,0.0001,"{'model__batch_size': 64, 'model__callbacks__early_stopping__patience': 10, 'model__lr': 0.0002, 'model__max_epochs': 500, 'model__module__d_model': 128, 'model__module__dim_feedforward': 256, 'model__module__dropout': 0.25, 'model__module__nhead': 4, 'model__module__num_layers': 2, 'model__module__patch_size': 16, 'model__optimizer__weight_decay': 0.0001}",1.0,0.8526315789473684,0.9439071566731141,0.6902732882750514,0.6048009367681498,0.8183225921327368,0.14962846753507966,178,0.8405622709620959,0.9011157482326888,0.8728214790390956,0.8925500605920711,0.8771009423880307,0.8768301002427965,0.020825021929535465
133,1.7009904861450196,0.3126692738262319,0.024198532104492188,0.0036506264932658367,64,10,0.0002,500,128,256,0.25,4,2,32,0.0001,"{'model__batch_size': 64, 'model__callbacks__early_stopping__patience': 10, 'model__lr': 0.0002, 'model__max_epochs': 500, 'model__module__d_model': 128, 'model__module__dim_feedforward': 256, 'model__module__dropout': 0.25, 'model__module__nhead': 4, 'model__module__num_layers': 2, 'model__module__patch_size': 32, 'model__optimizer__weight_decay': 0.0001}",0.9794721407624634,0.8526315789473684,0.9186535764375876,0.7416666666666667,0.6160794941282746,0.8217006913884722,0.12956383279139716,158,0.9082025196448431,0.8857119845360825,0.8850848669538127,0.8971656459193846,0.9029312461632903,0.8958192526434827,0.0091991568421853
134,2.875186014175415,0.4189347339612699,0.027030467987060547,0.0036745159000309167,64,10,0.0002,500,128,256,0.25,4,3,16,0.0001,"{'model__batch_size': 64, 'model__callbacks__early_stopping__patience': 10, 'model__lr': 0.0002, 'model__max_epochs': 500, 'model__module__d_model': 128, 'model__module__dim_feedforward': 256, 'model__module__dropout': 0.25, 'model__module__nhead': 4, 'model__module__num_layers': 3, 'model__module__patch_size': 16, 'model__optimizer__weight_decay': 0.0001}",1.0,0.9199267902081903,0.894927536231884,0.7047619047619047,0.7086247086247086,0.8456481879653376,0.11865464633178166,26,0.8792138416379515,0.8962385961941451,0.8734545454545455,0.8902014742014741,0.909630966480552,0.8897478847937336,0.012760180149423865
135,1.8605993270874024,0.15438155104101592,0.024404573440551757,0.00300977752230146,64,10,0.0002,500,128,256,0.25,4,3,32,0.0001,"{'model__batch_size': 64, 'model__callbacks__early_stopping__patience': 10, 'model__lr': 0.0002, 'model__max_epochs': 500, 'model__module__d_model': 128, 'model__module__dim_feedforward': 256, 'model__module__dropout': 0.25, 'model__module__nhead': 4, 'model__module__num_layers': 3, 'model__module__patch_size': 32, 'model__optimizer__weight_decay': 0.0001}",1.0,0.8853801169590643,0.8423913043478262,0.7631501616220981,0.6459627329192547,0.8273768631696488,0.11868000177737406,119,0.8653259764774213,0.8839406207827261,0.8942780775975077,0.8948450347881087,0.9059619387451681,0.8888703296781865,0.013679930823248672
136,2.205847692489624,0.21957984999604999,0.025830745697021484,0.0032479271016597746,64,10,0.0002,500,128,384,0.1,4,2,16,0.0001,"{'model__batch_size': 64, 'model__callbacks__early_stopping__patience': 10, 'model__lr': 0.0002, 'model__max_epochs': 500, 'model__module__d_model': 128, 'model__module__dim_feedforward': 384, 'model__module__dropout': 0.1, 'model__module__nhead': 4, 'model__module__num_layers': 2, 'model__module__patch_size': 16, 'model__optimizer__weight_decay': 0.0001}",1.0,0.8526315789473684,0.8725274725274725,0.6868686868686869,0.613716454323665,0.8051488385334385,0.13812893837502818,233,0.8922286305826679,0.9022727272727273,0.8539799078975401,0.9111154791154792,0.9081669691470053,0.8935527428030842,0.020812621090072248
137,1.6453696250915528,0.11804403171176872,0.024081611633300783,0.003117217239353597,64,10,0.0002,500,128,384,0.1,4,2,32,0.0001,"{'model__batch_size': 64, 'model__callbacks__early_stopping__patience': 10, 'model__lr': 0.0002, 'model__max_epochs': 500, 'model__module__d_model': 128, 'model__module__dim_feedforward': 384, 'model__module__dropout': 0.1, 'model__module__nhead': 4, 'model__module__num_layers': 2, 'model__module__patch_size': 32, 'model__optimizer__weight_decay': 0.0001}",0.9597186700767264,0.8526315789473684,0.894927536231884,0.7479674796747967,0.648711943793911,0.8207914417449373,0.11020473009945694,164,0.9118234250221828,0.9022727272727273,0.8809685295713511,0.9042782886845262,0.9073956346683619,0.9013477210438298,0.010687122543921993
138,2.887277936935425,0.3337202155865961,0.026913833618164063,0.0034658958174316207,64,10,0.0002,500,128,384,0.1,4,3,16,0.0001,"{'model__batch_size': 64, 'model__callbacks__early_stopping__patience': 10, 'model__lr': 0.0002, 'model__max_epochs': 500, 'model__module__d_model': 128, 'model__module__dim_feedforward': 384, 'model__module__dropout': 0.1, 'model__module__nhead': 4, 'model__module__num_layers': 3, 'model__module__patch_size': 16, 'model__optimizer__weight_decay': 0.0001}",1.0,0.8639455782312926,0.9439071566731141,0.6964504283965729,0.6950490313322172,0.8398704389266394,0.1253692680202125,53,0.8898646573065178,0.8839406207827261,0.88,0.9090708009088899,0.9159902597402597,0.8957732677476786,0.01420753560885319
139,1.789607000350952,0.3493829201781589,0.02420196533203125,0.003710280173130301,64,10,0.0002,500,128,384,0.1,4,3,32,0.0001,"{'model__batch_size': 64, 'model__callbacks__early_stopping__patience': 10, 'model__lr': 0.0002, 'model__max_epochs': 500, 'model__module__d_model': 128, 'model__module__dim_feedforward': 384, 'model__module__dropout': 0.1, 'model__module__nhead': 4, 'model__module__num_layers': 3, 'model__module__patch_size': 32, 'model__optimizer__weight_decay': 0.0001}",1.0,0.8153919923279789,0.894927536231884,0.6678571428571429,0.657707910750507,0.8071769164335025,0.131680965421944,226,0.8771047374429224,0.9306150313411531,0.8626559956592512,0.8960043787629994,0.9197649472996922,0.8972290181012037,0.02539399251473097
140,2.2513606548309326,0.19673747628701949,0.026200342178344726,0.003006249451550282,64,10,0.0002,500,128,384,0.25,4,2,16,0.0001,"{'model__batch_size': 64, 'model__callbacks__early_stopping__patience': 10, 'model__lr': 0.0002, 'model__max_epochs': 500, 'model__module__d_model': 128, 'model__module__dim_feedforward': 384, 'model__module__dropout': 0.25, 'model__module__nhead': 4, 'model__module__num_layers': 2, 'model__module__patch_size': 16, 'model__optimizer__weight_decay': 0.0001}",1.0,0.8526315789473684,0.9186535764375876,0.6585067319461444,0.5833333333333334,0.8026250441328868,0.15733981655603274,246,0.8657149347358857,0.9048899490404423,0.8618333085722776,0.8738140417457305,0.8932243707796195,0.8798953209747911,0.01653297676653982
141,1.732757568359375,0.2335261709955243,0.024206829071044923,0.00329460248673721,64,10,0.0002,500,128,384,0.25,4,2,32,0.0001,"{'model__batch_size': 64, 'model__callbacks__early_stopping__patience': 10, 'model__lr': 0.0002, 'model__max_epochs': 500, 'model__module__d_model': 128, 'model__module__dim_feedforward': 384, 'model__module__dropout': 0.25, 'model__module__nhead': 4, 'model__module__num_layers': 2, 'model__module__patch_size': 32, 'model__optimizer__weight_decay': 0.0001}",0.9597186700767264,0.8011363636363636,0.8725274725274725,0.6218298555377207,0.6366486178398404,0.7783721959236247,0.13180367525234576,282,0.8749759737196177,0.8901286091474321,0.9084373304395008,0.8797444717444718,0.9371668736268985,0.8980906517355841,0.02266393460864624
142,2.9104788303375244,0.3887846228486693,0.027303600311279298,0.003652564706121466,64,10,0.0002,500,128,384,0.25,4,3,16,0.0001,"{'model__batch_size': 64, 'model__callbacks__early_stopping__patience': 10, 'model__lr': 0.0002, 'model__max_epochs': 500, 'model__module__d_model': 128, 'model__module__dim_feedforward': 384, 'model__module__dropout': 0.25, 'model__module__nhead': 4, 'model__module__num_layers': 3, 'model__module__patch_size': 16, 'model__optimizer__weight_decay': 0.0001}",1.0,0.9005681818181819,0.894927536231884,0.5947712418300654,0.6950393060449986,0.817061253185026,0.14886594975584022,184,0.8623376623376624,0.8962385961941451,0.8836901053747763,0.8802096127077704,0.9197649472996922,0.8884481847828093,0.019045749637879777
143,1.7070279121398926,0.24795896303933532,0.024514198303222656,0.0031430742931061913,64,10,0.0002,500,128,384,0.25,4,3,32,0.0001,"{'model__batch_size': 64, 'model__callbacks__early_stopping__patience': 10, 'model__lr': 0.0002, 'model__max_epochs': 500, 'model__module__d_model': 128, 'model__module__dim_feedforward': 384, 'model__module__dropout': 0.25, 'model__module__nhead': 4, 'model__module__num_layers': 3, 'model__module__patch_size': 32, 'model__optimizer__weight_decay': 0.0001}",1.0,0.8526315789473684,0.8644226273959794,0.6446455505279034,0.6957403651115619,0.8114880243965625,0.12748769425969145,215,0.8813255709807434,0.9092658102153541,0.8626559956592512,0.9042782886845262,0.9081669691470053,0.8931385269373759,0.018323581934298713
144,11.55166573524475,2.6258254481661685,0.02450428009033203,0.0036076214994618704,128,10,3e-05,500,96,128,0.1,4,2,16,0.0001,"{'model__batch_size': 128, 'model__callbacks__early_stopping__patience': 10, 'model__lr': 3e-05, 'model__max_epochs': 500, 'model__module__d_model': 96, 'model__module__dim_feedforward': 128, 'model__module__dropout': 0.1, 'model__module__nhead': 4, 'model__module__num_layers': 2, 'model__module__patch_size': 16, 'model__optimizer__weight_decay': 0.0001}",1.0,0.8558682223747426,0.8101916783543712,0.7329888027562446,0.6822033898305084,0.8162504186631734,0.10979188491761606,185,0.8471153846153847,0.9298252955330055,0.8958333333333333,0.9224263633712453,0.9275002388002674,0.9045401231306472,0.031176379607146802
145,7.8754761695861815,1.350519627626203,0.023970413208007812,0.0034994698049527376,128,10,3e-05,500,96,128,0.1,4,2,32,0.0001,"{'model__batch_size': 128, 'model__callbacks__early_stopping__patience': 10, 'model__lr': 3e-05, 'model__max_epochs': 500, 'model__module__d_model': 96, 'model__module__dim_feedforward': 128, 'model__module__dropout': 0.1, 'model__module__nhead': 4, 'model__module__num_layers': 2, 'model__module__patch_size': 32, 'model__optimizer__weight_decay': 0.0001}",1.0,0.8489570846319827,0.8878143133462283,0.6820512820512821,0.6366486178398404,0.8110942595738667,0.13422988557400453,216,0.8302050354289161,0.9248564533577432,0.8789988968560397,0.8982013011863759,0.9037290715372908,0.8871981516732731,0.03202477595649202
146,13.76869969367981,3.9180271700755487,0.025145673751831056,0.0025520706058084867,128,10,3e-05,500,96,128,0.1,4,3,16,0.0001,"{'model__batch_size': 128, 'model__callbacks__early_stopping__patience': 10, 'model__lr': 3e-05, 'model__max_epochs': 500, 'model__module__d_model': 96, 'model__module__dim_feedforward': 128, 'model__module__dropout': 0.1, 'model__module__nhead': 4, 'model__module__num_layers': 3, 'model__module__patch_size': 16, 'model__optimizer__weight_decay': 0.0001}",1.0,0.9028677150786308,0.9439071566731141,0.7479674796747967,0.6666666666666667,0.8522818036186417,0.12498740940456199,5,0.8459446788560713,0.9131313131313131,0.8696911196911197,0.9176980198019802,0.9133561643835616,0.8919642591728092,0.028919815811470833
147,8.191761302947999,2.1102914234489285,0.023363494873046876,0.0024834277417555804,128,10,3e-05,500,96,128,0.1,4,3,32,0.0001,"{'model__batch_size': 128, 'model__callbacks__early_stopping__patience': 10, 'model__lr': 3e-05, 'model__max_epochs': 500, 'model__module__d_model': 96, 'model__module__dim_feedforward': 128, 'model__module__dropout': 0.1, 'model__module__nhead': 4, 'model__module__num_layers': 3, 'model__module__patch_size': 32, 'model__optimizer__weight_decay': 0.0001}",0.9794721407624634,0.834280303030303,0.9186535764375876,0.6820512820512821,0.6793958392704474,0.8187706283104166,0.12178640392287489,177,0.8318527918781726,0.8997033248081842,0.8666984456664226,0.8948450347881087,0.909630966480552,0.8805461127242878,0.028214124274930395
148,11.315981388092041,1.0823005078536578,0.023536205291748047,0.0018269716438581182,128,10,3e-05,500,96,128,0.25,4,2,16,0.0001,"{'model__batch_size': 128, 'model__callbacks__early_stopping__patience': 10, 'model__lr': 3e-05, 'model__max_epochs': 500, 'model__module__d_model': 96, 'model__module__dim_feedforward': 128, 'model__module__dropout': 0.25, 'model__module__nhead': 4, 'model__module__num_layers': 2, 'model__module__patch_size': 16, 'model__optimizer__weight_decay': 0.0001}",1.0,0.9028677150786308,0.894927536231884,0.6759581881533101,0.6366486178398404,0.8220804114607331,0.14087251416015958,157,0.8644912028181284,0.8758447536353176,0.8850848669538127,0.9093181818181818,0.9037290715372908,0.8876936153525463,0.01679470612722213
149,7.826963281631469,0.7945477996619945,0.022279071807861327,0.002907373613003801,128,10,3e-05,500,96,128,0.25,4,2,32,0.0001,"{'model__batch_size': 128, 'model__callbacks__early_stopping__patience': 10, 'model__lr': 3e-05, 'model__max_epochs': 500, 'model__module__d_model': 96, 'model__module__dim_feedforward': 128, 'model__module__dropout': 0.25, 'model__module__nhead': 4, 'model__module__num_layers': 2, 'model__module__patch_size': 32, 'model__optimizer__weight_decay': 0.0001}",1.0,0.8489570846319827,0.8546365914786966,0.6585067319461444,0.6027542372881356,0.7929709290689919,0.144264444604797,274,0.8671087089764307,0.8634920634920635,0.8748691189344135,0.913016715717391,0.9081669691470053,0.8853307152534609,0.021006771930201833
150,13.02657217979431,1.9277136580627354,0.025284290313720703,0.0029038599626972903,128,10,3e-05,500,96,128,0.25,4,3,16,0.0001,"{'model__batch_size': 128, 'model__callbacks__early_stopping__patience': 10, 'model__lr': 3e-05, 'model__max_epochs': 500, 'model__module__d_model': 96, 'model__module__dim_feedforward': 128, 'model__module__dropout': 0.25, 'model__module__nhead': 4, 'model__module__num_layers': 3, 'model__module__patch_size': 16, 'model__optimizer__weight_decay': 0.0001}",1.0,0.8526315789473684,0.9439071566731141,0.7035161744022503,0.6666666666666667,0.83334431533788,0.13038944926429297,85,0.8474211103062722,0.8866408620148551,0.8685765941172381,0.913016715717391,0.918499990525458,0.8868310545362428,0.02673954210818314
151,7.701405382156372,1.1054597176928127,0.027254009246826173,0.007514017212263623,128,10,3e-05,500,96,128,0.25,4,3,32,0.0001,"{'model__batch_size': 128, 'model__callbacks__early_stopping__patience': 10, 'model__lr': 3e-05, 'model__max_epochs': 500, 'model__module__d_model': 96, 'model__module__dim_feedforward': 128, 'model__module__dropout': 0.25, 'model__module__nhead': 4, 'model__module__num_layers': 3, 'model__module__patch_size': 32, 'model__optimizer__weight_decay': 0.0001}",1.0,0.8853801169590643,0.8878143133462283,0.6617858168245765,0.6793958392704474,0.8228752172800633,0.13117413173983034,149,0.8405622709620959,0.8926520762253474,0.8860009119927041,0.901740060270244,0.8993235177079189,0.884055767431662,0.02242856553186925
152,11.19308876991272,2.33856973818447,0.023614501953125,0.002544310618483664,128,10,3e-05,500,96,256,0.1,4,2,16,0.0001,"{'model__batch_size': 128, 'model__callbacks__early_stopping__patience': 10, 'model__lr': 3e-05, 'model__max_epochs': 500, 'model__module__d_model': 96, 'model__module__dim_feedforward': 256, 'model__module__dropout': 0.1, 'model__module__nhead': 4, 'model__module__num_layers': 2, 'model__module__patch_size': 16, 'model__optimizer__weight_decay': 0.0001}",1.0,0.9028677150786308,0.9439071566731141,0.7479674796747967,0.6666666666666667,0.8522818036186417,0.12498740940456199,5,0.8375773109711929,0.9190291871534679,0.8942780775975077,0.9185610409491006,0.9133561643835616,0.896560356210966,0.030838891311027114
153,6.948381853103638,0.7092740882205404,0.02320704460144043,0.0023951575577086034,128,10,3e-05,500,96,256,0.1,4,2,32,0.0001,"{'model__batch_size': 128, 'model__callbacks__early_stopping__patience': 10, 'model__lr': 3e-05, 'model__max_epochs': 500, 'model__module__d_model': 96, 'model__module__dim_feedforward': 256, 'model__module__dropout': 0.1, 'model__module__nhead': 4, 'model__module__num_layers': 2, 'model__module__patch_size': 32, 'model__optimizer__weight_decay': 0.0001}",0.9794721407624634,0.834280303030303,0.8317214700193424,0.6820512820512821,0.648711943793911,0.7952474279314604,0.11922976260643024,271,0.8824312333629104,0.8634718370975594,0.8738121202679545,0.9027833881547309,0.9178336039736364,0.8880664365713583,0.019710445407535363
154,11.9311514377594,2.604406320316742,0.026433992385864257,0.002333224159560579,128,10,3e-05,500,96,256,0.1,4,3,16,0.0001,"{'model__batch_size': 128, 'model__callbacks__early_stopping__patience': 10, 'model__lr': 3e-05, 'model__max_epochs': 500, 'model__module__d_model': 96, 'model__module__dim_feedforward': 256, 'model__module__dropout': 0.1, 'model__module__nhead': 4, 'model__module__num_layers': 3, 'model__module__patch_size': 16, 'model__optimizer__weight_decay': 0.0001}",1.0,0.8489570846319827,0.9439071566731141,0.7534090909090909,0.6950393060449986,0.8482625276518373,0.1137076673633879,14,0.8488472648990781,0.8866408620148551,0.8715893678110302,0.9185610409491006,0.9089117541166885,0.8869100579581506,0.025177099064998574
155,7.201127529144287,0.7194076466187694,0.02429642677307129,0.003335362762402192,128,10,3e-05,500,96,256,0.1,4,3,32,0.0001,"{'model__batch_size': 128, 'model__callbacks__early_stopping__patience': 10, 'model__lr': 3e-05, 'model__max_epochs': 500, 'model__module__d_model': 96, 'model__module__dim_feedforward': 256, 'model__module__dropout': 0.1, 'model__module__nhead': 4, 'model__module__num_layers': 3, 'model__module__patch_size': 32, 'model__optimizer__weight_decay': 0.0001}",1.0,0.8299319727891157,0.8317214700193424,0.7685902957220787,0.6822033898305084,0.8224894256722092,0.10414980961111446,152,0.8557064033686657,0.8681543309769184,0.8789988968560397,0.8960043787629994,0.91404952438472,0.8825827068698686,0.020560444041567174
156,11.045455694198608,1.3741235151383646,0.024580669403076173,0.0030553500535617202,128,10,3e-05,500,96,256,0.25,4,2,16,0.0001,"{'model__batch_size': 128, 'model__callbacks__early_stopping__patience': 10, 'model__lr': 3e-05, 'model__max_epochs': 500, 'model__module__d_model': 96, 'model__module__dim_feedforward': 256, 'model__module__dropout': 0.25, 'model__module__nhead': 4, 'model__module__num_layers': 2, 'model__module__patch_size': 16, 'model__optimizer__weight_decay': 0.0001}",1.0,0.8731884057971014,0.9439071566731141,0.7631501616220981,0.6666666666666667,0.8493824781517961,0.1208373742755556,11,0.8360056258790436,0.9022727272727273,0.8831593706184764,0.9185610409491006,0.9280882269342277,0.8936173983307152,0.03260007582639661
157,8.191619062423706,1.0392754292432027,0.02328968048095703,0.0016367147996049348,128,10,3e-05,500,96,256,0.25,4,2,32,0.0001,"{'model__batch_size': 128, 'model__callbacks__early_stopping__patience': 10, 'model__lr': 3e-05, 'model__max_epochs': 500, 'model__module__d_model': 96, 'model__module__dim_feedforward': 256, 'model__module__dropout': 0.25, 'model__module__nhead': 4, 'model__module__num_layers': 2, 'model__module__patch_size': 32, 'model__optimizer__weight_decay': 0.0001}",1.0,0.8674242424242424,0.8878143133462283,0.6820512820512821,0.6822033898305084,0.8238986455304523,0.12424942433441769,140,0.8695509489689875,0.866567367963756,0.88,0.901740060270244,0.91404952438472,0.8863815803175414,0.01853642773299725
158,10.900253248214721,1.2857175404016392,0.02568392753601074,0.0030018056956253826,128,10,3e-05,500,96,256,0.25,4,3,16,0.0001,"{'model__batch_size': 128, 'model__callbacks__early_stopping__patience': 10, 'model__lr': 3e-05, 'model__max_epochs': 500, 'model__module__d_model': 96, 'model__module__dim_feedforward': 256, 'model__module__dropout': 0.25, 'model__module__nhead': 4, 'model__module__num_layers': 3, 'model__module__patch_size': 16, 'model__optimizer__weight_decay': 0.0001}",1.0,0.8674242424242424,0.894927536231884,0.7839721254355401,0.6926229508196722,0.8477893709822677,0.10385072860684531,18,0.8611336983430007,0.8887931034482759,0.8644648699174327,0.8982013011863759,0.8976478067387158,0.8820481559267602,0.016101888132823934
159,7.862810134887695,0.8143035810110246,0.029338836669921875,0.008634032091352516,128,10,3e-05,500,96,256,0.25,4,3,32,0.0001,"{'model__batch_size': 128, 'model__callbacks__early_stopping__patience': 10, 'model__lr': 3e-05, 'model__max_epochs': 500, 'model__module__d_model': 96, 'model__module__dim_feedforward': 256, 'model__module__dropout': 0.25, 'model__module__nhead': 4, 'model__module__num_layers': 3, 'model__module__patch_size': 32, 'model__optimizer__weight_decay': 0.0001}",1.0,0.8704902867715079,0.8317214700193424,0.7479674796747967,0.6950393060449986,0.8290437085021292,0.10533905032649797,111,0.830899378293132,0.9007752565633667,0.8748691189344135,0.9027833881547309,0.9133561643835616,0.884536661265841,0.029656764080969015
160,11.235790395736695,3.3543141071617737,0.029224157333374023,0.008794725989407606,128,10,3e-05,500,96,384,0.1,4,2,16,0.0001,"{'model__batch_size': 128, 'model__callbacks__early_stopping__patience': 10, 'model__lr': 3e-05, 'model__max_epochs': 500, 'model__module__d_model': 96, 'model__module__dim_feedforward': 384, 'model__module__dropout': 0.1, 'model__module__nhead': 4, 'model__module__num_layers': 2, 'model__module__patch_size': 16, 'model__optimizer__weight_decay': 0.0001}",1.0,0.8381128584643849,0.9439071566731141,0.7416666666666667,0.642478813559322,0.8332330990726975,0.13027307266480237,86,0.8459446788560713,0.9190291871534679,0.8715893678110302,0.9120832118207447,0.918499990525458,0.8934292872333544,0.029541950020640577
161,6.689618110656738,1.5563400843422694,0.023151111602783204,0.002214827712627977,128,10,3e-05,500,96,384,0.1,4,2,32,0.0001,"{'model__batch_size': 128, 'model__callbacks__early_stopping__patience': 10, 'model__lr': 3e-05, 'model__max_epochs': 500, 'model__module__d_model': 96, 'model__module__dim_feedforward': 384, 'model__module__dropout': 0.1, 'model__module__nhead': 4, 'model__module__num_layers': 2, 'model__module__patch_size': 32, 'model__optimizer__weight_decay': 0.0001}",1.0,0.834280303030303,0.8546365914786966,0.7267117249485748,0.625,0.8081257238915149,0.12635373411218767,225,0.841743804120633,0.9044601711652402,0.8615384615384616,0.8902014742014741,0.8932243707796195,0.8782336563610856,0.02309120658652007
162,10.659584569931031,2.137102400814561,0.026812934875488283,0.003248172083253946,128,10,3e-05,500,96,384,0.1,4,3,16,0.0001,"{'model__batch_size': 128, 'model__callbacks__early_stopping__patience': 10, 'model__lr': 3e-05, 'model__max_epochs': 500, 'model__module__d_model': 96, 'model__module__dim_feedforward': 384, 'model__module__dropout': 0.1, 'model__module__nhead': 4, 'model__module__num_layers': 3, 'model__module__patch_size': 16, 'model__optimizer__weight_decay': 0.0001}",1.0,0.834280303030303,0.8878143133462283,0.7685902957220787,0.6950393060449986,0.8371448436287217,0.10391449616068968,66,0.8360056258790436,0.8914141414141414,0.8853422039776346,0.9111154791154792,0.9118944435845844,0.8871543787941766,0.027654401509917322
163,6.7622465133667,1.6461367602394017,0.02405991554260254,0.002374790661392434,128,10,3e-05,500,96,384,0.1,4,3,32,0.0001,"{'model__batch_size': 128, 'model__callbacks__early_stopping__patience': 10, 'model__lr': 3e-05, 'model__max_epochs': 500, 'model__module__d_model': 96, 'model__module__dim_feedforward': 384, 'model__module__dropout': 0.1, 'model__module__nhead': 4, 'model__module__num_layers': 3, 'model__module__patch_size': 32, 'model__optimizer__weight_decay': 0.0001}",1.0,0.8299319727891157,0.912781954887218,0.7479674796747967,0.6793958392704474,0.8340154493243157,0.114090477373204,81,0.8446886446886447,0.9092658102153541,0.88413807308742,0.8876756952403932,0.8888336994937435,0.8829203845451111,0.021046664462927505
164,12.170671892166137,4.239875190599949,0.024899911880493165,0.003043793520784473,128,10,3e-05,500,96,384,0.25,4,2,16,0.0001,"{'model__batch_size': 128, 'model__callbacks__early_stopping__patience': 10, 'model__lr': 3e-05, 'model__max_epochs': 500, 'model__module__d_model': 96, 'model__module__dim_feedforward': 384, 'model__module__dropout': 0.25, 'model__module__nhead': 4, 'model__module__num_layers': 2, 'model__module__patch_size': 16, 'model__optimizer__weight_decay': 0.0001}",1.0,0.8704902867715079,0.8878143133462283,0.6973873097904105,0.6666666666666667,0.8244717153149628,0.12489439689204879,135,0.8516348163630935,0.973009729051156,0.877963980251721,0.9120832118207447,0.918499990525458,0.9066383456024345,0.04104415472722433
165,6.991020011901855,1.0332296264562166,0.023052120208740236,0.001451028349935532,128,10,3e-05,500,96,384,0.25,4,2,32,0.0001,"{'model__batch_size': 128, 'model__callbacks__early_stopping__patience': 10, 'model__lr': 3e-05, 'model__max_epochs': 500, 'model__module__d_model': 96, 'model__module__dim_feedforward': 384, 'model__module__dropout': 0.25, 'model__module__nhead': 4, 'model__module__num_layers': 2, 'model__module__patch_size': 32, 'model__optimizer__weight_decay': 0.0001}",1.0,0.8853801169590643,0.8546365914786966,0.6820512820512821,0.625,0.8094135980978086,0.13738176183203096,221,0.8405622709620959,0.8805555555555555,0.88413807308742,0.8902014742014741,0.8932243707796195,0.8777363489172331,0.01911073122513587
166,9.139145851135254,4.035707639684418,0.027028703689575197,0.0032078726926665128,128,10,3e-05,500,96,384,0.25,4,3,16,0.0001,"{'model__batch_size': 128, 'model__callbacks__early_stopping__patience': 10, 'model__lr': 3e-05, 'model__max_epochs': 500, 'model__module__d_model': 96, 'model__module__dim_feedforward': 384, 'model__module__dropout': 0.25, 'model__module__nhead': 4, 'model__module__num_layers': 3, 'model__module__patch_size': 16, 'model__optimizer__weight_decay': 0.0001}",1.0,0.8558682223747426,0.44761904761904764,0.7035161744022503,0.6366486178398404,0.7287304124471763,0.18862111545534033,286,0.8390954755377285,0.8949938949938949,0.4206008583690987,0.913016715717391,0.9065967162149033,0.7948607321666032,0.18894421533030653
167,6.592709970474243,1.527159795829898,0.023766469955444337,0.0029785871176537947,128,10,3e-05,500,96,384,0.25,4,3,32,0.0001,"{'model__batch_size': 128, 'model__callbacks__early_stopping__patience': 10, 'model__lr': 3e-05, 'model__max_epochs': 500, 'model__module__d_model': 96, 'model__module__dim_feedforward': 384, 'model__module__dropout': 0.25, 'model__module__nhead': 4, 'model__module__num_layers': 3, 'model__module__patch_size': 32, 'model__optimizer__weight_decay': 0.0001}",1.0,0.8674242424242424,0.8878143133462283,0.7329888027562446,0.6697746697746698,0.831600405660277,0.11722934026413355,97,0.8228257530583112,0.8914141414141414,0.8696911196911197,0.901740060270244,0.9229832572298327,0.8817308663327298,0.03409006096247107
168,9.676560735702514,1.6564463848070572,0.028690624237060546,0.010217749136852753,128,10,3e-05,500,128,128,0.1,4,2,16,0.0001,"{'model__batch_size': 128, 'model__callbacks__early_stopping__patience': 10, 'model__lr': 3e-05, 'model__max_epochs': 500, 'model__module__d_model': 128, 'model__module__dim_feedforward': 128, 'model__module__dropout': 0.1, 'model__module__nhead': 4, 'model__module__num_layers': 2, 'model__module__patch_size': 16, 'model__optimizer__weight_decay': 0.0001}",1.0,0.9048913043478262,0.9709273182957393,0.7119628339140535,0.613716454323665,0.8402995821762568,0.15136059873814497,51,0.8683508436217777,0.9190291871534679,0.8696911196911197,0.913016715717391,0.9147191011235956,0.8969613934614703,0.02290121597744076
169,6.575836277008056,0.2299478697391194,0.02416396141052246,0.0033905824554876286,128,10,3e-05,500,128,128,0.1,4,2,32,0.0001,"{'model__batch_size': 128, 'model__callbacks__early_stopping__patience': 10, 'model__lr': 3e-05, 'model__max_epochs': 500, 'model__module__d_model': 128, 'model__module__dim_feedforward': 128, 'model__module__dropout': 0.1, 'model__module__nhead': 4, 'model__module__num_layers': 2, 'model__module__patch_size': 32, 'model__optimizer__weight_decay': 0.0001}",1.0,0.8011363636363636,0.8878143133462283,0.6585067319461444,0.6697746697746698,0.8034464157406813,0.1301016814498199,241,0.8432416444838805,0.9092658102153541,0.8942780775975077,0.8925500605920711,0.9431460674157304,0.8964963320609087,0.032236044550499054
170,10.34590196609497,2.1844001425438813,0.02576026916503906,0.00220301034428542,128,10,3e-05,500,128,128,0.1,4,3,16,0.0001,"{'model__batch_size': 128, 'model__callbacks__early_stopping__patience': 10, 'model__lr': 3e-05, 'model__max_epochs': 500, 'model__module__d_model': 128, 'model__module__dim_feedforward': 128, 'model__module__dropout': 0.1, 'model__module__nhead': 4, 'model__module__num_layers': 3, 'model__module__patch_size': 16, 'model__optimizer__weight_decay': 0.0001}",1.0,0.8381128584643849,0.9186535764375876,0.7534090909090909,0.6027542372881356,0.8225859526198398,0.1371548312096449,151,0.8459446788560713,0.8962385961941451,0.8789988968560397,0.9006584766584766,0.9081669691470053,0.8860015235423475,0.02220143462350072
171,6.052521133422852,0.6273831822738631,0.023575353622436523,0.0020064106332333613,128,10,3e-05,500,128,128,0.1,4,3,32,0.0001,"{'model__batch_size': 128, 'model__callbacks__early_stopping__patience': 10, 'model__lr': 3e-05, 'model__max_epochs': 500, 'model__module__d_model': 128, 'model__module__dim_feedforward': 128, 'model__module__dropout': 0.1, 'model__module__nhead': 4, 'model__module__num_layers': 3, 'model__module__patch_size': 32, 'model__optimizer__weight_decay': 0.0001}",1.0,0.8704902867715079,0.9186535764375876,0.7047619047619047,0.6793958392704474,0.8346603214482895,0.1238196435836627,75,0.8488472648990781,0.9190291871534679,0.8615384615384616,0.8856048166392994,0.9089117541166885,0.8847862968693991,0.026785664313395022
172,9.932055902481078,1.326129654952416,0.0250699520111084,0.0018559979512790946,128,10,3e-05,500,128,128,0.25,4,2,16,0.0001,"{'model__batch_size': 128, 'model__callbacks__early_stopping__patience': 10, 'model__lr': 3e-05, 'model__max_epochs': 500, 'model__module__d_model': 128, 'model__module__dim_feedforward': 128, 'model__module__dropout': 0.25, 'model__module__nhead': 4, 'model__module__num_layers': 2, 'model__module__patch_size': 16, 'model__optimizer__weight_decay': 0.0001}",1.0,0.8878975062914665,0.9186535764375876,0.7534090909090909,0.6950393060449986,0.8509998959366287,0.11134375238098171,8,0.8543956043956045,0.8974369703943927,0.8707692307692307,0.9083811710677383,0.9235995772308622,0.8909165107715656,0.02512131795965581
173,6.9994469165802,0.45423543408633305,0.022825098037719725,0.0028714358958483815,128,10,3e-05,500,128,128,0.25,4,2,32,0.0001,"{'model__batch_size': 128, 'model__callbacks__early_stopping__patience': 10, 'model__lr': 3e-05, 'model__max_epochs': 500, 'model__module__d_model': 128, 'model__module__dim_feedforward': 128, 'model__module__dropout': 0.25, 'model__module__nhead': 4, 'model__module__num_layers': 2, 'model__module__patch_size': 32, 'model__optimizer__weight_decay': 0.0001}",1.0,0.8153919923279789,0.9395833333333333,0.7047619047619047,0.6697746697746698,0.8259023800395774,0.12837031224591794,127,0.8486751941525811,0.8974369703943927,0.8666984456664226,0.9442995564523805,0.9431460674157304,0.9000512468163017,0.03891996670400982
174,10.22162389755249,2.255019858144711,0.02717103958129883,0.003535779895621457,128,10,3e-05,500,128,128,0.25,4,3,16,0.0001,"{'model__batch_size': 128, 'model__callbacks__early_stopping__patience': 10, 'model__lr': 3e-05, 'model__max_epochs': 500, 'model__module__d_model': 128, 'model__module__dim_feedforward': 128, 'model__module__dropout': 0.25, 'model__module__nhead': 4, 'model__module__num_layers': 3, 'model__module__patch_size': 16, 'model__optimizer__weight_decay': 0.0001}",1.0,0.8381128584643849,0.9186535764375876,0.7479674796747967,0.6366486178398404,0.828276506483322,0.1272198996323116,114,0.853039041703638,0.8962385961941451,0.8789988968560397,0.9083811710677383,0.9037290715372908,0.8880773554717705,0.02016893074127093
175,6.998854684829712,0.5747519751034883,0.024224853515625,0.0021619582238245794,128,10,3e-05,500,128,128,0.25,4,3,32,0.0001,"{'model__batch_size': 128, 'model__callbacks__early_stopping__patience': 10, 'model__lr': 3e-05, 'model__max_epochs': 500, 'model__module__d_model': 128, 'model__module__dim_feedforward': 128, 'model__module__dropout': 0.25, 'model__module__nhead': 4, 'model__module__num_layers': 3, 'model__module__patch_size': 32, 'model__optimizer__weight_decay': 0.0001}",1.0,0.8526315789473684,0.8878143133462283,0.7119628339140535,0.6366486178398404,0.8178114688094981,0.12909640683712545,180,0.8569732297063903,0.8997033248081842,0.8575052350227277,0.913016715717391,0.909630966480552,0.887365894347049,0.024985128791780716
176,9.024679327011109,0.9842778327536357,0.024537134170532226,0.0025521464938905265,128,10,3e-05,500,128,256,0.1,4,2,16,0.0001,"{'model__batch_size': 128, 'model__callbacks__early_stopping__patience': 10, 'model__lr': 3e-05, 'model__max_epochs': 500, 'model__module__d_model': 128, 'model__module__dim_feedforward': 256, 'model__module__dropout': 0.1, 'model__module__nhead': 4, 'model__module__num_layers': 2, 'model__module__patch_size': 16, 'model__optimizer__weight_decay': 0.0001}",1.0,0.9048913043478262,0.912781954887218,0.7181818181818183,0.648711943793911,0.8369134042421547,0.13152281082678927,67,0.8516348163630935,0.9022727272727273,0.8831593706184764,0.9176980198019802,0.91404952438472,0.8937628916881994,0.024265467295464124
177,6.212909746170044,1.0864847963228943,0.023730659484863283,0.0029850329360795957,128,10,3e-05,500,128,256,0.1,4,2,32,0.0001,"{'model__batch_size': 128, 'model__callbacks__early_stopping__patience': 10, 'model__lr': 3e-05, 'model__max_epochs': 500, 'model__module__d_model': 128, 'model__module__dim_feedforward': 256, 'model__module__dropout': 0.1, 'model__module__nhead': 4, 'model__module__num_layers': 2, 'model__module__patch_size': 32, 'model__optimizer__weight_decay': 0.0001}",1.0,0.8526315789473684,0.8878143133462283,0.7119628339140535,0.642478813559322,0.8189775079533945,0.12747091784440895,176,0.8572649096413514,0.9048899490404423,0.8626559956592512,0.8889617747033216,0.9235995772308622,0.8874744412550457,0.02505637070124485
178,9.787105989456176,1.076186938771483,0.028177499771118164,0.004220424292206945,128,10,3e-05,500,128,256,0.1,4,3,16,0.0001,"{'model__batch_size': 128, 'model__callbacks__early_stopping__patience': 10, 'model__lr': 3e-05, 'model__max_epochs': 500, 'model__module__d_model': 128, 'model__module__dim_feedforward': 256, 'model__module__dropout': 0.1, 'model__module__nhead': 4, 'model__module__num_layers': 3, 'model__module__patch_size': 16, 'model__optimizer__weight_decay': 0.0001}",1.0,0.8526315789473684,0.9186535764375876,0.7685902957220787,0.6366486178398404,0.835304813789375,0.1251294118078338,73,0.8252747252747252,0.9022727272727273,0.8758916563101176,0.9176980198019802,0.9126381215469613,0.8867550500413023,0.03395892439874533
179,6.531765127182007,0.8228062911446675,0.024193286895751953,0.002448427727040554,128,10,3e-05,500,128,256,0.1,4,3,32,0.0001,"{'model__batch_size': 128, 'model__callbacks__early_stopping__patience': 10, 'model__lr': 3e-05, 'model__max_epochs': 500, 'model__module__d_model': 128, 'model__module__dim_feedforward': 256, 'model__module__dropout': 0.1, 'model__module__nhead': 4, 'model__module__num_layers': 3, 'model__module__patch_size': 32, 'model__optimizer__weight_decay': 0.0001}",1.0,0.8102981029810298,0.9186535764375876,0.6973873097904105,0.6697746697746698,0.8192227317967398,0.12635280437104426,173,0.8932234432234432,0.9248564533577432,0.8831593706184764,0.913016715717391,0.9037290715372908,0.9035970108908689,0.014601508272023531
180,9.950945186614991,2.7401142707005364,0.026527261734008788,0.004522623088820021,128,10,3e-05,500,128,256,0.25,4,2,16,0.0001,"{'model__batch_size': 128, 'model__callbacks__early_stopping__patience': 10, 'model__lr': 3e-05, 'model__max_epochs': 500, 'model__module__d_model': 128, 'model__module__dim_feedforward': 256, 'model__module__dropout': 0.25, 'model__module__nhead': 4, 'model__module__num_layers': 2, 'model__module__patch_size': 16, 'model__optimizer__weight_decay': 0.0001}",1.0,0.8704902867715079,0.912781954887218,0.7479674796747967,0.6366486178398404,0.8335776678346727,0.1276263360096662,82,0.855883731833099,0.9298252955330055,0.8883066740209598,0.913016715717391,0.9133561643835616,0.9000777162976034,0.025769435612953067
181,6.958501625061035,0.757682852982129,0.02422637939453125,0.002388218832202957,128,10,3e-05,500,128,256,0.25,4,2,32,0.0001,"{'model__batch_size': 128, 'model__callbacks__early_stopping__patience': 10, 'model__lr': 3e-05, 'model__max_epochs': 500, 'model__module__d_model': 128, 'model__module__dim_feedforward': 256, 'model__module__dropout': 0.25, 'model__module__nhead': 4, 'model__module__num_layers': 2, 'model__module__patch_size': 32, 'model__optimizer__weight_decay': 0.0001}",1.0,0.8381128584643849,0.9395833333333333,0.7416666666666667,0.6822033898305084,0.8403132496589787,0.11839689656374942,50,0.8714168408480143,0.9102608695652175,0.88,0.9083811710677383,0.9280882269342277,0.8996294216830396,0.02088438799999899
182,10.024982070922851,1.7902852594200194,0.026811599731445312,0.0024767168309687516,128,10,3e-05,500,128,256,0.25,4,3,16,0.0001,"{'model__batch_size': 128, 'model__callbacks__early_stopping__patience': 10, 'model__lr': 3e-05, 'model__max_epochs': 500, 'model__module__d_model': 128, 'model__module__dim_feedforward': 256, 'model__module__dropout': 0.25, 'model__module__nhead': 4, 'model__module__num_layers': 3, 'model__module__patch_size': 16, 'model__optimizer__weight_decay': 0.0001}",1.0,0.834280303030303,0.9439071566731141,0.7329888027562446,0.6793958392704474,0.8381144203460218,0.12137275465881513,62,0.830945891086238,0.8926520762253474,0.877963980251721,0.913016715717391,0.9037290715372908,0.8836615469635977,0.02883284145727691
183,5.541058874130249,2.5430598684635917,0.024373722076416016,0.002112473952203431,128,10,3e-05,500,128,256,0.25,4,3,32,0.0001,"{'model__batch_size': 128, 'model__callbacks__early_stopping__patience': 10, 'model__lr': 3e-05, 'model__max_epochs': 500, 'model__module__d_model': 128, 'model__module__dim_feedforward': 256, 'model__module__dropout': 0.25, 'model__module__nhead': 4, 'model__module__num_layers': 3, 'model__module__patch_size': 32, 'model__optimizer__weight_decay': 0.0001}",0.42727272727272725,0.7959183673469388,0.894927536231884,0.7119628339140535,0.7086247086247086,0.7077412346780625,0.15588143204859464,288,0.42139737991266374,0.8832290980908493,0.8615384615384616,0.8925500605920711,0.9522497357692888,0.802192947180667,0.1927565613022089
184,8.671144199371337,0.7118538056640199,0.025121450424194336,0.0020822642551753304,128,10,3e-05,500,128,384,0.1,4,2,16,0.0001,"{'model__batch_size': 128, 'model__callbacks__early_stopping__patience': 10, 'model__lr': 3e-05, 'model__max_epochs': 500, 'model__module__d_model': 128, 'model__module__dim_feedforward': 384, 'model__module__dropout': 0.1, 'model__module__nhead': 4, 'model__module__num_layers': 2, 'model__module__patch_size': 16, 'model__optimizer__weight_decay': 0.0001}",1.0,0.8731884057971014,0.9439071566731141,0.7181818181818183,0.6366486178398404,0.8343851996983748,0.1367713359026981,77,0.833444247264123,0.8914141414141414,0.8768939393939394,0.9139174963354971,0.9037290715372908,0.8838797791889984,0.028091174095890174
185,5.939883422851563,0.8448422910801513,0.024352359771728515,0.002483232315194858,128,10,3e-05,500,128,384,0.1,4,2,32,0.0001,"{'model__batch_size': 128, 'model__callbacks__early_stopping__patience': 10, 'model__lr': 3e-05, 'model__max_epochs': 500, 'model__module__d_model': 128, 'model__module__dim_feedforward': 384, 'model__module__dropout': 0.1, 'model__module__nhead': 4, 'model__module__num_layers': 2, 'model__module__patch_size': 32, 'model__optimizer__weight_decay': 0.0001}",1.0,0.8299319727891157,0.912781954887218,0.6902732882750514,0.6793958392704474,0.8224766110443665,0.12463949372031473,153,0.8598880563000237,0.9082330787739303,0.8892307692307693,0.8891666666666667,0.9191434963247044,0.8931324134592188,0.02020269181578655
186,9.027252292633056,1.3638929210301414,0.027168416976928712,0.0025660807370455558,128,10,3e-05,500,128,384,0.1,4,3,16,0.0001,"{'model__batch_size': 128, 'model__callbacks__early_stopping__patience': 10, 'model__lr': 3e-05, 'model__max_epochs': 500, 'model__module__d_model': 128, 'model__module__dim_feedforward': 384, 'model__module__dropout': 0.1, 'model__module__nhead': 4, 'model__module__num_layers': 3, 'model__module__patch_size': 16, 'model__optimizer__weight_decay': 0.0001}",1.0,0.9028677150786308,0.9186535764375876,0.7181818181818183,0.6950393060449986,0.846948483148607,0.11945760738329068,22,0.8528437080161217,0.8926520762253474,0.8677610579115367,0.9168035030103996,0.9081669691470053,0.887645462862082,0.024095399575262764
187,6.582272624969482,1.013573755793283,0.02612648010253906,0.00437883082588267,128,10,3e-05,500,128,384,0.1,4,3,32,0.0001,"{'model__batch_size': 128, 'model__callbacks__early_stopping__patience': 10, 'model__lr': 3e-05, 'model__max_epochs': 500, 'model__module__d_model': 128, 'model__module__dim_feedforward': 384, 'model__module__dropout': 0.1, 'model__module__nhead': 4, 'model__module__num_layers': 3, 'model__module__patch_size': 32, 'model__optimizer__weight_decay': 0.0001}",1.0,0.8299319727891157,0.9186535764375876,0.7329888027562446,0.6543778801843317,0.827190446433456,0.12407602076620282,121,0.8543956043956045,0.8866408620148551,0.8758916563101176,0.9168035030103996,0.9037290715372908,0.8874921394536536,0.021695485762408404
188,8.48750081062317,1.1531938237693613,0.026090669631958007,0.0023344031335947707,128,10,3e-05,500,128,384,0.25,4,2,16,0.0001,"{'model__batch_size': 128, 'model__callbacks__early_stopping__patience': 10, 'model__lr': 3e-05, 'model__max_epochs': 500, 'model__module__d_model': 128, 'model__module__dim_feedforward': 384, 'model__module__dropout': 0.25, 'model__module__nhead': 4, 'model__module__num_layers': 2, 'model__module__patch_size': 16, 'model__optimizer__weight_decay': 0.0001}",1.0,0.8731884057971014,0.9439071566731141,0.7329888027562446,0.6666666666666667,0.8433502063786253,0.12564862820845565,38,0.8486751941525811,0.8974369703943927,0.8696911196911197,0.9139174963354971,0.9133561643835616,0.8886153889914304,0.025626041574225152
189,6.897242069244385,1.0731791168052336,0.025525569915771484,0.0036075453803606447,128,10,3e-05,500,128,384,0.25,4,2,32,0.0001,"{'model__batch_size': 128, 'model__callbacks__early_stopping__patience': 10, 'model__lr': 3e-05, 'model__max_epochs': 500, 'model__module__d_model': 128, 'model__module__dim_feedforward': 384, 'model__module__dropout': 0.25, 'model__module__nhead': 4, 'model__module__num_layers': 2, 'model__module__patch_size': 32, 'model__optimizer__weight_decay': 0.0001}",1.0,0.8901098901098901,0.912781954887218,0.6585067319461444,0.6543778801843317,0.8231552914255168,0.140985723194205,142,0.8695509489689875,0.9022727272727273,0.8685765941172381,0.8925500605920711,0.9381685560130093,0.8942237773928067,0.02555487023046284
190,9.591753339767456,1.5336065890958746,0.027719926834106446,0.0035277364930175565,128,10,3e-05,500,128,384,0.25,4,3,16,0.0001,"{'model__batch_size': 128, 'model__callbacks__early_stopping__patience': 10, 'model__lr': 3e-05, 'model__max_epochs': 500, 'model__module__d_model': 128, 'model__module__dim_feedforward': 384, 'model__module__dropout': 0.25, 'model__module__nhead': 4, 'model__module__num_layers': 3, 'model__module__patch_size': 16, 'model__optimizer__weight_decay': 0.0001}",1.0,0.8526315789473684,0.9186535764375876,0.6829545454545455,0.6366486178398404,0.8181776637358684,0.13826057246578907,179,0.841743804120633,0.8819172838478821,0.8538629419467482,0.8971225247524752,0.9037290715372908,0.8756751252410059,0.02413746169632992
191,5.762903070449829,2.5201868441572066,0.023844099044799803,0.0022615538566536715,128,10,3e-05,500,128,384,0.25,4,3,32,0.0001,"{'model__batch_size': 128, 'model__callbacks__early_stopping__patience': 10, 'model__lr': 3e-05, 'model__max_epochs': 500, 'model__module__d_model': 128, 'model__module__dim_feedforward': 384, 'model__module__dropout': 0.25, 'model__module__nhead': 4, 'model__module__num_layers': 3, 'model__module__patch_size': 32, 'model__optimizer__weight_decay': 0.0001}",0.42727272727272725,0.8526315789473684,0.894927536231884,0.7479674796747967,0.6822033898305084,0.7210005423914569,0.16497623653051088,287,0.42516268980477223,0.9092658102153541,0.8647836538461539,0.8913969087197433,0.9191434963247044,0.8019505117821456,0.18929790984636252
192,4.544347858428955,1.1763340222880823,0.02469768524169922,0.0021236934453482082,128,10,0.0001,500,96,128,0.1,4,2,16,0.0001,"{'model__batch_size': 128, 'model__callbacks__early_stopping__patience': 10, 'model__lr': 0.0001, 'model__max_epochs': 500, 'model__module__d_model': 96, 'model__module__dim_feedforward': 128, 'model__module__dropout': 0.1, 'model__module__nhead': 4, 'model__module__num_layers': 2, 'model__module__patch_size': 16, 'model__optimizer__weight_decay': 0.0001}",1.0,0.8704902867715079,0.9439071566731141,0.6678571428571429,0.6543778801843317,0.8273264932972193,0.14185344589733528,120,0.8516348163630935,0.944396551724138,0.8626559956592512,0.8913969087197433,0.91404952438472,0.8928267593701893,0.03381994932809639
193,3.1022737979888917,0.3844827846090086,0.022818708419799806,0.002212025757822001,128,10,0.0001,500,96,128,0.1,4,2,32,0.0001,"{'model__batch_size': 128, 'model__callbacks__early_stopping__patience': 10, 'model__lr': 0.0001, 'model__max_epochs': 500, 'model__module__d_model': 96, 'model__module__dim_feedforward': 128, 'model__module__dropout': 0.1, 'model__module__nhead': 4, 'model__module__num_layers': 2, 'model__module__patch_size': 32, 'model__optimizer__weight_decay': 0.0001}",0.9794721407624634,0.8853801169590643,0.8546365914786966,0.6759581881533101,0.6666666666666667,0.8124227408040403,0.12237458660096098,207,0.8293436861763785,0.8974369703943927,0.8615384615384616,0.9037901429632027,0.9133561643835616,0.8810930850911994,0.031252420381816214
194,4.351128196716308,0.6498170308727143,0.02577056884765625,0.00294121967779349,128,10,0.0001,500,96,128,0.1,4,3,16,0.0001,"{'model__batch_size': 128, 'model__callbacks__early_stopping__patience': 10, 'model__lr': 0.0001, 'model__max_epochs': 500, 'model__module__d_model': 96, 'model__module__dim_feedforward': 128, 'model__module__dropout': 0.1, 'model__module__nhead': 4, 'model__module__num_layers': 3, 'model__module__patch_size': 16, 'model__optimizer__weight_decay': 0.0001}",1.0,0.8853801169590643,0.9186535764375876,0.7839721254355401,0.6950393060449986,0.8566090249754381,0.10641350202732225,1,0.8543956043956045,0.8879165890895551,0.8696911196911197,0.9111154791154792,0.91404952438472,0.8874336633352957,0.023133425465334517
195,3.009523105621338,0.5846799318227897,0.02419900894165039,0.003066245250857658,128,10,0.0001,500,96,128,0.1,4,3,32,0.0001,"{'model__batch_size': 128, 'model__callbacks__early_stopping__patience': 10, 'model__lr': 0.0001, 'model__max_epochs': 500, 'model__module__d_model': 96, 'model__module__dim_feedforward': 128, 'model__module__dropout': 0.1, 'model__module__nhead': 4, 'model__module__num_layers': 3, 'model__module__patch_size': 32, 'model__optimizer__weight_decay': 0.0001}",1.0,0.8489570846319827,0.8725274725274725,0.7329888027562446,0.625,0.81589467198314,0.12767875937341325,189,0.8572649096413514,0.9121028873179458,0.8666984456664226,0.8995368437791957,0.9275002388002674,0.8926206650410367,0.02670567758361007
196,4.362667036056519,0.39691829893457203,0.025745964050292967,0.005017576974319468,128,10,0.0001,500,96,128,0.25,4,2,16,0.0001,"{'model__batch_size': 128, 'model__callbacks__early_stopping__patience': 10, 'model__lr': 0.0001, 'model__max_epochs': 500, 'model__module__d_model': 96, 'model__module__dim_feedforward': 128, 'model__module__dropout': 0.25, 'model__module__nhead': 4, 'model__module__num_layers': 2, 'model__module__patch_size': 16, 'model__optimizer__weight_decay': 0.0001}",1.0,0.8704902867715079,0.9186535764375876,0.6340478409443927,0.6543778801843317,0.8155139168675639,0.14600689334584027,190,0.8615258286055538,0.8879165890895551,0.8707692307692307,0.8971225247524752,0.909630966480552,0.8853930279394733,0.01740646873324381
197,3.234518575668335,0.3891781980528339,0.02690854072570801,0.00836906472526745,128,10,0.0001,500,96,128,0.25,4,2,32,0.0001,"{'model__batch_size': 128, 'model__callbacks__early_stopping__patience': 10, 'model__lr': 0.0001, 'model__max_epochs': 500, 'model__module__d_model': 96, 'model__module__dim_feedforward': 128, 'model__module__dropout': 0.25, 'model__module__nhead': 4, 'model__module__num_layers': 2, 'model__module__patch_size': 32, 'model__optimizer__weight_decay': 0.0001}",1.0,0.8489570846319827,0.7705494505494506,0.6678571428571429,0.6366486178398404,0.7848024591756834,0.13134284412222888,278,0.8277335116361138,0.8758447536353176,0.9034712882412026,0.8971225247524752,0.8844748858447489,0.8777293928219716,0.026785744053071096
198,5.1232593059539795,2.3318860632122407,0.02516927719116211,0.0024192353950003636,128,10,0.0001,500,96,128,0.25,4,3,16,0.0001,"{'model__batch_size': 128, 'model__callbacks__early_stopping__patience': 10, 'model__lr': 0.0001, 'model__max_epochs': 500, 'model__module__d_model': 96, 'model__module__dim_feedforward': 128, 'model__module__dropout': 0.25, 'model__module__nhead': 4, 'model__module__num_layers': 3, 'model__module__patch_size': 16, 'model__optimizer__weight_decay': 0.0001}",1.0,0.8704902867715079,0.9186535764375876,0.7631501616220981,0.6950393060449986,0.8494666661752385,0.1088002337149056,10,0.8459446788560713,0.957060830490139,0.8603833425261996,0.8948450347881087,0.909630966480552,0.8935729706282143,0.039141260374572516
199,3.0706009387969972,0.5072465060781626,0.024499225616455077,0.0042508827557173065,128,10,0.0001,500,96,128,0.25,4,3,32,0.0001,"{'model__batch_size': 128, 'model__callbacks__early_stopping__patience': 10, 'model__lr': 0.0001, 'model__max_epochs': 500, 'model__module__d_model': 96, 'model__module__dim_feedforward': 128, 'model__module__dropout': 0.25, 'model__module__nhead': 4, 'model__module__num_layers': 3, 'model__module__patch_size': 32, 'model__optimizer__weight_decay': 0.0001}",1.0,0.8853801169590643,0.8725274725274725,0.6585067319461444,0.6543778801843317,0.8141584403234026,0.13621588612594282,201,0.8543956043956045,0.9082330787739303,0.8656001647814071,0.8692874692874692,0.9089117541166885,0.8812856142710199,0.022814166150641968
200,4.585977554321289,1.3023410014625816,0.024062967300415038,0.002497853706448243,128,10,0.0001,500,96,256,0.1,4,2,16,0.0001,"{'model__batch_size': 128, 'model__callbacks__early_stopping__patience': 10, 'model__lr': 0.0001, 'model__max_epochs': 500, 'model__module__d_model': 96, 'model__module__dim_feedforward': 256, 'model__module__dropout': 0.1, 'model__module__nhead': 4, 'model__module__num_layers': 2, 'model__module__patch_size': 16, 'model__optimizer__weight_decay': 0.0001}",1.0,0.8526315789473684,0.8878143133462283,0.6973873097904105,0.6666666666666667,0.8208999737501348,0.12377765079933288,161,0.8379029936672424,0.9463260381126737,0.8789988968560397,0.8992424242424242,0.9191434963247044,0.8963227698406169,0.03672226463688682
201,3.034680986404419,0.5520334946095222,0.02246241569519043,0.001991196388649884,128,10,0.0001,500,96,256,0.1,4,2,32,0.0001,"{'model__batch_size': 128, 'model__callbacks__early_stopping__patience': 10, 'model__lr': 0.0001, 'model__max_epochs': 500, 'model__module__d_model': 96, 'model__module__dim_feedforward': 256, 'model__module__dropout': 0.1, 'model__module__nhead': 4, 'model__module__num_layers': 2, 'model__module__patch_size': 32, 'model__optimizer__weight_decay': 0.0001}",1.0,0.8102981029810298,0.912781954887218,0.7534090909090909,0.648711943793911,0.82504021851425,0.12226982155668467,132,0.8502251636310598,0.9469223173140224,0.877963980251721,0.901740060270244,0.9133561643835616,0.8980415371701218,0.03264065384615894
202,4.837814569473267,1.435275789713656,0.025997447967529296,0.0029273052770157847,128,10,0.0001,500,96,256,0.1,4,3,16,0.0001,"{'model__batch_size': 128, 'model__callbacks__early_stopping__patience': 10, 'model__lr': 0.0001, 'model__max_epochs': 500, 'model__module__d_model': 96, 'model__module__dim_feedforward': 256, 'model__module__dropout': 0.1, 'model__module__nhead': 4, 'model__module__num_layers': 3, 'model__module__patch_size': 16, 'model__optimizer__weight_decay': 0.0001}",1.0,0.8853801169590643,0.9186535764375876,0.7631501616220981,0.6822033898305084,0.8498774489698517,0.11328158539725139,9,0.8277335116361138,0.8974369703943927,0.8470622564753943,0.8971225247524752,0.9133561643835616,0.8765422855283875,0.03306588665185377
203,2.655390405654907,0.2854965280267645,0.023218441009521484,0.0026872273162190457,128,10,0.0001,500,96,256,0.1,4,3,32,0.0001,"{'model__batch_size': 128, 'model__callbacks__early_stopping__patience': 10, 'model__lr': 0.0001, 'model__max_epochs': 500, 'model__module__d_model': 96, 'model__module__dim_feedforward': 256, 'model__module__dropout': 0.1, 'model__module__nhead': 4, 'model__module__num_layers': 3, 'model__module__patch_size': 32, 'model__optimizer__weight_decay': 0.0001}",1.0,0.8489570846319827,0.8644226273959794,0.7194570135746606,0.6822033898305084,0.8230080230866262,0.11336969564590553,147,0.830899378293132,0.8914141414141414,0.8626559956592512,0.8843295382669196,0.9037290715372908,0.874605625034147,0.02560580205367669
204,4.379204893112183,0.45891290171694743,0.02501363754272461,0.0022620352540658624,128,10,0.0001,500,96,256,0.25,4,2,16,0.0001,"{'model__batch_size': 128, 'model__callbacks__early_stopping__patience': 10, 'model__lr': 0.0001, 'model__max_epochs': 500, 'model__module__d_model': 96, 'model__module__dim_feedforward': 256, 'model__module__dropout': 0.25, 'model__module__nhead': 4, 'model__module__num_layers': 2, 'model__module__patch_size': 16, 'model__optimizer__weight_decay': 0.0001}",1.0,0.8558682223747426,0.9186535764375876,0.7534090909090909,0.642478813559322,0.8340819406561486,0.12520037784758808,79,0.8474211103062722,0.8985911996524545,0.8603833425261996,0.8992424242424242,0.9191434963247044,0.8849563146104108,0.026726350036241863
205,2.8540677070617675,0.2119589597718694,0.022773218154907227,0.0020685391548272867,128,10,0.0001,500,96,256,0.25,4,2,32,0.0001,"{'model__batch_size': 128, 'model__callbacks__early_stopping__patience': 10, 'model__lr': 0.0001, 'model__max_epochs': 500, 'model__module__d_model': 96, 'model__module__dim_feedforward': 256, 'model__module__dropout': 0.25, 'model__module__nhead': 4, 'model__module__num_layers': 2, 'model__module__patch_size': 32, 'model__optimizer__weight_decay': 0.0001}",0.9794721407624634,0.8526315789473684,0.8546365914786966,0.7181818181818183,0.6666666666666667,0.8143177592074027,0.11082643281362936,199,0.8338557993730407,0.873992673992674,0.8718122626153011,0.8868347772277227,0.918499990525458,0.8769991007468393,0.027262981235789387
206,4.472116088867187,0.7155628090467167,0.0262697696685791,0.0020761026912603873,128,10,0.0001,500,96,256,0.25,4,3,16,0.0001,"{'model__batch_size': 128, 'model__callbacks__early_stopping__patience': 10, 'model__lr': 0.0001, 'model__max_epochs': 500, 'model__module__d_model': 96, 'model__module__dim_feedforward': 256, 'model__module__dropout': 0.25, 'model__module__nhead': 4, 'model__module__num_layers': 3, 'model__module__patch_size': 16, 'model__optimizer__weight_decay': 0.0001}",1.0,0.8674242424242424,0.894927536231884,0.7329888027562446,0.6822033898305084,0.8355087942485759,0.11455953489785548,72,0.8544535141379899,0.8819172838478821,0.8685765941172381,0.9074102722772277,0.9133561643835616,0.8851427657527798,0.022443304792158687
207,2.892955255508423,0.3936205224265065,0.023240280151367188,0.0022358592237374636,128,10,0.0001,500,96,256,0.25,4,3,32,0.0001,"{'model__batch_size': 128, 'model__callbacks__early_stopping__patience': 10, 'model__lr': 0.0001, 'model__max_epochs': 500, 'model__module__d_model': 96, 'model__module__dim_feedforward': 256, 'model__module__dropout': 0.25, 'model__module__nhead': 4, 'model__module__num_layers': 3, 'model__module__patch_size': 32, 'model__optimizer__weight_decay': 0.0001}",1.0,0.8526315789473684,0.8317214700193424,0.7047619047619047,0.5833333333333334,0.7944896574123897,0.14116604026078078,273,0.8349816849816849,0.8879165890895551,0.8748691189344135,0.8632985452245414,0.9044994715385777,0.8731130819537546,0.023484724851775753
208,4.330931329727173,1.2587112260188544,0.024844551086425783,0.0023484460839236334,128,10,0.0001,500,96,384,0.1,4,2,16,0.0001,"{'model__batch_size': 128, 'model__callbacks__early_stopping__patience': 10, 'model__lr': 0.0001, 'model__max_epochs': 500, 'model__module__d_model': 96, 'model__module__dim_feedforward': 384, 'model__module__dropout': 0.1, 'model__module__nhead': 4, 'model__module__num_layers': 2, 'model__module__patch_size': 16, 'model__optimizer__weight_decay': 0.0001}",1.0,0.8526315789473684,0.9186535764375876,0.7685902957220787,0.6950393060449986,0.8469829514304067,0.1075314674657662,20,0.841743804120633,0.9110344827586206,0.8718122626153011,0.9006584766584766,0.9178336039736364,0.8886165260253336,0.02821576272402696
209,2.804584836959839,0.44838959613108037,0.023363065719604493,0.0018927150808941166,128,10,0.0001,500,96,384,0.1,4,2,32,0.0001,"{'model__batch_size': 128, 'model__callbacks__early_stopping__patience': 10, 'model__lr': 0.0001, 'model__max_epochs': 500, 'model__module__d_model': 96, 'model__module__dim_feedforward': 384, 'model__module__dropout': 0.1, 'model__module__nhead': 4, 'model__module__num_layers': 2, 'model__module__patch_size': 32, 'model__optimizer__weight_decay': 0.0001}",1.0,0.9352451433857539,0.81875,0.7839721254355401,0.625,0.8325934537642589,0.1297790722197326,91,0.8379029936672424,0.8914141414141414,0.8850848669538127,0.8995368437791957,0.9089117541166885,0.8845701199862163,0.024663512506756684
210,5.226568031311035,2.8971605903805373,0.026756906509399415,0.0022503684211742864,128,10,0.0001,500,96,384,0.1,4,3,16,0.0001,"{'model__batch_size': 128, 'model__callbacks__early_stopping__patience': 10, 'model__lr': 0.0001, 'model__max_epochs': 500, 'model__module__d_model': 96, 'model__module__dim_feedforward': 384, 'model__module__dropout': 0.1, 'model__module__nhead': 4, 'model__module__num_layers': 3, 'model__module__patch_size': 16, 'model__optimizer__weight_decay': 0.0001}",1.0,0.8674242424242424,0.9186535764375876,0.7479674796747967,0.6822033898305084,0.843249737673427,0.11476534769923197,39,0.8390954755377285,0.9892652076225348,0.8620774691303659,0.9168035030103996,0.9133561643835616,0.904119563936918,0.05194544743235441
211,2.7117326736450194,0.6253730267982065,0.02353978157043457,0.0021221706645053527,128,10,0.0001,500,96,384,0.1,4,3,32,0.0001,"{'model__batch_size': 128, 'model__callbacks__early_stopping__patience': 10, 'model__lr': 0.0001, 'model__max_epochs': 500, 'model__module__d_model': 96, 'model__module__dim_feedforward': 384, 'model__module__dropout': 0.1, 'model__module__nhead': 4, 'model__module__num_layers': 3, 'model__module__patch_size': 32, 'model__optimizer__weight_decay': 0.0001}",0.9597186700767264,0.8825221769359866,0.894927536231884,0.7267117249485748,0.6950393060449986,0.831783882847634,0.10263336970357766,95,0.8366185770402861,0.9180831022585356,0.8828125,0.8662805895718968,0.9126381215469613,0.883286578083536,0.030131849976417806
212,4.380721855163574,1.891323257352004,0.02398209571838379,0.002292532665741177,128,10,0.0001,500,96,384,0.25,4,2,16,0.0001,"{'model__batch_size': 128, 'model__callbacks__early_stopping__patience': 10, 'model__lr': 0.0001, 'model__max_epochs': 500, 'model__module__d_model': 96, 'model__module__dim_feedforward': 384, 'model__module__dropout': 0.25, 'model__module__nhead': 4, 'model__module__num_layers': 2, 'model__module__patch_size': 16, 'model__optimizer__weight_decay': 0.0001}",1.0,0.8674242424242424,0.9439071566731141,0.7839721254355401,0.6822033898305084,0.8555013828726811,0.11312489985392322,2,0.8293436861763785,0.9412896419040526,0.8674242424242424,0.9111154791154792,0.918499990525458,0.8935346080291222,0.04003779777176746
213,2.8251648426055906,0.39834318373239314,0.02336721420288086,0.0020000865476659125,128,10,0.0001,500,96,384,0.25,4,2,32,0.0001,"{'model__batch_size': 128, 'model__callbacks__early_stopping__patience': 10, 'model__lr': 0.0001, 'model__max_epochs': 500, 'model__module__d_model': 96, 'model__module__dim_feedforward': 384, 'model__module__dropout': 0.25, 'model__module__nhead': 4, 'model__module__num_layers': 2, 'model__module__patch_size': 32, 'model__optimizer__weight_decay': 0.0001}",1.0,0.834280303030303,0.8101916783543712,0.6902732882750514,0.613716454323665,0.7896923447966782,0.13227946277506022,277,0.8338557993730407,0.9054945054945055,0.8992810634834509,0.8971225247524752,0.8993235177079189,0.8870154821622782,0.026726431529946044
214,5.016549730300904,2.069571177338078,0.026019954681396486,0.0023933383198258143,128,10,0.0001,500,96,384,0.25,4,3,16,0.0001,"{'model__batch_size': 128, 'model__callbacks__early_stopping__patience': 10, 'model__lr': 0.0001, 'model__max_epochs': 500, 'model__module__d_model': 96, 'model__module__dim_feedforward': 384, 'model__module__dropout': 0.25, 'model__module__nhead': 4, 'model__module__num_layers': 3, 'model__module__patch_size': 16, 'model__optimizer__weight_decay': 0.0001}",1.0,0.8674242424242424,0.9186535764375876,0.7479674796747967,0.6822033898305084,0.843249737673427,0.11476534769923197,39,0.8486751941525811,0.9248564533577432,0.8615384615384616,0.9120832118207447,0.9089117541166885,0.8912130149972437,0.030234869775731792
215,2.743621063232422,0.7104327184423893,0.023829126358032228,0.002552471028765477,128,10,0.0001,500,96,384,0.25,4,3,32,0.0001,"{'model__batch_size': 128, 'model__callbacks__early_stopping__patience': 10, 'model__lr': 0.0001, 'model__max_epochs': 500, 'model__module__d_model': 96, 'model__module__dim_feedforward': 384, 'model__module__dropout': 0.25, 'model__module__nhead': 4, 'model__module__num_layers': 3, 'model__module__patch_size': 32, 'model__optimizer__weight_decay': 0.0001}",0.9597186700767264,0.8674242424242424,0.8878143133462283,0.7479674796747967,0.6950393060449986,0.8315928023133985,0.09643758636846064,98,0.8366185770402861,0.9082330787739303,0.88,0.8765470297029703,0.9133561643835616,0.8829509699801497,0.027422874328564394
216,4.012108993530274,0.4922353792811678,0.023897790908813478,0.0027008216495094726,128,10,0.0001,500,128,128,0.1,4,2,16,0.0001,"{'model__batch_size': 128, 'model__callbacks__early_stopping__patience': 10, 'model__lr': 0.0001, 'model__max_epochs': 500, 'model__module__d_model': 128, 'model__module__dim_feedforward': 128, 'model__module__dropout': 0.1, 'model__module__nhead': 4, 'model__module__num_layers': 2, 'model__module__patch_size': 16, 'model__optimizer__weight_decay': 0.0001}",0.9794721407624634,0.8878975062914665,0.9439071566731141,0.7194570135746606,0.592074592074592,0.8245616818752592,0.14652594139224123,134,0.8572649096413514,0.9071608492263403,0.8850848669538127,0.9064039408866995,0.918499990525458,0.8948829114467323,0.021690385129831957
217,2.3629284381866453,0.2601848719776261,0.02221512794494629,0.002214421397315515,128,10,0.0001,500,128,128,0.1,4,2,32,0.0001,"{'model__batch_size': 128, 'model__callbacks__early_stopping__patience': 10, 'model__lr': 0.0001, 'model__max_epochs': 500, 'model__module__d_model': 128, 'model__module__dim_feedforward': 128, 'model__module__dropout': 0.1, 'model__module__nhead': 4, 'model__module__num_layers': 2, 'model__module__patch_size': 32, 'model__optimizer__weight_decay': 0.0001}",1.0,0.8704902867715079,0.8215384615384616,0.6820512820512821,0.6697746697746698,0.8087709400271843,0.12322229961156657,223,0.8557064033686657,0.9044601711652402,0.8546531189018236,0.9006584766584766,0.9133561643835616,0.8857668668955535,0.025314287599696627
218,4.726477575302124,0.7678392489242778,0.024925661087036134,0.0021967498259570064,128,10,0.0001,500,128,128,0.1,4,3,16,0.0001,"{'model__batch_size': 128, 'model__callbacks__early_stopping__patience': 10, 'model__lr': 0.0001, 'model__max_epochs': 500, 'model__module__d_model': 128, 'model__module__dim_feedforward': 128, 'model__module__dropout': 0.1, 'model__module__nhead': 4, 'model__module__num_layers': 3, 'model__module__patch_size': 16, 'model__optimizer__weight_decay': 0.0001}",0.9794721407624634,0.834280303030303,0.9186535764375876,0.7685902957220787,0.6666666666666667,0.83353259652382,0.1100965320431112,83,0.8268476840423987,0.8962385961941451,0.8707692307692307,0.9120832118207447,0.9241947565543072,0.8860266958761652,0.03456868950456527
219,2.6341139316558837,0.517766600778939,0.023290109634399415,0.0027354768643816445,128,10,0.0001,500,128,128,0.1,4,3,32,0.0001,"{'model__batch_size': 128, 'model__callbacks__early_stopping__patience': 10, 'model__lr': 0.0001, 'model__max_epochs': 500, 'model__module__d_model': 128, 'model__module__dim_feedforward': 128, 'model__module__dropout': 0.1, 'model__module__nhead': 4, 'model__module__num_layers': 3, 'model__module__patch_size': 32, 'model__optimizer__weight_decay': 0.0001}",1.0,0.8381128584643849,0.8878143133462283,0.7047619047619047,0.6950393060449986,0.8251456765235033,0.11496909187235362,131,0.8605263157894737,0.9622136206716183,0.8534997287032013,0.8856048166392994,0.9021049373162049,0.8927898838239594,0.03883994016893843
220,4.31903486251831,0.9912304260706684,0.023706722259521484,0.0027144125773279864,128,10,0.0001,500,128,128,0.25,4,2,16,0.0001,"{'model__batch_size': 128, 'model__callbacks__early_stopping__patience': 10, 'model__lr': 0.0001, 'model__max_epochs': 500, 'model__module__d_model': 128, 'model__module__dim_feedforward': 128, 'model__module__dropout': 0.25, 'model__module__nhead': 4, 'model__module__num_layers': 2, 'model__module__patch_size': 16, 'model__optimizer__weight_decay': 0.0001}",1.0,0.8489570846319827,0.9186535764375876,0.7119628339140535,0.642478813559322,0.8244104617085892,0.13119419264821477,136,0.8543956043956045,0.9348484848484848,0.8728214790390956,0.9074102722772277,0.9191434963247044,0.8977238673770234,0.02976014611680976
221,2.634602975845337,0.23581260326115738,0.022750997543334962,0.0026862799019300616,128,10,0.0001,500,128,128,0.25,4,2,32,0.0001,"{'model__batch_size': 128, 'model__callbacks__early_stopping__patience': 10, 'model__lr': 0.0001, 'model__max_epochs': 500, 'model__module__d_model': 128, 'model__module__dim_feedforward': 128, 'model__module__dropout': 0.25, 'model__module__nhead': 4, 'model__module__num_layers': 2, 'model__module__patch_size': 32, 'model__optimizer__weight_decay': 0.0001}",0.9794721407624634,0.834280303030303,0.912781954887218,0.7568627450980392,0.6543778801843317,0.827555004792471,0.11434630814190148,117,0.8080459129659553,0.9190291871534679,0.8728214790390956,0.9120832118207447,0.9381685560130093,0.8900296693984545,0.04617822279410793
222,4.933569383621216,0.6146692645023019,0.025727510452270508,0.0024433555122967397,128,10,0.0001,500,128,128,0.25,4,3,16,0.0001,"{'model__batch_size': 128, 'model__callbacks__early_stopping__patience': 10, 'model__lr': 0.0001, 'model__max_epochs': 500, 'model__module__d_model': 128, 'model__module__dim_feedforward': 128, 'model__module__dropout': 0.25, 'model__module__nhead': 4, 'model__module__num_layers': 3, 'model__module__patch_size': 16, 'model__optimizer__weight_decay': 0.0001}",1.0,0.8704902867715079,0.9186535764375876,0.7839721254355401,0.6666666666666667,0.8479565310622604,0.11452779393122345,17,0.8390954755377285,0.9011157482326888,0.8647836538461539,0.8868347772277227,0.9326103500761035,0.8848880009840794,0.03176694030581318
223,2.606233501434326,0.2577552604490568,0.02352252006530762,0.0025557766315704865,128,10,0.0001,500,128,128,0.25,4,3,32,0.0001,"{'model__batch_size': 128, 'model__callbacks__early_stopping__patience': 10, 'model__lr': 0.0001, 'model__max_epochs': 500, 'model__module__d_model': 128, 'model__module__dim_feedforward': 128, 'model__module__dropout': 0.25, 'model__module__nhead': 4, 'model__module__num_layers': 3, 'model__module__patch_size': 32, 'model__optimizer__weight_decay': 0.0001}",1.0,0.834280303030303,0.8725274725274725,0.7047619047619047,0.7086247086247086,0.8240388777888779,0.11042261894995027,139,0.8379029936672424,0.8974369703943927,0.8546531189018236,0.8810537571692427,0.9126381215469613,0.8767369923359325,0.02731955910086175
224,3.5450775623321533,0.5191498301167309,0.023874759674072266,0.002437977278066582,128,10,0.0001,500,128,256,0.1,4,2,16,0.0001,"{'model__batch_size': 128, 'model__callbacks__early_stopping__patience': 10, 'model__lr': 0.0001, 'model__max_epochs': 500, 'model__module__d_model': 128, 'model__module__dim_feedforward': 256, 'model__module__dropout': 0.1, 'model__module__nhead': 4, 'model__module__num_layers': 2, 'model__module__patch_size': 16, 'model__optimizer__weight_decay': 0.0001}",0.9794721407624634,0.8526315789473684,0.9439071566731141,0.7479674796747967,0.625,0.8297956712115486,0.13006388830936427,107,0.8390954755377285,0.8962385961941451,0.88,0.9027833881547309,0.9081669691470053,0.8852568858067219,0.02494457380936378
225,2.6543152809143065,0.2588353879021163,0.02266521453857422,0.002550897892215235,128,10,0.0001,500,128,256,0.1,4,2,32,0.0001,"{'model__batch_size': 128, 'model__callbacks__early_stopping__patience': 10, 'model__lr': 0.0001, 'model__max_epochs': 500, 'model__module__d_model': 128, 'model__module__dim_feedforward': 256, 'model__module__dropout': 0.1, 'model__module__nhead': 4, 'model__module__num_layers': 2, 'model__module__patch_size': 32, 'model__optimizer__weight_decay': 0.0001}",0.9794721407624634,0.8704902867715079,0.9709273182957393,0.7416666666666667,0.592074592074592,0.8309262009141939,0.14713862953185577,103,0.8635015363847889,0.9150757077024358,0.8728214790390956,0.9185610409491006,0.91404952438472,0.8968018576920281,0.02361714468797331
226,4.079392623901367,0.5003305228644531,0.025761222839355467,0.0026993942041066772,128,10,0.0001,500,128,256,0.1,4,3,16,0.0001,"{'model__batch_size': 128, 'model__callbacks__early_stopping__patience': 10, 'model__lr': 0.0001, 'model__max_epochs': 500, 'model__module__d_model': 128, 'model__module__dim_feedforward': 256, 'model__module__dropout': 0.1, 'model__module__nhead': 4, 'model__module__num_layers': 3, 'model__module__patch_size': 16, 'model__optimizer__weight_decay': 0.0001}",1.0,0.8853801169590643,0.894927536231884,0.7534090909090909,0.6926229508196722,0.8452679389839423,0.10932119054265868,30,0.8446886446886447,0.88531634316195,0.8718122626153011,0.901740060270244,0.8949494186924354,0.8797013458857151,0.020188430996077287
227,2.8845681667327883,0.2773398408447488,0.023703861236572265,0.002820268145680623,128,10,0.0001,500,128,256,0.1,4,3,32,0.0001,"{'model__batch_size': 128, 'model__callbacks__early_stopping__patience': 10, 'model__lr': 0.0001, 'model__max_epochs': 500, 'model__module__d_model': 128, 'model__module__dim_feedforward': 256, 'model__module__dropout': 0.1, 'model__module__nhead': 4, 'model__module__num_layers': 3, 'model__module__patch_size': 32, 'model__optimizer__weight_decay': 0.0001}",0.9794721407624634,0.8153919923279789,0.8725274725274725,0.7416666666666667,0.6957403651115619,0.8209597274792287,0.09978346092789109,160,0.9038042689124437,0.9131313131313131,0.8598858329008823,0.8971225247524752,0.9331496300770044,0.9014187139548238,0.02405478887947684
228,3.831555891036987,0.26524502009204726,0.02406139373779297,0.0018048074184363935,128,10,0.0001,500,128,256,0.25,4,2,16,0.0001,"{'model__batch_size': 128, 'model__callbacks__early_stopping__patience': 10, 'model__lr': 0.0001, 'model__max_epochs': 500, 'model__module__d_model': 128, 'model__module__dim_feedforward': 256, 'model__module__dropout': 0.25, 'model__module__nhead': 4, 'model__module__num_layers': 2, 'model__module__patch_size': 16, 'model__optimizer__weight_decay': 0.0001}",0.9794721407624634,0.8526315789473684,0.894927536231884,0.6820512820512821,0.613716454323665,0.8045597984633327,0.13601549190645348,235,0.8671087089764307,0.9092658102153541,0.8656001647814071,0.8971225247524752,0.9229832572298327,0.8924160931911,0.022803388745854455
229,2.5362762451171874,0.2182123058450734,0.0226895809173584,0.0022311351573488327,128,10,0.0001,500,128,256,0.25,4,2,32,0.0001,"{'model__batch_size': 128, 'model__callbacks__early_stopping__patience': 10, 'model__lr': 0.0001, 'model__max_epochs': 500, 'model__module__d_model': 128, 'model__module__dim_feedforward': 256, 'model__module__dropout': 0.25, 'model__module__nhead': 4, 'model__module__num_layers': 2, 'model__module__patch_size': 32, 'model__optimizer__weight_decay': 0.0001}",0.9406593406593406,0.8878975062914665,0.8791666666666667,0.6678571428571429,0.5833333333333334,0.7917827979615899,0.13989063580505426,276,0.8888767343069153,0.8819172838478821,0.8563312106284007,0.8738140417457305,0.918499990525458,0.8838878522108773,0.020433415551697937
230,4.037002038955689,0.42837231871540304,0.032746171951293944,0.012656084691261772,128,10,0.0001,500,128,256,0.25,4,3,16,0.0001,"{'model__batch_size': 128, 'model__callbacks__early_stopping__patience': 10, 'model__lr': 0.0001, 'model__max_epochs': 500, 'model__module__d_model': 128, 'model__module__dim_feedforward': 256, 'model__module__dropout': 0.25, 'model__module__nhead': 4, 'model__module__num_layers': 3, 'model__module__patch_size': 16, 'model__optimizer__weight_decay': 0.0001}",1.0,0.8704902867715079,0.894927536231884,0.7534090909090909,0.6822033898305084,0.8402060607485982,0.11130519775547387,52,0.8338557993730407,0.9022727272727273,0.8718122626153011,0.901740060270244,0.9081669691470053,0.8835695637356636,0.027909497022750265
231,2.862180805206299,0.2780677184546662,0.023328161239624022,0.0025024814964127325,128,10,0.0001,500,128,256,0.25,4,3,32,0.0001,"{'model__batch_size': 128, 'model__callbacks__early_stopping__patience': 10, 'model__lr': 0.0001, 'model__max_epochs': 500, 'model__module__d_model': 128, 'model__module__dim_feedforward': 256, 'model__module__dropout': 0.25, 'model__module__nhead': 4, 'model__module__num_layers': 3, 'model__module__patch_size': 32, 'model__optimizer__weight_decay': 0.0001}",1.0,0.8526315789473684,0.9186535764375876,0.7329888027562446,0.7219279661016949,0.845240384848579,0.10695890353845762,31,0.8419797257006559,0.9018087855297157,0.886887306242145,0.9064039408866995,0.9381685560130093,0.895049662874445,0.031358847590963086
232,3.5951706409454345,0.20825717903742905,0.025117969512939452,0.0032387928421412295,128,10,0.0001,500,128,384,0.1,4,2,16,0.0001,"{'model__batch_size': 128, 'model__callbacks__early_stopping__patience': 10, 'model__lr': 0.0001, 'model__max_epochs': 500, 'model__module__d_model': 128, 'model__module__dim_feedforward': 384, 'model__module__dropout': 0.1, 'model__module__nhead': 4, 'model__module__num_layers': 2, 'model__module__patch_size': 16, 'model__optimizer__weight_decay': 0.0001}",1.0,0.8153919923279789,0.9186535764375876,0.6585067319461444,0.625,0.8035104601423422,0.1448442700846398,240,0.8695509489689875,0.866551724137931,0.8696911196911197,0.8868347772277227,0.91404952438472,0.8813356188820961,0.01785204025270506
233,2.710315704345703,0.8852382687459377,0.023498916625976564,0.002899185335124604,128,10,0.0001,500,128,384,0.1,4,2,32,0.0001,"{'model__batch_size': 128, 'model__callbacks__early_stopping__patience': 10, 'model__lr': 0.0001, 'model__max_epochs': 500, 'model__module__d_model': 128, 'model__module__dim_feedforward': 384, 'model__module__dropout': 0.1, 'model__module__nhead': 4, 'model__module__num_layers': 2, 'model__module__patch_size': 32, 'model__optimizer__weight_decay': 0.0001}",1.0,0.8558682223747426,0.912781954887218,0.6902732882750514,0.6543778801843317,0.8226602691442688,0.13154416876214733,150,0.8802876709853454,0.9785304152450695,0.8626559956592512,0.901740060270244,0.9191434963247044,0.9084715276969229,0.03990199004467393
234,4.852143144607544,1.728508131281435,0.02635049819946289,0.002473232966994054,128,10,0.0001,500,128,384,0.1,4,3,16,0.0001,"{'model__batch_size': 128, 'model__callbacks__early_stopping__patience': 10, 'model__lr': 0.0001, 'model__max_epochs': 500, 'model__module__d_model': 128, 'model__module__dim_feedforward': 384, 'model__module__dropout': 0.1, 'model__module__nhead': 4, 'model__module__num_layers': 3, 'model__module__patch_size': 16, 'model__optimizer__weight_decay': 0.0001}",0.9597186700767264,0.9028677150786308,0.894927536231884,0.6820512820512821,0.6366486178398404,0.8152427642556729,0.13002839868293609,191,0.8572649096413514,0.9565656565656566,0.8850848669538127,0.8868347772277227,0.9178336039736364,0.9007167628724358,0.033873926317174445
235,2.853149080276489,0.514639213473101,0.023848724365234376,0.0024503221050099096,128,10,0.0001,500,128,384,0.1,4,3,32,0.0001,"{'model__batch_size': 128, 'model__callbacks__early_stopping__patience': 10, 'model__lr': 0.0001, 'model__max_epochs': 500, 'model__module__d_model': 128, 'model__module__dim_feedforward': 384, 'model__module__dropout': 0.1, 'model__module__nhead': 4, 'model__module__num_layers': 3, 'model__module__patch_size': 32, 'model__optimizer__weight_decay': 0.0001}",1.0,0.8489570846319827,0.894927536231884,0.7785714285714285,0.7219279661016949,0.8488768031073979,0.09593513434733858,13,0.8419797257006559,0.9248564533577432,0.8926370203459474,0.905360531309298,0.9126381215469613,0.8954943704521211,0.028724076649121105
236,4.030996894836425,0.7252620687171328,0.024540472030639648,0.002546126199158582,128,10,0.0001,500,128,384,0.25,4,2,16,0.0001,"{'model__batch_size': 128, 'model__callbacks__early_stopping__patience': 10, 'model__lr': 0.0001, 'model__max_epochs': 500, 'model__module__d_model': 128, 'model__module__dim_feedforward': 384, 'model__module__dropout': 0.25, 'model__module__nhead': 4, 'model__module__num_layers': 2, 'model__module__patch_size': 16, 'model__optimizer__weight_decay': 0.0001}",0.9794721407624634,0.9028677150786308,0.9439071566731141,0.7119628339140535,0.613716454323665,0.8303852601503854,0.1423636664934272,105,0.8601688527061662,0.9131313131313131,0.88413807308742,0.8913969087197433,0.9229832572298327,0.894363680974895,0.022153804352214528
237,2.434974956512451,0.1994471988012022,0.022529220581054686,0.0022218357972646433,128,10,0.0001,500,128,384,0.25,4,2,32,0.0001,"{'model__batch_size': 128, 'model__callbacks__early_stopping__patience': 10, 'model__lr': 0.0001, 'model__max_epochs': 500, 'model__module__d_model': 128, 'model__module__dim_feedforward': 384, 'model__module__dropout': 0.25, 'model__module__nhead': 4, 'model__module__num_layers': 2, 'model__module__patch_size': 32, 'model__optimizer__weight_decay': 0.0001}",1.0,0.8878975062914665,0.8644226273959794,0.7119628339140535,0.6822033898305084,0.8292972714864015,0.117653032200609,110,0.8738095238095238,0.9022727272727273,0.8758916563101176,0.8856048166392994,0.9147191011235956,0.8904595650310527,0.01575495041376429
238,4.079270887374878,0.6521778516187674,0.02605409622192383,0.0025823085964693285,128,10,0.0001,500,128,384,0.25,4,3,16,0.0001,"{'model__batch_size': 128, 'model__callbacks__early_stopping__patience': 10, 'model__lr': 0.0001, 'model__max_epochs': 500, 'model__module__d_model': 128, 'model__module__dim_feedforward': 384, 'model__module__dropout': 0.25, 'model__module__nhead': 4, 'model__module__num_layers': 3, 'model__module__patch_size': 16, 'model__optimizer__weight_decay': 0.0001}",0.9794721407624634,0.8853801169590643,0.9186535764375876,0.7329888027562446,0.6822033898305084,0.8397396053491736,0.1131804273186488,54,0.8405622709620959,0.8974369703943927,0.8470622564753943,0.8868347772277227,0.9178336039736364,0.8779459758066483,0.02966910193837004
239,2.962107038497925,0.4038299020399931,0.023347091674804688,0.002060319902365834,128,10,0.0001,500,128,384,0.25,4,3,32,0.0001,"{'model__batch_size': 128, 'model__callbacks__early_stopping__patience': 10, 'model__lr': 0.0001, 'model__max_epochs': 500, 'model__module__d_model': 128, 'model__module__dim_feedforward': 384, 'model__module__dropout': 0.25, 'model__module__nhead': 4, 'model__module__num_layers': 3, 'model__module__patch_size': 32, 'model__optimizer__weight_decay': 0.0001}",1.0,0.8674242424242424,0.894927536231884,0.7568627450980392,0.7219279661016949,0.8482284979711722,0.09988332268828141,16,0.8718316166592028,0.9190291871534679,0.8597402597402597,0.8902014742014741,0.9029312461632903,0.888746756783539,0.021203020383839727
240,2.7168625354766847,0.551422711233865,0.024536991119384767,0.002086507499516498,128,10,0.0002,500,96,128,0.1,4,2,16,0.0001,"{'model__batch_size': 128, 'model__callbacks__early_stopping__patience': 10, 'model__lr': 0.0002, 'model__max_epochs': 500, 'model__module__d_model': 96, 'model__module__dim_feedforward': 128, 'model__module__dropout': 0.1, 'model__module__nhead': 4, 'model__module__num_layers': 2, 'model__module__patch_size': 16, 'model__optimizer__weight_decay': 0.0001}",1.0,0.8704902867715079,0.9186535764375876,0.7785714285714285,0.6666666666666667,0.8468763916894382,0.11514993069272676,23,0.8658227848101265,0.921183555904687,0.8644648699174327,0.9120832118207447,0.918499990525458,0.8964108825956897,0.02570375609721004
241,2.117117738723755,0.3601814823326761,0.022711801528930663,0.0023762292535361488,128,10,0.0002,500,96,128,0.1,4,2,32,0.0001,"{'model__batch_size': 128, 'model__callbacks__early_stopping__patience': 10, 'model__lr': 0.0002, 'model__max_epochs': 500, 'model__module__d_model': 96, 'model__module__dim_feedforward': 128, 'model__module__dropout': 0.1, 'model__module__nhead': 4, 'model__module__num_layers': 2, 'model__module__patch_size': 32, 'model__optimizer__weight_decay': 0.0001}",1.0,0.8153919923279789,0.9186535764375876,0.6446455505279034,0.6196754563894523,0.7996733151365845,0.14897449245651795,258,0.8324027393794835,0.9383021123953766,0.8707692307692307,0.8676616915422886,0.9336704119850188,0.8885612372142797,0.04102710249085515
242,3.1148415088653563,0.7823395923869739,0.025069236755371094,0.002450301549333679,128,10,0.0002,500,96,128,0.1,4,3,16,0.0001,"{'model__batch_size': 128, 'model__callbacks__early_stopping__patience': 10, 'model__lr': 0.0002, 'model__max_epochs': 500, 'model__module__d_model': 96, 'model__module__dim_feedforward': 128, 'model__module__dropout': 0.1, 'model__module__nhead': 4, 'model__module__num_layers': 3, 'model__module__patch_size': 16, 'model__optimizer__weight_decay': 0.0001}",0.9794721407624634,0.8526315789473684,0.9186535764375876,0.6678571428571429,0.6697746697746698,0.8176778217558465,0.12799753749959522,181,0.8338557993730407,0.9406214039125431,0.8662325713072405,0.9224263633712453,0.909630966480552,0.8945534208889242,0.03901990297852786
243,2.093305826187134,0.7499124770384062,0.022771024703979494,0.0020835024500406663,128,10,0.0002,500,96,128,0.1,4,3,32,0.0001,"{'model__batch_size': 128, 'model__callbacks__early_stopping__patience': 10, 'model__lr': 0.0002, 'model__max_epochs': 500, 'model__module__d_model': 96, 'model__module__dim_feedforward': 128, 'model__module__dropout': 0.1, 'model__module__nhead': 4, 'model__module__num_layers': 3, 'model__module__patch_size': 32, 'model__optimizer__weight_decay': 0.0001}",1.0,0.8299319727891157,0.9186535764375876,0.6538348516015281,0.6666666666666667,0.8138174134989796,0.13650056263737154,203,0.8557064033686657,0.9785304152450695,0.8728214790390956,0.9149140343862454,0.8957677902621723,0.9035480244602496,0.04253238402866957
244,2.7492891788482665,0.3064235225824497,0.023662900924682616,0.0021518817545285876,128,10,0.0002,500,96,128,0.25,4,2,16,0.0001,"{'model__batch_size': 128, 'model__callbacks__early_stopping__patience': 10, 'model__lr': 0.0002, 'model__max_epochs': 500, 'model__module__d_model': 96, 'model__module__dim_feedforward': 128, 'model__module__dropout': 0.25, 'model__module__nhead': 4, 'model__module__num_layers': 2, 'model__module__patch_size': 16, 'model__optimizer__weight_decay': 0.0001}",1.0,0.8878975062914665,0.894927536231884,0.6902732882750514,0.6666666666666667,0.8279529994930137,0.12856755958466323,116,0.8598880563000237,0.9082330787739303,0.8707692307692307,0.8992424242424242,0.9089117541166885,0.8894089088404595,0.020250070153096204
245,1.7826369285583497,0.24354169276177923,0.022416973114013673,0.0026610239403727907,128,10,0.0002,500,96,128,0.25,4,2,32,0.0001,"{'model__batch_size': 128, 'model__callbacks__early_stopping__patience': 10, 'model__lr': 0.0002, 'model__max_epochs': 500, 'model__module__d_model': 96, 'model__module__dim_feedforward': 128, 'model__module__dropout': 0.25, 'model__module__nhead': 4, 'model__module__num_layers': 2, 'model__module__patch_size': 32, 'model__optimizer__weight_decay': 0.0001}",1.0,0.8853801169590643,0.9186535764375876,0.6678571428571429,0.6086956521739131,0.8161172976855415,0.15108188994117996,186,0.8392908105022832,0.88531634316195,0.8677610579115367,0.877841561423651,0.9197649472996922,0.8779949440598225,0.02608103510921433
246,3.1485958099365234,0.6958147363958942,0.026259183883666992,0.0030430417986682464,128,10,0.0002,500,96,128,0.25,4,3,16,0.0001,"{'model__batch_size': 128, 'model__callbacks__early_stopping__patience': 10, 'model__lr': 0.0002, 'model__max_epochs': 500, 'model__module__d_model': 96, 'model__module__dim_feedforward': 128, 'model__module__dropout': 0.25, 'model__module__nhead': 4, 'model__module__num_layers': 3, 'model__module__patch_size': 16, 'model__optimizer__weight_decay': 0.0001}",0.9794721407624634,0.8381128584643849,0.9186535764375876,0.6973873097904105,0.7083333333333333,0.8283918437576359,0.11193137942655318,113,0.8379029936672424,0.9306150313411531,0.8632911392405064,0.8992424242424242,0.9037290715372908,0.8869561320057235,0.032571847451651675
247,1.9332855224609375,0.20747135678927878,0.022627496719360353,0.002135503565420158,128,10,0.0002,500,96,128,0.25,4,3,32,0.0001,"{'model__batch_size': 128, 'model__callbacks__early_stopping__patience': 10, 'model__lr': 0.0002, 'model__max_epochs': 500, 'model__module__d_model': 96, 'model__module__dim_feedforward': 128, 'model__module__dropout': 0.25, 'model__module__nhead': 4, 'model__module__num_layers': 3, 'model__module__patch_size': 32, 'model__optimizer__weight_decay': 0.0001}",1.0,0.8704902867715079,0.894927536231884,0.7329888027562446,0.6027542372881356,0.8202321726095544,0.13807954597658384,169,0.8212364856241681,0.8866408620148551,0.8483120243790327,0.8835354362186139,0.909630966480552,0.8698711549434444,0.031237494912309757
248,2.962652015686035,0.5365304091553024,0.024043512344360352,0.002577944888693067,128,10,0.0002,500,96,256,0.1,4,2,16,0.0001,"{'model__batch_size': 128, 'model__callbacks__early_stopping__patience': 10, 'model__lr': 0.0002, 'model__max_epochs': 500, 'model__module__d_model': 96, 'model__module__dim_feedforward': 256, 'model__module__dropout': 0.1, 'model__module__nhead': 4, 'model__module__num_layers': 2, 'model__module__patch_size': 16, 'model__optimizer__weight_decay': 0.0001}",1.0,0.9048913043478262,0.9186535764375876,0.7194570135746606,0.6822033898305084,0.8450410568381166,0.1227196699420937,34,0.8432416444838805,0.9180831022585356,0.8758916563101176,0.9215724815724815,0.91404952438472,0.894567681801947,0.030479279634741275
249,1.7457947254180908,0.12298522436115375,0.02211751937866211,0.0020441029391477456,128,10,0.0002,500,96,256,0.1,4,2,32,0.0001,"{'model__batch_size': 128, 'model__callbacks__early_stopping__patience': 10, 'model__lr': 0.0002, 'model__max_epochs': 500, 'model__module__d_model': 96, 'model__module__dim_feedforward': 256, 'model__module__dropout': 0.1, 'model__module__nhead': 4, 'model__module__num_layers': 2, 'model__module__patch_size': 32, 'model__optimizer__weight_decay': 0.0001}",0.9794721407624634,0.8526315789473684,0.8878143133462283,0.6902732882750514,0.6366486178398404,0.8093679878341904,0.12726076801600789,222,0.8738095238095238,0.866567367963756,0.8626559956592512,0.9064039408866995,0.9081669691470053,0.883520759493247,0.019738994876579284
250,3.0087355613708495,0.4547353861092955,0.025665760040283203,0.003289204571431388,128,10,0.0002,500,96,256,0.1,4,3,16,0.0001,"{'model__batch_size': 128, 'model__callbacks__early_stopping__patience': 10, 'model__lr': 0.0002, 'model__max_epochs': 500, 'model__module__d_model': 96, 'model__module__dim_feedforward': 256, 'model__module__dropout': 0.1, 'model__module__nhead': 4, 'model__module__num_layers': 3, 'model__module__patch_size': 16, 'model__optimizer__weight_decay': 0.0001}",1.0,0.8526315789473684,0.9186535764375876,0.6446455505279034,0.6950393060449986,0.8221940023915717,0.13381901048762224,156,0.8219617796357122,0.88531634316195,0.8696911196911197,0.8913969087197433,0.91404952438472,0.8764831351186491,0.03075837930423341
251,1.9646676540374757,0.1742154298125982,0.02273836135864258,0.002121827051478824,128,10,0.0002,500,96,256,0.1,4,3,32,0.0001,"{'model__batch_size': 128, 'model__callbacks__early_stopping__patience': 10, 'model__lr': 0.0002, 'model__max_epochs': 500, 'model__module__d_model': 96, 'model__module__dim_feedforward': 256, 'model__module__dropout': 0.1, 'model__module__nhead': 4, 'model__module__num_layers': 3, 'model__module__patch_size': 32, 'model__optimizer__weight_decay': 0.0001}",0.9597186700767264,0.834280303030303,0.8644226273959794,0.7181818181818183,0.642478813559322,0.8038164464488299,0.11159729423579832,239,0.8459546583522697,0.8914141414141414,0.8657962754324342,0.9074102722772277,0.8985003343203745,0.8818151363592894,0.02266373976195138
252,3.0341798782348635,0.851451232568615,0.02405853271484375,0.0023815043457695007,128,10,0.0002,500,96,256,0.25,4,2,16,0.0001,"{'model__batch_size': 128, 'model__callbacks__early_stopping__patience': 10, 'model__lr': 0.0002, 'model__max_epochs': 500, 'model__module__d_model': 96, 'model__module__dim_feedforward': 256, 'model__module__dropout': 0.25, 'model__module__nhead': 4, 'model__module__num_layers': 2, 'model__module__patch_size': 16, 'model__optimizer__weight_decay': 0.0001}",1.0,0.8381128584643849,0.9186535764375876,0.7047619047619047,0.6366486178398404,0.8196353915007435,0.13368431996538288,171,0.833444247264123,0.9463260381126737,0.8546531189018236,0.9037901429632027,0.9089117541166885,0.8894250602717022,0.04041471872627699
253,1.8836609840393066,0.29579636180542296,0.022585248947143553,0.002384183714865734,128,10,0.0002,500,96,256,0.25,4,2,32,0.0001,"{'model__batch_size': 128, 'model__callbacks__early_stopping__patience': 10, 'model__lr': 0.0002, 'model__max_epochs': 500, 'model__module__d_model': 96, 'model__module__dim_feedforward': 256, 'model__module__dropout': 0.25, 'model__module__nhead': 4, 'model__module__num_layers': 2, 'model__module__patch_size': 32, 'model__optimizer__weight_decay': 0.0001}",0.9597186700767264,0.9028677150786308,0.894927536231884,0.6902732882750514,0.613716454323665,0.8123007327971916,0.13497261057756116,208,0.8406325173340881,0.8866408620148551,0.8778382907415165,0.8856048166392994,0.918499990525458,0.8818432954510433,0.024880704475921802
254,2.9155230045318605,0.3843277025563572,0.0252988338470459,0.0025792804163482608,128,10,0.0002,500,96,256,0.25,4,3,16,0.0001,"{'model__batch_size': 128, 'model__callbacks__early_stopping__patience': 10, 'model__lr': 0.0002, 'model__max_epochs': 500, 'model__module__d_model': 96, 'model__module__dim_feedforward': 256, 'model__module__dropout': 0.25, 'model__module__nhead': 4, 'model__module__num_layers': 3, 'model__module__patch_size': 16, 'model__optimizer__weight_decay': 0.0001}",1.0,0.8381128584643849,0.894927536231884,0.7329888027562446,0.6950393060449986,0.8322137006995025,0.11025648496406298,93,0.8392908105022832,0.8785882352941177,0.8534997287032013,0.9064039408866995,0.9037290715372908,0.8763023573847185,0.026658468424754563
255,1.9519389629364015,0.1329166139594834,0.023248815536499025,0.002590305091116603,128,10,0.0002,500,96,256,0.25,4,3,32,0.0001,"{'model__batch_size': 128, 'model__callbacks__early_stopping__patience': 10, 'model__lr': 0.0002, 'model__max_epochs': 500, 'model__module__d_model': 96, 'model__module__dim_feedforward': 256, 'model__module__dropout': 0.25, 'model__module__nhead': 4, 'model__module__num_layers': 3, 'model__module__patch_size': 32, 'model__optimizer__weight_decay': 0.0001}",0.9597186700767264,0.834280303030303,0.894927536231884,0.7267117249485748,0.6196754563894523,0.8070627381353882,0.12110749838098678,228,0.8366185770402861,0.8926520762253474,0.8677610579115367,0.8948450347881087,0.8853993658462932,0.8754552223623143,0.021624374140254757
256,3.0283584594726562,1.0002292930425698,0.02409229278564453,0.002441413139914685,128,10,0.0002,500,96,384,0.1,4,2,16,0.0001,"{'model__batch_size': 128, 'model__callbacks__early_stopping__patience': 10, 'model__lr': 0.0002, 'model__max_epochs': 500, 'model__module__d_model': 96, 'model__module__dim_feedforward': 384, 'model__module__dropout': 0.1, 'model__module__nhead': 4, 'model__module__num_layers': 2, 'model__module__patch_size': 16, 'model__optimizer__weight_decay': 0.0001}",1.0,0.8526315789473684,0.894927536231884,0.7685902957220787,0.6793958392704474,0.8391090500343557,0.10923887986674548,59,0.8432416444838805,0.9575378538512178,0.8656001647814071,0.9176980198019802,0.9133561643835616,0.8994867694604094,0.04051111998891864
257,1.682219934463501,0.15503951667117893,0.022539138793945312,0.0025132315889388897,128,10,0.0002,500,96,384,0.1,4,2,32,0.0001,"{'model__batch_size': 128, 'model__callbacks__early_stopping__patience': 10, 'model__lr': 0.0002, 'model__max_epochs': 500, 'model__module__d_model': 96, 'model__module__dim_feedforward': 384, 'model__module__dropout': 0.1, 'model__module__nhead': 4, 'model__module__num_layers': 2, 'model__module__patch_size': 32, 'model__optimizer__weight_decay': 0.0001}",1.0,0.8825221769359866,0.8644226273959794,0.7631501616220981,0.592074592074592,0.8204339116057312,0.1367211371651992,168,0.8379029936672424,0.8819172838478821,0.860803911459979,0.8880214313050134,0.9001184366363995,0.8737528113833033,0.021992188429443997
258,3.7805942058563233,1.3928915248587703,0.025588130950927733,0.0020490352758917385,128,10,0.0002,500,96,384,0.1,4,3,16,0.0001,"{'model__batch_size': 128, 'model__callbacks__early_stopping__patience': 10, 'model__lr': 0.0002, 'model__max_epochs': 500, 'model__module__d_model': 96, 'model__module__dim_feedforward': 384, 'model__module__dropout': 0.1, 'model__module__nhead': 4, 'model__module__num_layers': 3, 'model__module__patch_size': 16, 'model__optimizer__weight_decay': 0.0001}",0.9597186700767264,0.9181286549707601,0.9186535764375876,0.7685902957220787,0.7086247086247086,0.8547431811663723,0.09787240456163739,3,0.8419797257006559,0.9281537176274017,0.8738121202679545,0.9168035030103996,0.9147191011235956,0.8950936335460014,0.03232162305106971
259,1.9268640518188476,0.5368093433187657,0.022934627532958985,0.0021911494028814156,128,10,0.0002,500,96,384,0.1,4,3,32,0.0001,"{'model__batch_size': 128, 'model__callbacks__early_stopping__patience': 10, 'model__lr': 0.0002, 'model__max_epochs': 500, 'model__module__d_model': 96, 'model__module__dim_feedforward': 384, 'model__module__dropout': 0.1, 'model__module__nhead': 4, 'model__module__num_layers': 3, 'model__module__patch_size': 32, 'model__optimizer__weight_decay': 0.0001}",0.9794721407624634,0.8102981029810298,0.894927536231884,0.7181818181818183,0.6926229508196722,0.8191005097953736,0.10744992839868885,174,0.8339598997493735,0.9281537176274017,0.8597402597402597,0.8948450347881087,0.8888336994937435,0.8811065222797774,0.03206623075650497
260,2.7030238628387453,0.33374690536373436,0.024008989334106445,0.002963916098316882,128,10,0.0002,500,96,384,0.25,4,2,16,0.0001,"{'model__batch_size': 128, 'model__callbacks__early_stopping__patience': 10, 'model__lr': 0.0002, 'model__max_epochs': 500, 'model__module__d_model': 96, 'model__module__dim_feedforward': 384, 'model__module__dropout': 0.25, 'model__module__nhead': 4, 'model__module__num_layers': 2, 'model__module__patch_size': 16, 'model__optimizer__weight_decay': 0.0001}",1.0,0.8704902867715079,0.9439071566731141,0.7181818181818183,0.6950393060449986,0.8455237135342877,0.12085286091165459,27,0.8375773109711929,0.9060471692050639,0.8523076923076922,0.913016715717391,0.8932243707796195,0.880434651796192,0.03003013939933595
261,1.8287399768829347,0.08274879014471524,0.022478199005126952,0.002129561136606,128,10,0.0002,500,96,384,0.25,4,2,32,0.0001,"{'model__batch_size': 128, 'model__callbacks__early_stopping__patience': 10, 'model__lr': 0.0002, 'model__max_epochs': 500, 'model__module__d_model': 96, 'model__module__dim_feedforward': 384, 'model__module__dropout': 0.25, 'model__module__nhead': 4, 'model__module__num_layers': 2, 'model__module__patch_size': 32, 'model__optimizer__weight_decay': 0.0001}",0.9597186700767264,0.8526315789473684,0.8644226273959794,0.7839721254355401,0.6543778801843317,0.8230245764079891,0.10123482655983432,145,0.8366185770402861,0.8926520762253474,0.8687892752408881,0.8936627895909082,0.9089117541166885,0.8801268944428238,0.025259390629852264
262,3.3094149112701414,0.40054163668913884,0.02611513137817383,0.002737944590634234,128,10,0.0002,500,96,384,0.25,4,3,16,0.0001,"{'model__batch_size': 128, 'model__callbacks__early_stopping__patience': 10, 'model__lr': 0.0002, 'model__max_epochs': 500, 'model__module__d_model': 96, 'model__module__dim_feedforward': 384, 'model__module__dropout': 0.25, 'model__module__nhead': 4, 'model__module__num_layers': 3, 'model__module__patch_size': 16, 'model__optimizer__weight_decay': 0.0001}",0.9794721407624634,0.8526315789473684,0.8878143133462283,0.7267117249485748,0.7083333333333333,0.8309926182675935,0.10164932183070514,101,0.8339598997493735,0.8681543309769184,0.8632911392405064,0.9074102722772277,0.905243445692884,0.8756118175873819,0.027682017939093858
263,2.1166922092437743,0.5181827954900592,0.023221397399902345,0.0021175095150821896,128,10,0.0002,500,96,384,0.25,4,3,32,0.0001,"{'model__batch_size': 128, 'model__callbacks__early_stopping__patience': 10, 'model__lr': 0.0002, 'model__max_epochs': 500, 'model__module__d_model': 96, 'model__module__dim_feedforward': 384, 'model__module__dropout': 0.25, 'model__module__nhead': 4, 'model__module__num_layers': 3, 'model__module__patch_size': 32, 'model__optimizer__weight_decay': 0.0001}",0.9794721407624634,0.8299319727891157,0.894927536231884,0.7035161744022503,0.6950393060449986,0.8205774260461425,0.10984182537088102,167,0.8312579595302109,0.9256912442396313,0.8845394736842105,0.9272030651340997,0.918499990525458,0.897438346622722,0.036534865798295325
264,2.6677661895751954,0.1533070631784285,0.023755502700805665,0.002476185838503866,128,10,0.0002,500,128,128,0.1,4,2,16,0.0001,"{'model__batch_size': 128, 'model__callbacks__early_stopping__patience': 10, 'model__lr': 0.0002, 'model__max_epochs': 500, 'model__module__d_model': 128, 'model__module__dim_feedforward': 128, 'model__module__dropout': 0.1, 'model__module__nhead': 4, 'model__module__num_layers': 2, 'model__module__patch_size': 16, 'model__optimizer__weight_decay': 0.0001}",1.0,0.8731884057971014,0.9439071566731141,0.6446455505279034,0.642478813559322,0.8208439853114882,0.15022741628277494,162,0.8601688527061662,0.9033868686028126,0.8850848669538127,0.8982013011863759,0.9235995772308622,0.8940882933360059,0.02100422029951729
265,1.791335391998291,0.26324408717758785,0.022237300872802734,0.002178734749978156,128,10,0.0002,500,128,128,0.1,4,2,32,0.0001,"{'model__batch_size': 128, 'model__callbacks__early_stopping__patience': 10, 'model__lr': 0.0002, 'model__max_epochs': 500, 'model__module__d_model': 128, 'model__module__dim_feedforward': 128, 'model__module__dropout': 0.1, 'model__module__nhead': 4, 'model__module__num_layers': 2, 'model__module__patch_size': 32, 'model__optimizer__weight_decay': 0.0001}",1.0,0.8198830409356725,0.8878143133462283,0.7047619047619047,0.5833333333333334,0.7991585184754277,0.14430376829352945,260,0.830899378293132,0.9626388630298517,0.8575052350227277,0.8936627895909082,0.9059619387451681,0.8901336409363575,0.04492951786059683
266,3.098257827758789,0.20263312539273776,0.02540273666381836,0.002557639715746083,128,10,0.0002,500,128,128,0.1,4,3,16,0.0001,"{'model__batch_size': 128, 'model__callbacks__early_stopping__patience': 10, 'model__lr': 0.0002, 'model__max_epochs': 500, 'model__module__d_model': 128, 'model__module__dim_feedforward': 128, 'model__module__dropout': 0.1, 'model__module__nhead': 4, 'model__module__num_layers': 3, 'model__module__patch_size': 16, 'model__optimizer__weight_decay': 0.0001}",1.0,0.8526315789473684,0.894927536231884,0.7267117249485748,0.6543778801843317,0.8257297440624318,0.12251383156981069,129,0.8557064033686657,0.8901286091474321,0.8747431904036054,0.9168035030103996,0.9286560261688568,0.8932075464197918,0.026721197248275947
267,2.1083454132080077,0.3672172960162573,0.023053455352783202,0.002378874476950493,128,10,0.0002,500,128,128,0.1,4,3,32,0.0001,"{'model__batch_size': 128, 'model__callbacks__early_stopping__patience': 10, 'model__lr': 0.0002, 'model__max_epochs': 500, 'model__module__d_model': 128, 'model__module__dim_feedforward': 128, 'model__module__dropout': 0.1, 'model__module__nhead': 4, 'model__module__num_layers': 3, 'model__module__patch_size': 32, 'model__optimizer__weight_decay': 0.0001}",0.9406593406593406,0.8558682223747426,0.8423913043478262,0.6820512820512821,0.6822033898305084,0.8006347078527399,0.10245902423234557,252,0.9377495889123796,0.9256912442396313,0.8883066740209598,0.8856048166392994,0.9044994715385777,0.9083703590701695,0.020488813335002864
268,2.6982705116271974,0.14676755971835967,0.023653745651245117,0.0021423138857558257,128,10,0.0002,500,128,128,0.25,4,2,16,0.0001,"{'model__batch_size': 128, 'model__callbacks__early_stopping__patience': 10, 'model__lr': 0.0002, 'model__max_epochs': 500, 'model__module__d_model': 128, 'model__module__dim_feedforward': 128, 'model__module__dropout': 0.25, 'model__module__nhead': 4, 'model__module__num_layers': 2, 'model__module__patch_size': 16, 'model__optimizer__weight_decay': 0.0001}",0.9794721407624634,0.8731884057971014,0.894927536231884,0.6678571428571429,0.6822033898305084,0.8195297230958201,0.12329538095836516,172,0.8543956043956045,0.8985911996524545,0.8819056591077317,0.9047619047619047,0.9280882269342277,0.8935485189703847,0.02454655568946386
269,1.7260987758636475,0.15601015171501756,0.021895074844360353,0.0019933429370236635,128,10,0.0002,500,128,128,0.25,4,2,32,0.0001,"{'model__batch_size': 128, 'model__callbacks__early_stopping__patience': 10, 'model__lr': 0.0002, 'model__max_epochs': 500, 'model__module__d_model': 128, 'model__module__dim_feedforward': 128, 'model__module__dropout': 0.25, 'model__module__nhead': 4, 'model__module__num_layers': 2, 'model__module__patch_size': 32, 'model__optimizer__weight_decay': 0.0001}",1.0,0.8558682223747426,0.8512820512820514,0.6446455505279034,0.5608899297423888,0.7825371507854173,0.1584518742148103,280,0.8569732297063903,0.8844932844932845,0.8467548076923077,0.8720834054667512,0.8897352812991492,0.8700080017315767,0.01621056810395148
270,3.182353162765503,0.6800232939077262,0.025078248977661134,0.0025421423650394985,128,10,0.0002,500,128,128,0.25,4,3,16,0.0001,"{'model__batch_size': 128, 'model__callbacks__early_stopping__patience': 10, 'model__lr': 0.0002, 'model__max_epochs': 500, 'model__module__d_model': 128, 'model__module__dim_feedforward': 128, 'model__module__dropout': 0.25, 'model__module__nhead': 4, 'model__module__num_layers': 3, 'model__module__patch_size': 16, 'model__optimizer__weight_decay': 0.0001}",1.0,0.9365942028985508,0.9186535764375876,0.6902732882750514,0.6832298136645962,0.8457501762551571,0.13262464477826585,25,0.8366185770402861,0.9141216609802779,0.8828125,0.8925500605920711,0.918499990525458,0.8889205578276187,0.029312172535853397
271,1.9546814441680909,0.11524427964486529,0.02347421646118164,0.0025839424852042866,128,10,0.0002,500,128,128,0.25,4,3,32,0.0001,"{'model__batch_size': 128, 'model__callbacks__early_stopping__patience': 10, 'model__lr': 0.0002, 'model__max_epochs': 500, 'model__module__d_model': 128, 'model__module__dim_feedforward': 128, 'model__module__dropout': 0.25, 'model__module__nhead': 4, 'model__module__num_layers': 3, 'model__module__patch_size': 32, 'model__optimizer__weight_decay': 0.0001}",1.0,0.8526315789473684,0.8310445276737412,0.6820512820512821,0.6697746697746698,0.8071004116894123,0.12194449825082355,227,0.8258467878012824,0.8772419785266554,0.8934210526315789,0.8603674540682416,0.9275002388002674,0.8768755023656052,0.03380295503690386
272,2.79406943321228,0.5540914502952577,0.023693609237670898,0.0021300408000417964,128,10,0.0002,500,128,256,0.1,4,2,16,0.0001,"{'model__batch_size': 128, 'model__callbacks__early_stopping__patience': 10, 'model__lr': 0.0002, 'model__max_epochs': 500, 'model__module__d_model': 128, 'model__module__dim_feedforward': 256, 'model__module__dropout': 0.1, 'model__module__nhead': 4, 'model__module__num_layers': 2, 'model__module__patch_size': 16, 'model__optimizer__weight_decay': 0.0001}",1.0,0.8526315789473684,0.894927536231884,0.6820512820512821,0.6309246309246309,0.8121070056310332,0.1367821646301285,210,0.9046488198042603,0.9190291871534679,0.8687892752408881,0.8971225247524752,0.9235995772308622,0.9026378768363907,0.01943326409813309
273,1.7304832935333252,0.19353271359648996,0.022346925735473634,0.0022352511781781304,128,10,0.0002,500,128,256,0.1,4,2,32,0.0001,"{'model__batch_size': 128, 'model__callbacks__early_stopping__patience': 10, 'model__lr': 0.0002, 'model__max_epochs': 500, 'model__module__d_model': 128, 'model__module__dim_feedforward': 256, 'model__module__dropout': 0.1, 'model__module__nhead': 4, 'model__module__num_layers': 2, 'model__module__patch_size': 32, 'model__optimizer__weight_decay': 0.0001}",0.9794721407624634,0.8704902867715079,0.8644226273959794,0.5820224719101124,0.6822033898305084,0.7957221833341143,0.14326768672806744,270,0.8471928567684216,0.9044601711652402,0.8644648699174327,0.8618500779040914,0.9331496300770044,0.882223521166438,0.031766433556993476
274,2.9445995807647707,0.23777860685172328,0.025647592544555665,0.002547680576351259,128,10,0.0002,500,128,256,0.1,4,3,16,0.0001,"{'model__batch_size': 128, 'model__callbacks__early_stopping__patience': 10, 'model__lr': 0.0002, 'model__max_epochs': 500, 'model__module__d_model': 128, 'model__module__dim_feedforward': 256, 'model__module__dropout': 0.1, 'model__module__nhead': 4, 'model__module__num_layers': 3, 'model__module__patch_size': 16, 'model__optimizer__weight_decay': 0.0001}",1.0,0.8153919923279789,0.894927536231884,0.7181818181818183,0.7086247086247086,0.8274252110732778,0.11002826755044672,118,0.8236468500443656,0.8758447536353176,0.8557692307692307,0.9083811710677383,0.9331496300770044,0.8793583271187313,0.038492568342094496
275,2.0626546859741213,0.25112486555520147,0.023143672943115236,0.0020671726306718988,128,10,0.0002,500,128,256,0.1,4,3,32,0.0001,"{'model__batch_size': 128, 'model__callbacks__early_stopping__patience': 10, 'model__lr': 0.0002, 'model__max_epochs': 500, 'model__module__d_model': 128, 'model__module__dim_feedforward': 256, 'model__module__dropout': 0.1, 'model__module__nhead': 4, 'model__module__num_layers': 3, 'model__module__patch_size': 32, 'model__optimizer__weight_decay': 0.0001}",1.0,0.7959183673469388,0.894927536231884,0.7119628339140535,0.6048009367681498,0.8015219348522052,0.13774580380594886,247,0.8471928567684216,0.9199404207782536,0.8951208390332877,0.8960043787629994,0.917143462598008,0.8950803915881942,0.026072481788754383
276,2.4513670921325685,0.15729066047405663,0.024063491821289064,0.0025172436437495794,128,10,0.0002,500,128,256,0.25,4,2,16,0.0001,"{'model__batch_size': 128, 'model__callbacks__early_stopping__patience': 10, 'model__lr': 0.0002, 'model__max_epochs': 500, 'model__module__d_model': 128, 'model__module__dim_feedforward': 256, 'model__module__dropout': 0.25, 'model__module__nhead': 4, 'model__module__num_layers': 2, 'model__module__patch_size': 16, 'model__optimizer__weight_decay': 0.0001}",0.9597186700767264,0.834280303030303,0.8725274725274725,0.7119628339140535,0.6950393060449986,0.8147057171187108,0.09963074457840124,197,0.8312579595302109,0.8825111135205466,0.8618333085722776,0.9002475061876547,0.9331496300770044,0.8817999035775388,0.034440578675164715
277,1.7668805122375488,0.17146896152818472,0.022380733489990236,0.0021685238293351326,128,10,0.0002,500,128,256,0.25,4,2,32,0.0001,"{'model__batch_size': 128, 'model__callbacks__early_stopping__patience': 10, 'model__lr': 0.0002, 'model__max_epochs': 500, 'model__module__d_model': 128, 'model__module__dim_feedforward': 256, 'model__module__dropout': 0.25, 'model__module__nhead': 4, 'model__module__num_layers': 2, 'model__module__patch_size': 32, 'model__optimizer__weight_decay': 0.0001}",0.9794721407624634,0.8381128584643849,0.8423913043478262,0.5947712418300654,0.625,0.775949509080948,0.14512861508829622,283,0.8557064033686657,0.8879165890895551,0.8603833425261996,0.8456837871287128,0.9280882269342277,0.8755556698094722,0.02976233912795275
278,2.849742555618286,0.309801420922098,0.025643682479858397,0.002495062323176021,128,10,0.0002,500,128,256,0.25,4,3,16,0.0001,"{'model__batch_size': 128, 'model__callbacks__early_stopping__patience': 10, 'model__lr': 0.0002, 'model__max_epochs': 500, 'model__module__d_model': 128, 'model__module__dim_feedforward': 256, 'model__module__dropout': 0.25, 'model__module__nhead': 4, 'model__module__num_layers': 3, 'model__module__patch_size': 16, 'model__optimizer__weight_decay': 0.0001}",1.0,0.8704902867715079,0.894927536231884,0.6902732882750514,0.6950393060449986,0.8301460834646883,0.12041003651221996,106,0.8364672571511543,0.8926520762253474,0.8657962754324342,0.8868347772277227,0.91404952438472,0.8791599820842757,0.026303903377375554
279,1.8784032344818116,0.2577431229364575,0.02297797203063965,0.002267404081529032,128,10,0.0002,500,128,256,0.25,4,3,32,0.0001,"{'model__batch_size': 128, 'model__callbacks__early_stopping__patience': 10, 'model__lr': 0.0002, 'model__max_epochs': 500, 'model__module__d_model': 128, 'model__module__dim_feedforward': 256, 'model__module__dropout': 0.25, 'model__module__nhead': 4, 'model__module__num_layers': 3, 'model__module__patch_size': 32, 'model__optimizer__weight_decay': 0.0001}",1.0,0.8153919923279789,0.894927536231884,0.7631501616220981,0.7219279661016949,0.8390795312567312,0.09906084474922135,60,0.853039041703638,0.8891457800511509,0.8597402597402597,0.8948450347881087,0.9280882269342277,0.884971668643477,0.0269453551560547
280,2.6068340301513673,0.17118216339666734,0.02401442527770996,0.0021223279667484498,128,10,0.0002,500,128,384,0.1,4,2,16,0.0001,"{'model__batch_size': 128, 'model__callbacks__early_stopping__patience': 10, 'model__lr': 0.0002, 'model__max_epochs': 500, 'model__module__d_model': 128, 'model__module__dim_feedforward': 384, 'model__module__dropout': 0.1, 'model__module__nhead': 4, 'model__module__num_layers': 2, 'model__module__patch_size': 16, 'model__optimizer__weight_decay': 0.0001}",1.0,0.8704902867715079,0.9439071566731141,0.6340478409443927,0.6666666666666667,0.8230223902111362,0.14720454808781952,146,0.8446741620930356,0.9239898989898989,0.8737980769230769,0.8960043787629994,0.9286560261688568,0.8934245085875734,0.031445036984769324
281,2.1731521129608153,0.7519619178999549,0.02258009910583496,0.0020411199804578695,128,10,0.0002,500,128,384,0.1,4,2,32,0.0001,"{'model__batch_size': 128, 'model__callbacks__early_stopping__patience': 10, 'model__lr': 0.0002, 'model__max_epochs': 500, 'model__module__d_model': 128, 'model__module__dim_feedforward': 384, 'model__module__dropout': 0.1, 'model__module__nhead': 4, 'model__module__num_layers': 2, 'model__module__patch_size': 32, 'model__optimizer__weight_decay': 0.0001}",0.9597186700767264,0.8381128584643849,0.8512820512820514,0.6820512820512821,0.6697746697746698,0.800187906329823,0.10996622435020485,255,0.9046488198042603,0.9838058374306935,0.9000740192450036,0.8948450347881087,0.9178336039736364,0.9202414630483405,0.03268351987537015
282,2.8299342155456544,0.35073356603893524,0.025959539413452148,0.002651408716683563,128,10,0.0002,500,128,384,0.1,4,3,16,0.0001,"{'model__batch_size': 128, 'model__callbacks__early_stopping__patience': 10, 'model__lr': 0.0002, 'model__max_epochs': 500, 'model__module__d_model': 128, 'model__module__dim_feedforward': 384, 'model__module__dropout': 0.1, 'model__module__nhead': 4, 'model__module__num_layers': 3, 'model__module__patch_size': 16, 'model__optimizer__weight_decay': 0.0001}",0.9794721407624634,0.834280303030303,0.9186535764375876,0.7047619047619047,0.7357007319056655,0.8345737313795848,0.10458684032099877,76,0.8474381116868164,0.8962385961941451,0.8534997287032013,0.9111154791154792,0.9089117541166885,0.8834407339632662,0.027463074377572838
283,1.9088078022003174,0.2201224243443384,0.02358107566833496,0.002420128488664886,128,10,0.0002,500,128,384,0.1,4,3,32,0.0001,"{'model__batch_size': 128, 'model__callbacks__early_stopping__patience': 10, 'model__lr': 0.0002, 'model__max_epochs': 500, 'model__module__d_model': 128, 'model__module__dim_feedforward': 384, 'model__module__dropout': 0.1, 'model__module__nhead': 4, 'model__module__num_layers': 3, 'model__module__patch_size': 32, 'model__optimizer__weight_decay': 0.0001}",1.0,0.8825221769359866,0.894927536231884,0.6477272727272727,0.7219279661016949,0.8294209903993675,0.1271026352118665,109,0.8471928567684216,0.9190291871534679,0.8756578947368421,0.8797444717444718,0.9089117541166885,0.8861072329039782,0.02556522375051748
284,2.826846218109131,0.4372586517262129,0.024436569213867186,0.0034272071935978693,128,10,0.0002,500,128,384,0.25,4,2,16,0.0001,"{'model__batch_size': 128, 'model__callbacks__early_stopping__patience': 10, 'model__lr': 0.0002, 'model__max_epochs': 500, 'model__module__d_model': 128, 'model__module__dim_feedforward': 384, 'model__module__dropout': 0.25, 'model__module__nhead': 4, 'model__module__num_layers': 2, 'model__module__patch_size': 16, 'model__optimizer__weight_decay': 0.0001}",1.0,0.8878975062914665,0.9186535764375876,0.6340478409443927,0.6666666666666667,0.8214531180680227,0.1447904405079849,159,0.8272824957283025,0.9239898989898989,0.8758916563101176,0.8823167330294113,0.9280882269342277,0.8875138021983915,0.03678772529493153
285,1.7068115234375,0.16232646845251092,0.022711753845214844,0.0023283995982414625,128,10,0.0002,500,128,384,0.25,4,2,32,0.0001,"{'model__batch_size': 128, 'model__callbacks__early_stopping__patience': 10, 'model__lr': 0.0002, 'model__max_epochs': 500, 'model__module__d_model': 128, 'model__module__dim_feedforward': 384, 'model__module__dropout': 0.25, 'model__module__nhead': 4, 'model__module__num_layers': 2, 'model__module__patch_size': 32, 'model__optimizer__weight_decay': 0.0001}",1.0,0.8153919923279789,0.8512820512820514,0.6964504283965729,0.6366486178398404,0.7999546179692887,0.1267067004911451,256,0.8515567120218284,0.8571671918916617,0.886887306242145,0.877841561423651,0.9229832572298327,0.8792872057618236,0.02540658035013149
286,3.047837018966675,0.28202127149012546,0.02582688331604004,0.0025352312602838828,128,10,0.0002,500,128,384,0.25,4,3,16,0.0001,"{'model__batch_size': 128, 'model__callbacks__early_stopping__patience': 10, 'model__lr': 0.0002, 'model__max_epochs': 500, 'model__module__d_model': 128, 'model__module__dim_feedforward': 384, 'model__module__dropout': 0.25, 'model__module__nhead': 4, 'model__module__num_layers': 3, 'model__module__patch_size': 16, 'model__optimizer__weight_decay': 0.0001}",1.0,0.8526315789473684,0.9186535764375876,0.6678571428571429,0.7086247086247086,0.8295534013733615,0.12513426006337786,108,0.8364672571511543,0.8758447536353176,0.8568493604612633,0.8902014742014741,0.905243445692884,0.8729212582284186,0.024244902904885887
287,1.8988767623901368,0.303178918393419,0.023801422119140624,0.002019634687560611,128,10,0.0002,500,128,384,0.25,4,3,32,0.0001,"{'model__batch_size': 128, 'model__callbacks__early_stopping__patience': 10, 'model__lr': 0.0002, 'model__max_epochs': 500, 'model__module__d_model': 128, 'model__module__dim_feedforward': 384, 'model__module__dropout': 0.25, 'model__module__nhead': 4, 'model__module__num_layers': 3, 'model__module__patch_size': 32, 'model__optimizer__weight_decay': 0.0001}",1.0,0.8526315789473684,0.8644226273959794,0.7194570135746606,0.6793958392704474,0.8231814118376912,0.11425060612245624,141,0.8392908105022832,0.8891457800511509,0.8495212038303693,0.876978142406145,0.9089117541166885,0.8727695381813273,0.025508679609575712
